Orthogroup	Species Tree Node	Gene Tree Node	Support	Type	Genes 1	Genes 2
OG0000000	N0	n0	1.0	Non-Terminal	DC3000_protein_12_2025_WP_011104418.1, plate25_C2_annotation_DAKCFMEO_01003	plate25_C2_annotation_DAKCFMEO_01033, DC3000_protein_12_2025_WP_005617775.1, plate25_C2_annotation_DAKCFMEO_01007, plate25_C2_annotation_DAKCFMEO_00584, plate25_C2_annotation_DAKCFMEO_04422, plate25_C2_annotation_DAKCFMEO_01000, DC3000_protein_12_2025_WP_011104428.1, plate25_C2_annotation_DAKCFMEO_02366, DC3000_protein_12_2025_WP_007245106.1, DC3000_protein_12_2025_WP_011104375.1, plate25_C2_annotation_DAKCFMEO_00100, plate25_C2_annotation_DAKCFMEO_04017, DC3000_protein_12_2025_WP_011104172.1, plate25_C2_annotation_DAKCFMEO_03733, plate25_C2_annotation_DAKCFMEO_03941, DC3000_protein_12_2025_WP_011104285.1, plate25_C2_annotation_DAKCFMEO_05214, plate25_C2_annotation_DAKCFMEO_04989, DC3000_protein_12_2025_WP_011104037.1, plate25_C2_annotation_DAKCFMEO_02415, DC3000_protein_12_2025_WP_011104938.1, plate25_C2_annotation_DAKCFMEO_00021, DC3000_protein_12_2025_WP_011103634.1
OG0000000	N0	n2	1.0	Non-Terminal	plate25_C2_annotation_DAKCFMEO_01033, DC3000_protein_12_2025_WP_005617775.1	plate25_C2_annotation_DAKCFMEO_01007, plate25_C2_annotation_DAKCFMEO_00584, plate25_C2_annotation_DAKCFMEO_04422, plate25_C2_annotation_DAKCFMEO_01000, DC3000_protein_12_2025_WP_011104428.1, plate25_C2_annotation_DAKCFMEO_02366, DC3000_protein_12_2025_WP_007245106.1, DC3000_protein_12_2025_WP_011104375.1, plate25_C2_annotation_DAKCFMEO_00100, plate25_C2_annotation_DAKCFMEO_04017, DC3000_protein_12_2025_WP_011104172.1, plate25_C2_annotation_DAKCFMEO_03733, plate25_C2_annotation_DAKCFMEO_03941, DC3000_protein_12_2025_WP_011104285.1, plate25_C2_annotation_DAKCFMEO_05214, plate25_C2_annotation_DAKCFMEO_04989, DC3000_protein_12_2025_WP_011104037.1, plate25_C2_annotation_DAKCFMEO_02415, DC3000_protein_12_2025_WP_011104938.1, plate25_C2_annotation_DAKCFMEO_00021, DC3000_protein_12_2025_WP_011103634.1
OG0000000	N0	n4	0.5	Non-Terminal	plate25_C2_annotation_DAKCFMEO_01007, plate25_C2_annotation_DAKCFMEO_00584	plate25_C2_annotation_DAKCFMEO_04422, plate25_C2_annotation_DAKCFMEO_01000, DC3000_protein_12_2025_WP_011104428.1, plate25_C2_annotation_DAKCFMEO_02366, DC3000_protein_12_2025_WP_007245106.1, DC3000_protein_12_2025_WP_011104375.1, plate25_C2_annotation_DAKCFMEO_00100, plate25_C2_annotation_DAKCFMEO_04017, DC3000_protein_12_2025_WP_011104172.1, plate25_C2_annotation_DAKCFMEO_03733, plate25_C2_annotation_DAKCFMEO_03941, DC3000_protein_12_2025_WP_011104285.1, plate25_C2_annotation_DAKCFMEO_05214, plate25_C2_annotation_DAKCFMEO_04989, DC3000_protein_12_2025_WP_011104037.1, plate25_C2_annotation_DAKCFMEO_02415, DC3000_protein_12_2025_WP_011104938.1, plate25_C2_annotation_DAKCFMEO_00021, DC3000_protein_12_2025_WP_011103634.1
OG0000000	plate25.C2.annotation	n5	1.0	Terminal	plate25_C2_annotation_DAKCFMEO_01007	plate25_C2_annotation_DAKCFMEO_00584
OG0000000	N0	n6	1.0	Non-Terminal	plate25_C2_annotation_DAKCFMEO_04422, plate25_C2_annotation_DAKCFMEO_01000, DC3000_protein_12_2025_WP_011104428.1	plate25_C2_annotation_DAKCFMEO_02366, DC3000_protein_12_2025_WP_007245106.1, DC3000_protein_12_2025_WP_011104375.1, plate25_C2_annotation_DAKCFMEO_00100, plate25_C2_annotation_DAKCFMEO_04017, DC3000_protein_12_2025_WP_011104172.1, plate25_C2_annotation_DAKCFMEO_03733, plate25_C2_annotation_DAKCFMEO_03941, DC3000_protein_12_2025_WP_011104285.1, plate25_C2_annotation_DAKCFMEO_05214, plate25_C2_annotation_DAKCFMEO_04989, DC3000_protein_12_2025_WP_011104037.1, plate25_C2_annotation_DAKCFMEO_02415, DC3000_protein_12_2025_WP_011104938.1, plate25_C2_annotation_DAKCFMEO_00021, DC3000_protein_12_2025_WP_011103634.1
OG0000000	plate25.C2.annotation	n8	1.0	Terminal	plate25_C2_annotation_DAKCFMEO_04422	plate25_C2_annotation_DAKCFMEO_01000
OG0000000	N0	n9	1.0	Non-Terminal	plate25_C2_annotation_DAKCFMEO_02366, DC3000_protein_12_2025_WP_007245106.1, DC3000_protein_12_2025_WP_011104375.1, plate25_C2_annotation_DAKCFMEO_00100, plate25_C2_annotation_DAKCFMEO_04017, DC3000_protein_12_2025_WP_011104172.1, plate25_C2_annotation_DAKCFMEO_03733, plate25_C2_annotation_DAKCFMEO_03941, DC3000_protein_12_2025_WP_011104285.1, plate25_C2_annotation_DAKCFMEO_05214, plate25_C2_annotation_DAKCFMEO_04989	DC3000_protein_12_2025_WP_011104037.1, plate25_C2_annotation_DAKCFMEO_02415, DC3000_protein_12_2025_WP_011104938.1, plate25_C2_annotation_DAKCFMEO_00021, DC3000_protein_12_2025_WP_011103634.1
OG0000000	N0	n10	1.0	Non-Terminal	plate25_C2_annotation_DAKCFMEO_02366, DC3000_protein_12_2025_WP_007245106.1, DC3000_protein_12_2025_WP_011104375.1, plate25_C2_annotation_DAKCFMEO_00100, plate25_C2_annotation_DAKCFMEO_04017	DC3000_protein_12_2025_WP_011104172.1, plate25_C2_annotation_DAKCFMEO_03733, plate25_C2_annotation_DAKCFMEO_03941, DC3000_protein_12_2025_WP_011104285.1, plate25_C2_annotation_DAKCFMEO_05214, plate25_C2_annotation_DAKCFMEO_04989
OG0000000	N0	n11	1.0	Non-Terminal	plate25_C2_annotation_DAKCFMEO_02366, DC3000_protein_12_2025_WP_007245106.1	DC3000_protein_12_2025_WP_011104375.1, plate25_C2_annotation_DAKCFMEO_00100, plate25_C2_annotation_DAKCFMEO_04017
OG0000000	plate25.C2.annotation	n14	1.0	Terminal	plate25_C2_annotation_DAKCFMEO_00100	plate25_C2_annotation_DAKCFMEO_04017
OG0000000	N0	n15	0.5	Non-Terminal	DC3000_protein_12_2025_WP_011104172.1, plate25_C2_annotation_DAKCFMEO_03733, plate25_C2_annotation_DAKCFMEO_03941, DC3000_protein_12_2025_WP_011104285.1	plate25_C2_annotation_DAKCFMEO_05214, plate25_C2_annotation_DAKCFMEO_04989
OG0000000	N0	n16	1.0	Non-Terminal	DC3000_protein_12_2025_WP_011104172.1, plate25_C2_annotation_DAKCFMEO_03733	plate25_C2_annotation_DAKCFMEO_03941, DC3000_protein_12_2025_WP_011104285.1
OG0000000	plate25.C2.annotation	n19	1.0	Terminal	plate25_C2_annotation_DAKCFMEO_05214	plate25_C2_annotation_DAKCFMEO_04989
OG0000000	N0	n20	0.5	Non-Terminal	DC3000_protein_12_2025_WP_011104037.1	plate25_C2_annotation_DAKCFMEO_02415, DC3000_protein_12_2025_WP_011104938.1, plate25_C2_annotation_DAKCFMEO_00021, DC3000_protein_12_2025_WP_011103634.1
OG0000000	N0	n21	1.0	Non-Terminal	plate25_C2_annotation_DAKCFMEO_02415, DC3000_protein_12_2025_WP_011104938.1	plate25_C2_annotation_DAKCFMEO_00021, DC3000_protein_12_2025_WP_011103634.1
OG0000001	DC3000_protein_12_2025	n0	1.0	Terminal	DC3000_protein_12_2025_WP_080395439.1	DC3000_protein_12_2025_WP_080946568.1, DC3000_protein_12_2025_WP_079216268.1, DC3000_protein_12_2025_WP_080395443.1, DC3000_protein_12_2025_WP_161797822.1, DC3000_protein_12_2025_WP_149032133.1, DC3000_protein_12_2025_WP_080946544.1, DC3000_protein_12_2025_WP_074842787.1, DC3000_protein_12_2025_WP_122761431.1, DC3000_protein_12_2025_WP_122366027.1, DC3000_protein_12_2025_WP_159250478.1, DC3000_protein_12_2025_WP_080395285.1, DC3000_protein_12_2025_WP_122212403.1, DC3000_protein_12_2025_WP_161797777.1, DC3000_protein_12_2025_WP_149032125.1, DC3000_protein_12_2025_WP_161797806.1, DC3000_protein_12_2025_WP_122234494.1, DC3000_protein_12_2025_WP_122388512.1, DC3000_protein_12_2025_WP_149032159.1, DC3000_protein_12_2025_WP_122670629.1, DC3000_protein_12_2025_WP_149032203.1, DC3000_protein_12_2025_WP_122212448.1
OG0000001	DC3000_protein_12_2025	n1	1.0	Terminal	DC3000_protein_12_2025_WP_080946568.1, DC3000_protein_12_2025_WP_079216268.1, DC3000_protein_12_2025_WP_080395443.1, DC3000_protein_12_2025_WP_161797822.1, DC3000_protein_12_2025_WP_149032133.1, DC3000_protein_12_2025_WP_080946544.1, DC3000_protein_12_2025_WP_074842787.1, DC3000_protein_12_2025_WP_122761431.1, DC3000_protein_12_2025_WP_122366027.1, DC3000_protein_12_2025_WP_159250478.1, DC3000_protein_12_2025_WP_080395285.1, DC3000_protein_12_2025_WP_122212403.1, DC3000_protein_12_2025_WP_161797777.1, DC3000_protein_12_2025_WP_149032125.1, DC3000_protein_12_2025_WP_161797806.1, DC3000_protein_12_2025_WP_122234494.1, DC3000_protein_12_2025_WP_122388512.1, DC3000_protein_12_2025_WP_149032159.1	DC3000_protein_12_2025_WP_122670629.1, DC3000_protein_12_2025_WP_149032203.1, DC3000_protein_12_2025_WP_122212448.1
OG0000001	DC3000_protein_12_2025	n2	1.0	Terminal	DC3000_protein_12_2025_WP_080946568.1, DC3000_protein_12_2025_WP_079216268.1, DC3000_protein_12_2025_WP_080395443.1, DC3000_protein_12_2025_WP_161797822.1, DC3000_protein_12_2025_WP_149032133.1, DC3000_protein_12_2025_WP_080946544.1, DC3000_protein_12_2025_WP_074842787.1, DC3000_protein_12_2025_WP_122761431.1, DC3000_protein_12_2025_WP_122366027.1, DC3000_protein_12_2025_WP_159250478.1, DC3000_protein_12_2025_WP_080395285.1, DC3000_protein_12_2025_WP_122212403.1, DC3000_protein_12_2025_WP_161797777.1, DC3000_protein_12_2025_WP_149032125.1, DC3000_protein_12_2025_WP_161797806.1, DC3000_protein_12_2025_WP_122234494.1, DC3000_protein_12_2025_WP_122388512.1	DC3000_protein_12_2025_WP_149032159.1
OG0000001	DC3000_protein_12_2025	n3	1.0	Terminal	DC3000_protein_12_2025_WP_080946568.1, DC3000_protein_12_2025_WP_079216268.1, DC3000_protein_12_2025_WP_080395443.1, DC3000_protein_12_2025_WP_161797822.1, DC3000_protein_12_2025_WP_149032133.1, DC3000_protein_12_2025_WP_080946544.1, DC3000_protein_12_2025_WP_074842787.1, DC3000_protein_12_2025_WP_122761431.1, DC3000_protein_12_2025_WP_122366027.1, DC3000_protein_12_2025_WP_159250478.1, DC3000_protein_12_2025_WP_080395285.1, DC3000_protein_12_2025_WP_122212403.1, DC3000_protein_12_2025_WP_161797777.1, DC3000_protein_12_2025_WP_149032125.1, DC3000_protein_12_2025_WP_161797806.1, DC3000_protein_12_2025_WP_122234494.1	DC3000_protein_12_2025_WP_122388512.1
OG0000001	DC3000_protein_12_2025	n4	1.0	Terminal	DC3000_protein_12_2025_WP_080946568.1, DC3000_protein_12_2025_WP_079216268.1, DC3000_protein_12_2025_WP_080395443.1, DC3000_protein_12_2025_WP_161797822.1, DC3000_protein_12_2025_WP_149032133.1, DC3000_protein_12_2025_WP_080946544.1, DC3000_protein_12_2025_WP_074842787.1, DC3000_protein_12_2025_WP_122761431.1, DC3000_protein_12_2025_WP_122366027.1, DC3000_protein_12_2025_WP_159250478.1, DC3000_protein_12_2025_WP_080395285.1, DC3000_protein_12_2025_WP_122212403.1, DC3000_protein_12_2025_WP_161797777.1, DC3000_protein_12_2025_WP_149032125.1, DC3000_protein_12_2025_WP_161797806.1	DC3000_protein_12_2025_WP_122234494.1
OG0000001	DC3000_protein_12_2025	n5	1.0	Terminal	DC3000_protein_12_2025_WP_080946568.1, DC3000_protein_12_2025_WP_079216268.1, DC3000_protein_12_2025_WP_080395443.1, DC3000_protein_12_2025_WP_161797822.1, DC3000_protein_12_2025_WP_149032133.1, DC3000_protein_12_2025_WP_080946544.1, DC3000_protein_12_2025_WP_074842787.1	DC3000_protein_12_2025_WP_122761431.1, DC3000_protein_12_2025_WP_122366027.1, DC3000_protein_12_2025_WP_159250478.1, DC3000_protein_12_2025_WP_080395285.1, DC3000_protein_12_2025_WP_122212403.1, DC3000_protein_12_2025_WP_161797777.1, DC3000_protein_12_2025_WP_149032125.1, DC3000_protein_12_2025_WP_161797806.1
OG0000001	DC3000_protein_12_2025	n6	1.0	Terminal	DC3000_protein_12_2025_WP_080946568.1, DC3000_protein_12_2025_WP_079216268.1, DC3000_protein_12_2025_WP_080395443.1, DC3000_protein_12_2025_WP_161797822.1	DC3000_protein_12_2025_WP_149032133.1, DC3000_protein_12_2025_WP_080946544.1, DC3000_protein_12_2025_WP_074842787.1
OG0000001	DC3000_protein_12_2025	n7	1.0	Terminal	DC3000_protein_12_2025_WP_080946568.1, DC3000_protein_12_2025_WP_079216268.1, DC3000_protein_12_2025_WP_080395443.1	DC3000_protein_12_2025_WP_161797822.1
OG0000001	DC3000_protein_12_2025	n8	1.0	Terminal	DC3000_protein_12_2025_WP_080946568.1	DC3000_protein_12_2025_WP_079216268.1, DC3000_protein_12_2025_WP_080395443.1
OG0000001	DC3000_protein_12_2025	n9	1.0	Terminal	DC3000_protein_12_2025_WP_079216268.1	DC3000_protein_12_2025_WP_080395443.1
OG0000001	DC3000_protein_12_2025	n10	1.0	Terminal	DC3000_protein_12_2025_WP_149032133.1, DC3000_protein_12_2025_WP_080946544.1	DC3000_protein_12_2025_WP_074842787.1
OG0000001	DC3000_protein_12_2025	n11	1.0	Terminal	DC3000_protein_12_2025_WP_149032133.1	DC3000_protein_12_2025_WP_080946544.1
OG0000001	DC3000_protein_12_2025	n12	1.0	Terminal	DC3000_protein_12_2025_WP_122761431.1, DC3000_protein_12_2025_WP_122366027.1, DC3000_protein_12_2025_WP_159250478.1, DC3000_protein_12_2025_WP_080395285.1, DC3000_protein_12_2025_WP_122212403.1	DC3000_protein_12_2025_WP_161797777.1, DC3000_protein_12_2025_WP_149032125.1, DC3000_protein_12_2025_WP_161797806.1
OG0000001	DC3000_protein_12_2025	n13	1.0	Terminal	DC3000_protein_12_2025_WP_122761431.1	DC3000_protein_12_2025_WP_122366027.1, DC3000_protein_12_2025_WP_159250478.1, DC3000_protein_12_2025_WP_080395285.1, DC3000_protein_12_2025_WP_122212403.1
OG0000001	DC3000_protein_12_2025	n14	1.0	Terminal	DC3000_protein_12_2025_WP_122366027.1, DC3000_protein_12_2025_WP_159250478.1	DC3000_protein_12_2025_WP_080395285.1, DC3000_protein_12_2025_WP_122212403.1
OG0000001	DC3000_protein_12_2025	n15	1.0	Terminal	DC3000_protein_12_2025_WP_122366027.1	DC3000_protein_12_2025_WP_159250478.1
OG0000001	DC3000_protein_12_2025	n16	1.0	Terminal	DC3000_protein_12_2025_WP_080395285.1	DC3000_protein_12_2025_WP_122212403.1
OG0000001	DC3000_protein_12_2025	n17	1.0	Terminal	DC3000_protein_12_2025_WP_161797777.1	DC3000_protein_12_2025_WP_149032125.1, DC3000_protein_12_2025_WP_161797806.1
OG0000001	DC3000_protein_12_2025	n18	1.0	Terminal	DC3000_protein_12_2025_WP_149032125.1	DC3000_protein_12_2025_WP_161797806.1
OG0000001	DC3000_protein_12_2025	n19	1.0	Terminal	DC3000_protein_12_2025_WP_122670629.1, DC3000_protein_12_2025_WP_149032203.1	DC3000_protein_12_2025_WP_122212448.1
OG0000001	DC3000_protein_12_2025	n20	1.0	Terminal	DC3000_protein_12_2025_WP_122670629.1	DC3000_protein_12_2025_WP_149032203.1
OG0000002	N0	n0	1.0	Non-Terminal	plate25_C2_annotation_DAKCFMEO_00173, DC3000_protein_12_2025_WP_011104895.1	plate25_C2_annotation_DAKCFMEO_02720, DC3000_protein_12_2025_WP_011103489.1, DC3000_protein_12_2025_WP_011104329.1, DC3000_protein_12_2025_WP_007246637.1, plate25_C2_annotation_DAKCFMEO_00139, plate25_C2_annotation_DAKCFMEO_04511, DC3000_protein_12_2025_WP_011103716.1, DC3000_protein_12_2025_WP_005737152.1, plate25_C2_annotation_DAKCFMEO_05227, DC3000_protein_12_2025_WP_005762478.1, plate25_C2_annotation_DAKCFMEO_03764, plate25_C2_annotation_DAKCFMEO_05131, DC3000_protein_12_2025_WP_011104117.1, DC3000_protein_12_2025_WP_007245567.1, plate25_C2_annotation_DAKCFMEO_01950, DC3000_protein_12_2025_WP_011104376.1, DC3000_protein_12_2025_WP_005768429.1, plate25_C2_annotation_DAKCFMEO_03875, DC3000_protein_12_2025_WP_007243868.1
OG0000002	N0	n2	1.0	Non-Terminal	plate25_C2_annotation_DAKCFMEO_02720, DC3000_protein_12_2025_WP_011103489.1	DC3000_protein_12_2025_WP_011104329.1, DC3000_protein_12_2025_WP_007246637.1, plate25_C2_annotation_DAKCFMEO_00139, plate25_C2_annotation_DAKCFMEO_04511, DC3000_protein_12_2025_WP_011103716.1, DC3000_protein_12_2025_WP_005737152.1, plate25_C2_annotation_DAKCFMEO_05227, DC3000_protein_12_2025_WP_005762478.1, plate25_C2_annotation_DAKCFMEO_03764, plate25_C2_annotation_DAKCFMEO_05131, DC3000_protein_12_2025_WP_011104117.1, DC3000_protein_12_2025_WP_007245567.1, plate25_C2_annotation_DAKCFMEO_01950, DC3000_protein_12_2025_WP_011104376.1, DC3000_protein_12_2025_WP_005768429.1, plate25_C2_annotation_DAKCFMEO_03875, DC3000_protein_12_2025_WP_007243868.1
OG0000002	N0	n4	1.0	Non-Terminal	DC3000_protein_12_2025_WP_011104329.1, DC3000_protein_12_2025_WP_007246637.1, plate25_C2_annotation_DAKCFMEO_00139, plate25_C2_annotation_DAKCFMEO_04511, DC3000_protein_12_2025_WP_011103716.1, DC3000_protein_12_2025_WP_005737152.1, plate25_C2_annotation_DAKCFMEO_05227, DC3000_protein_12_2025_WP_005762478.1, plate25_C2_annotation_DAKCFMEO_03764, plate25_C2_annotation_DAKCFMEO_05131, DC3000_protein_12_2025_WP_011104117.1, DC3000_protein_12_2025_WP_007245567.1, plate25_C2_annotation_DAKCFMEO_01950, DC3000_protein_12_2025_WP_011104376.1, DC3000_protein_12_2025_WP_005768429.1	plate25_C2_annotation_DAKCFMEO_03875, DC3000_protein_12_2025_WP_007243868.1
OG0000002	N0	n5	0.5	Non-Terminal	DC3000_protein_12_2025_WP_011104329.1	DC3000_protein_12_2025_WP_007246637.1, plate25_C2_annotation_DAKCFMEO_00139, plate25_C2_annotation_DAKCFMEO_04511, DC3000_protein_12_2025_WP_011103716.1, DC3000_protein_12_2025_WP_005737152.1, plate25_C2_annotation_DAKCFMEO_05227, DC3000_protein_12_2025_WP_005762478.1, plate25_C2_annotation_DAKCFMEO_03764, plate25_C2_annotation_DAKCFMEO_05131, DC3000_protein_12_2025_WP_011104117.1, DC3000_protein_12_2025_WP_007245567.1, plate25_C2_annotation_DAKCFMEO_01950, DC3000_protein_12_2025_WP_011104376.1, DC3000_protein_12_2025_WP_005768429.1
OG0000002	N0	n6	1.0	Non-Terminal	DC3000_protein_12_2025_WP_007246637.1, plate25_C2_annotation_DAKCFMEO_00139, plate25_C2_annotation_DAKCFMEO_04511, DC3000_protein_12_2025_WP_011103716.1, DC3000_protein_12_2025_WP_005737152.1, plate25_C2_annotation_DAKCFMEO_05227, DC3000_protein_12_2025_WP_005762478.1, plate25_C2_annotation_DAKCFMEO_03764, plate25_C2_annotation_DAKCFMEO_05131, DC3000_protein_12_2025_WP_011104117.1, DC3000_protein_12_2025_WP_007245567.1	plate25_C2_annotation_DAKCFMEO_01950, DC3000_protein_12_2025_WP_011104376.1, DC3000_protein_12_2025_WP_005768429.1
OG0000002	N0	n7	1.0	Non-Terminal	DC3000_protein_12_2025_WP_007246637.1, plate25_C2_annotation_DAKCFMEO_00139, plate25_C2_annotation_DAKCFMEO_04511, DC3000_protein_12_2025_WP_011103716.1, DC3000_protein_12_2025_WP_005737152.1, plate25_C2_annotation_DAKCFMEO_05227, DC3000_protein_12_2025_WP_005762478.1, plate25_C2_annotation_DAKCFMEO_03764	plate25_C2_annotation_DAKCFMEO_05131, DC3000_protein_12_2025_WP_011104117.1, DC3000_protein_12_2025_WP_007245567.1
OG0000002	N0	n8	1.0	Non-Terminal	DC3000_protein_12_2025_WP_007246637.1, plate25_C2_annotation_DAKCFMEO_00139, plate25_C2_annotation_DAKCFMEO_04511, DC3000_protein_12_2025_WP_011103716.1, DC3000_protein_12_2025_WP_005737152.1, plate25_C2_annotation_DAKCFMEO_05227	DC3000_protein_12_2025_WP_005762478.1, plate25_C2_annotation_DAKCFMEO_03764
OG0000002	N0	n9	1.0	Non-Terminal	DC3000_protein_12_2025_WP_007246637.1, plate25_C2_annotation_DAKCFMEO_00139, plate25_C2_annotation_DAKCFMEO_04511, DC3000_protein_12_2025_WP_011103716.1	DC3000_protein_12_2025_WP_005737152.1, plate25_C2_annotation_DAKCFMEO_05227
OG0000002	N0	n10	1.0	Non-Terminal	DC3000_protein_12_2025_WP_007246637.1, plate25_C2_annotation_DAKCFMEO_00139	plate25_C2_annotation_DAKCFMEO_04511, DC3000_protein_12_2025_WP_011103716.1
OG0000002	DC3000_protein_12_2025	n16	1.0	Terminal	DC3000_protein_12_2025_WP_011104117.1	DC3000_protein_12_2025_WP_007245567.1
OG0000002	DC3000_protein_12_2025	n18	1.0	Terminal	DC3000_protein_12_2025_WP_011104376.1	DC3000_protein_12_2025_WP_005768429.1
OG0000003	plate25.C2.annotation	n0	1.0	Terminal	plate25_C2_annotation_DAKCFMEO_01214	plate25_C2_annotation_DAKCFMEO_05051, plate25_C2_annotation_DAKCFMEO_02839, plate25_C2_annotation_DAKCFMEO_02245, plate25_C2_annotation_DAKCFMEO_05190, plate25_C2_annotation_DAKCFMEO_00472, plate25_C2_annotation_DAKCFMEO_01097, plate25_C2_annotation_DAKCFMEO_01869, plate25_C2_annotation_DAKCFMEO_02941, plate25_C2_annotation_DAKCFMEO_02934, plate25_C2_annotation_DAKCFMEO_03406, plate25_C2_annotation_DAKCFMEO_05300, plate25_C2_annotation_DAKCFMEO_04971, plate25_C2_annotation_DAKCFMEO_04860, plate25_C2_annotation_DAKCFMEO_04958, plate25_C2_annotation_DAKCFMEO_03714, plate25_C2_annotation_DAKCFMEO_02258, plate25_C2_annotation_DAKCFMEO_02965, plate25_C2_annotation_DAKCFMEO_00448, plate25_C2_annotation_DAKCFMEO_01826
OG0000003	plate25.C2.annotation	n1	1.0	Terminal	plate25_C2_annotation_DAKCFMEO_05051	plate25_C2_annotation_DAKCFMEO_02839, plate25_C2_annotation_DAKCFMEO_02245, plate25_C2_annotation_DAKCFMEO_05190, plate25_C2_annotation_DAKCFMEO_00472, plate25_C2_annotation_DAKCFMEO_01097, plate25_C2_annotation_DAKCFMEO_01869, plate25_C2_annotation_DAKCFMEO_02941, plate25_C2_annotation_DAKCFMEO_02934, plate25_C2_annotation_DAKCFMEO_03406, plate25_C2_annotation_DAKCFMEO_05300, plate25_C2_annotation_DAKCFMEO_04971, plate25_C2_annotation_DAKCFMEO_04860, plate25_C2_annotation_DAKCFMEO_04958, plate25_C2_annotation_DAKCFMEO_03714, plate25_C2_annotation_DAKCFMEO_02258, plate25_C2_annotation_DAKCFMEO_02965, plate25_C2_annotation_DAKCFMEO_00448, plate25_C2_annotation_DAKCFMEO_01826
OG0000003	plate25.C2.annotation	n2	1.0	Terminal	plate25_C2_annotation_DAKCFMEO_02839, plate25_C2_annotation_DAKCFMEO_02245	plate25_C2_annotation_DAKCFMEO_05190, plate25_C2_annotation_DAKCFMEO_00472, plate25_C2_annotation_DAKCFMEO_01097, plate25_C2_annotation_DAKCFMEO_01869, plate25_C2_annotation_DAKCFMEO_02941, plate25_C2_annotation_DAKCFMEO_02934, plate25_C2_annotation_DAKCFMEO_03406, plate25_C2_annotation_DAKCFMEO_05300, plate25_C2_annotation_DAKCFMEO_04971, plate25_C2_annotation_DAKCFMEO_04860, plate25_C2_annotation_DAKCFMEO_04958, plate25_C2_annotation_DAKCFMEO_03714, plate25_C2_annotation_DAKCFMEO_02258, plate25_C2_annotation_DAKCFMEO_02965, plate25_C2_annotation_DAKCFMEO_00448, plate25_C2_annotation_DAKCFMEO_01826
OG0000003	plate25.C2.annotation	n3	1.0	Terminal	plate25_C2_annotation_DAKCFMEO_02839	plate25_C2_annotation_DAKCFMEO_02245
OG0000003	plate25.C2.annotation	n4	1.0	Terminal	plate25_C2_annotation_DAKCFMEO_05190, plate25_C2_annotation_DAKCFMEO_00472, plate25_C2_annotation_DAKCFMEO_01097, plate25_C2_annotation_DAKCFMEO_01869	plate25_C2_annotation_DAKCFMEO_02941, plate25_C2_annotation_DAKCFMEO_02934, plate25_C2_annotation_DAKCFMEO_03406, plate25_C2_annotation_DAKCFMEO_05300, plate25_C2_annotation_DAKCFMEO_04971, plate25_C2_annotation_DAKCFMEO_04860, plate25_C2_annotation_DAKCFMEO_04958, plate25_C2_annotation_DAKCFMEO_03714, plate25_C2_annotation_DAKCFMEO_02258, plate25_C2_annotation_DAKCFMEO_02965, plate25_C2_annotation_DAKCFMEO_00448, plate25_C2_annotation_DAKCFMEO_01826
OG0000003	plate25.C2.annotation	n5	1.0	Terminal	plate25_C2_annotation_DAKCFMEO_05190, plate25_C2_annotation_DAKCFMEO_00472, plate25_C2_annotation_DAKCFMEO_01097	plate25_C2_annotation_DAKCFMEO_01869
OG0000003	plate25.C2.annotation	n6	1.0	Terminal	plate25_C2_annotation_DAKCFMEO_05190	plate25_C2_annotation_DAKCFMEO_00472, plate25_C2_annotation_DAKCFMEO_01097
OG0000003	plate25.C2.annotation	n7	1.0	Terminal	plate25_C2_annotation_DAKCFMEO_00472	plate25_C2_annotation_DAKCFMEO_01097
OG0000003	plate25.C2.annotation	n8	1.0	Terminal	plate25_C2_annotation_DAKCFMEO_02941	plate25_C2_annotation_DAKCFMEO_02934, plate25_C2_annotation_DAKCFMEO_03406, plate25_C2_annotation_DAKCFMEO_05300, plate25_C2_annotation_DAKCFMEO_04971, plate25_C2_annotation_DAKCFMEO_04860, plate25_C2_annotation_DAKCFMEO_04958, plate25_C2_annotation_DAKCFMEO_03714, plate25_C2_annotation_DAKCFMEO_02258, plate25_C2_annotation_DAKCFMEO_02965, plate25_C2_annotation_DAKCFMEO_00448, plate25_C2_annotation_DAKCFMEO_01826
OG0000003	plate25.C2.annotation	n9	1.0	Terminal	plate25_C2_annotation_DAKCFMEO_02934, plate25_C2_annotation_DAKCFMEO_03406, plate25_C2_annotation_DAKCFMEO_05300, plate25_C2_annotation_DAKCFMEO_04971, plate25_C2_annotation_DAKCFMEO_04860, plate25_C2_annotation_DAKCFMEO_04958, plate25_C2_annotation_DAKCFMEO_03714, plate25_C2_annotation_DAKCFMEO_02258, plate25_C2_annotation_DAKCFMEO_02965, plate25_C2_annotation_DAKCFMEO_00448	plate25_C2_annotation_DAKCFMEO_01826
OG0000003	plate25.C2.annotation	n10	1.0	Terminal	plate25_C2_annotation_DAKCFMEO_02934, plate25_C2_annotation_DAKCFMEO_03406, plate25_C2_annotation_DAKCFMEO_05300	plate25_C2_annotation_DAKCFMEO_04971, plate25_C2_annotation_DAKCFMEO_04860, plate25_C2_annotation_DAKCFMEO_04958, plate25_C2_annotation_DAKCFMEO_03714, plate25_C2_annotation_DAKCFMEO_02258, plate25_C2_annotation_DAKCFMEO_02965, plate25_C2_annotation_DAKCFMEO_00448
OG0000003	plate25.C2.annotation	n11	1.0	Terminal	plate25_C2_annotation_DAKCFMEO_02934	plate25_C2_annotation_DAKCFMEO_03406, plate25_C2_annotation_DAKCFMEO_05300
OG0000003	plate25.C2.annotation	n12	1.0	Terminal	plate25_C2_annotation_DAKCFMEO_03406	plate25_C2_annotation_DAKCFMEO_05300
OG0000003	plate25.C2.annotation	n13	1.0	Terminal	plate25_C2_annotation_DAKCFMEO_04971	plate25_C2_annotation_DAKCFMEO_04860, plate25_C2_annotation_DAKCFMEO_04958, plate25_C2_annotation_DAKCFMEO_03714, plate25_C2_annotation_DAKCFMEO_02258, plate25_C2_annotation_DAKCFMEO_02965, plate25_C2_annotation_DAKCFMEO_00448
OG0000003	plate25.C2.annotation	n14	1.0	Terminal	plate25_C2_annotation_DAKCFMEO_04860, plate25_C2_annotation_DAKCFMEO_04958, plate25_C2_annotation_DAKCFMEO_03714, plate25_C2_annotation_DAKCFMEO_02258, plate25_C2_annotation_DAKCFMEO_02965	plate25_C2_annotation_DAKCFMEO_00448
OG0000003	plate25.C2.annotation	n15	1.0	Terminal	plate25_C2_annotation_DAKCFMEO_04860, plate25_C2_annotation_DAKCFMEO_04958, plate25_C2_annotation_DAKCFMEO_03714, plate25_C2_annotation_DAKCFMEO_02258	plate25_C2_annotation_DAKCFMEO_02965
OG0000003	plate25.C2.annotation	n16	1.0	Terminal	plate25_C2_annotation_DAKCFMEO_04860, plate25_C2_annotation_DAKCFMEO_04958, plate25_C2_annotation_DAKCFMEO_03714	plate25_C2_annotation_DAKCFMEO_02258
OG0000003	plate25.C2.annotation	n17	1.0	Terminal	plate25_C2_annotation_DAKCFMEO_04860, plate25_C2_annotation_DAKCFMEO_04958	plate25_C2_annotation_DAKCFMEO_03714
OG0000003	plate25.C2.annotation	n18	1.0	Terminal	plate25_C2_annotation_DAKCFMEO_04860	plate25_C2_annotation_DAKCFMEO_04958
OG0000004	N0	n0	1.0	Non-Terminal	plate25_C2_annotation_DAKCFMEO_01420, DC3000_protein_12_2025_WP_005767285.1	DC3000_protein_12_2025_WP_011103510.1, DC3000_protein_12_2025_WP_011103145.1, plate25_C2_annotation_DAKCFMEO_04008, DC3000_protein_12_2025_WP_011104615.1, DC3000_protein_12_2025_WP_011104479.1, DC3000_protein_12_2025_WP_005764624.1, plate25_C2_annotation_DAKCFMEO_01787, DC3000_protein_12_2025_WP_011105087.1, DC3000_protein_12_2025_WP_011105575.1, DC3000_protein_12_2025_WP_011105048.1
OG0000004	N0	n2	0.5	Non-Terminal	DC3000_protein_12_2025_WP_011103510.1, DC3000_protein_12_2025_WP_011103145.1	plate25_C2_annotation_DAKCFMEO_04008, DC3000_protein_12_2025_WP_011104615.1, DC3000_protein_12_2025_WP_011104479.1, DC3000_protein_12_2025_WP_005764624.1, plate25_C2_annotation_DAKCFMEO_01787, DC3000_protein_12_2025_WP_011105087.1, DC3000_protein_12_2025_WP_011105575.1, DC3000_protein_12_2025_WP_011105048.1
OG0000004	DC3000_protein_12_2025	n3	1.0	Terminal	DC3000_protein_12_2025_WP_011103510.1	DC3000_protein_12_2025_WP_011103145.1
OG0000004	N0	n4	1.0	Non-Terminal	plate25_C2_annotation_DAKCFMEO_04008, DC3000_protein_12_2025_WP_011104615.1, DC3000_protein_12_2025_WP_011104479.1, DC3000_protein_12_2025_WP_005764624.1	plate25_C2_annotation_DAKCFMEO_01787, DC3000_protein_12_2025_WP_011105087.1, DC3000_protein_12_2025_WP_011105575.1, DC3000_protein_12_2025_WP_011105048.1
OG0000004	DC3000_protein_12_2025	n6	1.0	Terminal	DC3000_protein_12_2025_WP_011104615.1	DC3000_protein_12_2025_WP_011104479.1, DC3000_protein_12_2025_WP_005764624.1
OG0000004	DC3000_protein_12_2025	n7	1.0	Terminal	DC3000_protein_12_2025_WP_011104479.1	DC3000_protein_12_2025_WP_005764624.1
OG0000004	DC3000_protein_12_2025	n9	1.0	Terminal	DC3000_protein_12_2025_WP_011105087.1	DC3000_protein_12_2025_WP_011105575.1, DC3000_protein_12_2025_WP_011105048.1
OG0000004	DC3000_protein_12_2025	n10	1.0	Terminal	DC3000_protein_12_2025_WP_011105575.1	DC3000_protein_12_2025_WP_011105048.1
OG0000005	N0	n0	1.0	Non-Terminal	DC3000_protein_12_2025_WP_005888851.1, DC3000_protein_12_2025_WP_007252518.1, plate25_C2_annotation_DAKCFMEO_04413	plate25_C2_annotation_DAKCFMEO_04411, plate25_C2_annotation_DAKCFMEO_04412, plate25_C2_annotation_DAKCFMEO_02700, DC3000_protein_12_2025_WP_162839071.1, plate25_C2_annotation_DAKCFMEO_02686, plate25_C2_annotation_DAKCFMEO_02701, DC3000_protein_12_2025_WP_011103873.1, DC3000_protein_12_2025_WP_011103871.1, plate25_C2_annotation_DAKCFMEO_02699
OG0000005	DC3000_protein_12_2025	n2	1.0	Terminal	DC3000_protein_12_2025_WP_005888851.1	DC3000_protein_12_2025_WP_007252518.1
OG0000005	N0	n3	0.5	Non-Terminal	plate25_C2_annotation_DAKCFMEO_04411	plate25_C2_annotation_DAKCFMEO_04412, plate25_C2_annotation_DAKCFMEO_02700, DC3000_protein_12_2025_WP_162839071.1, plate25_C2_annotation_DAKCFMEO_02686, plate25_C2_annotation_DAKCFMEO_02701, DC3000_protein_12_2025_WP_011103873.1, DC3000_protein_12_2025_WP_011103871.1, plate25_C2_annotation_DAKCFMEO_02699
OG0000005	N0	n4	0.5	Non-Terminal	plate25_C2_annotation_DAKCFMEO_04412	plate25_C2_annotation_DAKCFMEO_02700, DC3000_protein_12_2025_WP_162839071.1, plate25_C2_annotation_DAKCFMEO_02686, plate25_C2_annotation_DAKCFMEO_02701, DC3000_protein_12_2025_WP_011103873.1, DC3000_protein_12_2025_WP_011103871.1, plate25_C2_annotation_DAKCFMEO_02699
OG0000005	N0	n5	0.5	Non-Terminal	plate25_C2_annotation_DAKCFMEO_02700	DC3000_protein_12_2025_WP_162839071.1, plate25_C2_annotation_DAKCFMEO_02686, plate25_C2_annotation_DAKCFMEO_02701, DC3000_protein_12_2025_WP_011103873.1, DC3000_protein_12_2025_WP_011103871.1, plate25_C2_annotation_DAKCFMEO_02699
OG0000005	N0	n6	1.0	Non-Terminal	DC3000_protein_12_2025_WP_162839071.1, plate25_C2_annotation_DAKCFMEO_02686	plate25_C2_annotation_DAKCFMEO_02701, DC3000_protein_12_2025_WP_011103873.1, DC3000_protein_12_2025_WP_011103871.1, plate25_C2_annotation_DAKCFMEO_02699
OG0000005	N0	n8	1.0	Non-Terminal	plate25_C2_annotation_DAKCFMEO_02701, DC3000_protein_12_2025_WP_011103873.1	DC3000_protein_12_2025_WP_011103871.1, plate25_C2_annotation_DAKCFMEO_02699
OG0000006	N0	n0	1.0	Non-Terminal	DC3000_protein_12_2025_WP_011104680.1, plate25_C2_annotation_DAKCFMEO_04480	plate25_C2_annotation_DAKCFMEO_04600, DC3000_protein_12_2025_WP_032643380.1, DC3000_protein_12_2025_WP_011103739.1, plate25_C2_annotation_DAKCFMEO_02437, plate25_C2_annotation_DAKCFMEO_03248, DC3000_protein_12_2025_WP_011103576.1, DC3000_protein_12_2025_WP_011105179.1, plate25_C2_annotation_DAKCFMEO_04484, plate25_C2_annotation_DAKCFMEO_03841, plate25_C2_annotation_DAKCFMEO_00848
OG0000006	N0	n2	1.0	Non-Terminal	plate25_C2_annotation_DAKCFMEO_04600, DC3000_protein_12_2025_WP_032643380.1	DC3000_protein_12_2025_WP_011103739.1, plate25_C2_annotation_DAKCFMEO_02437, plate25_C2_annotation_DAKCFMEO_03248, DC3000_protein_12_2025_WP_011103576.1, DC3000_protein_12_2025_WP_011105179.1, plate25_C2_annotation_DAKCFMEO_04484, plate25_C2_annotation_DAKCFMEO_03841, plate25_C2_annotation_DAKCFMEO_00848
OG0000006	N0	n4	1.0	Non-Terminal	DC3000_protein_12_2025_WP_011103739.1, plate25_C2_annotation_DAKCFMEO_02437	plate25_C2_annotation_DAKCFMEO_03248, DC3000_protein_12_2025_WP_011103576.1, DC3000_protein_12_2025_WP_011105179.1, plate25_C2_annotation_DAKCFMEO_04484, plate25_C2_annotation_DAKCFMEO_03841, plate25_C2_annotation_DAKCFMEO_00848
OG0000006	N0	n6	1.0	Non-Terminal	plate25_C2_annotation_DAKCFMEO_03248, DC3000_protein_12_2025_WP_011103576.1	DC3000_protein_12_2025_WP_011105179.1, plate25_C2_annotation_DAKCFMEO_04484, plate25_C2_annotation_DAKCFMEO_03841, plate25_C2_annotation_DAKCFMEO_00848
OG0000006	plate25.C2.annotation	n9	1.0	Terminal	plate25_C2_annotation_DAKCFMEO_04484, plate25_C2_annotation_DAKCFMEO_03841	plate25_C2_annotation_DAKCFMEO_00848
OG0000006	plate25.C2.annotation	n10	1.0	Terminal	plate25_C2_annotation_DAKCFMEO_04484	plate25_C2_annotation_DAKCFMEO_03841
OG0000007	N0	n0	1.0	Non-Terminal	DC3000_protein_12_2025_WP_046464036.1, plate25_C2_annotation_DAKCFMEO_02698	DC3000_protein_12_2025_WP_011104107.1, DC3000_protein_12_2025_WP_011105130.1, DC3000_protein_12_2025_WP_011105031.1, DC3000_protein_12_2025_WP_011103872.1, DC3000_protein_12_2025_WP_011105032.1, DC3000_protein_12_2025_WP_011105127.1, DC3000_protein_12_2025_WP_011104219.1, plate25_C2_annotation_DAKCFMEO_03820, DC3000_protein_12_2025_WP_011104220.1, plate25_C2_annotation_DAKCFMEO_03821
OG0000007	N0	n2	0.5	Non-Terminal	DC3000_protein_12_2025_WP_011104107.1, DC3000_protein_12_2025_WP_011105130.1	DC3000_protein_12_2025_WP_011105031.1, DC3000_protein_12_2025_WP_011103872.1, DC3000_protein_12_2025_WP_011105032.1, DC3000_protein_12_2025_WP_011105127.1, DC3000_protein_12_2025_WP_011104219.1, plate25_C2_annotation_DAKCFMEO_03820, DC3000_protein_12_2025_WP_011104220.1, plate25_C2_annotation_DAKCFMEO_03821
OG0000007	DC3000_protein_12_2025	n3	1.0	Terminal	DC3000_protein_12_2025_WP_011104107.1	DC3000_protein_12_2025_WP_011105130.1
OG0000007	N0	n4	0.5	Non-Terminal	DC3000_protein_12_2025_WP_011105031.1	DC3000_protein_12_2025_WP_011103872.1, DC3000_protein_12_2025_WP_011105032.1, DC3000_protein_12_2025_WP_011105127.1, DC3000_protein_12_2025_WP_011104219.1, plate25_C2_annotation_DAKCFMEO_03820, DC3000_protein_12_2025_WP_011104220.1, plate25_C2_annotation_DAKCFMEO_03821
OG0000007	N0	n5	0.5	Non-Terminal	DC3000_protein_12_2025_WP_011103872.1	DC3000_protein_12_2025_WP_011105032.1, DC3000_protein_12_2025_WP_011105127.1, DC3000_protein_12_2025_WP_011104219.1, plate25_C2_annotation_DAKCFMEO_03820, DC3000_protein_12_2025_WP_011104220.1, plate25_C2_annotation_DAKCFMEO_03821
OG0000007	N0	n6	0.5	Non-Terminal	DC3000_protein_12_2025_WP_011105032.1	DC3000_protein_12_2025_WP_011105127.1, DC3000_protein_12_2025_WP_011104219.1, plate25_C2_annotation_DAKCFMEO_03820, DC3000_protein_12_2025_WP_011104220.1, plate25_C2_annotation_DAKCFMEO_03821
OG0000007	N0	n7	0.5	Non-Terminal	DC3000_protein_12_2025_WP_011105127.1	DC3000_protein_12_2025_WP_011104219.1, plate25_C2_annotation_DAKCFMEO_03820, DC3000_protein_12_2025_WP_011104220.1, plate25_C2_annotation_DAKCFMEO_03821
OG0000007	N0	n8	1.0	Non-Terminal	DC3000_protein_12_2025_WP_011104219.1, plate25_C2_annotation_DAKCFMEO_03820	DC3000_protein_12_2025_WP_011104220.1, plate25_C2_annotation_DAKCFMEO_03821
OG0000008	N0	n0	1.0	Non-Terminal	plate25_C2_annotation_DAKCFMEO_00175, DC3000_protein_12_2025_WP_007246617.1	DC3000_protein_12_2025_WP_007246574.1, plate25_C2_annotation_DAKCFMEO_05254, plate25_C2_annotation_DAKCFMEO_00278, DC3000_protein_12_2025_WP_011104948.1, DC3000_protein_12_2025_WP_005763906.1, DC3000_protein_12_2025_WP_011103533.1, plate25_C2_annotation_DAKCFMEO_04031, plate25_C2_annotation_DAKCFMEO_01357, plate25_C2_annotation_DAKCFMEO_01489
OG0000008	N0	n2	1.0	Non-Terminal	DC3000_protein_12_2025_WP_007246574.1, plate25_C2_annotation_DAKCFMEO_05254	plate25_C2_annotation_DAKCFMEO_00278, DC3000_protein_12_2025_WP_011104948.1, DC3000_protein_12_2025_WP_005763906.1, DC3000_protein_12_2025_WP_011103533.1, plate25_C2_annotation_DAKCFMEO_04031, plate25_C2_annotation_DAKCFMEO_01357, plate25_C2_annotation_DAKCFMEO_01489
OG0000008	N0	n4	1.0	Non-Terminal	plate25_C2_annotation_DAKCFMEO_00278, DC3000_protein_12_2025_WP_011104948.1	DC3000_protein_12_2025_WP_005763906.1, DC3000_protein_12_2025_WP_011103533.1, plate25_C2_annotation_DAKCFMEO_04031, plate25_C2_annotation_DAKCFMEO_01357, plate25_C2_annotation_DAKCFMEO_01489
OG0000008	DC3000_protein_12_2025	n7	1.0	Terminal	DC3000_protein_12_2025_WP_005763906.1	DC3000_protein_12_2025_WP_011103533.1
OG0000008	plate25.C2.annotation	n8	1.0	Terminal	plate25_C2_annotation_DAKCFMEO_04031, plate25_C2_annotation_DAKCFMEO_01357	plate25_C2_annotation_DAKCFMEO_01489
OG0000008	plate25.C2.annotation	n9	1.0	Terminal	plate25_C2_annotation_DAKCFMEO_04031	plate25_C2_annotation_DAKCFMEO_01357
OG0000009	N0	n0	1.0	Non-Terminal	plate25_C2_annotation_DAKCFMEO_04763, DC3000_protein_12_2025_WP_011105057.1	plate25_C2_annotation_DAKCFMEO_04764, DC3000_protein_12_2025_WP_011105058.1, DC3000_protein_12_2025_WP_005769383.1, plate25_C2_annotation_DAKCFMEO_04767, plate25_C2_annotation_DAKCFMEO_01850, DC3000_protein_12_2025_WP_011102986.1, DC3000_protein_12_2025_WP_011104379.1, plate25_C2_annotation_DAKCFMEO_04765, DC3000_protein_12_2025_WP_011105059.1
OG0000009	N0	n2	1.0	Non-Terminal	plate25_C2_annotation_DAKCFMEO_04764, DC3000_protein_12_2025_WP_011105058.1	DC3000_protein_12_2025_WP_005769383.1, plate25_C2_annotation_DAKCFMEO_04767, plate25_C2_annotation_DAKCFMEO_01850, DC3000_protein_12_2025_WP_011102986.1, DC3000_protein_12_2025_WP_011104379.1, plate25_C2_annotation_DAKCFMEO_04765, DC3000_protein_12_2025_WP_011105059.1
OG0000009	N0	n4	1.0	Non-Terminal	DC3000_protein_12_2025_WP_005769383.1, plate25_C2_annotation_DAKCFMEO_04767, plate25_C2_annotation_DAKCFMEO_01850, DC3000_protein_12_2025_WP_011102986.1, DC3000_protein_12_2025_WP_011104379.1	plate25_C2_annotation_DAKCFMEO_04765, DC3000_protein_12_2025_WP_011105059.1
OG0000009	N0	n5	0.5	Non-Terminal	DC3000_protein_12_2025_WP_005769383.1, plate25_C2_annotation_DAKCFMEO_04767, plate25_C2_annotation_DAKCFMEO_01850, DC3000_protein_12_2025_WP_011102986.1	DC3000_protein_12_2025_WP_011104379.1
OG0000009	N0	n6	1.0	Non-Terminal	DC3000_protein_12_2025_WP_005769383.1, plate25_C2_annotation_DAKCFMEO_04767	plate25_C2_annotation_DAKCFMEO_01850, DC3000_protein_12_2025_WP_011102986.1
OG0000010	N0	n0	1.0	Non-Terminal	DC3000_protein_12_2025_WP_011104129.1, plate25_C2_annotation_DAKCFMEO_00966, plate25_C2_annotation_DAKCFMEO_02949	DC3000_protein_12_2025_WP_003382360.1, plate25_C2_annotation_DAKCFMEO_02150, plate25_C2_annotation_DAKCFMEO_02992, DC3000_protein_12_2025_WP_005764042.1, DC3000_protein_12_2025_WP_002554192.1, plate25_C2_annotation_DAKCFMEO_02661, plate25_C2_annotation_DAKCFMEO_04561
OG0000010	plate25.C2.annotation	n2	1.0	Terminal	plate25_C2_annotation_DAKCFMEO_00966	plate25_C2_annotation_DAKCFMEO_02949
OG0000010	N0	n3	1.0	Non-Terminal	DC3000_protein_12_2025_WP_003382360.1, plate25_C2_annotation_DAKCFMEO_02150	plate25_C2_annotation_DAKCFMEO_02992, DC3000_protein_12_2025_WP_005764042.1, DC3000_protein_12_2025_WP_002554192.1, plate25_C2_annotation_DAKCFMEO_02661, plate25_C2_annotation_DAKCFMEO_04561
OG0000010	N0	n5	1.0	Non-Terminal	plate25_C2_annotation_DAKCFMEO_02992, DC3000_protein_12_2025_WP_005764042.1	DC3000_protein_12_2025_WP_002554192.1, plate25_C2_annotation_DAKCFMEO_02661, plate25_C2_annotation_DAKCFMEO_04561
OG0000010	plate25.C2.annotation	n8	1.0	Terminal	plate25_C2_annotation_DAKCFMEO_02661	plate25_C2_annotation_DAKCFMEO_04561
OG0000011	N0	n0	1.0	Non-Terminal	DC3000_protein_12_2025_WP_011105342.1, plate25_C2_annotation_DAKCFMEO_05084	plate25_C2_annotation_DAKCFMEO_01223, DC3000_protein_12_2025_WP_007244964.1, plate25_C2_annotation_DAKCFMEO_01726, DC3000_protein_12_2025_WP_046463739.1, plate25_C2_annotation_DAKCFMEO_01032, DC3000_protein_12_2025_WP_046463299.1, plate25_C2_annotation_DAKCFMEO_05085, DC3000_protein_12_2025_WP_011105343.1
OG0000011	N0	n2	1.0	Non-Terminal	plate25_C2_annotation_DAKCFMEO_01223, DC3000_protein_12_2025_WP_007244964.1, plate25_C2_annotation_DAKCFMEO_01726, DC3000_protein_12_2025_WP_046463739.1, plate25_C2_annotation_DAKCFMEO_01032, DC3000_protein_12_2025_WP_046463299.1	plate25_C2_annotation_DAKCFMEO_05085, DC3000_protein_12_2025_WP_011105343.1
OG0000011	N0	n3	1.0	Non-Terminal	plate25_C2_annotation_DAKCFMEO_01223, DC3000_protein_12_2025_WP_007244964.1, plate25_C2_annotation_DAKCFMEO_01726, DC3000_protein_12_2025_WP_046463739.1	plate25_C2_annotation_DAKCFMEO_01032, DC3000_protein_12_2025_WP_046463299.1
OG0000011	N0	n4	1.0	Non-Terminal	plate25_C2_annotation_DAKCFMEO_01223, DC3000_protein_12_2025_WP_007244964.1	plate25_C2_annotation_DAKCFMEO_01726, DC3000_protein_12_2025_WP_046463739.1
OG0000012	N0	n0	1.0	Non-Terminal	DC3000_protein_12_2025_WP_011104743.1, plate25_C2_annotation_DAKCFMEO_04250	plate25_C2_annotation_DAKCFMEO_04450, DC3000_protein_12_2025_WP_011105318.1, DC3000_protein_12_2025_WP_005765463.1, DC3000_protein_12_2025_WP_011105119.1, DC3000_protein_12_2025_WP_011105122.1, DC3000_protein_12_2025_WP_057443300.1, DC3000_protein_12_2025_WP_011104106.1
OG0000012	DC3000_protein_12_2025	n3	1.0	Terminal	DC3000_protein_12_2025_WP_011105318.1	DC3000_protein_12_2025_WP_005765463.1, DC3000_protein_12_2025_WP_011105119.1, DC3000_protein_12_2025_WP_011105122.1, DC3000_protein_12_2025_WP_057443300.1, DC3000_protein_12_2025_WP_011104106.1
OG0000012	DC3000_protein_12_2025	n4	1.0	Terminal	DC3000_protein_12_2025_WP_005765463.1	DC3000_protein_12_2025_WP_011105119.1, DC3000_protein_12_2025_WP_011105122.1, DC3000_protein_12_2025_WP_057443300.1, DC3000_protein_12_2025_WP_011104106.1
OG0000012	DC3000_protein_12_2025	n5	1.0	Terminal	DC3000_protein_12_2025_WP_011105119.1	DC3000_protein_12_2025_WP_011105122.1, DC3000_protein_12_2025_WP_057443300.1, DC3000_protein_12_2025_WP_011104106.1
OG0000012	DC3000_protein_12_2025	n6	1.0	Terminal	DC3000_protein_12_2025_WP_011105122.1, DC3000_protein_12_2025_WP_057443300.1	DC3000_protein_12_2025_WP_011104106.1
OG0000012	DC3000_protein_12_2025	n7	1.0	Terminal	DC3000_protein_12_2025_WP_011105122.1	DC3000_protein_12_2025_WP_057443300.1
OG0000013	N0	n0	1.0	Non-Terminal	DC3000_protein_12_2025_WP_011105383.1, plate25_C2_annotation_DAKCFMEO_01966	plate25_C2_annotation_DAKCFMEO_05213, DC3000_protein_12_2025_WP_011103512.1, DC3000_protein_12_2025_WP_005767792.1, plate25_C2_annotation_DAKCFMEO_05243, plate25_C2_annotation_DAKCFMEO_04438, plate25_C2_annotation_DAKCFMEO_04382, plate25_C2_annotation_DAKCFMEO_03933
OG0000013	N0	n2	1.0	Non-Terminal	plate25_C2_annotation_DAKCFMEO_05213, DC3000_protein_12_2025_WP_011103512.1	DC3000_protein_12_2025_WP_005767792.1, plate25_C2_annotation_DAKCFMEO_05243, plate25_C2_annotation_DAKCFMEO_04438, plate25_C2_annotation_DAKCFMEO_04382, plate25_C2_annotation_DAKCFMEO_03933
OG0000013	plate25.C2.annotation	n5	1.0	Terminal	plate25_C2_annotation_DAKCFMEO_05243	plate25_C2_annotation_DAKCFMEO_04438, plate25_C2_annotation_DAKCFMEO_04382, plate25_C2_annotation_DAKCFMEO_03933
OG0000013	plate25.C2.annotation	n6	1.0	Terminal	plate25_C2_annotation_DAKCFMEO_04438, plate25_C2_annotation_DAKCFMEO_04382	plate25_C2_annotation_DAKCFMEO_03933
OG0000013	plate25.C2.annotation	n7	1.0	Terminal	plate25_C2_annotation_DAKCFMEO_04438	plate25_C2_annotation_DAKCFMEO_04382
OG0000014	N0	n0	1.0	Non-Terminal	DC3000_protein_12_2025_WP_011104382.1, plate25_C2_annotation_DAKCFMEO_03805, plate25_C2_annotation_DAKCFMEO_04771	DC3000_protein_12_2025_WP_011103058.1, plate25_C2_annotation_DAKCFMEO_02034, plate25_C2_annotation_DAKCFMEO_04030, DC3000_protein_12_2025_WP_011104339.1, DC3000_protein_12_2025_WP_005770761.1, plate25_C2_annotation_DAKCFMEO_04356
OG0000014	plate25.C2.annotation	n2	1.0	Terminal	plate25_C2_annotation_DAKCFMEO_03805	plate25_C2_annotation_DAKCFMEO_04771
OG0000014	N0	n3	1.0	Non-Terminal	DC3000_protein_12_2025_WP_011103058.1, plate25_C2_annotation_DAKCFMEO_02034, plate25_C2_annotation_DAKCFMEO_04030, DC3000_protein_12_2025_WP_011104339.1	DC3000_protein_12_2025_WP_005770761.1, plate25_C2_annotation_DAKCFMEO_04356
OG0000014	N0	n4	1.0	Non-Terminal	DC3000_protein_12_2025_WP_011103058.1, plate25_C2_annotation_DAKCFMEO_02034	plate25_C2_annotation_DAKCFMEO_04030, DC3000_protein_12_2025_WP_011104339.1
OG0000015	N0	n0	1.0	Non-Terminal	plate25_C2_annotation_DAKCFMEO_00963, DC3000_protein_12_2025_WP_011104104.1	DC3000_protein_12_2025_WP_005894383.1, plate25_C2_annotation_DAKCFMEO_02100, plate25_C2_annotation_DAKCFMEO_00056, DC3000_protein_12_2025_WP_011104874.1, plate25_C2_annotation_DAKCFMEO_00086, DC3000_protein_12_2025_WP_011104873.1, plate25_C2_annotation_DAKCFMEO_00085
OG0000015	N0	n2	1.0	Non-Terminal	DC3000_protein_12_2025_WP_005894383.1, plate25_C2_annotation_DAKCFMEO_02100, plate25_C2_annotation_DAKCFMEO_00056	DC3000_protein_12_2025_WP_011104874.1, plate25_C2_annotation_DAKCFMEO_00086, DC3000_protein_12_2025_WP_011104873.1, plate25_C2_annotation_DAKCFMEO_00085
OG0000015	plate25.C2.annotation	n4	1.0	Terminal	plate25_C2_annotation_DAKCFMEO_02100	plate25_C2_annotation_DAKCFMEO_00056
OG0000015	N0	n5	1.0	Non-Terminal	DC3000_protein_12_2025_WP_011104874.1, plate25_C2_annotation_DAKCFMEO_00086	DC3000_protein_12_2025_WP_011104873.1, plate25_C2_annotation_DAKCFMEO_00085
OG0000016	N0	n0	1.0	Non-Terminal	plate25_C2_annotation_DAKCFMEO_04042, DC3000_protein_12_2025_WP_005764458.1	DC3000_protein_12_2025_WP_005738213.1, plate25_C2_annotation_DAKCFMEO_03893, plate25_C2_annotation_DAKCFMEO_04650, plate25_C2_annotation_DAKCFMEO_01238, plate25_C2_annotation_DAKCFMEO_01341, plate25_C2_annotation_DAKCFMEO_01407
OG0000016	plate25.C2.annotation	n3	1.0	Terminal	plate25_C2_annotation_DAKCFMEO_03893, plate25_C2_annotation_DAKCFMEO_04650, plate25_C2_annotation_DAKCFMEO_01238	plate25_C2_annotation_DAKCFMEO_01341, plate25_C2_annotation_DAKCFMEO_01407
OG0000016	plate25.C2.annotation	n4	1.0	Terminal	plate25_C2_annotation_DAKCFMEO_03893	plate25_C2_annotation_DAKCFMEO_04650, plate25_C2_annotation_DAKCFMEO_01238
OG0000016	plate25.C2.annotation	n5	1.0	Terminal	plate25_C2_annotation_DAKCFMEO_04650	plate25_C2_annotation_DAKCFMEO_01238
OG0000016	plate25.C2.annotation	n6	1.0	Terminal	plate25_C2_annotation_DAKCFMEO_01341	plate25_C2_annotation_DAKCFMEO_01407
OG0000017	N0	n0	1.0	Non-Terminal	plate25_C2_annotation_DAKCFMEO_00588, plate25_C2_annotation_DAKCFMEO_03879, DC3000_protein_12_2025_WP_005764287.1	DC3000_protein_12_2025_WP_007246985.1, plate25_C2_annotation_DAKCFMEO_04733, DC3000_protein_12_2025_WP_007246046.1, plate25_C2_annotation_DAKCFMEO_04571, plate25_C2_annotation_DAKCFMEO_02438
OG0000017	plate25.C2.annotation	n2	1.0	Terminal	plate25_C2_annotation_DAKCFMEO_00588	plate25_C2_annotation_DAKCFMEO_03879
OG0000017	N0	n3	1.0	Non-Terminal	DC3000_protein_12_2025_WP_007246985.1, plate25_C2_annotation_DAKCFMEO_04733	DC3000_protein_12_2025_WP_007246046.1, plate25_C2_annotation_DAKCFMEO_04571, plate25_C2_annotation_DAKCFMEO_02438
OG0000017	plate25.C2.annotation	n6	1.0	Terminal	plate25_C2_annotation_DAKCFMEO_04571	plate25_C2_annotation_DAKCFMEO_02438
OG0000018	N0	n0	1.0	Non-Terminal	DC3000_protein_12_2025_WP_046463882.1, plate25_C2_annotation_DAKCFMEO_05133	DC3000_protein_12_2025_WP_011104006.1, plate25_C2_annotation_DAKCFMEO_03996, DC3000_protein_12_2025_WP_005764602.1, plate25_C2_annotation_DAKCFMEO_05134, DC3000_protein_12_2025_WP_011104007.1, DC3000_protein_12_2025_WP_011105351.1
OG0000018	N0	n2	0.5	Non-Terminal	DC3000_protein_12_2025_WP_011104006.1	plate25_C2_annotation_DAKCFMEO_03996, DC3000_protein_12_2025_WP_005764602.1, plate25_C2_annotation_DAKCFMEO_05134, DC3000_protein_12_2025_WP_011104007.1, DC3000_protein_12_2025_WP_011105351.1
OG0000018	N0	n3	1.0	Non-Terminal	plate25_C2_annotation_DAKCFMEO_03996, DC3000_protein_12_2025_WP_005764602.1	plate25_C2_annotation_DAKCFMEO_05134, DC3000_protein_12_2025_WP_011104007.1, DC3000_protein_12_2025_WP_011105351.1
OG0000018	DC3000_protein_12_2025	n6	1.0	Terminal	DC3000_protein_12_2025_WP_011104007.1	DC3000_protein_12_2025_WP_011105351.1
OG0000019	N0	n0	1.0	Non-Terminal	DC3000_protein_12_2025_WP_011104980.1, plate25_C2_annotation_DAKCFMEO_00342	plate25_C2_annotation_DAKCFMEO_04064, DC3000_protein_12_2025_WP_011104924.1, plate25_C2_annotation_DAKCFMEO_04423, DC3000_protein_12_2025_WP_011104372.1, DC3000_protein_12_2025_WP_005767796.1, plate25_C2_annotation_DAKCFMEO_03538
OG0000019	N0	n2	1.0	Non-Terminal	plate25_C2_annotation_DAKCFMEO_04064, DC3000_protein_12_2025_WP_011104924.1	plate25_C2_annotation_DAKCFMEO_04423, DC3000_protein_12_2025_WP_011104372.1, DC3000_protein_12_2025_WP_005767796.1, plate25_C2_annotation_DAKCFMEO_03538
OG0000019	N0	n4	1.0	Non-Terminal	plate25_C2_annotation_DAKCFMEO_04423, DC3000_protein_12_2025_WP_011104372.1	DC3000_protein_12_2025_WP_005767796.1, plate25_C2_annotation_DAKCFMEO_03538
OG0000020	N0	n0	1.0	Non-Terminal	plate25_C2_annotation_DAKCFMEO_04634, plate25_C2_annotation_DAKCFMEO_01707, DC3000_protein_12_2025_WP_011107021.1	DC3000_protein_12_2025_WP_005770837.1, plate25_C2_annotation_DAKCFMEO_00928, DC3000_protein_12_2025_WP_007243745.1, plate25_C2_annotation_DAKCFMEO_00927, plate25_C2_annotation_DAKCFMEO_04757
OG0000020	plate25.C2.annotation	n2	1.0	Terminal	plate25_C2_annotation_DAKCFMEO_04634	plate25_C2_annotation_DAKCFMEO_01707
OG0000020	N0	n3	1.0	Non-Terminal	DC3000_protein_12_2025_WP_005770837.1, plate25_C2_annotation_DAKCFMEO_00928	DC3000_protein_12_2025_WP_007243745.1, plate25_C2_annotation_DAKCFMEO_00927, plate25_C2_annotation_DAKCFMEO_04757
OG0000020	plate25.C2.annotation	n6	1.0	Terminal	plate25_C2_annotation_DAKCFMEO_00927	plate25_C2_annotation_DAKCFMEO_04757
OG0000021	N0	n0	1.0	Non-Terminal	plate25_C2_annotation_DAKCFMEO_01760, DC3000_protein_12_2025_WP_044393047.1	DC3000_protein_12_2025_WP_007243826.1, DC3000_protein_12_2025_WP_011104703.1, DC3000_protein_12_2025_WP_011105438.1, plate25_C2_annotation_DAKCFMEO_05224, plate25_C2_annotation_DAKCFMEO_04383, DC3000_protein_12_2025_WP_024667882.1
OG0000021	N0	n2	0.5	Non-Terminal	DC3000_protein_12_2025_WP_007243826.1, DC3000_protein_12_2025_WP_011104703.1	DC3000_protein_12_2025_WP_011105438.1, plate25_C2_annotation_DAKCFMEO_05224, plate25_C2_annotation_DAKCFMEO_04383, DC3000_protein_12_2025_WP_024667882.1
OG0000021	DC3000_protein_12_2025	n3	1.0	Terminal	DC3000_protein_12_2025_WP_007243826.1	DC3000_protein_12_2025_WP_011104703.1
OG0000021	N0	n4	1.0	Non-Terminal	DC3000_protein_12_2025_WP_011105438.1, plate25_C2_annotation_DAKCFMEO_05224	plate25_C2_annotation_DAKCFMEO_04383, DC3000_protein_12_2025_WP_024667882.1
OG0000022	N0	n0	1.0	Non-Terminal	plate25_C2_annotation_DAKCFMEO_05163, DC3000_protein_12_2025_WP_011103090.1	DC3000_protein_12_2025_WP_046463958.1, plate25_C2_annotation_DAKCFMEO_01557, plate25_C2_annotation_DAKCFMEO_01037, plate25_C2_annotation_DAKCFMEO_02181, plate25_C2_annotation_DAKCFMEO_01779, plate25_C2_annotation_DAKCFMEO_02871
OG0000022	plate25.C2.annotation	n3	1.0	Terminal	plate25_C2_annotation_DAKCFMEO_01557, plate25_C2_annotation_DAKCFMEO_01037, plate25_C2_annotation_DAKCFMEO_02181, plate25_C2_annotation_DAKCFMEO_01779	plate25_C2_annotation_DAKCFMEO_02871
OG0000022	plate25.C2.annotation	n4	1.0	Terminal	plate25_C2_annotation_DAKCFMEO_01557	plate25_C2_annotation_DAKCFMEO_01037, plate25_C2_annotation_DAKCFMEO_02181, plate25_C2_annotation_DAKCFMEO_01779
OG0000022	plate25.C2.annotation	n5	1.0	Terminal	plate25_C2_annotation_DAKCFMEO_01037	plate25_C2_annotation_DAKCFMEO_02181, plate25_C2_annotation_DAKCFMEO_01779
OG0000022	plate25.C2.annotation	n6	1.0	Terminal	plate25_C2_annotation_DAKCFMEO_02181	plate25_C2_annotation_DAKCFMEO_01779
OG0000023	N0	n0	1.0	Non-Terminal	DC3000_protein_12_2025_WP_011104487.1, plate25_C2_annotation_DAKCFMEO_01438	plate25_C2_annotation_DAKCFMEO_05141, DC3000_protein_12_2025_WP_011105356.1, DC3000_protein_12_2025_WP_011103298.1, plate25_C2_annotation_DAKCFMEO_03216, plate25_C2_annotation_DAKCFMEO_00970, plate25_C2_annotation_DAKCFMEO_04449
OG0000023	N0	n2	1.0	Non-Terminal	plate25_C2_annotation_DAKCFMEO_05141, DC3000_protein_12_2025_WP_011105356.1	DC3000_protein_12_2025_WP_011103298.1, plate25_C2_annotation_DAKCFMEO_03216, plate25_C2_annotation_DAKCFMEO_00970, plate25_C2_annotation_DAKCFMEO_04449
OG0000023	plate25.C2.annotation	n5	1.0	Terminal	plate25_C2_annotation_DAKCFMEO_03216	plate25_C2_annotation_DAKCFMEO_00970, plate25_C2_annotation_DAKCFMEO_04449
OG0000023	plate25.C2.annotation	n6	1.0	Terminal	plate25_C2_annotation_DAKCFMEO_00970	plate25_C2_annotation_DAKCFMEO_04449
OG0000024	DC3000_protein_12_2025	n0	1.0	Terminal	DC3000_protein_12_2025_WP_080946645.1	DC3000_protein_12_2025_WP_078983211.1, DC3000_protein_12_2025_WP_080597953.1, DC3000_protein_12_2025_WP_080946591.1, DC3000_protein_12_2025_WP_080115702.1, DC3000_protein_12_2025_WP_159229490.1, DC3000_protein_12_2025_WP_159229495.1, DC3000_protein_12_2025_WP_159229486.1
OG0000024	DC3000_protein_12_2025	n1	1.0	Terminal	DC3000_protein_12_2025_WP_078983211.1	DC3000_protein_12_2025_WP_080597953.1, DC3000_protein_12_2025_WP_080946591.1, DC3000_protein_12_2025_WP_080115702.1, DC3000_protein_12_2025_WP_159229490.1, DC3000_protein_12_2025_WP_159229495.1, DC3000_protein_12_2025_WP_159229486.1
OG0000024	DC3000_protein_12_2025	n2	1.0	Terminal	DC3000_protein_12_2025_WP_080597953.1, DC3000_protein_12_2025_WP_080946591.1	DC3000_protein_12_2025_WP_080115702.1, DC3000_protein_12_2025_WP_159229490.1, DC3000_protein_12_2025_WP_159229495.1, DC3000_protein_12_2025_WP_159229486.1
OG0000024	DC3000_protein_12_2025	n3	1.0	Terminal	DC3000_protein_12_2025_WP_080597953.1	DC3000_protein_12_2025_WP_080946591.1
OG0000024	DC3000_protein_12_2025	n4	1.0	Terminal	DC3000_protein_12_2025_WP_080115702.1	DC3000_protein_12_2025_WP_159229490.1, DC3000_protein_12_2025_WP_159229495.1, DC3000_protein_12_2025_WP_159229486.1
OG0000024	DC3000_protein_12_2025	n5	1.0	Terminal	DC3000_protein_12_2025_WP_159229490.1	DC3000_protein_12_2025_WP_159229495.1, DC3000_protein_12_2025_WP_159229486.1
OG0000024	DC3000_protein_12_2025	n6	1.0	Terminal	DC3000_protein_12_2025_WP_159229495.1	DC3000_protein_12_2025_WP_159229486.1
OG0000025	plate25.C2.annotation	n0	1.0	Terminal	plate25_C2_annotation_DAKCFMEO_00882	plate25_C2_annotation_DAKCFMEO_04599, plate25_C2_annotation_DAKCFMEO_02353, plate25_C2_annotation_DAKCFMEO_00698, plate25_C2_annotation_DAKCFMEO_02027, plate25_C2_annotation_DAKCFMEO_03385, plate25_C2_annotation_DAKCFMEO_01422, plate25_C2_annotation_DAKCFMEO_02005
OG0000025	plate25.C2.annotation	n1	1.0	Terminal	plate25_C2_annotation_DAKCFMEO_04599, plate25_C2_annotation_DAKCFMEO_02353, plate25_C2_annotation_DAKCFMEO_00698	plate25_C2_annotation_DAKCFMEO_02027, plate25_C2_annotation_DAKCFMEO_03385, plate25_C2_annotation_DAKCFMEO_01422, plate25_C2_annotation_DAKCFMEO_02005
OG0000025	plate25.C2.annotation	n2	1.0	Terminal	plate25_C2_annotation_DAKCFMEO_04599	plate25_C2_annotation_DAKCFMEO_02353, plate25_C2_annotation_DAKCFMEO_00698
OG0000025	plate25.C2.annotation	n3	1.0	Terminal	plate25_C2_annotation_DAKCFMEO_02353	plate25_C2_annotation_DAKCFMEO_00698
OG0000025	plate25.C2.annotation	n4	1.0	Terminal	plate25_C2_annotation_DAKCFMEO_02027, plate25_C2_annotation_DAKCFMEO_03385, plate25_C2_annotation_DAKCFMEO_01422	plate25_C2_annotation_DAKCFMEO_02005
OG0000025	plate25.C2.annotation	n5	1.0	Terminal	plate25_C2_annotation_DAKCFMEO_02027, plate25_C2_annotation_DAKCFMEO_03385	plate25_C2_annotation_DAKCFMEO_01422
OG0000025	plate25.C2.annotation	n6	1.0	Terminal	plate25_C2_annotation_DAKCFMEO_02027	plate25_C2_annotation_DAKCFMEO_03385
OG0000026	N0	n0	1.0	Non-Terminal	plate25_C2_annotation_DAKCFMEO_03049, DC3000_protein_12_2025_WP_011103389.1	plate25_C2_annotation_DAKCFMEO_02554, DC3000_protein_12_2025_WP_004666923.1, DC3000_protein_12_2025_WP_003347743.1, DC3000_protein_12_2025_WP_005615816.1, DC3000_protein_12_2025_WP_005766970.1
OG0000026	DC3000_protein_12_2025	n3	1.0	Terminal	DC3000_protein_12_2025_WP_004666923.1, DC3000_protein_12_2025_WP_003347743.1	DC3000_protein_12_2025_WP_005615816.1, DC3000_protein_12_2025_WP_005766970.1
OG0000026	DC3000_protein_12_2025	n4	1.0	Terminal	DC3000_protein_12_2025_WP_004666923.1	DC3000_protein_12_2025_WP_003347743.1
OG0000026	DC3000_protein_12_2025	n5	1.0	Terminal	DC3000_protein_12_2025_WP_005615816.1	DC3000_protein_12_2025_WP_005766970.1
OG0000027	N0	n0	1.0	Non-Terminal	DC3000_protein_12_2025_WP_005768479.1, plate25_C2_annotation_DAKCFMEO_02083	plate25_C2_annotation_DAKCFMEO_03677, DC3000_protein_12_2025_WP_005770083.1, plate25_C2_annotation_DAKCFMEO_03697, DC3000_protein_12_2025_WP_011105578.1, DC3000_protein_12_2025_WP_003425026.1
OG0000027	N0	n2	1.0	Non-Terminal	plate25_C2_annotation_DAKCFMEO_03677, DC3000_protein_12_2025_WP_005770083.1	plate25_C2_annotation_DAKCFMEO_03697, DC3000_protein_12_2025_WP_011105578.1, DC3000_protein_12_2025_WP_003425026.1
OG0000027	DC3000_protein_12_2025	n5	1.0	Terminal	DC3000_protein_12_2025_WP_011105578.1	DC3000_protein_12_2025_WP_003425026.1
OG0000028	N0	n0	1.0	Non-Terminal	plate25_C2_annotation_DAKCFMEO_00517, DC3000_protein_12_2025_WP_005614629.1	DC3000_protein_12_2025_WP_011105486.1, plate25_C2_annotation_DAKCFMEO_01633, DC3000_protein_12_2025_WP_011104076.1, plate25_C2_annotation_DAKCFMEO_05286, plate25_C2_annotation_DAKCFMEO_01140
OG0000028	N0	n2	1.0	Non-Terminal	DC3000_protein_12_2025_WP_011105486.1, plate25_C2_annotation_DAKCFMEO_01633	DC3000_protein_12_2025_WP_011104076.1, plate25_C2_annotation_DAKCFMEO_05286, plate25_C2_annotation_DAKCFMEO_01140
OG0000028	plate25.C2.annotation	n5	1.0	Terminal	plate25_C2_annotation_DAKCFMEO_05286	plate25_C2_annotation_DAKCFMEO_01140
OG0000029	N0	n0	1.0	Non-Terminal	plate25_C2_annotation_DAKCFMEO_03367, DC3000_protein_12_2025_WP_080946590.1, DC3000_protein_12_2025_WP_161797792.1	DC3000_protein_12_2025_WP_005615166.1, DC3000_protein_12_2025_WP_011105434.1, DC3000_protein_12_2025_WP_011104519.1, plate25_C2_annotation_DAKCFMEO_03368
OG0000029	DC3000_protein_12_2025	n2	1.0	Terminal	DC3000_protein_12_2025_WP_080946590.1	DC3000_protein_12_2025_WP_161797792.1
OG0000029	DC3000_protein_12_2025	n4	1.0	Terminal	DC3000_protein_12_2025_WP_005615166.1	DC3000_protein_12_2025_WP_011105434.1, DC3000_protein_12_2025_WP_011104519.1
OG0000029	DC3000_protein_12_2025	n5	1.0	Terminal	DC3000_protein_12_2025_WP_011105434.1	DC3000_protein_12_2025_WP_011104519.1
OG0000030	N0	n0	1.0	Non-Terminal	plate25_C2_annotation_DAKCFMEO_02022, DC3000_protein_12_2025_WP_005767078.1	plate25_C2_annotation_DAKCFMEO_02023, DC3000_protein_12_2025_WP_011105417.1, plate25_C2_annotation_DAKCFMEO_03771, DC3000_protein_12_2025_WP_164923170.1, DC3000_protein_12_2025_WP_005762461.1
OG0000030	N0	n2	1.0	Non-Terminal	plate25_C2_annotation_DAKCFMEO_02023, DC3000_protein_12_2025_WP_011105417.1	plate25_C2_annotation_DAKCFMEO_03771, DC3000_protein_12_2025_WP_164923170.1, DC3000_protein_12_2025_WP_005762461.1
OG0000030	DC3000_protein_12_2025	n5	1.0	Terminal	DC3000_protein_12_2025_WP_164923170.1	DC3000_protein_12_2025_WP_005762461.1
OG0000031	plate25.C2.annotation	n1	1.0	Terminal	plate25_C2_annotation_DAKCFMEO_03548, plate25_C2_annotation_DAKCFMEO_04050, plate25_C2_annotation_DAKCFMEO_02062, plate25_C2_annotation_DAKCFMEO_03812, plate25_C2_annotation_DAKCFMEO_03312	plate25_C2_annotation_DAKCFMEO_01189
OG0000031	plate25.C2.annotation	n2	1.0	Terminal	plate25_C2_annotation_DAKCFMEO_03548, plate25_C2_annotation_DAKCFMEO_04050, plate25_C2_annotation_DAKCFMEO_02062	plate25_C2_annotation_DAKCFMEO_03812, plate25_C2_annotation_DAKCFMEO_03312
OG0000031	plate25.C2.annotation	n3	1.0	Terminal	plate25_C2_annotation_DAKCFMEO_03548, plate25_C2_annotation_DAKCFMEO_04050	plate25_C2_annotation_DAKCFMEO_02062
OG0000031	plate25.C2.annotation	n4	1.0	Terminal	plate25_C2_annotation_DAKCFMEO_03548	plate25_C2_annotation_DAKCFMEO_04050
OG0000031	plate25.C2.annotation	n5	1.0	Terminal	plate25_C2_annotation_DAKCFMEO_03812	plate25_C2_annotation_DAKCFMEO_03312
OG0000032	N0	n0	1.0	Non-Terminal	plate25_C2_annotation_DAKCFMEO_04390, DC3000_protein_12_2025_WP_010218671.1	DC3000_protein_12_2025_WP_011105102.1, plate25_C2_annotation_DAKCFMEO_00572, DC3000_protein_12_2025_WP_005762709.1, plate25_C2_annotation_DAKCFMEO_03863, plate25_C2_annotation_DAKCFMEO_01092
OG0000032	N0	n2	1.0	Non-Terminal	DC3000_protein_12_2025_WP_011105102.1, plate25_C2_annotation_DAKCFMEO_00572	DC3000_protein_12_2025_WP_005762709.1, plate25_C2_annotation_DAKCFMEO_03863, plate25_C2_annotation_DAKCFMEO_01092
OG0000032	plate25.C2.annotation	n5	1.0	Terminal	plate25_C2_annotation_DAKCFMEO_03863	plate25_C2_annotation_DAKCFMEO_01092
OG0000033	N0	n0	1.0	Non-Terminal	plate25_C2_annotation_DAKCFMEO_05232, plate25_C2_annotation_DAKCFMEO_05233, DC3000_protein_12_2025_WP_005767187.1	DC3000_protein_12_2025_WP_005763587.1, plate25_C2_annotation_DAKCFMEO_05145, plate25_C2_annotation_DAKCFMEO_00332, plate25_C2_annotation_DAKCFMEO_04962
OG0000033	plate25.C2.annotation	n2	1.0	Terminal	plate25_C2_annotation_DAKCFMEO_05232	plate25_C2_annotation_DAKCFMEO_05233
OG0000033	plate25.C2.annotation	n4	1.0	Terminal	plate25_C2_annotation_DAKCFMEO_05145	plate25_C2_annotation_DAKCFMEO_00332, plate25_C2_annotation_DAKCFMEO_04962
OG0000033	plate25.C2.annotation	n5	1.0	Terminal	plate25_C2_annotation_DAKCFMEO_00332	plate25_C2_annotation_DAKCFMEO_04962
OG0000034	N0	n0	1.0	Non-Terminal	DC3000_protein_12_2025_WP_005771258.1, plate25_C2_annotation_DAKCFMEO_01375	DC3000_protein_12_2025_WP_011104482.1, plate25_C2_annotation_DAKCFMEO_01431, plate25_C2_annotation_DAKCFMEO_04773, DC3000_protein_12_2025_WP_011104229.1, DC3000_protein_12_2025_WP_011103467.1
OG0000034	N0	n2	1.0	Non-Terminal	DC3000_protein_12_2025_WP_011104482.1, plate25_C2_annotation_DAKCFMEO_01431	plate25_C2_annotation_DAKCFMEO_04773, DC3000_protein_12_2025_WP_011104229.1, DC3000_protein_12_2025_WP_011103467.1
OG0000034	DC3000_protein_12_2025	n5	1.0	Terminal	DC3000_protein_12_2025_WP_011104229.1	DC3000_protein_12_2025_WP_011103467.1
OG0000035	N0	n0	1.0	Non-Terminal	plate25_C2_annotation_DAKCFMEO_00770, DC3000_protein_12_2025_WP_011103959.1	DC3000_protein_12_2025_WP_007244158.1, plate25_C2_annotation_DAKCFMEO_03891, plate25_C2_annotation_DAKCFMEO_02442, plate25_C2_annotation_DAKCFMEO_04436, plate25_C2_annotation_DAKCFMEO_01735
OG0000035	plate25.C2.annotation	n3	1.0	Terminal	plate25_C2_annotation_DAKCFMEO_03891, plate25_C2_annotation_DAKCFMEO_02442, plate25_C2_annotation_DAKCFMEO_04436	plate25_C2_annotation_DAKCFMEO_01735
OG0000035	plate25.C2.annotation	n4	1.0	Terminal	plate25_C2_annotation_DAKCFMEO_03891, plate25_C2_annotation_DAKCFMEO_02442	plate25_C2_annotation_DAKCFMEO_04436
OG0000035	plate25.C2.annotation	n5	1.0	Terminal	plate25_C2_annotation_DAKCFMEO_03891	plate25_C2_annotation_DAKCFMEO_02442
OG0000036	N0	n0	1.0	Non-Terminal	plate25_C2_annotation_DAKCFMEO_03708, DC3000_protein_12_2025_WP_011103274.1	DC3000_protein_12_2025_WP_011104588.1, plate25_C2_annotation_DAKCFMEO_04695, DC3000_protein_12_2025_WP_011103279.1, plate25_C2_annotation_DAKCFMEO_00952, plate25_C2_annotation_DAKCFMEO_00600
OG0000036	N0	n2	1.0	Non-Terminal	DC3000_protein_12_2025_WP_011104588.1, plate25_C2_annotation_DAKCFMEO_04695	DC3000_protein_12_2025_WP_011103279.1, plate25_C2_annotation_DAKCFMEO_00952, plate25_C2_annotation_DAKCFMEO_00600
OG0000036	plate25.C2.annotation	n5	1.0	Terminal	plate25_C2_annotation_DAKCFMEO_00952	plate25_C2_annotation_DAKCFMEO_00600
OG0000037	N0	n0	1.0	Non-Terminal	plate25_C2_annotation_DAKCFMEO_03737, DC3000_protein_12_2025_WP_011104174.1	DC3000_protein_12_2025_WP_011103502.1, plate25_C2_annotation_DAKCFMEO_01240, plate25_C2_annotation_DAKCFMEO_00363, plate25_C2_annotation_DAKCFMEO_03736, plate25_C2_annotation_DAKCFMEO_02993
OG0000037	plate25.C2.annotation	n3	1.0	Terminal	plate25_C2_annotation_DAKCFMEO_01240, plate25_C2_annotation_DAKCFMEO_00363	plate25_C2_annotation_DAKCFMEO_03736, plate25_C2_annotation_DAKCFMEO_02993
OG0000037	plate25.C2.annotation	n4	1.0	Terminal	plate25_C2_annotation_DAKCFMEO_01240	plate25_C2_annotation_DAKCFMEO_00363
OG0000037	plate25.C2.annotation	n5	1.0	Terminal	plate25_C2_annotation_DAKCFMEO_03736	plate25_C2_annotation_DAKCFMEO_02993
OG0000038	plate25.C2.annotation	n1	1.0	Terminal	plate25_C2_annotation_DAKCFMEO_04608, plate25_C2_annotation_DAKCFMEO_04453, plate25_C2_annotation_DAKCFMEO_04966, plate25_C2_annotation_DAKCFMEO_00913, plate25_C2_annotation_DAKCFMEO_03469	plate25_C2_annotation_DAKCFMEO_04605
OG0000038	plate25.C2.annotation	n2	1.0	Terminal	plate25_C2_annotation_DAKCFMEO_04608, plate25_C2_annotation_DAKCFMEO_04453, plate25_C2_annotation_DAKCFMEO_04966, plate25_C2_annotation_DAKCFMEO_00913	plate25_C2_annotation_DAKCFMEO_03469
OG0000038	plate25.C2.annotation	n3	1.0	Terminal	plate25_C2_annotation_DAKCFMEO_04608, plate25_C2_annotation_DAKCFMEO_04453, plate25_C2_annotation_DAKCFMEO_04966	plate25_C2_annotation_DAKCFMEO_00913
OG0000038	plate25.C2.annotation	n4	1.0	Terminal	plate25_C2_annotation_DAKCFMEO_04608, plate25_C2_annotation_DAKCFMEO_04453	plate25_C2_annotation_DAKCFMEO_04966
OG0000038	plate25.C2.annotation	n5	1.0	Terminal	plate25_C2_annotation_DAKCFMEO_04608	plate25_C2_annotation_DAKCFMEO_04453
OG0000039	plate25.C2.annotation	n0	1.0	Terminal	plate25_C2_annotation_DAKCFMEO_03074	plate25_C2_annotation_DAKCFMEO_02068, plate25_C2_annotation_DAKCFMEO_00978, plate25_C2_annotation_DAKCFMEO_02070, plate25_C2_annotation_DAKCFMEO_03370, plate25_C2_annotation_DAKCFMEO_02069, plate25_C2_annotation_DAKCFMEO_02795
OG0000039	plate25.C2.annotation	n1	1.0	Terminal	plate25_C2_annotation_DAKCFMEO_02068, plate25_C2_annotation_DAKCFMEO_00978, plate25_C2_annotation_DAKCFMEO_02070, plate25_C2_annotation_DAKCFMEO_03370	plate25_C2_annotation_DAKCFMEO_02069, plate25_C2_annotation_DAKCFMEO_02795
OG0000039	plate25.C2.annotation	n2	1.0	Terminal	plate25_C2_annotation_DAKCFMEO_02068	plate25_C2_annotation_DAKCFMEO_00978, plate25_C2_annotation_DAKCFMEO_02070, plate25_C2_annotation_DAKCFMEO_03370
OG0000039	plate25.C2.annotation	n3	1.0	Terminal	plate25_C2_annotation_DAKCFMEO_00978, plate25_C2_annotation_DAKCFMEO_02070	plate25_C2_annotation_DAKCFMEO_03370
OG0000039	plate25.C2.annotation	n4	1.0	Terminal	plate25_C2_annotation_DAKCFMEO_00978	plate25_C2_annotation_DAKCFMEO_02070
OG0000039	plate25.C2.annotation	n5	1.0	Terminal	plate25_C2_annotation_DAKCFMEO_02069	plate25_C2_annotation_DAKCFMEO_02795
OG0000040	plate25.C2.annotation	n0	1.0	Terminal	plate25_C2_annotation_DAKCFMEO_01141	plate25_C2_annotation_DAKCFMEO_04231, plate25_C2_annotation_DAKCFMEO_03654, plate25_C2_annotation_DAKCFMEO_01022, plate25_C2_annotation_DAKCFMEO_02477, plate25_C2_annotation_DAKCFMEO_01313, plate25_C2_annotation_DAKCFMEO_05276
OG0000040	plate25.C2.annotation	n1	1.0	Terminal	plate25_C2_annotation_DAKCFMEO_04231	plate25_C2_annotation_DAKCFMEO_03654, plate25_C2_annotation_DAKCFMEO_01022, plate25_C2_annotation_DAKCFMEO_02477, plate25_C2_annotation_DAKCFMEO_01313, plate25_C2_annotation_DAKCFMEO_05276
OG0000040	plate25.C2.annotation	n2	1.0	Terminal	plate25_C2_annotation_DAKCFMEO_03654, plate25_C2_annotation_DAKCFMEO_01022	plate25_C2_annotation_DAKCFMEO_02477, plate25_C2_annotation_DAKCFMEO_01313, plate25_C2_annotation_DAKCFMEO_05276
OG0000040	plate25.C2.annotation	n3	1.0	Terminal	plate25_C2_annotation_DAKCFMEO_03654	plate25_C2_annotation_DAKCFMEO_01022
OG0000040	plate25.C2.annotation	n4	1.0	Terminal	plate25_C2_annotation_DAKCFMEO_02477, plate25_C2_annotation_DAKCFMEO_01313	plate25_C2_annotation_DAKCFMEO_05276
OG0000040	plate25.C2.annotation	n5	1.0	Terminal	plate25_C2_annotation_DAKCFMEO_02477	plate25_C2_annotation_DAKCFMEO_01313
OG0000041	plate25.C2.annotation	n0	1.0	Terminal	plate25_C2_annotation_DAKCFMEO_01147	plate25_C2_annotation_DAKCFMEO_03945, plate25_C2_annotation_DAKCFMEO_01145, plate25_C2_annotation_DAKCFMEO_03944, plate25_C2_annotation_DAKCFMEO_01148, plate25_C2_annotation_DAKCFMEO_01146, plate25_C2_annotation_DAKCFMEO_01149
OG0000041	plate25.C2.annotation	n1	1.0	Terminal	plate25_C2_annotation_DAKCFMEO_03945, plate25_C2_annotation_DAKCFMEO_01145, plate25_C2_annotation_DAKCFMEO_03944	plate25_C2_annotation_DAKCFMEO_01148, plate25_C2_annotation_DAKCFMEO_01146, plate25_C2_annotation_DAKCFMEO_01149
OG0000041	plate25.C2.annotation	n2	1.0	Terminal	plate25_C2_annotation_DAKCFMEO_03945, plate25_C2_annotation_DAKCFMEO_01145	plate25_C2_annotation_DAKCFMEO_03944
OG0000041	plate25.C2.annotation	n3	1.0	Terminal	plate25_C2_annotation_DAKCFMEO_03945	plate25_C2_annotation_DAKCFMEO_01145
OG0000041	plate25.C2.annotation	n4	1.0	Terminal	plate25_C2_annotation_DAKCFMEO_01148	plate25_C2_annotation_DAKCFMEO_01146, plate25_C2_annotation_DAKCFMEO_01149
OG0000041	plate25.C2.annotation	n5	1.0	Terminal	plate25_C2_annotation_DAKCFMEO_01146	plate25_C2_annotation_DAKCFMEO_01149
OG0000042	plate25.C2.annotation	n0	1.0	Terminal	plate25_C2_annotation_DAKCFMEO_04777	plate25_C2_annotation_DAKCFMEO_02956, plate25_C2_annotation_DAKCFMEO_03306, plate25_C2_annotation_DAKCFMEO_02952, plate25_C2_annotation_DAKCFMEO_05144, plate25_C2_annotation_DAKCFMEO_02954, plate25_C2_annotation_DAKCFMEO_02957
OG0000042	plate25.C2.annotation	n1	1.0	Terminal	plate25_C2_annotation_DAKCFMEO_02956	plate25_C2_annotation_DAKCFMEO_03306, plate25_C2_annotation_DAKCFMEO_02952, plate25_C2_annotation_DAKCFMEO_05144, plate25_C2_annotation_DAKCFMEO_02954, plate25_C2_annotation_DAKCFMEO_02957
OG0000042	plate25.C2.annotation	n2	1.0	Terminal	plate25_C2_annotation_DAKCFMEO_03306, plate25_C2_annotation_DAKCFMEO_02952, plate25_C2_annotation_DAKCFMEO_05144	plate25_C2_annotation_DAKCFMEO_02954, plate25_C2_annotation_DAKCFMEO_02957
OG0000042	plate25.C2.annotation	n3	1.0	Terminal	plate25_C2_annotation_DAKCFMEO_03306, plate25_C2_annotation_DAKCFMEO_02952	plate25_C2_annotation_DAKCFMEO_05144
OG0000042	plate25.C2.annotation	n4	1.0	Terminal	plate25_C2_annotation_DAKCFMEO_03306	plate25_C2_annotation_DAKCFMEO_02952
OG0000042	plate25.C2.annotation	n5	1.0	Terminal	plate25_C2_annotation_DAKCFMEO_02954	plate25_C2_annotation_DAKCFMEO_02957
OG0000043	N0	n0	1.0	Non-Terminal	DC3000_protein_12_2025_WP_002553156.1, plate25_C2_annotation_DAKCFMEO_00809	plate25_C2_annotation_DAKCFMEO_00145, DC3000_protein_12_2025_WP_002554837.1, DC3000_protein_12_2025_WP_005764082.1, plate25_C2_annotation_DAKCFMEO_03299
OG0000043	N0	n2	1.0	Non-Terminal	plate25_C2_annotation_DAKCFMEO_00145, DC3000_protein_12_2025_WP_002554837.1	DC3000_protein_12_2025_WP_005764082.1, plate25_C2_annotation_DAKCFMEO_03299
OG0000044	N0	n0	1.0	Non-Terminal	plate25_C2_annotation_DAKCFMEO_04624, DC3000_protein_12_2025_WP_002554157.1	plate25_C2_annotation_DAKCFMEO_04205, DC3000_protein_12_2025_WP_010216576.1, DC3000_protein_12_2025_WP_011103313.1, DC3000_protein_12_2025_WP_003381023.1
OG0000044	DC3000_protein_12_2025	n3	1.0	Terminal	DC3000_protein_12_2025_WP_010216576.1, DC3000_protein_12_2025_WP_011103313.1	DC3000_protein_12_2025_WP_003381023.1
OG0000044	DC3000_protein_12_2025	n4	1.0	Terminal	DC3000_protein_12_2025_WP_010216576.1	DC3000_protein_12_2025_WP_011103313.1
OG0000045	N0	n0	1.0	Non-Terminal	DC3000_protein_12_2025_WP_002555020.1, plate25_C2_annotation_DAKCFMEO_00368	plate25_C2_annotation_DAKCFMEO_00941, DC3000_protein_12_2025_WP_011104125.1, DC3000_protein_12_2025_WP_159229484.1, DC3000_protein_12_2025_WP_005770857.1
OG0000045	DC3000_protein_12_2025	n3	1.0	Terminal	DC3000_protein_12_2025_WP_011104125.1	DC3000_protein_12_2025_WP_159229484.1, DC3000_protein_12_2025_WP_005770857.1
OG0000045	DC3000_protein_12_2025	n4	1.0	Terminal	DC3000_protein_12_2025_WP_159229484.1	DC3000_protein_12_2025_WP_005770857.1
OG0000046	N0	n0	1.0	Non-Terminal	DC3000_protein_12_2025_WP_003381855.1, plate25_C2_annotation_DAKCFMEO_01356	plate25_C2_annotation_DAKCFMEO_01226, DC3000_protein_12_2025_WP_003425025.1, DC3000_protein_12_2025_WP_155490796.1, DC3000_protein_12_2025_WP_003378280.1
OG0000046	DC3000_protein_12_2025	n3	1.0	Terminal	DC3000_protein_12_2025_WP_003425025.1	DC3000_protein_12_2025_WP_155490796.1, DC3000_protein_12_2025_WP_003378280.1
OG0000046	DC3000_protein_12_2025	n4	1.0	Terminal	DC3000_protein_12_2025_WP_155490796.1	DC3000_protein_12_2025_WP_003378280.1
OG0000047	DC3000_protein_12_2025	n0	1.0	Terminal	DC3000_protein_12_2025_WP_164923172.1	DC3000_protein_12_2025_WP_011104442.1, DC3000_protein_12_2025_WP_003409202.1, DC3000_protein_12_2025_WP_080898634.1, DC3000_protein_12_2025_WP_159229438.1, DC3000_protein_12_2025_WP_011105416.1
OG0000047	DC3000_protein_12_2025	n1	1.0	Terminal	DC3000_protein_12_2025_WP_011104442.1	DC3000_protein_12_2025_WP_003409202.1, DC3000_protein_12_2025_WP_080898634.1, DC3000_protein_12_2025_WP_159229438.1, DC3000_protein_12_2025_WP_011105416.1
OG0000047	DC3000_protein_12_2025	n2	1.0	Terminal	DC3000_protein_12_2025_WP_003409202.1, DC3000_protein_12_2025_WP_080898634.1, DC3000_protein_12_2025_WP_159229438.1	DC3000_protein_12_2025_WP_011105416.1
OG0000047	DC3000_protein_12_2025	n3	1.0	Terminal	DC3000_protein_12_2025_WP_003409202.1	DC3000_protein_12_2025_WP_080898634.1, DC3000_protein_12_2025_WP_159229438.1
OG0000047	DC3000_protein_12_2025	n4	1.0	Terminal	DC3000_protein_12_2025_WP_080898634.1	DC3000_protein_12_2025_WP_159229438.1
OG0000048	N0	n0	1.0	Non-Terminal	DC3000_protein_12_2025_WP_005771285.1, plate25_C2_annotation_DAKCFMEO_00898	plate25_C2_annotation_DAKCFMEO_03885, DC3000_protein_12_2025_WP_005768982.1, DC3000_protein_12_2025_WP_005739842.1, plate25_C2_annotation_DAKCFMEO_02039
OG0000048	N0	n2	1.0	Non-Terminal	plate25_C2_annotation_DAKCFMEO_03885, DC3000_protein_12_2025_WP_005768982.1	DC3000_protein_12_2025_WP_005739842.1, plate25_C2_annotation_DAKCFMEO_02039
OG0000049	N0	n0	1.0	Non-Terminal	DC3000_protein_12_2025_WP_011104338.1, plate25_C2_annotation_DAKCFMEO_04028	plate25_C2_annotation_DAKCFMEO_04358, DC3000_protein_12_2025_WP_011104692.1, DC3000_protein_12_2025_WP_005739846.1, plate25_C2_annotation_DAKCFMEO_02036
OG0000049	N0	n2	1.0	Non-Terminal	plate25_C2_annotation_DAKCFMEO_04358, DC3000_protein_12_2025_WP_011104692.1	DC3000_protein_12_2025_WP_005739846.1, plate25_C2_annotation_DAKCFMEO_02036
OG0000050	N0	n0	1.0	Non-Terminal	DC3000_protein_12_2025_WP_005762712.1, plate25_C2_annotation_DAKCFMEO_01091	DC3000_protein_12_2025_WP_011105103.1, plate25_C2_annotation_DAKCFMEO_03862, plate25_C2_annotation_DAKCFMEO_04391, plate25_C2_annotation_DAKCFMEO_00573
OG0000050	plate25.C2.annotation	n3	1.0	Terminal	plate25_C2_annotation_DAKCFMEO_03862	plate25_C2_annotation_DAKCFMEO_04391, plate25_C2_annotation_DAKCFMEO_00573
OG0000050	plate25.C2.annotation	n4	1.0	Terminal	plate25_C2_annotation_DAKCFMEO_04391	plate25_C2_annotation_DAKCFMEO_00573
OG0000051	N0	n0	1.0	Non-Terminal	plate25_C2_annotation_DAKCFMEO_04210, DC3000_protein_12_2025_WP_046463879.1	plate25_C2_annotation_DAKCFMEO_04829, DC3000_protein_12_2025_WP_011105419.1, DC3000_protein_12_2025_WP_005763678.1, DC3000_protein_12_2025_WP_161797791.1
OG0000051	DC3000_protein_12_2025	n3	1.0	Terminal	DC3000_protein_12_2025_WP_011105419.1, DC3000_protein_12_2025_WP_005763678.1	DC3000_protein_12_2025_WP_161797791.1
OG0000051	DC3000_protein_12_2025	n4	1.0	Terminal	DC3000_protein_12_2025_WP_011105419.1	DC3000_protein_12_2025_WP_005763678.1
OG0000052	N0	n0	1.0	Non-Terminal	plate25_C2_annotation_DAKCFMEO_04029, DC3000_protein_12_2025_WP_005764441.1	plate25_C2_annotation_DAKCFMEO_04357, DC3000_protein_12_2025_WP_011104693.1, plate25_C2_annotation_DAKCFMEO_02035, DC3000_protein_12_2025_WP_011103059.1
OG0000052	N0	n2	1.0	Non-Terminal	plate25_C2_annotation_DAKCFMEO_04357, DC3000_protein_12_2025_WP_011104693.1	plate25_C2_annotation_DAKCFMEO_02035, DC3000_protein_12_2025_WP_011103059.1
OG0000053	N0	n0	1.0	Non-Terminal	plate25_C2_annotation_DAKCFMEO_01436, DC3000_protein_12_2025_WP_011104485.1	DC3000_protein_12_2025_WP_005765592.1, plate25_C2_annotation_DAKCFMEO_03217, plate25_C2_annotation_DAKCFMEO_00969, plate25_C2_annotation_DAKCFMEO_05143
OG0000053	plate25.C2.annotation	n3	1.0	Terminal	plate25_C2_annotation_DAKCFMEO_03217, plate25_C2_annotation_DAKCFMEO_00969	plate25_C2_annotation_DAKCFMEO_05143
OG0000053	plate25.C2.annotation	n4	1.0	Terminal	plate25_C2_annotation_DAKCFMEO_03217	plate25_C2_annotation_DAKCFMEO_00969
OG0000054	N0	n0	1.0	Non-Terminal	plate25_C2_annotation_DAKCFMEO_04385, DC3000_protein_12_2025_WP_005766129.1	DC3000_protein_12_2025_WP_011104367.1, plate25_C2_annotation_DAKCFMEO_03866, plate25_C2_annotation_DAKCFMEO_04072, plate25_C2_annotation_DAKCFMEO_03108
OG0000054	plate25.C2.annotation	n3	1.0	Terminal	plate25_C2_annotation_DAKCFMEO_03866	plate25_C2_annotation_DAKCFMEO_04072, plate25_C2_annotation_DAKCFMEO_03108
OG0000054	plate25.C2.annotation	n4	1.0	Terminal	plate25_C2_annotation_DAKCFMEO_04072	plate25_C2_annotation_DAKCFMEO_03108
OG0000055	DC3000_protein_12_2025	n1	1.0	Terminal	DC3000_protein_12_2025_WP_011104187.1	DC3000_protein_12_2025_WP_005766150.1, DC3000_protein_12_2025_WP_011104269.1, DC3000_protein_12_2025_WP_011104270.1, DC3000_protein_12_2025_WP_011104116.1
OG0000055	DC3000_protein_12_2025	n2	1.0	Terminal	DC3000_protein_12_2025_WP_005766150.1	DC3000_protein_12_2025_WP_011104269.1, DC3000_protein_12_2025_WP_011104270.1, DC3000_protein_12_2025_WP_011104116.1
OG0000055	DC3000_protein_12_2025	n3	1.0	Terminal	DC3000_protein_12_2025_WP_011104269.1, DC3000_protein_12_2025_WP_011104270.1	DC3000_protein_12_2025_WP_011104116.1
OG0000055	DC3000_protein_12_2025	n4	1.0	Terminal	DC3000_protein_12_2025_WP_011104269.1	DC3000_protein_12_2025_WP_011104270.1
OG0000056	N0	n0	1.0	Non-Terminal	plate25_C2_annotation_DAKCFMEO_03884, DC3000_protein_12_2025_WP_005768984.1	DC3000_protein_12_2025_WP_044392584.1, plate25_C2_annotation_DAKCFMEO_02040, plate25_C2_annotation_DAKCFMEO_00897, DC3000_protein_12_2025_WP_010203861.1
OG0000056	N0	n2	1.0	Non-Terminal	DC3000_protein_12_2025_WP_044392584.1, plate25_C2_annotation_DAKCFMEO_02040	plate25_C2_annotation_DAKCFMEO_00897, DC3000_protein_12_2025_WP_010203861.1
OG0000057	DC3000_protein_12_2025	n0	1.0	Terminal	DC3000_protein_12_2025_WP_011104993.1	DC3000_protein_12_2025_WP_005770647.1, DC3000_protein_12_2025_WP_011104580.1, DC3000_protein_12_2025_WP_011104070.1, DC3000_protein_12_2025_WP_011105496.1, DC3000_protein_12_2025_WP_011105476.1
OG0000057	DC3000_protein_12_2025	n1	1.0	Terminal	DC3000_protein_12_2025_WP_005770647.1, DC3000_protein_12_2025_WP_011104580.1, DC3000_protein_12_2025_WP_011104070.1, DC3000_protein_12_2025_WP_011105496.1	DC3000_protein_12_2025_WP_011105476.1
OG0000057	DC3000_protein_12_2025	n2	1.0	Terminal	DC3000_protein_12_2025_WP_005770647.1, DC3000_protein_12_2025_WP_011104580.1, DC3000_protein_12_2025_WP_011104070.1	DC3000_protein_12_2025_WP_011105496.1
OG0000057	DC3000_protein_12_2025	n3	1.0	Terminal	DC3000_protein_12_2025_WP_005770647.1, DC3000_protein_12_2025_WP_011104580.1	DC3000_protein_12_2025_WP_011104070.1
OG0000057	DC3000_protein_12_2025	n4	1.0	Terminal	DC3000_protein_12_2025_WP_005770647.1	DC3000_protein_12_2025_WP_011104580.1
OG0000058	N0	n0	1.0	Non-Terminal	DC3000_protein_12_2025_WP_011104556.1, plate25_C2_annotation_DAKCFMEO_04753	DC3000_protein_12_2025_WP_005771029.1, plate25_C2_annotation_DAKCFMEO_03339, plate25_C2_annotation_DAKCFMEO_02044, DC3000_protein_12_2025_WP_046463853.1
OG0000058	N0	n2	1.0	Non-Terminal	DC3000_protein_12_2025_WP_005771029.1, plate25_C2_annotation_DAKCFMEO_03339	plate25_C2_annotation_DAKCFMEO_02044, DC3000_protein_12_2025_WP_046463853.1
OG0000059	DC3000_protein_12_2025	n0	1.0	Terminal	DC3000_protein_12_2025_WP_011104234.1	DC3000_protein_12_2025_WP_011105159.1, DC3000_protein_12_2025_WP_005894372.1, DC3000_protein_12_2025_WP_046463945.1, DC3000_protein_12_2025_WP_007245505.1, DC3000_protein_12_2025_WP_011105091.1
OG0000059	DC3000_protein_12_2025	n1	1.0	Terminal	DC3000_protein_12_2025_WP_011105159.1, DC3000_protein_12_2025_WP_005894372.1, DC3000_protein_12_2025_WP_046463945.1	DC3000_protein_12_2025_WP_007245505.1, DC3000_protein_12_2025_WP_011105091.1
OG0000059	DC3000_protein_12_2025	n2	1.0	Terminal	DC3000_protein_12_2025_WP_011105159.1	DC3000_protein_12_2025_WP_005894372.1, DC3000_protein_12_2025_WP_046463945.1
OG0000059	DC3000_protein_12_2025	n3	1.0	Terminal	DC3000_protein_12_2025_WP_005894372.1	DC3000_protein_12_2025_WP_046463945.1
OG0000059	DC3000_protein_12_2025	n4	1.0	Terminal	DC3000_protein_12_2025_WP_007245505.1	DC3000_protein_12_2025_WP_011105091.1
OG0000060	plate25.C2.annotation	n1	1.0	Terminal	plate25_C2_annotation_DAKCFMEO_03980, plate25_C2_annotation_DAKCFMEO_02639, plate25_C2_annotation_DAKCFMEO_03115, plate25_C2_annotation_DAKCFMEO_00791	plate25_C2_annotation_DAKCFMEO_04022
OG0000060	plate25.C2.annotation	n2	1.0	Terminal	plate25_C2_annotation_DAKCFMEO_03980	plate25_C2_annotation_DAKCFMEO_02639, plate25_C2_annotation_DAKCFMEO_03115, plate25_C2_annotation_DAKCFMEO_00791
OG0000060	plate25.C2.annotation	n3	1.0	Terminal	plate25_C2_annotation_DAKCFMEO_02639, plate25_C2_annotation_DAKCFMEO_03115	plate25_C2_annotation_DAKCFMEO_00791
OG0000060	plate25.C2.annotation	n4	1.0	Terminal	plate25_C2_annotation_DAKCFMEO_02639	plate25_C2_annotation_DAKCFMEO_03115
OG0000061	N0	n0	1.0	Non-Terminal	plate25_C2_annotation_DAKCFMEO_02419, DC3000_protein_12_2025_WP_011104366.1	DC3000_protein_12_2025_WP_007247023.1, plate25_C2_annotation_DAKCFMEO_04217, plate25_C2_annotation_DAKCFMEO_03908, plate25_C2_annotation_DAKCFMEO_00081
OG0000061	plate25.C2.annotation	n3	1.0	Terminal	plate25_C2_annotation_DAKCFMEO_04217, plate25_C2_annotation_DAKCFMEO_03908	plate25_C2_annotation_DAKCFMEO_00081
OG0000061	plate25.C2.annotation	n4	1.0	Terminal	plate25_C2_annotation_DAKCFMEO_04217	plate25_C2_annotation_DAKCFMEO_03908
OG0000062	N0	n0	1.0	Non-Terminal	DC3000_protein_12_2025_WP_011103633.1, plate25_C2_annotation_DAKCFMEO_00022	plate25_C2_annotation_DAKCFMEO_01126, DC3000_protein_12_2025_WP_011104940.1, DC3000_protein_12_2025_WP_011104673.1, DC3000_protein_12_2025_WP_011104143.1
OG0000062	DC3000_protein_12_2025	n3	1.0	Terminal	DC3000_protein_12_2025_WP_011104940.1, DC3000_protein_12_2025_WP_011104673.1	DC3000_protein_12_2025_WP_011104143.1
OG0000062	DC3000_protein_12_2025	n4	1.0	Terminal	DC3000_protein_12_2025_WP_011104940.1	DC3000_protein_12_2025_WP_011104673.1
OG0000063	N0	n0	1.0	Non-Terminal	plate25_C2_annotation_DAKCFMEO_03316, DC3000_protein_12_2025_WP_024668283.1	DC3000_protein_12_2025_WP_011103651.1, plate25_C2_annotation_DAKCFMEO_01173, plate25_C2_annotation_DAKCFMEO_01902, plate25_C2_annotation_DAKCFMEO_00012
OG0000063	plate25.C2.annotation	n3	1.0	Terminal	plate25_C2_annotation_DAKCFMEO_01173	plate25_C2_annotation_DAKCFMEO_01902, plate25_C2_annotation_DAKCFMEO_00012
OG0000063	plate25.C2.annotation	n4	1.0	Terminal	plate25_C2_annotation_DAKCFMEO_01902	plate25_C2_annotation_DAKCFMEO_00012
OG0000064	N0	n0	1.0	Non-Terminal	DC3000_protein_12_2025_WP_011104079.1, plate25_C2_annotation_DAKCFMEO_01626	DC3000_protein_12_2025_WP_046464016.1, plate25_C2_annotation_DAKCFMEO_05292, plate25_C2_annotation_DAKCFMEO_05290, plate25_C2_annotation_DAKCFMEO_01152
OG0000064	plate25.C2.annotation	n3	1.0	Terminal	plate25_C2_annotation_DAKCFMEO_05292, plate25_C2_annotation_DAKCFMEO_05290	plate25_C2_annotation_DAKCFMEO_01152
OG0000064	plate25.C2.annotation	n4	1.0	Terminal	plate25_C2_annotation_DAKCFMEO_05292	plate25_C2_annotation_DAKCFMEO_05290
OG0000065	N0	n0	1.0	Non-Terminal	DC3000_protein_12_2025_WP_046463852.1, plate25_C2_annotation_DAKCFMEO_02037	DC3000_protein_12_2025_WP_011104337.1, plate25_C2_annotation_DAKCFMEO_04027, DC3000_protein_12_2025_WP_011104691.1, plate25_C2_annotation_DAKCFMEO_04359
OG0000065	N0	n2	1.0	Non-Terminal	DC3000_protein_12_2025_WP_011104337.1, plate25_C2_annotation_DAKCFMEO_04027	DC3000_protein_12_2025_WP_011104691.1, plate25_C2_annotation_DAKCFMEO_04359
OG0000066	N0	n0	1.0	Non-Terminal	DC3000_protein_12_2025_WP_002554655.1, plate25_C2_annotation_DAKCFMEO_03128	DC3000_protein_12_2025_WP_007245914.1, plate25_C2_annotation_DAKCFMEO_04076, plate25_C2_annotation_DAKCFMEO_00946
OG0000066	plate25.C2.annotation	n3	1.0	Terminal	plate25_C2_annotation_DAKCFMEO_04076	plate25_C2_annotation_DAKCFMEO_00946
OG0000067	DC3000_protein_12_2025	n1	1.0	Terminal	DC3000_protein_12_2025_WP_005768426.1	DC3000_protein_12_2025_WP_005766145.1, DC3000_protein_12_2025_WP_003379555.1, DC3000_protein_12_2025_WP_011104115.1
OG0000067	DC3000_protein_12_2025	n2	1.0	Terminal	DC3000_protein_12_2025_WP_005766145.1	DC3000_protein_12_2025_WP_003379555.1, DC3000_protein_12_2025_WP_011104115.1
OG0000067	DC3000_protein_12_2025	n3	1.0	Terminal	DC3000_protein_12_2025_WP_003379555.1	DC3000_protein_12_2025_WP_011104115.1
OG0000068	N0	n0	1.0	Non-Terminal	DC3000_protein_12_2025_WP_003380560.1, plate25_C2_annotation_DAKCFMEO_01030	plate25_C2_annotation_DAKCFMEO_01985, DC3000_protein_12_2025_WP_007243724.1, DC3000_protein_12_2025_WP_011103096.1
OG0000068	DC3000_protein_12_2025	n3	1.0	Terminal	DC3000_protein_12_2025_WP_007243724.1	DC3000_protein_12_2025_WP_011103096.1
OG0000069	N0	n0	1.0	Non-Terminal	DC3000_protein_12_2025_WP_003382856.1, plate25_C2_annotation_DAKCFMEO_01170	plate25_C2_annotation_DAKCFMEO_02141, DC3000_protein_12_2025_WP_005763521.1, DC3000_protein_12_2025_WP_011103332.1
OG0000069	DC3000_protein_12_2025	n3	1.0	Terminal	DC3000_protein_12_2025_WP_005763521.1	DC3000_protein_12_2025_WP_011103332.1
OG0000070	plate25.C2.annotation	n1	1.0	Terminal	plate25_C2_annotation_DAKCFMEO_04868	plate25_C2_annotation_DAKCFMEO_03313, plate25_C2_annotation_DAKCFMEO_02429, plate25_C2_annotation_DAKCFMEO_04442
OG0000070	plate25.C2.annotation	n2	1.0	Terminal	plate25_C2_annotation_DAKCFMEO_03313	plate25_C2_annotation_DAKCFMEO_02429, plate25_C2_annotation_DAKCFMEO_04442
OG0000070	plate25.C2.annotation	n3	1.0	Terminal	plate25_C2_annotation_DAKCFMEO_02429	plate25_C2_annotation_DAKCFMEO_04442
OG0000071	DC3000_protein_12_2025	n0	1.0	Terminal	DC3000_protein_12_2025_WP_011107006.1	DC3000_protein_12_2025_WP_053486452.1, DC3000_protein_12_2025_WP_011103083.1, DC3000_protein_12_2025_WP_005769724.1, DC3000_protein_12_2025_WP_005747119.1
OG0000071	DC3000_protein_12_2025	n1	1.0	Terminal	DC3000_protein_12_2025_WP_053486452.1	DC3000_protein_12_2025_WP_011103083.1, DC3000_protein_12_2025_WP_005769724.1, DC3000_protein_12_2025_WP_005747119.1
OG0000071	DC3000_protein_12_2025	n2	1.0	Terminal	DC3000_protein_12_2025_WP_011103083.1	DC3000_protein_12_2025_WP_005769724.1, DC3000_protein_12_2025_WP_005747119.1
OG0000071	DC3000_protein_12_2025	n3	1.0	Terminal	DC3000_protein_12_2025_WP_005769724.1	DC3000_protein_12_2025_WP_005747119.1
OG0000072	N0	n0	1.0	Non-Terminal	DC3000_protein_12_2025_WP_011103764.1, plate25_C2_annotation_DAKCFMEO_02481	plate25_C2_annotation_DAKCFMEO_04585, DC3000_protein_12_2025_WP_011105315.1, DC3000_protein_12_2025_WP_005762732.1
OG0000072	DC3000_protein_12_2025	n3	1.0	Terminal	DC3000_protein_12_2025_WP_011105315.1	DC3000_protein_12_2025_WP_005762732.1
OG0000073	N0	n0	1.0	Non-Terminal	DC3000_protein_12_2025_WP_007243779.1, plate25_C2_annotation_DAKCFMEO_00557	plate25_C2_annotation_DAKCFMEO_02964, DC3000_protein_12_2025_WP_052746243.1, DC3000_protein_12_2025_WP_005763690.1
OG0000073	DC3000_protein_12_2025	n3	1.0	Terminal	DC3000_protein_12_2025_WP_052746243.1	DC3000_protein_12_2025_WP_005763690.1
OG0000074	N0	n0	1.0	Non-Terminal	plate25_C2_annotation_DAKCFMEO_04967, DC3000_protein_12_2025_WP_005763696.1	DC3000_protein_12_2025_WP_005764509.1, plate25_C2_annotation_DAKCFMEO_04810, plate25_C2_annotation_DAKCFMEO_00998
OG0000074	plate25.C2.annotation	n3	1.0	Terminal	plate25_C2_annotation_DAKCFMEO_04810	plate25_C2_annotation_DAKCFMEO_00998
OG0000075	N0	n0	1.0	Non-Terminal	plate25_C2_annotation_DAKCFMEO_01465, DC3000_protein_12_2025_WP_005763862.1	DC3000_protein_12_2025_WP_005767000.1, plate25_C2_annotation_DAKCFMEO_01082, plate25_C2_annotation_DAKCFMEO_02530
OG0000075	plate25.C2.annotation	n3	1.0	Terminal	plate25_C2_annotation_DAKCFMEO_01082	plate25_C2_annotation_DAKCFMEO_02530
OG0000076	N0	n0	1.0	Non-Terminal	plate25_C2_annotation_DAKCFMEO_04701, DC3000_protein_12_2025_WP_007246965.1	DC3000_protein_12_2025_WP_005764495.1, plate25_C2_annotation_DAKCFMEO_03813, plate25_C2_annotation_DAKCFMEO_04014
OG0000076	plate25.C2.annotation	n3	1.0	Terminal	plate25_C2_annotation_DAKCFMEO_03813	plate25_C2_annotation_DAKCFMEO_04014
OG0000077	N0	n0	1.0	Non-Terminal	plate25_C2_annotation_DAKCFMEO_04248, DC3000_protein_12_2025_WP_005770626.1	plate25_C2_annotation_DAKCFMEO_00058, DC3000_protein_12_2025_WP_005765466.1, DC3000_protein_12_2025_WP_011104354.1
OG0000077	DC3000_protein_12_2025	n3	1.0	Terminal	DC3000_protein_12_2025_WP_005765466.1	DC3000_protein_12_2025_WP_011104354.1
OG0000078	N0	n0	1.0	Non-Terminal	DC3000_protein_12_2025_WP_005769536.1, plate25_C2_annotation_DAKCFMEO_01860	plate25_C2_annotation_DAKCFMEO_01132, DC3000_protein_12_2025_WP_005766109.1, DC3000_protein_12_2025_WP_007246020.1
OG0000078	DC3000_protein_12_2025	n3	1.0	Terminal	DC3000_protein_12_2025_WP_005766109.1	DC3000_protein_12_2025_WP_007246020.1
OG0000079	N0	n0	1.0	Non-Terminal	plate25_C2_annotation_DAKCFMEO_00257, DC3000_protein_12_2025_WP_011104856.1	DC3000_protein_12_2025_WP_005766635.1, plate25_C2_annotation_DAKCFMEO_02440, plate25_C2_annotation_DAKCFMEO_02246
OG0000079	plate25.C2.annotation	n3	1.0	Terminal	plate25_C2_annotation_DAKCFMEO_02440	plate25_C2_annotation_DAKCFMEO_02246
OG0000080	N0	n0	1.0	Non-Terminal	DC3000_protein_12_2025_WP_046463317.1, plate25_C2_annotation_DAKCFMEO_00959	DC3000_protein_12_2025_WP_005767351.1, plate25_C2_annotation_DAKCFMEO_02432, plate25_C2_annotation_DAKCFMEO_01454
OG0000080	plate25.C2.annotation	n3	1.0	Terminal	plate25_C2_annotation_DAKCFMEO_02432	plate25_C2_annotation_DAKCFMEO_01454
OG0000081	N0	n0	1.0	Non-Terminal	plate25_C2_annotation_DAKCFMEO_05299, DC3000_protein_12_2025_WP_005771635.1	DC3000_protein_12_2025_WP_005769043.1, DC3000_protein_12_2025_WP_005769285.1, plate25_C2_annotation_DAKCFMEO_04169
OG0000081	DC3000_protein_12_2025	n3	1.0	Terminal	DC3000_protein_12_2025_WP_005769043.1	DC3000_protein_12_2025_WP_005769285.1
OG0000082	DC3000_protein_12_2025	n1	1.0	Terminal	DC3000_protein_12_2025_WP_024668228.1, DC3000_protein_12_2025_WP_007245189.1	DC3000_protein_12_2025_WP_005769165.1, DC3000_protein_12_2025_WP_005769163.1
OG0000082	DC3000_protein_12_2025	n2	1.0	Terminal	DC3000_protein_12_2025_WP_024668228.1	DC3000_protein_12_2025_WP_007245189.1
OG0000082	DC3000_protein_12_2025	n3	1.0	Terminal	DC3000_protein_12_2025_WP_005769165.1	DC3000_protein_12_2025_WP_005769163.1
OG0000083	N0	n0	1.0	Non-Terminal	DC3000_protein_12_2025_WP_005770871.1, plate25_C2_annotation_DAKCFMEO_00947	DC3000_protein_12_2025_WP_161420636.1, plate25_C2_annotation_DAKCFMEO_04077, plate25_C2_annotation_DAKCFMEO_03127
OG0000083	plate25.C2.annotation	n3	1.0	Terminal	plate25_C2_annotation_DAKCFMEO_04077	plate25_C2_annotation_DAKCFMEO_03127
OG0000084	N0	n0	1.0	Non-Terminal	plate25_C2_annotation_DAKCFMEO_03554, DC3000_protein_12_2025_WP_011103232.1	plate25_C2_annotation_DAKCFMEO_01762, DC3000_protein_12_2025_WP_011105584.1, DC3000_protein_12_2025_WP_005771489.1
OG0000084	DC3000_protein_12_2025	n3	1.0	Terminal	DC3000_protein_12_2025_WP_011105584.1	DC3000_protein_12_2025_WP_005771489.1
OG0000085	DC3000_protein_12_2025	n1	1.0	Terminal	DC3000_protein_12_2025_WP_044390135.1	DC3000_protein_12_2025_WP_005894403.1, DC3000_protein_12_2025_WP_046463300.1, DC3000_protein_12_2025_WP_161797766.1
OG0000085	DC3000_protein_12_2025	n2	1.0	Terminal	DC3000_protein_12_2025_WP_005894403.1	DC3000_protein_12_2025_WP_046463300.1, DC3000_protein_12_2025_WP_161797766.1
OG0000085	DC3000_protein_12_2025	n3	1.0	Terminal	DC3000_protein_12_2025_WP_046463300.1	DC3000_protein_12_2025_WP_161797766.1
OG0000086	plate25.C2.annotation	n1	1.0	Terminal	plate25_C2_annotation_DAKCFMEO_02494	plate25_C2_annotation_DAKCFMEO_04588, plate25_C2_annotation_DAKCFMEO_04586, plate25_C2_annotation_DAKCFMEO_02893
OG0000086	plate25.C2.annotation	n2	1.0	Terminal	plate25_C2_annotation_DAKCFMEO_04588, plate25_C2_annotation_DAKCFMEO_04586	plate25_C2_annotation_DAKCFMEO_02893
OG0000086	plate25.C2.annotation	n3	1.0	Terminal	plate25_C2_annotation_DAKCFMEO_04588	plate25_C2_annotation_DAKCFMEO_04586
OG0000087	N0	n0	1.0	Non-Terminal	DC3000_protein_12_2025_WP_007244651.1, plate25_C2_annotation_DAKCFMEO_03634	plate25_C2_annotation_DAKCFMEO_04435, DC3000_protein_12_2025_WP_011104273.1, DC3000_protein_12_2025_WP_011105457.1
OG0000087	DC3000_protein_12_2025	n3	1.0	Terminal	DC3000_protein_12_2025_WP_011104273.1	DC3000_protein_12_2025_WP_011105457.1
OG0000088	N0	n0	1.0	Non-Terminal	plate25_C2_annotation_DAKCFMEO_04115, DC3000_protein_12_2025_WP_007246309.1	DC3000_protein_12_2025_WP_011105458.1, plate25_C2_annotation_DAKCFMEO_00076, plate25_C2_annotation_DAKCFMEO_04325
OG0000088	plate25.C2.annotation	n3	1.0	Terminal	plate25_C2_annotation_DAKCFMEO_00076	plate25_C2_annotation_DAKCFMEO_04325
OG0000089	N0	n0	1.0	Non-Terminal	DC3000_protein_12_2025_WP_011105495.1, plate25_C2_annotation_DAKCFMEO_01640	DC3000_protein_12_2025_WP_007246961.1, plate25_C2_annotation_DAKCFMEO_01139, plate25_C2_annotation_DAKCFMEO_00014
OG0000089	plate25.C2.annotation	n3	1.0	Terminal	plate25_C2_annotation_DAKCFMEO_01139	plate25_C2_annotation_DAKCFMEO_00014
OG0000090	N0	n0	1.0	Non-Terminal	plate25_C2_annotation_DAKCFMEO_02079, DC3000_protein_12_2025_WP_011103085.1	DC3000_protein_12_2025_WP_011103053.1, plate25_C2_annotation_DAKCFMEO_03877, plate25_C2_annotation_DAKCFMEO_02017
OG0000090	plate25.C2.annotation	n3	1.0	Terminal	plate25_C2_annotation_DAKCFMEO_03877	plate25_C2_annotation_DAKCFMEO_02017
OG0000091	N0	n0	1.0	Non-Terminal	plate25_C2_annotation_DAKCFMEO_02427, DC3000_protein_12_2025_WP_011103352.1	DC3000_protein_12_2025_WP_011104046.1, plate25_C2_annotation_DAKCFMEO_04454, plate25_C2_annotation_DAKCFMEO_01345
OG0000091	plate25.C2.annotation	n3	1.0	Terminal	plate25_C2_annotation_DAKCFMEO_04454	plate25_C2_annotation_DAKCFMEO_01345
OG0000092	N0	n0	1.0	Non-Terminal	plate25_C2_annotation_DAKCFMEO_02368, DC3000_protein_12_2025_WP_011103705.1	DC3000_protein_12_2025_WP_044391155.1, plate25_C2_annotation_DAKCFMEO_01372, plate25_C2_annotation_DAKCFMEO_01370
OG0000092	plate25.C2.annotation	n3	1.0	Terminal	plate25_C2_annotation_DAKCFMEO_01372	plate25_C2_annotation_DAKCFMEO_01370
OG0000093	DC3000_protein_12_2025	n1	1.0	Terminal	DC3000_protein_12_2025_WP_046463675.1	DC3000_protein_12_2025_WP_046463481.1, DC3000_protein_12_2025_WP_011103770.1, DC3000_protein_12_2025_WP_011104429.1
OG0000093	DC3000_protein_12_2025	n2	1.0	Terminal	DC3000_protein_12_2025_WP_046463481.1	DC3000_protein_12_2025_WP_011103770.1, DC3000_protein_12_2025_WP_011104429.1
OG0000093	DC3000_protein_12_2025	n3	1.0	Terminal	DC3000_protein_12_2025_WP_011103770.1	DC3000_protein_12_2025_WP_011104429.1
OG0000094	N0	n0	1.0	Non-Terminal	plate25_C2_annotation_DAKCFMEO_05212, DC3000_protein_12_2025_WP_011105431.1	DC3000_protein_12_2025_WP_011103882.1, plate25_C2_annotation_DAKCFMEO_04501, plate25_C2_annotation_DAKCFMEO_02714
OG0000094	plate25.C2.annotation	n3	1.0	Terminal	plate25_C2_annotation_DAKCFMEO_04501	plate25_C2_annotation_DAKCFMEO_02714
OG0000095	plate25.C2.annotation	n1	1.0	Terminal	plate25_C2_annotation_DAKCFMEO_01348	plate25_C2_annotation_DAKCFMEO_04487, plate25_C2_annotation_DAKCFMEO_03022, plate25_C2_annotation_DAKCFMEO_02364
OG0000095	plate25.C2.annotation	n2	1.0	Terminal	plate25_C2_annotation_DAKCFMEO_04487	plate25_C2_annotation_DAKCFMEO_03022, plate25_C2_annotation_DAKCFMEO_02364
OG0000095	plate25.C2.annotation	n3	1.0	Terminal	plate25_C2_annotation_DAKCFMEO_03022	plate25_C2_annotation_DAKCFMEO_02364
OG0000096	DC3000_protein_12_2025	n1	1.0	Terminal	DC3000_protein_12_2025_WP_011105493.1	DC3000_protein_12_2025_WP_011104071.1
OG0000096	plate25.C2.annotation	n2	1.0	Terminal	plate25_C2_annotation_DAKCFMEO_05281, plate25_C2_annotation_DAKCFMEO_01134	plate25_C2_annotation_DAKCFMEO_01638
OG0000096	plate25.C2.annotation	n3	1.0	Terminal	plate25_C2_annotation_DAKCFMEO_05281	plate25_C2_annotation_DAKCFMEO_01134
OG0000097	N0	n0	1.0	Non-Terminal	DC3000_protein_12_2025_WP_011104072.1, plate25_C2_annotation_DAKCFMEO_01637	DC3000_protein_12_2025_WP_011105492.1, plate25_C2_annotation_DAKCFMEO_05282, plate25_C2_annotation_DAKCFMEO_01135
OG0000097	plate25.C2.annotation	n3	1.0	Terminal	plate25_C2_annotation_DAKCFMEO_05282	plate25_C2_annotation_DAKCFMEO_01135
OG0000098	N0	n0	1.0	Non-Terminal	plate25_C2_annotation_DAKCFMEO_01154, plate25_C2_annotation_DAKCFMEO_05284, DC3000_protein_12_2025_WP_046464013.1	plate25_C2_annotation_DAKCFMEO_01635, DC3000_protein_12_2025_WP_011104074.1
OG0000098	plate25.C2.annotation	n2	1.0	Terminal	plate25_C2_annotation_DAKCFMEO_01154	plate25_C2_annotation_DAKCFMEO_05284
OG0000099	N0	n0	1.0	Non-Terminal	plate25_C2_annotation_DAKCFMEO_05285, plate25_C2_annotation_DAKCFMEO_01155, DC3000_protein_12_2025_WP_011105487.1	plate25_C2_annotation_DAKCFMEO_01634, DC3000_protein_12_2025_WP_011104075.1
OG0000099	plate25.C2.annotation	n2	1.0	Terminal	plate25_C2_annotation_DAKCFMEO_05285	plate25_C2_annotation_DAKCFMEO_01155
OG0000100	N0	n0	1.0	Non-Terminal	DC3000_protein_12_2025_WP_011104283.1, plate25_C2_annotation_DAKCFMEO_03939	plate25_C2_annotation_DAKCFMEO_04432, DC3000_protein_12_2025_WP_011104272.1, DC3000_protein_12_2025_WP_011105454.1
OG0000100	DC3000_protein_12_2025	n3	1.0	Terminal	DC3000_protein_12_2025_WP_011104272.1	DC3000_protein_12_2025_WP_011105454.1
OG0000101	N0	n0	1.0	Non-Terminal	DC3000_protein_12_2025_WP_011104426.1, DC3000_protein_12_2025_WP_011104868.1, plate25_C2_annotation_DAKCFMEO_04219	DC3000_protein_12_2025_WP_011104500.1, plate25_C2_annotation_DAKCFMEO_01495
OG0000101	DC3000_protein_12_2025	n2	1.0	Terminal	DC3000_protein_12_2025_WP_011104426.1	DC3000_protein_12_2025_WP_011104868.1
OG0000102	N0	n0	1.0	Non-Terminal	DC3000_protein_12_2025_WP_011104446.1, plate25_C2_annotation_DAKCFMEO_00975	DC3000_protein_12_2025_WP_166460975.1, plate25_C2_annotation_DAKCFMEO_00979, plate25_C2_annotation_DAKCFMEO_00982
OG0000102	plate25.C2.annotation	n3	1.0	Terminal	plate25_C2_annotation_DAKCFMEO_00979	plate25_C2_annotation_DAKCFMEO_00982
OG0000103	N0	n0	1.0	Non-Terminal	plate25_C2_annotation_DAKCFMEO_04595, DC3000_protein_12_2025_WP_046463339.1, DC3000_protein_12_2025_WP_024668229.1	plate25_C2_annotation_DAKCFMEO_00602, DC3000_protein_12_2025_WP_011104705.1
OG0000103	DC3000_protein_12_2025	n2	1.0	Terminal	DC3000_protein_12_2025_WP_046463339.1	DC3000_protein_12_2025_WP_024668229.1
OG0000104	DC3000_protein_12_2025	n1	1.0	Terminal	DC3000_protein_12_2025_WP_057443212.1	DC3000_protein_12_2025_WP_011104854.1, DC3000_protein_12_2025_WP_046463959.1, DC3000_protein_12_2025_WP_046463475.1
OG0000104	DC3000_protein_12_2025	n2	1.0	Terminal	DC3000_protein_12_2025_WP_011104854.1	DC3000_protein_12_2025_WP_046463959.1, DC3000_protein_12_2025_WP_046463475.1
OG0000104	DC3000_protein_12_2025	n3	1.0	Terminal	DC3000_protein_12_2025_WP_046463959.1	DC3000_protein_12_2025_WP_046463475.1
OG0000105	N0	n0	1.0	Non-Terminal	DC3000_protein_12_2025_WP_011105348.1, plate25_C2_annotation_DAKCFMEO_02106	plate25_C2_annotation_DAKCFMEO_01774, plate25_C2_annotation_DAKCFMEO_00104, DC3000_protein_12_2025_WP_011105042.1
OG0000105	plate25.C2.annotation	n3	1.0	Terminal	plate25_C2_annotation_DAKCFMEO_01774	plate25_C2_annotation_DAKCFMEO_00104
OG0000106	N0	n0	1.0	Non-Terminal	plate25_C2_annotation_DAKCFMEO_04947, DC3000_protein_12_2025_WP_046463283.1	plate25_C2_annotation_DAKCFMEO_04992, DC3000_protein_12_2025_WP_011105274.1, DC3000_protein_12_2025_WP_011105273.1
OG0000106	DC3000_protein_12_2025	n3	1.0	Terminal	DC3000_protein_12_2025_WP_011105274.1	DC3000_protein_12_2025_WP_011105273.1
OG0000107	N0	n0	1.0	Non-Terminal	plate25_C2_annotation_DAKCFMEO_05262, DC3000_protein_12_2025_WP_011105470.1	DC3000_protein_12_2025_WP_057443166.1, plate25_C2_annotation_DAKCFMEO_04010, plate25_C2_annotation_DAKCFMEO_01299
OG0000107	plate25.C2.annotation	n3	1.0	Terminal	plate25_C2_annotation_DAKCFMEO_04010	plate25_C2_annotation_DAKCFMEO_01299
OG0000108	N0	n0	1.0	Non-Terminal	plate25_C2_annotation_DAKCFMEO_01627, DC3000_protein_12_2025_WP_046463302.1	DC3000_protein_12_2025_WP_011105480.1, plate25_C2_annotation_DAKCFMEO_05289, plate25_C2_annotation_DAKCFMEO_01137
OG0000108	plate25.C2.annotation	n3	1.0	Terminal	plate25_C2_annotation_DAKCFMEO_05289	plate25_C2_annotation_DAKCFMEO_01137
OG0000109	N0	n0	1.0	Non-Terminal	DC3000_protein_12_2025_WP_046463524.1, plate25_C2_annotation_DAKCFMEO_01315	plate25_C2_annotation_DAKCFMEO_02474, plate25_C2_annotation_DAKCFMEO_02473, DC3000_protein_12_2025_WP_044393960.1
OG0000109	plate25.C2.annotation	n3	1.0	Terminal	plate25_C2_annotation_DAKCFMEO_02474	plate25_C2_annotation_DAKCFMEO_02473
OG0000110	DC3000_protein_12_2025	n0	1.0	Terminal	DC3000_protein_12_2025_WP_110455596.1	DC3000_protein_12_2025_WP_079216259.1, DC3000_protein_12_2025_WP_122234570.1, DC3000_protein_12_2025_WP_122219429.1, DC3000_protein_12_2025_WP_074842714.1
OG0000110	DC3000_protein_12_2025	n1	1.0	Terminal	DC3000_protein_12_2025_WP_079216259.1, DC3000_protein_12_2025_WP_122234570.1, DC3000_protein_12_2025_WP_122219429.1	DC3000_protein_12_2025_WP_074842714.1
OG0000110	DC3000_protein_12_2025	n2	1.0	Terminal	DC3000_protein_12_2025_WP_079216259.1, DC3000_protein_12_2025_WP_122234570.1	DC3000_protein_12_2025_WP_122219429.1
OG0000110	DC3000_protein_12_2025	n3	1.0	Terminal	DC3000_protein_12_2025_WP_079216259.1	DC3000_protein_12_2025_WP_122234570.1
OG0000111	DC3000_protein_12_2025	n0	1.0	Terminal	DC3000_protein_12_2025_WP_159229427.1	DC3000_protein_12_2025_WP_152666576.1, DC3000_protein_12_2025_WP_159229459.1, DC3000_protein_12_2025_WP_152666575.1, DC3000_protein_12_2025_WP_152666560.1
OG0000111	DC3000_protein_12_2025	n1	1.0	Terminal	DC3000_protein_12_2025_WP_152666576.1, DC3000_protein_12_2025_WP_159229459.1, DC3000_protein_12_2025_WP_152666575.1	DC3000_protein_12_2025_WP_152666560.1
OG0000111	DC3000_protein_12_2025	n2	1.0	Terminal	DC3000_protein_12_2025_WP_152666576.1	DC3000_protein_12_2025_WP_159229459.1, DC3000_protein_12_2025_WP_152666575.1
OG0000111	DC3000_protein_12_2025	n3	1.0	Terminal	DC3000_protein_12_2025_WP_159229459.1	DC3000_protein_12_2025_WP_152666575.1
OG0000112	plate25.C2.annotation	n0	1.0	Terminal	plate25_C2_annotation_DAKCFMEO_00323	plate25_C2_annotation_DAKCFMEO_00318, plate25_C2_annotation_DAKCFMEO_00322, plate25_C2_annotation_DAKCFMEO_00324, plate25_C2_annotation_DAKCFMEO_02744
OG0000112	plate25.C2.annotation	n1	1.0	Terminal	plate25_C2_annotation_DAKCFMEO_00318	plate25_C2_annotation_DAKCFMEO_00322, plate25_C2_annotation_DAKCFMEO_00324, plate25_C2_annotation_DAKCFMEO_02744
OG0000112	plate25.C2.annotation	n2	1.0	Terminal	plate25_C2_annotation_DAKCFMEO_00322	plate25_C2_annotation_DAKCFMEO_00324, plate25_C2_annotation_DAKCFMEO_02744
OG0000112	plate25.C2.annotation	n3	1.0	Terminal	plate25_C2_annotation_DAKCFMEO_00324	plate25_C2_annotation_DAKCFMEO_02744
OG0000113	N0	n0	1.0	Non-Terminal	DC3000_protein_12_2025_WP_003381481.1, plate25_C2_annotation_DAKCFMEO_00096	plate25_C2_annotation_DAKCFMEO_04866, DC3000_protein_12_2025_WP_002551844.1
OG0000114	N0	n0	1.0	Non-Terminal	DC3000_protein_12_2025_WP_011105523.1, plate25_C2_annotation_DAKCFMEO_01584	plate25_C2_annotation_DAKCFMEO_01408, DC3000_protein_12_2025_WP_002553918.1
OG0000115	N0	n0	1.0	Non-Terminal	DC3000_protein_12_2025_WP_011104604.1, plate25_C2_annotation_DAKCFMEO_04652	plate25_C2_annotation_DAKCFMEO_03084, DC3000_protein_12_2025_WP_003317531.1
OG0000116	N0	n0	1.0	Non-Terminal	plate25_C2_annotation_DAKCFMEO_03583, DC3000_protein_12_2025_WP_005614429.1	plate25_C2_annotation_DAKCFMEO_03081, DC3000_protein_12_2025_WP_003317533.1
OG0000117	N0	n0	1.0	Non-Terminal	DC3000_protein_12_2025_WP_003376366.1, plate25_C2_annotation_DAKCFMEO_04864	plate25_C2_annotation_DAKCFMEO_00098, DC3000_protein_12_2025_WP_003381484.1
OG0000118	DC3000_protein_12_2025	n1	1.0	Terminal	DC3000_protein_12_2025_WP_011104758.1, DC3000_protein_12_2025_WP_005770657.1	DC3000_protein_12_2025_WP_003377141.1
OG0000118	DC3000_protein_12_2025	n2	1.0	Terminal	DC3000_protein_12_2025_WP_011104758.1	DC3000_protein_12_2025_WP_005770657.1
OG0000119	DC3000_protein_12_2025	n1	1.0	Terminal	DC3000_protein_12_2025_WP_005765442.1, DC3000_protein_12_2025_WP_011105118.1	DC3000_protein_12_2025_WP_003377815.1
OG0000119	DC3000_protein_12_2025	n2	1.0	Terminal	DC3000_protein_12_2025_WP_005765442.1	DC3000_protein_12_2025_WP_011105118.1
OG0000120	N0	n0	1.0	Non-Terminal	DC3000_protein_12_2025_WP_005771567.1, plate25_C2_annotation_DAKCFMEO_02501	DC3000_protein_12_2025_WP_003378076.1, plate25_C2_annotation_DAKCFMEO_04669
OG0000121	N0	n0	1.0	Non-Terminal	plate25_C2_annotation_DAKCFMEO_04559, DC3000_protein_12_2025_WP_003378216.1	plate25_C2_annotation_DAKCFMEO_04986, DC3000_protein_12_2025_WP_005762942.1
OG0000122	DC3000_protein_12_2025	n1	1.0	Terminal	DC3000_protein_12_2025_WP_011104761.1, DC3000_protein_12_2025_WP_007246249.1	DC3000_protein_12_2025_WP_003379025.1
OG0000122	DC3000_protein_12_2025	n2	1.0	Terminal	DC3000_protein_12_2025_WP_011104761.1	DC3000_protein_12_2025_WP_007246249.1
OG0000123	DC3000_protein_12_2025	n1	1.0	Terminal	DC3000_protein_12_2025_WP_003379266.1	DC3000_protein_12_2025_WP_046463419.1, DC3000_protein_12_2025_WP_005766375.1
OG0000123	DC3000_protein_12_2025	n2	1.0	Terminal	DC3000_protein_12_2025_WP_046463419.1	DC3000_protein_12_2025_WP_005766375.1
OG0000124	DC3000_protein_12_2025	n1	1.0	Terminal	DC3000_protein_12_2025_WP_003380966.1	DC3000_protein_12_2025_WP_011105576.1, DC3000_protein_12_2025_WP_005762738.1
OG0000124	DC3000_protein_12_2025	n2	1.0	Terminal	DC3000_protein_12_2025_WP_011105576.1	DC3000_protein_12_2025_WP_005762738.1
OG0000125	plate25.C2.annotation	n1	1.0	Terminal	plate25_C2_annotation_DAKCFMEO_00638	plate25_C2_annotation_DAKCFMEO_00971, plate25_C2_annotation_DAKCFMEO_02599
OG0000125	plate25.C2.annotation	n2	1.0	Terminal	plate25_C2_annotation_DAKCFMEO_00971	plate25_C2_annotation_DAKCFMEO_02599
OG0000126	N0	n0	1.0	Non-Terminal	DC3000_protein_12_2025_WP_003382103.1, plate25_C2_annotation_DAKCFMEO_02020	plate25_C2_annotation_DAKCFMEO_02495, DC3000_protein_12_2025_WP_161797788.1
OG0000127	N0	n0	1.0	Non-Terminal	plate25_C2_annotation_DAKCFMEO_04025, DC3000_protein_12_2025_WP_011104335.1	DC3000_protein_12_2025_WP_003382491.1, plate25_C2_annotation_DAKCFMEO_00714
OG0000128	N0	n0	1.0	Non-Terminal	plate25_C2_annotation_DAKCFMEO_00485, DC3000_protein_12_2025_WP_003383243.1	plate25_C2_annotation_DAKCFMEO_00484, DC3000_protein_12_2025_WP_003383244.1
OG0000129	N0	n0	1.0	Non-Terminal	DC3000_protein_12_2025_WP_011105579.1, plate25_C2_annotation_DAKCFMEO_03092	plate25_C2_annotation_DAKCFMEO_01039, DC3000_protein_12_2025_WP_003425052.1
OG0000130	N0	n0	1.0	Non-Terminal	plate25_C2_annotation_DAKCFMEO_02804, DC3000_protein_12_2025_WP_005614190.1	plate25_C2_annotation_DAKCFMEO_01360, DC3000_protein_12_2025_WP_011104937.1
OG0000131	plate25.C2.annotation	n1	1.0	Terminal	plate25_C2_annotation_DAKCFMEO_03009	plate25_C2_annotation_DAKCFMEO_02206, plate25_C2_annotation_DAKCFMEO_00851
OG0000131	plate25.C2.annotation	n2	1.0	Terminal	plate25_C2_annotation_DAKCFMEO_02206	plate25_C2_annotation_DAKCFMEO_00851
OG0000132	N0	n0	1.0	Non-Terminal	plate25_C2_annotation_DAKCFMEO_03041, DC3000_protein_12_2025_WP_005616684.1	plate25_C2_annotation_DAKCFMEO_01939, DC3000_protein_12_2025_WP_007247202.1
OG0000133	DC3000_protein_12_2025	n1	1.0	Terminal	DC3000_protein_12_2025_WP_046463874.1, DC3000_protein_12_2025_WP_011105577.1	DC3000_protein_12_2025_WP_005739535.1
OG0000133	DC3000_protein_12_2025	n2	1.0	Terminal	DC3000_protein_12_2025_WP_046463874.1	DC3000_protein_12_2025_WP_011105577.1
OG0000134	N0	n0	1.0	Non-Terminal	plate25_C2_annotation_DAKCFMEO_00881, DC3000_protein_12_2025_WP_011104096.1	DC3000_protein_12_2025_WP_005739890.1, plate25_C2_annotation_DAKCFMEO_01910
OG0000135	N0	n0	1.0	Non-Terminal	plate25_C2_annotation_DAKCFMEO_02675, DC3000_protein_12_2025_WP_005740380.1	plate25_C2_annotation_DAKCFMEO_01880, DC3000_protein_12_2025_WP_011104666.1
OG0000136	N0	n0	1.0	Non-Terminal	plate25_C2_annotation_DAKCFMEO_04380, DC3000_protein_12_2025_WP_005760706.1	DC3000_protein_12_2025_WP_005768316.1, plate25_C2_annotation_DAKCFMEO_01554
OG0000137	N0	n0	1.0	Non-Terminal	plate25_C2_annotation_DAKCFMEO_01161, DC3000_protein_12_2025_WP_005762626.1	plate25_C2_annotation_DAKCFMEO_00630, DC3000_protein_12_2025_WP_007244776.1
OG0000138	N0	n0	1.0	Non-Terminal	plate25_C2_annotation_DAKCFMEO_04609, DC3000_protein_12_2025_WP_005765176.1	DC3000_protein_12_2025_WP_005762731.1, plate25_C2_annotation_DAKCFMEO_03218
OG0000139	DC3000_protein_12_2025	n1	1.0	Terminal	DC3000_protein_12_2025_WP_046464032.1	DC3000_protein_12_2025_WP_005762766.1, DC3000_protein_12_2025_WP_011104377.1
OG0000139	DC3000_protein_12_2025	n2	1.0	Terminal	DC3000_protein_12_2025_WP_005762766.1	DC3000_protein_12_2025_WP_011104377.1
OG0000140	DC3000_protein_12_2025	n1	1.0	Terminal	DC3000_protein_12_2025_WP_005762818.1, DC3000_protein_12_2025_WP_005764409.1	DC3000_protein_12_2025_WP_007246690.1
OG0000140	DC3000_protein_12_2025	n2	1.0	Terminal	DC3000_protein_12_2025_WP_005762818.1	DC3000_protein_12_2025_WP_005764409.1
OG0000141	DC3000_protein_12_2025	n1	1.0	Terminal	DC3000_protein_12_2025_WP_005764184.1	DC3000_protein_12_2025_WP_005762820.1, DC3000_protein_12_2025_WP_011104351.1
OG0000141	DC3000_protein_12_2025	n2	1.0	Terminal	DC3000_protein_12_2025_WP_005762820.1	DC3000_protein_12_2025_WP_011104351.1
OG0000142	DC3000_protein_12_2025	n1	1.0	Terminal	DC3000_protein_12_2025_WP_010213170.1	DC3000_protein_12_2025_WP_005762824.1, DC3000_protein_12_2025_WP_005762826.1
OG0000142	DC3000_protein_12_2025	n2	1.0	Terminal	DC3000_protein_12_2025_WP_005762824.1	DC3000_protein_12_2025_WP_005762826.1
OG0000143	N0	n0	1.0	Non-Terminal	DC3000_protein_12_2025_WP_005763054.1, plate25_C2_annotation_DAKCFMEO_04865	DC3000_protein_12_2025_WP_005764931.1, plate25_C2_annotation_DAKCFMEO_00097
OG0000144	DC3000_protein_12_2025	n1	1.0	Terminal	DC3000_protein_12_2025_WP_011104478.1	DC3000_protein_12_2025_WP_011104277.1, DC3000_protein_12_2025_WP_005763528.1
OG0000144	DC3000_protein_12_2025	n2	1.0	Terminal	DC3000_protein_12_2025_WP_011104277.1	DC3000_protein_12_2025_WP_005763528.1
OG0000145	plate25.C2.annotation	n1	1.0	Terminal	plate25_C2_annotation_DAKCFMEO_05034	plate25_C2_annotation_DAKCFMEO_00937, plate25_C2_annotation_DAKCFMEO_05032
OG0000145	plate25.C2.annotation	n2	1.0	Terminal	plate25_C2_annotation_DAKCFMEO_00937	plate25_C2_annotation_DAKCFMEO_05032
OG0000146	N0	n0	1.0	Non-Terminal	plate25_C2_annotation_DAKCFMEO_02959, DC3000_protein_12_2025_WP_005763680.1	DC3000_protein_12_2025_WP_007246877.1, plate25_C2_annotation_DAKCFMEO_00875
OG0000147	DC3000_protein_12_2025	n0	1.0	Terminal	DC3000_protein_12_2025_WP_074846395.1	DC3000_protein_12_2025_WP_011103154.1, DC3000_protein_12_2025_WP_011103153.1, DC3000_protein_12_2025_WP_005763718.1
OG0000147	DC3000_protein_12_2025	n1	1.0	Terminal	DC3000_protein_12_2025_WP_011103154.1, DC3000_protein_12_2025_WP_011103153.1	DC3000_protein_12_2025_WP_005763718.1
OG0000147	DC3000_protein_12_2025	n2	1.0	Terminal	DC3000_protein_12_2025_WP_011103154.1	DC3000_protein_12_2025_WP_011103153.1
OG0000148	N0	n0	1.0	Non-Terminal	plate25_C2_annotation_DAKCFMEO_04629, DC3000_protein_12_2025_WP_005765147.1	DC3000_protein_12_2025_WP_005763731.1, plate25_C2_annotation_DAKCFMEO_02937
OG0000149	N0	n0	1.0	Non-Terminal	DC3000_protein_12_2025_WP_005763926.1, plate25_C2_annotation_DAKCFMEO_01476	plate25_C2_annotation_DAKCFMEO_01487, DC3000_protein_12_2025_WP_005763902.1
OG0000150	N0	n0	1.0	Non-Terminal	plate25_C2_annotation_DAKCFMEO_03315, DC3000_protein_12_2025_WP_005763930.1	DC3000_protein_12_2025_WP_005768336.1, plate25_C2_annotation_DAKCFMEO_01568
OG0000151	N0	n0	1.0	Non-Terminal	plate25_C2_annotation_DAKCFMEO_01167, DC3000_protein_12_2025_WP_011103331.1	plate25_C2_annotation_DAKCFMEO_02981, DC3000_protein_12_2025_WP_005764049.1
OG0000152	N0	n0	1.0	Non-Terminal	DC3000_protein_12_2025_WP_005765569.1, plate25_C2_annotation_DAKCFMEO_05129	plate25_C2_annotation_DAKCFMEO_03874, DC3000_protein_12_2025_WP_005764405.1
OG0000153	N0	n0	1.0	Non-Terminal	DC3000_protein_12_2025_WP_005764834.1, plate25_C2_annotation_DAKCFMEO_00167	plate25_C2_annotation_DAKCFMEO_03851, DC3000_protein_12_2025_WP_011103985.1
OG0000154	N0	n0	1.0	Non-Terminal	plate25_C2_annotation_DAKCFMEO_00099, DC3000_protein_12_2025_WP_005764926.1	DC3000_protein_12_2025_WP_011105230.1, plate25_C2_annotation_DAKCFMEO_04863
OG0000155	DC3000_protein_12_2025	n1	1.0	Terminal	DC3000_protein_12_2025_WP_005764944.1	DC3000_protein_12_2025_WP_044393502.1, DC3000_protein_12_2025_WP_011104352.1
OG0000155	DC3000_protein_12_2025	n2	1.0	Terminal	DC3000_protein_12_2025_WP_044393502.1	DC3000_protein_12_2025_WP_011104352.1
OG0000156	N0	n0	1.0	Non-Terminal	plate25_C2_annotation_DAKCFMEO_04651, DC3000_protein_12_2025_WP_005765115.1	plate25_C2_annotation_DAKCFMEO_03083, DC3000_protein_12_2025_WP_011105083.1
OG0000157	plate25.C2.annotation	n1	1.0	Terminal	plate25_C2_annotation_DAKCFMEO_04635	plate25_C2_annotation_DAKCFMEO_04427, plate25_C2_annotation_DAKCFMEO_04420
OG0000157	plate25.C2.annotation	n2	1.0	Terminal	plate25_C2_annotation_DAKCFMEO_04427	plate25_C2_annotation_DAKCFMEO_04420
OG0000158	plate25.C2.annotation	n1	1.0	Terminal	plate25_C2_annotation_DAKCFMEO_04631, plate25_C2_annotation_DAKCFMEO_01712	plate25_C2_annotation_DAKCFMEO_04633
OG0000158	plate25.C2.annotation	n2	1.0	Terminal	plate25_C2_annotation_DAKCFMEO_04631	plate25_C2_annotation_DAKCFMEO_01712
OG0000159	N0	n0	1.0	Non-Terminal	plate25_C2_annotation_DAKCFMEO_00465, DC3000_protein_12_2025_WP_005766477.1	DC3000_protein_12_2025_WP_005765488.1, plate25_C2_annotation_DAKCFMEO_02420
OG0000160	N0	n0	1.0	Non-Terminal	DC3000_protein_12_2025_WP_005765650.1, plate25_C2_annotation_DAKCFMEO_00793	DC3000_protein_12_2025_WP_005765976.1, plate25_C2_annotation_DAKCFMEO_03200
OG0000161	DC3000_protein_12_2025	n1	1.0	Terminal	DC3000_protein_12_2025_WP_005766100.1, DC3000_protein_12_2025_WP_005767830.1	DC3000_protein_12_2025_WP_005769505.1
OG0000161	DC3000_protein_12_2025	n2	1.0	Terminal	DC3000_protein_12_2025_WP_005766100.1	DC3000_protein_12_2025_WP_005767830.1
OG0000162	N0	n0	1.0	Non-Terminal	DC3000_protein_12_2025_WP_005766595.1, plate25_C2_annotation_DAKCFMEO_00379	plate25_C2_annotation_DAKCFMEO_02365, DC3000_protein_12_2025_WP_011103728.1
OG0000163	N0	n0	1.0	Non-Terminal	plate25_C2_annotation_DAKCFMEO_02275, DC3000_protein_12_2025_WP_005766669.1	DC3000_protein_12_2025_WP_011104674.1, plate25_C2_annotation_DAKCFMEO_04394
OG0000164	N0	n0	1.0	Non-Terminal	DC3000_protein_12_2025_WP_005767480.1, plate25_C2_annotation_DAKCFMEO_04471	DC3000_protein_12_2025_WP_007246896.1, plate25_C2_annotation_DAKCFMEO_00833
OG0000165	N0	n0	1.0	Non-Terminal	plate25_C2_annotation_DAKCFMEO_00829, DC3000_protein_12_2025_WP_011103991.1	plate25_C2_annotation_DAKCFMEO_04475, DC3000_protein_12_2025_WP_005767488.1
OG0000166	N0	n0	1.0	Non-Terminal	DC3000_protein_12_2025_WP_057443137.1, plate25_C2_annotation_DAKCFMEO_01580	DC3000_protein_12_2025_WP_005767577.1, plate25_C2_annotation_DAKCFMEO_00028
OG0000167	N0	n0	1.0	Non-Terminal	DC3000_protein_12_2025_WP_024666071.1, plate25_C2_annotation_DAKCFMEO_03747	DC3000_protein_12_2025_WP_005767725.1, plate25_C2_annotation_DAKCFMEO_04499
OG0000168	DC3000_protein_12_2025	n1	1.0	Terminal	DC3000_protein_12_2025_WP_005768035.1	DC3000_protein_12_2025_WP_011104827.1, DC3000_protein_12_2025_WP_011104545.1
OG0000168	DC3000_protein_12_2025	n2	1.0	Terminal	DC3000_protein_12_2025_WP_011104827.1	DC3000_protein_12_2025_WP_011104545.1
OG0000169	N0	n0	1.0	Non-Terminal	plate25_C2_annotation_DAKCFMEO_05151, DC3000_protein_12_2025_WP_011105375.1	DC3000_protein_12_2025_WP_005768450.1, plate25_C2_annotation_DAKCFMEO_02199
OG0000170	N0	n0	1.0	Non-Terminal	plate25_C2_annotation_DAKCFMEO_00889, DC3000_protein_12_2025_WP_011104100.1	DC3000_protein_12_2025_WP_005768691.1, plate25_C2_annotation_DAKCFMEO_00291
OG0000171	N0	n0	1.0	Non-Terminal	plate25_C2_annotation_DAKCFMEO_00326, DC3000_protein_12_2025_WP_011104278.1	DC3000_protein_12_2025_WP_005768708.1, plate25_C2_annotation_DAKCFMEO_00281
OG0000172	N0	n0	1.0	Non-Terminal	DC3000_protein_12_2025_WP_005768747.1, plate25_C2_annotation_DAKCFMEO_02786	plate25_C2_annotation_DAKCFMEO_02603, DC3000_protein_12_2025_WP_007244323.1
OG0000173	plate25.C2.annotation	n1	1.0	Terminal	plate25_C2_annotation_DAKCFMEO_03373	plate25_C2_annotation_DAKCFMEO_02337, plate25_C2_annotation_DAKCFMEO_00301
OG0000173	plate25.C2.annotation	n2	1.0	Terminal	plate25_C2_annotation_DAKCFMEO_02337	plate25_C2_annotation_DAKCFMEO_00301
OG0000174	N0	n0	1.0	Non-Terminal	plate25_C2_annotation_DAKCFMEO_00874, DC3000_protein_12_2025_WP_011104015.1	plate25_C2_annotation_DAKCFMEO_04345, DC3000_protein_12_2025_WP_005769204.1
OG0000175	plate25.C2.annotation	n1	1.0	Terminal	plate25_C2_annotation_DAKCFMEO_01824	plate25_C2_annotation_DAKCFMEO_02441, plate25_C2_annotation_DAKCFMEO_04572
OG0000175	plate25.C2.annotation	n2	1.0	Terminal	plate25_C2_annotation_DAKCFMEO_02441	plate25_C2_annotation_DAKCFMEO_04572
OG0000176	N0	n0	1.0	Non-Terminal	plate25_C2_annotation_DAKCFMEO_03823, DC3000_protein_12_2025_WP_011104221.1	plate25_C2_annotation_DAKCFMEO_02710, DC3000_protein_12_2025_WP_005769685.1
OG0000177	N0	n0	1.0	Non-Terminal	DC3000_protein_12_2025_WP_005769699.1, plate25_C2_annotation_DAKCFMEO_02703	plate25_C2_annotation_DAKCFMEO_02702, DC3000_protein_12_2025_WP_046463309.1
OG0000178	N0	n0	1.0	Non-Terminal	DC3000_protein_12_2025_WP_011104862.1, plate25_C2_annotation_DAKCFMEO_04474	plate25_C2_annotation_DAKCFMEO_00830, DC3000_protein_12_2025_WP_005770308.1
OG0000179	N0	n0	1.0	Non-Terminal	DC3000_protein_12_2025_WP_011104863.1, plate25_C2_annotation_DAKCFMEO_04473	plate25_C2_annotation_DAKCFMEO_00831, DC3000_protein_12_2025_WP_005770310.1
OG0000180	N0	n0	1.0	Non-Terminal	plate25_C2_annotation_DAKCFMEO_00832, DC3000_protein_12_2025_WP_005770312.1	plate25_C2_annotation_DAKCFMEO_04472, DC3000_protein_12_2025_WP_044393615.1
OG0000181	N0	n0	1.0	Non-Terminal	DC3000_protein_12_2025_WP_005770699.1, plate25_C2_annotation_DAKCFMEO_02688	plate25_C2_annotation_DAKCFMEO_04414, DC3000_protein_12_2025_WP_162839055.1
OG0000182	plate25.C2.annotation	n1	1.0	Terminal	plate25_C2_annotation_DAKCFMEO_02687	plate25_C2_annotation_DAKCFMEO_03828, plate25_C2_annotation_DAKCFMEO_02097
OG0000182	plate25.C2.annotation	n2	1.0	Terminal	plate25_C2_annotation_DAKCFMEO_03828	plate25_C2_annotation_DAKCFMEO_02097
OG0000183	N0	n0	1.0	Non-Terminal	plate25_C2_annotation_DAKCFMEO_00958, DC3000_protein_12_2025_WP_007245868.1	plate25_C2_annotation_DAKCFMEO_02431, DC3000_protein_12_2025_WP_005770794.1
OG0000184	plate25.C2.annotation	n1	1.0	Terminal	plate25_C2_annotation_DAKCFMEO_03337	plate25_C2_annotation_DAKCFMEO_02450, plate25_C2_annotation_DAKCFMEO_02051
OG0000184	plate25.C2.annotation	n2	1.0	Terminal	plate25_C2_annotation_DAKCFMEO_02450	plate25_C2_annotation_DAKCFMEO_02051
OG0000185	N0	n0	1.0	Non-Terminal	DC3000_protein_12_2025_WP_007244213.1, plate25_C2_annotation_DAKCFMEO_02657	plate25_C2_annotation_DAKCFMEO_02659, DC3000_protein_12_2025_WP_005771340.1
OG0000186	N0	n0	1.0	Non-Terminal	DC3000_protein_12_2025_WP_005771397.1, plate25_C2_annotation_DAKCFMEO_03451	DC3000_protein_12_2025_WP_007246576.1, plate25_C2_annotation_DAKCFMEO_05252
OG0000187	N0	n0	1.0	Non-Terminal	plate25_C2_annotation_DAKCFMEO_05250, DC3000_protein_12_2025_WP_011105467.1	plate25_C2_annotation_DAKCFMEO_03447, DC3000_protein_12_2025_WP_005771402.1
OG0000188	plate25.C2.annotation	n1	1.0	Terminal	plate25_C2_annotation_DAKCFMEO_01338	plate25_C2_annotation_DAKCFMEO_02878, plate25_C2_annotation_DAKCFMEO_02411
OG0000188	plate25.C2.annotation	n2	1.0	Terminal	plate25_C2_annotation_DAKCFMEO_02878	plate25_C2_annotation_DAKCFMEO_02411
OG0000189	DC3000_protein_12_2025	n1	1.0	Terminal	DC3000_protein_12_2025_WP_161797801.1	DC3000_protein_12_2025_WP_005888854.1, DC3000_protein_12_2025_WP_011103339.1
OG0000189	DC3000_protein_12_2025	n2	1.0	Terminal	DC3000_protein_12_2025_WP_005888854.1	DC3000_protein_12_2025_WP_011103339.1
OG0000190	N0	n0	1.0	Non-Terminal	DC3000_protein_12_2025_WP_007243725.1, plate25_C2_annotation_DAKCFMEO_03222	DC3000_protein_12_2025_WP_007244715.1, plate25_C2_annotation_DAKCFMEO_00727
OG0000191	N0	n0	1.0	Non-Terminal	DC3000_protein_12_2025_WP_007244046.1, plate25_C2_annotation_DAKCFMEO_02743	plate25_C2_annotation_DAKCFMEO_04662, DC3000_protein_12_2025_WP_011104599.1
OG0000192	N0	n0	1.0	Non-Terminal	DC3000_protein_12_2025_WP_011103244.1, plate25_C2_annotation_DAKCFMEO_01733	DC3000_protein_12_2025_WP_007244130.1, plate25_C2_annotation_DAKCFMEO_03452
OG0000193	N0	n0	1.0	Non-Terminal	plate25_C2_annotation_DAKCFMEO_02583, DC3000_protein_12_2025_WP_007244335.1	plate25_C2_annotation_DAKCFMEO_00729, DC3000_protein_12_2025_WP_011103933.1
OG0000194	plate25.C2.annotation	n1	1.0	Terminal	plate25_C2_annotation_DAKCFMEO_00852, plate25_C2_annotation_DAKCFMEO_02208	plate25_C2_annotation_DAKCFMEO_03008
OG0000194	plate25.C2.annotation	n2	1.0	Terminal	plate25_C2_annotation_DAKCFMEO_00852	plate25_C2_annotation_DAKCFMEO_02208
OG0000195	N0	n0	1.0	Non-Terminal	plate25_C2_annotation_DAKCFMEO_04069, DC3000_protein_12_2025_WP_007245058.1	plate25_C2_annotation_DAKCFMEO_02435, DC3000_protein_12_2025_WP_046463536.1
OG0000196	N0	n0	1.0	Non-Terminal	plate25_C2_annotation_DAKCFMEO_04809, DC3000_protein_12_2025_WP_007245293.1	DC3000_protein_12_2025_WP_007246230.1, plate25_C2_annotation_DAKCFMEO_00376
OG0000197	N0	n0	1.0	Non-Terminal	plate25_C2_annotation_DAKCFMEO_03453, DC3000_protein_12_2025_WP_011103412.1	DC3000_protein_12_2025_WP_007245496.1, plate25_C2_annotation_DAKCFMEO_01732
OG0000198	plate25.C2.annotation	n1	1.0	Terminal	plate25_C2_annotation_DAKCFMEO_03706	plate25_C2_annotation_DAKCFMEO_00078, plate25_C2_annotation_DAKCFMEO_03869
OG0000198	plate25.C2.annotation	n2	1.0	Terminal	plate25_C2_annotation_DAKCFMEO_00078	plate25_C2_annotation_DAKCFMEO_03869
OG0000199	N0	n0	1.0	Non-Terminal	DC3000_protein_12_2025_WP_046463482.1, plate25_C2_annotation_DAKCFMEO_03931	DC3000_protein_12_2025_WP_007246084.1, plate25_C2_annotation_DAKCFMEO_01427
OG0000200	N0	n0	1.0	Non-Terminal	plate25_C2_annotation_DAKCFMEO_00293, DC3000_protein_12_2025_WP_007246194.1	DC3000_protein_12_2025_WP_011104951.1, plate25_C2_annotation_DAKCFMEO_00282
OG0000201	N0	n0	1.0	Non-Terminal	DC3000_protein_12_2025_WP_007246667.1, plate25_C2_annotation_DAKCFMEO_01344	plate25_C2_annotation_DAKCFMEO_03605, DC3000_protein_12_2025_WP_011105194.1
OG0000202	DC3000_protein_12_2025	n1	1.0	Terminal	DC3000_protein_12_2025_WP_011103472.1	DC3000_protein_12_2025_WP_007246890.1, DC3000_protein_12_2025_WP_011104003.1
OG0000202	DC3000_protein_12_2025	n2	1.0	Terminal	DC3000_protein_12_2025_WP_007246890.1	DC3000_protein_12_2025_WP_011104003.1
OG0000203	N0	n0	1.0	Non-Terminal	plate25_C2_annotation_DAKCFMEO_01629, DC3000_protein_12_2025_WP_011105482.1	DC3000_protein_12_2025_WP_007246952.1, plate25_C2_annotation_DAKCFMEO_05287
OG0000204	DC3000_protein_12_2025	n1	1.0	Terminal	DC3000_protein_12_2025_WP_007247035.1	DC3000_protein_12_2025_WP_011104358.1, DC3000_protein_12_2025_WP_046463772.1
OG0000204	DC3000_protein_12_2025	n2	1.0	Terminal	DC3000_protein_12_2025_WP_011104358.1	DC3000_protein_12_2025_WP_046463772.1
OG0000205	N0	n0	1.0	Non-Terminal	plate25_C2_annotation_DAKCFMEO_01330, DC3000_protein_12_2025_WP_011104056.1	DC3000_protein_12_2025_WP_007247117.1, plate25_C2_annotation_DAKCFMEO_02014
OG0000206	DC3000_protein_12_2025	n0	1.0	Terminal	DC3000_protein_12_2025_WP_159229456.1	DC3000_protein_12_2025_WP_164923181.1, DC3000_protein_12_2025_WP_007247571.1, DC3000_protein_12_2025_WP_010213957.1
OG0000206	DC3000_protein_12_2025	n1	1.0	Terminal	DC3000_protein_12_2025_WP_164923181.1, DC3000_protein_12_2025_WP_007247571.1	DC3000_protein_12_2025_WP_010213957.1
OG0000206	DC3000_protein_12_2025	n2	1.0	Terminal	DC3000_protein_12_2025_WP_164923181.1	DC3000_protein_12_2025_WP_007247571.1
OG0000207	DC3000_protein_12_2025	n1	1.0	Terminal	DC3000_protein_12_2025_WP_007249562.1	DC3000_protein_12_2025_WP_011104226.1, DC3000_protein_12_2025_WP_080394021.1
OG0000207	DC3000_protein_12_2025	n2	1.0	Terminal	DC3000_protein_12_2025_WP_011104226.1	DC3000_protein_12_2025_WP_080394021.1
OG0000208	N0	n0	1.0	Non-Terminal	DC3000_protein_12_2025_WP_010201125.1, plate25_C2_annotation_DAKCFMEO_04082	plate25_C2_annotation_DAKCFMEO_01075, DC3000_protein_12_2025_WP_046463740.1
OG0000209	plate25.C2.annotation	n1	1.0	Terminal	plate25_C2_annotation_DAKCFMEO_04081	plate25_C2_annotation_DAKCFMEO_04446, plate25_C2_annotation_DAKCFMEO_00784
OG0000209	plate25.C2.annotation	n2	1.0	Terminal	plate25_C2_annotation_DAKCFMEO_04446	plate25_C2_annotation_DAKCFMEO_00784
OG0000210	plate25.C2.annotation	n1	1.0	Terminal	plate25_C2_annotation_DAKCFMEO_03690	plate25_C2_annotation_DAKCFMEO_03837, plate25_C2_annotation_DAKCFMEO_03836
OG0000210	plate25.C2.annotation	n2	1.0	Terminal	plate25_C2_annotation_DAKCFMEO_03837	plate25_C2_annotation_DAKCFMEO_03836
OG0000211	N0	n0	1.0	Non-Terminal	plate25_C2_annotation_DAKCFMEO_04606, DC3000_protein_12_2025_WP_010206379.1	DC3000_protein_12_2025_WP_046463494.1, plate25_C2_annotation_DAKCFMEO_01060
OG0000212	plate25.C2.annotation	n1	1.0	Terminal	plate25_C2_annotation_DAKCFMEO_04276	plate25_C2_annotation_DAKCFMEO_05173
OG0000212	DC3000_protein_12_2025	n2	1.0	Terminal	DC3000_protein_12_2025_WP_010208255.1	DC3000_protein_12_2025_WP_032645112.1
OG0000213	N0	n0	1.0	Non-Terminal	plate25_C2_annotation_DAKCFMEO_02999, DC3000_protein_12_2025_WP_010208763.1	DC3000_protein_12_2025_WP_011103504.1, plate25_C2_annotation_DAKCFMEO_02997
OG0000214	DC3000_protein_12_2025	n1	1.0	Terminal	DC3000_protein_12_2025_WP_011103857.1	DC3000_protein_12_2025_WP_057443138.1, DC3000_protein_12_2025_WP_010209623.1
OG0000214	DC3000_protein_12_2025	n2	1.0	Terminal	DC3000_protein_12_2025_WP_057443138.1	DC3000_protein_12_2025_WP_010209623.1
OG0000215	plate25.C2.annotation	n1	1.0	Terminal	plate25_C2_annotation_DAKCFMEO_01452	plate25_C2_annotation_DAKCFMEO_00993, plate25_C2_annotation_DAKCFMEO_03050
OG0000215	plate25.C2.annotation	n2	1.0	Terminal	plate25_C2_annotation_DAKCFMEO_00993	plate25_C2_annotation_DAKCFMEO_03050
OG0000216	DC3000_protein_12_2025	n0	1.0	Terminal	DC3000_protein_12_2025_WP_011103120.1	DC3000_protein_12_2025_WP_011104021.1, DC3000_protein_12_2025_WP_010213088.1, DC3000_protein_12_2025_WP_011104469.1
OG0000216	DC3000_protein_12_2025	n1	1.0	Terminal	DC3000_protein_12_2025_WP_011104021.1, DC3000_protein_12_2025_WP_010213088.1	DC3000_protein_12_2025_WP_011104469.1
OG0000216	DC3000_protein_12_2025	n2	1.0	Terminal	DC3000_protein_12_2025_WP_011104021.1	DC3000_protein_12_2025_WP_010213088.1
OG0000217	N0	n0	1.0	Non-Terminal	DC3000_protein_12_2025_WP_011103622.1, plate25_C2_annotation_DAKCFMEO_00039	plate25_C2_annotation_DAKCFMEO_02092, DC3000_protein_12_2025_WP_010218951.1
OG0000218	DC3000_protein_12_2025	n1	1.0	Terminal	DC3000_protein_12_2025_WP_010220706.1	DC3000_protein_12_2025_WP_011103557.1, DC3000_protein_12_2025_WP_011107018.1
OG0000218	DC3000_protein_12_2025	n2	1.0	Terminal	DC3000_protein_12_2025_WP_011103557.1	DC3000_protein_12_2025_WP_011107018.1
OG0000219	DC3000_protein_12_2025	n1	1.0	Terminal	DC3000_protein_12_2025_WP_011105542.1	DC3000_protein_12_2025_WP_046463610.1, DC3000_protein_12_2025_WP_011102967.1
OG0000219	DC3000_protein_12_2025	n2	1.0	Terminal	DC3000_protein_12_2025_WP_046463610.1	DC3000_protein_12_2025_WP_011102967.1
OG0000220	N0	n0	1.0	Non-Terminal	DC3000_protein_12_2025_WP_011103039.1, plate25_C2_annotation_DAKCFMEO_01917	DC3000_protein_12_2025_WP_011103031.1, plate25_C2_annotation_DAKCFMEO_03830
OG0000221	N0	n0	1.0	Non-Terminal	plate25_C2_annotation_DAKCFMEO_02080, DC3000_protein_12_2025_WP_011103086.1	plate25_C2_annotation_DAKCFMEO_05182, DC3000_protein_12_2025_WP_011103055.1
OG0000222	DC3000_protein_12_2025	n1	1.0	Terminal	DC3000_protein_12_2025_WP_044390209.1	DC3000_protein_12_2025_WP_011104387.1, DC3000_protein_12_2025_WP_011103057.1
OG0000222	DC3000_protein_12_2025	n2	1.0	Terminal	DC3000_protein_12_2025_WP_011104387.1	DC3000_protein_12_2025_WP_011103057.1
OG0000223	N0	n0	1.0	Non-Terminal	DC3000_protein_12_2025_WP_011103091.1, plate25_C2_annotation_DAKCFMEO_05161	plate25_C2_annotation_DAKCFMEO_04552, DC3000_protein_12_2025_WP_011104637.1
OG0000224	N0	n0	1.0	Non-Terminal	plate25_C2_annotation_DAKCFMEO_00950, DC3000_protein_12_2025_WP_011103466.1	plate25_C2_annotation_DAKCFMEO_02943, DC3000_protein_12_2025_WP_011103142.1
OG0000225	N0	n0	1.0	Non-Terminal	plate25_C2_annotation_DAKCFMEO_02917, DC3000_protein_12_2025_WP_011103162.1	plate25_C2_annotation_DAKCFMEO_02915, DC3000_protein_12_2025_WP_011103167.1
OG0000226	N0	n0	1.0	Non-Terminal	plate25_C2_annotation_DAKCFMEO_01106, DC3000_protein_12_2025_WP_011104135.1	DC3000_protein_12_2025_WP_011103237.1, plate25_C2_annotation_DAKCFMEO_03569
OG0000227	DC3000_protein_12_2025	n1	1.0	Terminal	DC3000_protein_12_2025_WP_011104119.1, DC3000_protein_12_2025_WP_011104933.1	DC3000_protein_12_2025_WP_011103241.1
OG0000227	DC3000_protein_12_2025	n2	1.0	Terminal	DC3000_protein_12_2025_WP_011104119.1	DC3000_protein_12_2025_WP_011104933.1
OG0000228	N0	n0	1.0	Non-Terminal	DC3000_protein_12_2025_WP_011103351.1, plate25_C2_annotation_DAKCFMEO_00501	DC3000_protein_12_2025_WP_011103296.1, plate25_C2_annotation_DAKCFMEO_00524
OG0000229	N0	n0	1.0	Non-Terminal	DC3000_protein_12_2025_WP_046463934.1, plate25_C2_annotation_DAKCFMEO_02288	DC3000_protein_12_2025_WP_011103336.1, plate25_C2_annotation_DAKCFMEO_01791
OG0000230	N0	n0	1.0	Non-Terminal	plate25_C2_annotation_DAKCFMEO_01725, DC3000_protein_12_2025_WP_011103402.1	plate25_C2_annotation_DAKCFMEO_01404, DC3000_protein_12_2025_WP_011104030.1
OG0000231	plate25.C2.annotation	n1	1.0	Terminal	plate25_C2_annotation_DAKCFMEO_01731, plate25_C2_annotation_DAKCFMEO_03460	plate25_C2_annotation_DAKCFMEO_03454
OG0000231	plate25.C2.annotation	n2	1.0	Terminal	plate25_C2_annotation_DAKCFMEO_01731	plate25_C2_annotation_DAKCFMEO_03460
OG0000232	DC3000_protein_12_2025	n1	1.0	Terminal	DC3000_protein_12_2025_WP_011104730.1	DC3000_protein_12_2025_WP_011103519.1, DC3000_protein_12_2025_WP_011105177.1
OG0000232	DC3000_protein_12_2025	n2	1.0	Terminal	DC3000_protein_12_2025_WP_011103519.1	DC3000_protein_12_2025_WP_011105177.1
OG0000233	N0	n0	1.0	Non-Terminal	DC3000_protein_12_2025_WP_011104918.1, plate25_C2_annotation_DAKCFMEO_00247	plate25_C2_annotation_DAKCFMEO_01764, DC3000_protein_12_2025_WP_011103526.1
OG0000234	N0	n0	1.0	Non-Terminal	plate25_C2_annotation_DAKCFMEO_02581, DC3000_protein_12_2025_WP_011103804.1	DC3000_protein_12_2025_WP_011103647.1, plate25_C2_annotation_DAKCFMEO_00018
OG0000235	N0	n0	1.0	Non-Terminal	plate25_C2_annotation_DAKCFMEO_04410, DC3000_protein_12_2025_WP_011103648.1	plate25_C2_annotation_DAKCFMEO_04409, DC3000_protein_12_2025_WP_046463927.1
OG0000236	plate25.C2.annotation	n1	1.0	Terminal	plate25_C2_annotation_DAKCFMEO_02462	plate25_C2_annotation_DAKCFMEO_00061, plate25_C2_annotation_DAKCFMEO_02948
OG0000236	plate25.C2.annotation	n2	1.0	Terminal	plate25_C2_annotation_DAKCFMEO_00061	plate25_C2_annotation_DAKCFMEO_02948
OG0000237	DC3000_protein_12_2025	n1	1.0	Terminal	DC3000_protein_12_2025_WP_011104790.1, DC3000_protein_12_2025_WP_011103843.1	DC3000_protein_12_2025_WP_011104522.1
OG0000237	DC3000_protein_12_2025	n2	1.0	Terminal	DC3000_protein_12_2025_WP_011104790.1	DC3000_protein_12_2025_WP_011103843.1
OG0000238	N0	n0	1.0	Non-Terminal	DC3000_protein_12_2025_WP_011103898.1, plate25_C2_annotation_DAKCFMEO_00672	DC3000_protein_12_2025_WP_046463456.1, plate25_C2_annotation_DAKCFMEO_02578
OG0000239	DC3000_protein_12_2025	n1	1.0	Terminal	DC3000_protein_12_2025_WP_011105485.1, DC3000_protein_12_2025_WP_011103919.1	DC3000_protein_12_2025_WP_011104077.1
OG0000239	DC3000_protein_12_2025	n2	1.0	Terminal	DC3000_protein_12_2025_WP_011105485.1	DC3000_protein_12_2025_WP_011103919.1
OG0000240	N0	n0	1.0	Non-Terminal	plate25_C2_annotation_DAKCFMEO_00801, DC3000_protein_12_2025_WP_011103969.1	plate25_C2_annotation_DAKCFMEO_03846, DC3000_protein_12_2025_WP_011103981.1
OG0000241	N0	n0	1.0	Non-Terminal	plate25_C2_annotation_DAKCFMEO_05146, DC3000_protein_12_2025_WP_011105359.1	DC3000_protein_12_2025_WP_011104032.1, plate25_C2_annotation_DAKCFMEO_01373
OG0000242	N0	n0	1.0	Non-Terminal	DC3000_protein_12_2025_WP_011104073.1, plate25_C2_annotation_DAKCFMEO_01157	plate25_C2_annotation_DAKCFMEO_01636, DC3000_protein_12_2025_WP_011105491.1
OG0000243	DC3000_protein_12_2025	n1	1.0	Terminal	DC3000_protein_12_2025_WP_044391024.1	DC3000_protein_12_2025_WP_011107020.1, DC3000_protein_12_2025_WP_011104266.1
OG0000243	DC3000_protein_12_2025	n2	1.0	Terminal	DC3000_protein_12_2025_WP_011107020.1	DC3000_protein_12_2025_WP_011104266.1
OG0000244	N0	n0	1.0	Non-Terminal	DC3000_protein_12_2025_WP_011105506.1, plate25_C2_annotation_DAKCFMEO_05301	DC3000_protein_12_2025_WP_011104281.1, plate25_C2_annotation_DAKCFMEO_04071
OG0000245	N0	n0	1.0	Non-Terminal	plate25_C2_annotation_DAKCFMEO_05135, DC3000_protein_12_2025_WP_011105352.1	plate25_C2_annotation_DAKCFMEO_03994, DC3000_protein_12_2025_WP_011104315.1
OG0000246	N0	n0	1.0	Non-Terminal	plate25_C2_annotation_DAKCFMEO_01437, DC3000_protein_12_2025_WP_011104486.1	plate25_C2_annotation_DAKCFMEO_05142, DC3000_protein_12_2025_WP_011105357.1
OG0000247	N0	n0	1.0	Non-Terminal	plate25_C2_annotation_DAKCFMEO_00189, DC3000_protein_12_2025_WP_011104902.1	DC3000_protein_12_2025_WP_011104900.1, plate25_C2_annotation_DAKCFMEO_00187
OG0000248	plate25.C2.annotation	n1	1.0	Terminal	plate25_C2_annotation_DAKCFMEO_00320	plate25_C2_annotation_DAKCFMEO_04040, plate25_C2_annotation_DAKCFMEO_00319
OG0000248	plate25.C2.annotation	n2	1.0	Terminal	plate25_C2_annotation_DAKCFMEO_04040	plate25_C2_annotation_DAKCFMEO_00319
OG0000249	plate25.C2.annotation	n1	1.0	Terminal	plate25_C2_annotation_DAKCFMEO_03858, plate25_C2_annotation_DAKCFMEO_03859	plate25_C2_annotation_DAKCFMEO_00341
OG0000249	plate25.C2.annotation	n2	1.0	Terminal	plate25_C2_annotation_DAKCFMEO_03858	plate25_C2_annotation_DAKCFMEO_03859
OG0000250	N0	n0	1.0	Non-Terminal	DC3000_protein_12_2025_WP_046464042.1, plate25_C2_annotation_DAKCFMEO_02650	plate25_C2_annotation_DAKCFMEO_04843, DC3000_protein_12_2025_WP_011105223.1
OG0000251	N0	n0	1.0	Non-Terminal	plate25_C2_annotation_DAKCFMEO_04452, DC3000_protein_12_2025_WP_011105478.1	plate25_C2_annotation_DAKCFMEO_00743, DC3000_protein_12_2025_WP_046463440.1
OG0000252	plate25.C2.annotation	n1	1.0	Terminal	plate25_C2_annotation_DAKCFMEO_01224	plate25_C2_annotation_DAKCFMEO_03073, plate25_C2_annotation_DAKCFMEO_05297
OG0000252	plate25.C2.annotation	n2	1.0	Terminal	plate25_C2_annotation_DAKCFMEO_03073	plate25_C2_annotation_DAKCFMEO_05297
OG0000253	N0	n0	1.0	Non-Terminal	plate25_C2_annotation_DAKCFMEO_00753, DC3000_protein_12_2025_WP_081026912.1	plate25_C2_annotation_DAKCFMEO_03256, DC3000_protein_12_2025_WP_046463398.1
OG0000254	plate25.C2.annotation	n1	1.0	Terminal	plate25_C2_annotation_DAKCFMEO_00198, plate25_C2_annotation_DAKCFMEO_04308	plate25_C2_annotation_DAKCFMEO_03818
OG0000254	plate25.C2.annotation	n2	1.0	Terminal	plate25_C2_annotation_DAKCFMEO_00198	plate25_C2_annotation_DAKCFMEO_04308
OG0000255	DC3000_protein_12_2025	n1	1.0	Terminal	DC3000_protein_12_2025_WP_086005074.1	DC3000_protein_12_2025_WP_122722792.1, DC3000_protein_12_2025_WP_149032136.1
OG0000255	DC3000_protein_12_2025	n2	1.0	Terminal	DC3000_protein_12_2025_WP_122722792.1	DC3000_protein_12_2025_WP_149032136.1
OG0000256	plate25.C2.annotation	n0	1.0	Terminal	plate25_C2_annotation_DAKCFMEO_00544	plate25_C2_annotation_DAKCFMEO_04736, plate25_C2_annotation_DAKCFMEO_02220, plate25_C2_annotation_DAKCFMEO_01778
OG0000256	plate25.C2.annotation	n1	1.0	Terminal	plate25_C2_annotation_DAKCFMEO_04736	plate25_C2_annotation_DAKCFMEO_02220, plate25_C2_annotation_DAKCFMEO_01778
OG0000256	plate25.C2.annotation	n2	1.0	Terminal	plate25_C2_annotation_DAKCFMEO_02220	plate25_C2_annotation_DAKCFMEO_01778
OG0000257	plate25.C2.annotation	n0	1.0	Terminal	plate25_C2_annotation_DAKCFMEO_00977	plate25_C2_annotation_DAKCFMEO_02071, plate25_C2_annotation_DAKCFMEO_03371, plate25_C2_annotation_DAKCFMEO_05236
OG0000257	plate25.C2.annotation	n1	1.0	Terminal	plate25_C2_annotation_DAKCFMEO_02071, plate25_C2_annotation_DAKCFMEO_03371	plate25_C2_annotation_DAKCFMEO_05236
OG0000257	plate25.C2.annotation	n2	1.0	Terminal	plate25_C2_annotation_DAKCFMEO_02071	plate25_C2_annotation_DAKCFMEO_03371
