X,p25_DAK,p25_BJE,DC3000,BLAST_p25,BLAST_dc3000,ortho_has_match,match_types,orthogroups,blast_has_match,coincide,matched
1,DAKCFMEO_00001,BJEIHDPM_03310,WP_046463925.1,DAKCFMEO_00001,WP_046463925.1,TRUE,p25_in_GeneB__dc_in_GeneA,OG0004039,TRUE,TRUE,TRUE
2,DAKCFMEO_00002,BJEIHDPM_03309,WP_005766623.1,DAKCFMEO_00002,WP_005766623.1,TRUE,p25_in_GeneB__dc_in_GeneA,OG0001854,TRUE,TRUE,TRUE
3,DAKCFMEO_00003,BJEIHDPM_03308,WP_005766620.1,DAKCFMEO_00003,WP_005766620.1,TRUE,p25_in_GeneB__dc_in_GeneA,OG0001853,TRUE,TRUE,TRUE
4,DAKCFMEO_00004,BJEIHDPM_03307,,DAKCFMEO_00004,NA,FALSE,,,FALSE,FALSE,FALSE
5,DAKCFMEO_00005,BJEIHDPM_03306,,DAKCFMEO_00005,NA,FALSE,,,FALSE,FALSE,FALSE
6,DAKCFMEO_00006,BJEIHDPM_03305,WP_005766612.1,DAKCFMEO_00006,WP_005766612.1,TRUE,p25_in_GeneB__dc_in_GeneA,OG0001852,TRUE,TRUE,TRUE
7,DAKCFMEO_00007,BJEIHDPM_03304,,DAKCFMEO_00007,NA,FALSE,,,FALSE,FALSE,FALSE
8,DAKCFMEO_00008,BJEIHDPM_03303,,DAKCFMEO_00008,NA,FALSE,,,FALSE,FALSE,FALSE
9,DAKCFMEO_00009,BJEIHDPM_03302,,DAKCFMEO_00009,NA,FALSE,,,FALSE,FALSE,FALSE
10,DAKCFMEO_00010,BJEIHDPM_03301,,DAKCFMEO_00010,NA,FALSE,,,FALSE,FALSE,FALSE
11,DAKCFMEO_00011,BJEIHDPM_03300,,DAKCFMEO_00011,NA,FALSE,,,FALSE,FALSE,FALSE
12,DAKCFMEO_00012,BJEIHDPM_03299,WP_011103651.1,DAKCFMEO_00012,WP_011103651.1,FALSE,,,TRUE,FALSE,FALSE
13,DAKCFMEO_00013,BJEIHDPM_03298,,DAKCFMEO_00013,NA,FALSE,,,FALSE,FALSE,FALSE
14,DAKCFMEO_00014,BJEIHDPM_03297,,DAKCFMEO_00014,NA,FALSE,,,FALSE,FALSE,FALSE
15,DAKCFMEO_00015,BJEIHDPM_03296,,DAKCFMEO_00015,NA,FALSE,,,FALSE,FALSE,FALSE
16,DAKCFMEO_00016,BJEIHDPM_03295,,DAKCFMEO_00016,NA,FALSE,,,FALSE,FALSE,FALSE
17,DAKCFMEO_00017,BJEIHDPM_03294,,DAKCFMEO_00017,NA,FALSE,,,FALSE,FALSE,FALSE
18,DAKCFMEO_00018,BJEIHDPM_03293,WP_011103647.1,DAKCFMEO_00018,WP_011103647.1,FALSE,,,TRUE,FALSE,FALSE
19,DAKCFMEO_00019,BJEIHDPM_03292,,DAKCFMEO_00019,NA,FALSE,,,FALSE,FALSE,FALSE
20,DAKCFMEO_00020,BJEIHDPM_03291,WP_005767592.1,DAKCFMEO_00020,WP_005767592.1,TRUE,p25_in_GeneB__dc_in_GeneA,OG0001983,TRUE,TRUE,TRUE
21,DAKCFMEO_00021,BJEIHDPM_03290,WP_011103634.1,DAKCFMEO_00021,WP_011103634.1,FALSE,,,TRUE,FALSE,FALSE
22,DAKCFMEO_00022,BJEIHDPM_03289,WP_011103633.1,DAKCFMEO_00022,WP_011103633.1,FALSE,,,TRUE,FALSE,FALSE
23,DAKCFMEO_00023,BJEIHDPM_03288,WP_011103632.1,DAKCFMEO_00023,WP_011103632.1,TRUE,p25_in_GeneB__dc_in_GeneA,OG0003049,TRUE,TRUE,TRUE
24,DAKCFMEO_00024,BJEIHDPM_03287,,DAKCFMEO_00024,NA,FALSE,,,FALSE,FALSE,FALSE
25,DAKCFMEO_00025,BJEIHDPM_03286,WP_046463930.1,DAKCFMEO_00025,WP_046463930.1,TRUE,p25_in_GeneB__dc_in_GeneA,OG0004042,TRUE,TRUE,TRUE
26,DAKCFMEO_00026,BJEIHDPM_03285,WP_161797814.1,DAKCFMEO_00026,WP_161797814.1,TRUE,p25_in_GeneB__dc_in_GeneA,OG0004103,TRUE,TRUE,TRUE
27,DAKCFMEO_00027,BJEIHDPM_03284,,DAKCFMEO_00027,NA,FALSE,,,FALSE,FALSE,FALSE
28,DAKCFMEO_00028,BJEIHDPM_03283,WP_005767577.1,DAKCFMEO_00028,WP_005767577.1,FALSE,,,TRUE,FALSE,FALSE
29,DAKCFMEO_00029,BJEIHDPM_03282,WP_011103628.1,DAKCFMEO_00029,WP_011103628.1,TRUE,p25_in_GeneB__dc_in_GeneA,OG0003047,TRUE,TRUE,TRUE
30,DAKCFMEO_00030,BJEIHDPM_03281,WP_005767572.1,DAKCFMEO_00030,WP_005767572.1,TRUE,p25_in_GeneB__dc_in_GeneA,OG0001982,TRUE,TRUE,TRUE
31,DAKCFMEO_00031,BJEIHDPM_03280,WP_011103627.1,DAKCFMEO_00031,WP_011103627.1,TRUE,p25_in_GeneB__dc_in_GeneA,OG0003046,TRUE,TRUE,TRUE
32,DAKCFMEO_00032,BJEIHDPM_03279,WP_011103626.1,DAKCFMEO_00032,WP_011103626.1,TRUE,p25_in_GeneB__dc_in_GeneA,OG0003045,TRUE,TRUE,TRUE
33,DAKCFMEO_00033,BJEIHDPM_03278,WP_005767567.1,DAKCFMEO_00033,WP_005767567.1,TRUE,p25_in_GeneB__dc_in_GeneA,OG0001981,TRUE,TRUE,TRUE
34,DAKCFMEO_00034,BJEIHDPM_03277,WP_005767564.1,DAKCFMEO_00034,WP_005767564.1,TRUE,p25_in_GeneB__dc_in_GeneA,OG0001980,TRUE,TRUE,TRUE
35,DAKCFMEO_00035,BJEIHDPM_03276,WP_011103625.1,DAKCFMEO_00035,WP_011103625.1,TRUE,p25_in_GeneB__dc_in_GeneA,OG0003044,TRUE,TRUE,TRUE
36,DAKCFMEO_00036,BJEIHDPM_03275,WP_005616222.1,DAKCFMEO_00036,WP_005616222.1,TRUE,p25_in_GeneB__dc_in_GeneA,OG0001159,TRUE,TRUE,TRUE
37,DAKCFMEO_00037,BJEIHDPM_03274,WP_011103623.1,DAKCFMEO_00037,WP_011103623.1,TRUE,p25_in_GeneB__dc_in_GeneA,OG0003043,TRUE,TRUE,TRUE
38,DAKCFMEO_00038,BJEIHDPM_03273,,DAKCFMEO_00038,NA,FALSE,,,FALSE,FALSE,FALSE
39,DAKCFMEO_00039,BJEIHDPM_03272,WP_011103622.1,DAKCFMEO_00039,WP_011103622.1,FALSE,,,TRUE,FALSE,FALSE
40,DAKCFMEO_00040,BJEIHDPM_03271,WP_024667376.1,DAKCFMEO_00040,WP_024667376.1,TRUE,p25_in_GeneB__dc_in_GeneA,OG0003870,TRUE,TRUE,TRUE
41,DAKCFMEO_00041,BJEIHDPM_03270,WP_007245711.1,DAKCFMEO_00041,WP_007245711.1,TRUE,p25_in_GeneB__dc_in_GeneA,OG0002598,TRUE,TRUE,TRUE
42,DAKCFMEO_00042,BJEIHDPM_03269,WP_005767549.1,DAKCFMEO_00042,WP_005767549.1,TRUE,p25_in_GeneB__dc_in_GeneA,OG0001979,TRUE,TRUE,TRUE
43,DAKCFMEO_00043,BJEIHDPM_03268,WP_005767547.1,DAKCFMEO_00043,WP_005767547.1,TRUE,p25_in_GeneB__dc_in_GeneA,OG0001978,TRUE,TRUE,TRUE
44,DAKCFMEO_00044,BJEIHDPM_03267,WP_003382533.1,DAKCFMEO_00044,WP_003382533.1,TRUE,p25_in_GeneB__dc_in_GeneA,OG0001031,TRUE,TRUE,TRUE
45,DAKCFMEO_00045,BJEIHDPM_03266,WP_005767545.1,DAKCFMEO_00045,WP_005767545.1,TRUE,p25_in_GeneB__dc_in_GeneA,OG0001977,TRUE,TRUE,TRUE
46,DAKCFMEO_00046,BJEIHDPM_03265,,DAKCFMEO_00046,NA,FALSE,,,FALSE,FALSE,FALSE
47,DAKCFMEO_00047,BJEIHDPM_03264,WP_005740539.1,DAKCFMEO_00047,WP_005740539.1,TRUE,p25_in_GeneB__dc_in_GeneA,OG0001302,TRUE,TRUE,TRUE
48,DAKCFMEO_00048,BJEIHDPM_03263,WP_003425462.1,DAKCFMEO_00048,WP_003425462.1,TRUE,p25_in_GeneB__dc_in_GeneA,OG0001071,TRUE,TRUE,TRUE
49,DAKCFMEO_00049,BJEIHDPM_03262,WP_005767540.1,DAKCFMEO_00049,WP_005767540.1,TRUE,p25_in_GeneB__dc_in_GeneA,OG0001976,TRUE,TRUE,TRUE
50,DAKCFMEO_00050,BJEIHDPM_03261,,DAKCFMEO_00050,NA,FALSE,,,FALSE,FALSE,FALSE
51,DAKCFMEO_00051,BJEIHDPM_03260,WP_003382526.1,DAKCFMEO_00051,WP_003382526.1,TRUE,p25_in_GeneB__dc_in_GeneA,OG0001030,TRUE,TRUE,TRUE
52,DAKCFMEO_00052,BJEIHDPM_03259,WP_011103617.1,DAKCFMEO_00052,WP_011103617.1,TRUE,p25_in_GeneB__dc_in_GeneA,OG0003042,TRUE,TRUE,TRUE
53,DAKCFMEO_00053,BJEIHDPM_03258,,DAKCFMEO_00053,NA,FALSE,,,FALSE,FALSE,FALSE
54,DAKCFMEO_00054,BJEIHDPM_03257,WP_005616197.1,DAKCFMEO_00054,WP_005616197.1,TRUE,p25_in_GeneB__dc_in_GeneA,OG0001158,TRUE,TRUE,TRUE
55,DAKCFMEO_00055,BJEIHDPM_03256,,DAKCFMEO_00055,NA,FALSE,,,FALSE,FALSE,FALSE
56,DAKCFMEO_00056,BJEIHDPM_03255,,DAKCFMEO_00056,NA,FALSE,,,FALSE,FALSE,FALSE
57,DAKCFMEO_00057,BJEIHDPM_03254,,DAKCFMEO_00057,NA,FALSE,,,FALSE,FALSE,FALSE
58,DAKCFMEO_00058,BJEIHDPM_03253,,DAKCFMEO_00058,NA,FALSE,,,FALSE,FALSE,FALSE
59,DAKCFMEO_00059,BJEIHDPM_03252,,DAKCFMEO_00059,NA,FALSE,,,FALSE,FALSE,FALSE
60,DAKCFMEO_00060,BJEIHDPM_03251,WP_011103755.1,DAKCFMEO_00060,WP_011103755.1,FALSE,,,TRUE,FALSE,FALSE
61,DAKCFMEO_00061,BJEIHDPM_03250,,DAKCFMEO_00061,NA,FALSE,,,FALSE,FALSE,FALSE
62,DAKCFMEO_00062,BJEIHDPM_03249,WP_005764980.1,DAKCFMEO_00062,WP_005764980.1,TRUE,p25_in_GeneB__dc_in_GeneA,OG0001633,TRUE,TRUE,TRUE
63,DAKCFMEO_00063,BJEIHDPM_03248,WP_046463932.1,DAKCFMEO_00063,WP_046463932.1,TRUE,p25_in_GeneB__dc_in_GeneA,OG0004043,TRUE,TRUE,TRUE
64,DAKCFMEO_00064,BJEIHDPM_03247,WP_011103611.1,DAKCFMEO_00064,WP_011103611.1,TRUE,p25_in_GeneB__dc_in_GeneA,OG0003040,TRUE,TRUE,TRUE
65,DAKCFMEO_00065,BJEIHDPM_03246,WP_011103610.1,DAKCFMEO_00065,WP_011103610.1,TRUE,p25_in_GeneB__dc_in_GeneA,OG0003039,TRUE,TRUE,TRUE
66,DAKCFMEO_00066,BJEIHDPM_03245,WP_011103609.1,DAKCFMEO_00066,WP_011103609.1,TRUE,p25_in_GeneB__dc_in_GeneA,OG0003038,TRUE,TRUE,TRUE
67,DAKCFMEO_00067,BJEIHDPM_03244,WP_044393500.1,DAKCFMEO_00067,WP_044393500.1,FALSE,,,TRUE,FALSE,FALSE
68,DAKCFMEO_00068,BJEIHDPM_03243,WP_011103605.1,DAKCFMEO_00068,WP_011103605.1,TRUE,p25_in_GeneB__dc_in_GeneA,OG0003036,TRUE,TRUE,TRUE
69,DAKCFMEO_00069,BJEIHDPM_03242,,DAKCFMEO_00069,NA,FALSE,,,FALSE,FALSE,FALSE
70,DAKCFMEO_00070,BJEIHDPM_03241,WP_005767805.1,DAKCFMEO_00070,WP_005767805.1,TRUE,p25_in_GeneB__dc_in_GeneA,OG0002017,TRUE,TRUE,TRUE
71,DAKCFMEO_00071,BJEIHDPM_03240,WP_011105180.1,DAKCFMEO_00071,WP_011105180.1,TRUE,p25_in_GeneB__dc_in_GeneA,OG0003645,TRUE,TRUE,TRUE
72,DAKCFMEO_00072,BJEIHDPM_03239,,DAKCFMEO_00072,NA,FALSE,,,FALSE,FALSE,FALSE
73,DAKCFMEO_00073,BJEIHDPM_03238,,DAKCFMEO_00073,NA,FALSE,,,FALSE,FALSE,FALSE
74,DAKCFMEO_00074,BJEIHDPM_03237,WP_011104860.1,DAKCFMEO_00074,WP_011104860.1,FALSE,,,TRUE,FALSE,FALSE
75,DAKCFMEO_00075,BJEIHDPM_03236,WP_005619926.1,DAKCFMEO_00075,WP_005619926.1,TRUE,p25_in_GeneB__dc_in_GeneA,OG0001203,TRUE,TRUE,TRUE
76,DAKCFMEO_00076,BJEIHDPM_03235,,DAKCFMEO_00076,NA,FALSE,,,FALSE,FALSE,FALSE
77,DAKCFMEO_00077,BJEIHDPM_03234,WP_005764975.1,DAKCFMEO_00077,WP_005764975.1,TRUE,p25_in_GeneB__dc_in_GeneA,OG0001632,TRUE,TRUE,TRUE
78,DAKCFMEO_00078,BJEIHDPM_03233,,DAKCFMEO_00078,NA,FALSE,,,FALSE,FALSE,FALSE
79,DAKCFMEO_00079,BJEIHDPM_03232,WP_005764971.1,DAKCFMEO_00079,WP_005764971.1,FALSE,,,TRUE,FALSE,FALSE
80,DAKCFMEO_00080,BJEIHDPM_03231,WP_005764969.1,DAKCFMEO_00080,WP_005764969.1,TRUE,p25_in_GeneB__dc_in_GeneA,OG0001631,TRUE,TRUE,TRUE
81,DAKCFMEO_00081,BJEIHDPM_03230,WP_007247023.1,DAKCFMEO_00081,WP_007247023.1,FALSE,,,TRUE,FALSE,FALSE
82,DAKCFMEO_00082,BJEIHDPM_03229,WP_007247022.1,DAKCFMEO_00082,WP_007247022.1,TRUE,p25_in_GeneB__dc_in_GeneA,OG0002696,TRUE,TRUE,TRUE
83,DAKCFMEO_00083,BJEIHDPM_03228,WP_011104870.1,DAKCFMEO_00083,WP_011104870.1,TRUE,p25_in_GeneB__dc_in_GeneA,OG0003542,TRUE,TRUE,TRUE
84,DAKCFMEO_00084,BJEIHDPM_03227,WP_011104871.1,DAKCFMEO_00084,WP_011104871.1,TRUE,p25_in_GeneB__dc_in_GeneA,OG0003543,TRUE,TRUE,TRUE
85,DAKCFMEO_00085,BJEIHDPM_03226,WP_011104873.1,DAKCFMEO_00085,WP_011104873.1,FALSE,,,TRUE,FALSE,FALSE
86,DAKCFMEO_00086,BJEIHDPM_03225,WP_011104874.1,DAKCFMEO_00086,WP_011104874.1,FALSE,,,TRUE,FALSE,FALSE
87,DAKCFMEO_00087,BJEIHDPM_03224,,DAKCFMEO_00087,NA,FALSE,,,FALSE,FALSE,FALSE
88,DAKCFMEO_00088,BJEIHDPM_03223,WP_005740134.1,DAKCFMEO_00088,WP_005740134.1,TRUE,p25_in_GeneB__dc_in_GeneA,OG0001300,TRUE,TRUE,TRUE
89,DAKCFMEO_00089,BJEIHDPM_03222,WP_005740131.1,DAKCFMEO_00089,WP_005740131.1,TRUE,p25_in_GeneB__dc_in_GeneA,OG0001299,TRUE,TRUE,TRUE
90,DAKCFMEO_00090,BJEIHDPM_03221,WP_011104877.1,DAKCFMEO_00090,WP_011104877.1,TRUE,p25_in_GeneB__dc_in_GeneA,OG0003545,TRUE,TRUE,TRUE
91,DAKCFMEO_00091,BJEIHDPM_03220,WP_005764946.1,DAKCFMEO_00091,WP_005764946.1,TRUE,p25_in_GeneB__dc_in_GeneA,OG0001630,TRUE,TRUE,TRUE
92,DAKCFMEO_00092,BJEIHDPM_03219,WP_044393502.1,DAKCFMEO_00092,WP_044393502.1,FALSE,,,TRUE,FALSE,FALSE
93,DAKCFMEO_00093,BJEIHDPM_03218,WP_046463431.1,DAKCFMEO_00093,WP_046463431.1,TRUE,p25_in_GeneB__dc_in_GeneA,OG0003971,TRUE,TRUE,TRUE
94,DAKCFMEO_00094,BJEIHDPM_03217,WP_005764940.1,DAKCFMEO_00094,WP_005764940.1,TRUE,p25_in_GeneB__dc_in_GeneA,OG0001629,TRUE,TRUE,TRUE
95,DAKCFMEO_00095,BJEIHDPM_03216,WP_005764936.1,DAKCFMEO_00095,WP_005764936.1,TRUE,p25_in_GeneB__dc_in_GeneA,OG0001628,TRUE,TRUE,TRUE
96,DAKCFMEO_00096,BJEIHDPM_03215,WP_003381481.1,DAKCFMEO_00096,WP_003381481.1,FALSE,,,TRUE,FALSE,FALSE
97,DAKCFMEO_00097,BJEIHDPM_03214,WP_005764931.1,DAKCFMEO_00097,WP_005764931.1,FALSE,,,TRUE,FALSE,FALSE
98,DAKCFMEO_00098,BJEIHDPM_03213,WP_003381484.1,DAKCFMEO_00098,WP_003381484.1,FALSE,,,TRUE,FALSE,FALSE
99,DAKCFMEO_00099,BJEIHDPM_03212,WP_005764926.1,DAKCFMEO_00099,WP_005764926.1,FALSE,,,TRUE,FALSE,FALSE
100,DAKCFMEO_00100,BJEIHDPM_03211,,DAKCFMEO_00100,NA,FALSE,,,FALSE,FALSE,FALSE
101,DAKCFMEO_00101,BJEIHDPM_03210,,DAKCFMEO_00101,NA,FALSE,,,FALSE,FALSE,FALSE
102,DAKCFMEO_00102,BJEIHDPM_03209,WP_003381486.1,DAKCFMEO_00102,WP_003381486.1,TRUE,p25_in_GeneB__dc_in_GeneA,OG0000987,TRUE,TRUE,TRUE
103,DAKCFMEO_00103,BJEIHDPM_03208,WP_005764923.1,DAKCFMEO_00103,WP_005764923.1,TRUE,p25_in_GeneB__dc_in_GeneA,OG0001627,TRUE,TRUE,TRUE
104,DAKCFMEO_00104,BJEIHDPM_03207,,DAKCFMEO_00104,NA,FALSE,,,FALSE,FALSE,FALSE
105,DAKCFMEO_00105,BJEIHDPM_03206,WP_003381490.1,DAKCFMEO_00105,WP_003381490.1,TRUE,p25_in_GeneB__dc_in_GeneA,OG0000988,TRUE,TRUE,TRUE
106,DAKCFMEO_00106,BJEIHDPM_03205,WP_005764922.1,DAKCFMEO_00106,WP_005764922.1,TRUE,p25_in_GeneB__dc_in_GeneA,OG0001626,TRUE,TRUE,TRUE
107,DAKCFMEO_00107,BJEIHDPM_03204,WP_011104881.1,DAKCFMEO_00107,WP_011104881.1,TRUE,p25_in_GeneB__dc_in_GeneA,OG0003546,TRUE,TRUE,TRUE
108,DAKCFMEO_00108,BJEIHDPM_03203,WP_005764919.1,DAKCFMEO_00108,WP_005764919.1,FALSE,,,TRUE,FALSE,FALSE
109,DAKCFMEO_00109,BJEIHDPM_03202,WP_005764917.1,DAKCFMEO_00109,WP_005764917.1,TRUE,p25_in_GeneB__dc_in_GeneA,OG0001625,TRUE,TRUE,TRUE
110,DAKCFMEO_00110,BJEIHDPM_03201,WP_005619982.1,DAKCFMEO_00110,WP_005619982.1,TRUE,p25_in_GeneB__dc_in_GeneA,OG0001204,TRUE,TRUE,TRUE
111,DAKCFMEO_00111,BJEIHDPM_03200,WP_005764915.1,DAKCFMEO_00111,WP_005764915.1,TRUE,p25_in_GeneB__dc_in_GeneA,OG0001624,TRUE,TRUE,TRUE
112,DAKCFMEO_00112,BJEIHDPM_03199,WP_005619985.1,DAKCFMEO_00112,WP_005619985.1,TRUE,p25_in_GeneB__dc_in_GeneA,OG0001205,TRUE,TRUE,TRUE
113,DAKCFMEO_00113,BJEIHDPM_03198,WP_003381499.1,DAKCFMEO_00113,WP_003381499.1,TRUE,p25_in_GeneB__dc_in_GeneA,OG0000989,TRUE,TRUE,TRUE
114,DAKCFMEO_00114,BJEIHDPM_03197,WP_005764909.1,DAKCFMEO_00114,WP_005764909.1,TRUE,p25_in_GeneB__dc_in_GeneA,OG0001623,TRUE,TRUE,TRUE
115,DAKCFMEO_00115,BJEIHDPM_03196,WP_003381502.1,DAKCFMEO_00115,WP_003381502.1,TRUE,p25_in_GeneB__dc_in_GeneA,OG0000990,TRUE,TRUE,TRUE
116,DAKCFMEO_00116,BJEIHDPM_03195,,DAKCFMEO_00116,NA,FALSE,,,FALSE,FALSE,FALSE
117,DAKCFMEO_00117,BJEIHDPM_03194,,DAKCFMEO_00117,NA,FALSE,,,FALSE,FALSE,FALSE
118,DAKCFMEO_00118,BJEIHDPM_03193,,DAKCFMEO_00118,NA,FALSE,,,FALSE,FALSE,FALSE
119,DAKCFMEO_00119,BJEIHDPM_03192,,DAKCFMEO_00119,NA,FALSE,,,FALSE,FALSE,FALSE
120,DAKCFMEO_00120,BJEIHDPM_03191,,DAKCFMEO_00120,NA,FALSE,,,FALSE,FALSE,FALSE
121,DAKCFMEO_00121,BJEIHDPM_03190,,DAKCFMEO_00121,NA,FALSE,,,FALSE,FALSE,FALSE
122,DAKCFMEO_00122,BJEIHDPM_03189,,DAKCFMEO_00122,NA,FALSE,,,FALSE,FALSE,FALSE
123,DAKCFMEO_00123,BJEIHDPM_03188,WP_005764906.1,DAKCFMEO_00123,WP_005764906.1,TRUE,p25_in_GeneB__dc_in_GeneA,OG0001622,TRUE,TRUE,TRUE
124,DAKCFMEO_00124,BJEIHDPM_03187,WP_011104883.1,DAKCFMEO_00124,WP_011104883.1,FALSE,,,TRUE,FALSE,FALSE
125,DAKCFMEO_00125,BJEIHDPM_03186,WP_005764901.1,DAKCFMEO_00125,WP_005764901.1,TRUE,p25_in_GeneB__dc_in_GeneA,OG0001621,TRUE,TRUE,TRUE
126,DAKCFMEO_00126,BJEIHDPM_03185,WP_005764898.1,DAKCFMEO_00126,WP_005764898.1,TRUE,p25_in_GeneB__dc_in_GeneA,OG0001620,TRUE,TRUE,TRUE
127,DAKCFMEO_00127,BJEIHDPM_03184,WP_005764896.1,DAKCFMEO_00127,WP_005764896.1,TRUE,p25_in_GeneB__dc_in_GeneA,OG0001619,TRUE,TRUE,TRUE
128,DAKCFMEO_00128,BJEIHDPM_03183,,DAKCFMEO_00128,NA,FALSE,,,FALSE,FALSE,FALSE
129,DAKCFMEO_00129,BJEIHDPM_03182,WP_003381514.1,DAKCFMEO_00129,WP_003381514.1,FALSE,,,TRUE,FALSE,FALSE
130,DAKCFMEO_00130,BJEIHDPM_03181,WP_046463430.1,DAKCFMEO_00130,WP_046463430.1,TRUE,p25_in_GeneB__dc_in_GeneA,OG0003970,TRUE,TRUE,TRUE
131,DAKCFMEO_00131,BJEIHDPM_03180,,DAKCFMEO_00131,NA,FALSE,,,FALSE,FALSE,FALSE
132,DAKCFMEO_00132,BJEIHDPM_03179,WP_011104884.1,DAKCFMEO_00132,WP_011104884.1,TRUE,p25_in_GeneB__dc_in_GeneA,OG0003547,TRUE,TRUE,TRUE
133,DAKCFMEO_00133,BJEIHDPM_03178,WP_011104885.1,DAKCFMEO_00133,WP_011104885.1,TRUE,p25_in_GeneB__dc_in_GeneA,OG0003548,TRUE,TRUE,TRUE
134,DAKCFMEO_00134,BJEIHDPM_03177,WP_007246640.1,DAKCFMEO_00134,WP_007246640.1,TRUE,p25_in_GeneB__dc_in_GeneA,OG0002672,TRUE,TRUE,TRUE
135,DAKCFMEO_00135,BJEIHDPM_03176,WP_003381525.1,DAKCFMEO_00135,WP_003381525.1,TRUE,p25_in_GeneB__dc_in_GeneA,OG0000991,TRUE,TRUE,TRUE
136,DAKCFMEO_00136,BJEIHDPM_03175,WP_046463429.1,DAKCFMEO_00136,WP_046463429.1,TRUE,p25_in_GeneB__dc_in_GeneA,OG0003969,TRUE,TRUE,TRUE
137,DAKCFMEO_00137,BJEIHDPM_03174,WP_005764880.1,DAKCFMEO_00137,WP_005764880.1,FALSE,,,TRUE,FALSE,FALSE
138,DAKCFMEO_00138,BJEIHDPM_03173,WP_005764877.1,DAKCFMEO_00138,WP_005764877.1,TRUE,p25_in_GeneB__dc_in_GeneA,OG0001617,TRUE,TRUE,TRUE
139,DAKCFMEO_00139,BJEIHDPM_03172,WP_007246637.1,DAKCFMEO_00139,WP_007246637.1,FALSE,,,TRUE,FALSE,FALSE
140,DAKCFMEO_00140,BJEIHDPM_03171,WP_011104887.1,DAKCFMEO_00140,WP_011104887.1,FALSE,,,TRUE,FALSE,FALSE
141,DAKCFMEO_00141,BJEIHDPM_03170,WP_005764871.1,DAKCFMEO_00141,WP_005764871.1,TRUE,p25_in_GeneB__dc_in_GeneA,OG0001616,TRUE,TRUE,TRUE
142,DAKCFMEO_00142,BJEIHDPM_03169,WP_003381534.1,DAKCFMEO_00142,WP_003381534.1,TRUE,p25_in_GeneB__dc_in_GeneA,OG0000992,TRUE,TRUE,TRUE
143,DAKCFMEO_00143,BJEIHDPM_03168,WP_003381535.1,DAKCFMEO_00143,WP_003381535.1,TRUE,p25_in_GeneB__dc_in_GeneA,OG0000993,TRUE,TRUE,TRUE
144,DAKCFMEO_00144,BJEIHDPM_03167,,DAKCFMEO_00144,NA,FALSE,,,FALSE,FALSE,FALSE
145,DAKCFMEO_00145,BJEIHDPM_03166,WP_002554837.1,DAKCFMEO_00145,WP_002554837.1,FALSE,,,TRUE,FALSE,FALSE
146,DAKCFMEO_00146,BJEIHDPM_03165,WP_011104888.1,DAKCFMEO_00146,WP_011104888.1,FALSE,,,TRUE,FALSE,FALSE
147,DAKCFMEO_00147,BJEIHDPM_03164,WP_005764864.1,DAKCFMEO_00147,WP_005764864.1,TRUE,p25_in_GeneB__dc_in_GeneA,OG0001615,TRUE,TRUE,TRUE
148,DAKCFMEO_00148,BJEIHDPM_03163,WP_007246633.1,DAKCFMEO_00148,WP_007246633.1,TRUE,p25_in_GeneB__dc_in_GeneA,OG0002671,TRUE,TRUE,TRUE
149,DAKCFMEO_00149,BJEIHDPM_03162,WP_005739136.1,DAKCFMEO_00149,WP_005739136.1,TRUE,p25_in_GeneB__dc_in_GeneA,OG0001285,TRUE,TRUE,TRUE
150,DAKCFMEO_00150,BJEIHDPM_03161,WP_010203608.1,DAKCFMEO_00150,WP_010203608.1,TRUE,p25_in_GeneB__dc_in_GeneA,OG0002728,TRUE,TRUE,TRUE
151,DAKCFMEO_00151,BJEIHDPM_03160,WP_002554843.1,DAKCFMEO_00151,WP_002554843.1,FALSE,,,TRUE,FALSE,FALSE
152,DAKCFMEO_00152,BJEIHDPM_03159,WP_032710461.1,DAKCFMEO_00152,WP_032710461.1,TRUE,p25_in_GeneB__dc_in_GeneA,OG0003890,TRUE,TRUE,TRUE
153,DAKCFMEO_00153,BJEIHDPM_03158,,DAKCFMEO_00153,NA,FALSE,,,FALSE,FALSE,FALSE
154,DAKCFMEO_00154,BJEIHDPM_03157,,DAKCFMEO_00154,NA,FALSE,,,FALSE,FALSE,FALSE
155,DAKCFMEO_00155,BJEIHDPM_03156,WP_005620033.1,DAKCFMEO_00155,WP_005620033.1,TRUE,p25_in_GeneB__dc_in_GeneA,OG0001206,TRUE,TRUE,TRUE
156,DAKCFMEO_00156,BJEIHDPM_03155,WP_005764856.1,DAKCFMEO_00156,WP_005764856.1,TRUE,p25_in_GeneB__dc_in_GeneA,OG0001614,TRUE,TRUE,TRUE
157,DAKCFMEO_00157,BJEIHDPM_03154,WP_005764852.1,DAKCFMEO_00157,WP_005764852.1,TRUE,p25_in_GeneB__dc_in_GeneA,OG0001613,TRUE,TRUE,TRUE
158,DAKCFMEO_00158,BJEIHDPM_03153,WP_005764850.1,DAKCFMEO_00158,WP_005764850.1,TRUE,p25_in_GeneB__dc_in_GeneA,OG0001612,TRUE,TRUE,TRUE
159,DAKCFMEO_00159,BJEIHDPM_03152,WP_002554851.1,DAKCFMEO_00159,WP_002554851.1,TRUE,p25_in_GeneB__dc_in_GeneA,OG0000686,TRUE,TRUE,TRUE
160,DAKCFMEO_00160,BJEIHDPM_03151,WP_004396490.1,DAKCFMEO_00160,WP_004396490.1,TRUE,p25_in_GeneB__dc_in_GeneA,OG0001076,TRUE,TRUE,TRUE
161,DAKCFMEO_00161,BJEIHDPM_03150,WP_046463414.1,DAKCFMEO_00161,WP_046463414.1,FALSE,,,TRUE,FALSE,FALSE
162,DAKCFMEO_00162,BJEIHDPM_03149,WP_007246626.1,DAKCFMEO_00162,WP_007246626.1,TRUE,p25_in_GeneB__dc_in_GeneA,OG0002670,TRUE,TRUE,TRUE
163,DAKCFMEO_00163,BJEIHDPM_03148,WP_011104892.1,DAKCFMEO_00163,WP_011104892.1,TRUE,p25_in_GeneB__dc_in_GeneA,OG0003549,TRUE,TRUE,TRUE
164,DAKCFMEO_00164,BJEIHDPM_03147,WP_044390643.1,DAKCFMEO_00164,WP_044390643.1,TRUE,p25_in_GeneB__dc_in_GeneA,OG0003909,TRUE,TRUE,TRUE
165,DAKCFMEO_00165,BJEIHDPM_03146,WP_005764836.1,DAKCFMEO_00165,WP_005764836.1,TRUE,p25_in_GeneB__dc_in_GeneA,OG0001611,TRUE,TRUE,TRUE
166,DAKCFMEO_00166,BJEIHDPM_03145,WP_004396504.1,DAKCFMEO_00166,WP_004396504.1,TRUE,p25_in_GeneB__dc_in_GeneA,OG0001077,TRUE,TRUE,TRUE
167,DAKCFMEO_00167,BJEIHDPM_03144,WP_005764834.1,DAKCFMEO_00167,WP_005764834.1,FALSE,,,TRUE,FALSE,FALSE
168,DAKCFMEO_00168,BJEIHDPM_03143,WP_004396514.1,DAKCFMEO_00168,WP_004396514.1,TRUE,p25_in_GeneB__dc_in_GeneA,OG0001078,TRUE,TRUE,TRUE
169,DAKCFMEO_00169,BJEIHDPM_03142,WP_005764831.1,DAKCFMEO_00169,WP_005764831.1,TRUE,p25_in_GeneB__dc_in_GeneA,OG0001610,TRUE,TRUE,TRUE
170,DAKCFMEO_00170,BJEIHDPM_03141,WP_011104894.1,DAKCFMEO_00170,WP_011104894.1,TRUE,p25_in_GeneB__dc_in_GeneA,OG0003550,TRUE,TRUE,TRUE
171,DAKCFMEO_00171,BJEIHDPM_03140,WP_004396522.1,DAKCFMEO_00171,WP_004396522.1,TRUE,p25_in_GeneB__dc_in_GeneA,OG0001079,TRUE,TRUE,TRUE
172,DAKCFMEO_00172,BJEIHDPM_03139,WP_007246619.1,DAKCFMEO_00172,WP_007246619.1,TRUE,p25_in_GeneB__dc_in_GeneA,OG0002669,TRUE,TRUE,TRUE
173,DAKCFMEO_00173,BJEIHDPM_03138,WP_011104895.1,DAKCFMEO_00173,WP_011104895.1,FALSE,,,TRUE,FALSE,FALSE
174,DAKCFMEO_00174,BJEIHDPM_03137,WP_007246618.1,DAKCFMEO_00174,WP_007246618.1,TRUE,p25_in_GeneB__dc_in_GeneA,OG0002668,TRUE,TRUE,TRUE
175,DAKCFMEO_00175,BJEIHDPM_03136,WP_007246617.1,DAKCFMEO_00175,WP_007246617.1,FALSE,,,TRUE,FALSE,FALSE
176,DAKCFMEO_00176,BJEIHDPM_03135,,DAKCFMEO_00176,NA,FALSE,,,FALSE,FALSE,FALSE
177,DAKCFMEO_00177,BJEIHDPM_03134,WP_011104896.1,DAKCFMEO_00177,WP_011104896.1,FALSE,,,TRUE,FALSE,FALSE
178,DAKCFMEO_00178,BJEIHDPM_03133,WP_011104897.1,DAKCFMEO_00178,WP_011104897.1,TRUE,p25_in_GeneB__dc_in_GeneA,OG0003551,TRUE,TRUE,TRUE
179,DAKCFMEO_00179,BJEIHDPM_03132,,DAKCFMEO_00179,NA,FALSE,,,FALSE,FALSE,FALSE
180,DAKCFMEO_00180,BJEIHDPM_03131,WP_005764812.1,DAKCFMEO_00180,WP_005764812.1,TRUE,p25_in_GeneB__dc_in_GeneA,OG0001608,TRUE,TRUE,TRUE
181,DAKCFMEO_00181,BJEIHDPM_03130,WP_005764810.1,DAKCFMEO_00181,WP_005764810.1,FALSE,,,TRUE,FALSE,FALSE
182,DAKCFMEO_00182,BJEIHDPM_03129,WP_005764809.1,DAKCFMEO_00182,WP_005764809.1,TRUE,p25_in_GeneB__dc_in_GeneA,OG0001607,TRUE,TRUE,TRUE
183,DAKCFMEO_00183,BJEIHDPM_03128,WP_005764807.1,DAKCFMEO_00183,WP_005764807.1,TRUE,p25_in_GeneB__dc_in_GeneA,OG0001606,TRUE,TRUE,TRUE
184,DAKCFMEO_00184,BJEIHDPM_03127,,DAKCFMEO_00184,NA,FALSE,,,FALSE,FALSE,FALSE
185,DAKCFMEO_00185,BJEIHDPM_03126,,DAKCFMEO_00185,NA,FALSE,,,FALSE,FALSE,FALSE
186,DAKCFMEO_00186,BJEIHDPM_03125,WP_011104899.1,DAKCFMEO_00186,WP_011104899.1,TRUE,p25_in_GeneB__dc_in_GeneA,OG0003552,TRUE,TRUE,TRUE
187,DAKCFMEO_00187,BJEIHDPM_03124,,DAKCFMEO_00187,NA,FALSE,,,FALSE,FALSE,FALSE
188,DAKCFMEO_00188,BJEIHDPM_03123,,DAKCFMEO_00188,NA,FALSE,,,FALSE,FALSE,FALSE
189,DAKCFMEO_00189,BJEIHDPM_03122,,DAKCFMEO_00189,NA,FALSE,,,FALSE,FALSE,FALSE
190,DAKCFMEO_00190,BJEIHDPM_03121,,DAKCFMEO_00190,NA,FALSE,,,FALSE,FALSE,FALSE
191,DAKCFMEO_00191,BJEIHDPM_03120,,DAKCFMEO_00191,NA,FALSE,,,FALSE,FALSE,FALSE
192,DAKCFMEO_00192,BJEIHDPM_03119,WP_005764794.1,DAKCFMEO_00192,WP_005764794.1,TRUE,p25_in_GeneB__dc_in_GeneA,OG0001605,TRUE,TRUE,TRUE
193,DAKCFMEO_00193,BJEIHDPM_03118,WP_005764792.1,DAKCFMEO_00193,WP_005764792.1,TRUE,p25_in_GeneB__dc_in_GeneA,OG0001604,TRUE,TRUE,TRUE
194,DAKCFMEO_00194,BJEIHDPM_03117,WP_011104905.1,DAKCFMEO_00194,WP_011104905.1,TRUE,p25_in_GeneB__dc_in_GeneA,OG0003554,TRUE,TRUE,TRUE
195,DAKCFMEO_00195,BJEIHDPM_03116,WP_005764790.1,DAKCFMEO_00195,WP_005764790.1,TRUE,p25_in_GeneB__dc_in_GeneA,OG0001603,TRUE,TRUE,TRUE
196,DAKCFMEO_00196,BJEIHDPM_03115,WP_005764789.1,DAKCFMEO_00196,WP_005764789.1,TRUE,p25_in_GeneB__dc_in_GeneA,OG0001602,TRUE,TRUE,TRUE
197,DAKCFMEO_00197,BJEIHDPM_03114,WP_005736419.1,DAKCFMEO_00197,WP_005736419.1,FALSE,,,TRUE,FALSE,FALSE
198,DAKCFMEO_00198,BJEIHDPM_03113,WP_046463416.1,DAKCFMEO_00198,WP_046463416.1,FALSE,,,TRUE,FALSE,FALSE
199,DAKCFMEO_00199,BJEIHDPM_03112,WP_005764787.1,DAKCFMEO_00199,WP_005764787.1,TRUE,p25_in_GeneB__dc_in_GeneA,OG0001601,TRUE,TRUE,TRUE
200,DAKCFMEO_00200,BJEIHDPM_03111,WP_005764786.1,DAKCFMEO_00200,WP_005764786.1,TRUE,p25_in_GeneB__dc_in_GeneA,OG0001600,TRUE,TRUE,TRUE
201,DAKCFMEO_00201,BJEIHDPM_03110,WP_011104908.1,DAKCFMEO_00201,WP_011104908.1,TRUE,p25_in_GeneB__dc_in_GeneA,OG0003555,TRUE,TRUE,TRUE
202,DAKCFMEO_00202,BJEIHDPM_03109,WP_005764784.1,DAKCFMEO_00202,WP_005764784.1,FALSE,,,TRUE,FALSE,FALSE
203,DAKCFMEO_00203,BJEIHDPM_03108,WP_005764783.1,DAKCFMEO_00203,WP_005764783.1,TRUE,p25_in_GeneB__dc_in_GeneA,OG0001599,TRUE,TRUE,TRUE
204,DAKCFMEO_00204,BJEIHDPM_03107,WP_005764782.1,DAKCFMEO_00204,WP_005764782.1,TRUE,p25_in_GeneB__dc_in_GeneA,OG0001598,TRUE,TRUE,TRUE
205,DAKCFMEO_00205,BJEIHDPM_03106,WP_005764781.1,DAKCFMEO_00205,WP_005764781.1,TRUE,p25_in_GeneB__dc_in_GeneA,OG0001597,TRUE,TRUE,TRUE
206,DAKCFMEO_00206,BJEIHDPM_03105,WP_005764779.1,DAKCFMEO_00206,WP_005764779.1,TRUE,p25_in_GeneB__dc_in_GeneA,OG0001596,TRUE,TRUE,TRUE
207,DAKCFMEO_00207,BJEIHDPM_03104,WP_010207837.1,DAKCFMEO_00207,WP_010207837.1,TRUE,p25_in_GeneB__dc_in_GeneA,OG0002746,TRUE,TRUE,TRUE
208,DAKCFMEO_00208,BJEIHDPM_03103,WP_005764777.1,DAKCFMEO_00208,WP_005764777.1,TRUE,p25_in_GeneB__dc_in_GeneA,OG0001595,TRUE,TRUE,TRUE
209,DAKCFMEO_00209,BJEIHDPM_03102,WP_005764776.1,DAKCFMEO_00209,WP_005764776.1,TRUE,p25_in_GeneB__dc_in_GeneA,OG0001594,TRUE,TRUE,TRUE
210,DAKCFMEO_00210,BJEIHDPM_03101,WP_005764775.1,DAKCFMEO_00210,WP_005764775.1,TRUE,p25_in_GeneB__dc_in_GeneA,OG0001593,TRUE,TRUE,TRUE
211,DAKCFMEO_00211,BJEIHDPM_03100,WP_011104910.1,DAKCFMEO_00211,WP_011104910.1,TRUE,p25_in_GeneB__dc_in_GeneA,OG0003556,TRUE,TRUE,TRUE
212,DAKCFMEO_00212,BJEIHDPM_03099,WP_005620091.1,DAKCFMEO_00212,WP_005620091.1,TRUE,p25_in_GeneB__dc_in_GeneA,OG0001207,TRUE,TRUE,TRUE
213,DAKCFMEO_00213,BJEIHDPM_03098,WP_005764773.1,DAKCFMEO_00213,WP_005764773.1,TRUE,p25_in_GeneB__dc_in_GeneA,OG0001592,TRUE,TRUE,TRUE
214,DAKCFMEO_00214,BJEIHDPM_03097,WP_005764772.1,DAKCFMEO_00214,WP_005764772.1,TRUE,p25_in_GeneB__dc_in_GeneA,OG0001591,TRUE,TRUE,TRUE
215,DAKCFMEO_00215,BJEIHDPM_03096,WP_005764771.1,DAKCFMEO_00215,WP_005764771.1,TRUE,p25_in_GeneB__dc_in_GeneA,OG0001590,TRUE,TRUE,TRUE
216,DAKCFMEO_00216,BJEIHDPM_03095,WP_005764769.1,DAKCFMEO_00216,WP_005764769.1,TRUE,p25_in_GeneB__dc_in_GeneA,OG0001589,TRUE,TRUE,TRUE
217,DAKCFMEO_00217,BJEIHDPM_03094,WP_003378472.1,DAKCFMEO_00217,WP_003378472.1,TRUE,p25_in_GeneB__dc_in_GeneA,OG0000870,TRUE,TRUE,TRUE
218,DAKCFMEO_00218,BJEIHDPM_03093,WP_011104911.1,DAKCFMEO_00218,WP_011104911.1,TRUE,p25_in_GeneB__dc_in_GeneA,OG0003557,TRUE,TRUE,TRUE
219,DAKCFMEO_00219,BJEIHDPM_03092,WP_005620106.1,DAKCFMEO_00219,WP_005620106.1,TRUE,p25_in_GeneB__dc_in_GeneA,OG0001208,TRUE,TRUE,TRUE
220,DAKCFMEO_00220,BJEIHDPM_03091,WP_007246809.1,DAKCFMEO_00220,WP_007246809.1,TRUE,p25_in_GeneB__dc_in_GeneA,OG0002681,TRUE,TRUE,TRUE
221,DAKCFMEO_00221,BJEIHDPM_03090,WP_011104912.1,DAKCFMEO_00221,WP_011104912.1,TRUE,p25_in_GeneB__dc_in_GeneA,OG0003558,TRUE,TRUE,TRUE
222,DAKCFMEO_00222,BJEIHDPM_03089,WP_005764765.1,DAKCFMEO_00222,WP_005764765.1,TRUE,p25_in_GeneB__dc_in_GeneA,OG0001588,TRUE,TRUE,TRUE
223,DAKCFMEO_00223,BJEIHDPM_03088,WP_005764764.1,DAKCFMEO_00223,WP_005764764.1,TRUE,p25_in_GeneB__dc_in_GeneA,OG0001587,TRUE,TRUE,TRUE
224,DAKCFMEO_00224,BJEIHDPM_03087,WP_005764762.1,DAKCFMEO_00224,WP_005764762.1,TRUE,p25_in_GeneB__dc_in_GeneA,OG0001586,TRUE,TRUE,TRUE
225,DAKCFMEO_00225,BJEIHDPM_03086,WP_007246812.1,DAKCFMEO_00225,WP_007246812.1,TRUE,p25_in_GeneB__dc_in_GeneA,OG0002682,TRUE,TRUE,TRUE
226,DAKCFMEO_00226,BJEIHDPM_03085,WP_003378493.1,DAKCFMEO_00226,WP_003378493.1,TRUE,p25_in_GeneB__dc_in_GeneA,OG0000871,TRUE,TRUE,TRUE
227,DAKCFMEO_00227,BJEIHDPM_03084,WP_005764756.1,DAKCFMEO_00227,WP_005764756.1,TRUE,p25_in_GeneB__dc_in_GeneA,OG0001585,TRUE,TRUE,TRUE
228,DAKCFMEO_00228,BJEIHDPM_03083,WP_011104913.1,DAKCFMEO_00228,WP_011104913.1,TRUE,p25_in_GeneB__dc_in_GeneA,OG0003559,TRUE,TRUE,TRUE
229,DAKCFMEO_00229,BJEIHDPM_03082,WP_003378499.1,DAKCFMEO_00229,WP_003378499.1,TRUE,p25_in_GeneB__dc_in_GeneA,OG0000872,TRUE,TRUE,TRUE
230,DAKCFMEO_00230,BJEIHDPM_03081,WP_032622187.1,DAKCFMEO_00230,WP_032622187.1,TRUE,p25_in_GeneB__dc_in_GeneA,OG0003886,TRUE,TRUE,TRUE
231,DAKCFMEO_00231,BJEIHDPM_03080,WP_005764752.1,DAKCFMEO_00231,WP_005764752.1,TRUE,p25_in_GeneB__dc_in_GeneA,OG0001584,TRUE,TRUE,TRUE
232,DAKCFMEO_00232,BJEIHDPM_03079,WP_011104914.1,DAKCFMEO_00232,WP_011104914.1,TRUE,p25_in_GeneB__dc_in_GeneA,OG0003560,TRUE,TRUE,TRUE
233,DAKCFMEO_00233,BJEIHDPM_03078,WP_005739198.1,DAKCFMEO_00233,WP_005739198.1,TRUE,p25_in_GeneB__dc_in_GeneA,OG0001286,TRUE,TRUE,TRUE
234,DAKCFMEO_00234,BJEIHDPM_03077,WP_005764747.1,DAKCFMEO_00234,WP_005764747.1,TRUE,p25_in_GeneB__dc_in_GeneA,OG0001583,TRUE,TRUE,TRUE
235,DAKCFMEO_00235,BJEIHDPM_03076,WP_005764744.1,DAKCFMEO_00235,WP_005764744.1,TRUE,p25_in_GeneB__dc_in_GeneA,OG0001582,TRUE,TRUE,TRUE
236,DAKCFMEO_00236,BJEIHDPM_03075,WP_011104915.1,DAKCFMEO_00236,WP_011104915.1,TRUE,p25_in_GeneB__dc_in_GeneA,OG0003561,TRUE,TRUE,TRUE
237,DAKCFMEO_00237,BJEIHDPM_03074,WP_005764742.1,DAKCFMEO_00237,WP_005764742.1,TRUE,p25_in_GeneB__dc_in_GeneA,OG0001581,TRUE,TRUE,TRUE
238,DAKCFMEO_00238,BJEIHDPM_03073,WP_003378513.1,DAKCFMEO_00238,WP_003378513.1,TRUE,p25_in_GeneB__dc_in_GeneA,OG0000873,TRUE,TRUE,TRUE
239,DAKCFMEO_00239,BJEIHDPM_03072,,DAKCFMEO_00239,NA,FALSE,,,FALSE,FALSE,FALSE
240,DAKCFMEO_00240,BJEIHDPM_03071,WP_011104916.1,DAKCFMEO_00240,WP_011104916.1,TRUE,p25_in_GeneB__dc_in_GeneA,OG0003562,TRUE,TRUE,TRUE
241,DAKCFMEO_00241,BJEIHDPM_03070,WP_005764738.1,DAKCFMEO_00241,WP_005764738.1,TRUE,p25_in_GeneB__dc_in_GeneA,OG0001580,TRUE,TRUE,TRUE
242,DAKCFMEO_00242,BJEIHDPM_03069,WP_005764735.1,DAKCFMEO_00242,WP_005764735.1,TRUE,p25_in_GeneB__dc_in_GeneA,OG0001579,TRUE,TRUE,TRUE
243,DAKCFMEO_00243,BJEIHDPM_03068,WP_007246818.1,DAKCFMEO_00243,WP_007246818.1,TRUE,p25_in_GeneB__dc_in_GeneA,OG0002683,TRUE,TRUE,TRUE
244,DAKCFMEO_00244,BJEIHDPM_03067,WP_005764729.1,DAKCFMEO_00244,WP_005764729.1,TRUE,p25_in_GeneB__dc_in_GeneA,OG0001578,TRUE,TRUE,TRUE
245,DAKCFMEO_00245,BJEIHDPM_03066,WP_005764727.1,DAKCFMEO_00245,WP_005764727.1,TRUE,p25_in_GeneB__dc_in_GeneA,OG0001577,TRUE,TRUE,TRUE
246,DAKCFMEO_00246,BJEIHDPM_03065,WP_011104917.1,DAKCFMEO_00246,WP_011104917.1,TRUE,p25_in_GeneB__dc_in_GeneA,OG0003563,TRUE,TRUE,TRUE
247,DAKCFMEO_00247,BJEIHDPM_03064,WP_011104918.1,DAKCFMEO_00247,WP_011104918.1,FALSE,,,TRUE,FALSE,FALSE
248,DAKCFMEO_00248,BJEIHDPM_03063,,DAKCFMEO_00248,NA,FALSE,,,FALSE,FALSE,FALSE
249,DAKCFMEO_00249,BJEIHDPM_03062,WP_005764716.1,DAKCFMEO_00249,WP_005764716.1,TRUE,p25_in_GeneB__dc_in_GeneA,OG0001576,TRUE,TRUE,TRUE
250,DAKCFMEO_00250,BJEIHDPM_03061,WP_005764714.1,DAKCFMEO_00250,WP_005764714.1,TRUE,p25_in_GeneB__dc_in_GeneA,OG0001575,TRUE,TRUE,TRUE
251,DAKCFMEO_00251,BJEIHDPM_03060,WP_011104920.1,DAKCFMEO_00251,WP_011104920.1,FALSE,,,TRUE,FALSE,FALSE
252,DAKCFMEO_00253,BJEIHDPM_03058,WP_005769982.1,DAKCFMEO_00253,WP_005769982.1,TRUE,p25_in_GeneB__dc_in_GeneA,OG0002265,TRUE,TRUE,TRUE
253,DAKCFMEO_00254,BJEIHDPM_03057,WP_046463799.1,DAKCFMEO_00254,WP_046463799.1,TRUE,p25_in_GeneB__dc_in_GeneA,OG0004021,TRUE,TRUE,TRUE
254,DAKCFMEO_00255,BJEIHDPM_03056,WP_011103986.1,DAKCFMEO_00255,WP_011103986.1,FALSE,,,TRUE,FALSE,FALSE
255,DAKCFMEO_00256,BJEIHDPM_03055,WP_005770289.1,DAKCFMEO_00256,WP_005770289.1,FALSE,,,TRUE,FALSE,FALSE
256,DAKCFMEO_00257,BJEIHDPM_03054,WP_011104856.1,DAKCFMEO_00257,WP_011104856.1,FALSE,,,TRUE,FALSE,FALSE
257,DAKCFMEO_00258,BJEIHDPM_03053,WP_005767507.1,DAKCFMEO_00258,WP_005767507.1,TRUE,p25_in_GeneB__dc_in_GeneA,OG0001971,TRUE,TRUE,TRUE
258,DAKCFMEO_00259,BJEIHDPM_03052,,DAKCFMEO_00259,NA,FALSE,,,FALSE,FALSE,FALSE
259,DAKCFMEO_00260,BJEIHDPM_03051,WP_003382736.1,DAKCFMEO_00260,WP_003382736.1,FALSE,,,TRUE,FALSE,FALSE
260,DAKCFMEO_00261,BJEIHDPM_03050,WP_011104420.1,DAKCFMEO_00261,WP_011104420.1,TRUE,p25_in_GeneB__dc_in_GeneA,OG0003356,TRUE,TRUE,TRUE
261,DAKCFMEO_00262,BJEIHDPM_03049,WP_005766345.1,DAKCFMEO_00262,WP_005766345.1,TRUE,p25_in_GeneB__dc_in_GeneA,OG0001821,TRUE,TRUE,TRUE
262,DAKCFMEO_00263,BJEIHDPM_03048,WP_011104421.1,DAKCFMEO_00263,WP_011104421.1,TRUE,p25_in_GeneB__dc_in_GeneA,OG0003357,TRUE,TRUE,TRUE
263,DAKCFMEO_00264,BJEIHDPM_03047,WP_011104422.1,DAKCFMEO_00264,WP_011104422.1,TRUE,p25_in_GeneB__dc_in_GeneA,OG0003358,TRUE,TRUE,TRUE
264,DAKCFMEO_00265,BJEIHDPM_03046,WP_011104423.1,DAKCFMEO_00265,WP_011104423.1,TRUE,p25_in_GeneB__dc_in_GeneA,OG0003359,TRUE,TRUE,TRUE
265,DAKCFMEO_00266,BJEIHDPM_03045,WP_011104424.1,DAKCFMEO_00266,WP_011104424.1,TRUE,p25_in_GeneB__dc_in_GeneA,OG0003360,TRUE,TRUE,TRUE
266,DAKCFMEO_00267,BJEIHDPM_03044,WP_046463318.1,DAKCFMEO_00267,WP_046463318.1,FALSE,,,TRUE,FALSE,FALSE
267,DAKCFMEO_00268,BJEIHDPM_03043,WP_011104449.1,DAKCFMEO_00268,WP_011104449.1,TRUE,p25_in_GeneB__dc_in_GeneA,OG0003365,TRUE,TRUE,TRUE
268,DAKCFMEO_00269,BJEIHDPM_03042,,DAKCFMEO_00269,NA,FALSE,,,FALSE,FALSE,FALSE
269,DAKCFMEO_00270,BJEIHDPM_03041,WP_011104942.1,DAKCFMEO_00270,WP_011104942.1,TRUE,p25_in_GeneB__dc_in_GeneA,OG0003568,TRUE,TRUE,TRUE
270,DAKCFMEO_00271,BJEIHDPM_03040,WP_011104944.1,DAKCFMEO_00271,WP_011104944.1,TRUE,p25_in_GeneB__dc_in_GeneA,OG0003569,TRUE,TRUE,TRUE
271,DAKCFMEO_00272,BJEIHDPM_03039,,DAKCFMEO_00272,NA,FALSE,,,FALSE,FALSE,FALSE
272,DAKCFMEO_00273,BJEIHDPM_03038,,DAKCFMEO_00273,NA,FALSE,,,FALSE,FALSE,FALSE
273,DAKCFMEO_00274,BJEIHDPM_03037,WP_003381663.1,DAKCFMEO_00274,WP_003381663.1,TRUE,p25_in_GeneB__dc_in_GeneA,OG0001002,TRUE,TRUE,TRUE
274,DAKCFMEO_00275,BJEIHDPM_03036,WP_032622185.1,DAKCFMEO_00275,WP_032622185.1,TRUE,p25_in_GeneB__dc_in_GeneA,OG0003885,TRUE,TRUE,TRUE
275,DAKCFMEO_00276,BJEIHDPM_03035,WP_007246181.1,DAKCFMEO_00276,WP_007246181.1,TRUE,p25_in_GeneB__dc_in_GeneA,OG0002641,TRUE,TRUE,TRUE
276,DAKCFMEO_00277,BJEIHDPM_03034,WP_007246182.1,DAKCFMEO_00277,WP_007246182.1,TRUE,p25_in_GeneB__dc_in_GeneA,OG0002642,TRUE,TRUE,TRUE
277,DAKCFMEO_00278,BJEIHDPM_03033,WP_011104948.1,DAKCFMEO_00278,WP_011104948.1,FALSE,,,TRUE,FALSE,FALSE
278,DAKCFMEO_00279,BJEIHDPM_03032,WP_011104949.1,DAKCFMEO_00279,WP_011104949.1,TRUE,p25_in_GeneB__dc_in_GeneA,OG0003570,TRUE,TRUE,TRUE
279,DAKCFMEO_00280,BJEIHDPM_03031,WP_011104950.1,DAKCFMEO_00280,WP_011104950.1,TRUE,p25_in_GeneB__dc_in_GeneA,OG0003571,TRUE,TRUE,TRUE
280,DAKCFMEO_00281,BJEIHDPM_03030,,DAKCFMEO_00281,NA,FALSE,,,FALSE,FALSE,FALSE
281,DAKCFMEO_00282,BJEIHDPM_03029,WP_011104951.1,DAKCFMEO_00282,WP_011104951.1,FALSE,,,TRUE,FALSE,FALSE
282,DAKCFMEO_00283,BJEIHDPM_03028,,DAKCFMEO_00283,NA,FALSE,,,FALSE,FALSE,FALSE
283,DAKCFMEO_00284,BJEIHDPM_03027,WP_005739483.1,DAKCFMEO_00284,WP_005739483.1,TRUE,p25_in_GeneB__dc_in_GeneA,OG0001289,TRUE,TRUE,TRUE
284,DAKCFMEO_00285,BJEIHDPM_03026,WP_003381648.1,DAKCFMEO_00285,WP_003381648.1,TRUE,p25_in_GeneB__dc_in_GeneA,OG0001001,TRUE,TRUE,TRUE
285,DAKCFMEO_00286,BJEIHDPM_03025,WP_005768700.1,DAKCFMEO_00286,WP_005768700.1,TRUE,p25_in_GeneB__dc_in_GeneA,OG0002112,TRUE,TRUE,TRUE
286,DAKCFMEO_00287,BJEIHDPM_03024,WP_046463675.1,DAKCFMEO_00287,WP_046463675.1,FALSE,,,TRUE,FALSE,FALSE
287,DAKCFMEO_00288,BJEIHDPM_03023,WP_011104953.1,DAKCFMEO_00288,WP_011104953.1,TRUE,p25_in_GeneB__dc_in_GeneA,OG0003572,TRUE,TRUE,TRUE
288,DAKCFMEO_00289,BJEIHDPM_03022,WP_005768695.1,DAKCFMEO_00289,WP_005768695.1,TRUE,p25_in_GeneB__dc_in_GeneA,OG0002111,TRUE,TRUE,TRUE
289,DAKCFMEO_00290,BJEIHDPM_03021,WP_007246191.1,DAKCFMEO_00290,WP_007246191.1,TRUE,p25_in_GeneB__dc_in_GeneA,OG0002643,TRUE,TRUE,TRUE
290,DAKCFMEO_00291,BJEIHDPM_03020,WP_005768691.1,DAKCFMEO_00291,WP_005768691.1,FALSE,,,TRUE,FALSE,FALSE
291,DAKCFMEO_00292,BJEIHDPM_03019,WP_005768689.1,DAKCFMEO_00292,WP_005768689.1,FALSE,,,TRUE,FALSE,FALSE
292,DAKCFMEO_00293,BJEIHDPM_03018,WP_007246194.1,DAKCFMEO_00293,WP_007246194.1,FALSE,,,TRUE,FALSE,FALSE
293,DAKCFMEO_00294,BJEIHDPM_03017,WP_005768685.1,DAKCFMEO_00294,WP_005768685.1,TRUE,p25_in_GeneB__dc_in_GeneA,OG0002110,TRUE,TRUE,TRUE
294,DAKCFMEO_00295,BJEIHDPM_03016,WP_007246196.1,DAKCFMEO_00295,WP_007246196.1,TRUE,p25_in_GeneB__dc_in_GeneA,OG0002644,TRUE,TRUE,TRUE
295,DAKCFMEO_00296,BJEIHDPM_03015,WP_005768681.1,DAKCFMEO_00296,WP_005768681.1,TRUE,p25_in_GeneB__dc_in_GeneA,OG0002109,TRUE,TRUE,TRUE
296,DAKCFMEO_00297,BJEIHDPM_03014,WP_005620205.1,DAKCFMEO_00297,WP_005620205.1,FALSE,,,TRUE,FALSE,FALSE
297,DAKCFMEO_00298,BJEIHDPM_03013,WP_003381628.1,DAKCFMEO_00298,WP_003381628.1,TRUE,p25_in_GeneB__dc_in_GeneA,OG0001000,TRUE,TRUE,TRUE
298,DAKCFMEO_00299,BJEIHDPM_03012,WP_005620206.1,DAKCFMEO_00299,WP_005620206.1,TRUE,p25_in_GeneB__dc_in_GeneA,OG0001209,TRUE,TRUE,TRUE
299,DAKCFMEO_00300,BJEIHDPM_03011,,DAKCFMEO_00300,NA,FALSE,,,FALSE,FALSE,FALSE
300,DAKCFMEO_00301,BJEIHDPM_03010,,DAKCFMEO_00301,NA,FALSE,,,FALSE,FALSE,FALSE
301,DAKCFMEO_00302,BJEIHDPM_03009,,DAKCFMEO_00302,NA,FALSE,,,FALSE,FALSE,FALSE
302,DAKCFMEO_00303,BJEIHDPM_03008,WP_005768677.1,DAKCFMEO_00303,WP_005768677.1,TRUE,p25_in_GeneB__dc_in_GeneA,OG0002108,TRUE,TRUE,TRUE
303,DAKCFMEO_00304,BJEIHDPM_03007,WP_003363851.1,DAKCFMEO_00304,WP_003363851.1,TRUE,p25_in_GeneB__dc_in_GeneA,OG0000754,TRUE,TRUE,TRUE
304,DAKCFMEO_00305,BJEIHDPM_03006,WP_002554971.1,DAKCFMEO_00305,WP_002554971.1,FALSE,,,TRUE,FALSE,FALSE
305,DAKCFMEO_00306,BJEIHDPM_03005,WP_011104954.1,DAKCFMEO_00306,WP_011104954.1,TRUE,p25_in_GeneB__dc_in_GeneA,OG0003573,TRUE,TRUE,TRUE
306,DAKCFMEO_00307,BJEIHDPM_03004,WP_046463673.1,DAKCFMEO_00307,WP_046463673.1,TRUE,p25_in_GeneB__dc_in_GeneA,OG0004010,TRUE,TRUE,TRUE
307,DAKCFMEO_00308,BJEIHDPM_03003,WP_005768670.1,DAKCFMEO_00308,WP_005768670.1,TRUE,p25_in_GeneB__dc_in_GeneA,OG0002107,TRUE,TRUE,TRUE
308,DAKCFMEO_00309,BJEIHDPM_03002,WP_005768668.1,DAKCFMEO_00309,WP_005768668.1,TRUE,p25_in_GeneB__dc_in_GeneA,OG0002106,TRUE,TRUE,TRUE
309,DAKCFMEO_00310,BJEIHDPM_03001,WP_011104956.1,DAKCFMEO_00310,WP_011104956.1,TRUE,p25_in_GeneB__dc_in_GeneA,OG0003574,TRUE,TRUE,TRUE
310,DAKCFMEO_00311,BJEIHDPM_03000,WP_010219554.1,DAKCFMEO_00311,WP_010219554.1,TRUE,p25_in_GeneB__dc_in_GeneA,OG0002762,TRUE,TRUE,TRUE
311,DAKCFMEO_00312,BJEIHDPM_02999,WP_011104968.1,DAKCFMEO_00312,WP_011104968.1,TRUE,p25_in_GeneB__dc_in_GeneA,OG0003575,TRUE,TRUE,TRUE
312,DAKCFMEO_00313,BJEIHDPM_02998,WP_005768657.1,DAKCFMEO_00313,WP_005768657.1,TRUE,p25_in_GeneB__dc_in_GeneA,OG0002105,TRUE,TRUE,TRUE
313,DAKCFMEO_00314,BJEIHDPM_02997,WP_046463668.1,DAKCFMEO_00314,WP_046463668.1,TRUE,p25_in_GeneB__dc_in_GeneA,OG0004008,TRUE,TRUE,TRUE
314,DAKCFMEO_00315,BJEIHDPM_02996,WP_003380907.1,DAKCFMEO_00315,WP_003380907.1,TRUE,p25_in_GeneB__dc_in_GeneA,OG0000968,TRUE,TRUE,TRUE
315,DAKCFMEO_00316,BJEIHDPM_02995,WP_007246206.1,DAKCFMEO_00316,WP_007246206.1,TRUE,p25_in_GeneB__dc_in_GeneA,OG0002645,TRUE,TRUE,TRUE
316,DAKCFMEO_00317,BJEIHDPM_02994,WP_003395253.1,DAKCFMEO_00317,WP_003395253.1,TRUE,p25_in_GeneB__dc_in_GeneA,OG0001063,TRUE,TRUE,TRUE
317,DAKCFMEO_00318,BJEIHDPM_02993,WP_011104973.1,DAKCFMEO_00318,WP_011104973.1,FALSE,,,TRUE,FALSE,FALSE
318,DAKCFMEO_00319,BJEIHDPM_02992,,DAKCFMEO_00319,NA,FALSE,,,FALSE,FALSE,FALSE
319,DAKCFMEO_00320,BJEIHDPM_02991,WP_011104971.1,DAKCFMEO_00320,WP_011104971.1,FALSE,,,TRUE,FALSE,FALSE
320,DAKCFMEO_00321,BJEIHDPM_02990,WP_011104972.1,DAKCFMEO_00321,WP_011104972.1,TRUE,p25_in_GeneB__dc_in_GeneA,OG0003576,TRUE,TRUE,TRUE
321,DAKCFMEO_00322,BJEIHDPM_02989,,DAKCFMEO_00322,NA,FALSE,,,FALSE,FALSE,FALSE
322,DAKCFMEO_00323,BJEIHDPM_02988,WP_011104970.1,DAKCFMEO_00323,WP_011104970.1,FALSE,,,TRUE,FALSE,FALSE
323,DAKCFMEO_00324,BJEIHDPM_02987,WP_011104973.1,DAKCFMEO_00324,WP_011104973.1,FALSE,,,TRUE,FALSE,FALSE
324,DAKCFMEO_00325,BJEIHDPM_02986,,DAKCFMEO_00325,NA,FALSE,,,FALSE,FALSE,FALSE
325,DAKCFMEO_00326,BJEIHDPM_02985,,DAKCFMEO_00326,NA,FALSE,,,FALSE,FALSE,FALSE
326,DAKCFMEO_00327,BJEIHDPM_02984,,DAKCFMEO_00327,NA,FALSE,,,FALSE,FALSE,FALSE
327,DAKCFMEO_00328,BJEIHDPM_02983,,DAKCFMEO_00328,NA,FALSE,,,FALSE,FALSE,FALSE
328,DAKCFMEO_00329,BJEIHDPM_02982,,DAKCFMEO_00329,NA,FALSE,,,FALSE,FALSE,FALSE
329,DAKCFMEO_00330,BJEIHDPM_02981,,DAKCFMEO_00330,NA,FALSE,,,FALSE,FALSE,FALSE
330,DAKCFMEO_00331,BJEIHDPM_02980,,DAKCFMEO_00331,NA,FALSE,,,FALSE,FALSE,FALSE
331,DAKCFMEO_00332,BJEIHDPM_02979,,DAKCFMEO_00332,NA,FALSE,,,FALSE,FALSE,FALSE
332,DAKCFMEO_00333,BJEIHDPM_02978,WP_007246215.1,DAKCFMEO_00333,WP_007246215.1,TRUE,p25_in_GeneB__dc_in_GeneA,OG0002646,TRUE,TRUE,TRUE
333,DAKCFMEO_00334,BJEIHDPM_02977,WP_011104976.1,DAKCFMEO_00334,WP_011104976.1,TRUE,p25_in_GeneB__dc_in_GeneA,OG0003577,TRUE,TRUE,TRUE
334,DAKCFMEO_00335,BJEIHDPM_02976,WP_011104977.1,DAKCFMEO_00335,WP_011104977.1,TRUE,p25_in_GeneB__dc_in_GeneA,OG0003578,TRUE,TRUE,TRUE
335,DAKCFMEO_00336,BJEIHDPM_02975,WP_010218977.1,DAKCFMEO_00336,WP_010218977.1,TRUE,p25_in_GeneB__dc_in_GeneA,OG0002760,TRUE,TRUE,TRUE
336,DAKCFMEO_00337,BJEIHDPM_02974,WP_005768625.1,DAKCFMEO_00337,WP_005768625.1,TRUE,p25_in_GeneB__dc_in_GeneA,OG0002104,TRUE,TRUE,TRUE
337,DAKCFMEO_00338,BJEIHDPM_02973,WP_005768622.1,DAKCFMEO_00338,WP_005768622.1,TRUE,p25_in_GeneB__dc_in_GeneA,OG0002103,TRUE,TRUE,TRUE
338,DAKCFMEO_00339,BJEIHDPM_02972,WP_005768620.1,DAKCFMEO_00339,WP_005768620.1,TRUE,p25_in_GeneB__dc_in_GeneA,OG0002102,TRUE,TRUE,TRUE
339,DAKCFMEO_00340,BJEIHDPM_02971,WP_011104978.1,DAKCFMEO_00340,WP_011104978.1,FALSE,,,TRUE,FALSE,FALSE
340,DAKCFMEO_00341,BJEIHDPM_02970,WP_011104979.1,DAKCFMEO_00341,WP_011104979.1,FALSE,,,TRUE,FALSE,FALSE
341,DAKCFMEO_00342,BJEIHDPM_02969,WP_011104980.1,DAKCFMEO_00342,WP_011104980.1,FALSE,,,TRUE,FALSE,FALSE
342,DAKCFMEO_00343,BJEIHDPM_02968,,DAKCFMEO_00343,NA,FALSE,,,FALSE,FALSE,FALSE
343,DAKCFMEO_00344,BJEIHDPM_02967,WP_011104981.1,DAKCFMEO_00344,WP_011104981.1,TRUE,p25_in_GeneB__dc_in_GeneA,OG0003579,TRUE,TRUE,TRUE
344,DAKCFMEO_00345,BJEIHDPM_02966,WP_046463422.1,DAKCFMEO_00345,WP_046463422.1,TRUE,p25_in_GeneB__dc_in_GeneA,OG0003967,TRUE,TRUE,TRUE
345,DAKCFMEO_00346,BJEIHDPM_02965,WP_011104983.1,DAKCFMEO_00346,WP_011104983.1,TRUE,p25_in_GeneB__dc_in_GeneA,OG0003580,TRUE,TRUE,TRUE
346,DAKCFMEO_00347,BJEIHDPM_02964,WP_005768608.1,DAKCFMEO_00347,WP_005768608.1,TRUE,p25_in_GeneB__dc_in_GeneA,OG0002101,TRUE,TRUE,TRUE
347,DAKCFMEO_00348,BJEIHDPM_02963,WP_003380941.1,DAKCFMEO_00348,WP_003380941.1,TRUE,p25_in_GeneB__dc_in_GeneA,OG0000969,TRUE,TRUE,TRUE
348,DAKCFMEO_00349,BJEIHDPM_02962,WP_011104985.1,DAKCFMEO_00349,WP_011104985.1,TRUE,p25_in_GeneB__dc_in_GeneA,OG0003581,TRUE,TRUE,TRUE
349,DAKCFMEO_00350,BJEIHDPM_02961,WP_007246223.1,DAKCFMEO_00350,WP_007246223.1,TRUE,p25_in_GeneB__dc_in_GeneA,OG0002647,TRUE,TRUE,TRUE
350,DAKCFMEO_00351,BJEIHDPM_02960,,DAKCFMEO_00351,NA,FALSE,,,FALSE,FALSE,FALSE
351,DAKCFMEO_00352,BJEIHDPM_02959,,DAKCFMEO_00352,NA,FALSE,,,FALSE,FALSE,FALSE
352,DAKCFMEO_00353,BJEIHDPM_02958,,DAKCFMEO_00353,NA,FALSE,,,FALSE,FALSE,FALSE
353,DAKCFMEO_00354,BJEIHDPM_02957,,DAKCFMEO_00354,NA,FALSE,,,FALSE,FALSE,FALSE
354,DAKCFMEO_00355,BJEIHDPM_02956,WP_011104986.1,DAKCFMEO_00355,WP_011104986.1,TRUE,p25_in_GeneB__dc_in_GeneA,OG0003582,TRUE,TRUE,TRUE
355,DAKCFMEO_00356,BJEIHDPM_02955,WP_011104987.1,DAKCFMEO_00356,WP_011104987.1,TRUE,p25_in_GeneB__dc_in_GeneA,OG0003583,TRUE,TRUE,TRUE
356,DAKCFMEO_00357,BJEIHDPM_02954,WP_011104988.1,DAKCFMEO_00357,WP_011104988.1,TRUE,p25_in_GeneB__dc_in_GeneA,OG0003584,TRUE,TRUE,TRUE
357,DAKCFMEO_00358,BJEIHDPM_02953,,DAKCFMEO_00358,NA,FALSE,,,FALSE,FALSE,FALSE
358,DAKCFMEO_00359,BJEIHDPM_02952,,DAKCFMEO_00359,NA,FALSE,,,FALSE,FALSE,FALSE
359,DAKCFMEO_00360,BJEIHDPM_02951,,DAKCFMEO_00360,NA,FALSE,,,FALSE,FALSE,FALSE
360,DAKCFMEO_00361,BJEIHDPM_02950,,DAKCFMEO_00361,NA,FALSE,,,FALSE,FALSE,FALSE
361,DAKCFMEO_00362,BJEIHDPM_02949,,DAKCFMEO_00362,NA,FALSE,,,FALSE,FALSE,FALSE
362,DAKCFMEO_00363,BJEIHDPM_02948,,DAKCFMEO_00363,NA,FALSE,,,FALSE,FALSE,FALSE
363,DAKCFMEO_00364,BJEIHDPM_02947,WP_005768596.1,DAKCFMEO_00364,WP_005768596.1,TRUE,p25_in_GeneB__dc_in_GeneA,OG0002100,TRUE,TRUE,TRUE
364,DAKCFMEO_00365,BJEIHDPM_02946,WP_011104989.1,DAKCFMEO_00365,WP_011104989.1,TRUE,p25_in_GeneB__dc_in_GeneA,OG0003585,TRUE,TRUE,TRUE
365,DAKCFMEO_00366,BJEIHDPM_02945,WP_005739535.1,DAKCFMEO_00366,WP_005739535.1,FALSE,,,TRUE,FALSE,FALSE
366,DAKCFMEO_00367,BJEIHDPM_02944,WP_003380966.1,DAKCFMEO_00367,WP_003380966.1,FALSE,,,TRUE,FALSE,FALSE
367,DAKCFMEO_00368,BJEIHDPM_02943,WP_002555020.1,DAKCFMEO_00368,WP_002555020.1,FALSE,,,TRUE,FALSE,FALSE
368,DAKCFMEO_00369,BJEIHDPM_02942,WP_005768589.1,DAKCFMEO_00369,WP_005768589.1,TRUE,p25_in_GeneB__dc_in_GeneA,OG0002099,TRUE,TRUE,TRUE
369,DAKCFMEO_00370,BJEIHDPM_02941,WP_007246228.1,DAKCFMEO_00370,WP_007246228.1,TRUE,p25_in_GeneB__dc_in_GeneA,OG0002648,TRUE,TRUE,TRUE
370,DAKCFMEO_00371,BJEIHDPM_02940,WP_003304675.1,DAKCFMEO_00371,WP_003304675.1,TRUE,p25_in_GeneB__dc_in_GeneA,OG0000731,TRUE,TRUE,TRUE
371,DAKCFMEO_00372,BJEIHDPM_02939,WP_005768585.1,DAKCFMEO_00372,WP_005768585.1,TRUE,p25_in_GeneB__dc_in_GeneA,OG0002098,TRUE,TRUE,TRUE
372,DAKCFMEO_00373,BJEIHDPM_02938,,DAKCFMEO_00373,NA,FALSE,,,FALSE,FALSE,FALSE
373,DAKCFMEO_00374,BJEIHDPM_02937,WP_011104991.1,DAKCFMEO_00374,WP_011104991.1,TRUE,p25_in_GeneB__dc_in_GeneA,OG0003586,TRUE,TRUE,TRUE
374,DAKCFMEO_00375,BJEIHDPM_02936,WP_005620274.1,DAKCFMEO_00375,WP_005620274.1,TRUE,p25_in_GeneB__dc_in_GeneA,OG0001210,TRUE,TRUE,TRUE
375,DAKCFMEO_00376,BJEIHDPM_02935,WP_007246230.1,DAKCFMEO_00376,WP_007246230.1,FALSE,,,TRUE,FALSE,FALSE
376,DAKCFMEO_00377,BJEIHDPM_02934,WP_005768580.1,DAKCFMEO_00377,WP_005768580.1,TRUE,p25_in_GeneB__dc_in_GeneA,OG0002097,TRUE,TRUE,TRUE
377,DAKCFMEO_00378,BJEIHDPM_02933,,DAKCFMEO_00378,NA,FALSE,,,FALSE,FALSE,FALSE
378,DAKCFMEO_00379,BJEIHDPM_02932,WP_005766595.1,DAKCFMEO_00379,WP_005766595.1,FALSE,,,TRUE,FALSE,FALSE
379,DAKCFMEO_00380,BJEIHDPM_02931,WP_003380977.1,DAKCFMEO_00380,WP_003380977.1,TRUE,p25_in_GeneB__dc_in_GeneA,OG0000970,TRUE,TRUE,TRUE
380,DAKCFMEO_00381,BJEIHDPM_02930,WP_011104997.1,DAKCFMEO_00381,WP_011104997.1,TRUE,p25_in_GeneB__dc_in_GeneA,OG0003588,TRUE,TRUE,TRUE
381,DAKCFMEO_00382,BJEIHDPM_02929,WP_005766590.1,DAKCFMEO_00382,WP_005766590.1,TRUE,p25_in_GeneB__dc_in_GeneA,OG0001851,TRUE,TRUE,TRUE
382,DAKCFMEO_00383,BJEIHDPM_02928,WP_011104998.1,DAKCFMEO_00383,WP_011104998.1,TRUE,p25_in_GeneB__dc_in_GeneA,OG0003589,TRUE,TRUE,TRUE
383,DAKCFMEO_00384,BJEIHDPM_02927,,DAKCFMEO_00384,NA,FALSE,,,FALSE,FALSE,FALSE
384,DAKCFMEO_00385,BJEIHDPM_02926,WP_011104999.1,DAKCFMEO_00385,WP_011104999.1,TRUE,p25_in_GeneB__dc_in_GeneA,OG0003590,TRUE,TRUE,TRUE
385,DAKCFMEO_00386,BJEIHDPM_02925,,DAKCFMEO_00386,NA,FALSE,,,FALSE,FALSE,FALSE
386,DAKCFMEO_00387,BJEIHDPM_02924,WP_011105001.1,DAKCFMEO_00387,WP_011105001.1,TRUE,p25_in_GeneB__dc_in_GeneA,OG0003591,TRUE,TRUE,TRUE
387,DAKCFMEO_00388,BJEIHDPM_02923,WP_005766579.1,DAKCFMEO_00388,WP_005766579.1,TRUE,p25_in_GeneB__dc_in_GeneA,OG0001850,TRUE,TRUE,TRUE
388,DAKCFMEO_00389,BJEIHDPM_02922,WP_003377653.1,DAKCFMEO_00389,WP_003377653.1,TRUE,p25_in_GeneB__dc_in_GeneA,OG0000838,TRUE,TRUE,TRUE
389,DAKCFMEO_00390,BJEIHDPM_02921,WP_003377651.1,DAKCFMEO_00390,WP_003377651.1,TRUE,p25_in_GeneB__dc_in_GeneA,OG0000837,TRUE,TRUE,TRUE
390,DAKCFMEO_00391,BJEIHDPM_02920,WP_005766576.1,DAKCFMEO_00391,WP_005766576.1,TRUE,p25_in_GeneB__dc_in_GeneA,OG0001849,TRUE,TRUE,TRUE
391,DAKCFMEO_00392,BJEIHDPM_02919,WP_003377649.1,DAKCFMEO_00392,WP_003377649.1,TRUE,p25_in_GeneB__dc_in_GeneA,OG0000836,TRUE,TRUE,TRUE
392,DAKCFMEO_00393,BJEIHDPM_02918,WP_005766574.1,DAKCFMEO_00393,WP_005766574.1,TRUE,p25_in_GeneB__dc_in_GeneA,OG0001848,TRUE,TRUE,TRUE
393,DAKCFMEO_00394,BJEIHDPM_02917,WP_011105003.1,DAKCFMEO_00394,WP_011105003.1,TRUE,p25_in_GeneB__dc_in_GeneA,OG0003592,TRUE,TRUE,TRUE
394,DAKCFMEO_00395,BJEIHDPM_02916,WP_005766570.1,DAKCFMEO_00395,WP_005766570.1,TRUE,p25_in_GeneB__dc_in_GeneA,OG0001847,TRUE,TRUE,TRUE
395,DAKCFMEO_00396,BJEIHDPM_02915,WP_005766568.1,DAKCFMEO_00396,WP_005766568.1,TRUE,p25_in_GeneB__dc_in_GeneA,OG0001846,TRUE,TRUE,TRUE
396,DAKCFMEO_00397,BJEIHDPM_02914,WP_162839066.1,DAKCFMEO_00397,WP_162839066.1,TRUE,p25_in_GeneB__dc_in_GeneA,OG0004109,TRUE,TRUE,TRUE
397,DAKCFMEO_00398,BJEIHDPM_02913,WP_005766566.1,DAKCFMEO_00398,WP_005766566.1,TRUE,p25_in_GeneB__dc_in_GeneA,OG0001845,TRUE,TRUE,TRUE
398,DAKCFMEO_00399,BJEIHDPM_02912,WP_003313553.1,DAKCFMEO_00399,WP_003313553.1,TRUE,p25_in_GeneB__dc_in_GeneA,OG0000732,TRUE,TRUE,TRUE
399,DAKCFMEO_00400,BJEIHDPM_02911,WP_011105004.1,DAKCFMEO_00400,WP_011105004.1,TRUE,p25_in_GeneB__dc_in_GeneA,OG0003593,TRUE,TRUE,TRUE
400,DAKCFMEO_00401,BJEIHDPM_02910,WP_005766562.1,DAKCFMEO_00401,WP_005766562.1,TRUE,p25_in_GeneB__dc_in_GeneA,OG0001844,TRUE,TRUE,TRUE
401,DAKCFMEO_00402,BJEIHDPM_02909,WP_017682720.1,DAKCFMEO_00402,WP_017682720.1,TRUE,p25_in_GeneB__dc_in_GeneA,OG0003851,TRUE,TRUE,TRUE
402,DAKCFMEO_00403,BJEIHDPM_02908,WP_005739040.1,DAKCFMEO_00403,WP_005739040.1,TRUE,p25_in_GeneB__dc_in_GeneA,OG0001282,TRUE,TRUE,TRUE
403,DAKCFMEO_00404,BJEIHDPM_02907,WP_007243678.1,DAKCFMEO_00404,WP_007243678.1,TRUE,p25_in_GeneB__dc_in_GeneA,OG0002463,TRUE,TRUE,TRUE
404,DAKCFMEO_00405,BJEIHDPM_02906,WP_005620303.1,DAKCFMEO_00405,WP_005620303.1,TRUE,p25_in_GeneB__dc_in_GeneA,OG0001211,TRUE,TRUE,TRUE
405,DAKCFMEO_00406,BJEIHDPM_02905,WP_007243679.1,DAKCFMEO_00406,WP_007243679.1,TRUE,p25_in_GeneB__dc_in_GeneA,OG0002464,TRUE,TRUE,TRUE
406,DAKCFMEO_00407,BJEIHDPM_02904,WP_005766553.1,DAKCFMEO_00407,WP_005766553.1,TRUE,p25_in_GeneB__dc_in_GeneA,OG0001843,TRUE,TRUE,TRUE
407,DAKCFMEO_00408,BJEIHDPM_02903,WP_005766552.1,DAKCFMEO_00408,WP_005766552.1,TRUE,p25_in_GeneB__dc_in_GeneA,OG0001842,TRUE,TRUE,TRUE
408,DAKCFMEO_00409,BJEIHDPM_02902,WP_005620308.1,DAKCFMEO_00409,WP_005620308.1,TRUE,p25_in_GeneB__dc_in_GeneA,OG0001212,TRUE,TRUE,TRUE
409,DAKCFMEO_00410,BJEIHDPM_02901,WP_005766550.1,DAKCFMEO_00410,WP_005766550.1,TRUE,p25_in_GeneB__dc_in_GeneA,OG0001841,TRUE,TRUE,TRUE
410,DAKCFMEO_00411,BJEIHDPM_02900,WP_003377610.1,DAKCFMEO_00411,WP_003377610.1,TRUE,p25_in_GeneB__dc_in_GeneA,OG0000835,TRUE,TRUE,TRUE
411,DAKCFMEO_00412,BJEIHDPM_02899,WP_005766548.1,DAKCFMEO_00412,WP_005766548.1,FALSE,,,TRUE,FALSE,FALSE
412,DAKCFMEO_00413,BJEIHDPM_02898,,DAKCFMEO_00413,NA,FALSE,,,FALSE,FALSE,FALSE
413,DAKCFMEO_00414,BJEIHDPM_02897,,DAKCFMEO_00414,NA,FALSE,,,FALSE,FALSE,FALSE
414,DAKCFMEO_00415,BJEIHDPM_02896,,DAKCFMEO_00415,NA,FALSE,,,FALSE,FALSE,FALSE
415,DAKCFMEO_00416,BJEIHDPM_02895,WP_002555064.1,DAKCFMEO_00416,WP_002555064.1,TRUE,p25_in_GeneB__dc_in_GeneA,OG0000687,TRUE,TRUE,TRUE
416,DAKCFMEO_00417,BJEIHDPM_02894,WP_003377605.1,DAKCFMEO_00417,WP_003377605.1,TRUE,p25_in_GeneB__dc_in_GeneA,OG0000834,TRUE,TRUE,TRUE
417,DAKCFMEO_00418,BJEIHDPM_02893,WP_161797771.1,DAKCFMEO_00418,WP_161797771.1,TRUE,p25_in_GeneB__dc_in_GeneA,OG0004089,TRUE,TRUE,TRUE
418,DAKCFMEO_00419,BJEIHDPM_02892,WP_005766543.1,DAKCFMEO_00419,WP_005766543.1,TRUE,p25_in_GeneB__dc_in_GeneA,OG0001840,TRUE,TRUE,TRUE
419,DAKCFMEO_00420,BJEIHDPM_02891,WP_005766542.1,DAKCFMEO_00420,WP_005766542.1,TRUE,p25_in_GeneB__dc_in_GeneA,OG0001839,TRUE,TRUE,TRUE
420,DAKCFMEO_00421,BJEIHDPM_02890,WP_003377598.1,DAKCFMEO_00421,WP_003377598.1,TRUE,p25_in_GeneB__dc_in_GeneA,OG0000833,TRUE,TRUE,TRUE
421,DAKCFMEO_00422,BJEIHDPM_02889,WP_005620321.1,DAKCFMEO_00422,WP_005620321.1,TRUE,p25_in_GeneB__dc_in_GeneA,OG0001213,TRUE,TRUE,TRUE
422,DAKCFMEO_00423,BJEIHDPM_02888,,DAKCFMEO_00423,NA,FALSE,,,FALSE,FALSE,FALSE
423,DAKCFMEO_00424,BJEIHDPM_02887,WP_011105005.1,DAKCFMEO_00424,WP_011105005.1,FALSE,,,TRUE,FALSE,FALSE
424,DAKCFMEO_00425,BJEIHDPM_02886,WP_003313577.1,DAKCFMEO_00425,WP_003313577.1,TRUE,p25_in_GeneB__dc_in_GeneA,OG0000733,TRUE,TRUE,TRUE
425,DAKCFMEO_00426,BJEIHDPM_02885,WP_003377592.1,DAKCFMEO_00426,WP_003377592.1,TRUE,p25_in_GeneB__dc_in_GeneA,OG0000832,TRUE,TRUE,TRUE
426,DAKCFMEO_00427,BJEIHDPM_02884,WP_003377590.1,DAKCFMEO_00427,WP_003377590.1,TRUE,p25_in_GeneB__dc_in_GeneA,OG0000831,TRUE,TRUE,TRUE
427,DAKCFMEO_00428,BJEIHDPM_02883,WP_005766530.1,DAKCFMEO_00428,WP_005766530.1,TRUE,p25_in_GeneB__dc_in_GeneA,OG0001838,TRUE,TRUE,TRUE
428,DAKCFMEO_00429,BJEIHDPM_02882,WP_005766528.1,DAKCFMEO_00429,WP_005766528.1,TRUE,p25_in_GeneB__dc_in_GeneA,OG0001837,TRUE,TRUE,TRUE
429,DAKCFMEO_00430,BJEIHDPM_02881,WP_005766526.1,DAKCFMEO_00430,WP_005766526.1,TRUE,p25_in_GeneB__dc_in_GeneA,OG0001836,TRUE,TRUE,TRUE
430,DAKCFMEO_00431,BJEIHDPM_02880,WP_005739059.1,DAKCFMEO_00431,WP_005739059.1,TRUE,p25_in_GeneB__dc_in_GeneA,OG0001283,TRUE,TRUE,TRUE
431,DAKCFMEO_00432,BJEIHDPM_02879,WP_003377577.1,DAKCFMEO_00432,WP_003377577.1,TRUE,p25_in_GeneB__dc_in_GeneA,OG0000830,TRUE,TRUE,TRUE
432,DAKCFMEO_00433,BJEIHDPM_02878,WP_005766523.1,DAKCFMEO_00433,WP_005766523.1,TRUE,p25_in_GeneB__dc_in_GeneA,OG0001835,TRUE,TRUE,TRUE
433,DAKCFMEO_00434,BJEIHDPM_02877,WP_005766521.1,DAKCFMEO_00434,WP_005766521.1,TRUE,p25_in_GeneB__dc_in_GeneA,OG0001834,TRUE,TRUE,TRUE
434,DAKCFMEO_00435,BJEIHDPM_02876,WP_003377572.1,DAKCFMEO_00435,WP_003377572.1,TRUE,p25_in_GeneB__dc_in_GeneA,OG0000829,TRUE,TRUE,TRUE
435,DAKCFMEO_00436,BJEIHDPM_02875,WP_011105008.1,DAKCFMEO_00436,WP_011105008.1,TRUE,p25_in_GeneB__dc_in_GeneA,OG0003595,TRUE,TRUE,TRUE
436,DAKCFMEO_00437,BJEIHDPM_02874,WP_005620333.1,DAKCFMEO_00437,WP_005620333.1,TRUE,p25_in_GeneB__dc_in_GeneA,OG0001214,TRUE,TRUE,TRUE
437,DAKCFMEO_00438,BJEIHDPM_02873,WP_005766516.1,DAKCFMEO_00438,WP_005766516.1,TRUE,p25_in_GeneB__dc_in_GeneA,OG0001833,TRUE,TRUE,TRUE
438,DAKCFMEO_00439,BJEIHDPM_02872,WP_005766514.1,DAKCFMEO_00439,WP_005766514.1,TRUE,p25_in_GeneB__dc_in_GeneA,OG0001832,TRUE,TRUE,TRUE
439,DAKCFMEO_00440,BJEIHDPM_02871,WP_005766512.1,DAKCFMEO_00440,WP_005766512.1,TRUE,p25_in_GeneB__dc_in_GeneA,OG0001831,TRUE,TRUE,TRUE
440,DAKCFMEO_00441,BJEIHDPM_02870,WP_007243690.1,DAKCFMEO_00441,WP_007243690.1,TRUE,p25_in_GeneB__dc_in_GeneA,OG0002465,TRUE,TRUE,TRUE
441,DAKCFMEO_00442,BJEIHDPM_02869,WP_005620338.1,DAKCFMEO_00442,WP_005620338.1,TRUE,p25_in_GeneB__dc_in_GeneA,OG0001215,TRUE,TRUE,TRUE
442,DAKCFMEO_00443,BJEIHDPM_02868,WP_003377556.1,DAKCFMEO_00443,WP_003377556.1,TRUE,p25_in_GeneB__dc_in_GeneA,OG0000828,TRUE,TRUE,TRUE
443,DAKCFMEO_00444,BJEIHDPM_02867,WP_003377554.1,DAKCFMEO_00444,WP_003377554.1,TRUE,p25_in_GeneB__dc_in_GeneA,OG0000827,TRUE,TRUE,TRUE
444,DAKCFMEO_00445,BJEIHDPM_02866,WP_005766506.1,DAKCFMEO_00445,WP_005766506.1,TRUE,p25_in_GeneB__dc_in_GeneA,OG0001830,TRUE,TRUE,TRUE
445,DAKCFMEO_00446,BJEIHDPM_02865,WP_003377550.1,DAKCFMEO_00446,WP_003377550.1,TRUE,p25_in_GeneB__dc_in_GeneA,OG0000826,TRUE,TRUE,TRUE
446,DAKCFMEO_00447,BJEIHDPM_02864,WP_003377548.1,DAKCFMEO_00447,WP_003377548.1,TRUE,p25_in_GeneB__dc_in_GeneA,OG0000825,TRUE,TRUE,TRUE
447,DAKCFMEO_00448,BJEIHDPM_02863,,DAKCFMEO_00448,NA,FALSE,,,FALSE,FALSE,FALSE
448,DAKCFMEO_00449,BJEIHDPM_02862,,DAKCFMEO_00449,NA,FALSE,,,FALSE,FALSE,FALSE
449,DAKCFMEO_00450,BJEIHDPM_02861,WP_011105010.1,DAKCFMEO_00450,WP_011105010.1,TRUE,p25_in_GeneB__dc_in_GeneA,OG0003596,TRUE,TRUE,TRUE
450,DAKCFMEO_00451,BJEIHDPM_02860,WP_005766501.1,DAKCFMEO_00451,WP_005766501.1,TRUE,p25_in_GeneB__dc_in_GeneA,OG0001829,TRUE,TRUE,TRUE
451,DAKCFMEO_00452,BJEIHDPM_02859,WP_011105011.1,DAKCFMEO_00452,WP_011105011.1,TRUE,p25_in_GeneB__dc_in_GeneA,OG0003597,TRUE,TRUE,TRUE
452,DAKCFMEO_00453,BJEIHDPM_02858,WP_011105012.1,DAKCFMEO_00453,WP_011105012.1,TRUE,p25_in_GeneB__dc_in_GeneA,OG0003598,TRUE,TRUE,TRUE
453,DAKCFMEO_00454,BJEIHDPM_02857,WP_007243694.1,DAKCFMEO_00454,WP_007243694.1,TRUE,p25_in_GeneB__dc_in_GeneA,OG0002466,TRUE,TRUE,TRUE
454,DAKCFMEO_00455,BJEIHDPM_02856,WP_003377535.1,DAKCFMEO_00455,WP_003377535.1,TRUE,p25_in_GeneB__dc_in_GeneA,OG0000824,TRUE,TRUE,TRUE
455,DAKCFMEO_00456,BJEIHDPM_02855,WP_011105013.1,DAKCFMEO_00456,WP_011105013.1,TRUE,p25_in_GeneB__dc_in_GeneA,OG0003599,TRUE,TRUE,TRUE
456,DAKCFMEO_00457,BJEIHDPM_02854,WP_005766488.1,DAKCFMEO_00457,WP_005766488.1,TRUE,p25_in_GeneB__dc_in_GeneA,OG0001828,TRUE,TRUE,TRUE
457,DAKCFMEO_00458,BJEIHDPM_02853,WP_011105014.1,DAKCFMEO_00458,WP_011105014.1,TRUE,p25_in_GeneB__dc_in_GeneA,OG0003600,TRUE,TRUE,TRUE
458,DAKCFMEO_00459,BJEIHDPM_02852,WP_003377531.1,DAKCFMEO_00459,WP_003377531.1,TRUE,p25_in_GeneB__dc_in_GeneA,OG0000823,TRUE,TRUE,TRUE
459,DAKCFMEO_00460,BJEIHDPM_02851,WP_011105015.1,DAKCFMEO_00460,WP_011105015.1,TRUE,p25_in_GeneB__dc_in_GeneA,OG0003601,TRUE,TRUE,TRUE
460,DAKCFMEO_00461,BJEIHDPM_02850,WP_003377527.1,DAKCFMEO_00461,WP_003377527.1,TRUE,p25_in_GeneB__dc_in_GeneA,OG0000822,TRUE,TRUE,TRUE
461,DAKCFMEO_00462,BJEIHDPM_02849,WP_074842212.1,DAKCFMEO_00462,WP_074842212.1,TRUE,p25_in_GeneB__dc_in_GeneA,OG0004068,TRUE,TRUE,TRUE
462,DAKCFMEO_00463,BJEIHDPM_02848,WP_002555108.1,DAKCFMEO_00463,WP_002555108.1,TRUE,p25_in_GeneB__dc_in_GeneA,OG0000688,TRUE,TRUE,TRUE
463,DAKCFMEO_00464,BJEIHDPM_02847,WP_002555109.1,DAKCFMEO_00464,WP_002555109.1,TRUE,p25_in_GeneB__dc_in_GeneA,OG0000689,TRUE,TRUE,TRUE
464,DAKCFMEO_00465,BJEIHDPM_02846,WP_005766477.1,DAKCFMEO_00465,WP_005766477.1,FALSE,,,TRUE,FALSE,FALSE
465,DAKCFMEO_00466,BJEIHDPM_02845,WP_011105016.1,DAKCFMEO_00466,WP_011105016.1,TRUE,p25_in_GeneB__dc_in_GeneA,OG0003602,TRUE,TRUE,TRUE
466,DAKCFMEO_00467,BJEIHDPM_02844,WP_011105017.1,DAKCFMEO_00467,WP_011105017.1,TRUE,p25_in_GeneB__dc_in_GeneA,OG0003603,TRUE,TRUE,TRUE
467,DAKCFMEO_00468,BJEIHDPM_02843,WP_011105018.1,DAKCFMEO_00468,WP_011105018.1,TRUE,p25_in_GeneB__dc_in_GeneA,OG0003604,TRUE,TRUE,TRUE
468,DAKCFMEO_00469,BJEIHDPM_02842,WP_007243700.1,DAKCFMEO_00469,WP_007243700.1,TRUE,p25_in_GeneB__dc_in_GeneA,OG0002467,TRUE,TRUE,TRUE
469,DAKCFMEO_00470,BJEIHDPM_02841,WP_005766467.1,DAKCFMEO_00470,WP_005766467.1,FALSE,,,TRUE,FALSE,FALSE
470,DAKCFMEO_00471,BJEIHDPM_02840,WP_011105019.1,DAKCFMEO_00471,WP_011105019.1,TRUE,p25_in_GeneB__dc_in_GeneA,OG0003605,TRUE,TRUE,TRUE
471,DAKCFMEO_00472,BJEIHDPM_02839,,DAKCFMEO_00472,NA,FALSE,,,FALSE,FALSE,FALSE
472,DAKCFMEO_00473,BJEIHDPM_02838,WP_011103366.1,DAKCFMEO_00473,WP_011103366.1,TRUE,p25_in_GeneB__dc_in_GeneA,OG0002936,TRUE,TRUE,TRUE
473,DAKCFMEO_00474,BJEIHDPM_02837,WP_007246110.1,DAKCFMEO_00474,WP_007246110.1,TRUE,p25_in_GeneB__dc_in_GeneA,OG0002638,TRUE,TRUE,TRUE
474,DAKCFMEO_00475,BJEIHDPM_02836,WP_011103365.1,DAKCFMEO_00475,WP_011103365.1,TRUE,p25_in_GeneB__dc_in_GeneA,OG0002935,TRUE,TRUE,TRUE
475,DAKCFMEO_00476,BJEIHDPM_02835,WP_007246111.1,DAKCFMEO_00476,WP_007246111.1,TRUE,p25_in_GeneB__dc_in_GeneA,OG0002639,TRUE,TRUE,TRUE
476,DAKCFMEO_00477,BJEIHDPM_02834,WP_046463568.1,DAKCFMEO_00477,WP_046463568.1,TRUE,p25_in_GeneB__dc_in_GeneA,OG0004000,TRUE,TRUE,TRUE
477,DAKCFMEO_00478,BJEIHDPM_02833,WP_011103363.1,DAKCFMEO_00478,WP_011103363.1,TRUE,p25_in_GeneB__dc_in_GeneA,OG0002934,TRUE,TRUE,TRUE
478,DAKCFMEO_00479,BJEIHDPM_02832,WP_011103362.1,DAKCFMEO_00479,WP_011103362.1,TRUE,p25_in_GeneB__dc_in_GeneA,OG0002933,TRUE,TRUE,TRUE
479,DAKCFMEO_00480,BJEIHDPM_02831,WP_011103361.1,DAKCFMEO_00480,WP_011103361.1,TRUE,p25_in_GeneB__dc_in_GeneA,OG0002932,TRUE,TRUE,TRUE
480,DAKCFMEO_00481,BJEIHDPM_02830,WP_005770545.1,DAKCFMEO_00481,WP_005770545.1,TRUE,p25_in_GeneB__dc_in_GeneA,OG0002335,TRUE,TRUE,TRUE
481,DAKCFMEO_00482,BJEIHDPM_02829,WP_005770547.1,DAKCFMEO_00482,WP_005770547.1,TRUE,p25_in_GeneB__dc_in_GeneA,OG0002336,TRUE,TRUE,TRUE
482,DAKCFMEO_00483,BJEIHDPM_02828,WP_011103359.1,DAKCFMEO_00483,WP_011103359.1,TRUE,p25_in_GeneB__dc_in_GeneA,OG0002931,TRUE,TRUE,TRUE
483,DAKCFMEO_00484,BJEIHDPM_02827,WP_003383244.1,DAKCFMEO_00484,WP_003383244.1,FALSE,,,TRUE,FALSE,FALSE
484,DAKCFMEO_00485,BJEIHDPM_02826,WP_003383243.1,DAKCFMEO_00485,WP_003383243.1,FALSE,,,TRUE,FALSE,FALSE
485,DAKCFMEO_00486,BJEIHDPM_02825,WP_003383242.1,DAKCFMEO_00486,WP_003383242.1,TRUE,p25_in_GeneB__dc_in_GeneA,OG0001056,TRUE,TRUE,TRUE
486,DAKCFMEO_00487,BJEIHDPM_02824,WP_005614818.1,DAKCFMEO_00487,WP_005614818.1,TRUE,p25_in_GeneB__dc_in_GeneA,OG0001138,TRUE,TRUE,TRUE
487,DAKCFMEO_00488,BJEIHDPM_02823,WP_011103358.1,DAKCFMEO_00488,WP_011103358.1,TRUE,p25_in_GeneB__dc_in_GeneA,OG0002930,TRUE,TRUE,TRUE
488,DAKCFMEO_00489,BJEIHDPM_02822,WP_005770558.1,DAKCFMEO_00489,WP_005770558.1,TRUE,p25_in_GeneB__dc_in_GeneA,OG0002337,TRUE,TRUE,TRUE
489,DAKCFMEO_00490,BJEIHDPM_02821,WP_024668366.1,DAKCFMEO_00490,WP_024668366.1,TRUE,p25_in_GeneB__dc_in_GeneA,OG0003879,TRUE,TRUE,TRUE
490,DAKCFMEO_00491,BJEIHDPM_02820,WP_005770562.1,DAKCFMEO_00491,WP_005770562.1,TRUE,p25_in_GeneB__dc_in_GeneA,OG0002338,TRUE,TRUE,TRUE
491,DAKCFMEO_00492,BJEIHDPM_02819,WP_011103356.1,DAKCFMEO_00492,WP_011103356.1,TRUE,p25_in_GeneB__dc_in_GeneA,OG0002929,TRUE,TRUE,TRUE
492,DAKCFMEO_00493,BJEIHDPM_02818,WP_005770566.1,DAKCFMEO_00493,WP_005770566.1,TRUE,p25_in_GeneB__dc_in_GeneA,OG0002339,TRUE,TRUE,TRUE
493,DAKCFMEO_00494,BJEIHDPM_02817,WP_011103355.1,DAKCFMEO_00494,WP_011103355.1,TRUE,p25_in_GeneB__dc_in_GeneA,OG0002928,TRUE,TRUE,TRUE
494,DAKCFMEO_00495,BJEIHDPM_02816,WP_007246125.1,DAKCFMEO_00495,WP_007246125.1,TRUE,p25_in_GeneB__dc_in_GeneA,OG0002640,TRUE,TRUE,TRUE
495,DAKCFMEO_00496,BJEIHDPM_02815,WP_005770572.1,DAKCFMEO_00496,WP_005770572.1,TRUE,p25_in_GeneB__dc_in_GeneA,OG0002340,TRUE,TRUE,TRUE
496,DAKCFMEO_00497,BJEIHDPM_02814,WP_003383227.1,DAKCFMEO_00497,WP_003383227.1,TRUE,p25_in_GeneB__dc_in_GeneA,OG0001055,TRUE,TRUE,TRUE
497,DAKCFMEO_00498,BJEIHDPM_02813,,DAKCFMEO_00498,NA,FALSE,,,FALSE,FALSE,FALSE
498,DAKCFMEO_00499,BJEIHDPM_02812,WP_046463279.1,DAKCFMEO_00499,WP_046463279.1,TRUE,p25_in_GeneB__dc_in_GeneA,OG0003927,TRUE,TRUE,TRUE
499,DAKCFMEO_00501,BJEIHDPM_02810,,DAKCFMEO_00501,NA,FALSE,,,FALSE,FALSE,FALSE
500,DAKCFMEO_00502,BJEIHDPM_02809,WP_011103350.1,DAKCFMEO_00502,WP_011103350.1,TRUE,p25_in_GeneB__dc_in_GeneA,OG0002926,TRUE,TRUE,TRUE
501,DAKCFMEO_00503,BJEIHDPM_02808,WP_011103349.1,DAKCFMEO_00503,WP_011103349.1,TRUE,p25_in_GeneB__dc_in_GeneA,OG0002925,TRUE,TRUE,TRUE
502,DAKCFMEO_00504,BJEIHDPM_02807,WP_005770019.1,DAKCFMEO_00504,WP_005770019.1,TRUE,p25_in_GeneB__dc_in_GeneA,OG0002275,TRUE,TRUE,TRUE
503,DAKCFMEO_00505,BJEIHDPM_02806,WP_005770017.1,DAKCFMEO_00505,WP_005770017.1,TRUE,p25_in_GeneB__dc_in_GeneA,OG0002274,TRUE,TRUE,TRUE
504,DAKCFMEO_00506,BJEIHDPM_02805,WP_003381207.1,DAKCFMEO_00506,WP_003381207.1,TRUE,p25_in_GeneB__dc_in_GeneA,OG0000978,TRUE,TRUE,TRUE
505,DAKCFMEO_00507,BJEIHDPM_02804,,DAKCFMEO_00507,NA,FALSE,,,FALSE,FALSE,FALSE
506,DAKCFMEO_00508,BJEIHDPM_02803,WP_003381213.1,DAKCFMEO_00508,WP_003381213.1,TRUE,p25_in_GeneB__dc_in_GeneA,OG0000979,TRUE,TRUE,TRUE
507,DAKCFMEO_00509,BJEIHDPM_02802,WP_005770014.1,DAKCFMEO_00509,WP_005770014.1,TRUE,p25_in_GeneB__dc_in_GeneA,OG0002272,TRUE,TRUE,TRUE
508,DAKCFMEO_00510,BJEIHDPM_02801,,DAKCFMEO_00510,NA,FALSE,,,FALSE,FALSE,FALSE
509,DAKCFMEO_00511,BJEIHDPM_02800,WP_005614782.1,DAKCFMEO_00511,WP_005614782.1,TRUE,p25_in_GeneB__dc_in_GeneA,OG0001137,TRUE,TRUE,TRUE
510,DAKCFMEO_00512,BJEIHDPM_02799,WP_011104501.1,DAKCFMEO_00512,WP_011104501.1,TRUE,p25_in_GeneB__dc_in_GeneA,OG0003388,TRUE,TRUE,TRUE
511,DAKCFMEO_00517,BJEIHDPM_02794,WP_005614629.1,DAKCFMEO_00517,WP_005614629.1,FALSE,,,TRUE,FALSE,FALSE
512,DAKCFMEO_00518,BJEIHDPM_02793,WP_011103303.1,DAKCFMEO_00518,WP_011103303.1,TRUE,p25_in_GeneB__dc_in_GeneA,OG0002920,TRUE,TRUE,TRUE
513,DAKCFMEO_00519,BJEIHDPM_02792,WP_003381266.1,DAKCFMEO_00519,WP_003381266.1,TRUE,p25_in_GeneB__dc_in_GeneA,OG0000981,TRUE,TRUE,TRUE
514,DAKCFMEO_00520,BJEIHDPM_02791,WP_005769279.1,DAKCFMEO_00520,WP_005769279.1,TRUE,p25_in_GeneB__dc_in_GeneA,OG0002192,TRUE,TRUE,TRUE
515,DAKCFMEO_00521,BJEIHDPM_02790,WP_005769277.1,DAKCFMEO_00521,WP_005769277.1,TRUE,p25_in_GeneB__dc_in_GeneA,OG0002191,TRUE,TRUE,TRUE
516,DAKCFMEO_00522,BJEIHDPM_02789,WP_011103301.1,DAKCFMEO_00522,WP_011103301.1,TRUE,p25_in_GeneB__dc_in_GeneA,OG0002919,TRUE,TRUE,TRUE
517,DAKCFMEO_00524,BJEIHDPM_02787,WP_011103296.1,DAKCFMEO_00524,WP_011103296.1,FALSE,,,TRUE,FALSE,FALSE
518,DAKCFMEO_00525,BJEIHDPM_02786,WP_011103295.1,DAKCFMEO_00525,WP_011103295.1,TRUE,p25_in_GeneB__dc_in_GeneA,OG0002916,TRUE,TRUE,TRUE
519,DAKCFMEO_00526,BJEIHDPM_02785,WP_011103294.1,DAKCFMEO_00526,WP_011103294.1,TRUE,p25_in_GeneB__dc_in_GeneA,OG0002915,TRUE,TRUE,TRUE
520,DAKCFMEO_00527,BJEIHDPM_02784,WP_011103293.1,DAKCFMEO_00527,WP_011103293.1,TRUE,p25_in_GeneB__dc_in_GeneA,OG0002914,TRUE,TRUE,TRUE
521,DAKCFMEO_00528,BJEIHDPM_02783,WP_011103292.1,DAKCFMEO_00528,WP_011103292.1,TRUE,p25_in_GeneB__dc_in_GeneA,OG0002913,TRUE,TRUE,TRUE
522,DAKCFMEO_00529,BJEIHDPM_02782,WP_007246769.1,DAKCFMEO_00529,WP_007246769.1,TRUE,p25_in_GeneB__dc_in_GeneA,OG0002680,TRUE,TRUE,TRUE
523,DAKCFMEO_00530,BJEIHDPM_02781,WP_005769263.1,DAKCFMEO_00530,WP_005769263.1,TRUE,p25_in_GeneB__dc_in_GeneA,OG0002189,TRUE,TRUE,TRUE
524,DAKCFMEO_00531,BJEIHDPM_02780,WP_005769262.1,DAKCFMEO_00531,WP_005769262.1,TRUE,p25_in_GeneB__dc_in_GeneA,OG0002188,TRUE,TRUE,TRUE
525,DAKCFMEO_00532,BJEIHDPM_02779,WP_003381292.1,DAKCFMEO_00532,WP_003381292.1,TRUE,p25_in_GeneB__dc_in_GeneA,OG0000982,TRUE,TRUE,TRUE
526,DAKCFMEO_00533,BJEIHDPM_02778,WP_005769261.1,DAKCFMEO_00533,WP_005769261.1,TRUE,p25_in_GeneB__dc_in_GeneA,OG0002187,TRUE,TRUE,TRUE
527,DAKCFMEO_00534,BJEIHDPM_02777,WP_011103291.1,DAKCFMEO_00534,WP_011103291.1,TRUE,p25_in_GeneB__dc_in_GeneA,OG0002912,TRUE,TRUE,TRUE
528,DAKCFMEO_00535,BJEIHDPM_02776,WP_005769259.1,DAKCFMEO_00535,WP_005769259.1,TRUE,p25_in_GeneB__dc_in_GeneA,OG0002186,TRUE,TRUE,TRUE
529,DAKCFMEO_00536,BJEIHDPM_02775,WP_005769258.1,DAKCFMEO_00536,WP_005769258.1,TRUE,p25_in_GeneB__dc_in_GeneA,OG0002185,TRUE,TRUE,TRUE
530,DAKCFMEO_00537,BJEIHDPM_02774,WP_003344603.1,DAKCFMEO_00537,WP_003344603.1,TRUE,p25_in_GeneB__dc_in_GeneA,OG0000752,TRUE,TRUE,TRUE
531,DAKCFMEO_00538,BJEIHDPM_02773,WP_005769257.1,DAKCFMEO_00538,WP_005769257.1,TRUE,p25_in_GeneB__dc_in_GeneA,OG0002184,TRUE,TRUE,TRUE
532,DAKCFMEO_00539,BJEIHDPM_02772,WP_003381304.1,DAKCFMEO_00539,WP_003381304.1,TRUE,p25_in_GeneB__dc_in_GeneA,OG0000983,TRUE,TRUE,TRUE
533,DAKCFMEO_00540,BJEIHDPM_02771,WP_005769256.1,DAKCFMEO_00540,WP_005769256.1,TRUE,p25_in_GeneB__dc_in_GeneA,OG0002183,TRUE,TRUE,TRUE
534,DAKCFMEO_00541,BJEIHDPM_02770,WP_002551972.1,DAKCFMEO_00541,WP_002551972.1,TRUE,p25_in_GeneB__dc_in_GeneA,OG0000641,TRUE,TRUE,TRUE
535,DAKCFMEO_00542,BJEIHDPM_02769,WP_003381306.1,DAKCFMEO_00542,WP_003381306.1,TRUE,p25_in_GeneB__dc_in_GeneA,OG0000984,TRUE,TRUE,TRUE
536,DAKCFMEO_00543,BJEIHDPM_02768,WP_003381308.1,DAKCFMEO_00543,WP_003381308.1,TRUE,p25_in_GeneB__dc_in_GeneA,OG0000985,TRUE,TRUE,TRUE
537,DAKCFMEO_00544,BJEIHDPM_02767,,DAKCFMEO_00544,NA,FALSE,,,FALSE,FALSE,FALSE
538,DAKCFMEO_00545,BJEIHDPM_02766,WP_002555214.1,DAKCFMEO_00545,WP_002555214.1,TRUE,p25_in_GeneB__dc_in_GeneA,OG0000692,TRUE,TRUE,TRUE
539,DAKCFMEO_00546,BJEIHDPM_02765,WP_005736691.1,DAKCFMEO_00546,WP_005736691.1,TRUE,p25_in_GeneB__dc_in_GeneA,OG0001246,TRUE,TRUE,TRUE
540,DAKCFMEO_00547,BJEIHDPM_02764,WP_007243764.1,DAKCFMEO_00547,WP_007243764.1,TRUE,p25_in_GeneB__dc_in_GeneA,OG0002474,TRUE,TRUE,TRUE
541,DAKCFMEO_00548,BJEIHDPM_02763,WP_003379718.1,DAKCFMEO_00548,WP_003379718.1,TRUE,p25_in_GeneB__dc_in_GeneA,OG0000914,TRUE,TRUE,TRUE
542,DAKCFMEO_00549,BJEIHDPM_02762,WP_024666223.1,DAKCFMEO_00549,WP_024666223.1,TRUE,p25_in_GeneB__dc_in_GeneA,OG0003862,TRUE,TRUE,TRUE
543,DAKCFMEO_00550,BJEIHDPM_02761,WP_005771663.1,DAKCFMEO_00550,WP_005771663.1,TRUE,p25_in_GeneB__dc_in_GeneA,OG0002453,TRUE,TRUE,TRUE
544,DAKCFMEO_00551,BJEIHDPM_02760,WP_003379721.1,DAKCFMEO_00551,WP_003379721.1,TRUE,p25_in_GeneB__dc_in_GeneA,OG0000915,TRUE,TRUE,TRUE
545,DAKCFMEO_00552,BJEIHDPM_02759,WP_005771665.1,DAKCFMEO_00552,WP_005771665.1,TRUE,p25_in_GeneB__dc_in_GeneA,OG0002454,TRUE,TRUE,TRUE
546,DAKCFMEO_00553,BJEIHDPM_02758,WP_005770159.1,DAKCFMEO_00553,WP_005770159.1,TRUE,p25_in_GeneB__dc_in_GeneA,OG0002294,TRUE,TRUE,TRUE
547,DAKCFMEO_00554,BJEIHDPM_02757,WP_005770161.1,DAKCFMEO_00554,WP_005770161.1,TRUE,p25_in_GeneB__dc_in_GeneA,OG0002295,TRUE,TRUE,TRUE
548,DAKCFMEO_00555,BJEIHDPM_02756,WP_011105075.1,DAKCFMEO_00555,WP_011105075.1,TRUE,p25_in_GeneB__dc_in_GeneA,OG0003627,TRUE,TRUE,TRUE
549,DAKCFMEO_00556,BJEIHDPM_02755,WP_011105092.1,DAKCFMEO_00556,WP_011105092.1,TRUE,p25_in_GeneB__dc_in_GeneA,OG0003628,TRUE,TRUE,TRUE
550,DAKCFMEO_00557,BJEIHDPM_02754,WP_007243779.1,DAKCFMEO_00557,WP_007243779.1,FALSE,,,TRUE,FALSE,FALSE
551,DAKCFMEO_00558,BJEIHDPM_02753,WP_011105095.1,DAKCFMEO_00558,WP_011105095.1,TRUE,p25_in_GeneB__dc_in_GeneA,OG0003629,TRUE,TRUE,TRUE
552,DAKCFMEO_00559,BJEIHDPM_02752,WP_005770183.1,DAKCFMEO_00559,WP_005770183.1,TRUE,p25_in_GeneB__dc_in_GeneA,OG0002296,TRUE,TRUE,TRUE
553,DAKCFMEO_00560,BJEIHDPM_02751,WP_011105096.1,DAKCFMEO_00560,WP_011105096.1,TRUE,p25_in_GeneB__dc_in_GeneA,OG0003630,TRUE,TRUE,TRUE
554,DAKCFMEO_00561,BJEIHDPM_02750,WP_005770185.1,DAKCFMEO_00561,WP_005770185.1,TRUE,p25_in_GeneB__dc_in_GeneA,OG0002297,TRUE,TRUE,TRUE
555,DAKCFMEO_00562,BJEIHDPM_02749,WP_005770186.1,DAKCFMEO_00562,WP_005770186.1,TRUE,p25_in_GeneB__dc_in_GeneA,OG0002298,TRUE,TRUE,TRUE
556,DAKCFMEO_00563,BJEIHDPM_02748,WP_005770187.1,DAKCFMEO_00563,WP_005770187.1,TRUE,p25_in_GeneB__dc_in_GeneA,OG0002299,TRUE,TRUE,TRUE
557,DAKCFMEO_00564,BJEIHDPM_02747,WP_007243783.1,DAKCFMEO_00564,WP_007243783.1,TRUE,p25_in_GeneB__dc_in_GeneA,OG0002475,TRUE,TRUE,TRUE
558,DAKCFMEO_00565,BJEIHDPM_02746,WP_011105097.1,DAKCFMEO_00565,WP_011105097.1,TRUE,p25_in_GeneB__dc_in_GeneA,OG0003631,TRUE,TRUE,TRUE
559,DAKCFMEO_00566,BJEIHDPM_02745,WP_005770190.1,DAKCFMEO_00566,WP_005770190.1,TRUE,p25_in_GeneB__dc_in_GeneA,OG0002300,TRUE,TRUE,TRUE
560,DAKCFMEO_00567,BJEIHDPM_02744,WP_005770191.1,DAKCFMEO_00567,WP_005770191.1,TRUE,p25_in_GeneB__dc_in_GeneA,OG0002301,TRUE,TRUE,TRUE
561,DAKCFMEO_00568,BJEIHDPM_02743,WP_003381744.1,DAKCFMEO_00568,WP_003381744.1,TRUE,p25_in_GeneB__dc_in_GeneA,OG0001003,TRUE,TRUE,TRUE
562,DAKCFMEO_00569,BJEIHDPM_02742,WP_011105098.1,DAKCFMEO_00569,WP_011105098.1,TRUE,p25_in_GeneB__dc_in_GeneA,OG0003632,TRUE,TRUE,TRUE
563,DAKCFMEO_00570,BJEIHDPM_02741,WP_011105099.1,DAKCFMEO_00570,WP_011105099.1,TRUE,p25_in_GeneB__dc_in_GeneA,OG0003633,TRUE,TRUE,TRUE
564,DAKCFMEO_00571,BJEIHDPM_02740,WP_011105101.1,DAKCFMEO_00571,WP_011105101.1,TRUE,p25_in_GeneB__dc_in_GeneA,OG0003634,TRUE,TRUE,TRUE
565,DAKCFMEO_00572,BJEIHDPM_02739,WP_011105102.1,DAKCFMEO_00572,WP_011105102.1,FALSE,,,TRUE,FALSE,FALSE
566,DAKCFMEO_00573,BJEIHDPM_02738,WP_011105103.1,DAKCFMEO_00573,WP_011105103.1,FALSE,,,TRUE,FALSE,FALSE
567,DAKCFMEO_00574,BJEIHDPM_02737,WP_011105104.1,DAKCFMEO_00574,WP_011105104.1,TRUE,p25_in_GeneB__dc_in_GeneA,OG0003635,TRUE,TRUE,TRUE
568,DAKCFMEO_00575,BJEIHDPM_02736,WP_011105105.1,DAKCFMEO_00575,WP_011105105.1,TRUE,p25_in_GeneB__dc_in_GeneA,OG0003636,TRUE,TRUE,TRUE
569,DAKCFMEO_00576,BJEIHDPM_02735,WP_005770220.1,DAKCFMEO_00576,WP_005770220.1,TRUE,p25_in_GeneB__dc_in_GeneA,OG0002302,TRUE,TRUE,TRUE
570,DAKCFMEO_00577,BJEIHDPM_02734,WP_004397257.1,DAKCFMEO_00577,WP_004397257.1,TRUE,p25_in_GeneB__dc_in_GeneA,OG0001093,TRUE,TRUE,TRUE
571,DAKCFMEO_00578,BJEIHDPM_02733,WP_005770225.1,DAKCFMEO_00578,WP_005770225.1,TRUE,p25_in_GeneB__dc_in_GeneA,OG0002303,TRUE,TRUE,TRUE
572,DAKCFMEO_00579,BJEIHDPM_02732,WP_046463348.1,DAKCFMEO_00579,WP_046463348.1,TRUE,p25_in_GeneB__dc_in_GeneA,OG0003951,TRUE,TRUE,TRUE
573,DAKCFMEO_00580,BJEIHDPM_02731,WP_011105107.1,DAKCFMEO_00580,WP_011105107.1,TRUE,p25_in_GeneB__dc_in_GeneA,OG0003637,TRUE,TRUE,TRUE
574,DAKCFMEO_00581,BJEIHDPM_02730,WP_011105108.1,DAKCFMEO_00581,WP_011105108.1,FALSE,,,TRUE,FALSE,FALSE
575,DAKCFMEO_00582,BJEIHDPM_02729,WP_011105109.1,DAKCFMEO_00582,WP_011105109.1,TRUE,p25_in_GeneB__dc_in_GeneA,OG0003638,TRUE,TRUE,TRUE
576,DAKCFMEO_00583,BJEIHDPM_02728,WP_005770235.1,DAKCFMEO_00583,WP_005770235.1,TRUE,p25_in_GeneB__dc_in_GeneA,OG0002304,TRUE,TRUE,TRUE
577,DAKCFMEO_00584,BJEIHDPM_02727,,DAKCFMEO_00584,NA,FALSE,,,FALSE,FALSE,FALSE
578,DAKCFMEO_00585,BJEIHDPM_02726,,DAKCFMEO_00585,NA,FALSE,,,FALSE,FALSE,FALSE
579,DAKCFMEO_00586,BJEIHDPM_02725,,DAKCFMEO_00586,NA,FALSE,,,FALSE,FALSE,FALSE
580,DAKCFMEO_00587,BJEIHDPM_02724,WP_011103289.1,DAKCFMEO_00587,WP_011103289.1,TRUE,p25_in_GeneB__dc_in_GeneA,OG0002911,TRUE,TRUE,TRUE
581,DAKCFMEO_00588,BJEIHDPM_02723,,DAKCFMEO_00588,NA,FALSE,,,FALSE,FALSE,FALSE
582,DAKCFMEO_00589,BJEIHDPM_02722,WP_011103288.1,DAKCFMEO_00589,WP_011103288.1,TRUE,p25_in_GeneB__dc_in_GeneA,OG0002910,TRUE,TRUE,TRUE
583,DAKCFMEO_00590,BJEIHDPM_02721,WP_011103287.1,DAKCFMEO_00590,WP_011103287.1,TRUE,p25_in_GeneB__dc_in_GeneA,OG0002909,TRUE,TRUE,TRUE
584,DAKCFMEO_00591,BJEIHDPM_02720,WP_011103285.1,DAKCFMEO_00591,WP_011103285.1,TRUE,p25_in_GeneB__dc_in_GeneA,OG0002908,TRUE,TRUE,TRUE
585,DAKCFMEO_00592,BJEIHDPM_02719,WP_011103284.1,DAKCFMEO_00592,WP_011103284.1,TRUE,p25_in_GeneB__dc_in_GeneA,OG0002907,TRUE,TRUE,TRUE
586,DAKCFMEO_00593,BJEIHDPM_02718,WP_011103283.1,DAKCFMEO_00593,WP_011103283.1,TRUE,p25_in_GeneB__dc_in_GeneA,OG0002906,TRUE,TRUE,TRUE
587,DAKCFMEO_00594,BJEIHDPM_02717,WP_005769243.1,DAKCFMEO_00594,WP_005769243.1,TRUE,p25_in_GeneB__dc_in_GeneA,OG0002182,TRUE,TRUE,TRUE
588,DAKCFMEO_00595,BJEIHDPM_02716,WP_011103282.1,DAKCFMEO_00595,WP_011103282.1,TRUE,p25_in_GeneB__dc_in_GeneA,OG0002905,TRUE,TRUE,TRUE
589,DAKCFMEO_00596,BJEIHDPM_02715,WP_005769238.1,DAKCFMEO_00596,WP_005769238.1,TRUE,p25_in_GeneB__dc_in_GeneA,OG0002181,TRUE,TRUE,TRUE
590,DAKCFMEO_00597,BJEIHDPM_02714,WP_005769235.1,DAKCFMEO_00597,WP_005769235.1,TRUE,p25_in_GeneB__dc_in_GeneA,OG0002180,TRUE,TRUE,TRUE
591,DAKCFMEO_00598,BJEIHDPM_02713,WP_011103281.1,DAKCFMEO_00598,WP_011103281.1,FALSE,,,TRUE,FALSE,FALSE
592,DAKCFMEO_00599,BJEIHDPM_02712,WP_011103280.1,DAKCFMEO_00599,WP_011103280.1,TRUE,p25_in_GeneB__dc_in_GeneA,OG0002904,TRUE,TRUE,TRUE
593,DAKCFMEO_00600,BJEIHDPM_02711,WP_011103279.1,DAKCFMEO_00600,WP_011103279.1,FALSE,,,TRUE,FALSE,FALSE
594,DAKCFMEO_00601,BJEIHDPM_02710,WP_005769228.1,DAKCFMEO_00601,WP_005769228.1,FALSE,,,TRUE,FALSE,FALSE
595,DAKCFMEO_00602,BJEIHDPM_02709,WP_011104705.1,DAKCFMEO_00602,WP_011104705.1,FALSE,,,TRUE,FALSE,FALSE
596,DAKCFMEO_00603,BJEIHDPM_02708,WP_024668228.1,DAKCFMEO_00603,WP_024668228.1,FALSE,,,TRUE,FALSE,FALSE
597,DAKCFMEO_00604,BJEIHDPM_02707,WP_011104311.1,DAKCFMEO_00604,WP_011104311.1,TRUE,p25_in_GeneB__dc_in_GeneA,OG0003316,TRUE,TRUE,TRUE
598,DAKCFMEO_00605,BJEIHDPM_02706,WP_011104312.1,DAKCFMEO_00605,WP_011104312.1,TRUE,p25_in_GeneB__dc_in_GeneA,OG0003317,TRUE,TRUE,TRUE
599,DAKCFMEO_00606,BJEIHDPM_02705,WP_005764591.1,DAKCFMEO_00606,WP_005764591.1,TRUE,p25_in_GeneB__dc_in_GeneA,OG0001571,TRUE,TRUE,TRUE
600,DAKCFMEO_00607,BJEIHDPM_02704,WP_011103277.1,DAKCFMEO_00607,WP_011103277.1,TRUE,p25_in_GeneB__dc_in_GeneA,OG0002903,TRUE,TRUE,TRUE
601,DAKCFMEO_00608,BJEIHDPM_02703,WP_011103276.1,DAKCFMEO_00608,WP_011103276.1,TRUE,p25_in_GeneB__dc_in_GeneA,OG0002902,TRUE,TRUE,TRUE
602,DAKCFMEO_00609,BJEIHDPM_02702,WP_011103275.1,DAKCFMEO_00609,WP_011103275.1,TRUE,p25_in_GeneB__dc_in_GeneA,OG0002901,TRUE,TRUE,TRUE
603,DAKCFMEO_00610,BJEIHDPM_03788,WP_005738107.1,DAKCFMEO_00610,WP_005738107.1,TRUE,p25_in_GeneB__dc_in_GeneA,OG0001273,TRUE,TRUE,TRUE
604,DAKCFMEO_00615,BJEIHDPM_03793,WP_005769671.1,DAKCFMEO_00615,WP_005769671.1,TRUE,p25_in_GeneB__dc_in_GeneA,OG0002251,TRUE,TRUE,TRUE
605,DAKCFMEO_00616,BJEIHDPM_03794,WP_005769670.1,DAKCFMEO_00616,WP_005769670.1,TRUE,p25_in_GeneB__dc_in_GeneA,OG0002250,TRUE,TRUE,TRUE
606,DAKCFMEO_00617,BJEIHDPM_03795,WP_005769669.1,DAKCFMEO_00617,WP_005769669.1,TRUE,p25_in_GeneB__dc_in_GeneA,OG0002249,TRUE,TRUE,TRUE
607,DAKCFMEO_00618,BJEIHDPM_03796,WP_011103884.1,DAKCFMEO_00618,WP_011103884.1,TRUE,p25_in_GeneB__dc_in_GeneA,OG0003149,TRUE,TRUE,TRUE
608,DAKCFMEO_00619,BJEIHDPM_03797,WP_011103885.1,DAKCFMEO_00619,WP_011103885.1,TRUE,p25_in_GeneB__dc_in_GeneA,OG0003150,TRUE,TRUE,TRUE
609,DAKCFMEO_00620,BJEIHDPM_03798,WP_007244781.1,DAKCFMEO_00620,WP_007244781.1,TRUE,p25_in_GeneB__dc_in_GeneA,OG0002544,TRUE,TRUE,TRUE
610,DAKCFMEO_00621,BJEIHDPM_03799,WP_011103886.1,DAKCFMEO_00621,WP_011103886.1,TRUE,p25_in_GeneB__dc_in_GeneA,OG0003151,TRUE,TRUE,TRUE
611,DAKCFMEO_00622,BJEIHDPM_03800,,DAKCFMEO_00622,NA,FALSE,,,FALSE,FALSE,FALSE
612,DAKCFMEO_00623,BJEIHDPM_03801,WP_005769662.1,DAKCFMEO_00623,WP_005769662.1,TRUE,p25_in_GeneB__dc_in_GeneA,OG0002248,TRUE,TRUE,TRUE
613,DAKCFMEO_00624,BJEIHDPM_03802,WP_007244780.1,DAKCFMEO_00624,WP_007244780.1,TRUE,p25_in_GeneB__dc_in_GeneA,OG0002543,TRUE,TRUE,TRUE
614,DAKCFMEO_00625,BJEIHDPM_03803,WP_011103887.1,DAKCFMEO_00625,WP_011103887.1,TRUE,p25_in_GeneB__dc_in_GeneA,OG0003152,TRUE,TRUE,TRUE
615,DAKCFMEO_00626,BJEIHDPM_03804,WP_007244779.1,DAKCFMEO_00626,WP_007244779.1,TRUE,p25_in_GeneB__dc_in_GeneA,OG0002542,TRUE,TRUE,TRUE
616,DAKCFMEO_00627,BJEIHDPM_03805,WP_005617237.1,DAKCFMEO_00627,WP_005617237.1,TRUE,p25_in_GeneB__dc_in_GeneA,OG0001177,TRUE,TRUE,TRUE
617,DAKCFMEO_00628,BJEIHDPM_03806,WP_005769658.1,DAKCFMEO_00628,WP_005769658.1,TRUE,p25_in_GeneB__dc_in_GeneA,OG0002247,TRUE,TRUE,TRUE
618,DAKCFMEO_00629,BJEIHDPM_03807,WP_011103889.1,DAKCFMEO_00629,WP_011103889.1,TRUE,p25_in_GeneB__dc_in_GeneA,OG0003153,TRUE,TRUE,TRUE
619,DAKCFMEO_00630,BJEIHDPM_03808,WP_007244776.1,DAKCFMEO_00630,WP_007244776.1,FALSE,,,TRUE,FALSE,FALSE
620,DAKCFMEO_00631,BJEIHDPM_03809,WP_005769653.1,DAKCFMEO_00631,WP_005769653.1,TRUE,p25_in_GeneB__dc_in_GeneA,OG0002246,TRUE,TRUE,TRUE
621,DAKCFMEO_00632,BJEIHDPM_03810,WP_005769651.1,DAKCFMEO_00632,WP_005769651.1,TRUE,p25_in_GeneB__dc_in_GeneA,OG0002245,TRUE,TRUE,TRUE
622,DAKCFMEO_00633,BJEIHDPM_03811,WP_005769649.1,DAKCFMEO_00633,WP_005769649.1,TRUE,p25_in_GeneB__dc_in_GeneA,OG0002244,TRUE,TRUE,TRUE
623,DAKCFMEO_00634,BJEIHDPM_03812,WP_005769647.1,DAKCFMEO_00634,WP_005769647.1,TRUE,p25_in_GeneB__dc_in_GeneA,OG0002243,TRUE,TRUE,TRUE
624,DAKCFMEO_00635,BJEIHDPM_03813,WP_011103890.1,DAKCFMEO_00635,WP_011103890.1,TRUE,p25_in_GeneB__dc_in_GeneA,OG0003154,TRUE,TRUE,TRUE
625,DAKCFMEO_00636,BJEIHDPM_03814,WP_005769643.1,DAKCFMEO_00636,WP_005769643.1,TRUE,p25_in_GeneB__dc_in_GeneA,OG0002242,TRUE,TRUE,TRUE
626,DAKCFMEO_00637,BJEIHDPM_03815,WP_005769641.1,DAKCFMEO_00637,WP_005769641.1,FALSE,,,TRUE,FALSE,FALSE
627,DAKCFMEO_00638,BJEIHDPM_03816,WP_003382014.1,DAKCFMEO_00638,WP_003382014.1,FALSE,,,TRUE,FALSE,FALSE
628,DAKCFMEO_00639,BJEIHDPM_03817,,DAKCFMEO_00639,NA,FALSE,,,FALSE,FALSE,FALSE
629,DAKCFMEO_00640,BJEIHDPM_03818,WP_005769636.1,DAKCFMEO_00640,WP_005769636.1,TRUE,p25_in_GeneB__dc_in_GeneA,OG0002241,TRUE,TRUE,TRUE
630,DAKCFMEO_00641,BJEIHDPM_03819,WP_005769634.1,DAKCFMEO_00641,WP_005769634.1,TRUE,p25_in_GeneB__dc_in_GeneA,OG0002240,TRUE,TRUE,TRUE
631,DAKCFMEO_00642,BJEIHDPM_03820,WP_005769631.1,DAKCFMEO_00642,WP_005769631.1,TRUE,p25_in_GeneB__dc_in_GeneA,OG0002239,TRUE,TRUE,TRUE
632,DAKCFMEO_00643,BJEIHDPM_03821,WP_005738085.1,DAKCFMEO_00643,WP_005738085.1,TRUE,p25_in_GeneB__dc_in_GeneA,OG0001272,TRUE,TRUE,TRUE
633,DAKCFMEO_00644,BJEIHDPM_03822,WP_003382006.1,DAKCFMEO_00644,WP_003382006.1,TRUE,p25_in_GeneB__dc_in_GeneA,OG0001007,TRUE,TRUE,TRUE
634,DAKCFMEO_00645,BJEIHDPM_03823,WP_005769628.1,DAKCFMEO_00645,WP_005769628.1,TRUE,p25_in_GeneB__dc_in_GeneA,OG0002238,TRUE,TRUE,TRUE
635,DAKCFMEO_00646,BJEIHDPM_03824,WP_003382004.1,DAKCFMEO_00646,WP_003382004.1,TRUE,p25_in_GeneB__dc_in_GeneA,OG0001006,TRUE,TRUE,TRUE
636,DAKCFMEO_00647,BJEIHDPM_03825,WP_005769626.1,DAKCFMEO_00647,WP_005769626.1,TRUE,p25_in_GeneB__dc_in_GeneA,OG0002237,TRUE,TRUE,TRUE
637,DAKCFMEO_00648,BJEIHDPM_03826,WP_005769624.1,DAKCFMEO_00648,WP_005769624.1,TRUE,p25_in_GeneB__dc_in_GeneA,OG0002236,TRUE,TRUE,TRUE
638,DAKCFMEO_00649,BJEIHDPM_03827,WP_003382001.1,DAKCFMEO_00649,WP_003382001.1,TRUE,p25_in_GeneB__dc_in_GeneA,OG0001005,TRUE,TRUE,TRUE
639,DAKCFMEO_00650,BJEIHDPM_03828,WP_002552981.1,DAKCFMEO_00650,WP_002552981.1,TRUE,p25_in_GeneB__dc_in_GeneA,OG0000659,TRUE,TRUE,TRUE
640,DAKCFMEO_00651,BJEIHDPM_03829,WP_005617294.1,DAKCFMEO_00651,WP_005617294.1,TRUE,p25_in_GeneB__dc_in_GeneA,OG0001178,TRUE,TRUE,TRUE
641,DAKCFMEO_00652,BJEIHDPM_03830,WP_005769618.1,DAKCFMEO_00652,WP_005769618.1,TRUE,p25_in_GeneB__dc_in_GeneA,OG0002234,TRUE,TRUE,TRUE
642,DAKCFMEO_00653,BJEIHDPM_03831,WP_005738079.1,DAKCFMEO_00653,WP_005738079.1,TRUE,p25_in_GeneB__dc_in_GeneA,OG0001271,TRUE,TRUE,TRUE
643,DAKCFMEO_00654,BJEIHDPM_03832,WP_005769616.1,DAKCFMEO_00654,WP_005769616.1,TRUE,p25_in_GeneB__dc_in_GeneA,OG0002233,TRUE,TRUE,TRUE
644,DAKCFMEO_00655,BJEIHDPM_03833,WP_005769615.1,DAKCFMEO_00655,WP_005769615.1,TRUE,p25_in_GeneB__dc_in_GeneA,OG0002232,TRUE,TRUE,TRUE
645,DAKCFMEO_00656,BJEIHDPM_03834,,DAKCFMEO_00656,NA,FALSE,,,FALSE,FALSE,FALSE
646,DAKCFMEO_00657,BJEIHDPM_03835,WP_005769613.1,DAKCFMEO_00657,WP_005769613.1,TRUE,p25_in_GeneB__dc_in_GeneA,OG0002231,TRUE,TRUE,TRUE
647,DAKCFMEO_00658,BJEIHDPM_03836,WP_003379759.1,DAKCFMEO_00658,WP_003379759.1,TRUE,p25_in_GeneB__dc_in_GeneA,OG0000916,TRUE,TRUE,TRUE
648,DAKCFMEO_00659,BJEIHDPM_03837,WP_005769610.1,DAKCFMEO_00659,WP_005769610.1,TRUE,p25_in_GeneB__dc_in_GeneA,OG0002230,TRUE,TRUE,TRUE
649,DAKCFMEO_00660,BJEIHDPM_03838,WP_005769608.1,DAKCFMEO_00660,WP_005769608.1,TRUE,p25_in_GeneB__dc_in_GeneA,OG0002229,TRUE,TRUE,TRUE
650,DAKCFMEO_00661,BJEIHDPM_03839,WP_011103893.1,DAKCFMEO_00661,WP_011103893.1,TRUE,p25_in_GeneB__dc_in_GeneA,OG0003155,TRUE,TRUE,TRUE
651,DAKCFMEO_00662,BJEIHDPM_03840,WP_005769602.1,DAKCFMEO_00662,WP_005769602.1,TRUE,p25_in_GeneB__dc_in_GeneA,OG0002228,TRUE,TRUE,TRUE
652,DAKCFMEO_00663,BJEIHDPM_03841,WP_005618719.1,DAKCFMEO_00663,WP_005618719.1,TRUE,p25_in_GeneB__dc_in_GeneA,OG0001189,TRUE,TRUE,TRUE
653,DAKCFMEO_00664,BJEIHDPM_03842,,DAKCFMEO_00664,NA,FALSE,,,FALSE,FALSE,FALSE
654,DAKCFMEO_00665,BJEIHDPM_03843,WP_011103894.1,DAKCFMEO_00665,WP_011103894.1,TRUE,p25_in_GeneB__dc_in_GeneA,OG0003156,TRUE,TRUE,TRUE
655,DAKCFMEO_00666,BJEIHDPM_03844,WP_005765844.1,DAKCFMEO_00666,WP_005765844.1,TRUE,p25_in_GeneB__dc_in_GeneA,OG0001746,TRUE,TRUE,TRUE
656,DAKCFMEO_00667,BJEIHDPM_03845,WP_046463559.1,DAKCFMEO_00667,WP_046463559.1,TRUE,p25_in_GeneB__dc_in_GeneA,OG0003996,TRUE,TRUE,TRUE
657,DAKCFMEO_00668,BJEIHDPM_03846,WP_005765838.1,DAKCFMEO_00668,WP_005765838.1,TRUE,p25_in_GeneB__dc_in_GeneA,OG0001745,TRUE,TRUE,TRUE
658,DAKCFMEO_00669,BJEIHDPM_03847,WP_005765836.1,DAKCFMEO_00669,WP_005765836.1,TRUE,p25_in_GeneB__dc_in_GeneA,OG0001744,TRUE,TRUE,TRUE
659,DAKCFMEO_00670,BJEIHDPM_03848,WP_007244755.1,DAKCFMEO_00670,WP_007244755.1,TRUE,p25_in_GeneB__dc_in_GeneA,OG0002541,TRUE,TRUE,TRUE
660,DAKCFMEO_00671,BJEIHDPM_03849,,DAKCFMEO_00671,NA,FALSE,,,FALSE,FALSE,FALSE
661,DAKCFMEO_00672,BJEIHDPM_03850,WP_011103898.1,DAKCFMEO_00672,WP_011103898.1,FALSE,,,TRUE,FALSE,FALSE
662,DAKCFMEO_00673,BJEIHDPM_03851,,DAKCFMEO_00673,NA,FALSE,,,FALSE,FALSE,FALSE
663,DAKCFMEO_00674,BJEIHDPM_03852,WP_005765826.1,DAKCFMEO_00674,WP_005765826.1,TRUE,p25_in_GeneB__dc_in_GeneA,OG0001742,TRUE,TRUE,TRUE
664,DAKCFMEO_00675,BJEIHDPM_03853,WP_011103899.1,DAKCFMEO_00675,WP_011103899.1,FALSE,,,TRUE,FALSE,FALSE
665,DAKCFMEO_00676,BJEIHDPM_03854,WP_005765821.1,DAKCFMEO_00676,WP_005765821.1,TRUE,p25_in_GeneB__dc_in_GeneA,OG0001741,TRUE,TRUE,TRUE
666,DAKCFMEO_00677,BJEIHDPM_03855,WP_011103900.1,DAKCFMEO_00677,WP_011103900.1,TRUE,p25_in_GeneB__dc_in_GeneA,OG0003157,TRUE,TRUE,TRUE
667,DAKCFMEO_00678,BJEIHDPM_03856,,DAKCFMEO_00678,NA,FALSE,,,FALSE,FALSE,FALSE
668,DAKCFMEO_00679,BJEIHDPM_03857,,DAKCFMEO_00679,NA,FALSE,,,FALSE,FALSE,FALSE
669,DAKCFMEO_00680,BJEIHDPM_03858,,DAKCFMEO_00680,NA,FALSE,,,FALSE,FALSE,FALSE
670,DAKCFMEO_00681,BJEIHDPM_03859,,DAKCFMEO_00681,NA,FALSE,,,FALSE,FALSE,FALSE
671,DAKCFMEO_00682,BJEIHDPM_03860,,DAKCFMEO_00682,NA,FALSE,,,FALSE,FALSE,FALSE
672,DAKCFMEO_00683,BJEIHDPM_03861,,DAKCFMEO_00683,NA,FALSE,,,FALSE,FALSE,FALSE
673,DAKCFMEO_00684,BJEIHDPM_03862,,DAKCFMEO_00684,NA,FALSE,,,FALSE,FALSE,FALSE
674,DAKCFMEO_00685,BJEIHDPM_03863,WP_011103908.1,DAKCFMEO_00685,WP_011103908.1,FALSE,,,TRUE,FALSE,FALSE
675,DAKCFMEO_00686,BJEIHDPM_03864,WP_003406089.1,DAKCFMEO_00686,WP_003406089.1,TRUE,p25_in_GeneB__dc_in_GeneA,OG0001066,TRUE,TRUE,TRUE
676,DAKCFMEO_00687,BJEIHDPM_03865,WP_011103910.1,DAKCFMEO_00687,WP_011103910.1,TRUE,p25_in_GeneB__dc_in_GeneA,OG0003160,TRUE,TRUE,TRUE
677,DAKCFMEO_00688,BJEIHDPM_03866,WP_161797773.1,DAKCFMEO_00688,WP_161797773.1,TRUE,p25_in_GeneB__dc_in_GeneA,OG0004090,TRUE,TRUE,TRUE
678,DAKCFMEO_00689,BJEIHDPM_03867,WP_011103912.1,DAKCFMEO_00689,WP_011103912.1,TRUE,p25_in_GeneB__dc_in_GeneA,OG0003161,TRUE,TRUE,TRUE
679,DAKCFMEO_00690,BJEIHDPM_03868,WP_011103913.1,DAKCFMEO_00690,WP_011103913.1,TRUE,p25_in_GeneB__dc_in_GeneA,OG0003162,TRUE,TRUE,TRUE
680,DAKCFMEO_00691,BJEIHDPM_03869,WP_011103914.1,DAKCFMEO_00691,WP_011103914.1,TRUE,p25_in_GeneB__dc_in_GeneA,OG0003163,TRUE,TRUE,TRUE
681,DAKCFMEO_00692,BJEIHDPM_03870,WP_005765788.1,DAKCFMEO_00692,WP_005765788.1,TRUE,p25_in_GeneB__dc_in_GeneA,OG0001739,TRUE,TRUE,TRUE
682,DAKCFMEO_00693,BJEIHDPM_03871,WP_005738027.1,DAKCFMEO_00693,WP_005738027.1,TRUE,p25_in_GeneB__dc_in_GeneA,OG0001270,TRUE,TRUE,TRUE
683,DAKCFMEO_00694,BJEIHDPM_03872,WP_005765784.1,DAKCFMEO_00694,WP_005765784.1,TRUE,p25_in_GeneB__dc_in_GeneA,OG0001738,TRUE,TRUE,TRUE
684,DAKCFMEO_00695,BJEIHDPM_03873,WP_046463435.1,DAKCFMEO_00695,WP_046463435.1,TRUE,p25_in_GeneB__dc_in_GeneA,OG0003972,TRUE,TRUE,TRUE
685,DAKCFMEO_00696,BJEIHDPM_03874,WP_011103916.1,DAKCFMEO_00696,WP_011103916.1,TRUE,p25_in_GeneB__dc_in_GeneA,OG0003164,TRUE,TRUE,TRUE
686,DAKCFMEO_00697,BJEIHDPM_03875,,DAKCFMEO_00697,NA,FALSE,,,FALSE,FALSE,FALSE
687,DAKCFMEO_00698,BJEIHDPM_03876,,DAKCFMEO_00698,NA,FALSE,,,FALSE,FALSE,FALSE
688,DAKCFMEO_00699,BJEIHDPM_03877,,DAKCFMEO_00699,NA,FALSE,,,FALSE,FALSE,FALSE
689,DAKCFMEO_00700,BJEIHDPM_03878,WP_011103917.1,DAKCFMEO_00700,WP_011103917.1,TRUE,p25_in_GeneB__dc_in_GeneA,OG0003165,TRUE,TRUE,TRUE
690,DAKCFMEO_00701,BJEIHDPM_03879,WP_011103918.1,DAKCFMEO_00701,WP_011103918.1,TRUE,p25_in_GeneB__dc_in_GeneA,OG0003166,TRUE,TRUE,TRUE
691,DAKCFMEO_00702,BJEIHDPM_03880,WP_005765770.1,DAKCFMEO_00702,WP_005765770.1,TRUE,p25_in_GeneB__dc_in_GeneA,OG0001737,TRUE,TRUE,TRUE
692,DAKCFMEO_00703,BJEIHDPM_03881,WP_005765767.1,DAKCFMEO_00703,WP_005765767.1,TRUE,p25_in_GeneB__dc_in_GeneA,OG0001736,TRUE,TRUE,TRUE
693,DAKCFMEO_00704,BJEIHDPM_03882,WP_005765765.1,DAKCFMEO_00704,WP_005765765.1,TRUE,p25_in_GeneB__dc_in_GeneA,OG0001735,TRUE,TRUE,TRUE
694,DAKCFMEO_00705,BJEIHDPM_03883,WP_003379830.1,DAKCFMEO_00705,WP_003379830.1,TRUE,p25_in_GeneB__dc_in_GeneA,OG0000917,TRUE,TRUE,TRUE
695,DAKCFMEO_00706,BJEIHDPM_03884,WP_005617338.1,DAKCFMEO_00706,WP_005617338.1,TRUE,p25_in_GeneB__dc_in_GeneA,OG0001180,TRUE,TRUE,TRUE
696,DAKCFMEO_00707,BJEIHDPM_03885,WP_005765750.1,DAKCFMEO_00707,WP_005765750.1,TRUE,p25_in_GeneB__dc_in_GeneA,OG0001734,TRUE,TRUE,TRUE
697,DAKCFMEO_00708,BJEIHDPM_03886,WP_011103923.1,DAKCFMEO_00708,WP_011103923.1,FALSE,,,TRUE,FALSE,FALSE
698,DAKCFMEO_00709,BJEIHDPM_03887,WP_011103924.1,DAKCFMEO_00709,WP_011103924.1,TRUE,p25_in_GeneB__dc_in_GeneA,OG0003167,TRUE,TRUE,TRUE
699,DAKCFMEO_00710,BJEIHDPM_03888,WP_002553016.1,DAKCFMEO_00710,WP_002553016.1,TRUE,p25_in_GeneB__dc_in_GeneA,OG0000660,TRUE,TRUE,TRUE
700,DAKCFMEO_00711,BJEIHDPM_03889,WP_011103925.1,DAKCFMEO_00711,WP_011103925.1,TRUE,p25_in_GeneB__dc_in_GeneA,OG0003168,TRUE,TRUE,TRUE
701,DAKCFMEO_00712,BJEIHDPM_03890,WP_002553018.1,DAKCFMEO_00712,WP_002553018.1,TRUE,p25_in_GeneB__dc_in_GeneA,OG0000661,TRUE,TRUE,TRUE
702,DAKCFMEO_00713,BJEIHDPM_03891,WP_003382493.1,DAKCFMEO_00713,WP_003382493.1,TRUE,p25_in_GeneB__dc_in_GeneA,OG0001029,TRUE,TRUE,TRUE
703,DAKCFMEO_00714,BJEIHDPM_03892,WP_003382491.1,DAKCFMEO_00714,WP_003382491.1,FALSE,,,TRUE,FALSE,FALSE
704,DAKCFMEO_00715,BJEIHDPM_03893,,DAKCFMEO_00715,NA,FALSE,,,FALSE,FALSE,FALSE
705,DAKCFMEO_00716,BJEIHDPM_03894,WP_011103928.1,DAKCFMEO_00716,WP_011103928.1,FALSE,,,TRUE,FALSE,FALSE
706,DAKCFMEO_00717,BJEIHDPM_03895,WP_005617359.1,DAKCFMEO_00717,WP_005617359.1,FALSE,,,TRUE,FALSE,FALSE
707,DAKCFMEO_00718,BJEIHDPM_03896,WP_011103929.1,DAKCFMEO_00718,WP_011103929.1,TRUE,p25_in_GeneB__dc_in_GeneA,OG0003169,TRUE,TRUE,TRUE
708,DAKCFMEO_00719,BJEIHDPM_03897,WP_003382487.1,DAKCFMEO_00719,WP_003382487.1,TRUE,p25_in_GeneB__dc_in_GeneA,OG0001028,TRUE,TRUE,TRUE
709,DAKCFMEO_00720,BJEIHDPM_03898,WP_005617365.1,DAKCFMEO_00720,WP_005617365.1,TRUE,p25_in_GeneB__dc_in_GeneA,OG0001181,TRUE,TRUE,TRUE
710,DAKCFMEO_00721,BJEIHDPM_03899,WP_005765732.1,DAKCFMEO_00721,WP_005765732.1,TRUE,p25_in_GeneB__dc_in_GeneA,OG0001733,TRUE,TRUE,TRUE
711,DAKCFMEO_00722,BJEIHDPM_03900,WP_005765730.1,DAKCFMEO_00722,WP_005765730.1,FALSE,,,TRUE,FALSE,FALSE
712,DAKCFMEO_00723,BJEIHDPM_03901,WP_161797774.1,DAKCFMEO_00723,WP_161797774.1,TRUE,p25_in_GeneB__dc_in_GeneA,OG0004091,TRUE,TRUE,TRUE
713,DAKCFMEO_00724,BJEIHDPM_03902,WP_005765727.1,DAKCFMEO_00724,WP_005765727.1,TRUE,p25_in_GeneB__dc_in_GeneA,OG0001732,TRUE,TRUE,TRUE
714,DAKCFMEO_00725,BJEIHDPM_03903,WP_005765726.1,DAKCFMEO_00725,WP_005765726.1,FALSE,,,TRUE,FALSE,FALSE
715,DAKCFMEO_00726,BJEIHDPM_03904,WP_046463438.1,DAKCFMEO_00726,WP_046463438.1,FALSE,,,TRUE,FALSE,FALSE
716,DAKCFMEO_00727,BJEIHDPM_03905,WP_007244715.1,DAKCFMEO_00727,WP_007244715.1,FALSE,,,TRUE,FALSE,FALSE
717,DAKCFMEO_00728,BJEIHDPM_03906,WP_011103932.1,DAKCFMEO_00728,WP_011103932.1,TRUE,p25_in_GeneB__dc_in_GeneA,OG0003170,TRUE,TRUE,TRUE
718,DAKCFMEO_00729,BJEIHDPM_03907,WP_011103933.1,DAKCFMEO_00729,WP_011103933.1,FALSE,,,TRUE,FALSE,FALSE
719,DAKCFMEO_00730,BJEIHDPM_03908,WP_005765721.1,DAKCFMEO_00730,WP_005765721.1,FALSE,,,TRUE,FALSE,FALSE
720,DAKCFMEO_00731,BJEIHDPM_03909,WP_003382474.1,DAKCFMEO_00731,WP_003382474.1,TRUE,p25_in_GeneB__dc_in_GeneA,OG0001027,TRUE,TRUE,TRUE
721,DAKCFMEO_00732,BJEIHDPM_03910,WP_011103934.1,DAKCFMEO_00732,WP_011103934.1,TRUE,p25_in_GeneB__dc_in_GeneA,OG0003171,TRUE,TRUE,TRUE
722,DAKCFMEO_00733,BJEIHDPM_03911,WP_005765719.1,DAKCFMEO_00733,WP_005765719.1,TRUE,p25_in_GeneB__dc_in_GeneA,OG0001731,TRUE,TRUE,TRUE
723,DAKCFMEO_00734,BJEIHDPM_03912,WP_005765718.1,DAKCFMEO_00734,WP_005765718.1,TRUE,p25_in_GeneB__dc_in_GeneA,OG0001730,TRUE,TRUE,TRUE
724,DAKCFMEO_00735,BJEIHDPM_03913,WP_003382467.1,DAKCFMEO_00735,WP_003382467.1,TRUE,p25_in_GeneB__dc_in_GeneA,OG0001026,TRUE,TRUE,TRUE
725,DAKCFMEO_00736,BJEIHDPM_03914,WP_003382465.1,DAKCFMEO_00736,WP_003382465.1,TRUE,p25_in_GeneB__dc_in_GeneA,OG0001025,TRUE,TRUE,TRUE
726,DAKCFMEO_00737,BJEIHDPM_03915,WP_011103935.1,DAKCFMEO_00737,WP_011103935.1,TRUE,p25_in_GeneB__dc_in_GeneA,OG0003172,TRUE,TRUE,TRUE
727,DAKCFMEO_00738,BJEIHDPM_03916,WP_005738001.1,DAKCFMEO_00738,WP_005738001.1,TRUE,p25_in_GeneB__dc_in_GeneA,OG0001269,TRUE,TRUE,TRUE
728,DAKCFMEO_00739,BJEIHDPM_03917,WP_003382460.1,DAKCFMEO_00739,WP_003382460.1,TRUE,p25_in_GeneB__dc_in_GeneA,OG0001024,TRUE,TRUE,TRUE
729,DAKCFMEO_00740,BJEIHDPM_03918,WP_005765713.1,DAKCFMEO_00740,WP_005765713.1,TRUE,p25_in_GeneB__dc_in_GeneA,OG0001729,TRUE,TRUE,TRUE
730,DAKCFMEO_00741,BJEIHDPM_03919,WP_046463439.1,DAKCFMEO_00741,WP_046463439.1,TRUE,p25_in_GeneB__dc_in_GeneA,OG0003973,TRUE,TRUE,TRUE
731,DAKCFMEO_00742,BJEIHDPM_03920,WP_011103938.1,DAKCFMEO_00742,WP_011103938.1,TRUE,p25_in_GeneB__dc_in_GeneA,OG0003173,TRUE,TRUE,TRUE
732,DAKCFMEO_00743,BJEIHDPM_03921,WP_046463440.1,DAKCFMEO_00743,WP_046463440.1,FALSE,,,TRUE,FALSE,FALSE
733,DAKCFMEO_00744,BJEIHDPM_03922,WP_011103940.1,DAKCFMEO_00744,WP_011103940.1,TRUE,p25_in_GeneB__dc_in_GeneA,OG0003174,TRUE,TRUE,TRUE
734,DAKCFMEO_00745,BJEIHDPM_03923,WP_011103557.1,DAKCFMEO_00745,WP_011103557.1,FALSE,,,TRUE,FALSE,FALSE
735,DAKCFMEO_00746,BJEIHDPM_03924,WP_005765699.1,DAKCFMEO_00746,WP_005765699.1,TRUE,p25_in_GeneB__dc_in_GeneA,OG0001728,TRUE,TRUE,TRUE
736,DAKCFMEO_00747,BJEIHDPM_03925,WP_011103941.1,DAKCFMEO_00747,WP_011103941.1,TRUE,p25_in_GeneB__dc_in_GeneA,OG0003175,TRUE,TRUE,TRUE
737,DAKCFMEO_00748,BJEIHDPM_03926,WP_011103942.1,DAKCFMEO_00748,WP_011103942.1,TRUE,p25_in_GeneB__dc_in_GeneA,OG0003176,TRUE,TRUE,TRUE
738,DAKCFMEO_00749,BJEIHDPM_03927,WP_017709633.1,DAKCFMEO_00749,WP_017709633.1,TRUE,p25_in_GeneB__dc_in_GeneA,OG0003853,TRUE,TRUE,TRUE
739,DAKCFMEO_00750,BJEIHDPM_03928,,DAKCFMEO_00750,NA,FALSE,,,FALSE,FALSE,FALSE
740,DAKCFMEO_00751,BJEIHDPM_03929,WP_005765687.1,DAKCFMEO_00751,WP_005765687.1,TRUE,p25_in_GeneB__dc_in_GeneA,OG0001727,TRUE,TRUE,TRUE
741,DAKCFMEO_00752,BJEIHDPM_03930,WP_003346101.1,DAKCFMEO_00752,WP_003346101.1,TRUE,p25_in_GeneB__dc_in_GeneA,OG0000753,TRUE,TRUE,TRUE
742,DAKCFMEO_00753,BJEIHDPM_03931,,DAKCFMEO_00753,NA,FALSE,,,FALSE,FALSE,FALSE
743,DAKCFMEO_00754,BJEIHDPM_03932,WP_002554843.1,DAKCFMEO_00754,WP_002554843.1,FALSE,,,TRUE,FALSE,FALSE
744,DAKCFMEO_00755,BJEIHDPM_03933,WP_003373331.1,DAKCFMEO_00755,WP_003373331.1,TRUE,p25_in_GeneB__dc_in_GeneA,OG0000762,TRUE,TRUE,TRUE
745,DAKCFMEO_00756,BJEIHDPM_03934,WP_005765682.1,DAKCFMEO_00756,WP_005765682.1,TRUE,p25_in_GeneB__dc_in_GeneA,OG0001726,TRUE,TRUE,TRUE
746,DAKCFMEO_00757,BJEIHDPM_03935,,DAKCFMEO_00757,NA,FALSE,,,FALSE,FALSE,FALSE
747,DAKCFMEO_00758,BJEIHDPM_03936,WP_005765681.1,DAKCFMEO_00758,WP_005765681.1,TRUE,p25_in_GeneB__dc_in_GeneA,OG0001725,TRUE,TRUE,TRUE
748,DAKCFMEO_00759,BJEIHDPM_03937,WP_003373338.1,DAKCFMEO_00759,WP_003373338.1,TRUE,p25_in_GeneB__dc_in_GeneA,OG0000763,TRUE,TRUE,TRUE
749,DAKCFMEO_00760,BJEIHDPM_03938,WP_003373339.1,DAKCFMEO_00760,WP_003373339.1,TRUE,p25_in_GeneB__dc_in_GeneA,OG0000764,TRUE,TRUE,TRUE
750,DAKCFMEO_00761,BJEIHDPM_03939,WP_011103955.1,DAKCFMEO_00761,WP_011103955.1,TRUE,p25_in_GeneB__dc_in_GeneA,OG0003177,TRUE,TRUE,TRUE
751,DAKCFMEO_00762,BJEIHDPM_03940,,DAKCFMEO_00762,NA,FALSE,,,FALSE,FALSE,FALSE
752,DAKCFMEO_00763,BJEIHDPM_03941,WP_007246378.1,DAKCFMEO_00763,WP_007246378.1,TRUE,p25_in_GeneB__dc_in_GeneA,OG0002659,TRUE,TRUE,TRUE
753,DAKCFMEO_00764,BJEIHDPM_03942,WP_005765677.1,DAKCFMEO_00764,WP_005765677.1,TRUE,p25_in_GeneB__dc_in_GeneA,OG0001724,TRUE,TRUE,TRUE
754,DAKCFMEO_00765,BJEIHDPM_03943,WP_011103957.1,DAKCFMEO_00765,WP_011103957.1,TRUE,p25_in_GeneB__dc_in_GeneA,OG0003178,TRUE,TRUE,TRUE
755,DAKCFMEO_00766,BJEIHDPM_03944,WP_011103958.1,DAKCFMEO_00766,WP_011103958.1,TRUE,p25_in_GeneB__dc_in_GeneA,OG0003179,TRUE,TRUE,TRUE
756,DAKCFMEO_00767,BJEIHDPM_03945,WP_007246376.1,DAKCFMEO_00767,WP_007246376.1,TRUE,p25_in_GeneB__dc_in_GeneA,OG0002658,TRUE,TRUE,TRUE
757,DAKCFMEO_00768,BJEIHDPM_03946,WP_005765672.1,DAKCFMEO_00768,WP_005765672.1,TRUE,p25_in_GeneB__dc_in_GeneA,OG0001723,TRUE,TRUE,TRUE
758,DAKCFMEO_00769,BJEIHDPM_03947,WP_005737978.1,DAKCFMEO_00769,WP_005737978.1,TRUE,p25_in_GeneB__dc_in_GeneA,OG0001268,TRUE,TRUE,TRUE
759,DAKCFMEO_00770,BJEIHDPM_03948,WP_011103959.1,DAKCFMEO_00770,WP_011103959.1,FALSE,,,TRUE,FALSE,FALSE
760,DAKCFMEO_00771,BJEIHDPM_03949,WP_046464003.1,DAKCFMEO_00771,WP_046464003.1,TRUE,p25_in_GeneB__dc_in_GeneA,OG0004050,TRUE,TRUE,TRUE
761,DAKCFMEO_00772,BJEIHDPM_03950,WP_011103961.1,DAKCFMEO_00772,WP_011103961.1,TRUE,p25_in_GeneB__dc_in_GeneA,OG0003180,TRUE,TRUE,TRUE
762,DAKCFMEO_00773,BJEIHDPM_03951,WP_005738807.1,DAKCFMEO_00773,WP_005738807.1,TRUE,p25_in_GeneB__dc_in_GeneA,OG0001278,TRUE,TRUE,TRUE
763,DAKCFMEO_00774,BJEIHDPM_03952,WP_007246371.1,DAKCFMEO_00774,WP_007246371.1,TRUE,p25_in_GeneB__dc_in_GeneA,OG0002657,TRUE,TRUE,TRUE
764,DAKCFMEO_00775,BJEIHDPM_03953,WP_005765662.1,DAKCFMEO_00775,WP_005765662.1,TRUE,p25_in_GeneB__dc_in_GeneA,OG0001722,TRUE,TRUE,TRUE
765,DAKCFMEO_00776,BJEIHDPM_03954,WP_011103962.1,DAKCFMEO_00776,WP_011103962.1,TRUE,p25_in_GeneB__dc_in_GeneA,OG0003181,TRUE,TRUE,TRUE
766,DAKCFMEO_00777,BJEIHDPM_03955,WP_003315600.1,DAKCFMEO_00777,WP_003315600.1,TRUE,p25_in_GeneB__dc_in_GeneA,OG0000739,TRUE,TRUE,TRUE
767,DAKCFMEO_00778,BJEIHDPM_03956,WP_011103963.1,DAKCFMEO_00778,WP_011103963.1,TRUE,p25_in_GeneB__dc_in_GeneA,OG0003182,TRUE,TRUE,TRUE
768,DAKCFMEO_00779,BJEIHDPM_03957,WP_005617455.1,DAKCFMEO_00779,WP_005617455.1,TRUE,p25_in_GeneB__dc_in_GeneA,OG0001182,TRUE,TRUE,TRUE
769,DAKCFMEO_00780,BJEIHDPM_03958,WP_011103964.1,DAKCFMEO_00780,WP_011103964.1,TRUE,p25_in_GeneB__dc_in_GeneA,OG0003183,TRUE,TRUE,TRUE
770,DAKCFMEO_00781,BJEIHDPM_03959,WP_005765657.1,DAKCFMEO_00781,WP_005765657.1,TRUE,p25_in_GeneB__dc_in_GeneA,OG0001721,TRUE,TRUE,TRUE
771,DAKCFMEO_00782,BJEIHDPM_03960,,DAKCFMEO_00782,NA,FALSE,,,FALSE,FALSE,FALSE
772,DAKCFMEO_00783,BJEIHDPM_03961,,DAKCFMEO_00783,NA,FALSE,,,FALSE,FALSE,FALSE
773,DAKCFMEO_00784,BJEIHDPM_03962,,DAKCFMEO_00784,NA,FALSE,,,FALSE,FALSE,FALSE
774,DAKCFMEO_00785,BJEIHDPM_03963,WP_005765656.1,DAKCFMEO_00785,WP_005765656.1,FALSE,,,TRUE,FALSE,FALSE
775,DAKCFMEO_00786,BJEIHDPM_03964,WP_005765655.1,DAKCFMEO_00786,WP_005765655.1,TRUE,p25_in_GeneB__dc_in_GeneA,OG0001720,TRUE,TRUE,TRUE
776,DAKCFMEO_00787,BJEIHDPM_03965,WP_005765654.1,DAKCFMEO_00787,WP_005765654.1,TRUE,p25_in_GeneB__dc_in_GeneA,OG0001719,TRUE,TRUE,TRUE
777,DAKCFMEO_00788,BJEIHDPM_03966,WP_011103965.1,DAKCFMEO_00788,WP_011103965.1,TRUE,p25_in_GeneB__dc_in_GeneA,OG0003184,TRUE,TRUE,TRUE
778,DAKCFMEO_00789,BJEIHDPM_03967,WP_011103966.1,DAKCFMEO_00789,WP_011103966.1,TRUE,p25_in_GeneB__dc_in_GeneA,OG0003185,TRUE,TRUE,TRUE
779,DAKCFMEO_00790,BJEIHDPM_03968,WP_005765651.1,DAKCFMEO_00790,WP_005765651.1,TRUE,p25_in_GeneB__dc_in_GeneA,OG0001718,TRUE,TRUE,TRUE
780,DAKCFMEO_00791,BJEIHDPM_03969,,DAKCFMEO_00791,NA,FALSE,,,FALSE,FALSE,FALSE
781,DAKCFMEO_00792,BJEIHDPM_03970,WP_005617470.1,DAKCFMEO_00792,WP_005617470.1,TRUE,p25_in_GeneB__dc_in_GeneA,OG0001183,TRUE,TRUE,TRUE
782,DAKCFMEO_00793,BJEIHDPM_03971,WP_005765650.1,DAKCFMEO_00793,WP_005765650.1,FALSE,,,TRUE,FALSE,FALSE
783,DAKCFMEO_00794,BJEIHDPM_03972,WP_007246362.1,DAKCFMEO_00794,WP_007246362.1,TRUE,p25_in_GeneB__dc_in_GeneA,OG0002656,TRUE,TRUE,TRUE
784,DAKCFMEO_00795,BJEIHDPM_03973,,DAKCFMEO_00795,NA,FALSE,,,FALSE,FALSE,FALSE
785,DAKCFMEO_00796,BJEIHDPM_03974,,DAKCFMEO_00796,NA,FALSE,,,FALSE,FALSE,FALSE
786,DAKCFMEO_00797,BJEIHDPM_03975,,DAKCFMEO_00797,NA,FALSE,,,FALSE,FALSE,FALSE
787,DAKCFMEO_00798,BJEIHDPM_03976,WP_003382419.1,DAKCFMEO_00798,WP_003382419.1,FALSE,,,TRUE,FALSE,FALSE
788,DAKCFMEO_00799,BJEIHDPM_03977,WP_005765645.1,DAKCFMEO_00799,WP_005765645.1,TRUE,p25_in_GeneB__dc_in_GeneA,OG0001716,TRUE,TRUE,TRUE
789,DAKCFMEO_00800,BJEIHDPM_03978,WP_005765644.1,DAKCFMEO_00800,WP_005765644.1,TRUE,p25_in_GeneB__dc_in_GeneA,OG0001715,TRUE,TRUE,TRUE
790,DAKCFMEO_00801,BJEIHDPM_03979,WP_011103969.1,DAKCFMEO_00801,WP_011103969.1,FALSE,,,TRUE,FALSE,FALSE
791,DAKCFMEO_00802,BJEIHDPM_03980,WP_011103970.1,DAKCFMEO_00802,WP_011103970.1,TRUE,p25_in_GeneB__dc_in_GeneA,OG0003186,TRUE,TRUE,TRUE
792,DAKCFMEO_00803,BJEIHDPM_03981,WP_005765639.1,DAKCFMEO_00803,WP_005765639.1,FALSE,,,TRUE,FALSE,FALSE
793,DAKCFMEO_00804,BJEIHDPM_03982,WP_007246357.1,DAKCFMEO_00804,WP_007246357.1,FALSE,,,TRUE,FALSE,FALSE
794,DAKCFMEO_00805,BJEIHDPM_03983,WP_005765637.1,DAKCFMEO_00805,WP_005765637.1,TRUE,p25_in_GeneB__dc_in_GeneA,OG0001714,TRUE,TRUE,TRUE
795,DAKCFMEO_00806,BJEIHDPM_03984,WP_007246356.1,DAKCFMEO_00806,WP_007246356.1,FALSE,,,TRUE,FALSE,FALSE
796,DAKCFMEO_00807,BJEIHDPM_03985,WP_080898792.1,DAKCFMEO_00807,WP_080898792.1,TRUE,p25_in_GeneB__dc_in_GeneA,OG0004073,TRUE,TRUE,TRUE
797,DAKCFMEO_00808,BJEIHDPM_03986,WP_007246354.1,DAKCFMEO_00808,WP_007246354.1,TRUE,p25_in_GeneB__dc_in_GeneA,OG0002655,TRUE,TRUE,TRUE
798,DAKCFMEO_00809,BJEIHDPM_03987,WP_002553156.1,DAKCFMEO_00809,WP_002553156.1,FALSE,,,TRUE,FALSE,FALSE
799,DAKCFMEO_00810,BJEIHDPM_03988,WP_005765633.1,DAKCFMEO_00810,WP_005765633.1,TRUE,p25_in_GeneB__dc_in_GeneA,OG0001713,TRUE,TRUE,TRUE
800,DAKCFMEO_00811,BJEIHDPM_03989,WP_005738829.1,DAKCFMEO_00811,WP_005738829.1,TRUE,p25_in_GeneB__dc_in_GeneA,OG0001279,TRUE,TRUE,TRUE
801,DAKCFMEO_00812,BJEIHDPM_03990,WP_003367017.1,DAKCFMEO_00812,WP_003367017.1,TRUE,p25_in_GeneB__dc_in_GeneA,OG0000756,TRUE,TRUE,TRUE
802,DAKCFMEO_00813,BJEIHDPM_03991,WP_002553160.1,DAKCFMEO_00813,WP_002553160.1,TRUE,p25_in_GeneB__dc_in_GeneA,OG0000662,TRUE,TRUE,TRUE
803,DAKCFMEO_00814,BJEIHDPM_03992,WP_002553161.1,DAKCFMEO_00814,WP_002553161.1,TRUE,p25_in_GeneB__dc_in_GeneA,OG0000663,TRUE,TRUE,TRUE
804,DAKCFMEO_00815,BJEIHDPM_03993,WP_003382398.1,DAKCFMEO_00815,WP_003382398.1,TRUE,p25_in_GeneB__dc_in_GeneA,OG0001023,TRUE,TRUE,TRUE
805,DAKCFMEO_00816,BJEIHDPM_03994,WP_011103972.1,DAKCFMEO_00816,WP_011103972.1,TRUE,p25_in_GeneB__dc_in_GeneA,OG0003187,TRUE,TRUE,TRUE
806,DAKCFMEO_00817,BJEIHDPM_03995,WP_002553164.1,DAKCFMEO_00817,WP_002553164.1,TRUE,p25_in_GeneB__dc_in_GeneA,OG0000664,TRUE,TRUE,TRUE
807,DAKCFMEO_00818,BJEIHDPM_03996,WP_003382396.1,DAKCFMEO_00818,WP_003382396.1,TRUE,p25_in_GeneB__dc_in_GeneA,OG0001022,TRUE,TRUE,TRUE
808,DAKCFMEO_00820,BJEIHDPM_03998,WP_005617091.1,DAKCFMEO_00820,WP_005617091.1,TRUE,p25_in_GeneB__dc_in_GeneA,OG0001174,TRUE,TRUE,TRUE
809,DAKCFMEO_00821,BJEIHDPM_03999,,DAKCFMEO_00821,NA,FALSE,,,FALSE,FALSE,FALSE
810,DAKCFMEO_00822,BJEIHDPM_04000,,DAKCFMEO_00822,NA,FALSE,,,FALSE,FALSE,FALSE
811,DAKCFMEO_00823,BJEIHDPM_04001,WP_046464006.1,DAKCFMEO_00823,WP_046464006.1,TRUE,p25_in_GeneB__dc_in_GeneA,OG0004051,TRUE,TRUE,TRUE
812,DAKCFMEO_00824,BJEIHDPM_04002,WP_011103989.1,DAKCFMEO_00824,WP_011103989.1,TRUE,p25_in_GeneB__dc_in_GeneA,OG0003192,TRUE,TRUE,TRUE
813,DAKCFMEO_00825,BJEIHDPM_04003,,DAKCFMEO_00825,NA,FALSE,,,FALSE,FALSE,FALSE
814,DAKCFMEO_00826,BJEIHDPM_04004,WP_007246901.1,DAKCFMEO_00826,WP_007246901.1,TRUE,p25_in_GeneB__dc_in_GeneA,OG0002688,TRUE,TRUE,TRUE
815,DAKCFMEO_00827,BJEIHDPM_04005,WP_011103990.1,DAKCFMEO_00827,WP_011103990.1,TRUE,p25_in_GeneB__dc_in_GeneA,OG0003193,TRUE,TRUE,TRUE
816,DAKCFMEO_00828,BJEIHDPM_04006,WP_003376859.1,DAKCFMEO_00828,WP_003376859.1,TRUE,p25_in_GeneB__dc_in_GeneA,OG0000797,TRUE,TRUE,TRUE
817,DAKCFMEO_00829,BJEIHDPM_04007,WP_011103991.1,DAKCFMEO_00829,WP_011103991.1,FALSE,,,TRUE,FALSE,FALSE
818,DAKCFMEO_00830,BJEIHDPM_04008,WP_005770308.1,DAKCFMEO_00830,WP_005770308.1,FALSE,,,TRUE,FALSE,FALSE
819,DAKCFMEO_00831,BJEIHDPM_04009,WP_005770310.1,DAKCFMEO_00831,WP_005770310.1,FALSE,,,TRUE,FALSE,FALSE
820,DAKCFMEO_00832,BJEIHDPM_04010,WP_005770312.1,DAKCFMEO_00832,WP_005770312.1,FALSE,,,TRUE,FALSE,FALSE
821,DAKCFMEO_00833,BJEIHDPM_04011,WP_007246896.1,DAKCFMEO_00833,WP_007246896.1,FALSE,,,TRUE,FALSE,FALSE
822,DAKCFMEO_00834,BJEIHDPM_04012,WP_005770316.1,DAKCFMEO_00834,WP_005770316.1,TRUE,p25_in_GeneB__dc_in_GeneA,OG0002308,TRUE,TRUE,TRUE
823,DAKCFMEO_00835,BJEIHDPM_04013,WP_005617488.1,DAKCFMEO_00835,WP_005617488.1,TRUE,p25_in_GeneB__dc_in_GeneA,OG0001184,TRUE,TRUE,TRUE
824,DAKCFMEO_00836,BJEIHDPM_04014,WP_011103993.1,DAKCFMEO_00836,WP_011103993.1,TRUE,p25_in_GeneB__dc_in_GeneA,OG0003194,TRUE,TRUE,TRUE
825,DAKCFMEO_00837,BJEIHDPM_04015,WP_011103735.1,DAKCFMEO_00837,WP_011103735.1,TRUE,p25_in_GeneB__dc_in_GeneA,OG0003093,TRUE,TRUE,TRUE
826,DAKCFMEO_00838,BJEIHDPM_04016,WP_011103734.1,DAKCFMEO_00838,WP_011103734.1,TRUE,p25_in_GeneB__dc_in_GeneA,OG0003092,TRUE,TRUE,TRUE
827,DAKCFMEO_00839,BJEIHDPM_04017,WP_046463917.1,DAKCFMEO_00839,WP_046463917.1,TRUE,p25_in_GeneB__dc_in_GeneA,OG0004035,TRUE,TRUE,TRUE
828,DAKCFMEO_00840,BJEIHDPM_04018,WP_046463394.1,DAKCFMEO_00840,WP_046463394.1,TRUE,p25_in_GeneB__dc_in_GeneA,OG0003958,TRUE,TRUE,TRUE
829,DAKCFMEO_00841,BJEIHDPM_04019,WP_011105037.1,DAKCFMEO_00841,WP_011105037.1,TRUE,p25_in_GeneB__dc_in_GeneA,OG0003613,TRUE,TRUE,TRUE
830,DAKCFMEO_00842,BJEIHDPM_04020,WP_011105036.1,DAKCFMEO_00842,WP_011105036.1,TRUE,p25_in_GeneB__dc_in_GeneA,OG0003612,TRUE,TRUE,TRUE
831,DAKCFMEO_00843,BJEIHDPM_04021,,DAKCFMEO_00843,NA,FALSE,,,FALSE,FALSE,FALSE
832,DAKCFMEO_00844,BJEIHDPM_04022,,DAKCFMEO_00844,NA,FALSE,,,FALSE,FALSE,FALSE
833,DAKCFMEO_00845,BJEIHDPM_04023,,DAKCFMEO_00845,NA,FALSE,,,FALSE,FALSE,FALSE
834,DAKCFMEO_00846,BJEIHDPM_04024,,DAKCFMEO_00846,NA,FALSE,,,FALSE,FALSE,FALSE
835,DAKCFMEO_00847,BJEIHDPM_04025,,DAKCFMEO_00847,NA,FALSE,,,FALSE,FALSE,FALSE
836,DAKCFMEO_00848,BJEIHDPM_04026,,DAKCFMEO_00848,NA,FALSE,,,FALSE,FALSE,FALSE
837,DAKCFMEO_00849,BJEIHDPM_04027,,DAKCFMEO_00849,NA,FALSE,,,FALSE,FALSE,FALSE
838,DAKCFMEO_00850,BJEIHDPM_04028,,DAKCFMEO_00850,NA,FALSE,,,FALSE,FALSE,FALSE
839,DAKCFMEO_00851,BJEIHDPM_04029,WP_005615570.1,DAKCFMEO_00851,WP_005615570.1,FALSE,,,TRUE,FALSE,FALSE
840,DAKCFMEO_00852,BJEIHDPM_04030,WP_007244877.1,DAKCFMEO_00852,WP_007244877.1,FALSE,,,TRUE,FALSE,FALSE
841,DAKCFMEO_00853,BJEIHDPM_04031,,DAKCFMEO_00853,NA,FALSE,,,FALSE,FALSE,FALSE
842,DAKCFMEO_00854,BJEIHDPM_04032,,DAKCFMEO_00854,NA,FALSE,,,FALSE,FALSE,FALSE
843,DAKCFMEO_00855,BJEIHDPM_04033,,DAKCFMEO_00855,NA,FALSE,,,FALSE,FALSE,FALSE
844,DAKCFMEO_00856,BJEIHDPM_04034,,DAKCFMEO_00856,NA,FALSE,,,FALSE,FALSE,FALSE
845,DAKCFMEO_00857,BJEIHDPM_04035,,DAKCFMEO_00857,NA,FALSE,,,FALSE,FALSE,FALSE
846,DAKCFMEO_00858,BJEIHDPM_04036,,DAKCFMEO_00858,NA,FALSE,,,FALSE,FALSE,FALSE
847,DAKCFMEO_00859,BJEIHDPM_04037,WP_011104008.1,DAKCFMEO_00859,WP_011104008.1,TRUE,p25_in_GeneB__dc_in_GeneA,OG0003195,TRUE,TRUE,TRUE
848,DAKCFMEO_00860,BJEIHDPM_04038,WP_005771214.1,DAKCFMEO_00860,WP_005771214.1,TRUE,p25_in_GeneB__dc_in_GeneA,OG0002418,TRUE,TRUE,TRUE
849,DAKCFMEO_00861,BJEIHDPM_04039,,DAKCFMEO_00861,NA,FALSE,,,FALSE,FALSE,FALSE
850,DAKCFMEO_00862,BJEIHDPM_04040,WP_007246884.1,DAKCFMEO_00862,WP_007246884.1,TRUE,p25_in_GeneB__dc_in_GeneA,OG0002687,TRUE,TRUE,TRUE
851,DAKCFMEO_00863,BJEIHDPM_04041,WP_005771221.1,DAKCFMEO_00863,WP_005771221.1,TRUE,p25_in_GeneB__dc_in_GeneA,OG0002419,TRUE,TRUE,TRUE
852,DAKCFMEO_00864,BJEIHDPM_04042,,DAKCFMEO_00864,NA,FALSE,,,FALSE,FALSE,FALSE
853,DAKCFMEO_00865,BJEIHDPM_04043,,DAKCFMEO_00865,NA,FALSE,,,FALSE,FALSE,FALSE
854,DAKCFMEO_00866,BJEIHDPM_04044,WP_005771225.1,DAKCFMEO_00866,WP_005771225.1,TRUE,p25_in_GeneB__dc_in_GeneA,OG0002420,TRUE,TRUE,TRUE
855,DAKCFMEO_00867,BJEIHDPM_04045,WP_005771227.1,DAKCFMEO_00867,WP_005771227.1,TRUE,p25_in_GeneB__dc_in_GeneA,OG0002421,TRUE,TRUE,TRUE
856,DAKCFMEO_00868,BJEIHDPM_04046,WP_011104011.1,DAKCFMEO_00868,WP_011104011.1,TRUE,p25_in_GeneB__dc_in_GeneA,OG0003196,TRUE,TRUE,TRUE
857,DAKCFMEO_00869,BJEIHDPM_04047,,DAKCFMEO_00869,NA,FALSE,,,FALSE,FALSE,FALSE
858,DAKCFMEO_00870,BJEIHDPM_04048,WP_011104012.1,DAKCFMEO_00870,WP_011104012.1,TRUE,p25_in_GeneB__dc_in_GeneA,OG0003197,TRUE,TRUE,TRUE
859,DAKCFMEO_00871,BJEIHDPM_04049,WP_011104013.1,DAKCFMEO_00871,WP_011104013.1,TRUE,p25_in_GeneB__dc_in_GeneA,OG0003198,TRUE,TRUE,TRUE
860,DAKCFMEO_00872,BJEIHDPM_04050,WP_011104014.1,DAKCFMEO_00872,WP_011104014.1,TRUE,p25_in_GeneB__dc_in_GeneA,OG0003199,TRUE,TRUE,TRUE
861,DAKCFMEO_00873,BJEIHDPM_04051,WP_007246879.1,DAKCFMEO_00873,WP_007246879.1,TRUE,p25_in_GeneB__dc_in_GeneA,OG0002686,TRUE,TRUE,TRUE
862,DAKCFMEO_00874,BJEIHDPM_04052,WP_011104015.1,DAKCFMEO_00874,WP_011104015.1,FALSE,,,TRUE,FALSE,FALSE
863,DAKCFMEO_00875,BJEIHDPM_04053,WP_007246877.1,DAKCFMEO_00875,WP_007246877.1,FALSE,,,TRUE,FALSE,FALSE
864,DAKCFMEO_00876,BJEIHDPM_04054,WP_005762869.1,DAKCFMEO_00876,WP_005762869.1,TRUE,p25_in_GeneB__dc_in_GeneA,OG0001364,TRUE,TRUE,TRUE
865,DAKCFMEO_00877,BJEIHDPM_04055,,DAKCFMEO_00877,NA,FALSE,,,FALSE,FALSE,FALSE
866,DAKCFMEO_00878,BJEIHDPM_04056,WP_005762867.1,DAKCFMEO_00878,WP_005762867.1,TRUE,p25_in_GeneB__dc_in_GeneA,OG0001363,TRUE,TRUE,TRUE
867,DAKCFMEO_00879,BJEIHDPM_04057,WP_005762866.1,DAKCFMEO_00879,WP_005762866.1,TRUE,p25_in_GeneB__dc_in_GeneA,OG0001362,TRUE,TRUE,TRUE
868,DAKCFMEO_00880,BJEIHDPM_04058,WP_005762863.1,DAKCFMEO_00880,WP_005762863.1,FALSE,,,TRUE,FALSE,FALSE
869,DAKCFMEO_00881,BJEIHDPM_04059,WP_011104096.1,DAKCFMEO_00881,WP_011104096.1,FALSE,,,TRUE,FALSE,FALSE
870,DAKCFMEO_00882,BJEIHDPM_04060,,DAKCFMEO_00882,NA,FALSE,,,FALSE,FALSE,FALSE
871,DAKCFMEO_00883,BJEIHDPM_04061,WP_005762859.1,DAKCFMEO_00883,WP_005762859.1,TRUE,p25_in_GeneB__dc_in_GeneA,OG0001361,TRUE,TRUE,TRUE
872,DAKCFMEO_00884,BJEIHDPM_04062,WP_003382778.1,DAKCFMEO_00884,WP_003382778.1,FALSE,,,TRUE,FALSE,FALSE
873,DAKCFMEO_00885,BJEIHDPM_04063,WP_005762856.1,DAKCFMEO_00885,WP_005762856.1,TRUE,p25_in_GeneB__dc_in_GeneA,OG0001360,TRUE,TRUE,TRUE
874,DAKCFMEO_00886,BJEIHDPM_04064,WP_005764689.1,DAKCFMEO_00886,WP_005764689.1,TRUE,p25_in_GeneB__dc_in_GeneA,OG0001574,TRUE,TRUE,TRUE
875,DAKCFMEO_00887,BJEIHDPM_04065,WP_011104098.1,DAKCFMEO_00887,WP_011104098.1,TRUE,p25_in_GeneB__dc_in_GeneA,OG0003243,TRUE,TRUE,TRUE
876,DAKCFMEO_00888,BJEIHDPM_04066,WP_011104099.1,DAKCFMEO_00888,WP_011104099.1,FALSE,,,TRUE,FALSE,FALSE
877,DAKCFMEO_00889,BJEIHDPM_04067,WP_011104100.1,DAKCFMEO_00889,WP_011104100.1,FALSE,,,TRUE,FALSE,FALSE
878,DAKCFMEO_00890,BJEIHDPM_04068,WP_162839068.1,DAKCFMEO_00890,WP_162839068.1,TRUE,p25_in_GeneB__dc_in_GeneA,OG0004110,TRUE,TRUE,TRUE
879,DAKCFMEO_00891,BJEIHDPM_04069,WP_011104102.1,DAKCFMEO_00891,WP_011104102.1,TRUE,p25_in_GeneB__dc_in_GeneA,OG0003244,TRUE,TRUE,TRUE
880,DAKCFMEO_00892,BJEIHDPM_04070,,DAKCFMEO_00892,NA,FALSE,,,FALSE,FALSE,FALSE
881,DAKCFMEO_00893,BJEIHDPM_04071,WP_003376950.1,DAKCFMEO_00893,WP_003376950.1,FALSE,,,TRUE,FALSE,FALSE
882,DAKCFMEO_00894,BJEIHDPM_04072,WP_161797763.1,DAKCFMEO_00894,WP_161797763.1,FALSE,,,TRUE,FALSE,FALSE
883,DAKCFMEO_00895,BJEIHDPM_04073,,DAKCFMEO_00895,NA,FALSE,,,FALSE,FALSE,FALSE
884,DAKCFMEO_00896,BJEIHDPM_04074,WP_005771282.1,DAKCFMEO_00896,WP_005771282.1,TRUE,p25_in_GeneB__dc_in_GeneA,OG0002425,TRUE,TRUE,TRUE
885,DAKCFMEO_00897,BJEIHDPM_04075,WP_010203861.1,DAKCFMEO_00897,WP_010203861.1,FALSE,,,TRUE,FALSE,FALSE
886,DAKCFMEO_00898,BJEIHDPM_04076,WP_005771285.1,DAKCFMEO_00898,WP_005771285.1,FALSE,,,TRUE,FALSE,FALSE
887,DAKCFMEO_00899,BJEIHDPM_04077,WP_007246690.1,DAKCFMEO_00899,WP_007246690.1,FALSE,,,TRUE,FALSE,FALSE
888,DAKCFMEO_00900,BJEIHDPM_04078,WP_011104020.1,DAKCFMEO_00900,WP_011104020.1,TRUE,p25_in_GeneB__dc_in_GeneA,OG0003201,TRUE,TRUE,TRUE
889,DAKCFMEO_00901,BJEIHDPM_04079,WP_011104022.1,DAKCFMEO_00901,WP_011104022.1,TRUE,p25_in_GeneB__dc_in_GeneA,OG0003202,TRUE,TRUE,TRUE
890,DAKCFMEO_00902,BJEIHDPM_04080,WP_011104023.1,DAKCFMEO_00902,WP_011104023.1,TRUE,p25_in_GeneB__dc_in_GeneA,OG0003203,TRUE,TRUE,TRUE
891,DAKCFMEO_00903,BJEIHDPM_04081,WP_005617534.1,DAKCFMEO_00903,WP_005617534.1,TRUE,p25_in_GeneB__dc_in_GeneA,OG0001185,TRUE,TRUE,TRUE
892,DAKCFMEO_00904,BJEIHDPM_04082,WP_011104024.1,DAKCFMEO_00904,WP_011104024.1,TRUE,p25_in_GeneB__dc_in_GeneA,OG0003204,TRUE,TRUE,TRUE
893,DAKCFMEO_00905,BJEIHDPM_04083,WP_011104025.1,DAKCFMEO_00905,WP_011104025.1,FALSE,,,TRUE,FALSE,FALSE
894,DAKCFMEO_00906,BJEIHDPM_04084,WP_005771267.1,DAKCFMEO_00906,WP_005771267.1,TRUE,p25_in_GeneB__dc_in_GeneA,OG0002422,TRUE,TRUE,TRUE
895,DAKCFMEO_00907,BJEIHDPM_04085,WP_011104026.1,DAKCFMEO_00907,WP_011104026.1,TRUE,p25_in_GeneB__dc_in_GeneA,OG0003205,TRUE,TRUE,TRUE
896,DAKCFMEO_00908,BJEIHDPM_04086,WP_005771273.1,DAKCFMEO_00908,WP_005771273.1,TRUE,p25_in_GeneB__dc_in_GeneA,OG0002423,TRUE,TRUE,TRUE
897,DAKCFMEO_00909,BJEIHDPM_04087,WP_005771275.1,DAKCFMEO_00909,WP_005771275.1,TRUE,p25_in_GeneB__dc_in_GeneA,OG0002424,TRUE,TRUE,TRUE
898,DAKCFMEO_00910,BJEIHDPM_04088,,DAKCFMEO_00910,NA,FALSE,,,FALSE,FALSE,FALSE
899,DAKCFMEO_00911,BJEIHDPM_04089,,DAKCFMEO_00911,NA,FALSE,,,FALSE,FALSE,FALSE
900,DAKCFMEO_00912,BJEIHDPM_04090,,DAKCFMEO_00912,NA,FALSE,,,FALSE,FALSE,FALSE
901,DAKCFMEO_00913,BJEIHDPM_04091,,DAKCFMEO_00913,NA,FALSE,,,FALSE,FALSE,FALSE
902,DAKCFMEO_00914,BJEIHDPM_04092,WP_007246699.1,DAKCFMEO_00914,WP_007246699.1,TRUE,p25_in_GeneB__dc_in_GeneA,OG0002678,TRUE,TRUE,TRUE
903,DAKCFMEO_00915,BJEIHDPM_04093,,DAKCFMEO_00915,NA,FALSE,,,FALSE,FALSE,FALSE
904,DAKCFMEO_00916,BJEIHDPM_04094,WP_011104027.1,DAKCFMEO_00916,WP_011104027.1,TRUE,p25_in_GeneB__dc_in_GeneA,OG0003206,TRUE,TRUE,TRUE
905,DAKCFMEO_00917,BJEIHDPM_04095,,DAKCFMEO_00917,NA,FALSE,,,FALSE,FALSE,FALSE
906,DAKCFMEO_00918,BJEIHDPM_04096,WP_007246697.1,DAKCFMEO_00918,WP_007246697.1,FALSE,,,TRUE,FALSE,FALSE
907,DAKCFMEO_00919,BJEIHDPM_04097,WP_011104028.1,DAKCFMEO_00919,WP_011104028.1,FALSE,,,TRUE,FALSE,FALSE
908,DAKCFMEO_00920,BJEIHDPM_04098,WP_011104465.1,DAKCFMEO_00920,WP_011104465.1,TRUE,p25_in_GeneB__dc_in_GeneA,OG0003374,TRUE,TRUE,TRUE
909,DAKCFMEO_00921,BJEIHDPM_04099,WP_011104464.1,DAKCFMEO_00921,WP_011104464.1,TRUE,p25_in_GeneB__dc_in_GeneA,OG0003373,TRUE,TRUE,TRUE
910,DAKCFMEO_00922,BJEIHDPM_04100,WP_005770825.1,DAKCFMEO_00922,WP_005770825.1,FALSE,,,TRUE,FALSE,FALSE
911,DAKCFMEO_00923,BJEIHDPM_04101,WP_011104461.1,DAKCFMEO_00923,WP_011104461.1,TRUE,p25_in_GeneB__dc_in_GeneA,OG0003372,TRUE,TRUE,TRUE
912,DAKCFMEO_00924,BJEIHDPM_04102,WP_005770829.1,DAKCFMEO_00924,WP_005770829.1,TRUE,p25_in_GeneB__dc_in_GeneA,OG0002380,TRUE,TRUE,TRUE
913,DAKCFMEO_00925,BJEIHDPM_04103,WP_032710978.1,DAKCFMEO_00925,WP_032710978.1,TRUE,p25_in_GeneB__dc_in_GeneA,OG0003897,TRUE,TRUE,TRUE
914,DAKCFMEO_00926,BJEIHDPM_04104,WP_010207498.1,DAKCFMEO_00926,WP_010207498.1,TRUE,p25_in_GeneB__dc_in_GeneA,OG0002744,TRUE,TRUE,TRUE
915,DAKCFMEO_00927,BJEIHDPM_04105,,DAKCFMEO_00927,NA,FALSE,,,FALSE,FALSE,FALSE
916,DAKCFMEO_00928,BJEIHDPM_04106,WP_005770837.1,DAKCFMEO_00928,WP_005770837.1,FALSE,,,TRUE,FALSE,FALSE
917,DAKCFMEO_00929,BJEIHDPM_04107,WP_005770839.1,DAKCFMEO_00929,WP_005770839.1,TRUE,p25_in_GeneB__dc_in_GeneA,OG0002381,TRUE,TRUE,TRUE
918,DAKCFMEO_00930,BJEIHDPM_04108,WP_011104460.1,DAKCFMEO_00930,WP_011104460.1,TRUE,p25_in_GeneB__dc_in_GeneA,OG0003371,TRUE,TRUE,TRUE
919,DAKCFMEO_00931,BJEIHDPM_04109,WP_011104459.1,DAKCFMEO_00931,WP_011104459.1,TRUE,p25_in_GeneB__dc_in_GeneA,OG0003370,TRUE,TRUE,TRUE
920,DAKCFMEO_00932,BJEIHDPM_04110,WP_007245922.1,DAKCFMEO_00932,WP_007245922.1,FALSE,,,TRUE,FALSE,FALSE
921,DAKCFMEO_00933,BJEIHDPM_04111,WP_010220797.1,DAKCFMEO_00933,WP_010220797.1,TRUE,p25_in_GeneB__dc_in_GeneA,OG0002763,TRUE,TRUE,TRUE
922,DAKCFMEO_00934,BJEIHDPM_04112,WP_011104458.1,DAKCFMEO_00934,WP_011104458.1,TRUE,p25_in_GeneB__dc_in_GeneA,OG0003369,TRUE,TRUE,TRUE
923,DAKCFMEO_00935,BJEIHDPM_04113,WP_010210634.1,DAKCFMEO_00935,WP_010210634.1,TRUE,p25_in_GeneB__dc_in_GeneA,OG0002754,TRUE,TRUE,TRUE
924,DAKCFMEO_00936,BJEIHDPM_04114,,DAKCFMEO_00936,NA,FALSE,,,FALSE,FALSE,FALSE
925,DAKCFMEO_00937,BJEIHDPM_04115,,DAKCFMEO_00937,NA,FALSE,,,FALSE,FALSE,FALSE
926,DAKCFMEO_00938,BJEIHDPM_04116,,DAKCFMEO_00938,NA,FALSE,,,FALSE,FALSE,FALSE
927,DAKCFMEO_00939,BJEIHDPM_04117,WP_011104457.1,DAKCFMEO_00939,WP_011104457.1,FALSE,,,TRUE,FALSE,FALSE
928,DAKCFMEO_00940,BJEIHDPM_04118,,DAKCFMEO_00940,NA,FALSE,,,FALSE,FALSE,FALSE
929,DAKCFMEO_00941,BJEIHDPM_04119,WP_005770857.1,DAKCFMEO_00941,WP_005770857.1,FALSE,,,TRUE,FALSE,FALSE
930,DAKCFMEO_00942,BJEIHDPM_04120,WP_011104456.1,DAKCFMEO_00942,WP_011104456.1,TRUE,p25_in_GeneB__dc_in_GeneA,OG0003368,TRUE,TRUE,TRUE
931,DAKCFMEO_00943,BJEIHDPM_04121,WP_011104455.1,DAKCFMEO_00943,WP_011104455.1,TRUE,p25_in_GeneB__dc_in_GeneA,OG0003367,TRUE,TRUE,TRUE
932,DAKCFMEO_00944,BJEIHDPM_04122,WP_011104454.1,DAKCFMEO_00944,WP_011104454.1,FALSE,,,TRUE,FALSE,FALSE
933,DAKCFMEO_00945,BJEIHDPM_04123,WP_011104453.1,DAKCFMEO_00945,WP_011104453.1,TRUE,p25_in_GeneB__dc_in_GeneA,OG0003366,TRUE,TRUE,TRUE
934,DAKCFMEO_00946,BJEIHDPM_04124,WP_007245914.1,DAKCFMEO_00946,WP_007245914.1,FALSE,,,TRUE,FALSE,FALSE
935,DAKCFMEO_00947,BJEIHDPM_04125,WP_005770871.1,DAKCFMEO_00947,WP_005770871.1,FALSE,,,TRUE,FALSE,FALSE
936,DAKCFMEO_00948,BJEIHDPM_04126,,DAKCFMEO_00948,NA,FALSE,,,FALSE,FALSE,FALSE
937,DAKCFMEO_00949,BJEIHDPM_04127,WP_046463903.1,DAKCFMEO_00949,WP_046463903.1,TRUE,p25_in_GeneB__dc_in_GeneA,OG0004032,TRUE,TRUE,TRUE
938,DAKCFMEO_00950,BJEIHDPM_04128,,DAKCFMEO_00950,NA,FALSE,,,FALSE,FALSE,FALSE
939,DAKCFMEO_00951,BJEIHDPM_04129,,DAKCFMEO_00951,NA,FALSE,,,FALSE,FALSE,FALSE
940,DAKCFMEO_00952,BJEIHDPM_04130,,DAKCFMEO_00952,NA,FALSE,,,FALSE,FALSE,FALSE
941,DAKCFMEO_00954,BJEIHDPM_04132,,DAKCFMEO_00954,NA,FALSE,,,FALSE,FALSE,FALSE
942,DAKCFMEO_00955,BJEIHDPM_04133,,DAKCFMEO_00955,NA,FALSE,,,FALSE,FALSE,FALSE
943,DAKCFMEO_00956,BJEIHDPM_04134,,DAKCFMEO_00956,NA,FALSE,,,FALSE,FALSE,FALSE
944,DAKCFMEO_00957,BJEIHDPM_04135,WP_005766318.1,DAKCFMEO_00957,WP_005766318.1,FALSE,,,TRUE,FALSE,FALSE
945,DAKCFMEO_00958,BJEIHDPM_04136,WP_007245868.1,DAKCFMEO_00958,WP_007245868.1,FALSE,,,TRUE,FALSE,FALSE
946,DAKCFMEO_00959,BJEIHDPM_04137,WP_046463317.1,DAKCFMEO_00959,WP_046463317.1,FALSE,,,TRUE,FALSE,FALSE
947,DAKCFMEO_00960,BJEIHDPM_04138,WP_010204398.1,DAKCFMEO_00960,WP_010204398.1,TRUE,p25_in_GeneB__dc_in_GeneA,OG0002733,TRUE,TRUE,TRUE
948,DAKCFMEO_00961,BJEIHDPM_04139,,DAKCFMEO_00961,NA,FALSE,,,FALSE,FALSE,FALSE
949,DAKCFMEO_00962,BJEIHDPM_04140,WP_046463316.1,DAKCFMEO_00962,WP_046463316.1,TRUE,p25_in_GeneB__dc_in_GeneA,OG0003940,TRUE,TRUE,TRUE
950,DAKCFMEO_00963,BJEIHDPM_04141,,DAKCFMEO_00963,NA,FALSE,,,FALSE,FALSE,FALSE
951,DAKCFMEO_00964,BJEIHDPM_04142,WP_011104448.1,DAKCFMEO_00964,WP_011104448.1,TRUE,p25_in_GeneB__dc_in_GeneA,OG0003364,TRUE,TRUE,TRUE
952,DAKCFMEO_00965,BJEIHDPM_04143,,DAKCFMEO_00965,NA,FALSE,,,FALSE,FALSE,FALSE
953,DAKCFMEO_00966,BJEIHDPM_04144,,DAKCFMEO_00966,NA,FALSE,,,FALSE,FALSE,FALSE
954,DAKCFMEO_00967,BJEIHDPM_04145,,DAKCFMEO_00967,NA,FALSE,,,FALSE,FALSE,FALSE
955,DAKCFMEO_00968,BJEIHDPM_04146,,DAKCFMEO_00968,NA,FALSE,,,FALSE,FALSE,FALSE
956,DAKCFMEO_00969,BJEIHDPM_04147,,DAKCFMEO_00969,NA,FALSE,,,FALSE,FALSE,FALSE
957,DAKCFMEO_00970,BJEIHDPM_04148,,DAKCFMEO_00970,NA,FALSE,,,FALSE,FALSE,FALSE
958,DAKCFMEO_00971,BJEIHDPM_04149,,DAKCFMEO_00971,NA,FALSE,,,FALSE,FALSE,FALSE
959,DAKCFMEO_00972,BJEIHDPM_04150,,DAKCFMEO_00972,NA,FALSE,,,FALSE,FALSE,FALSE
960,DAKCFMEO_00973,BJEIHDPM_04151,,DAKCFMEO_00973,NA,FALSE,,,FALSE,FALSE,FALSE
961,DAKCFMEO_00974,BJEIHDPM_04152,WP_011104447.1,DAKCFMEO_00974,WP_011104447.1,TRUE,p25_in_GeneB__dc_in_GeneA,OG0003363,TRUE,TRUE,TRUE
962,DAKCFMEO_00975,BJEIHDPM_04153,WP_011104446.1,DAKCFMEO_00975,WP_011104446.1,FALSE,,,TRUE,FALSE,FALSE
963,DAKCFMEO_00976,BJEIHDPM_04154,,DAKCFMEO_00976,NA,FALSE,,,FALSE,FALSE,FALSE
964,DAKCFMEO_00977,BJEIHDPM_00846,WP_080597953.1,DAKCFMEO_00977,WP_080597953.1,FALSE,,,TRUE,FALSE,FALSE
965,DAKCFMEO_00978,BJEIHDPM_04156,WP_011104442.1,DAKCFMEO_00978,WP_011104442.1,FALSE,,,TRUE,FALSE,FALSE
966,DAKCFMEO_00979,BJEIHDPM_04157,,DAKCFMEO_00979,NA,FALSE,,,FALSE,FALSE,FALSE
967,DAKCFMEO_00980,BJEIHDPM_04158,,DAKCFMEO_00980,NA,FALSE,,,FALSE,FALSE,FALSE
968,DAKCFMEO_00981,BJEIHDPM_04159,,DAKCFMEO_00981,NA,FALSE,,,FALSE,FALSE,FALSE
969,DAKCFMEO_00982,BJEIHDPM_04160,WP_011104446.1,DAKCFMEO_00982,WP_011104446.1,FALSE,,,TRUE,FALSE,FALSE
970,DAKCFMEO_00983,BJEIHDPM_04161,,DAKCFMEO_00983,NA,FALSE,,,FALSE,FALSE,FALSE
971,DAKCFMEO_00984,BJEIHDPM_04162,,DAKCFMEO_00984,NA,FALSE,,,FALSE,FALSE,FALSE
972,DAKCFMEO_00985,BJEIHDPM_04163,,DAKCFMEO_00985,NA,FALSE,,,FALSE,FALSE,FALSE
973,DAKCFMEO_00986,BJEIHDPM_04164,,DAKCFMEO_00986,NA,FALSE,,,FALSE,FALSE,FALSE
974,DAKCFMEO_00987,BJEIHDPM_04165,,DAKCFMEO_00987,NA,FALSE,,,FALSE,FALSE,FALSE
975,DAKCFMEO_00988,BJEIHDPM_04166,,DAKCFMEO_00988,NA,FALSE,,,FALSE,FALSE,FALSE
976,DAKCFMEO_00989,BJEIHDPM_04167,,DAKCFMEO_00989,NA,FALSE,,,FALSE,FALSE,FALSE
977,DAKCFMEO_00990,BJEIHDPM_04168,,DAKCFMEO_00990,NA,FALSE,,,FALSE,FALSE,FALSE
978,DAKCFMEO_00991,BJEIHDPM_04169,,DAKCFMEO_00991,NA,FALSE,,,FALSE,FALSE,FALSE
979,DAKCFMEO_00992,BJEIHDPM_04170,,DAKCFMEO_00992,NA,FALSE,,,FALSE,FALSE,FALSE
980,DAKCFMEO_00993,BJEIHDPM_04171,,DAKCFMEO_00993,NA,FALSE,,,FALSE,FALSE,FALSE
981,DAKCFMEO_00994,BJEIHDPM_04172,,DAKCFMEO_00994,NA,FALSE,,,FALSE,FALSE,FALSE
982,DAKCFMEO_00995,BJEIHDPM_04173,,DAKCFMEO_00995,NA,FALSE,,,FALSE,FALSE,FALSE
983,DAKCFMEO_00996,BJEIHDPM_04174,WP_011104427.1,DAKCFMEO_00996,WP_011104427.1,TRUE,p25_in_GeneB__dc_in_GeneA,OG0003361,TRUE,TRUE,TRUE
984,DAKCFMEO_00997,BJEIHDPM_04175,WP_011103775.1,DAKCFMEO_00997,WP_011103775.1,TRUE,p25_in_GeneB__dc_in_GeneA,OG0003107,TRUE,TRUE,TRUE
985,DAKCFMEO_00998,BJEIHDPM_04176,,DAKCFMEO_00998,NA,FALSE,,,FALSE,FALSE,FALSE
986,DAKCFMEO_00999,BJEIHDPM_04177,WP_007244847.1,DAKCFMEO_00999,WP_007244847.1,TRUE,p25_in_GeneB__dc_in_GeneA,OG0002548,TRUE,TRUE,TRUE
987,DAKCFMEO_01000,BJEIHDPM_04178,,DAKCFMEO_01000,NA,FALSE,,,FALSE,FALSE,FALSE
988,DAKCFMEO_01001,BJEIHDPM_04179,WP_007245876.1,DAKCFMEO_01001,WP_007245876.1,TRUE,p25_in_GeneB__dc_in_GeneA,OG0002614,TRUE,TRUE,TRUE
989,DAKCFMEO_01002,BJEIHDPM_04180,WP_011104419.1,DAKCFMEO_01002,WP_011104419.1,FALSE,,,TRUE,FALSE,FALSE
990,DAKCFMEO_01003,BJEIHDPM_04181,WP_011104418.1,DAKCFMEO_01003,WP_011104418.1,FALSE,,,TRUE,FALSE,FALSE
991,DAKCFMEO_01004,BJEIHDPM_04182,WP_011103987.1,DAKCFMEO_01004,WP_011103987.1,TRUE,p25_in_GeneB__dc_in_GeneA,OG0003191,TRUE,TRUE,TRUE
992,DAKCFMEO_01005,BJEIHDPM_04183,WP_005770293.1,DAKCFMEO_01005,WP_005770293.1,TRUE,p25_in_GeneB__dc_in_GeneA,OG0002307,TRUE,TRUE,TRUE
993,DAKCFMEO_01006,BJEIHDPM_04184,,DAKCFMEO_01006,NA,FALSE,,,FALSE,FALSE,FALSE
994,DAKCFMEO_01007,BJEIHDPM_04185,,DAKCFMEO_01007,NA,FALSE,,,FALSE,FALSE,FALSE
995,DAKCFMEO_01008,BJEIHDPM_04186,,DAKCFMEO_01008,NA,FALSE,,,FALSE,FALSE,FALSE
996,DAKCFMEO_01009,BJEIHDPM_04187,WP_011104417.1,DAKCFMEO_01009,WP_011104417.1,TRUE,p25_in_GeneB__dc_in_GeneA,OG0003355,TRUE,TRUE,TRUE
997,DAKCFMEO_01010,BJEIHDPM_04188,WP_005766332.1,DAKCFMEO_01010,WP_005766332.1,TRUE,p25_in_GeneB__dc_in_GeneA,OG0001820,TRUE,TRUE,TRUE
998,DAKCFMEO_01011,BJEIHDPM_04189,WP_005766330.1,DAKCFMEO_01011,WP_005766330.1,TRUE,p25_in_GeneB__dc_in_GeneA,OG0001819,TRUE,TRUE,TRUE
999,DAKCFMEO_01012,BJEIHDPM_04190,WP_005766329.1,DAKCFMEO_01012,WP_005766329.1,TRUE,p25_in_GeneB__dc_in_GeneA,OG0001818,TRUE,TRUE,TRUE
1000,DAKCFMEO_01013,BJEIHDPM_04191,WP_005766327.1,DAKCFMEO_01013,WP_005766327.1,TRUE,p25_in_GeneB__dc_in_GeneA,OG0001817,TRUE,TRUE,TRUE
1001,DAKCFMEO_01014,BJEIHDPM_04192,WP_007245872.1,DAKCFMEO_01014,WP_007245872.1,TRUE,p25_in_GeneB__dc_in_GeneA,OG0002613,TRUE,TRUE,TRUE
1002,DAKCFMEO_01015,BJEIHDPM_04193,WP_005766322.1,DAKCFMEO_01015,WP_005766322.1,TRUE,p25_in_GeneB__dc_in_GeneA,OG0001816,TRUE,TRUE,TRUE
1003,DAKCFMEO_01016,BJEIHDPM_04194,WP_005766320.1,DAKCFMEO_01016,WP_005766320.1,TRUE,p25_in_GeneB__dc_in_GeneA,OG0001815,TRUE,TRUE,TRUE
1004,DAKCFMEO_01017,BJEIHDPM_04195,WP_007245870.1,DAKCFMEO_01017,WP_007245870.1,TRUE,p25_in_GeneB__dc_in_GeneA,OG0002612,TRUE,TRUE,TRUE
1005,DAKCFMEO_01018,BJEIHDPM_04196,WP_003380539.1,DAKCFMEO_01018,WP_003380539.1,TRUE,p25_in_GeneB__dc_in_GeneA,OG0000951,TRUE,TRUE,TRUE
1006,DAKCFMEO_01019,BJEIHDPM_04197,WP_005766304.1,DAKCFMEO_01019,WP_005766304.1,TRUE,p25_in_GeneB__dc_in_GeneA,OG0001813,TRUE,TRUE,TRUE
1007,DAKCFMEO_01020,BJEIHDPM_04198,WP_011104413.1,DAKCFMEO_01020,WP_011104413.1,TRUE,p25_in_GeneB__dc_in_GeneA,OG0003354,TRUE,TRUE,TRUE
1008,DAKCFMEO_01021,BJEIHDPM_04199,WP_011104412.1,DAKCFMEO_01021,WP_011104412.1,TRUE,p25_in_GeneB__dc_in_GeneA,OG0003353,TRUE,TRUE,TRUE
1009,DAKCFMEO_01022,BJEIHDPM_04200,,DAKCFMEO_01022,NA,FALSE,,,FALSE,FALSE,FALSE
1010,DAKCFMEO_01023,BJEIHDPM_04201,WP_005766298.1,DAKCFMEO_01023,WP_005766298.1,TRUE,p25_in_GeneB__dc_in_GeneA,OG0001812,TRUE,TRUE,TRUE
1011,DAKCFMEO_01024,BJEIHDPM_04202,WP_046463315.1,DAKCFMEO_01024,WP_046463315.1,TRUE,p25_in_GeneB__dc_in_GeneA,OG0003939,TRUE,TRUE,TRUE
1012,DAKCFMEO_01025,BJEIHDPM_04203,WP_005766294.1,DAKCFMEO_01025,WP_005766294.1,TRUE,p25_in_GeneB__dc_in_GeneA,OG0001811,TRUE,TRUE,TRUE
1013,DAKCFMEO_01026,BJEIHDPM_04204,WP_011104410.1,DAKCFMEO_01026,WP_011104410.1,TRUE,p25_in_GeneB__dc_in_GeneA,OG0003352,TRUE,TRUE,TRUE
1014,DAKCFMEO_01027,BJEIHDPM_04205,,DAKCFMEO_01027,NA,FALSE,,,FALSE,FALSE,FALSE
1015,DAKCFMEO_01028,BJEIHDPM_04206,WP_046463314.1,DAKCFMEO_01028,WP_046463314.1,TRUE,p25_in_GeneB__dc_in_GeneA,OG0003938,TRUE,TRUE,TRUE
1016,DAKCFMEO_01029,BJEIHDPM_04207,WP_024666650.1,DAKCFMEO_01029,WP_024666650.1,TRUE,p25_in_GeneB__dc_in_GeneA,OG0003865,TRUE,TRUE,TRUE
1017,DAKCFMEO_01030,BJEIHDPM_04208,WP_003380560.1,DAKCFMEO_01030,WP_003380560.1,FALSE,,,TRUE,FALSE,FALSE
1018,DAKCFMEO_01031,BJEIHDPM_04209,WP_011104408.1,DAKCFMEO_01031,WP_011104408.1,TRUE,p25_in_GeneB__dc_in_GeneA,OG0003351,TRUE,TRUE,TRUE
1019,DAKCFMEO_01032,BJEIHDPM_04210,WP_046463299.1,DAKCFMEO_01032,WP_046463299.1,FALSE,,,TRUE,FALSE,FALSE
1020,DAKCFMEO_01033,BJEIHDPM_04211,WP_005617775.1,DAKCFMEO_01033,WP_005617775.1,FALSE,,,TRUE,FALSE,FALSE
1021,DAKCFMEO_01034,BJEIHDPM_04212,WP_011104111.1,DAKCFMEO_01034,WP_011104111.1,TRUE,p25_in_GeneB__dc_in_GeneA,OG0003245,TRUE,TRUE,TRUE
1022,DAKCFMEO_01035,BJEIHDPM_04213,WP_005762784.1,DAKCFMEO_01035,WP_005762784.1,TRUE,p25_in_GeneB__dc_in_GeneA,OG0001356,TRUE,TRUE,TRUE
1023,DAKCFMEO_01036,BJEIHDPM_04214,WP_005762782.1,DAKCFMEO_01036,WP_005762782.1,TRUE,p25_in_GeneB__dc_in_GeneA,OG0001355,TRUE,TRUE,TRUE
1024,DAKCFMEO_01037,BJEIHDPM_04215,,DAKCFMEO_01037,NA,FALSE,,,FALSE,FALSE,FALSE
1025,DAKCFMEO_01038,BJEIHDPM_04216,WP_011104112.1,DAKCFMEO_01038,WP_011104112.1,TRUE,p25_in_GeneB__dc_in_GeneA,OG0003246,TRUE,TRUE,TRUE
1026,DAKCFMEO_01039,BJEIHDPM_04217,WP_011105579.1,DAKCFMEO_01039,WP_011105579.1,FALSE,,,TRUE,FALSE,FALSE
1027,DAKCFMEO_01040,BJEIHDPM_04218,WP_011104113.1,DAKCFMEO_01040,WP_011104113.1,TRUE,p25_in_GeneB__dc_in_GeneA,OG0003247,TRUE,TRUE,TRUE
1028,DAKCFMEO_01041,BJEIHDPM_04219,WP_005762776.1,DAKCFMEO_01041,WP_005762776.1,TRUE,p25_in_GeneB__dc_in_GeneA,OG0001354,TRUE,TRUE,TRUE
1029,DAKCFMEO_01042,BJEIHDPM_04220,WP_011104114.1,DAKCFMEO_01042,WP_011104114.1,TRUE,p25_in_GeneB__dc_in_GeneA,OG0003248,TRUE,TRUE,TRUE
1030,DAKCFMEO_01043,BJEIHDPM_04221,,DAKCFMEO_01043,NA,FALSE,,,FALSE,FALSE,FALSE
1031,DAKCFMEO_01044,BJEIHDPM_04222,WP_011104120.1,DAKCFMEO_01044,WP_011104120.1,TRUE,p25_in_GeneB__dc_in_GeneA,OG0003249,TRUE,TRUE,TRUE
1032,DAKCFMEO_01045,BJEIHDPM_04223,WP_003376994.1,DAKCFMEO_01045,WP_003376994.1,TRUE,p25_in_GeneB__dc_in_GeneA,OG0000799,TRUE,TRUE,TRUE
1033,DAKCFMEO_01046,BJEIHDPM_04224,WP_011104121.1,DAKCFMEO_01046,WP_011104121.1,TRUE,p25_in_GeneB__dc_in_GeneA,OG0003250,TRUE,TRUE,TRUE
1034,DAKCFMEO_01047,BJEIHDPM_04225,,DAKCFMEO_01047,NA,FALSE,,,FALSE,FALSE,FALSE
1035,DAKCFMEO_01048,BJEIHDPM_04226,WP_007245976.1,DAKCFMEO_01048,WP_007245976.1,TRUE,p25_in_GeneB__dc_in_GeneA,OG0002618,TRUE,TRUE,TRUE
1036,DAKCFMEO_01049,BJEIHDPM_04227,,DAKCFMEO_01049,NA,FALSE,,,FALSE,FALSE,FALSE
1037,DAKCFMEO_01050,BJEIHDPM_04228,WP_011104122.1,DAKCFMEO_01050,WP_011104122.1,TRUE,p25_in_GeneB__dc_in_GeneA,OG0003251,TRUE,TRUE,TRUE
1038,DAKCFMEO_01051,BJEIHDPM_04229,WP_007245978.1,DAKCFMEO_01051,WP_007245978.1,TRUE,p25_in_GeneB__dc_in_GeneA,OG0002619,TRUE,TRUE,TRUE
1039,DAKCFMEO_01052,BJEIHDPM_04230,WP_011104123.1,DAKCFMEO_01052,WP_011104123.1,TRUE,p25_in_GeneB__dc_in_GeneA,OG0003252,TRUE,TRUE,TRUE
1040,DAKCFMEO_01053,BJEIHDPM_04231,WP_003377005.1,DAKCFMEO_01053,WP_003377005.1,TRUE,p25_in_GeneB__dc_in_GeneA,OG0000800,TRUE,TRUE,TRUE
1041,DAKCFMEO_01054,BJEIHDPM_04232,,DAKCFMEO_01054,NA,FALSE,,,FALSE,FALSE,FALSE
1042,DAKCFMEO_01055,BJEIHDPM_04233,,DAKCFMEO_01055,NA,FALSE,,,FALSE,FALSE,FALSE
1043,DAKCFMEO_01056,BJEIHDPM_04234,,DAKCFMEO_01056,NA,FALSE,,,FALSE,FALSE,FALSE
1044,DAKCFMEO_01057,BJEIHDPM_04235,,DAKCFMEO_01057,NA,FALSE,,,FALSE,FALSE,FALSE
1045,DAKCFMEO_01058,BJEIHDPM_04236,,DAKCFMEO_01058,NA,FALSE,,,FALSE,FALSE,FALSE
1046,DAKCFMEO_01059,BJEIHDPM_04237,,DAKCFMEO_01059,NA,FALSE,,,FALSE,FALSE,FALSE
1047,DAKCFMEO_01060,BJEIHDPM_04238,WP_046463494.1,DAKCFMEO_01060,WP_046463494.1,FALSE,,,TRUE,FALSE,FALSE
1048,DAKCFMEO_01061,BJEIHDPM_04239,,DAKCFMEO_01061,NA,FALSE,,,FALSE,FALSE,FALSE
1049,DAKCFMEO_01062,BJEIHDPM_04240,,DAKCFMEO_01062,NA,FALSE,,,FALSE,FALSE,FALSE
1050,DAKCFMEO_01063,BJEIHDPM_04241,,DAKCFMEO_01063,NA,FALSE,,,FALSE,FALSE,FALSE
1051,DAKCFMEO_01064,BJEIHDPM_04242,,DAKCFMEO_01064,NA,FALSE,,,FALSE,FALSE,FALSE
1052,DAKCFMEO_01065,BJEIHDPM_04243,WP_005770888.1,DAKCFMEO_01065,WP_005770888.1,TRUE,p25_in_GeneB__dc_in_GeneA,OG0002383,TRUE,TRUE,TRUE
1053,DAKCFMEO_01066,BJEIHDPM_04244,WP_005770885.1,DAKCFMEO_01066,WP_005770885.1,TRUE,p25_in_GeneB__dc_in_GeneA,OG0002382,TRUE,TRUE,TRUE
1054,DAKCFMEO_01067,BJEIHDPM_04245,,DAKCFMEO_01067,NA,FALSE,,,FALSE,FALSE,FALSE
1055,DAKCFMEO_01068,BJEIHDPM_04246,,DAKCFMEO_01068,NA,FALSE,,,FALSE,FALSE,FALSE
1056,DAKCFMEO_01069,BJEIHDPM_04247,,DAKCFMEO_01069,NA,FALSE,,,FALSE,FALSE,FALSE
1057,DAKCFMEO_01070,BJEIHDPM_04248,,DAKCFMEO_01070,NA,FALSE,,,FALSE,FALSE,FALSE
1058,DAKCFMEO_01071,BJEIHDPM_04249,,DAKCFMEO_01071,NA,FALSE,,,FALSE,FALSE,FALSE
1059,DAKCFMEO_01072,BJEIHDPM_04250,,DAKCFMEO_01072,NA,FALSE,,,FALSE,FALSE,FALSE
1060,DAKCFMEO_01073,BJEIHDPM_04251,,DAKCFMEO_01073,NA,FALSE,,,FALSE,FALSE,FALSE
1061,DAKCFMEO_01074,BJEIHDPM_04252,,DAKCFMEO_01074,NA,FALSE,,,FALSE,FALSE,FALSE
1062,DAKCFMEO_01075,BJEIHDPM_04253,,DAKCFMEO_01075,NA,FALSE,,,FALSE,FALSE,FALSE
1063,DAKCFMEO_01076,BJEIHDPM_04254,,DAKCFMEO_01076,NA,FALSE,,,FALSE,FALSE,FALSE
1064,DAKCFMEO_01077,BJEIHDPM_04255,,DAKCFMEO_01077,NA,FALSE,,,FALSE,FALSE,FALSE
1065,DAKCFMEO_01078,BJEIHDPM_04256,,DAKCFMEO_01078,NA,FALSE,,,FALSE,FALSE,FALSE
1066,DAKCFMEO_01079,BJEIHDPM_04257,,DAKCFMEO_01079,NA,FALSE,,,FALSE,FALSE,FALSE
1067,DAKCFMEO_01080,BJEIHDPM_04258,,DAKCFMEO_01080,NA,FALSE,,,FALSE,FALSE,FALSE
1068,DAKCFMEO_01081,BJEIHDPM_04259,,DAKCFMEO_01081,NA,FALSE,,,FALSE,FALSE,FALSE
1069,DAKCFMEO_01082,BJEIHDPM_04260,,DAKCFMEO_01082,NA,FALSE,,,FALSE,FALSE,FALSE
1070,DAKCFMEO_01083,BJEIHDPM_04261,,DAKCFMEO_01083,NA,FALSE,,,FALSE,FALSE,FALSE
1071,DAKCFMEO_01084,BJEIHDPM_04262,,DAKCFMEO_01084,NA,FALSE,,,FALSE,FALSE,FALSE
1072,DAKCFMEO_01085,BJEIHDPM_04263,,DAKCFMEO_01085,NA,FALSE,,,FALSE,FALSE,FALSE
1073,DAKCFMEO_01086,BJEIHDPM_04264,,DAKCFMEO_01086,NA,FALSE,,,FALSE,FALSE,FALSE
1074,DAKCFMEO_01087,BJEIHDPM_04265,,DAKCFMEO_01087,NA,FALSE,,,FALSE,FALSE,FALSE
1075,DAKCFMEO_01088,BJEIHDPM_04266,,DAKCFMEO_01088,NA,FALSE,,,FALSE,FALSE,FALSE
1076,DAKCFMEO_01089,BJEIHDPM_04267,,DAKCFMEO_01089,NA,FALSE,,,FALSE,FALSE,FALSE
1077,DAKCFMEO_01090,BJEIHDPM_04268,,DAKCFMEO_01090,NA,FALSE,,,FALSE,FALSE,FALSE
1078,DAKCFMEO_01091,BJEIHDPM_04269,WP_005762712.1,DAKCFMEO_01091,WP_005762712.1,FALSE,,,TRUE,FALSE,FALSE
1079,DAKCFMEO_01092,BJEIHDPM_04270,WP_005762709.1,DAKCFMEO_01092,WP_005762709.1,FALSE,,,TRUE,FALSE,FALSE
1080,DAKCFMEO_01093,BJEIHDPM_04271,WP_007245994.1,DAKCFMEO_01093,WP_007245994.1,FALSE,,,TRUE,FALSE,FALSE
1081,DAKCFMEO_01094,BJEIHDPM_04272,WP_007245995.1,DAKCFMEO_01094,WP_007245995.1,FALSE,,,TRUE,FALSE,FALSE
1082,DAKCFMEO_01095,BJEIHDPM_04273,WP_005762703.1,DAKCFMEO_01095,WP_005762703.1,TRUE,p25_in_GeneB__dc_in_GeneA,OG0001353,TRUE,TRUE,TRUE
1083,DAKCFMEO_01096,BJEIHDPM_04274,WP_005762701.1,DAKCFMEO_01096,WP_005762701.1,TRUE,p25_in_GeneB__dc_in_GeneA,OG0001352,TRUE,TRUE,TRUE
1084,DAKCFMEO_01097,BJEIHDPM_04275,,DAKCFMEO_01097,NA,FALSE,,,FALSE,FALSE,FALSE
1085,DAKCFMEO_01098,BJEIHDPM_04276,WP_005762699.1,DAKCFMEO_01098,WP_005762699.1,TRUE,p25_in_GeneB__dc_in_GeneA,OG0001351,TRUE,TRUE,TRUE
1086,DAKCFMEO_01099,BJEIHDPM_04277,WP_005762697.1,DAKCFMEO_01099,WP_005762697.1,TRUE,p25_in_GeneB__dc_in_GeneA,OG0001350,TRUE,TRUE,TRUE
1087,DAKCFMEO_01100,BJEIHDPM_04278,WP_011104133.1,DAKCFMEO_01100,WP_011104133.1,FALSE,,,TRUE,FALSE,FALSE
1088,DAKCFMEO_01101,BJEIHDPM_04279,WP_007246000.1,DAKCFMEO_01101,WP_007246000.1,TRUE,p25_in_GeneB__dc_in_GeneA,OG0002620,TRUE,TRUE,TRUE
1089,DAKCFMEO_01102,BJEIHDPM_04280,WP_005762690.1,DAKCFMEO_01102,WP_005762690.1,TRUE,p25_in_GeneB__dc_in_GeneA,OG0001349,TRUE,TRUE,TRUE
1090,DAKCFMEO_01103,BJEIHDPM_04281,WP_011104134.1,DAKCFMEO_01103,WP_011104134.1,TRUE,p25_in_GeneB__dc_in_GeneA,OG0003254,TRUE,TRUE,TRUE
1091,DAKCFMEO_01104,BJEIHDPM_04282,WP_010219162.1,DAKCFMEO_01104,WP_010219162.1,TRUE,p25_in_GeneB__dc_in_GeneA,OG0002761,TRUE,TRUE,TRUE
1092,DAKCFMEO_01105,BJEIHDPM_04283,WP_005762684.1,DAKCFMEO_01105,WP_005762684.1,TRUE,p25_in_GeneB__dc_in_GeneA,OG0001348,TRUE,TRUE,TRUE
1093,DAKCFMEO_01106,BJEIHDPM_04284,WP_011104135.1,DAKCFMEO_01106,WP_011104135.1,FALSE,,,TRUE,FALSE,FALSE
1094,DAKCFMEO_01107,BJEIHDPM_04285,WP_005762682.1,DAKCFMEO_01107,WP_005762682.1,FALSE,,,TRUE,FALSE,FALSE
1095,DAKCFMEO_01108,BJEIHDPM_04286,WP_005762801.1,DAKCFMEO_01108,WP_005762801.1,TRUE,p25_in_GeneB__dc_in_GeneA,OG0001358,TRUE,TRUE,TRUE
1096,DAKCFMEO_01109,BJEIHDPM_04287,WP_005762680.1,DAKCFMEO_01109,WP_005762680.1,TRUE,p25_in_GeneB__dc_in_GeneA,OG0001347,TRUE,TRUE,TRUE
1097,DAKCFMEO_01110,BJEIHDPM_04288,WP_011104136.1,DAKCFMEO_01110,WP_011104136.1,TRUE,p25_in_GeneB__dc_in_GeneA,OG0003255,TRUE,TRUE,TRUE
1098,DAKCFMEO_01111,BJEIHDPM_04289,WP_003382778.1,DAKCFMEO_01111,WP_003382778.1,FALSE,,,TRUE,FALSE,FALSE
1099,DAKCFMEO_01112,BJEIHDPM_04290,WP_011104137.1,DAKCFMEO_01112,WP_011104137.1,TRUE,p25_in_GeneB__dc_in_GeneA,OG0003256,TRUE,TRUE,TRUE
1100,DAKCFMEO_01113,BJEIHDPM_04291,WP_007246008.1,DAKCFMEO_01113,WP_007246008.1,TRUE,p25_in_GeneB__dc_in_GeneA,OG0002621,TRUE,TRUE,TRUE
1101,DAKCFMEO_01114,BJEIHDPM_04292,WP_005762667.1,DAKCFMEO_01114,WP_005762667.1,TRUE,p25_in_GeneB__dc_in_GeneA,OG0001346,TRUE,TRUE,TRUE
1102,DAKCFMEO_01115,BJEIHDPM_04293,WP_011104138.1,DAKCFMEO_01115,WP_011104138.1,FALSE,,,TRUE,FALSE,FALSE
1103,DAKCFMEO_01116,BJEIHDPM_04294,WP_007246009.1,DAKCFMEO_01116,WP_007246009.1,TRUE,p25_in_GeneB__dc_in_GeneA,OG0002622,TRUE,TRUE,TRUE
1104,DAKCFMEO_01117,BJEIHDPM_04295,,DAKCFMEO_01117,NA,FALSE,,,FALSE,FALSE,FALSE
1105,DAKCFMEO_01118,BJEIHDPM_04296,WP_011104140.1,DAKCFMEO_01118,WP_011104140.1,TRUE,p25_in_GeneB__dc_in_GeneA,OG0003257,TRUE,TRUE,TRUE
1106,DAKCFMEO_01119,BJEIHDPM_04297,WP_007246012.1,DAKCFMEO_01119,WP_007246012.1,TRUE,p25_in_GeneB__dc_in_GeneA,OG0002623,TRUE,TRUE,TRUE
1107,DAKCFMEO_01120,BJEIHDPM_04298,WP_007246013.1,DAKCFMEO_01120,WP_007246013.1,TRUE,p25_in_GeneB__dc_in_GeneA,OG0002624,TRUE,TRUE,TRUE
1108,DAKCFMEO_01121,BJEIHDPM_04299,WP_005737770.1,DAKCFMEO_01121,WP_005737770.1,TRUE,p25_in_GeneB__dc_in_GeneA,OG0001264,TRUE,TRUE,TRUE
1109,DAKCFMEO_01123,BJEIHDPM_04301,,DAKCFMEO_01123,NA,FALSE,,,FALSE,FALSE,FALSE
1110,DAKCFMEO_01124,BJEIHDPM_04302,WP_005762646.1,DAKCFMEO_01124,WP_005762646.1,TRUE,p25_in_GeneB__dc_in_GeneA,OG0001345,TRUE,TRUE,TRUE
1111,DAKCFMEO_01125,BJEIHDPM_04303,WP_005762644.1,DAKCFMEO_01125,WP_005762644.1,TRUE,p25_in_GeneB__dc_in_GeneA,OG0001344,TRUE,TRUE,TRUE
1112,DAKCFMEO_01126,BJEIHDPM_04304,WP_011104143.1,DAKCFMEO_01126,WP_011104143.1,FALSE,,,TRUE,FALSE,FALSE
1113,DAKCFMEO_01127,BJEIHDPM_04305,WP_011104144.1,DAKCFMEO_01127,WP_011104144.1,TRUE,p25_in_GeneB__dc_in_GeneA,OG0003258,TRUE,TRUE,TRUE
1114,DAKCFMEO_01128,BJEIHDPM_04306,WP_011104145.1,DAKCFMEO_01128,WP_011104145.1,TRUE,p25_in_GeneB__dc_in_GeneA,OG0003259,TRUE,TRUE,TRUE
1115,DAKCFMEO_01129,BJEIHDPM_04307,WP_011104146.1,DAKCFMEO_01129,WP_011104146.1,FALSE,,,TRUE,FALSE,FALSE
1116,DAKCFMEO_01130,BJEIHDPM_04308,WP_011104147.1,DAKCFMEO_01130,WP_011104147.1,TRUE,p25_in_GeneB__dc_in_GeneA,OG0003260,TRUE,TRUE,TRUE
1117,DAKCFMEO_01131,BJEIHDPM_04309,WP_011104148.1,DAKCFMEO_01131,WP_011104148.1,TRUE,p25_in_GeneB__dc_in_GeneA,OG0003261,TRUE,TRUE,TRUE
1118,DAKCFMEO_01132,BJEIHDPM_04310,WP_007246020.1,DAKCFMEO_01132,WP_007246020.1,FALSE,,,TRUE,FALSE,FALSE
1119,DAKCFMEO_01134,BJEIHDPM_04312,,DAKCFMEO_01134,NA,FALSE,,,FALSE,FALSE,FALSE
1120,DAKCFMEO_01135,BJEIHDPM_04313,,DAKCFMEO_01135,NA,FALSE,,,FALSE,FALSE,FALSE
1121,DAKCFMEO_01136,BJEIHDPM_04314,,DAKCFMEO_01136,NA,FALSE,,,FALSE,FALSE,FALSE
1122,DAKCFMEO_01137,BJEIHDPM_04315,,DAKCFMEO_01137,NA,FALSE,,,FALSE,FALSE,FALSE
1123,DAKCFMEO_01138,BJEIHDPM_04316,,DAKCFMEO_01138,NA,FALSE,,,FALSE,FALSE,FALSE
1124,DAKCFMEO_01139,BJEIHDPM_04317,,DAKCFMEO_01139,NA,FALSE,,,FALSE,FALSE,FALSE
1125,DAKCFMEO_01140,BJEIHDPM_04318,,DAKCFMEO_01140,NA,FALSE,,,FALSE,FALSE,FALSE
1126,DAKCFMEO_01141,BJEIHDPM_04319,,DAKCFMEO_01141,NA,FALSE,,,FALSE,FALSE,FALSE
1127,DAKCFMEO_01142,BJEIHDPM_04320,,DAKCFMEO_01142,NA,FALSE,,,FALSE,FALSE,FALSE
1128,DAKCFMEO_01143,BJEIHDPM_04321,,DAKCFMEO_01143,NA,FALSE,,,FALSE,FALSE,FALSE
1129,DAKCFMEO_01144,BJEIHDPM_04322,,DAKCFMEO_01144,NA,FALSE,,,FALSE,FALSE,FALSE
1130,DAKCFMEO_01145,BJEIHDPM_04323,,DAKCFMEO_01145,NA,FALSE,,,FALSE,FALSE,FALSE
1131,DAKCFMEO_01146,BJEIHDPM_04324,,DAKCFMEO_01146,NA,FALSE,,,FALSE,FALSE,FALSE
1132,DAKCFMEO_01147,BJEIHDPM_04325,,DAKCFMEO_01147,NA,FALSE,,,FALSE,FALSE,FALSE
1133,DAKCFMEO_01148,BJEIHDPM_04326,,DAKCFMEO_01148,NA,FALSE,,,FALSE,FALSE,FALSE
1134,DAKCFMEO_01149,BJEIHDPM_04327,,DAKCFMEO_01149,NA,FALSE,,,FALSE,FALSE,FALSE
1135,DAKCFMEO_01150,BJEIHDPM_04328,,DAKCFMEO_01150,NA,FALSE,,,FALSE,FALSE,FALSE
1136,DAKCFMEO_01151,BJEIHDPM_04329,,DAKCFMEO_01151,NA,FALSE,,,FALSE,FALSE,FALSE
1137,DAKCFMEO_01152,BJEIHDPM_04330,,DAKCFMEO_01152,NA,FALSE,,,FALSE,FALSE,FALSE
1138,DAKCFMEO_01153,BJEIHDPM_04331,,DAKCFMEO_01153,NA,FALSE,,,FALSE,FALSE,FALSE
1139,DAKCFMEO_01154,BJEIHDPM_04332,,DAKCFMEO_01154,NA,FALSE,,,FALSE,FALSE,FALSE
1140,DAKCFMEO_01155,BJEIHDPM_04333,,DAKCFMEO_01155,NA,FALSE,,,FALSE,FALSE,FALSE
1141,DAKCFMEO_01156,BJEIHDPM_04334,,DAKCFMEO_01156,NA,FALSE,,,FALSE,FALSE,FALSE
1142,DAKCFMEO_01157,BJEIHDPM_04335,,DAKCFMEO_01157,NA,FALSE,,,FALSE,FALSE,FALSE
1143,DAKCFMEO_01159,BJEIHDPM_04337,WP_005762628.1,DAKCFMEO_01159,WP_005762628.1,FALSE,,,TRUE,FALSE,FALSE
1144,DAKCFMEO_01160,BJEIHDPM_04338,,DAKCFMEO_01160,NA,FALSE,,,FALSE,FALSE,FALSE
1145,DAKCFMEO_01161,BJEIHDPM_04339,WP_005762626.1,DAKCFMEO_01161,WP_005762626.1,FALSE,,,TRUE,FALSE,FALSE
1146,DAKCFMEO_01162,BJEIHDPM_04340,WP_046463498.1,DAKCFMEO_01162,WP_046463498.1,TRUE,p25_in_GeneB__dc_in_GeneA,OG0003981,TRUE,TRUE,TRUE
1147,DAKCFMEO_01163,BJEIHDPM_04341,WP_005762621.1,DAKCFMEO_01163,WP_005762621.1,TRUE,p25_in_GeneB__dc_in_GeneA,OG0001342,TRUE,TRUE,TRUE
1148,DAKCFMEO_01164,BJEIHDPM_04342,WP_005762619.1,DAKCFMEO_01164,WP_005762619.1,TRUE,p25_in_GeneB__dc_in_GeneA,OG0001341,TRUE,TRUE,TRUE
1149,DAKCFMEO_01165,BJEIHDPM_04343,WP_005762617.1,DAKCFMEO_01165,WP_005762617.1,TRUE,p25_in_GeneB__dc_in_GeneA,OG0001340,TRUE,TRUE,TRUE
1150,DAKCFMEO_01166,BJEIHDPM_04344,WP_005762615.1,DAKCFMEO_01166,WP_005762615.1,TRUE,p25_in_GeneB__dc_in_GeneA,OG0001339,TRUE,TRUE,TRUE
1151,DAKCFMEO_01167,BJEIHDPM_04345,,DAKCFMEO_01167,NA,FALSE,,,FALSE,FALSE,FALSE
1152,DAKCFMEO_01168,BJEIHDPM_04346,WP_003382858.1,DAKCFMEO_01168,WP_003382858.1,FALSE,,,TRUE,FALSE,FALSE
1153,DAKCFMEO_01169,BJEIHDPM_04347,WP_011104151.1,DAKCFMEO_01169,WP_011104151.1,FALSE,,,TRUE,FALSE,FALSE
1154,DAKCFMEO_01170,BJEIHDPM_04348,WP_003382856.1,DAKCFMEO_01170,WP_003382856.1,FALSE,,,TRUE,FALSE,FALSE
1155,DAKCFMEO_01171,BJEIHDPM_04349,WP_005762608.1,DAKCFMEO_01171,WP_005762608.1,TRUE,p25_in_GeneB__dc_in_GeneA,OG0001338,TRUE,TRUE,TRUE
1156,DAKCFMEO_01172,BJEIHDPM_04350,WP_005762606.1,DAKCFMEO_01172,WP_005762606.1,TRUE,p25_in_GeneB__dc_in_GeneA,OG0001337,TRUE,TRUE,TRUE
1157,DAKCFMEO_01173,BJEIHDPM_04351,,DAKCFMEO_01173,NA,FALSE,,,FALSE,FALSE,FALSE
1158,DAKCFMEO_01174,BJEIHDPM_04352,,DAKCFMEO_01174,NA,FALSE,,,FALSE,FALSE,FALSE
1159,DAKCFMEO_01175,BJEIHDPM_04353,,DAKCFMEO_01175,NA,FALSE,,,FALSE,FALSE,FALSE
1160,DAKCFMEO_01176,BJEIHDPM_04354,WP_005762604.1,DAKCFMEO_01176,WP_005762604.1,TRUE,p25_in_GeneB__dc_in_GeneA,OG0001336,TRUE,TRUE,TRUE
1161,DAKCFMEO_01177,BJEIHDPM_04355,WP_005762602.1,DAKCFMEO_01177,WP_005762602.1,TRUE,p25_in_GeneB__dc_in_GeneA,OG0001335,TRUE,TRUE,TRUE
1162,DAKCFMEO_01178,BJEIHDPM_04356,WP_011104152.1,DAKCFMEO_01178,WP_011104152.1,TRUE,p25_in_GeneB__dc_in_GeneA,OG0003262,TRUE,TRUE,TRUE
1163,DAKCFMEO_01179,BJEIHDPM_04357,WP_046463499.1,DAKCFMEO_01179,WP_046463499.1,TRUE,p25_in_GeneB__dc_in_GeneA,OG0003982,TRUE,TRUE,TRUE
1164,DAKCFMEO_01180,BJEIHDPM_04358,WP_011104154.1,DAKCFMEO_01180,WP_011104154.1,TRUE,p25_in_GeneB__dc_in_GeneA,OG0003263,TRUE,TRUE,TRUE
1165,DAKCFMEO_01181,BJEIHDPM_04359,WP_011104155.1,DAKCFMEO_01181,WP_011104155.1,TRUE,p25_in_GeneB__dc_in_GeneA,OG0003264,TRUE,TRUE,TRUE
1166,DAKCFMEO_01182,BJEIHDPM_04360,WP_003382842.1,DAKCFMEO_01182,WP_003382842.1,TRUE,p25_in_GeneB__dc_in_GeneA,OG0001037,TRUE,TRUE,TRUE
1167,DAKCFMEO_01183,BJEIHDPM_04361,WP_011104156.1,DAKCFMEO_01183,WP_011104156.1,TRUE,p25_in_GeneB__dc_in_GeneA,OG0003265,TRUE,TRUE,TRUE
1168,DAKCFMEO_01184,BJEIHDPM_04362,WP_007244012.1,DAKCFMEO_01184,WP_007244012.1,TRUE,p25_in_GeneB__dc_in_GeneA,OG0002483,TRUE,TRUE,TRUE
1169,DAKCFMEO_01185,BJEIHDPM_04363,WP_011104157.1,DAKCFMEO_01185,WP_011104157.1,TRUE,p25_in_GeneB__dc_in_GeneA,OG0003266,TRUE,TRUE,TRUE
1170,DAKCFMEO_01186,BJEIHDPM_04364,WP_005762586.1,DAKCFMEO_01186,WP_005762586.1,TRUE,p25_in_GeneB__dc_in_GeneA,OG0001334,TRUE,TRUE,TRUE
1171,DAKCFMEO_01187,BJEIHDPM_04365,WP_005737718.1,DAKCFMEO_01187,WP_005737718.1,TRUE,p25_in_GeneB__dc_in_GeneA,OG0001263,TRUE,TRUE,TRUE
1172,DAKCFMEO_01188,BJEIHDPM_04366,WP_011104158.1,DAKCFMEO_01188,WP_011104158.1,FALSE,,,TRUE,FALSE,FALSE
1173,DAKCFMEO_01189,BJEIHDPM_04367,WP_005762581.1,DAKCFMEO_01189,WP_005762581.1,FALSE,,,TRUE,FALSE,FALSE
1174,DAKCFMEO_01190,BJEIHDPM_04368,WP_005762579.1,DAKCFMEO_01190,WP_005762579.1,TRUE,p25_in_GeneB__dc_in_GeneA,OG0001333,TRUE,TRUE,TRUE
1175,DAKCFMEO_01191,BJEIHDPM_04369,WP_003382829.1,DAKCFMEO_01191,WP_003382829.1,TRUE,p25_in_GeneB__dc_in_GeneA,OG0001036,TRUE,TRUE,TRUE
1176,DAKCFMEO_01192,BJEIHDPM_04370,WP_005762577.1,DAKCFMEO_01192,WP_005762577.1,TRUE,p25_in_GeneB__dc_in_GeneA,OG0001332,TRUE,TRUE,TRUE
1177,DAKCFMEO_01193,BJEIHDPM_04371,WP_005762574.1,DAKCFMEO_01193,WP_005762574.1,TRUE,p25_in_GeneB__dc_in_GeneA,OG0001331,TRUE,TRUE,TRUE
1178,DAKCFMEO_01194,BJEIHDPM_01753,WP_011105543.1,DAKCFMEO_01194,WP_011105543.1,TRUE,p25_in_GeneB__dc_in_GeneA,OG0003811,TRUE,TRUE,TRUE
1179,DAKCFMEO_01195,BJEIHDPM_01754,WP_007244983.1,DAKCFMEO_01195,WP_007244983.1,TRUE,p25_in_GeneB__dc_in_GeneA,OG0002555,TRUE,TRUE,TRUE
1180,DAKCFMEO_01196,BJEIHDPM_01755,WP_005768309.1,DAKCFMEO_01196,WP_005768309.1,TRUE,p25_in_GeneB__dc_in_GeneA,OG0002066,TRUE,TRUE,TRUE
1181,DAKCFMEO_01197,BJEIHDPM_01756,WP_011105544.1,DAKCFMEO_01197,WP_011105544.1,TRUE,p25_in_GeneB__dc_in_GeneA,OG0003812,TRUE,TRUE,TRUE
1182,DAKCFMEO_01198,BJEIHDPM_01757,WP_005768307.1,DAKCFMEO_01198,WP_005768307.1,TRUE,p25_in_GeneB__dc_in_GeneA,OG0002065,TRUE,TRUE,TRUE
1183,DAKCFMEO_01199,BJEIHDPM_01758,WP_007244980.1,DAKCFMEO_01199,WP_007244980.1,TRUE,p25_in_GeneB__dc_in_GeneA,OG0002554,TRUE,TRUE,TRUE
1184,DAKCFMEO_01200,BJEIHDPM_01759,WP_003378325.1,DAKCFMEO_01200,WP_003378325.1,TRUE,p25_in_GeneB__dc_in_GeneA,OG0000865,TRUE,TRUE,TRUE
1185,DAKCFMEO_01201,BJEIHDPM_01760,WP_005768306.1,DAKCFMEO_01201,WP_005768306.1,TRUE,p25_in_GeneB__dc_in_GeneA,OG0002064,TRUE,TRUE,TRUE
1186,DAKCFMEO_01202,BJEIHDPM_01761,,DAKCFMEO_01202,NA,FALSE,,,FALSE,FALSE,FALSE
1187,DAKCFMEO_01203,BJEIHDPM_01762,WP_005768304.1,DAKCFMEO_01203,WP_005768304.1,TRUE,p25_in_GeneB__dc_in_GeneA,OG0002063,TRUE,TRUE,TRUE
1188,DAKCFMEO_01204,BJEIHDPM_01763,WP_011105547.1,DAKCFMEO_01204,WP_011105547.1,TRUE,p25_in_GeneB__dc_in_GeneA,OG0003813,TRUE,TRUE,TRUE
1189,DAKCFMEO_01205,BJEIHDPM_01764,WP_005768300.1,DAKCFMEO_01205,WP_005768300.1,TRUE,p25_in_GeneB__dc_in_GeneA,OG0002062,TRUE,TRUE,TRUE
1190,DAKCFMEO_01206,BJEIHDPM_01765,WP_011105548.1,DAKCFMEO_01206,WP_011105548.1,TRUE,p25_in_GeneB__dc_in_GeneA,OG0003814,TRUE,TRUE,TRUE
1191,DAKCFMEO_01207,BJEIHDPM_01766,WP_011105549.1,DAKCFMEO_01207,WP_011105549.1,TRUE,p25_in_GeneB__dc_in_GeneA,OG0003815,TRUE,TRUE,TRUE
1192,DAKCFMEO_01208,BJEIHDPM_01767,WP_011105550.1,DAKCFMEO_01208,WP_011105550.1,TRUE,p25_in_GeneB__dc_in_GeneA,OG0003816,TRUE,TRUE,TRUE
1193,DAKCFMEO_01209,BJEIHDPM_01768,WP_011105551.1,DAKCFMEO_01209,WP_011105551.1,TRUE,p25_in_GeneB__dc_in_GeneA,OG0003817,TRUE,TRUE,TRUE
1194,DAKCFMEO_01210,BJEIHDPM_01769,WP_011105552.1,DAKCFMEO_01210,WP_011105552.1,TRUE,p25_in_GeneB__dc_in_GeneA,OG0003818,TRUE,TRUE,TRUE
1195,DAKCFMEO_01211,BJEIHDPM_01770,WP_011105553.1,DAKCFMEO_01211,WP_011105553.1,TRUE,p25_in_GeneB__dc_in_GeneA,OG0003819,TRUE,TRUE,TRUE
1196,DAKCFMEO_01212,BJEIHDPM_01771,WP_011105554.1,DAKCFMEO_01212,WP_011105554.1,TRUE,p25_in_GeneB__dc_in_GeneA,OG0003820,TRUE,TRUE,TRUE
1197,DAKCFMEO_01213,BJEIHDPM_01772,WP_005768286.1,DAKCFMEO_01213,WP_005768286.1,TRUE,p25_in_GeneB__dc_in_GeneA,OG0002061,TRUE,TRUE,TRUE
1198,DAKCFMEO_01214,BJEIHDPM_01773,,DAKCFMEO_01214,NA,FALSE,,,FALSE,FALSE,FALSE
1199,DAKCFMEO_01215,BJEIHDPM_01774,WP_011105555.1,DAKCFMEO_01215,WP_011105555.1,TRUE,p25_in_GeneB__dc_in_GeneA,OG0003821,TRUE,TRUE,TRUE
1200,DAKCFMEO_01216,BJEIHDPM_01775,WP_011105556.1,DAKCFMEO_01216,WP_011105556.1,FALSE,,,TRUE,FALSE,FALSE
1201,DAKCFMEO_01217,BJEIHDPM_01776,WP_011105557.1,DAKCFMEO_01217,WP_011105557.1,FALSE,,,TRUE,FALSE,FALSE
1202,DAKCFMEO_01218,BJEIHDPM_01777,WP_011105558.1,DAKCFMEO_01218,WP_011105558.1,TRUE,p25_in_GeneB__dc_in_GeneA,OG0003822,TRUE,TRUE,TRUE
1203,DAKCFMEO_01219,BJEIHDPM_01778,WP_011105559.1,DAKCFMEO_01219,WP_011105559.1,TRUE,p25_in_GeneB__dc_in_GeneA,OG0003823,TRUE,TRUE,TRUE
1204,DAKCFMEO_01220,BJEIHDPM_01779,WP_005739694.1,DAKCFMEO_01220,WP_005739694.1,TRUE,p25_in_GeneB__dc_in_GeneA,OG0001293,TRUE,TRUE,TRUE
1205,DAKCFMEO_01221,BJEIHDPM_01780,WP_011105560.1,DAKCFMEO_01221,WP_011105560.1,TRUE,p25_in_GeneB__dc_in_GeneA,OG0003824,TRUE,TRUE,TRUE
1206,DAKCFMEO_01222,BJEIHDPM_01781,,DAKCFMEO_01222,NA,FALSE,,,FALSE,FALSE,FALSE
1207,DAKCFMEO_01223,BJEIHDPM_01782,WP_007244964.1,DAKCFMEO_01223,WP_007244964.1,FALSE,,,TRUE,FALSE,FALSE
1208,DAKCFMEO_01224,BJEIHDPM_01783,WP_011105562.1,DAKCFMEO_01224,WP_011105562.1,FALSE,,,TRUE,FALSE,FALSE
1209,DAKCFMEO_01225,BJEIHDPM_01784,,DAKCFMEO_01225,NA,FALSE,,,FALSE,FALSE,FALSE
1210,DAKCFMEO_01226,BJEIHDPM_01785,WP_003378280.1,DAKCFMEO_01226,WP_003378280.1,FALSE,,,TRUE,FALSE,FALSE
1211,DAKCFMEO_01227,BJEIHDPM_01786,,DAKCFMEO_01227,NA,FALSE,,,FALSE,FALSE,FALSE
1212,DAKCFMEO_01228,BJEIHDPM_01787,,DAKCFMEO_01228,NA,FALSE,,,FALSE,FALSE,FALSE
1213,DAKCFMEO_01229,BJEIHDPM_01788,,DAKCFMEO_01229,NA,FALSE,,,FALSE,FALSE,FALSE
1214,DAKCFMEO_01230,BJEIHDPM_01789,,DAKCFMEO_01230,NA,FALSE,,,FALSE,FALSE,FALSE
1215,DAKCFMEO_01231,BJEIHDPM_01790,WP_011105565.1,DAKCFMEO_01231,WP_011105565.1,TRUE,p25_in_GeneB__dc_in_GeneA,OG0003825,TRUE,TRUE,TRUE
1216,DAKCFMEO_01232,BJEIHDPM_01791,WP_011105566.1,DAKCFMEO_01232,WP_011105566.1,TRUE,p25_in_GeneB__dc_in_GeneA,OG0003826,TRUE,TRUE,TRUE
1217,DAKCFMEO_01233,BJEIHDPM_01792,WP_161797798.1,DAKCFMEO_01233,WP_161797798.1,FALSE,,,TRUE,FALSE,FALSE
1218,DAKCFMEO_01234,BJEIHDPM_01793,WP_011105568.1,DAKCFMEO_01234,WP_011105568.1,TRUE,p25_in_GeneB__dc_in_GeneA,OG0003827,TRUE,TRUE,TRUE
1219,DAKCFMEO_01235,BJEIHDPM_01794,WP_011105569.1,DAKCFMEO_01235,WP_011105569.1,TRUE,p25_in_GeneB__dc_in_GeneA,OG0003828,TRUE,TRUE,TRUE
1220,DAKCFMEO_01236,BJEIHDPM_01795,WP_011105570.1,DAKCFMEO_01236,WP_011105570.1,TRUE,p25_in_GeneB__dc_in_GeneA,OG0003829,TRUE,TRUE,TRUE
1221,DAKCFMEO_01237,BJEIHDPM_01796,,DAKCFMEO_01237,NA,FALSE,,,FALSE,FALSE,FALSE
1222,DAKCFMEO_01238,BJEIHDPM_01797,,DAKCFMEO_01238,NA,FALSE,,,FALSE,FALSE,FALSE
1223,DAKCFMEO_01239,BJEIHDPM_01798,,DAKCFMEO_01239,NA,FALSE,,,FALSE,FALSE,FALSE
1224,DAKCFMEO_01240,BJEIHDPM_01799,,DAKCFMEO_01240,NA,FALSE,,,FALSE,FALSE,FALSE
1225,DAKCFMEO_01241,BJEIHDPM_01800,,DAKCFMEO_01241,NA,FALSE,,,FALSE,FALSE,FALSE
1226,DAKCFMEO_01242,BJEIHDPM_01801,,DAKCFMEO_01242,NA,FALSE,,,FALSE,FALSE,FALSE
1227,DAKCFMEO_01243,BJEIHDPM_01802,WP_011105589.1,DAKCFMEO_01243,WP_011105589.1,TRUE,p25_in_GeneB__dc_in_GeneA,OG0003830,TRUE,TRUE,TRUE
1228,DAKCFMEO_01244,BJEIHDPM_01803,WP_007244951.1,DAKCFMEO_01244,WP_007244951.1,FALSE,,,TRUE,FALSE,FALSE
1229,DAKCFMEO_01245,BJEIHDPM_01804,WP_011105590.1,DAKCFMEO_01245,WP_011105590.1,TRUE,p25_in_GeneB__dc_in_GeneA,OG0003831,TRUE,TRUE,TRUE
1230,DAKCFMEO_01246,BJEIHDPM_01805,WP_004882435.1,DAKCFMEO_01246,WP_004882435.1,TRUE,p25_in_GeneB__dc_in_GeneA,OG0001108,TRUE,TRUE,TRUE
1231,DAKCFMEO_01247,BJEIHDPM_01806,WP_003377898.1,DAKCFMEO_01247,WP_003377898.1,TRUE,p25_in_GeneB__dc_in_GeneA,OG0000856,TRUE,TRUE,TRUE
1232,DAKCFMEO_01248,BJEIHDPM_01807,WP_011105591.1,DAKCFMEO_01248,WP_011105591.1,TRUE,p25_in_GeneB__dc_in_GeneA,OG0003832,TRUE,TRUE,TRUE
1233,DAKCFMEO_01249,BJEIHDPM_01808,WP_003377895.1,DAKCFMEO_01249,WP_003377895.1,TRUE,p25_in_GeneB__dc_in_GeneA,OG0000855,TRUE,TRUE,TRUE
1234,DAKCFMEO_01250,BJEIHDPM_01809,WP_011105592.1,DAKCFMEO_01250,WP_011105592.1,TRUE,p25_in_GeneB__dc_in_GeneA,OG0003833,TRUE,TRUE,TRUE
1235,DAKCFMEO_01251,BJEIHDPM_01810,WP_005613564.1,DAKCFMEO_01251,WP_005613564.1,TRUE,p25_in_GeneB__dc_in_GeneA,OG0001114,TRUE,TRUE,TRUE
1236,DAKCFMEO_01252,BJEIHDPM_01811,WP_002555987.1,DAKCFMEO_01252,WP_002555987.1,TRUE,p25_in_GeneB__dc_in_GeneA,OG0000726,TRUE,TRUE,TRUE
1237,DAKCFMEO_01253,BJEIHDPM_01812,WP_003377888.1,DAKCFMEO_01253,WP_003377888.1,TRUE,p25_in_GeneB__dc_in_GeneA,OG0000854,TRUE,TRUE,TRUE
1238,DAKCFMEO_01254,BJEIHDPM_01813,WP_011105593.1,DAKCFMEO_01254,WP_011105593.1,TRUE,p25_in_GeneB__dc_in_GeneA,OG0003834,TRUE,TRUE,TRUE
1239,DAKCFMEO_01255,BJEIHDPM_01814,WP_003377885.1,DAKCFMEO_01255,WP_003377885.1,FALSE,,,TRUE,FALSE,FALSE
1240,DAKCFMEO_01256,BJEIHDPM_01815,WP_003377884.1,DAKCFMEO_01256,WP_003377884.1,TRUE,p25_in_GeneB__dc_in_GeneA,OG0000853,TRUE,TRUE,TRUE
1241,DAKCFMEO_01257,BJEIHDPM_01816,WP_003377883.1,DAKCFMEO_01257,WP_003377883.1,TRUE,p25_in_GeneB__dc_in_GeneA,OG0000852,TRUE,TRUE,TRUE
1242,DAKCFMEO_01258,BJEIHDPM_01817,WP_011105594.1,DAKCFMEO_01258,WP_011105594.1,TRUE,p25_in_GeneB__dc_in_GeneA,OG0003835,TRUE,TRUE,TRUE
1243,DAKCFMEO_01259,BJEIHDPM_01818,WP_007244945.1,DAKCFMEO_01259,WP_007244945.1,TRUE,p25_in_GeneB__dc_in_GeneA,OG0002553,TRUE,TRUE,TRUE
1244,DAKCFMEO_01260,BJEIHDPM_01819,WP_011105595.1,DAKCFMEO_01260,WP_011105595.1,TRUE,p25_in_GeneB__dc_in_GeneA,OG0003836,TRUE,TRUE,TRUE
1245,DAKCFMEO_01261,BJEIHDPM_01820,WP_003377879.1,DAKCFMEO_01261,WP_003377879.1,TRUE,p25_in_GeneB__dc_in_GeneA,OG0000851,TRUE,TRUE,TRUE
1246,DAKCFMEO_01262,BJEIHDPM_01821,WP_005768230.1,DAKCFMEO_01262,WP_005768230.1,TRUE,p25_in_GeneB__dc_in_GeneA,OG0002060,TRUE,TRUE,TRUE
1247,DAKCFMEO_01263,BJEIHDPM_01822,WP_002551315.1,DAKCFMEO_01263,WP_002551315.1,TRUE,p25_in_GeneB__dc_in_GeneA,OG0000622,TRUE,TRUE,TRUE
1248,DAKCFMEO_01264,BJEIHDPM_01823,WP_011102932.1,DAKCFMEO_01264,WP_011102932.1,TRUE,p25_in_GeneB__dc_in_GeneA,OG0002765,TRUE,TRUE,TRUE
1249,DAKCFMEO_01265,BJEIHDPM_01824,WP_005768226.1,DAKCFMEO_01265,WP_005768226.1,TRUE,p25_in_GeneB__dc_in_GeneA,OG0002059,TRUE,TRUE,TRUE
1250,DAKCFMEO_01266,BJEIHDPM_01825,WP_003377871.1,DAKCFMEO_01266,WP_003377871.1,TRUE,p25_in_GeneB__dc_in_GeneA,OG0000850,TRUE,TRUE,TRUE
1251,DAKCFMEO_01267,BJEIHDPM_01826,WP_005768224.1,DAKCFMEO_01267,WP_005768224.1,TRUE,p25_in_GeneB__dc_in_GeneA,OG0002058,TRUE,TRUE,TRUE
1252,DAKCFMEO_01268,BJEIHDPM_01827,,DAKCFMEO_01268,NA,FALSE,,,FALSE,FALSE,FALSE
1253,DAKCFMEO_01269,BJEIHDPM_01828,,DAKCFMEO_01269,NA,FALSE,,,FALSE,FALSE,FALSE
1254,DAKCFMEO_01270,BJEIHDPM_01829,,DAKCFMEO_01270,NA,FALSE,,,FALSE,FALSE,FALSE
1255,DAKCFMEO_01271,BJEIHDPM_01830,,DAKCFMEO_01271,NA,FALSE,,,FALSE,FALSE,FALSE
1256,DAKCFMEO_01272,BJEIHDPM_01831,,DAKCFMEO_01272,NA,FALSE,,,FALSE,FALSE,FALSE
1257,DAKCFMEO_01273,BJEIHDPM_01832,,DAKCFMEO_01273,NA,FALSE,,,FALSE,FALSE,FALSE
1258,DAKCFMEO_01274,BJEIHDPM_01833,,DAKCFMEO_01274,NA,FALSE,,,FALSE,FALSE,FALSE
1259,DAKCFMEO_01275,BJEIHDPM_01834,,DAKCFMEO_01275,NA,FALSE,,,FALSE,FALSE,FALSE
1260,DAKCFMEO_01276,BJEIHDPM_01835,WP_011102950.1,DAKCFMEO_01276,WP_011102950.1,FALSE,,,TRUE,FALSE,FALSE
1261,DAKCFMEO_01277,BJEIHDPM_01836,WP_011102951.1,DAKCFMEO_01277,WP_011102951.1,TRUE,p25_in_GeneB__dc_in_GeneA,OG0002767,TRUE,TRUE,TRUE
1262,DAKCFMEO_01278,BJEIHDPM_01837,WP_011102952.1,DAKCFMEO_01278,WP_011102952.1,TRUE,p25_in_GeneB__dc_in_GeneA,OG0002768,TRUE,TRUE,TRUE
1263,DAKCFMEO_01279,BJEIHDPM_01838,WP_011102953.1,DAKCFMEO_01279,WP_011102953.1,TRUE,p25_in_GeneB__dc_in_GeneA,OG0002769,TRUE,TRUE,TRUE
1264,DAKCFMEO_01280,BJEIHDPM_01839,WP_011102954.1,DAKCFMEO_01280,WP_011102954.1,TRUE,p25_in_GeneB__dc_in_GeneA,OG0002770,TRUE,TRUE,TRUE
1265,DAKCFMEO_01281,BJEIHDPM_01840,WP_011102955.1,DAKCFMEO_01281,WP_011102955.1,TRUE,p25_in_GeneB__dc_in_GeneA,OG0002771,TRUE,TRUE,TRUE
1266,DAKCFMEO_01282,BJEIHDPM_01841,,DAKCFMEO_01282,NA,FALSE,,,FALSE,FALSE,FALSE
1267,DAKCFMEO_01283,BJEIHDPM_01842,WP_011102956.1,DAKCFMEO_01283,WP_011102956.1,FALSE,,,TRUE,FALSE,FALSE
1268,DAKCFMEO_01284,BJEIHDPM_01843,,DAKCFMEO_01284,NA,FALSE,,,FALSE,FALSE,FALSE
1269,DAKCFMEO_01285,BJEIHDPM_01844,WP_011102957.1,DAKCFMEO_01285,WP_011102957.1,TRUE,p25_in_GeneB__dc_in_GeneA,OG0002772,TRUE,TRUE,TRUE
1270,DAKCFMEO_01286,BJEIHDPM_01845,WP_011102958.1,DAKCFMEO_01286,WP_011102958.1,TRUE,p25_in_GeneB__dc_in_GeneA,OG0002773,TRUE,TRUE,TRUE
1271,DAKCFMEO_01287,BJEIHDPM_01846,WP_011102959.1,DAKCFMEO_01287,WP_011102959.1,TRUE,p25_in_GeneB__dc_in_GeneA,OG0002774,TRUE,TRUE,TRUE
1272,DAKCFMEO_01288,BJEIHDPM_01848,,DAKCFMEO_01288,NA,FALSE,,,FALSE,FALSE,FALSE
1273,DAKCFMEO_01289,BJEIHDPM_01849,,DAKCFMEO_01289,NA,FALSE,,,FALSE,FALSE,FALSE
1274,DAKCFMEO_01290,BJEIHDPM_01850,,DAKCFMEO_01290,NA,FALSE,,,FALSE,FALSE,FALSE
1275,DAKCFMEO_01291,BJEIHDPM_01851,WP_011103527.1,DAKCFMEO_01291,WP_011103527.1,TRUE,p25_in_GeneB__dc_in_GeneA,OG0003000,TRUE,TRUE,TRUE
1276,DAKCFMEO_01292,BJEIHDPM_01852,,DAKCFMEO_01292,NA,FALSE,,,FALSE,FALSE,FALSE
1277,DAKCFMEO_01293,BJEIHDPM_01853,WP_005768204.1,DAKCFMEO_01293,WP_005768204.1,FALSE,,,TRUE,FALSE,FALSE
1278,DAKCFMEO_01294,BJEIHDPM_01854,WP_011103029.1,DAKCFMEO_01294,WP_011103029.1,TRUE,p25_in_GeneB__dc_in_GeneA,OG0002806,TRUE,TRUE,TRUE
1279,DAKCFMEO_01295,BJEIHDPM_01855,WP_011103028.1,DAKCFMEO_01295,WP_011103028.1,TRUE,p25_in_GeneB__dc_in_GeneA,OG0002805,TRUE,TRUE,TRUE
1280,DAKCFMEO_01296,BJEIHDPM_01856,WP_003379468.1,DAKCFMEO_01296,WP_003379468.1,TRUE,p25_in_GeneB__dc_in_GeneA,OG0000912,TRUE,TRUE,TRUE
1281,DAKCFMEO_01297,BJEIHDPM_01857,WP_011103027.1,DAKCFMEO_01297,WP_011103027.1,TRUE,p25_in_GeneB__dc_in_GeneA,OG0002804,TRUE,TRUE,TRUE
1282,DAKCFMEO_01298,BJEIHDPM_01858,WP_005768197.1,DAKCFMEO_01298,WP_005768197.1,TRUE,p25_in_GeneB__dc_in_GeneA,OG0002057,TRUE,TRUE,TRUE
1283,DAKCFMEO_01299,BJEIHDPM_01859,WP_057443166.1,DAKCFMEO_01299,WP_057443166.1,FALSE,,,TRUE,FALSE,FALSE
1284,DAKCFMEO_01300,BJEIHDPM_01860,WP_005768190.1,DAKCFMEO_01300,WP_005768190.1,TRUE,p25_in_GeneB__dc_in_GeneA,OG0002056,TRUE,TRUE,TRUE
1285,DAKCFMEO_01301,BJEIHDPM_01861,WP_011103025.1,DAKCFMEO_01301,WP_011103025.1,TRUE,p25_in_GeneB__dc_in_GeneA,OG0002803,TRUE,TRUE,TRUE
1286,DAKCFMEO_01302,BJEIHDPM_01862,WP_005768186.1,DAKCFMEO_01302,WP_005768186.1,FALSE,,,TRUE,FALSE,FALSE
1287,DAKCFMEO_01303,BJEIHDPM_01863,WP_005768180.1,DAKCFMEO_01303,WP_005768180.1,TRUE,p25_in_GeneB__dc_in_GeneA,OG0002055,TRUE,TRUE,TRUE
1288,DAKCFMEO_01304,BJEIHDPM_01864,WP_011103024.1,DAKCFMEO_01304,WP_011103024.1,TRUE,p25_in_GeneB__dc_in_GeneA,OG0002802,TRUE,TRUE,TRUE
1289,DAKCFMEO_01305,BJEIHDPM_01865,WP_046463633.1,DAKCFMEO_01305,WP_046463633.1,TRUE,p25_in_GeneB__dc_in_GeneA,OG0004006,TRUE,TRUE,TRUE
1290,DAKCFMEO_01306,BJEIHDPM_01866,WP_011103022.1,DAKCFMEO_01306,WP_011103022.1,TRUE,p25_in_GeneB__dc_in_GeneA,OG0002801,TRUE,TRUE,TRUE
1291,DAKCFMEO_01307,BJEIHDPM_01867,WP_011103021.1,DAKCFMEO_01307,WP_011103021.1,FALSE,,,TRUE,FALSE,FALSE
1292,DAKCFMEO_01308,BJEIHDPM_01868,WP_005768167.1,DAKCFMEO_01308,WP_005768167.1,TRUE,p25_in_GeneB__dc_in_GeneA,OG0002054,TRUE,TRUE,TRUE
1293,DAKCFMEO_01309,BJEIHDPM_01869,WP_011103018.1,DAKCFMEO_01309,WP_011103018.1,TRUE,p25_in_GeneB__dc_in_GeneA,OG0002799,TRUE,TRUE,TRUE
1294,DAKCFMEO_01310,BJEIHDPM_01870,WP_011103017.1,DAKCFMEO_01310,WP_011103017.1,TRUE,p25_in_GeneB__dc_in_GeneA,OG0002798,TRUE,TRUE,TRUE
1295,DAKCFMEO_01313,BJEIHDPM_04819,WP_011104070.1,DAKCFMEO_01313,WP_011104070.1,FALSE,,,TRUE,FALSE,FALSE
1296,DAKCFMEO_01314,BJEIHDPM_04820,,DAKCFMEO_01314,NA,FALSE,,,FALSE,FALSE,FALSE
1297,DAKCFMEO_01315,BJEIHDPM_04821,,DAKCFMEO_01315,NA,FALSE,,,FALSE,FALSE,FALSE
1298,DAKCFMEO_01316,BJEIHDPM_04822,WP_011104065.1,DAKCFMEO_01316,WP_011104065.1,TRUE,p25_in_GeneB__dc_in_GeneA,OG0003228,TRUE,TRUE,TRUE
1299,DAKCFMEO_01317,BJEIHDPM_04823,,DAKCFMEO_01317,NA,FALSE,,,FALSE,FALSE,FALSE
1300,DAKCFMEO_01318,BJEIHDPM_04824,WP_011104064.1,DAKCFMEO_01318,WP_011104064.1,TRUE,p25_in_GeneB__dc_in_GeneA,OG0003227,TRUE,TRUE,TRUE
1301,DAKCFMEO_01319,BJEIHDPM_04825,WP_011104063.1,DAKCFMEO_01319,WP_011104063.1,TRUE,p25_in_GeneB__dc_in_GeneA,OG0003226,TRUE,TRUE,TRUE
1302,DAKCFMEO_01320,BJEIHDPM_04826,WP_007246648.1,DAKCFMEO_01320,WP_007246648.1,TRUE,p25_in_GeneB__dc_in_GeneA,OG0002673,TRUE,TRUE,TRUE
1303,DAKCFMEO_01321,BJEIHDPM_04827,WP_003383427.1,DAKCFMEO_01321,WP_003383427.1,TRUE,p25_in_GeneB__dc_in_GeneA,OG0001060,TRUE,TRUE,TRUE
1304,DAKCFMEO_01322,BJEIHDPM_04828,WP_044393213.1,DAKCFMEO_01322,WP_044393213.1,TRUE,p25_in_GeneB__dc_in_GeneA,OG0003922,TRUE,TRUE,TRUE
1305,DAKCFMEO_01323,BJEIHDPM_04829,WP_011104060.1,DAKCFMEO_01323,WP_011104060.1,TRUE,p25_in_GeneB__dc_in_GeneA,OG0003225,TRUE,TRUE,TRUE
1306,DAKCFMEO_01324,BJEIHDPM_04830,WP_046463594.1,DAKCFMEO_01324,WP_046463594.1,TRUE,p25_in_GeneB__dc_in_GeneA,OG0004003,TRUE,TRUE,TRUE
1307,DAKCFMEO_01325,BJEIHDPM_04831,WP_011104058.1,DAKCFMEO_01325,WP_011104058.1,TRUE,p25_in_GeneB__dc_in_GeneA,OG0003224,TRUE,TRUE,TRUE
1308,DAKCFMEO_01326,BJEIHDPM_04832,WP_011104057.1,DAKCFMEO_01326,WP_011104057.1,TRUE,p25_in_GeneB__dc_in_GeneA,OG0003223,TRUE,TRUE,TRUE
1309,DAKCFMEO_01327,BJEIHDPM_04833,WP_007246654.1,DAKCFMEO_01327,WP_007246654.1,TRUE,p25_in_GeneB__dc_in_GeneA,OG0002674,TRUE,TRUE,TRUE
1310,DAKCFMEO_01328,BJEIHDPM_04834,WP_003383453.1,DAKCFMEO_01328,WP_003383453.1,TRUE,p25_in_GeneB__dc_in_GeneA,OG0001061,TRUE,TRUE,TRUE
1311,DAKCFMEO_01329,BJEIHDPM_04835,WP_007246655.1,DAKCFMEO_01329,WP_007246655.1,TRUE,p25_in_GeneB__dc_in_GeneA,OG0002675,TRUE,TRUE,TRUE
1312,DAKCFMEO_01330,BJEIHDPM_04836,WP_011104056.1,DAKCFMEO_01330,WP_011104056.1,FALSE,,,TRUE,FALSE,FALSE
1313,DAKCFMEO_01331,BJEIHDPM_04837,WP_011104055.1,DAKCFMEO_01331,WP_011104055.1,TRUE,p25_in_GeneB__dc_in_GeneA,OG0003222,TRUE,TRUE,TRUE
1314,DAKCFMEO_01332,BJEIHDPM_04838,WP_011104054.1,DAKCFMEO_01332,WP_011104054.1,TRUE,p25_in_GeneB__dc_in_GeneA,OG0003221,TRUE,TRUE,TRUE
1315,DAKCFMEO_01333,BJEIHDPM_04839,WP_011104053.1,DAKCFMEO_01333,WP_011104053.1,TRUE,p25_in_GeneB__dc_in_GeneA,OG0003220,TRUE,TRUE,TRUE
1316,DAKCFMEO_01334,BJEIHDPM_04840,WP_011104052.1,DAKCFMEO_01334,WP_011104052.1,TRUE,p25_in_GeneB__dc_in_GeneA,OG0003219,TRUE,TRUE,TRUE
1317,DAKCFMEO_01335,BJEIHDPM_04841,WP_011104051.1,DAKCFMEO_01335,WP_011104051.1,TRUE,p25_in_GeneB__dc_in_GeneA,OG0003218,TRUE,TRUE,TRUE
1318,DAKCFMEO_01336,BJEIHDPM_04842,WP_011104050.1,DAKCFMEO_01336,WP_011104050.1,TRUE,p25_in_GeneB__dc_in_GeneA,OG0003217,TRUE,TRUE,TRUE
1319,DAKCFMEO_01337,BJEIHDPM_04843,WP_005617613.1,DAKCFMEO_01337,WP_005617613.1,TRUE,p25_in_GeneB__dc_in_GeneA,OG0001187,TRUE,TRUE,TRUE
1320,DAKCFMEO_01338,BJEIHDPM_04844,WP_005771485.1,DAKCFMEO_01338,WP_005771485.1,FALSE,,,TRUE,FALSE,FALSE
1321,DAKCFMEO_01339,BJEIHDPM_04845,,DAKCFMEO_01339,NA,FALSE,,,FALSE,FALSE,FALSE
1322,DAKCFMEO_01340,BJEIHDPM_04846,,DAKCFMEO_01340,NA,FALSE,,,FALSE,FALSE,FALSE
1323,DAKCFMEO_01341,BJEIHDPM_04847,WP_005764458.1,DAKCFMEO_01341,WP_005764458.1,FALSE,,,TRUE,FALSE,FALSE
1324,DAKCFMEO_01342,BJEIHDPM_04848,,DAKCFMEO_01342,NA,FALSE,,,FALSE,FALSE,FALSE
1325,DAKCFMEO_01343,BJEIHDPM_04849,WP_011104047.1,DAKCFMEO_01343,WP_011104047.1,TRUE,p25_in_GeneB__dc_in_GeneA,OG0003216,TRUE,TRUE,TRUE
1326,DAKCFMEO_01344,BJEIHDPM_04850,WP_007246667.1,DAKCFMEO_01344,WP_007246667.1,FALSE,,,TRUE,FALSE,FALSE
1327,DAKCFMEO_01345,BJEIHDPM_04851,WP_011104046.1,DAKCFMEO_01345,WP_011104046.1,FALSE,,,TRUE,FALSE,FALSE
1328,DAKCFMEO_01346,BJEIHDPM_04852,WP_011104045.1,DAKCFMEO_01346,WP_011104045.1,TRUE,p25_in_GeneB__dc_in_GeneA,OG0003215,TRUE,TRUE,TRUE
1329,DAKCFMEO_01347,BJEIHDPM_04853,WP_011104044.1,DAKCFMEO_01347,WP_011104044.1,TRUE,p25_in_GeneB__dc_in_GeneA,OG0003214,TRUE,TRUE,TRUE
1330,DAKCFMEO_01348,BJEIHDPM_04854,WP_011104043.1,DAKCFMEO_01348,WP_011104043.1,FALSE,,,TRUE,FALSE,FALSE
1331,DAKCFMEO_01349,BJEIHDPM_04855,WP_010205556.1,DAKCFMEO_01349,WP_010205556.1,TRUE,p25_in_GeneB__dc_in_GeneA,OG0002739,TRUE,TRUE,TRUE
1332,DAKCFMEO_01350,BJEIHDPM_04856,WP_010205558.1,DAKCFMEO_01350,WP_010205558.1,TRUE,p25_in_GeneB__dc_in_GeneA,OG0002740,TRUE,TRUE,TRUE
1333,DAKCFMEO_01351,BJEIHDPM_04857,WP_005617589.1,DAKCFMEO_01351,WP_005617589.1,TRUE,p25_in_GeneB__dc_in_GeneA,OG0001186,TRUE,TRUE,TRUE
1334,DAKCFMEO_01352,BJEIHDPM_04858,WP_010205561.1,DAKCFMEO_01352,WP_010205561.1,TRUE,p25_in_GeneB__dc_in_GeneA,OG0002741,TRUE,TRUE,TRUE
1335,DAKCFMEO_01353,BJEIHDPM_04859,WP_011104041.1,DAKCFMEO_01353,WP_011104041.1,TRUE,p25_in_GeneB__dc_in_GeneA,OG0003213,TRUE,TRUE,TRUE
1336,DAKCFMEO_01354,BJEIHDPM_04860,WP_161797789.1,DAKCFMEO_01354,WP_161797789.1,TRUE,p25_in_GeneB__dc_in_GeneA,OG0004096,TRUE,TRUE,TRUE
1337,DAKCFMEO_01355,BJEIHDPM_04861,WP_007246679.1,DAKCFMEO_01355,WP_007246679.1,TRUE,p25_in_GeneB__dc_in_GeneA,OG0002676,TRUE,TRUE,TRUE
1338,DAKCFMEO_01356,BJEIHDPM_04862,WP_003381855.1,DAKCFMEO_01356,WP_003381855.1,FALSE,,,TRUE,FALSE,FALSE
1339,DAKCFMEO_01357,BJEIHDPM_04863,,DAKCFMEO_01357,NA,FALSE,,,FALSE,FALSE,FALSE
1340,DAKCFMEO_01358,BJEIHDPM_04864,,DAKCFMEO_01358,NA,FALSE,,,FALSE,FALSE,FALSE
1341,DAKCFMEO_01359,BJEIHDPM_04865,,DAKCFMEO_01359,NA,FALSE,,,FALSE,FALSE,FALSE
1342,DAKCFMEO_01360,BJEIHDPM_04866,,DAKCFMEO_01360,NA,FALSE,,,FALSE,FALSE,FALSE
1343,DAKCFMEO_01361,BJEIHDPM_04867,,DAKCFMEO_01361,NA,FALSE,,,FALSE,FALSE,FALSE
1344,DAKCFMEO_01362,BJEIHDPM_04868,,DAKCFMEO_01362,NA,FALSE,,,FALSE,FALSE,FALSE
1345,DAKCFMEO_01363,BJEIHDPM_04869,WP_011104036.1,DAKCFMEO_01363,WP_011104036.1,TRUE,p25_in_GeneB__dc_in_GeneA,OG0003211,TRUE,TRUE,TRUE
1346,DAKCFMEO_01364,BJEIHDPM_04870,WP_011104035.1,DAKCFMEO_01364,WP_011104035.1,TRUE,p25_in_GeneB__dc_in_GeneA,OG0003210,TRUE,TRUE,TRUE
1347,DAKCFMEO_01365,BJEIHDPM_04871,WP_011104034.1,DAKCFMEO_01365,WP_011104034.1,TRUE,p25_in_GeneB__dc_in_GeneA,OG0003209,TRUE,TRUE,TRUE
1348,DAKCFMEO_01366,BJEIHDPM_04872,WP_007246686.1,DAKCFMEO_01366,WP_007246686.1,TRUE,p25_in_GeneB__dc_in_GeneA,OG0002677,TRUE,TRUE,TRUE
1349,DAKCFMEO_01367,BJEIHDPM_04873,,DAKCFMEO_01367,NA,FALSE,,,FALSE,FALSE,FALSE
1350,DAKCFMEO_01368,BJEIHDPM_04874,WP_011104033.1,DAKCFMEO_01368,WP_011104033.1,TRUE,p25_in_GeneB__dc_in_GeneA,OG0003208,TRUE,TRUE,TRUE
1351,DAKCFMEO_01369,BJEIHDPM_04875,WP_003381839.1,DAKCFMEO_01369,WP_003381839.1,TRUE,p25_in_GeneB__dc_in_GeneA,OG0001004,TRUE,TRUE,TRUE
1352,DAKCFMEO_01370,BJEIHDPM_04876,,DAKCFMEO_01370,NA,FALSE,,,FALSE,FALSE,FALSE
1353,DAKCFMEO_01371,BJEIHDPM_04877,WP_007246688.1,DAKCFMEO_01371,WP_007246688.1,FALSE,,,TRUE,FALSE,FALSE
1354,DAKCFMEO_01372,BJEIHDPM_04878,,DAKCFMEO_01372,NA,FALSE,,,FALSE,FALSE,FALSE
1355,DAKCFMEO_01373,BJEIHDPM_04879,WP_011104032.1,DAKCFMEO_01373,WP_011104032.1,FALSE,,,TRUE,FALSE,FALSE
1356,DAKCFMEO_01374,BJEIHDPM_04880,,DAKCFMEO_01374,NA,FALSE,,,FALSE,FALSE,FALSE
1357,DAKCFMEO_01375,BJEIHDPM_04881,WP_005771258.1,DAKCFMEO_01375,WP_005771258.1,FALSE,,,TRUE,FALSE,FALSE
1358,DAKCFMEO_01376,BJEIHDPM_04882,,DAKCFMEO_01376,NA,FALSE,,,FALSE,FALSE,FALSE
1359,DAKCFMEO_01377,BJEIHDPM_04883,WP_011104094.1,DAKCFMEO_01377,WP_011104094.1,TRUE,p25_in_GeneB__dc_in_GeneA,OG0003242,TRUE,TRUE,TRUE
1360,DAKCFMEO_01378,BJEIHDPM_04884,WP_005617714.1,DAKCFMEO_01378,WP_005617714.1,TRUE,p25_in_GeneB__dc_in_GeneA,OG0001188,TRUE,TRUE,TRUE
1361,DAKCFMEO_01379,BJEIHDPM_04885,WP_011104093.1,DAKCFMEO_01379,WP_011104093.1,TRUE,p25_in_GeneB__dc_in_GeneA,OG0003241,TRUE,TRUE,TRUE
1362,DAKCFMEO_01380,BJEIHDPM_04886,WP_005762877.1,DAKCFMEO_01380,WP_005762877.1,FALSE,,,TRUE,FALSE,FALSE
1363,DAKCFMEO_01381,BJEIHDPM_04887,WP_005738493.1,DAKCFMEO_01381,WP_005738493.1,TRUE,p25_in_GeneB__dc_in_GeneA,OG0001276,TRUE,TRUE,TRUE
1364,DAKCFMEO_01382,BJEIHDPM_04888,WP_005617711.1,DAKCFMEO_01382,WP_005617711.1,FALSE,,,TRUE,FALSE,FALSE
1365,DAKCFMEO_01383,BJEIHDPM_04889,WP_005762883.1,DAKCFMEO_01383,WP_005762883.1,TRUE,p25_in_GeneB__dc_in_GeneA,OG0001365,TRUE,TRUE,TRUE
1366,DAKCFMEO_01384,BJEIHDPM_04890,WP_005762885.1,DAKCFMEO_01384,WP_005762885.1,TRUE,p25_in_GeneB__dc_in_GeneA,OG0001366,TRUE,TRUE,TRUE
1367,DAKCFMEO_01385,BJEIHDPM_04891,WP_005762887.1,DAKCFMEO_01385,WP_005762887.1,TRUE,p25_in_GeneB__dc_in_GeneA,OG0001367,TRUE,TRUE,TRUE
1368,DAKCFMEO_01386,BJEIHDPM_04892,WP_005762889.1,DAKCFMEO_01386,WP_005762889.1,TRUE,p25_in_GeneB__dc_in_GeneA,OG0001368,TRUE,TRUE,TRUE
1369,DAKCFMEO_01387,BJEIHDPM_04893,WP_011104091.1,DAKCFMEO_01387,WP_011104091.1,TRUE,p25_in_GeneB__dc_in_GeneA,OG0003240,TRUE,TRUE,TRUE
1370,DAKCFMEO_01388,BJEIHDPM_04894,WP_005762891.1,DAKCFMEO_01388,WP_005762891.1,TRUE,p25_in_GeneB__dc_in_GeneA,OG0001369,TRUE,TRUE,TRUE
1371,DAKCFMEO_01389,BJEIHDPM_04895,,DAKCFMEO_01389,NA,FALSE,,,FALSE,FALSE,FALSE
1372,DAKCFMEO_01390,BJEIHDPM_04896,WP_011104090.1,DAKCFMEO_01390,WP_011104090.1,TRUE,p25_in_GeneB__dc_in_GeneA,OG0003239,TRUE,TRUE,TRUE
1373,DAKCFMEO_01391,BJEIHDPM_04897,WP_011104089.1,DAKCFMEO_01391,WP_011104089.1,TRUE,p25_in_GeneB__dc_in_GeneA,OG0003238,TRUE,TRUE,TRUE
1374,DAKCFMEO_01392,BJEIHDPM_04898,WP_011104088.1,DAKCFMEO_01392,WP_011104088.1,TRUE,p25_in_GeneB__dc_in_GeneA,OG0003237,TRUE,TRUE,TRUE
1375,DAKCFMEO_01393,BJEIHDPM_04899,WP_011104087.1,DAKCFMEO_01393,WP_011104087.1,TRUE,p25_in_GeneB__dc_in_GeneA,OG0003236,TRUE,TRUE,TRUE
1376,DAKCFMEO_01394,BJEIHDPM_04900,WP_011104086.1,DAKCFMEO_01394,WP_011104086.1,TRUE,p25_in_GeneB__dc_in_GeneA,OG0003235,TRUE,TRUE,TRUE
1377,DAKCFMEO_01395,BJEIHDPM_04901,WP_011104085.1,DAKCFMEO_01395,WP_011104085.1,TRUE,p25_in_GeneB__dc_in_GeneA,OG0003234,TRUE,TRUE,TRUE
1378,DAKCFMEO_01396,BJEIHDPM_04902,WP_011104084.1,DAKCFMEO_01396,WP_011104084.1,TRUE,p25_in_GeneB__dc_in_GeneA,OG0003233,TRUE,TRUE,TRUE
1379,DAKCFMEO_01397,BJEIHDPM_04903,WP_011104083.1,DAKCFMEO_01397,WP_011104083.1,TRUE,p25_in_GeneB__dc_in_GeneA,OG0003232,TRUE,TRUE,TRUE
1380,DAKCFMEO_01398,BJEIHDPM_04904,WP_011104082.1,DAKCFMEO_01398,WP_011104082.1,TRUE,p25_in_GeneB__dc_in_GeneA,OG0003231,TRUE,TRUE,TRUE
1381,DAKCFMEO_01399,BJEIHDPM_04905,WP_007246944.1,DAKCFMEO_01399,WP_007246944.1,TRUE,p25_in_GeneB__dc_in_GeneA,OG0002690,TRUE,TRUE,TRUE
1382,DAKCFMEO_01400,BJEIHDPM_04906,WP_011104081.1,DAKCFMEO_01400,WP_011104081.1,TRUE,p25_in_GeneB__dc_in_GeneA,OG0003230,TRUE,TRUE,TRUE
1383,DAKCFMEO_01401,BJEIHDPM_04907,WP_007246946.1,DAKCFMEO_01401,WP_007246946.1,TRUE,p25_in_GeneB__dc_in_GeneA,OG0002691,TRUE,TRUE,TRUE
1384,DAKCFMEO_01402,BJEIHDPM_04908,WP_007246947.1,DAKCFMEO_01402,WP_007246947.1,TRUE,p25_in_GeneB__dc_in_GeneA,OG0002692,TRUE,TRUE,TRUE
1385,DAKCFMEO_01403,BJEIHDPM_04909,WP_011104080.1,DAKCFMEO_01403,WP_011104080.1,TRUE,p25_in_GeneB__dc_in_GeneA,OG0003229,TRUE,TRUE,TRUE
1386,DAKCFMEO_01404,BJEIHDPM_04910,WP_011104030.1,DAKCFMEO_01404,WP_011104030.1,FALSE,,,TRUE,FALSE,FALSE
1387,DAKCFMEO_01405,BJEIHDPM_04911,WP_011104029.1,DAKCFMEO_01405,WP_011104029.1,TRUE,p25_in_GeneB__dc_in_GeneA,OG0003207,TRUE,TRUE,TRUE
1388,DAKCFMEO_01406,BJEIHDPM_04912,WP_007245931.1,DAKCFMEO_01406,WP_007245931.1,TRUE,p25_in_GeneB__dc_in_GeneA,OG0002615,TRUE,TRUE,TRUE
1389,DAKCFMEO_01407,BJEIHDPM_04913,WP_005738213.1,DAKCFMEO_01407,WP_005738213.1,FALSE,,,TRUE,FALSE,FALSE
1390,DAKCFMEO_01408,BJEIHDPM_04914,WP_002553918.1,DAKCFMEO_01408,WP_002553918.1,FALSE,,,TRUE,FALSE,FALSE
1391,DAKCFMEO_01409,BJEIHDPM_04915,WP_005618859.1,DAKCFMEO_01409,WP_005618859.1,TRUE,p25_in_GeneB__dc_in_GeneA,OG0001190,TRUE,TRUE,TRUE
1392,DAKCFMEO_01410,BJEIHDPM_04916,WP_005770815.1,DAKCFMEO_01410,WP_005770815.1,TRUE,p25_in_GeneB__dc_in_GeneA,OG0002379,TRUE,TRUE,TRUE
1393,DAKCFMEO_01411,BJEIHDPM_04917,WP_005770813.1,DAKCFMEO_01411,WP_005770813.1,TRUE,p25_in_GeneB__dc_in_GeneA,OG0002378,TRUE,TRUE,TRUE
1394,DAKCFMEO_01412,BJEIHDPM_04918,,DAKCFMEO_01412,NA,FALSE,,,FALSE,FALSE,FALSE
1395,DAKCFMEO_01413,BJEIHDPM_04919,,DAKCFMEO_01413,NA,FALSE,,,FALSE,FALSE,FALSE
1396,DAKCFMEO_01414,BJEIHDPM_04920,WP_011104467.1,DAKCFMEO_01414,WP_011104467.1,TRUE,p25_in_GeneB__dc_in_GeneA,OG0003375,TRUE,TRUE,TRUE
1397,DAKCFMEO_01415,BJEIHDPM_04921,WP_011104468.1,DAKCFMEO_01415,WP_011104468.1,TRUE,p25_in_GeneB__dc_in_GeneA,OG0003376,TRUE,TRUE,TRUE
1398,DAKCFMEO_01416,BJEIHDPM_04922,,DAKCFMEO_01416,NA,FALSE,,,FALSE,FALSE,FALSE
1399,DAKCFMEO_01417,BJEIHDPM_04923,WP_005767282.1,DAKCFMEO_01417,WP_005767282.1,TRUE,p25_in_GeneB__dc_in_GeneA,OG0001949,TRUE,TRUE,TRUE
1400,DAKCFMEO_01418,BJEIHDPM_04924,WP_046463326.1,DAKCFMEO_01418,WP_046463326.1,TRUE,p25_in_GeneB__dc_in_GeneA,OG0003941,TRUE,TRUE,TRUE
1401,DAKCFMEO_01419,BJEIHDPM_04925,WP_011104472.1,DAKCFMEO_01419,WP_011104472.1,TRUE,p25_in_GeneB__dc_in_GeneA,OG0003377,TRUE,TRUE,TRUE
1402,DAKCFMEO_01420,BJEIHDPM_04926,WP_005767285.1,DAKCFMEO_01420,WP_005767285.1,FALSE,,,TRUE,FALSE,FALSE
1403,DAKCFMEO_01421,BJEIHDPM_04927,,DAKCFMEO_01421,NA,FALSE,,,FALSE,FALSE,FALSE
1404,DAKCFMEO_01422,BJEIHDPM_04928,,DAKCFMEO_01422,NA,FALSE,,,FALSE,FALSE,FALSE
1405,DAKCFMEO_01423,BJEIHDPM_04929,WP_011104473.1,DAKCFMEO_01423,WP_011104473.1,TRUE,p25_in_GeneB__dc_in_GeneA,OG0003378,TRUE,TRUE,TRUE
1406,DAKCFMEO_01424,BJEIHDPM_04930,WP_011104474.1,DAKCFMEO_01424,WP_011104474.1,TRUE,p25_in_GeneB__dc_in_GeneA,OG0003379,TRUE,TRUE,TRUE
1407,DAKCFMEO_01425,BJEIHDPM_04931,WP_046463327.1,DAKCFMEO_01425,WP_046463327.1,TRUE,p25_in_GeneB__dc_in_GeneA,OG0003942,TRUE,TRUE,TRUE
1408,DAKCFMEO_01426,BJEIHDPM_04932,WP_005767289.1,DAKCFMEO_01426,WP_005767289.1,TRUE,p25_in_GeneB__dc_in_GeneA,OG0001950,TRUE,TRUE,TRUE
1409,DAKCFMEO_01427,BJEIHDPM_04933,WP_007246084.1,DAKCFMEO_01427,WP_007246084.1,FALSE,,,TRUE,FALSE,FALSE
1410,DAKCFMEO_01428,BJEIHDPM_04934,WP_005767295.1,DAKCFMEO_01428,WP_005767295.1,TRUE,p25_in_GeneB__dc_in_GeneA,OG0001951,TRUE,TRUE,TRUE
1411,DAKCFMEO_01429,BJEIHDPM_04935,WP_007246082.1,DAKCFMEO_01429,WP_007246082.1,TRUE,p25_in_GeneB__dc_in_GeneA,OG0002633,TRUE,TRUE,TRUE
1412,DAKCFMEO_01430,BJEIHDPM_04936,WP_011104476.1,DAKCFMEO_01430,WP_011104476.1,FALSE,,,TRUE,FALSE,FALSE
1413,DAKCFMEO_01431,BJEIHDPM_04937,WP_011104482.1,DAKCFMEO_01431,WP_011104482.1,FALSE,,,TRUE,FALSE,FALSE
1414,DAKCFMEO_01432,BJEIHDPM_04938,WP_005767320.1,DAKCFMEO_01432,WP_005767320.1,TRUE,p25_in_GeneB__dc_in_GeneA,OG0001952,TRUE,TRUE,TRUE
1415,DAKCFMEO_01433,BJEIHDPM_04939,WP_003381155.1,DAKCFMEO_01433,WP_003381155.1,TRUE,p25_in_GeneB__dc_in_GeneA,OG0000976,TRUE,TRUE,TRUE
1416,DAKCFMEO_01434,BJEIHDPM_04940,WP_007246072.1,DAKCFMEO_01434,WP_007246072.1,TRUE,p25_in_GeneB__dc_in_GeneA,OG0002632,TRUE,TRUE,TRUE
1417,DAKCFMEO_01435,BJEIHDPM_04941,,DAKCFMEO_01435,NA,FALSE,,,FALSE,FALSE,FALSE
1418,DAKCFMEO_01436,BJEIHDPM_04942,WP_011104485.1,DAKCFMEO_01436,WP_011104485.1,FALSE,,,TRUE,FALSE,FALSE
1419,DAKCFMEO_01437,BJEIHDPM_04943,WP_011104486.1,DAKCFMEO_01437,WP_011104486.1,FALSE,,,TRUE,FALSE,FALSE
1420,DAKCFMEO_01438,BJEIHDPM_04944,WP_011104487.1,DAKCFMEO_01438,WP_011104487.1,FALSE,,,TRUE,FALSE,FALSE
1421,DAKCFMEO_01439,BJEIHDPM_04945,WP_011104489.1,DAKCFMEO_01439,WP_011104489.1,TRUE,p25_in_GeneB__dc_in_GeneA,OG0003381,TRUE,TRUE,TRUE
1422,DAKCFMEO_01440,BJEIHDPM_04946,WP_024666348.1,DAKCFMEO_01440,WP_024666348.1,TRUE,p25_in_GeneB__dc_in_GeneA,OG0003864,TRUE,TRUE,TRUE
1423,DAKCFMEO_01441,BJEIHDPM_04947,WP_011104490.1,DAKCFMEO_01441,WP_011104490.1,TRUE,p25_in_GeneB__dc_in_GeneA,OG0003382,TRUE,TRUE,TRUE
1424,DAKCFMEO_01442,BJEIHDPM_04948,WP_046463321.1,DAKCFMEO_01442,WP_046463321.1,FALSE,,,TRUE,FALSE,FALSE
1425,DAKCFMEO_01443,BJEIHDPM_04949,WP_007246060.1,DAKCFMEO_01443,WP_007246060.1,TRUE,p25_in_GeneB__dc_in_GeneA,OG0002631,TRUE,TRUE,TRUE
1426,DAKCFMEO_01444,BJEIHDPM_04950,WP_003381177.1,DAKCFMEO_01444,WP_003381177.1,TRUE,p25_in_GeneB__dc_in_GeneA,OG0000977,TRUE,TRUE,TRUE
1427,DAKCFMEO_01445,BJEIHDPM_04951,WP_011104492.1,DAKCFMEO_01445,WP_011104492.1,TRUE,p25_in_GeneB__dc_in_GeneA,OG0003383,TRUE,TRUE,TRUE
1428,DAKCFMEO_01446,BJEIHDPM_04952,WP_007246058.1,DAKCFMEO_01446,WP_007246058.1,FALSE,,,TRUE,FALSE,FALSE
1429,DAKCFMEO_01447,BJEIHDPM_04953,WP_011104493.1,DAKCFMEO_01447,WP_011104493.1,TRUE,p25_in_GeneB__dc_in_GeneA,OG0003384,TRUE,TRUE,TRUE
1430,DAKCFMEO_01448,BJEIHDPM_04954,WP_011104494.1,DAKCFMEO_01448,WP_011104494.1,FALSE,,,TRUE,FALSE,FALSE
1431,DAKCFMEO_01449,BJEIHDPM_04955,WP_007246056.1,DAKCFMEO_01449,WP_007246056.1,TRUE,p25_in_GeneB__dc_in_GeneA,OG0002630,TRUE,TRUE,TRUE
1432,DAKCFMEO_01450,BJEIHDPM_04956,WP_005618920.1,DAKCFMEO_01450,WP_005618920.1,FALSE,,,TRUE,FALSE,FALSE
1433,DAKCFMEO_01451,BJEIHDPM_04957,WP_005767347.1,DAKCFMEO_01451,WP_005767347.1,FALSE,,,TRUE,FALSE,FALSE
1434,DAKCFMEO_01452,BJEIHDPM_04958,WP_010211386.1,DAKCFMEO_01452,WP_010211386.1,FALSE,,,TRUE,FALSE,FALSE
1435,DAKCFMEO_01453,BJEIHDPM_04959,WP_005767349.1,DAKCFMEO_01453,WP_005767349.1,TRUE,p25_in_GeneB__dc_in_GeneA,OG0001953,TRUE,TRUE,TRUE
1436,DAKCFMEO_01454,BJEIHDPM_04960,WP_005767351.1,DAKCFMEO_01454,WP_005767351.1,FALSE,,,TRUE,FALSE,FALSE
1437,DAKCFMEO_01455,BJEIHDPM_04961,WP_005767352.1,DAKCFMEO_01455,WP_005767352.1,TRUE,p25_in_GeneB__dc_in_GeneA,OG0001954,TRUE,TRUE,TRUE
1438,DAKCFMEO_01456,BJEIHDPM_04962,,DAKCFMEO_01456,NA,FALSE,,,FALSE,FALSE,FALSE
1439,DAKCFMEO_01457,BJEIHDPM_04963,WP_011104495.1,DAKCFMEO_01457,WP_011104495.1,TRUE,p25_in_GeneB__dc_in_GeneA,OG0003385,TRUE,TRUE,TRUE
1440,DAKCFMEO_01458,BJEIHDPM_04964,WP_011104496.1,DAKCFMEO_01458,WP_011104496.1,TRUE,p25_in_GeneB__dc_in_GeneA,OG0003386,TRUE,TRUE,TRUE
1441,DAKCFMEO_01459,BJEIHDPM_04965,WP_005767359.1,DAKCFMEO_01459,WP_005767359.1,TRUE,p25_in_GeneB__dc_in_GeneA,OG0001956,TRUE,TRUE,TRUE
1442,DAKCFMEO_01460,BJEIHDPM_04966,,DAKCFMEO_01460,NA,FALSE,,,FALSE,FALSE,FALSE
1443,DAKCFMEO_01461,BJEIHDPM_04967,,DAKCFMEO_01461,NA,FALSE,,,FALSE,FALSE,FALSE
1444,DAKCFMEO_01462,BJEIHDPM_04968,,DAKCFMEO_01462,NA,FALSE,,,FALSE,FALSE,FALSE
1445,DAKCFMEO_01463,BJEIHDPM_04969,WP_007244820.1,DAKCFMEO_01463,WP_007244820.1,FALSE,,,TRUE,FALSE,FALSE
1446,DAKCFMEO_01464,BJEIHDPM_04970,,DAKCFMEO_01464,NA,FALSE,,,FALSE,FALSE,FALSE
1447,DAKCFMEO_01465,BJEIHDPM_04971,WP_005763862.1,DAKCFMEO_01465,WP_005763862.1,FALSE,,,TRUE,FALSE,FALSE
1448,DAKCFMEO_01466,BJEIHDPM_04972,,DAKCFMEO_01466,NA,FALSE,,,FALSE,FALSE,FALSE
1449,DAKCFMEO_01467,BJEIHDPM_04973,,DAKCFMEO_01467,NA,FALSE,,,FALSE,FALSE,FALSE
1450,DAKCFMEO_01468,BJEIHDPM_04974,,DAKCFMEO_01468,NA,FALSE,,,FALSE,FALSE,FALSE
1451,DAKCFMEO_01469,BJEIHDPM_04975,WP_003375709.1,DAKCFMEO_01469,WP_003375709.1,FALSE,,,TRUE,FALSE,FALSE
1452,DAKCFMEO_01470,BJEIHDPM_04976,WP_003375712.1,DAKCFMEO_01470,WP_003375712.1,FALSE,,,TRUE,FALSE,FALSE
1453,DAKCFMEO_01471,BJEIHDPM_04977,,DAKCFMEO_01471,NA,FALSE,,,FALSE,FALSE,FALSE
1454,DAKCFMEO_01472,BJEIHDPM_04978,,DAKCFMEO_01472,NA,FALSE,,,FALSE,FALSE,FALSE
1455,DAKCFMEO_01473,BJEIHDPM_04979,,DAKCFMEO_01473,NA,FALSE,,,FALSE,FALSE,FALSE
1456,DAKCFMEO_01474,BJEIHDPM_04980,,DAKCFMEO_01474,NA,FALSE,,,FALSE,FALSE,FALSE
1457,DAKCFMEO_01475,BJEIHDPM_04981,,DAKCFMEO_01475,NA,FALSE,,,FALSE,FALSE,FALSE
1458,DAKCFMEO_01476,BJEIHDPM_04982,,DAKCFMEO_01476,NA,FALSE,,,FALSE,FALSE,FALSE
1459,DAKCFMEO_01477,BJEIHDPM_04983,,DAKCFMEO_01477,NA,FALSE,,,FALSE,FALSE,FALSE
1460,DAKCFMEO_01478,BJEIHDPM_04984,,DAKCFMEO_01478,NA,FALSE,,,FALSE,FALSE,FALSE
1461,DAKCFMEO_01479,BJEIHDPM_04985,,DAKCFMEO_01479,NA,FALSE,,,FALSE,FALSE,FALSE
1462,DAKCFMEO_01480,BJEIHDPM_04986,,DAKCFMEO_01480,NA,FALSE,,,FALSE,FALSE,FALSE
1463,DAKCFMEO_01481,BJEIHDPM_04987,,DAKCFMEO_01481,NA,FALSE,,,FALSE,FALSE,FALSE
1464,DAKCFMEO_01482,BJEIHDPM_04988,,DAKCFMEO_01482,NA,FALSE,,,FALSE,FALSE,FALSE
1465,DAKCFMEO_01483,BJEIHDPM_04989,,DAKCFMEO_01483,NA,FALSE,,,FALSE,FALSE,FALSE
1466,DAKCFMEO_01484,BJEIHDPM_04990,,DAKCFMEO_01484,NA,FALSE,,,FALSE,FALSE,FALSE
1467,DAKCFMEO_01485,BJEIHDPM_04991,WP_005763897.1,DAKCFMEO_01485,WP_005763897.1,FALSE,,,TRUE,FALSE,FALSE
1468,DAKCFMEO_01486,BJEIHDPM_04992,,DAKCFMEO_01486,NA,FALSE,,,FALSE,FALSE,FALSE
1469,DAKCFMEO_01487,BJEIHDPM_04993,,DAKCFMEO_01487,NA,FALSE,,,FALSE,FALSE,FALSE
1470,DAKCFMEO_01488,BJEIHDPM_04994,,DAKCFMEO_01488,NA,FALSE,,,FALSE,FALSE,FALSE
1471,DAKCFMEO_01489,BJEIHDPM_04995,,DAKCFMEO_01489,NA,FALSE,,,FALSE,FALSE,FALSE
1472,DAKCFMEO_01490,BJEIHDPM_04996,WP_011104498.1,DAKCFMEO_01490,WP_011104498.1,TRUE,p25_in_GeneB__dc_in_GeneA,OG0003387,TRUE,TRUE,TRUE
1473,DAKCFMEO_01491,BJEIHDPM_04997,WP_005767364.1,DAKCFMEO_01491,WP_005767364.1,TRUE,p25_in_GeneB__dc_in_GeneA,OG0001957,TRUE,TRUE,TRUE
1474,DAKCFMEO_01492,BJEIHDPM_04998,WP_005767365.1,DAKCFMEO_01492,WP_005767365.1,FALSE,,,TRUE,FALSE,FALSE
1475,DAKCFMEO_01493,BJEIHDPM_04999,WP_007246047.1,DAKCFMEO_01493,WP_007246047.1,TRUE,p25_in_GeneB__dc_in_GeneA,OG0002629,TRUE,TRUE,TRUE
1476,DAKCFMEO_01494,BJEIHDPM_05000,WP_005767369.1,DAKCFMEO_01494,WP_005767369.1,TRUE,p25_in_GeneB__dc_in_GeneA,OG0001958,TRUE,TRUE,TRUE
1477,DAKCFMEO_01495,BJEIHDPM_05001,WP_011104500.1,DAKCFMEO_01495,WP_011104500.1,FALSE,,,TRUE,FALSE,FALSE
1478,DAKCFMEO_01496,BJEIHDPM_05002,WP_002553978.1,DAKCFMEO_01496,WP_002553978.1,TRUE,p25_in_GeneB__dc_in_GeneA,OG0000666,TRUE,TRUE,TRUE
1479,DAKCFMEO_01498,BJEIHDPM_05004,,DAKCFMEO_01498,NA,FALSE,,,FALSE,FALSE,FALSE
1480,DAKCFMEO_01499,BJEIHDPM_05005,,DAKCFMEO_01499,NA,FALSE,,,FALSE,FALSE,FALSE
1481,DAKCFMEO_01500,BJEIHDPM_05006,,DAKCFMEO_01500,NA,FALSE,,,FALSE,FALSE,FALSE
1482,DAKCFMEO_01501,BJEIHDPM_05007,WP_005767378.1,DAKCFMEO_01501,WP_005767378.1,TRUE,p25_in_GeneB__dc_in_GeneA,OG0001959,TRUE,TRUE,TRUE
1483,DAKCFMEO_01502,BJEIHDPM_05008,WP_011104502.1,DAKCFMEO_01502,WP_011104502.1,TRUE,p25_in_GeneB__dc_in_GeneA,OG0003389,TRUE,TRUE,TRUE
1484,DAKCFMEO_01503,BJEIHDPM_05009,WP_011104503.1,DAKCFMEO_01503,WP_011104503.1,TRUE,p25_in_GeneB__dc_in_GeneA,OG0003390,TRUE,TRUE,TRUE
1485,DAKCFMEO_01504,BJEIHDPM_05010,WP_005767383.1,DAKCFMEO_01504,WP_005767383.1,TRUE,p25_in_GeneB__dc_in_GeneA,OG0001960,TRUE,TRUE,TRUE
1486,DAKCFMEO_01505,BJEIHDPM_05011,WP_011104504.1,DAKCFMEO_01505,WP_011104504.1,TRUE,p25_in_GeneB__dc_in_GeneA,OG0003391,TRUE,TRUE,TRUE
1487,DAKCFMEO_01506,BJEIHDPM_05012,WP_005767387.1,DAKCFMEO_01506,WP_005767387.1,TRUE,p25_in_GeneB__dc_in_GeneA,OG0001961,TRUE,TRUE,TRUE
1488,DAKCFMEO_01507,BJEIHDPM_05013,WP_005618952.1,DAKCFMEO_01507,WP_005618952.1,TRUE,p25_in_GeneB__dc_in_GeneA,OG0001191,TRUE,TRUE,TRUE
1489,DAKCFMEO_01508,BJEIHDPM_05014,WP_011104505.1,DAKCFMEO_01508,WP_011104505.1,TRUE,p25_in_GeneB__dc_in_GeneA,OG0003392,TRUE,TRUE,TRUE
1490,DAKCFMEO_01509,BJEIHDPM_05015,WP_011104506.1,DAKCFMEO_01509,WP_011104506.1,FALSE,,,TRUE,FALSE,FALSE
1491,DAKCFMEO_01510,BJEIHDPM_05016,WP_011104507.1,DAKCFMEO_01510,WP_011104507.1,TRUE,p25_in_GeneB__dc_in_GeneA,OG0003393,TRUE,TRUE,TRUE
1492,DAKCFMEO_01511,BJEIHDPM_05017,WP_005767395.1,DAKCFMEO_01511,WP_005767395.1,TRUE,p25_in_GeneB__dc_in_GeneA,OG0001962,TRUE,TRUE,TRUE
1493,DAKCFMEO_01512,BJEIHDPM_05018,WP_010200894.1,DAKCFMEO_01512,WP_010200894.1,TRUE,p25_in_GeneB__dc_in_GeneA,OG0002718,TRUE,TRUE,TRUE
1494,DAKCFMEO_01513,BJEIHDPM_05019,WP_005767399.1,DAKCFMEO_01513,WP_005767399.1,TRUE,p25_in_GeneB__dc_in_GeneA,OG0001963,TRUE,TRUE,TRUE
1495,DAKCFMEO_01514,BJEIHDPM_05020,WP_005767401.1,DAKCFMEO_01514,WP_005767401.1,TRUE,p25_in_GeneB__dc_in_GeneA,OG0001964,TRUE,TRUE,TRUE
1496,DAKCFMEO_01515,BJEIHDPM_05021,WP_003405083.1,DAKCFMEO_01515,WP_003405083.1,TRUE,p25_in_GeneB__dc_in_GeneA,OG0001065,TRUE,TRUE,TRUE
1497,DAKCFMEO_01516,BJEIHDPM_05022,WP_011104508.1,DAKCFMEO_01516,WP_011104508.1,TRUE,p25_in_GeneB__dc_in_GeneA,OG0003394,TRUE,TRUE,TRUE
1498,DAKCFMEO_01517,BJEIHDPM_05023,WP_003380148.1,DAKCFMEO_01517,WP_003380148.1,TRUE,p25_in_GeneB__dc_in_GeneA,OG0000933,TRUE,TRUE,TRUE
1499,DAKCFMEO_01518,BJEIHDPM_05024,WP_044392708.1,DAKCFMEO_01518,WP_044392708.1,TRUE,p25_in_GeneB__dc_in_GeneA,OG0003918,TRUE,TRUE,TRUE
1500,DAKCFMEO_01519,BJEIHDPM_05025,,DAKCFMEO_01519,NA,FALSE,,,FALSE,FALSE,FALSE
1501,DAKCFMEO_01520,BJEIHDPM_05026,,DAKCFMEO_01520,NA,FALSE,,,FALSE,FALSE,FALSE
1502,DAKCFMEO_01521,BJEIHDPM_05027,WP_011104510.1,DAKCFMEO_01521,WP_011104510.1,TRUE,p25_in_GeneB__dc_in_GeneA,OG0003395,TRUE,TRUE,TRUE
1503,DAKCFMEO_01522,BJEIHDPM_05028,WP_003380135.1,DAKCFMEO_01522,WP_003380135.1,TRUE,p25_in_GeneB__dc_in_GeneA,OG0000932,TRUE,TRUE,TRUE
1504,DAKCFMEO_01523,BJEIHDPM_05029,WP_011104511.1,DAKCFMEO_01523,WP_011104511.1,TRUE,p25_in_GeneB__dc_in_GeneA,OG0003396,TRUE,TRUE,TRUE
1505,DAKCFMEO_01524,BJEIHDPM_05030,WP_005767416.1,DAKCFMEO_01524,WP_005767416.1,TRUE,p25_in_GeneB__dc_in_GeneA,OG0001965,TRUE,TRUE,TRUE
1506,DAKCFMEO_01525,BJEIHDPM_05031,WP_003380132.1,DAKCFMEO_01525,WP_003380132.1,TRUE,p25_in_GeneB__dc_in_GeneA,OG0000931,TRUE,TRUE,TRUE
1507,DAKCFMEO_01526,BJEIHDPM_05032,WP_007246030.1,DAKCFMEO_01526,WP_007246030.1,TRUE,p25_in_GeneB__dc_in_GeneA,OG0002628,TRUE,TRUE,TRUE
1508,DAKCFMEO_01527,BJEIHDPM_05033,WP_005767420.1,DAKCFMEO_01527,WP_005767420.1,TRUE,p25_in_GeneB__dc_in_GeneA,OG0001966,TRUE,TRUE,TRUE
1509,DAKCFMEO_01528,BJEIHDPM_05034,WP_011104512.1,DAKCFMEO_01528,WP_011104512.1,TRUE,p25_in_GeneB__dc_in_GeneA,OG0003397,TRUE,TRUE,TRUE
1510,DAKCFMEO_01529,BJEIHDPM_05035,WP_011104513.1,DAKCFMEO_01529,WP_011104513.1,TRUE,p25_in_GeneB__dc_in_GeneA,OG0003398,TRUE,TRUE,TRUE
1511,DAKCFMEO_01530,BJEIHDPM_05036,WP_002554011.1,DAKCFMEO_01530,WP_002554011.1,TRUE,p25_in_GeneB__dc_in_GeneA,OG0000667,TRUE,TRUE,TRUE
1512,DAKCFMEO_01531,BJEIHDPM_05037,WP_002554012.1,DAKCFMEO_01531,WP_002554012.1,TRUE,p25_in_GeneB__dc_in_GeneA,OG0000668,TRUE,TRUE,TRUE
1513,DAKCFMEO_01532,BJEIHDPM_05038,WP_005619059.1,DAKCFMEO_01532,WP_005619059.1,TRUE,p25_in_GeneB__dc_in_GeneA,OG0001192,TRUE,TRUE,TRUE
1514,DAKCFMEO_01533,BJEIHDPM_05039,WP_003380120.1,DAKCFMEO_01533,WP_003380120.1,TRUE,p25_in_GeneB__dc_in_GeneA,OG0000930,TRUE,TRUE,TRUE
1515,DAKCFMEO_01534,BJEIHDPM_05040,WP_011104514.1,DAKCFMEO_01534,WP_011104514.1,TRUE,p25_in_GeneB__dc_in_GeneA,OG0003399,TRUE,TRUE,TRUE
1516,DAKCFMEO_01535,BJEIHDPM_05041,WP_007246028.1,DAKCFMEO_01535,WP_007246028.1,TRUE,p25_in_GeneB__dc_in_GeneA,OG0002627,TRUE,TRUE,TRUE
1517,DAKCFMEO_01536,BJEIHDPM_05042,WP_003411662.1,DAKCFMEO_01536,WP_003411662.1,TRUE,p25_in_GeneB__dc_in_GeneA,OG0001068,TRUE,TRUE,TRUE
1518,DAKCFMEO_01537,BJEIHDPM_05043,WP_003380115.1,DAKCFMEO_01537,WP_003380115.1,TRUE,p25_in_GeneB__dc_in_GeneA,OG0000929,TRUE,TRUE,TRUE
1519,DAKCFMEO_01538,BJEIHDPM_05044,WP_003380113.1,DAKCFMEO_01538,WP_003380113.1,TRUE,p25_in_GeneB__dc_in_GeneA,OG0000928,TRUE,TRUE,TRUE
1520,DAKCFMEO_01539,BJEIHDPM_05045,WP_003380111.1,DAKCFMEO_01539,WP_003380111.1,TRUE,p25_in_GeneB__dc_in_GeneA,OG0000927,TRUE,TRUE,TRUE
1521,DAKCFMEO_01540,BJEIHDPM_05046,WP_007246027.1,DAKCFMEO_01540,WP_007246027.1,TRUE,p25_in_GeneB__dc_in_GeneA,OG0002626,TRUE,TRUE,TRUE
1522,DAKCFMEO_01541,BJEIHDPM_05047,WP_005619067.1,DAKCFMEO_01541,WP_005619067.1,TRUE,p25_in_GeneB__dc_in_GeneA,OG0001193,TRUE,TRUE,TRUE
1523,DAKCFMEO_01542,BJEIHDPM_05048,WP_011104515.1,DAKCFMEO_01542,WP_011104515.1,TRUE,p25_in_GeneB__dc_in_GeneA,OG0003400,TRUE,TRUE,TRUE
1524,DAKCFMEO_01543,BJEIHDPM_05049,WP_011104516.1,DAKCFMEO_01543,WP_011104516.1,TRUE,p25_in_GeneB__dc_in_GeneA,OG0003401,TRUE,TRUE,TRUE
1525,DAKCFMEO_01544,BJEIHDPM_05050,WP_011104517.1,DAKCFMEO_01544,WP_011104517.1,TRUE,p25_in_GeneB__dc_in_GeneA,OG0003402,TRUE,TRUE,TRUE
1526,DAKCFMEO_01545,BJEIHDPM_05051,WP_011104518.1,DAKCFMEO_01545,WP_011104518.1,TRUE,p25_in_GeneB__dc_in_GeneA,OG0003403,TRUE,TRUE,TRUE
1527,DAKCFMEO_01546,BJEIHDPM_05052,WP_007246025.1,DAKCFMEO_01546,WP_007246025.1,TRUE,p25_in_GeneB__dc_in_GeneA,OG0002625,TRUE,TRUE,TRUE
1528,DAKCFMEO_01547,BJEIHDPM_05053,WP_005767446.1,DAKCFMEO_01547,WP_005767446.1,TRUE,p25_in_GeneB__dc_in_GeneA,OG0001967,TRUE,TRUE,TRUE
1529,DAKCFMEO_01548,BJEIHDPM_05054,WP_005767449.1,DAKCFMEO_01548,WP_005767449.1,TRUE,p25_in_GeneB__dc_in_GeneA,OG0001968,TRUE,TRUE,TRUE
1530,DAKCFMEO_01549,BJEIHDPM_05055,WP_005760695.1,DAKCFMEO_01549,WP_005760695.1,TRUE,p25_in_GeneB__dc_in_GeneA,OG0001308,TRUE,TRUE,TRUE
1531,DAKCFMEO_01550,BJEIHDPM_01751,WP_005621919.1,DAKCFMEO_01550,WP_005621919.1,TRUE,p25_in_GeneB__dc_in_GeneA,OG0001233,TRUE,TRUE,TRUE
1532,DAKCFMEO_01551,BJEIHDPM_01750,WP_005768313.1,DAKCFMEO_01551,WP_005768313.1,TRUE,p25_in_GeneB__dc_in_GeneA,OG0002067,TRUE,TRUE,TRUE
1533,DAKCFMEO_01552,BJEIHDPM_01749,WP_003378342.1,DAKCFMEO_01552,WP_003378342.1,TRUE,p25_in_GeneB__dc_in_GeneA,OG0000866,TRUE,TRUE,TRUE
1534,DAKCFMEO_01553,BJEIHDPM_01748,WP_005768314.1,DAKCFMEO_01553,WP_005768314.1,TRUE,p25_in_GeneB__dc_in_GeneA,OG0002068,TRUE,TRUE,TRUE
1535,DAKCFMEO_01554,BJEIHDPM_01747,WP_005768316.1,DAKCFMEO_01554,WP_005768316.1,FALSE,,,TRUE,FALSE,FALSE
1536,DAKCFMEO_01555,BJEIHDPM_01746,WP_005768318.1,DAKCFMEO_01555,WP_005768318.1,TRUE,p25_in_GeneB__dc_in_GeneA,OG0002069,TRUE,TRUE,TRUE
1537,DAKCFMEO_01556,BJEIHDPM_01745,WP_011105542.1,DAKCFMEO_01556,WP_011105542.1,FALSE,,,TRUE,FALSE,FALSE
1538,DAKCFMEO_01557,BJEIHDPM_01744,,DAKCFMEO_01557,NA,FALSE,,,FALSE,FALSE,FALSE
1539,DAKCFMEO_01558,BJEIHDPM_01743,WP_005768321.1,DAKCFMEO_01558,WP_005768321.1,TRUE,p25_in_GeneB__dc_in_GeneA,OG0002070,TRUE,TRUE,TRUE
1540,DAKCFMEO_01559,BJEIHDPM_01742,WP_005768325.1,DAKCFMEO_01559,WP_005768325.1,TRUE,p25_in_GeneB__dc_in_GeneA,OG0002071,TRUE,TRUE,TRUE
1541,DAKCFMEO_01560,BJEIHDPM_01741,WP_005768326.1,DAKCFMEO_01560,WP_005768326.1,TRUE,p25_in_GeneB__dc_in_GeneA,OG0002072,TRUE,TRUE,TRUE
1542,DAKCFMEO_01561,BJEIHDPM_01740,WP_011105540.1,DAKCFMEO_01561,WP_011105540.1,TRUE,p25_in_GeneB__dc_in_GeneA,OG0003810,TRUE,TRUE,TRUE
1543,DAKCFMEO_01562,BJEIHDPM_01739,WP_011105539.1,DAKCFMEO_01562,WP_011105539.1,FALSE,,,TRUE,FALSE,FALSE
1544,DAKCFMEO_01563,BJEIHDPM_01738,WP_011105538.1,DAKCFMEO_01563,WP_011105538.1,TRUE,p25_in_GeneB__dc_in_GeneA,OG0003809,TRUE,TRUE,TRUE
1545,DAKCFMEO_01564,BJEIHDPM_01737,WP_011105537.1,DAKCFMEO_01564,WP_011105537.1,TRUE,p25_in_GeneB__dc_in_GeneA,OG0003808,TRUE,TRUE,TRUE
1546,DAKCFMEO_01565,BJEIHDPM_01736,WP_011105536.1,DAKCFMEO_01565,WP_011105536.1,TRUE,p25_in_GeneB__dc_in_GeneA,OG0003807,TRUE,TRUE,TRUE
1547,DAKCFMEO_01566,BJEIHDPM_01735,WP_011105535.1,DAKCFMEO_01566,WP_011105535.1,FALSE,,,TRUE,FALSE,FALSE
1548,DAKCFMEO_01567,BJEIHDPM_01734,WP_005768334.1,DAKCFMEO_01567,WP_005768334.1,TRUE,p25_in_GeneB__dc_in_GeneA,OG0002073,TRUE,TRUE,TRUE
1549,DAKCFMEO_01568,BJEIHDPM_01733,WP_005768336.1,DAKCFMEO_01568,WP_005768336.1,FALSE,,,TRUE,FALSE,FALSE
1550,DAKCFMEO_01569,BJEIHDPM_01732,WP_011105534.1,DAKCFMEO_01569,WP_011105534.1,TRUE,p25_in_GeneB__dc_in_GeneA,OG0003806,TRUE,TRUE,TRUE
1551,DAKCFMEO_01570,BJEIHDPM_01731,WP_007244998.1,DAKCFMEO_01570,WP_007244998.1,TRUE,p25_in_GeneB__dc_in_GeneA,OG0002556,TRUE,TRUE,TRUE
1552,DAKCFMEO_01571,BJEIHDPM_01730,WP_005739655.1,DAKCFMEO_01571,WP_005739655.1,TRUE,p25_in_GeneB__dc_in_GeneA,OG0001292,TRUE,TRUE,TRUE
1553,DAKCFMEO_01572,BJEIHDPM_01729,WP_005768341.1,DAKCFMEO_01572,WP_005768341.1,TRUE,p25_in_GeneB__dc_in_GeneA,OG0002074,TRUE,TRUE,TRUE
1554,DAKCFMEO_01573,BJEIHDPM_01728,,DAKCFMEO_01573,NA,FALSE,,,FALSE,FALSE,FALSE
1555,DAKCFMEO_01574,BJEIHDPM_01727,WP_003340324.1,DAKCFMEO_01574,WP_003340324.1,TRUE,p25_in_GeneB__dc_in_GeneA,OG0000747,TRUE,TRUE,TRUE
1556,DAKCFMEO_01575,BJEIHDPM_01726,WP_011105529.1,DAKCFMEO_01575,WP_011105529.1,TRUE,p25_in_GeneB__dc_in_GeneA,OG0003805,TRUE,TRUE,TRUE
1557,DAKCFMEO_01576,BJEIHDPM_01725,WP_003378385.1,DAKCFMEO_01576,WP_003378385.1,TRUE,p25_in_GeneB__dc_in_GeneA,OG0000867,TRUE,TRUE,TRUE
1558,DAKCFMEO_01577,BJEIHDPM_01724,WP_005621857.1,DAKCFMEO_01577,WP_005621857.1,TRUE,p25_in_GeneB__dc_in_GeneA,OG0001232,TRUE,TRUE,TRUE
1559,DAKCFMEO_01578,BJEIHDPM_01723,WP_011105527.1,DAKCFMEO_01578,WP_011105527.1,TRUE,p25_in_GeneB__dc_in_GeneA,OG0003804,TRUE,TRUE,TRUE
1560,DAKCFMEO_01579,BJEIHDPM_01722,WP_003378389.1,DAKCFMEO_01579,WP_003378389.1,TRUE,p25_in_GeneB__dc_in_GeneA,OG0000868,TRUE,TRUE,TRUE
1561,DAKCFMEO_01580,BJEIHDPM_01721,WP_057443137.1,DAKCFMEO_01580,WP_057443137.1,FALSE,,,TRUE,FALSE,FALSE
1562,DAKCFMEO_01581,BJEIHDPM_01720,WP_005768354.1,DAKCFMEO_01581,WP_005768354.1,TRUE,p25_in_GeneB__dc_in_GeneA,OG0002075,TRUE,TRUE,TRUE
1563,DAKCFMEO_01582,BJEIHDPM_01719,WP_005768357.1,DAKCFMEO_01582,WP_005768357.1,TRUE,p25_in_GeneB__dc_in_GeneA,OG0002076,TRUE,TRUE,TRUE
1564,DAKCFMEO_01583,BJEIHDPM_01718,WP_046464027.1,DAKCFMEO_01583,WP_046464027.1,TRUE,p25_in_GeneB__dc_in_GeneA,OG0004055,TRUE,TRUE,TRUE
1565,DAKCFMEO_01584,BJEIHDPM_01717,WP_011105523.1,DAKCFMEO_01584,WP_011105523.1,FALSE,,,TRUE,FALSE,FALSE
1566,DAKCFMEO_01585,BJEIHDPM_01716,WP_003378397.1,DAKCFMEO_01585,WP_003378397.1,TRUE,p25_in_GeneB__dc_in_GeneA,OG0000869,TRUE,TRUE,TRUE
1567,DAKCFMEO_01586,BJEIHDPM_01715,,DAKCFMEO_01586,NA,FALSE,,,FALSE,FALSE,FALSE
1568,DAKCFMEO_01587,BJEIHDPM_01714,WP_005768363.1,DAKCFMEO_01587,WP_005768363.1,TRUE,p25_in_GeneB__dc_in_GeneA,OG0002077,TRUE,TRUE,TRUE
1569,DAKCFMEO_01588,BJEIHDPM_01713,,DAKCFMEO_01588,NA,FALSE,,,FALSE,FALSE,FALSE
1570,DAKCFMEO_01589,BJEIHDPM_01712,WP_046464026.1,DAKCFMEO_01589,WP_046464026.1,TRUE,p25_in_GeneB__dc_in_GeneA,OG0004054,TRUE,TRUE,TRUE
1571,DAKCFMEO_01590,BJEIHDPM_01711,WP_003383143.1,DAKCFMEO_01590,WP_003383143.1,TRUE,p25_in_GeneB__dc_in_GeneA,OG0001052,TRUE,TRUE,TRUE
1572,DAKCFMEO_01591,BJEIHDPM_01710,WP_007245011.1,DAKCFMEO_01591,WP_007245011.1,FALSE,,,TRUE,FALSE,FALSE
1573,DAKCFMEO_01592,BJEIHDPM_01709,WP_003383141.1,DAKCFMEO_01592,WP_003383141.1,TRUE,p25_in_GeneB__dc_in_GeneA,OG0001051,TRUE,TRUE,TRUE
1574,DAKCFMEO_01593,BJEIHDPM_01708,,DAKCFMEO_01593,NA,FALSE,,,FALSE,FALSE,FALSE
1575,DAKCFMEO_01594,BJEIHDPM_01707,WP_007245012.1,DAKCFMEO_01594,WP_007245012.1,TRUE,p25_in_GeneB__dc_in_GeneA,OG0002557,TRUE,TRUE,TRUE
1576,DAKCFMEO_01595,BJEIHDPM_01706,WP_011105520.1,DAKCFMEO_01595,WP_011105520.1,TRUE,p25_in_GeneB__dc_in_GeneA,OG0003803,TRUE,TRUE,TRUE
1577,DAKCFMEO_01596,BJEIHDPM_01705,WP_003383136.1,DAKCFMEO_01596,WP_003383136.1,TRUE,p25_in_GeneB__dc_in_GeneA,OG0001050,TRUE,TRUE,TRUE
1578,DAKCFMEO_01597,BJEIHDPM_01704,WP_011105519.1,DAKCFMEO_01597,WP_011105519.1,TRUE,p25_in_GeneB__dc_in_GeneA,OG0003802,TRUE,TRUE,TRUE
1579,DAKCFMEO_01598,BJEIHDPM_01703,WP_003383132.1,DAKCFMEO_01598,WP_003383132.1,TRUE,p25_in_GeneB__dc_in_GeneA,OG0001049,TRUE,TRUE,TRUE
1580,DAKCFMEO_01599,BJEIHDPM_01702,WP_024658065.1,DAKCFMEO_01599,WP_024658065.1,TRUE,p25_in_GeneB__dc_in_GeneA,OG0003858,TRUE,TRUE,TRUE
1581,DAKCFMEO_01600,BJEIHDPM_01701,WP_024667547.1,DAKCFMEO_01600,WP_024667547.1,TRUE,p25_in_GeneB__dc_in_GeneA,OG0003873,TRUE,TRUE,TRUE
1582,DAKCFMEO_01601,BJEIHDPM_01700,WP_011105516.1,DAKCFMEO_01601,WP_011105516.1,TRUE,p25_in_GeneB__dc_in_GeneA,OG0003801,TRUE,TRUE,TRUE
1583,DAKCFMEO_01602,BJEIHDPM_01699,WP_003383126.1,DAKCFMEO_01602,WP_003383126.1,TRUE,p25_in_GeneB__dc_in_GeneA,OG0001048,TRUE,TRUE,TRUE
1584,DAKCFMEO_01603,BJEIHDPM_01698,WP_011105515.1,DAKCFMEO_01603,WP_011105515.1,TRUE,p25_in_GeneB__dc_in_GeneA,OG0003800,TRUE,TRUE,TRUE
1585,DAKCFMEO_01604,BJEIHDPM_01697,WP_005768387.1,DAKCFMEO_01604,WP_005768387.1,FALSE,,,TRUE,FALSE,FALSE
1586,DAKCFMEO_01605,BJEIHDPM_01696,WP_003383123.1,DAKCFMEO_01605,WP_003383123.1,TRUE,p25_in_GeneB__dc_in_GeneA,OG0001047,TRUE,TRUE,TRUE
1587,DAKCFMEO_01606,BJEIHDPM_01695,WP_011105514.1,DAKCFMEO_01606,WP_011105514.1,TRUE,p25_in_GeneB__dc_in_GeneA,OG0003799,TRUE,TRUE,TRUE
1588,DAKCFMEO_01607,BJEIHDPM_01694,WP_005768392.1,DAKCFMEO_01607,WP_005768392.1,TRUE,p25_in_GeneB__dc_in_GeneA,OG0002078,TRUE,TRUE,TRUE
1589,DAKCFMEO_01608,BJEIHDPM_01693,WP_005768393.1,DAKCFMEO_01608,WP_005768393.1,TRUE,p25_in_GeneB__dc_in_GeneA,OG0002079,TRUE,TRUE,TRUE
1590,DAKCFMEO_01609,BJEIHDPM_01692,WP_044392973.1,DAKCFMEO_01609,WP_044392973.1,TRUE,p25_in_GeneB__dc_in_GeneA,OG0003920,TRUE,TRUE,TRUE
1591,DAKCFMEO_01610,BJEIHDPM_01691,WP_011105513.1,DAKCFMEO_01610,WP_011105513.1,TRUE,p25_in_GeneB__dc_in_GeneA,OG0003798,TRUE,TRUE,TRUE
1592,DAKCFMEO_01611,BJEIHDPM_01690,WP_011105512.1,DAKCFMEO_01611,WP_011105512.1,TRUE,p25_in_GeneB__dc_in_GeneA,OG0003797,TRUE,TRUE,TRUE
1593,DAKCFMEO_01612,BJEIHDPM_01689,WP_011105511.1,DAKCFMEO_01612,WP_011105511.1,TRUE,p25_in_GeneB__dc_in_GeneA,OG0003796,TRUE,TRUE,TRUE
1594,DAKCFMEO_01613,BJEIHDPM_04790,WP_007245851.1,DAKCFMEO_01613,WP_007245851.1,TRUE,p25_in_GeneB__dc_in_GeneA,OG0002611,TRUE,TRUE,TRUE
1595,DAKCFMEO_01614,BJEIHDPM_04791,WP_011104404.1,DAKCFMEO_01614,WP_011104404.1,TRUE,p25_in_GeneB__dc_in_GeneA,OG0003347,TRUE,TRUE,TRUE
1596,DAKCFMEO_01615,BJEIHDPM_04792,WP_011104405.1,DAKCFMEO_01615,WP_011104405.1,TRUE,p25_in_GeneB__dc_in_GeneA,OG0003348,TRUE,TRUE,TRUE
1597,DAKCFMEO_01616,BJEIHDPM_04793,WP_005766271.1,DAKCFMEO_01616,WP_005766271.1,TRUE,p25_in_GeneB__dc_in_GeneA,OG0001809,TRUE,TRUE,TRUE
1598,DAKCFMEO_01617,BJEIHDPM_04794,WP_005766274.1,DAKCFMEO_01617,WP_005766274.1,TRUE,p25_in_GeneB__dc_in_GeneA,OG0001810,TRUE,TRUE,TRUE
1599,DAKCFMEO_01618,BJEIHDPM_04795,WP_011104406.1,DAKCFMEO_01618,WP_011104406.1,TRUE,p25_in_GeneB__dc_in_GeneA,OG0003349,TRUE,TRUE,TRUE
1600,DAKCFMEO_01619,BJEIHDPM_04796,WP_046463313.1,DAKCFMEO_01619,WP_046463313.1,TRUE,p25_in_GeneB__dc_in_GeneA,OG0003937,TRUE,TRUE,TRUE
1601,DAKCFMEO_01620,BJEIHDPM_04797,WP_011104407.1,DAKCFMEO_01620,WP_011104407.1,TRUE,p25_in_GeneB__dc_in_GeneA,OG0003350,TRUE,TRUE,TRUE
1602,DAKCFMEO_01621,BJEIHDPM_04798,,DAKCFMEO_01621,NA,FALSE,,,FALSE,FALSE,FALSE
1603,DAKCFMEO_01622,BJEIHDPM_04799,WP_007245963.1,DAKCFMEO_01622,WP_007245963.1,TRUE,p25_in_GeneB__dc_in_GeneA,OG0002616,TRUE,TRUE,TRUE
1604,DAKCFMEO_01623,BJEIHDPM_04800,WP_005762812.1,DAKCFMEO_01623,WP_005762812.1,TRUE,p25_in_GeneB__dc_in_GeneA,OG0001359,TRUE,TRUE,TRUE
1605,DAKCFMEO_01624,BJEIHDPM_04801,,DAKCFMEO_01624,NA,FALSE,,,FALSE,FALSE,FALSE
1606,DAKCFMEO_01625,BJEIHDPM_04802,,DAKCFMEO_01625,NA,FALSE,,,FALSE,FALSE,FALSE
1607,DAKCFMEO_01626,BJEIHDPM_04803,WP_011104079.1,DAKCFMEO_01626,WP_011104079.1,FALSE,,,TRUE,FALSE,FALSE
1608,DAKCFMEO_01627,BJEIHDPM_04804,,DAKCFMEO_01627,NA,FALSE,,,FALSE,FALSE,FALSE
1609,DAKCFMEO_01628,BJEIHDPM_04805,WP_010213774.1,DAKCFMEO_01628,WP_010213774.1,FALSE,,,TRUE,FALSE,FALSE
1610,DAKCFMEO_01629,BJEIHDPM_04806,WP_007246952.1,DAKCFMEO_01629,WP_007246952.1,FALSE,,,TRUE,FALSE,FALSE
1611,DAKCFMEO_01630,BJEIHDPM_04807,,DAKCFMEO_01630,NA,FALSE,,,FALSE,FALSE,FALSE
1612,DAKCFMEO_01631,BJEIHDPM_04808,,DAKCFMEO_01631,NA,FALSE,,,FALSE,FALSE,FALSE
1613,DAKCFMEO_01632,BJEIHDPM_04809,,DAKCFMEO_01632,NA,FALSE,,,FALSE,FALSE,FALSE
1614,DAKCFMEO_01633,BJEIHDPM_04810,WP_011105486.1,DAKCFMEO_01633,WP_011105486.1,FALSE,,,TRUE,FALSE,FALSE
1615,DAKCFMEO_01634,BJEIHDPM_04811,WP_011104075.1,DAKCFMEO_01634,WP_011104075.1,FALSE,,,TRUE,FALSE,FALSE
1616,DAKCFMEO_01635,BJEIHDPM_04813,WP_011104074.1,DAKCFMEO_01635,WP_011104074.1,FALSE,,,TRUE,FALSE,FALSE
1617,DAKCFMEO_01636,BJEIHDPM_04814,,DAKCFMEO_01636,NA,FALSE,,,FALSE,FALSE,FALSE
1618,DAKCFMEO_01637,BJEIHDPM_04815,WP_011104072.1,DAKCFMEO_01637,WP_011104072.1,FALSE,,,TRUE,FALSE,FALSE
1619,DAKCFMEO_01638,BJEIHDPM_04816,WP_011104071.1,DAKCFMEO_01638,WP_011104071.1,FALSE,,,TRUE,FALSE,FALSE
1620,DAKCFMEO_01639,BJEIHDPM_04817,,DAKCFMEO_01639,NA,FALSE,,,FALSE,FALSE,FALSE
1621,DAKCFMEO_01640,BJEIHDPM_04818,WP_011105495.1,DAKCFMEO_01640,WP_011105495.1,FALSE,,,TRUE,FALSE,FALSE
1622,DAKCFMEO_01641,BJEIHDPM_04819,,DAKCFMEO_01641,NA,FALSE,,,FALSE,FALSE,FALSE
1623,DAKCFMEO_01643,BJEIHDPM_00964,WP_010201804.1,DAKCFMEO_01643,WP_010201804.1,TRUE,p25_in_GeneB__dc_in_GeneA,OG0002722,TRUE,TRUE,TRUE
1624,DAKCFMEO_01644,BJEIHDPM_00965,WP_005770490.1,DAKCFMEO_01644,WP_005770490.1,TRUE,p25_in_GeneB__dc_in_GeneA,OG0002329,TRUE,TRUE,TRUE
1625,DAKCFMEO_01645,BJEIHDPM_00966,WP_005770492.1,DAKCFMEO_01645,WP_005770492.1,TRUE,p25_in_GeneB__dc_in_GeneA,OG0002330,TRUE,TRUE,TRUE
1626,DAKCFMEO_01646,BJEIHDPM_00967,WP_005614924.1,DAKCFMEO_01646,WP_005614924.1,TRUE,p25_in_GeneB__dc_in_GeneA,OG0001141,TRUE,TRUE,TRUE
1627,DAKCFMEO_01647,BJEIHDPM_00968,WP_002552075.1,DAKCFMEO_01647,WP_002552075.1,TRUE,p25_in_GeneB__dc_in_GeneA,OG0000643,TRUE,TRUE,TRUE
1628,DAKCFMEO_01648,BJEIHDPM_00969,WP_007246092.1,DAKCFMEO_01648,WP_007246092.1,FALSE,,,TRUE,FALSE,FALSE
1629,DAKCFMEO_01649,BJEIHDPM_00970,WP_005770496.1,DAKCFMEO_01649,WP_005770496.1,TRUE,p25_in_GeneB__dc_in_GeneA,OG0002331,TRUE,TRUE,TRUE
1630,DAKCFMEO_01650,BJEIHDPM_00971,WP_005770497.1,DAKCFMEO_01650,WP_005770497.1,TRUE,p25_in_GeneB__dc_in_GeneA,OG0002332,TRUE,TRUE,TRUE
1631,DAKCFMEO_01651,BJEIHDPM_00972,WP_010201647.1,DAKCFMEO_01651,WP_010201647.1,TRUE,p25_in_GeneB__dc_in_GeneA,OG0002721,TRUE,TRUE,TRUE
1632,DAKCFMEO_01652,BJEIHDPM_00973,WP_005614914.1,DAKCFMEO_01652,WP_005614914.1,TRUE,p25_in_GeneB__dc_in_GeneA,OG0001140,TRUE,TRUE,TRUE
1633,DAKCFMEO_01653,BJEIHDPM_00974,WP_011103375.1,DAKCFMEO_01653,WP_011103375.1,TRUE,p25_in_GeneB__dc_in_GeneA,OG0002944,TRUE,TRUE,TRUE
1634,DAKCFMEO_01654,BJEIHDPM_00975,WP_007246096.1,DAKCFMEO_01654,WP_007246096.1,TRUE,p25_in_GeneB__dc_in_GeneA,OG0002634,TRUE,TRUE,TRUE
1635,DAKCFMEO_01655,BJEIHDPM_00976,WP_011103373.1,DAKCFMEO_01655,WP_011103373.1,TRUE,p25_in_GeneB__dc_in_GeneA,OG0002943,TRUE,TRUE,TRUE
1636,DAKCFMEO_01656,BJEIHDPM_00977,,DAKCFMEO_01656,NA,FALSE,,,FALSE,FALSE,FALSE
1637,DAKCFMEO_01657,BJEIHDPM_00978,WP_007246097.1,DAKCFMEO_01657,WP_007246097.1,TRUE,p25_in_GeneB__dc_in_GeneA,OG0002635,TRUE,TRUE,TRUE
1638,DAKCFMEO_01658,BJEIHDPM_00979,WP_011103372.1,DAKCFMEO_01658,WP_011103372.1,TRUE,p25_in_GeneB__dc_in_GeneA,OG0002942,TRUE,TRUE,TRUE
1639,DAKCFMEO_01659,BJEIHDPM_00980,WP_005770507.1,DAKCFMEO_01659,WP_005770507.1,TRUE,p25_in_GeneB__dc_in_GeneA,OG0002333,TRUE,TRUE,TRUE
1640,DAKCFMEO_01660,BJEIHDPM_00981,WP_005614892.1,DAKCFMEO_01660,WP_005614892.1,TRUE,p25_in_GeneB__dc_in_GeneA,OG0001139,TRUE,TRUE,TRUE
1641,DAKCFMEO_01661,BJEIHDPM_00982,WP_007246099.1,DAKCFMEO_01661,WP_007246099.1,TRUE,p25_in_GeneB__dc_in_GeneA,OG0002636,TRUE,TRUE,TRUE
1642,DAKCFMEO_01662,BJEIHDPM_00983,WP_002552060.1,DAKCFMEO_01662,WP_002552060.1,TRUE,p25_in_GeneB__dc_in_GeneA,OG0000642,TRUE,TRUE,TRUE
1643,DAKCFMEO_01663,BJEIHDPM_00984,WP_017684227.1,DAKCFMEO_01663,WP_017684227.1,TRUE,p25_in_GeneB__dc_in_GeneA,OG0003852,TRUE,TRUE,TRUE
1644,DAKCFMEO_01664,BJEIHDPM_00985,WP_011103371.1,DAKCFMEO_01664,WP_011103371.1,TRUE,p25_in_GeneB__dc_in_GeneA,OG0002941,TRUE,TRUE,TRUE
1645,DAKCFMEO_01665,BJEIHDPM_00986,WP_003382274.1,DAKCFMEO_01665,WP_003382274.1,TRUE,p25_in_GeneB__dc_in_GeneA,OG0001015,TRUE,TRUE,TRUE
1646,DAKCFMEO_01666,BJEIHDPM_00987,WP_011103370.1,DAKCFMEO_01666,WP_011103370.1,TRUE,p25_in_GeneB__dc_in_GeneA,OG0002940,TRUE,TRUE,TRUE
1647,DAKCFMEO_01667,BJEIHDPM_00988,WP_005770519.1,DAKCFMEO_01667,WP_005770519.1,TRUE,p25_in_GeneB__dc_in_GeneA,OG0002334,TRUE,TRUE,TRUE
1648,DAKCFMEO_01668,BJEIHDPM_00989,WP_007246105.1,DAKCFMEO_01668,WP_007246105.1,TRUE,p25_in_GeneB__dc_in_GeneA,OG0002637,TRUE,TRUE,TRUE
1649,DAKCFMEO_01669,BJEIHDPM_00990,,DAKCFMEO_01669,NA,FALSE,,,FALSE,FALSE,FALSE
1650,DAKCFMEO_01670,BJEIHDPM_00991,WP_011103369.1,DAKCFMEO_01670,WP_011103369.1,TRUE,p25_in_GeneB__dc_in_GeneA,OG0002939,TRUE,TRUE,TRUE
1651,DAKCFMEO_01671,BJEIHDPM_00992,WP_007245081.1,DAKCFMEO_01671,WP_007245081.1,FALSE,,,TRUE,FALSE,FALSE
1652,DAKCFMEO_01672,BJEIHDPM_00993,WP_011103368.1,DAKCFMEO_01672,WP_011103368.1,TRUE,p25_in_GeneB__dc_in_GeneA,OG0002938,TRUE,TRUE,TRUE
1653,DAKCFMEO_01673,BJEIHDPM_00994,WP_011103367.1,DAKCFMEO_01673,WP_011103367.1,TRUE,p25_in_GeneB__dc_in_GeneA,OG0002937,TRUE,TRUE,TRUE
1654,DAKCFMEO_01674,BJEIHDPM_00995,WP_005766463.1,DAKCFMEO_01674,WP_005766463.1,TRUE,p25_in_GeneB__dc_in_GeneA,OG0001827,TRUE,TRUE,TRUE
1655,DAKCFMEO_01675,BJEIHDPM_00996,WP_005766460.1,DAKCFMEO_01675,WP_005766460.1,TRUE,p25_in_GeneB__dc_in_GeneA,OG0001826,TRUE,TRUE,TRUE
1656,DAKCFMEO_01676,BJEIHDPM_00997,WP_032710582.1,DAKCFMEO_01676,WP_032710582.1,TRUE,p25_in_GeneB__dc_in_GeneA,OG0003894,TRUE,TRUE,TRUE
1657,DAKCFMEO_01677,BJEIHDPM_00998,WP_004656644.1,DAKCFMEO_01677,WP_004656644.1,TRUE,p25_in_GeneB__dc_in_GeneA,OG0001100,TRUE,TRUE,TRUE
1658,DAKCFMEO_01678,BJEIHDPM_00999,WP_003377508.1,DAKCFMEO_01678,WP_003377508.1,TRUE,p25_in_GeneB__dc_in_GeneA,OG0000821,TRUE,TRUE,TRUE
1659,DAKCFMEO_01679,BJEIHDPM_01000,WP_002555121.1,DAKCFMEO_01679,WP_002555121.1,TRUE,p25_in_GeneB__dc_in_GeneA,OG0000690,TRUE,TRUE,TRUE
1660,DAKCFMEO_01680,BJEIHDPM_01001,WP_005766456.1,DAKCFMEO_01680,WP_005766456.1,TRUE,p25_in_GeneB__dc_in_GeneA,OG0001825,TRUE,TRUE,TRUE
1661,DAKCFMEO_01681,BJEIHDPM_01002,WP_003377505.1,DAKCFMEO_01681,WP_003377505.1,TRUE,p25_in_GeneB__dc_in_GeneA,OG0000820,TRUE,TRUE,TRUE
1662,DAKCFMEO_01682,BJEIHDPM_01003,WP_003377503.1,DAKCFMEO_01682,WP_003377503.1,TRUE,p25_in_GeneB__dc_in_GeneA,OG0000819,TRUE,TRUE,TRUE
1663,DAKCFMEO_01683,BJEIHDPM_01004,WP_005620402.1,DAKCFMEO_01683,WP_005620402.1,TRUE,p25_in_GeneB__dc_in_GeneA,OG0001216,TRUE,TRUE,TRUE
1664,DAKCFMEO_01684,BJEIHDPM_01005,WP_024419631.1,DAKCFMEO_01684,WP_024419631.1,TRUE,p25_in_GeneB__dc_in_GeneA,OG0003855,TRUE,TRUE,TRUE
1665,DAKCFMEO_01687,BJEIHDPM_01008,WP_005739097.1,DAKCFMEO_01687,WP_005739097.1,TRUE,p25_in_GeneB__dc_in_GeneA,OG0001284,TRUE,TRUE,TRUE
1666,DAKCFMEO_01688,BJEIHDPM_01009,WP_005766449.1,DAKCFMEO_01688,WP_005766449.1,TRUE,p25_in_GeneB__dc_in_GeneA,OG0001824,TRUE,TRUE,TRUE
1667,DAKCFMEO_01689,BJEIHDPM_01010,WP_011105022.1,DAKCFMEO_01689,WP_011105022.1,TRUE,p25_in_GeneB__dc_in_GeneA,OG0003606,TRUE,TRUE,TRUE
1668,DAKCFMEO_01690,BJEIHDPM_01011,WP_011105023.1,DAKCFMEO_01690,WP_011105023.1,TRUE,p25_in_GeneB__dc_in_GeneA,OG0003607,TRUE,TRUE,TRUE
1669,DAKCFMEO_01691,BJEIHDPM_01012,WP_005620411.1,DAKCFMEO_01691,WP_005620411.1,TRUE,p25_in_GeneB__dc_in_GeneA,OG0001217,TRUE,TRUE,TRUE
1670,DAKCFMEO_01692,BJEIHDPM_01013,WP_003377487.1,DAKCFMEO_01692,WP_003377487.1,TRUE,p25_in_GeneB__dc_in_GeneA,OG0000818,TRUE,TRUE,TRUE
1671,DAKCFMEO_01693,BJEIHDPM_01014,WP_005766442.1,DAKCFMEO_01693,WP_005766442.1,TRUE,p25_in_GeneB__dc_in_GeneA,OG0001823,TRUE,TRUE,TRUE
1672,DAKCFMEO_01694,BJEIHDPM_01015,WP_007243709.1,DAKCFMEO_01694,WP_007243709.1,FALSE,,,TRUE,FALSE,FALSE
1673,DAKCFMEO_01695,BJEIHDPM_01016,WP_007243710.1,DAKCFMEO_01695,WP_007243710.1,TRUE,p25_in_GeneB__dc_in_GeneA,OG0002468,TRUE,TRUE,TRUE
1674,DAKCFMEO_01696,BJEIHDPM_01017,WP_005766439.1,DAKCFMEO_01696,WP_005766439.1,TRUE,p25_in_GeneB__dc_in_GeneA,OG0001822,TRUE,TRUE,TRUE
1675,DAKCFMEO_01697,BJEIHDPM_01018,WP_003377482.1,DAKCFMEO_01697,WP_003377482.1,TRUE,p25_in_GeneB__dc_in_GeneA,OG0000817,TRUE,TRUE,TRUE
1676,DAKCFMEO_01698,BJEIHDPM_01019,WP_011105024.1,DAKCFMEO_01698,WP_011105024.1,TRUE,p25_in_GeneB__dc_in_GeneA,OG0003608,TRUE,TRUE,TRUE
1677,DAKCFMEO_01699,BJEIHDPM_01020,WP_003377479.1,DAKCFMEO_01699,WP_003377479.1,TRUE,p25_in_GeneB__dc_in_GeneA,OG0000816,TRUE,TRUE,TRUE
1678,DAKCFMEO_01700,BJEIHDPM_01021,WP_011105025.1,DAKCFMEO_01700,WP_011105025.1,TRUE,p25_in_GeneB__dc_in_GeneA,OG0003609,TRUE,TRUE,TRUE
1679,DAKCFMEO_01701,BJEIHDPM_01022,WP_002555142.1,DAKCFMEO_01701,WP_002555142.1,TRUE,p25_in_GeneB__dc_in_GeneA,OG0000691,TRUE,TRUE,TRUE
1680,DAKCFMEO_01702,BJEIHDPM_01023,WP_011105026.1,DAKCFMEO_01702,WP_011105026.1,TRUE,p25_in_GeneB__dc_in_GeneA,OG0003610,TRUE,TRUE,TRUE
1681,DAKCFMEO_01703,BJEIHDPM_01024,WP_011105028.1,DAKCFMEO_01703,WP_011105028.1,TRUE,p25_in_GeneB__dc_in_GeneA,OG0003611,TRUE,TRUE,TRUE
1682,DAKCFMEO_01704,BJEIHDPM_01025,WP_005620437.1,DAKCFMEO_01704,WP_005620437.1,TRUE,p25_in_GeneB__dc_in_GeneA,OG0001218,TRUE,TRUE,TRUE
1683,DAKCFMEO_01705,BJEIHDPM_01026,WP_007243715.1,DAKCFMEO_01705,WP_007243715.1,TRUE,p25_in_GeneB__dc_in_GeneA,OG0002469,TRUE,TRUE,TRUE
1684,DAKCFMEO_01706,BJEIHDPM_01027,WP_003377471.1,DAKCFMEO_01706,WP_003377471.1,TRUE,p25_in_GeneB__dc_in_GeneA,OG0000815,TRUE,TRUE,TRUE
1685,DAKCFMEO_01707,BJEIHDPM_01028,,DAKCFMEO_01707,NA,FALSE,,,FALSE,FALSE,FALSE
1686,DAKCFMEO_01708,BJEIHDPM_01029,,DAKCFMEO_01708,NA,FALSE,,,FALSE,FALSE,FALSE
1687,DAKCFMEO_01709,BJEIHDPM_01030,,DAKCFMEO_01709,NA,FALSE,,,FALSE,FALSE,FALSE
1688,DAKCFMEO_01710,BJEIHDPM_01031,,DAKCFMEO_01710,NA,FALSE,,,FALSE,FALSE,FALSE
1689,DAKCFMEO_01711,BJEIHDPM_01032,,DAKCFMEO_01711,NA,FALSE,,,FALSE,FALSE,FALSE
1690,DAKCFMEO_01712,BJEIHDPM_01033,,DAKCFMEO_01712,NA,FALSE,,,FALSE,FALSE,FALSE
1691,DAKCFMEO_01713,BJEIHDPM_01034,WP_003377470.1,DAKCFMEO_01713,WP_003377470.1,TRUE,p25_in_GeneB__dc_in_GeneA,OG0000814,TRUE,TRUE,TRUE
1692,DAKCFMEO_01715,BJEIHDPM_01036,,DAKCFMEO_01715,NA,FALSE,,,FALSE,FALSE,FALSE
1693,DAKCFMEO_01716,BJEIHDPM_01037,,DAKCFMEO_01716,NA,FALSE,,,FALSE,FALSE,FALSE
1694,DAKCFMEO_01717,BJEIHDPM_01038,,DAKCFMEO_01717,NA,FALSE,,,FALSE,FALSE,FALSE
1695,DAKCFMEO_01718,BJEIHDPM_01039,,DAKCFMEO_01718,NA,FALSE,,,FALSE,FALSE,FALSE
1696,DAKCFMEO_01719,BJEIHDPM_01040,,DAKCFMEO_01719,NA,FALSE,,,FALSE,FALSE,FALSE
1697,DAKCFMEO_01720,BJEIHDPM_01041,,DAKCFMEO_01720,NA,FALSE,,,FALSE,FALSE,FALSE
1698,DAKCFMEO_01721,BJEIHDPM_01042,,DAKCFMEO_01721,NA,FALSE,,,FALSE,FALSE,FALSE
1699,DAKCFMEO_01722,BJEIHDPM_01043,,DAKCFMEO_01722,NA,FALSE,,,FALSE,FALSE,FALSE
1700,DAKCFMEO_01723,BJEIHDPM_01044,,DAKCFMEO_01723,NA,FALSE,,,FALSE,FALSE,FALSE
1701,DAKCFMEO_01724,BJEIHDPM_01045,,DAKCFMEO_01724,NA,FALSE,,,FALSE,FALSE,FALSE
1702,DAKCFMEO_01725,BJEIHDPM_01046,WP_011103402.1,DAKCFMEO_01725,WP_011103402.1,FALSE,,,TRUE,FALSE,FALSE
1703,DAKCFMEO_01726,BJEIHDPM_01047,WP_046463739.1,DAKCFMEO_01726,WP_046463739.1,FALSE,,,TRUE,FALSE,FALSE
1704,DAKCFMEO_01727,BJEIHDPM_01048,,DAKCFMEO_01727,NA,FALSE,,,FALSE,FALSE,FALSE
1705,DAKCFMEO_01728,BJEIHDPM_01049,,DAKCFMEO_01728,NA,FALSE,,,FALSE,FALSE,FALSE
1706,DAKCFMEO_01729,BJEIHDPM_01050,,DAKCFMEO_01729,NA,FALSE,,,FALSE,FALSE,FALSE
1707,DAKCFMEO_01730,BJEIHDPM_01051,,DAKCFMEO_01730,NA,FALSE,,,FALSE,FALSE,FALSE
1708,DAKCFMEO_01731,BJEIHDPM_01052,,DAKCFMEO_01731,NA,FALSE,,,FALSE,FALSE,FALSE
1709,DAKCFMEO_01732,BJEIHDPM_01053,WP_011103412.1,DAKCFMEO_01732,WP_011103412.1,FALSE,,,TRUE,FALSE,FALSE
1710,DAKCFMEO_01733,BJEIHDPM_01054,WP_007244130.1,DAKCFMEO_01733,WP_007244130.1,FALSE,,,TRUE,FALSE,FALSE
1711,DAKCFMEO_01734,BJEIHDPM_01055,WP_005770966.1,DAKCFMEO_01734,WP_005770966.1,TRUE,p25_in_GeneB__dc_in_GeneA,OG0002389,TRUE,TRUE,TRUE
1712,DAKCFMEO_01735,BJEIHDPM_01056,WP_007244158.1,DAKCFMEO_01735,WP_007244158.1,FALSE,,,TRUE,FALSE,FALSE
1713,DAKCFMEO_01736,BJEIHDPM_01057,WP_011103399.1,DAKCFMEO_01736,WP_011103399.1,TRUE,p25_in_GeneB__dc_in_GeneA,OG0002953,TRUE,TRUE,TRUE
1714,DAKCFMEO_01737,BJEIHDPM_01058,WP_011103398.1,DAKCFMEO_01737,WP_011103398.1,FALSE,,,TRUE,FALSE,FALSE
1715,DAKCFMEO_01738,BJEIHDPM_01059,WP_005770956.1,DAKCFMEO_01738,WP_005770956.1,FALSE,,,TRUE,FALSE,FALSE
1716,DAKCFMEO_01739,BJEIHDPM_01060,WP_005770954.1,DAKCFMEO_01739,WP_005770954.1,TRUE,p25_in_GeneB__dc_in_GeneA,OG0002388,TRUE,TRUE,TRUE
1717,DAKCFMEO_01740,BJEIHDPM_01061,WP_011103397.1,DAKCFMEO_01740,WP_011103397.1,FALSE,,,TRUE,FALSE,FALSE
1718,DAKCFMEO_01741,BJEIHDPM_01062,WP_011103396.1,DAKCFMEO_01741,WP_011103396.1,TRUE,p25_in_GeneB__dc_in_GeneA,OG0002952,TRUE,TRUE,TRUE
1719,DAKCFMEO_01742,BJEIHDPM_01063,WP_011103395.1,DAKCFMEO_01742,WP_011103395.1,TRUE,p25_in_GeneB__dc_in_GeneA,OG0002951,TRUE,TRUE,TRUE
1720,DAKCFMEO_01743,BJEIHDPM_01064,,DAKCFMEO_01743,NA,FALSE,,,FALSE,FALSE,FALSE
1721,DAKCFMEO_01744,BJEIHDPM_01065,WP_005615033.1,DAKCFMEO_01744,WP_005615033.1,TRUE,p25_in_GeneB__dc_in_GeneA,OG0001142,TRUE,TRUE,TRUE
1722,DAKCFMEO_01745,BJEIHDPM_01066,WP_005770944.1,DAKCFMEO_01745,WP_005770944.1,TRUE,p25_in_GeneB__dc_in_GeneA,OG0002387,TRUE,TRUE,TRUE
1723,DAKCFMEO_01746,BJEIHDPM_01067,WP_011103393.1,DAKCFMEO_01746,WP_011103393.1,TRUE,p25_in_GeneB__dc_in_GeneA,OG0002950,TRUE,TRUE,TRUE
1724,DAKCFMEO_01747,BJEIHDPM_01068,WP_002556144.1,DAKCFMEO_01747,WP_002556144.1,TRUE,p25_in_GeneB__dc_in_GeneA,OG0000729,TRUE,TRUE,TRUE
1725,DAKCFMEO_01748,BJEIHDPM_01069,WP_005770940.1,DAKCFMEO_01748,WP_005770940.1,TRUE,p25_in_GeneB__dc_in_GeneA,OG0002386,TRUE,TRUE,TRUE
1726,DAKCFMEO_01749,BJEIHDPM_01070,WP_003380356.1,DAKCFMEO_01749,WP_003380356.1,TRUE,p25_in_GeneB__dc_in_GeneA,OG0000947,TRUE,TRUE,TRUE
1727,DAKCFMEO_01750,BJEIHDPM_01071,WP_005770938.1,DAKCFMEO_01750,WP_005770938.1,TRUE,p25_in_GeneB__dc_in_GeneA,OG0002385,TRUE,TRUE,TRUE
1728,DAKCFMEO_01751,BJEIHDPM_01072,WP_005770915.1,DAKCFMEO_01751,WP_005770915.1,TRUE,p25_in_GeneB__dc_in_GeneA,OG0002384,TRUE,TRUE,TRUE
1729,DAKCFMEO_01752,BJEIHDPM_01073,WP_003314356.1,DAKCFMEO_01752,WP_003314356.1,FALSE,,,TRUE,FALSE,FALSE
1730,DAKCFMEO_01753,BJEIHDPM_01074,WP_011103387.1,DAKCFMEO_01753,WP_011103387.1,TRUE,p25_in_GeneB__dc_in_GeneA,OG0002949,TRUE,TRUE,TRUE
1731,DAKCFMEO_01754,BJEIHDPM_01075,WP_032710981.1,DAKCFMEO_01754,WP_032710981.1,TRUE,p25_in_GeneB__dc_in_GeneA,OG0003898,TRUE,TRUE,TRUE
1732,DAKCFMEO_01755,BJEIHDPM_01076,WP_005771478.1,DAKCFMEO_01755,WP_005771478.1,TRUE,p25_in_GeneB__dc_in_GeneA,OG0002437,TRUE,TRUE,TRUE
1733,DAKCFMEO_01756,BJEIHDPM_01077,WP_005771480.1,DAKCFMEO_01756,WP_005771480.1,TRUE,p25_in_GeneB__dc_in_GeneA,OG0002438,TRUE,TRUE,TRUE
1734,DAKCFMEO_01757,BJEIHDPM_01078,WP_003380333.1,DAKCFMEO_01757,WP_003380333.1,TRUE,p25_in_GeneB__dc_in_GeneA,OG0000946,TRUE,TRUE,TRUE
1735,DAKCFMEO_01758,BJEIHDPM_01079,WP_005771481.1,DAKCFMEO_01758,WP_005771481.1,TRUE,p25_in_GeneB__dc_in_GeneA,OG0002439,TRUE,TRUE,TRUE
1736,DAKCFMEO_01759,BJEIHDPM_01080,WP_005771483.1,DAKCFMEO_01759,WP_005771483.1,TRUE,p25_in_GeneB__dc_in_GeneA,OG0002440,TRUE,TRUE,TRUE
1737,DAKCFMEO_01760,BJEIHDPM_01081,WP_044393047.1,DAKCFMEO_01760,WP_044393047.1,FALSE,,,TRUE,FALSE,FALSE
1738,DAKCFMEO_01761,BJEIHDPM_01082,WP_005771491.1,DAKCFMEO_01761,WP_005771491.1,TRUE,p25_in_GeneB__dc_in_GeneA,OG0002441,TRUE,TRUE,TRUE
1739,DAKCFMEO_01762,BJEIHDPM_01083,,DAKCFMEO_01762,NA,FALSE,,,FALSE,FALSE,FALSE
1740,DAKCFMEO_01763,BJEIHDPM_01084,,DAKCFMEO_01763,NA,FALSE,,,FALSE,FALSE,FALSE
1741,DAKCFMEO_01764,BJEIHDPM_01085,WP_011103526.1,DAKCFMEO_01764,WP_011103526.1,FALSE,,,TRUE,FALSE,FALSE
1742,DAKCFMEO_01765,BJEIHDPM_01086,WP_011103525.1,DAKCFMEO_01765,WP_011103525.1,TRUE,p25_in_GeneB__dc_in_GeneA,OG0002999,TRUE,TRUE,TRUE
1743,DAKCFMEO_01766,BJEIHDPM_01087,WP_005763950.1,DAKCFMEO_01766,WP_005763950.1,TRUE,p25_in_GeneB__dc_in_GeneA,OG0001504,TRUE,TRUE,TRUE
1744,DAKCFMEO_01767,BJEIHDPM_01088,WP_005763952.1,DAKCFMEO_01767,WP_005763952.1,TRUE,p25_in_GeneB__dc_in_GeneA,OG0001505,TRUE,TRUE,TRUE
1745,DAKCFMEO_01768,BJEIHDPM_01089,WP_011103524.1,DAKCFMEO_01768,WP_011103524.1,TRUE,p25_in_GeneB__dc_in_GeneA,OG0002998,TRUE,TRUE,TRUE
1746,DAKCFMEO_01769,BJEIHDPM_01090,WP_005615650.1,DAKCFMEO_01769,WP_005615650.1,TRUE,p25_in_GeneB__dc_in_GeneA,OG0001149,TRUE,TRUE,TRUE
1747,DAKCFMEO_01770,BJEIHDPM_01091,WP_005763959.1,DAKCFMEO_01770,WP_005763959.1,TRUE,p25_in_GeneB__dc_in_GeneA,OG0001506,TRUE,TRUE,TRUE
1748,DAKCFMEO_01771,BJEIHDPM_01092,WP_005763961.1,DAKCFMEO_01771,WP_005763961.1,TRUE,p25_in_GeneB__dc_in_GeneA,OG0001507,TRUE,TRUE,TRUE
1749,DAKCFMEO_01772,BJEIHDPM_01093,WP_011103523.1,DAKCFMEO_01772,WP_011103523.1,TRUE,p25_in_GeneB__dc_in_GeneA,OG0002997,TRUE,TRUE,TRUE
1750,DAKCFMEO_01773,BJEIHDPM_01094,WP_005763967.1,DAKCFMEO_01773,WP_005763967.1,TRUE,p25_in_GeneB__dc_in_GeneA,OG0001508,TRUE,TRUE,TRUE
1751,DAKCFMEO_01774,BJEIHDPM_01095,,DAKCFMEO_01774,NA,FALSE,,,FALSE,FALSE,FALSE
1752,DAKCFMEO_01775,BJEIHDPM_01096,,DAKCFMEO_01775,NA,FALSE,,,FALSE,FALSE,FALSE
1753,DAKCFMEO_01776,BJEIHDPM_01097,,DAKCFMEO_01776,NA,FALSE,,,FALSE,FALSE,FALSE
1754,DAKCFMEO_01777,BJEIHDPM_01098,,DAKCFMEO_01777,NA,FALSE,,,FALSE,FALSE,FALSE
1755,DAKCFMEO_01778,BJEIHDPM_01099,,DAKCFMEO_01778,NA,FALSE,,,FALSE,FALSE,FALSE
1756,DAKCFMEO_01779,BJEIHDPM_01100,,DAKCFMEO_01779,NA,FALSE,,,FALSE,FALSE,FALSE
1757,DAKCFMEO_01780,BJEIHDPM_01101,WP_007243735.1,DAKCFMEO_01780,WP_007243735.1,TRUE,p25_in_GeneB__dc_in_GeneA,OG0002471,TRUE,TRUE,TRUE
1758,DAKCFMEO_01781,BJEIHDPM_01102,WP_011105043.1,DAKCFMEO_01781,WP_011105043.1,TRUE,p25_in_GeneB__dc_in_GeneA,OG0003615,TRUE,TRUE,TRUE
1759,DAKCFMEO_01782,BJEIHDPM_01103,WP_011105044.1,DAKCFMEO_01782,WP_011105044.1,TRUE,p25_in_GeneB__dc_in_GeneA,OG0003616,TRUE,TRUE,TRUE
1760,DAKCFMEO_01783,BJEIHDPM_01104,WP_011105045.1,DAKCFMEO_01783,WP_011105045.1,TRUE,p25_in_GeneB__dc_in_GeneA,OG0003617,TRUE,TRUE,TRUE
1761,DAKCFMEO_01784,BJEIHDPM_01105,WP_005769341.1,DAKCFMEO_01784,WP_005769341.1,TRUE,p25_in_GeneB__dc_in_GeneA,OG0002195,TRUE,TRUE,TRUE
1762,DAKCFMEO_01785,BJEIHDPM_01106,WP_011105046.1,DAKCFMEO_01785,WP_011105046.1,TRUE,p25_in_GeneB__dc_in_GeneA,OG0003618,TRUE,TRUE,TRUE
1763,DAKCFMEO_01786,BJEIHDPM_01107,WP_046463396.1,DAKCFMEO_01786,WP_046463396.1,TRUE,p25_in_GeneB__dc_in_GeneA,OG0003960,TRUE,TRUE,TRUE
1764,DAKCFMEO_01787,BJEIHDPM_01108,WP_011105048.1,DAKCFMEO_01787,WP_011105048.1,FALSE,,,TRUE,FALSE,FALSE
1765,DAKCFMEO_01788,BJEIHDPM_01109,WP_005769977.1,DAKCFMEO_01788,WP_005769977.1,TRUE,p25_in_GeneB__dc_in_GeneA,OG0002264,TRUE,TRUE,TRUE
1766,DAKCFMEO_01789,BJEIHDPM_01110,WP_161797801.1,DAKCFMEO_01789,WP_161797801.1,FALSE,,,TRUE,FALSE,FALSE
1767,DAKCFMEO_01790,BJEIHDPM_01111,,DAKCFMEO_01790,NA,FALSE,,,FALSE,FALSE,FALSE
1768,DAKCFMEO_01791,BJEIHDPM_01112,WP_011103336.1,DAKCFMEO_01791,WP_011103336.1,FALSE,,,TRUE,FALSE,FALSE
1769,DAKCFMEO_01792,BJEIHDPM_01113,WP_003379656.1,DAKCFMEO_01792,WP_003379656.1,FALSE,,,TRUE,FALSE,FALSE
1770,DAKCFMEO_01793,BJEIHDPM_01114,,DAKCFMEO_01793,NA,FALSE,,,FALSE,FALSE,FALSE
1771,DAKCFMEO_01794,BJEIHDPM_01115,,DAKCFMEO_01794,NA,FALSE,,,FALSE,FALSE,FALSE
1772,DAKCFMEO_01795,BJEIHDPM_01116,WP_011105049.1,DAKCFMEO_01795,WP_011105049.1,TRUE,p25_in_GeneB__dc_in_GeneA,OG0003619,TRUE,TRUE,TRUE
1773,DAKCFMEO_01796,BJEIHDPM_01117,WP_046463393.1,DAKCFMEO_01796,WP_046463393.1,TRUE,p25_in_GeneB__dc_in_GeneA,OG0003957,TRUE,TRUE,TRUE
1774,DAKCFMEO_01797,BJEIHDPM_01118,WP_007243742.1,DAKCFMEO_01797,WP_007243742.1,TRUE,p25_in_GeneB__dc_in_GeneA,OG0002472,TRUE,TRUE,TRUE
1775,DAKCFMEO_01798,BJEIHDPM_01119,WP_046463392.1,DAKCFMEO_01798,WP_046463392.1,TRUE,p25_in_GeneB__dc_in_GeneA,OG0003956,TRUE,TRUE,TRUE
1776,DAKCFMEO_01799,BJEIHDPM_01120,,DAKCFMEO_01799,NA,FALSE,,,FALSE,FALSE,FALSE
1777,DAKCFMEO_01800,BJEIHDPM_01121,,DAKCFMEO_01800,NA,FALSE,,,FALSE,FALSE,FALSE
1778,DAKCFMEO_01801,BJEIHDPM_01122,,DAKCFMEO_01801,NA,FALSE,,,FALSE,FALSE,FALSE
1779,DAKCFMEO_01802,BJEIHDPM_01123,WP_011105051.1,DAKCFMEO_01802,WP_011105051.1,TRUE,p25_in_GeneB__dc_in_GeneA,OG0003620,TRUE,TRUE,TRUE
1780,DAKCFMEO_01803,BJEIHDPM_01124,,DAKCFMEO_01803,NA,FALSE,,,FALSE,FALSE,FALSE
1781,DAKCFMEO_01804,BJEIHDPM_01125,WP_011104280.1,DAKCFMEO_01804,WP_011104280.1,TRUE,p25_in_GeneB__dc_in_GeneA,OG0003306,TRUE,TRUE,TRUE
1782,DAKCFMEO_01805,BJEIHDPM_01126,,DAKCFMEO_01805,NA,FALSE,,,FALSE,FALSE,FALSE
1783,DAKCFMEO_01806,BJEIHDPM_01127,WP_011105052.1,DAKCFMEO_01806,WP_011105052.1,TRUE,p25_in_GeneB__dc_in_GeneA,OG0003621,TRUE,TRUE,TRUE
1784,DAKCFMEO_01807,BJEIHDPM_01128,WP_005769363.1,DAKCFMEO_01807,WP_005769363.1,TRUE,p25_in_GeneB__dc_in_GeneA,OG0002196,TRUE,TRUE,TRUE
1785,DAKCFMEO_01808,BJEIHDPM_01129,WP_005620479.1,DAKCFMEO_01808,WP_005620479.1,TRUE,p25_in_GeneB__dc_in_GeneA,OG0001219,TRUE,TRUE,TRUE
1786,DAKCFMEO_01812,BJEIHDPM_01930,WP_011103101.1,DAKCFMEO_01812,WP_011103101.1,TRUE,p25_in_GeneB__dc_in_GeneA,OG0002825,TRUE,TRUE,TRUE
1787,DAKCFMEO_01813,BJEIHDPM_01931,WP_003380235.1,DAKCFMEO_01813,WP_003380235.1,TRUE,p25_in_GeneB__dc_in_GeneA,OG0000939,TRUE,TRUE,TRUE
1788,DAKCFMEO_01814,BJEIHDPM_01932,WP_005763472.1,DAKCFMEO_01814,WP_005763472.1,FALSE,,,TRUE,FALSE,FALSE
1789,DAKCFMEO_01815,BJEIHDPM_01933,WP_011103100.1,DAKCFMEO_01815,WP_011103100.1,TRUE,p25_in_GeneB__dc_in_GeneA,OG0002824,TRUE,TRUE,TRUE
1790,DAKCFMEO_01817,BJEIHDPM_01935,WP_011103099.1,DAKCFMEO_01817,WP_011103099.1,TRUE,p25_in_GeneB__dc_in_GeneA,OG0002823,TRUE,TRUE,TRUE
1791,DAKCFMEO_01818,BJEIHDPM_01936,WP_011103042.1,DAKCFMEO_01818,WP_011103042.1,TRUE,p25_in_GeneB__dc_in_GeneA,OG0002811,TRUE,TRUE,TRUE
1792,DAKCFMEO_01819,BJEIHDPM_01937,WP_007247215.1,DAKCFMEO_01819,WP_007247215.1,TRUE,p25_in_GeneB__dc_in_GeneA,OG0002709,TRUE,TRUE,TRUE
1793,DAKCFMEO_01820,BJEIHDPM_01938,WP_011102998.1,DAKCFMEO_01820,WP_011102998.1,TRUE,p25_in_GeneB__dc_in_GeneA,OG0002786,TRUE,TRUE,TRUE
1794,DAKCFMEO_01821,BJEIHDPM_01939,WP_011102997.1,DAKCFMEO_01821,WP_011102997.1,TRUE,p25_in_GeneB__dc_in_GeneA,OG0002785,TRUE,TRUE,TRUE
1795,DAKCFMEO_01822,BJEIHDPM_01940,WP_011102996.1,DAKCFMEO_01822,WP_011102996.1,TRUE,p25_in_GeneB__dc_in_GeneA,OG0002784,TRUE,TRUE,TRUE
1796,DAKCFMEO_01823,BJEIHDPM_01941,,DAKCFMEO_01823,NA,FALSE,,,FALSE,FALSE,FALSE
1797,DAKCFMEO_01824,BJEIHDPM_01942,WP_005769588.1,DAKCFMEO_01824,WP_005769588.1,FALSE,,,TRUE,FALSE,FALSE
1798,DAKCFMEO_01825,BJEIHDPM_01943,WP_011102978.1,DAKCFMEO_01825,WP_011102978.1,TRUE,p25_in_GeneB__dc_in_GeneA,OG0002777,TRUE,TRUE,TRUE
1799,DAKCFMEO_01826,BJEIHDPM_01944,,DAKCFMEO_01826,NA,FALSE,,,FALSE,FALSE,FALSE
1800,DAKCFMEO_01827,BJEIHDPM_01945,WP_005769583.1,DAKCFMEO_01827,WP_005769583.1,TRUE,p25_in_GeneB__dc_in_GeneA,OG0002227,TRUE,TRUE,TRUE
1801,DAKCFMEO_01828,BJEIHDPM_01946,WP_011102979.1,DAKCFMEO_01828,WP_011102979.1,TRUE,p25_in_GeneB__dc_in_GeneA,OG0002778,TRUE,TRUE,TRUE
1802,DAKCFMEO_01829,BJEIHDPM_01947,WP_005769579.1,DAKCFMEO_01829,WP_005769579.1,TRUE,p25_in_GeneB__dc_in_GeneA,OG0002226,TRUE,TRUE,TRUE
1803,DAKCFMEO_01830,BJEIHDPM_01948,WP_005613236.1,DAKCFMEO_01830,WP_005613236.1,TRUE,p25_in_GeneB__dc_in_GeneA,OG0001110,TRUE,TRUE,TRUE
1804,DAKCFMEO_01831,BJEIHDPM_01949,WP_005613239.1,DAKCFMEO_01831,WP_005613239.1,TRUE,p25_in_GeneB__dc_in_GeneA,OG0001111,TRUE,TRUE,TRUE
1805,DAKCFMEO_01832,BJEIHDPM_01950,WP_007246518.1,DAKCFMEO_01832,WP_007246518.1,TRUE,p25_in_GeneB__dc_in_GeneA,OG0002664,TRUE,TRUE,TRUE
1806,DAKCFMEO_01833,BJEIHDPM_01951,WP_011102980.1,DAKCFMEO_01833,WP_011102980.1,TRUE,p25_in_GeneB__dc_in_GeneA,OG0002779,TRUE,TRUE,TRUE
1807,DAKCFMEO_01834,BJEIHDPM_01952,WP_003377974.1,DAKCFMEO_01834,WP_003377974.1,TRUE,p25_in_GeneB__dc_in_GeneA,OG0000858,TRUE,TRUE,TRUE
1808,DAKCFMEO_01835,BJEIHDPM_01953,WP_011102981.1,DAKCFMEO_01835,WP_011102981.1,FALSE,,,TRUE,FALSE,FALSE
1809,DAKCFMEO_01836,BJEIHDPM_01954,WP_005769571.1,DAKCFMEO_01836,WP_005769571.1,FALSE,,,TRUE,FALSE,FALSE
1810,DAKCFMEO_01837,BJEIHDPM_01955,WP_002551500.1,DAKCFMEO_01837,WP_002551500.1,TRUE,p25_in_GeneB__dc_in_GeneA,OG0000625,TRUE,TRUE,TRUE
1811,DAKCFMEO_01838,BJEIHDPM_01956,WP_003377979.1,DAKCFMEO_01838,WP_003377979.1,TRUE,p25_in_GeneB__dc_in_GeneA,OG0000859,TRUE,TRUE,TRUE
1812,DAKCFMEO_01839,BJEIHDPM_01957,WP_007246513.1,DAKCFMEO_01839,WP_007246513.1,TRUE,p25_in_GeneB__dc_in_GeneA,OG0002663,TRUE,TRUE,TRUE
1813,DAKCFMEO_01840,BJEIHDPM_01958,WP_005769567.1,DAKCFMEO_01840,WP_005769567.1,TRUE,p25_in_GeneB__dc_in_GeneA,OG0002225,TRUE,TRUE,TRUE
1814,DAKCFMEO_01841,BJEIHDPM_01959,WP_005769565.1,DAKCFMEO_01841,WP_005769565.1,TRUE,p25_in_GeneB__dc_in_GeneA,OG0002224,TRUE,TRUE,TRUE
1815,DAKCFMEO_01842,BJEIHDPM_01960,WP_005613323.1,DAKCFMEO_01842,WP_005613323.1,TRUE,p25_in_GeneB__dc_in_GeneA,OG0001112,TRUE,TRUE,TRUE
1816,DAKCFMEO_01843,BJEIHDPM_01961,WP_007246510.1,DAKCFMEO_01843,WP_007246510.1,TRUE,p25_in_GeneB__dc_in_GeneA,OG0002662,TRUE,TRUE,TRUE
1817,DAKCFMEO_01844,BJEIHDPM_01962,WP_005769563.1,DAKCFMEO_01844,WP_005769563.1,TRUE,p25_in_GeneB__dc_in_GeneA,OG0002223,TRUE,TRUE,TRUE
1818,DAKCFMEO_01845,BJEIHDPM_01963,WP_002551508.1,DAKCFMEO_01845,WP_002551508.1,TRUE,p25_in_GeneB__dc_in_GeneA,OG0000626,TRUE,TRUE,TRUE
1819,DAKCFMEO_01846,BJEIHDPM_01964,WP_046463701.1,DAKCFMEO_01846,WP_046463701.1,TRUE,p25_in_GeneB__dc_in_GeneA,OG0004012,TRUE,TRUE,TRUE
1820,DAKCFMEO_01847,BJEIHDPM_01965,WP_011102984.1,DAKCFMEO_01847,WP_011102984.1,TRUE,p25_in_GeneB__dc_in_GeneA,OG0002780,TRUE,TRUE,TRUE
1821,DAKCFMEO_01848,BJEIHDPM_01966,WP_046463702.1,DAKCFMEO_01848,WP_046463702.1,TRUE,p25_in_GeneB__dc_in_GeneA,OG0004013,TRUE,TRUE,TRUE
1822,DAKCFMEO_01849,BJEIHDPM_01967,WP_005769555.1,DAKCFMEO_01849,WP_005769555.1,TRUE,p25_in_GeneB__dc_in_GeneA,OG0002222,TRUE,TRUE,TRUE
1823,DAKCFMEO_01850,BJEIHDPM_01968,WP_011102986.1,DAKCFMEO_01850,WP_011102986.1,FALSE,,,TRUE,FALSE,FALSE
1824,DAKCFMEO_01851,BJEIHDPM_01969,WP_002551514.1,DAKCFMEO_01851,WP_002551514.1,TRUE,p25_in_GeneB__dc_in_GeneA,OG0000627,TRUE,TRUE,TRUE
1825,DAKCFMEO_01852,BJEIHDPM_01970,WP_002551515.1,DAKCFMEO_01852,WP_002551515.1,TRUE,p25_in_GeneB__dc_in_GeneA,OG0000628,TRUE,TRUE,TRUE
1826,DAKCFMEO_01853,BJEIHDPM_01971,,DAKCFMEO_01853,NA,FALSE,,,FALSE,FALSE,FALSE
1827,DAKCFMEO_01854,BJEIHDPM_01972,WP_005769553.1,DAKCFMEO_01854,WP_005769553.1,TRUE,p25_in_GeneB__dc_in_GeneA,OG0002221,TRUE,TRUE,TRUE
1828,DAKCFMEO_01855,BJEIHDPM_01973,WP_011102988.1,DAKCFMEO_01855,WP_011102988.1,FALSE,,,TRUE,FALSE,FALSE
1829,DAKCFMEO_01856,BJEIHDPM_01974,WP_005769547.1,DAKCFMEO_01856,WP_005769547.1,TRUE,p25_in_GeneB__dc_in_GeneA,OG0002220,TRUE,TRUE,TRUE
1830,DAKCFMEO_01857,BJEIHDPM_01975,WP_010208311.1,DAKCFMEO_01857,WP_010208311.1,TRUE,p25_in_GeneB__dc_in_GeneA,OG0002749,TRUE,TRUE,TRUE
1831,DAKCFMEO_01858,BJEIHDPM_01976,WP_005769539.1,DAKCFMEO_01858,WP_005769539.1,TRUE,p25_in_GeneB__dc_in_GeneA,OG0002219,TRUE,TRUE,TRUE
1832,DAKCFMEO_01859,BJEIHDPM_01977,WP_005769538.1,DAKCFMEO_01859,WP_005769538.1,TRUE,p25_in_GeneB__dc_in_GeneA,OG0002218,TRUE,TRUE,TRUE
1833,DAKCFMEO_01860,BJEIHDPM_01978,WP_005769536.1,DAKCFMEO_01860,WP_005769536.1,FALSE,,,TRUE,FALSE,FALSE
1834,DAKCFMEO_01861,BJEIHDPM_01979,WP_005769534.1,DAKCFMEO_01861,WP_005769534.1,TRUE,p25_in_GeneB__dc_in_GeneA,OG0002217,TRUE,TRUE,TRUE
1835,DAKCFMEO_01862,BJEIHDPM_01980,WP_004655323.1,DAKCFMEO_01862,WP_004655323.1,FALSE,,,TRUE,FALSE,FALSE
1836,DAKCFMEO_01863,BJEIHDPM_01981,WP_005769533.1,DAKCFMEO_01863,WP_005769533.1,FALSE,,,TRUE,FALSE,FALSE
1837,DAKCFMEO_01864,BJEIHDPM_01982,WP_005769531.1,DAKCFMEO_01864,WP_005769531.1,TRUE,p25_in_GeneB__dc_in_GeneA,OG0002216,TRUE,TRUE,TRUE
1838,DAKCFMEO_01865,BJEIHDPM_01983,WP_005769528.1,DAKCFMEO_01865,WP_005769528.1,TRUE,p25_in_GeneB__dc_in_GeneA,OG0002215,TRUE,TRUE,TRUE
1839,DAKCFMEO_01866,BJEIHDPM_01984,WP_010208319.1,DAKCFMEO_01866,WP_010208319.1,FALSE,,,TRUE,FALSE,FALSE
1840,DAKCFMEO_01867,BJEIHDPM_01985,,DAKCFMEO_01867,NA,FALSE,,,FALSE,FALSE,FALSE
1841,DAKCFMEO_01868,BJEIHDPM_01986,WP_011102991.1,DAKCFMEO_01868,WP_011102991.1,TRUE,p25_in_GeneB__dc_in_GeneA,OG0002781,TRUE,TRUE,TRUE
1842,DAKCFMEO_01869,BJEIHDPM_01987,,DAKCFMEO_01869,NA,FALSE,,,FALSE,FALSE,FALSE
1843,DAKCFMEO_01870,BJEIHDPM_01988,WP_011102992.1,DAKCFMEO_01870,WP_011102992.1,TRUE,p25_in_GeneB__dc_in_GeneA,OG0002782,TRUE,TRUE,TRUE
1844,DAKCFMEO_01871,BJEIHDPM_01989,WP_011102993.1,DAKCFMEO_01871,WP_011102993.1,TRUE,p25_in_GeneB__dc_in_GeneA,OG0002783,TRUE,TRUE,TRUE
1845,DAKCFMEO_01872,BJEIHDPM_01990,WP_005769516.1,DAKCFMEO_01872,WP_005769516.1,TRUE,p25_in_GeneB__dc_in_GeneA,OG0002214,TRUE,TRUE,TRUE
1846,DAKCFMEO_01873,BJEIHDPM_01991,WP_005769514.1,DAKCFMEO_01873,WP_005769514.1,TRUE,p25_in_GeneB__dc_in_GeneA,OG0002213,TRUE,TRUE,TRUE
1847,DAKCFMEO_01874,BJEIHDPM_01992,WP_003378039.1,DAKCFMEO_01874,WP_003378039.1,TRUE,p25_in_GeneB__dc_in_GeneA,OG0000860,TRUE,TRUE,TRUE
1848,DAKCFMEO_01875,BJEIHDPM_01993,WP_011102994.1,DAKCFMEO_01875,WP_011102994.1,FALSE,,,TRUE,FALSE,FALSE
1849,DAKCFMEO_01876,BJEIHDPM_01994,WP_007247222.1,DAKCFMEO_01876,WP_007247222.1,TRUE,p25_in_GeneB__dc_in_GeneA,OG0002710,TRUE,TRUE,TRUE
1850,DAKCFMEO_01877,BJEIHDPM_01995,WP_011102995.1,DAKCFMEO_01877,WP_011102995.1,FALSE,,,TRUE,FALSE,FALSE
1851,DAKCFMEO_01878,BJEIHDPM_01996,WP_005769505.1,DAKCFMEO_01878,WP_005769505.1,FALSE,,,TRUE,FALSE,FALSE
1852,DAKCFMEO_01879,BJEIHDPM_01997,WP_005769504.1,DAKCFMEO_01879,WP_005769504.1,TRUE,p25_in_GeneB__dc_in_GeneA,OG0002212,TRUE,TRUE,TRUE
1853,DAKCFMEO_01880,BJEIHDPM_01998,,DAKCFMEO_01880,NA,FALSE,,,FALSE,FALSE,FALSE
1854,DAKCFMEO_01881,BJEIHDPM_01999,,DAKCFMEO_01881,NA,FALSE,,,FALSE,FALSE,FALSE
1855,DAKCFMEO_01882,BJEIHDPM_02000,,DAKCFMEO_01882,NA,FALSE,,,FALSE,FALSE,FALSE
1856,DAKCFMEO_01883,BJEIHDPM_02001,WP_044392676.1,DAKCFMEO_01883,WP_044392676.1,TRUE,p25_in_GeneB__dc_in_GeneA,OG0003917,TRUE,TRUE,TRUE
1857,DAKCFMEO_01884,BJEIHDPM_02002,WP_044392641.1,DAKCFMEO_01884,WP_044392641.1,TRUE,p25_in_GeneB__dc_in_GeneA,OG0003916,TRUE,TRUE,TRUE
1858,DAKCFMEO_01885,BJEIHDPM_02003,WP_011102975.1,DAKCFMEO_01885,WP_011102975.1,TRUE,p25_in_GeneB__dc_in_GeneA,OG0002776,TRUE,TRUE,TRUE
1859,DAKCFMEO_01886,BJEIHDPM_02004,,DAKCFMEO_01886,NA,FALSE,,,FALSE,FALSE,FALSE
1860,DAKCFMEO_01887,BJEIHDPM_02005,,DAKCFMEO_01887,NA,FALSE,,,FALSE,FALSE,FALSE
1861,DAKCFMEO_01888,BJEIHDPM_02006,,DAKCFMEO_01888,NA,FALSE,,,FALSE,FALSE,FALSE
1862,DAKCFMEO_01889,BJEIHDPM_02007,,DAKCFMEO_01889,NA,FALSE,,,FALSE,FALSE,FALSE
1863,DAKCFMEO_01890,BJEIHDPM_02008,,DAKCFMEO_01890,NA,FALSE,,,FALSE,FALSE,FALSE
1864,DAKCFMEO_01891,BJEIHDPM_02009,WP_052746254.1,DAKCFMEO_01891,WP_052746254.1,TRUE,p25_in_GeneB__dc_in_GeneA,OG0004059,TRUE,TRUE,TRUE
1865,DAKCFMEO_01892,BJEIHDPM_02010,,DAKCFMEO_01892,NA,FALSE,,,FALSE,FALSE,FALSE
1866,DAKCFMEO_01893,BJEIHDPM_02011,,DAKCFMEO_01893,NA,FALSE,,,FALSE,FALSE,FALSE
1867,DAKCFMEO_01894,BJEIHDPM_02012,,DAKCFMEO_01894,NA,FALSE,,,FALSE,FALSE,FALSE
1868,DAKCFMEO_01895,BJEIHDPM_02015,,DAKCFMEO_01895,NA,FALSE,,,FALSE,FALSE,FALSE
1869,DAKCFMEO_01896,BJEIHDPM_02016,,DAKCFMEO_01896,NA,FALSE,,,FALSE,FALSE,FALSE
1870,DAKCFMEO_01897,BJEIHDPM_02017,,DAKCFMEO_01897,NA,FALSE,,,FALSE,FALSE,FALSE
1871,DAKCFMEO_01898,BJEIHDPM_02018,,DAKCFMEO_01898,NA,FALSE,,,FALSE,FALSE,FALSE
1872,DAKCFMEO_01899,BJEIHDPM_02019,,DAKCFMEO_01899,NA,FALSE,,,FALSE,FALSE,FALSE
1873,DAKCFMEO_01900,BJEIHDPM_02020,,DAKCFMEO_01900,NA,FALSE,,,FALSE,FALSE,FALSE
1874,DAKCFMEO_01901,BJEIHDPM_02021,WP_080946637.1,DAKCFMEO_01901,WP_080946637.1,TRUE,p25_in_GeneB__dc_in_GeneA,OG0004077,TRUE,TRUE,TRUE
1875,DAKCFMEO_01902,BJEIHDPM_02022,,DAKCFMEO_01902,NA,FALSE,,,FALSE,FALSE,FALSE
1876,DAKCFMEO_01903,BJEIHDPM_02023,,DAKCFMEO_01903,NA,FALSE,,,FALSE,FALSE,FALSE
1877,DAKCFMEO_01904,BJEIHDPM_02024,,DAKCFMEO_01904,NA,FALSE,,,FALSE,FALSE,FALSE
1878,DAKCFMEO_01905,BJEIHDPM_02025,,DAKCFMEO_01905,NA,FALSE,,,FALSE,FALSE,FALSE
1879,DAKCFMEO_01906,BJEIHDPM_02026,WP_005768530.1,DAKCFMEO_01906,WP_005768530.1,TRUE,p25_in_GeneB__dc_in_GeneA,OG0002096,TRUE,TRUE,TRUE
1880,DAKCFMEO_01907,BJEIHDPM_02027,WP_005739893.1,DAKCFMEO_01907,WP_005739893.1,FALSE,,,TRUE,FALSE,FALSE
1881,DAKCFMEO_01908,BJEIHDPM_02028,WP_005768515.1,DAKCFMEO_01908,WP_005768515.1,TRUE,p25_in_GeneB__dc_in_GeneA,OG0002095,TRUE,TRUE,TRUE
1882,DAKCFMEO_01909,BJEIHDPM_02029,WP_002555808.1,DAKCFMEO_01909,WP_002555808.1,TRUE,p25_in_GeneB__dc_in_GeneA,OG0000724,TRUE,TRUE,TRUE
1883,DAKCFMEO_01910,BJEIHDPM_02030,WP_005739890.1,DAKCFMEO_01910,WP_005739890.1,FALSE,,,TRUE,FALSE,FALSE
1884,DAKCFMEO_01911,BJEIHDPM_02031,WP_005768513.1,DAKCFMEO_01911,WP_005768513.1,TRUE,p25_in_GeneB__dc_in_GeneA,OG0002094,TRUE,TRUE,TRUE
1885,DAKCFMEO_01912,BJEIHDPM_02032,WP_005768511.1,DAKCFMEO_01912,WP_005768511.1,TRUE,p25_in_GeneB__dc_in_GeneA,OG0002093,TRUE,TRUE,TRUE
1886,DAKCFMEO_01913,BJEIHDPM_02033,WP_005768510.1,DAKCFMEO_01913,WP_005768510.1,TRUE,p25_in_GeneB__dc_in_GeneA,OG0002092,TRUE,TRUE,TRUE
1887,DAKCFMEO_01914,BJEIHDPM_02034,WP_007246535.1,DAKCFMEO_01914,WP_007246535.1,TRUE,p25_in_GeneB__dc_in_GeneA,OG0002665,TRUE,TRUE,TRUE
1888,DAKCFMEO_01915,BJEIHDPM_02035,WP_011103037.1,DAKCFMEO_01915,WP_011103037.1,TRUE,p25_in_GeneB__dc_in_GeneA,OG0002807,TRUE,TRUE,TRUE
1889,DAKCFMEO_01916,BJEIHDPM_02036,WP_011103038.1,DAKCFMEO_01916,WP_011103038.1,TRUE,p25_in_GeneB__dc_in_GeneA,OG0002808,TRUE,TRUE,TRUE
1890,DAKCFMEO_01917,BJEIHDPM_02037,WP_011103039.1,DAKCFMEO_01917,WP_011103039.1,FALSE,,,TRUE,FALSE,FALSE
1891,DAKCFMEO_01918,BJEIHDPM_02038,WP_011103040.1,DAKCFMEO_01918,WP_011103040.1,TRUE,p25_in_GeneB__dc_in_GeneA,OG0002809,TRUE,TRUE,TRUE
1892,DAKCFMEO_01919,BJEIHDPM_02039,WP_005768497.1,DAKCFMEO_01919,WP_005768497.1,TRUE,p25_in_GeneB__dc_in_GeneA,OG0002091,TRUE,TRUE,TRUE
1893,DAKCFMEO_01920,BJEIHDPM_02040,WP_007246537.1,DAKCFMEO_01920,WP_007246537.1,TRUE,p25_in_GeneB__dc_in_GeneA,OG0002666,TRUE,TRUE,TRUE
1894,DAKCFMEO_01921,BJEIHDPM_02041,WP_011103041.1,DAKCFMEO_01921,WP_011103041.1,TRUE,p25_in_GeneB__dc_in_GeneA,OG0002810,TRUE,TRUE,TRUE
1895,DAKCFMEO_01922,BJEIHDPM_02042,WP_005768492.1,DAKCFMEO_01922,WP_005768492.1,TRUE,p25_in_GeneB__dc_in_GeneA,OG0002090,TRUE,TRUE,TRUE
1896,DAKCFMEO_01923,BJEIHDPM_02043,WP_005768491.1,DAKCFMEO_01923,WP_005768491.1,TRUE,p25_in_GeneB__dc_in_GeneA,OG0002089,TRUE,TRUE,TRUE
1897,DAKCFMEO_01924,BJEIHDPM_02044,,DAKCFMEO_01924,NA,FALSE,,,FALSE,FALSE,FALSE
1898,DAKCFMEO_01925,BJEIHDPM_02045,WP_011103000.1,DAKCFMEO_01925,WP_011103000.1,TRUE,p25_in_GeneB__dc_in_GeneA,OG0002787,TRUE,TRUE,TRUE
1899,DAKCFMEO_01926,BJEIHDPM_02046,WP_007247213.1,DAKCFMEO_01926,WP_007247213.1,TRUE,p25_in_GeneB__dc_in_GeneA,OG0002708,TRUE,TRUE,TRUE
1900,DAKCFMEO_01927,BJEIHDPM_02047,WP_007247212.1,DAKCFMEO_01927,WP_007247212.1,TRUE,p25_in_GeneB__dc_in_GeneA,OG0002707,TRUE,TRUE,TRUE
1901,DAKCFMEO_01928,BJEIHDPM_02048,WP_011103001.1,DAKCFMEO_01928,WP_011103001.1,TRUE,p25_in_GeneB__dc_in_GeneA,OG0002788,TRUE,TRUE,TRUE
1902,DAKCFMEO_01929,BJEIHDPM_02049,WP_011103002.1,DAKCFMEO_01929,WP_011103002.1,TRUE,p25_in_GeneB__dc_in_GeneA,OG0002789,TRUE,TRUE,TRUE
1903,DAKCFMEO_01930,BJEIHDPM_02050,WP_046463328.1,DAKCFMEO_01930,WP_046463328.1,TRUE,p25_in_GeneB__dc_in_GeneA,OG0003943,TRUE,TRUE,TRUE
1904,DAKCFMEO_01931,BJEIHDPM_02051,WP_011103004.1,DAKCFMEO_01931,WP_011103004.1,TRUE,p25_in_GeneB__dc_in_GeneA,OG0002790,TRUE,TRUE,TRUE
1905,DAKCFMEO_01932,BJEIHDPM_02052,,DAKCFMEO_01932,NA,FALSE,,,FALSE,FALSE,FALSE
1906,DAKCFMEO_01933,BJEIHDPM_02053,WP_005738602.1,DAKCFMEO_01933,WP_005738602.1,TRUE,p25_in_GeneB__dc_in_GeneA,OG0001277,TRUE,TRUE,TRUE
1907,DAKCFMEO_01934,BJEIHDPM_02054,WP_005769477.1,DAKCFMEO_01934,WP_005769477.1,TRUE,p25_in_GeneB__dc_in_GeneA,OG0002210,TRUE,TRUE,TRUE
1908,DAKCFMEO_01935,BJEIHDPM_02055,,DAKCFMEO_01935,NA,FALSE,,,FALSE,FALSE,FALSE
1909,DAKCFMEO_01936,BJEIHDPM_02056,WP_005769473.1,DAKCFMEO_01936,WP_005769473.1,TRUE,p25_in_GeneB__dc_in_GeneA,OG0002209,TRUE,TRUE,TRUE
1910,DAKCFMEO_01937,BJEIHDPM_02057,WP_046463329.1,DAKCFMEO_01937,WP_046463329.1,TRUE,p25_in_GeneB__dc_in_GeneA,OG0003944,TRUE,TRUE,TRUE
1911,DAKCFMEO_01938,BJEIHDPM_02058,WP_005769469.1,DAKCFMEO_01938,WP_005769469.1,TRUE,p25_in_GeneB__dc_in_GeneA,OG0002208,TRUE,TRUE,TRUE
1912,DAKCFMEO_01939,BJEIHDPM_02059,WP_007247202.1,DAKCFMEO_01939,WP_007247202.1,FALSE,,,TRUE,FALSE,FALSE
1913,DAKCFMEO_01940,BJEIHDPM_02060,,DAKCFMEO_01940,NA,FALSE,,,FALSE,FALSE,FALSE
1914,DAKCFMEO_01941,BJEIHDPM_02061,,DAKCFMEO_01941,NA,FALSE,,,FALSE,FALSE,FALSE
1915,DAKCFMEO_01942,BJEIHDPM_02062,,DAKCFMEO_01942,NA,FALSE,,,FALSE,FALSE,FALSE
1916,DAKCFMEO_01943,BJEIHDPM_02063,,DAKCFMEO_01943,NA,FALSE,,,FALSE,FALSE,FALSE
1917,DAKCFMEO_01944,BJEIHDPM_02064,WP_011103008.1,DAKCFMEO_01944,WP_011103008.1,TRUE,p25_in_GeneB__dc_in_GeneA,OG0002792,TRUE,TRUE,TRUE
1918,DAKCFMEO_01945,BJEIHDPM_02065,WP_005768435.1,DAKCFMEO_01945,WP_005768435.1,TRUE,p25_in_GeneB__dc_in_GeneA,OG0002085,TRUE,TRUE,TRUE
1919,DAKCFMEO_01946,BJEIHDPM_02066,WP_005768434.1,DAKCFMEO_01946,WP_005768434.1,TRUE,p25_in_GeneB__dc_in_GeneA,OG0002084,TRUE,TRUE,TRUE
1920,DAKCFMEO_01947,BJEIHDPM_02067,WP_011105390.1,DAKCFMEO_01947,WP_011105390.1,TRUE,p25_in_GeneB__dc_in_GeneA,OG0003749,TRUE,TRUE,TRUE
1921,DAKCFMEO_01948,BJEIHDPM_02068,WP_005768431.1,DAKCFMEO_01948,WP_005768431.1,TRUE,p25_in_GeneB__dc_in_GeneA,OG0002083,TRUE,TRUE,TRUE
1922,DAKCFMEO_01949,BJEIHDPM_02069,WP_005621407.1,DAKCFMEO_01949,WP_005621407.1,TRUE,p25_in_GeneB__dc_in_GeneA,OG0001228,TRUE,TRUE,TRUE
1923,DAKCFMEO_01950,BJEIHDPM_02070,WP_005768429.1,DAKCFMEO_01950,WP_005768429.1,FALSE,,,TRUE,FALSE,FALSE
1924,DAKCFMEO_01951,BJEIHDPM_02071,WP_046464032.1,DAKCFMEO_01951,WP_046464032.1,FALSE,,,TRUE,FALSE,FALSE
1925,DAKCFMEO_01952,BJEIHDPM_02072,WP_003380046.1,DAKCFMEO_01952,WP_003380046.1,TRUE,p25_in_GeneB__dc_in_GeneA,OG0000924,TRUE,TRUE,TRUE
1926,DAKCFMEO_01953,BJEIHDPM_02073,WP_005768426.1,DAKCFMEO_01953,WP_005768426.1,FALSE,,,TRUE,FALSE,FALSE
1927,DAKCFMEO_01954,BJEIHDPM_02074,WP_007247319.1,DAKCFMEO_01954,WP_007247319.1,TRUE,p25_in_GeneB__dc_in_GeneA,OG0002711,TRUE,TRUE,TRUE
1928,DAKCFMEO_01955,BJEIHDPM_02075,WP_003380053.1,DAKCFMEO_01955,WP_003380053.1,TRUE,p25_in_GeneB__dc_in_GeneA,OG0000925,TRUE,TRUE,TRUE
1929,DAKCFMEO_01956,BJEIHDPM_02076,WP_002551560.1,DAKCFMEO_01956,WP_002551560.1,TRUE,p25_in_GeneB__dc_in_GeneA,OG0000629,TRUE,TRUE,TRUE
1930,DAKCFMEO_01957,BJEIHDPM_02077,WP_005768425.1,DAKCFMEO_01957,WP_005768425.1,TRUE,p25_in_GeneB__dc_in_GeneA,OG0002082,TRUE,TRUE,TRUE
1931,DAKCFMEO_01958,BJEIHDPM_02078,WP_005768422.1,DAKCFMEO_01958,WP_005768422.1,TRUE,p25_in_GeneB__dc_in_GeneA,OG0002081,TRUE,TRUE,TRUE
1932,DAKCFMEO_01959,BJEIHDPM_02079,WP_005737044.1,DAKCFMEO_01959,WP_005737044.1,TRUE,p25_in_GeneB__dc_in_GeneA,OG0001255,TRUE,TRUE,TRUE
1933,DAKCFMEO_01960,BJEIHDPM_02080,WP_005768419.1,DAKCFMEO_01960,WP_005768419.1,TRUE,p25_in_GeneB__dc_in_GeneA,OG0002080,TRUE,TRUE,TRUE
1934,DAKCFMEO_01961,BJEIHDPM_02081,,DAKCFMEO_01961,NA,FALSE,,,FALSE,FALSE,FALSE
1935,DAKCFMEO_01962,BJEIHDPM_02082,,DAKCFMEO_01962,NA,FALSE,,,FALSE,FALSE,FALSE
1936,DAKCFMEO_01963,BJEIHDPM_02083,,DAKCFMEO_01963,NA,FALSE,,,FALSE,FALSE,FALSE
1937,DAKCFMEO_01964,BJEIHDPM_02084,WP_011105385.1,DAKCFMEO_01964,WP_011105385.1,TRUE,p25_in_GeneB__dc_in_GeneA,OG0003748,TRUE,TRUE,TRUE
1938,DAKCFMEO_01965,BJEIHDPM_02085,,DAKCFMEO_01965,NA,FALSE,,,FALSE,FALSE,FALSE
1939,DAKCFMEO_01966,BJEIHDPM_02086,WP_011105383.1,DAKCFMEO_01966,WP_011105383.1,FALSE,,,TRUE,FALSE,FALSE
1940,DAKCFMEO_01967,BJEIHDPM_02087,WP_002551568.1,DAKCFMEO_01967,WP_002551568.1,TRUE,p25_in_GeneB__dc_in_GeneA,OG0000630,TRUE,TRUE,TRUE
1941,DAKCFMEO_01968,BJEIHDPM_02088,WP_005765622.1,DAKCFMEO_01968,WP_005765622.1,TRUE,p25_in_GeneB__dc_in_GeneA,OG0001712,TRUE,TRUE,TRUE
1942,DAKCFMEO_01969,BJEIHDPM_02089,WP_011105382.1,DAKCFMEO_01969,WP_011105382.1,TRUE,p25_in_GeneB__dc_in_GeneA,OG0003746,TRUE,TRUE,TRUE
1943,DAKCFMEO_01970,BJEIHDPM_02090,WP_011105381.1,DAKCFMEO_01970,WP_011105381.1,TRUE,p25_in_GeneB__dc_in_GeneA,OG0003745,TRUE,TRUE,TRUE
1944,DAKCFMEO_01971,BJEIHDPM_02091,WP_003380079.1,DAKCFMEO_01971,WP_003380079.1,TRUE,p25_in_GeneB__dc_in_GeneA,OG0000926,TRUE,TRUE,TRUE
1945,DAKCFMEO_01972,BJEIHDPM_02092,WP_002551573.1,DAKCFMEO_01972,WP_002551573.1,TRUE,p25_in_GeneB__dc_in_GeneA,OG0000631,TRUE,TRUE,TRUE
1946,DAKCFMEO_01973,BJEIHDPM_02093,WP_005621372.1,DAKCFMEO_01973,WP_005621372.1,TRUE,p25_in_GeneB__dc_in_GeneA,OG0001227,TRUE,TRUE,TRUE
1947,DAKCFMEO_01974,BJEIHDPM_02094,WP_011105380.1,DAKCFMEO_01974,WP_011105380.1,TRUE,p25_in_GeneB__dc_in_GeneA,OG0003744,TRUE,TRUE,TRUE
1948,DAKCFMEO_01975,BJEIHDPM_02095,WP_011105379.1,DAKCFMEO_01975,WP_011105379.1,TRUE,p25_in_GeneB__dc_in_GeneA,OG0003743,TRUE,TRUE,TRUE
1949,DAKCFMEO_01976,BJEIHDPM_02096,WP_011105378.1,DAKCFMEO_01976,WP_011105378.1,TRUE,p25_in_GeneB__dc_in_GeneA,OG0003742,TRUE,TRUE,TRUE
1950,DAKCFMEO_01977,BJEIHDPM_02097,WP_007247176.1,DAKCFMEO_01977,WP_007247176.1,TRUE,p25_in_GeneB__dc_in_GeneA,OG0002706,TRUE,TRUE,TRUE
1951,DAKCFMEO_01978,BJEIHDPM_02098,,DAKCFMEO_01978,NA,FALSE,,,FALSE,FALSE,FALSE
1952,DAKCFMEO_01979,BJEIHDPM_02099,WP_011103094.1,DAKCFMEO_01979,WP_011103094.1,TRUE,p25_in_GeneB__dc_in_GeneA,OG0002821,TRUE,TRUE,TRUE
1953,DAKCFMEO_01980,BJEIHDPM_02100,WP_005763440.1,DAKCFMEO_01980,WP_005763440.1,TRUE,p25_in_GeneB__dc_in_GeneA,OG0001432,TRUE,TRUE,TRUE
1954,DAKCFMEO_01981,BJEIHDPM_02101,WP_011103095.1,DAKCFMEO_01981,WP_011103095.1,TRUE,p25_in_GeneB__dc_in_GeneA,OG0002822,TRUE,TRUE,TRUE
1955,DAKCFMEO_01982,BJEIHDPM_02102,WP_003380209.1,DAKCFMEO_01982,WP_003380209.1,TRUE,p25_in_GeneB__dc_in_GeneA,OG0000936,TRUE,TRUE,TRUE
1956,DAKCFMEO_01983,BJEIHDPM_02103,WP_005763446.1,DAKCFMEO_01983,WP_005763446.1,TRUE,p25_in_GeneB__dc_in_GeneA,OG0001433,TRUE,TRUE,TRUE
1957,DAKCFMEO_01984,BJEIHDPM_02104,WP_005763448.1,DAKCFMEO_01984,WP_005763448.1,TRUE,p25_in_GeneB__dc_in_GeneA,OG0001434,TRUE,TRUE,TRUE
1958,DAKCFMEO_01985,BJEIHDPM_02105,WP_011103096.1,DAKCFMEO_01985,WP_011103096.1,FALSE,,,TRUE,FALSE,FALSE
1959,DAKCFMEO_01986,BJEIHDPM_02106,WP_005763452.1,DAKCFMEO_01986,WP_005763452.1,TRUE,p25_in_GeneB__dc_in_GeneA,OG0001435,TRUE,TRUE,TRUE
1960,DAKCFMEO_01987,BJEIHDPM_02107,WP_005763453.1,DAKCFMEO_01987,WP_005763453.1,TRUE,p25_in_GeneB__dc_in_GeneA,OG0001436,TRUE,TRUE,TRUE
1961,DAKCFMEO_01988,BJEIHDPM_02108,WP_005763455.1,DAKCFMEO_01988,WP_005763455.1,TRUE,p25_in_GeneB__dc_in_GeneA,OG0001437,TRUE,TRUE,TRUE
1962,DAKCFMEO_01989,BJEIHDPM_02109,WP_005763456.1,DAKCFMEO_01989,WP_005763456.1,TRUE,p25_in_GeneB__dc_in_GeneA,OG0001438,TRUE,TRUE,TRUE
1963,DAKCFMEO_01990,BJEIHDPM_02110,WP_005763459.1,DAKCFMEO_01990,WP_005763459.1,TRUE,p25_in_GeneB__dc_in_GeneA,OG0001439,TRUE,TRUE,TRUE
1964,DAKCFMEO_01991,BJEIHDPM_02111,WP_005763462.1,DAKCFMEO_01991,WP_005763462.1,TRUE,p25_in_GeneB__dc_in_GeneA,OG0001440,TRUE,TRUE,TRUE
1965,DAKCFMEO_01992,BJEIHDPM_02112,WP_003380226.1,DAKCFMEO_01992,WP_003380226.1,TRUE,p25_in_GeneB__dc_in_GeneA,OG0000937,TRUE,TRUE,TRUE
1966,DAKCFMEO_01993,BJEIHDPM_02113,WP_005763465.1,DAKCFMEO_01993,WP_005763465.1,TRUE,p25_in_GeneB__dc_in_GeneA,OG0001441,TRUE,TRUE,TRUE
1967,DAKCFMEO_01994,BJEIHDPM_02114,WP_003318100.1,DAKCFMEO_01994,WP_003318100.1,FALSE,,,TRUE,FALSE,FALSE
1968,DAKCFMEO_01995,BJEIHDPM_02115,WP_005768489.1,DAKCFMEO_01995,WP_005768489.1,TRUE,p25_in_GeneB__dc_in_GeneA,OG0002088,TRUE,TRUE,TRUE
1969,DAKCFMEO_01996,BJEIHDPM_02116,WP_005768488.1,DAKCFMEO_01996,WP_005768488.1,FALSE,,,TRUE,FALSE,FALSE
1970,DAKCFMEO_01997,BJEIHDPM_02117,WP_003377907.1,DAKCFMEO_01997,WP_003377907.1,TRUE,p25_in_GeneB__dc_in_GeneA,OG0000857,TRUE,TRUE,TRUE
1971,DAKCFMEO_01998,BJEIHDPM_02118,WP_005613652.1,DAKCFMEO_01998,WP_005613652.1,TRUE,p25_in_GeneB__dc_in_GeneA,OG0001115,TRUE,TRUE,TRUE
1972,DAKCFMEO_01999,BJEIHDPM_02119,WP_005613653.1,DAKCFMEO_01999,WP_005613653.1,TRUE,p25_in_GeneB__dc_in_GeneA,OG0001116,TRUE,TRUE,TRUE
1973,DAKCFMEO_02000,BJEIHDPM_02120,,DAKCFMEO_02000,NA,FALSE,,,FALSE,FALSE,FALSE
1974,DAKCFMEO_02001,BJEIHDPM_02121,WP_046463848.1,DAKCFMEO_02001,WP_046463848.1,FALSE,,,TRUE,FALSE,FALSE
1975,DAKCFMEO_02002,BJEIHDPM_02122,,DAKCFMEO_02002,NA,FALSE,,,FALSE,FALSE,FALSE
1976,DAKCFMEO_02003,BJEIHDPM_02123,WP_074843309.1,DAKCFMEO_02003,WP_074843309.1,TRUE,p25_in_GeneB__dc_in_GeneA,OG0004069,TRUE,TRUE,TRUE
1977,DAKCFMEO_02004,BJEIHDPM_02124,WP_011103045.1,DAKCFMEO_02004,WP_011103045.1,TRUE,p25_in_GeneB__dc_in_GeneA,OG0002812,TRUE,TRUE,TRUE
1978,DAKCFMEO_02005,BJEIHDPM_02125,,DAKCFMEO_02005,NA,FALSE,,,FALSE,FALSE,FALSE
1979,DAKCFMEO_02006,BJEIHDPM_02126,WP_011103046.1,DAKCFMEO_02006,WP_011103046.1,FALSE,,,TRUE,FALSE,FALSE
1980,DAKCFMEO_02007,BJEIHDPM_02127,WP_005771069.1,DAKCFMEO_02007,WP_005771069.1,FALSE,,,TRUE,FALSE,FALSE
1981,DAKCFMEO_02008,BJEIHDPM_02128,WP_011103048.1,DAKCFMEO_02008,WP_011103048.1,TRUE,p25_in_GeneB__dc_in_GeneA,OG0002813,TRUE,TRUE,TRUE
1982,DAKCFMEO_02009,BJEIHDPM_02129,WP_011103049.1,DAKCFMEO_02009,WP_011103049.1,TRUE,p25_in_GeneB__dc_in_GeneA,OG0002814,TRUE,TRUE,TRUE
1983,DAKCFMEO_02010,BJEIHDPM_02130,WP_005771075.1,DAKCFMEO_02010,WP_005771075.1,TRUE,p25_in_GeneB__dc_in_GeneA,OG0002403,TRUE,TRUE,TRUE
1984,DAKCFMEO_02011,BJEIHDPM_02131,WP_005771077.1,DAKCFMEO_02011,WP_005771077.1,TRUE,p25_in_GeneB__dc_in_GeneA,OG0002404,TRUE,TRUE,TRUE
1985,DAKCFMEO_02012,BJEIHDPM_02132,WP_011103050.1,DAKCFMEO_02012,WP_011103050.1,TRUE,p25_in_GeneB__dc_in_GeneA,OG0002815,TRUE,TRUE,TRUE
1986,DAKCFMEO_02013,BJEIHDPM_02133,WP_003382315.1,DAKCFMEO_02013,WP_003382315.1,TRUE,p25_in_GeneB__dc_in_GeneA,OG0001016,TRUE,TRUE,TRUE
1987,DAKCFMEO_02014,BJEIHDPM_02134,WP_007247117.1,DAKCFMEO_02014,WP_007247117.1,FALSE,,,TRUE,FALSE,FALSE
1988,DAKCFMEO_02015,BJEIHDPM_02135,WP_011103051.1,DAKCFMEO_02015,WP_011103051.1,FALSE,,,TRUE,FALSE,FALSE
1989,DAKCFMEO_02016,BJEIHDPM_02136,WP_011103052.1,DAKCFMEO_02016,WP_011103052.1,TRUE,p25_in_GeneB__dc_in_GeneA,OG0002816,TRUE,TRUE,TRUE
1990,DAKCFMEO_02017,BJEIHDPM_02137,WP_011103053.1,DAKCFMEO_02017,WP_011103053.1,FALSE,,,TRUE,FALSE,FALSE
1991,DAKCFMEO_02018,BJEIHDPM_02138,WP_003382104.1,DAKCFMEO_02018,WP_003382104.1,TRUE,p25_in_GeneB__dc_in_GeneA,OG0001011,TRUE,TRUE,TRUE
1992,DAKCFMEO_02019,BJEIHDPM_02139,,DAKCFMEO_02019,NA,FALSE,,,FALSE,FALSE,FALSE
1993,DAKCFMEO_02020,BJEIHDPM_02140,WP_003382103.1,DAKCFMEO_02020,WP_003382103.1,FALSE,,,TRUE,FALSE,FALSE
1994,DAKCFMEO_02021,BJEIHDPM_02141,WP_011105418.1,DAKCFMEO_02021,WP_011105418.1,TRUE,p25_in_GeneB__dc_in_GeneA,OG0003766,TRUE,TRUE,TRUE
1995,DAKCFMEO_02022,BJEIHDPM_02142,WP_005767078.1,DAKCFMEO_02022,WP_005767078.1,FALSE,,,TRUE,FALSE,FALSE
1996,DAKCFMEO_02023,BJEIHDPM_02143,WP_011105417.1,DAKCFMEO_02023,WP_011105417.1,FALSE,,,TRUE,FALSE,FALSE
1997,DAKCFMEO_02024,BJEIHDPM_02144,WP_005737104.1,DAKCFMEO_02024,WP_005737104.1,TRUE,p25_in_GeneB__dc_in_GeneA,OG0001256,TRUE,TRUE,TRUE
1998,DAKCFMEO_02025,BJEIHDPM_02145,WP_005767073.1,DAKCFMEO_02025,WP_005767073.1,TRUE,p25_in_GeneB__dc_in_GeneA,OG0001942,TRUE,TRUE,TRUE
1999,DAKCFMEO_02026,BJEIHDPM_02146,WP_005767071.1,DAKCFMEO_02026,WP_005767071.1,TRUE,p25_in_GeneB__dc_in_GeneA,OG0001941,TRUE,TRUE,TRUE
2000,DAKCFMEO_02027,BJEIHDPM_02147,,DAKCFMEO_02027,NA,FALSE,,,FALSE,FALSE,FALSE
2001,DAKCFMEO_02028,BJEIHDPM_02148,WP_011105414.1,DAKCFMEO_02028,WP_011105414.1,TRUE,p25_in_GeneB__dc_in_GeneA,OG0003765,TRUE,TRUE,TRUE
2002,DAKCFMEO_02029,BJEIHDPM_02149,WP_005767067.1,DAKCFMEO_02029,WP_005767067.1,TRUE,p25_in_GeneB__dc_in_GeneA,OG0001940,TRUE,TRUE,TRUE
2003,DAKCFMEO_02030,BJEIHDPM_02150,WP_005767065.1,DAKCFMEO_02030,WP_005767065.1,TRUE,p25_in_GeneB__dc_in_GeneA,OG0001939,TRUE,TRUE,TRUE
2004,DAKCFMEO_02031,BJEIHDPM_02151,WP_005767063.1,DAKCFMEO_02031,WP_005767063.1,TRUE,p25_in_GeneB__dc_in_GeneA,OG0001938,TRUE,TRUE,TRUE
2005,DAKCFMEO_02032,BJEIHDPM_02152,WP_024666025.1,DAKCFMEO_02032,WP_024666025.1,TRUE,p25_in_GeneB__dc_in_GeneA,OG0003859,TRUE,TRUE,TRUE
2006,DAKCFMEO_02033,BJEIHDPM_02153,WP_005767059.1,DAKCFMEO_02033,WP_005767059.1,TRUE,p25_in_GeneB__dc_in_GeneA,OG0001937,TRUE,TRUE,TRUE
2007,DAKCFMEO_02034,BJEIHDPM_02154,WP_011103058.1,DAKCFMEO_02034,WP_011103058.1,FALSE,,,TRUE,FALSE,FALSE
2008,DAKCFMEO_02035,BJEIHDPM_02155,WP_011103059.1,DAKCFMEO_02035,WP_011103059.1,FALSE,,,TRUE,FALSE,FALSE
2009,DAKCFMEO_02036,BJEIHDPM_02156,WP_005739846.1,DAKCFMEO_02036,WP_005739846.1,FALSE,,,TRUE,FALSE,FALSE
2010,DAKCFMEO_02037,BJEIHDPM_02157,WP_046463852.1,DAKCFMEO_02037,WP_046463852.1,FALSE,,,TRUE,FALSE,FALSE
2011,DAKCFMEO_02038,BJEIHDPM_02158,WP_044392586.1,DAKCFMEO_02038,WP_044392586.1,TRUE,p25_in_GeneB__dc_in_GeneA,OG0003915,TRUE,TRUE,TRUE
2012,DAKCFMEO_02039,BJEIHDPM_02159,WP_005739842.1,DAKCFMEO_02039,WP_005739842.1,FALSE,,,TRUE,FALSE,FALSE
2013,DAKCFMEO_02040,BJEIHDPM_02160,WP_044392584.1,DAKCFMEO_02040,WP_044392584.1,FALSE,,,TRUE,FALSE,FALSE
2014,DAKCFMEO_02041,BJEIHDPM_02161,,DAKCFMEO_02041,NA,FALSE,,,FALSE,FALSE,FALSE
2015,DAKCFMEO_02042,BJEIHDPM_02162,,DAKCFMEO_02042,NA,FALSE,,,FALSE,FALSE,FALSE
2016,DAKCFMEO_02043,BJEIHDPM_02163,WP_005771123.1,DAKCFMEO_02043,WP_005771123.1,TRUE,p25_in_GeneB__dc_in_GeneA,OG0002405,TRUE,TRUE,TRUE
2017,DAKCFMEO_02044,BJEIHDPM_02164,WP_046463853.1,DAKCFMEO_02044,WP_046463853.1,FALSE,,,TRUE,FALSE,FALSE
2018,DAKCFMEO_02045,BJEIHDPM_02165,WP_005613713.1,DAKCFMEO_02045,WP_005613713.1,TRUE,p25_in_GeneB__dc_in_GeneA,OG0001117,TRUE,TRUE,TRUE
2019,DAKCFMEO_02046,BJEIHDPM_02166,WP_003377258.1,DAKCFMEO_02046,WP_003377258.1,TRUE,p25_in_GeneB__dc_in_GeneA,OG0000811,TRUE,TRUE,TRUE
2020,DAKCFMEO_02047,BJEIHDPM_02167,WP_010205374.1,DAKCFMEO_02047,WP_010205374.1,TRUE,p25_in_GeneB__dc_in_GeneA,OG0002737,TRUE,TRUE,TRUE
2021,DAKCFMEO_02048,BJEIHDPM_02168,,DAKCFMEO_02048,NA,FALSE,,,FALSE,FALSE,FALSE
2022,DAKCFMEO_02049,BJEIHDPM_02169,WP_011105169.1,DAKCFMEO_02049,WP_011105169.1,TRUE,p25_in_GeneB__dc_in_GeneA,OG0003641,TRUE,TRUE,TRUE
2023,DAKCFMEO_02050,BJEIHDPM_02170,,DAKCFMEO_02050,NA,FALSE,,,FALSE,FALSE,FALSE
2024,DAKCFMEO_02051,BJEIHDPM_02171,,DAKCFMEO_02051,NA,FALSE,,,FALSE,FALSE,FALSE
2025,DAKCFMEO_02052,BJEIHDPM_02172,WP_005763322.1,DAKCFMEO_02052,WP_005763322.1,TRUE,p25_in_GeneB__dc_in_GeneA,OG0001430,TRUE,TRUE,TRUE
2026,DAKCFMEO_02053,BJEIHDPM_02173,WP_011104327.1,DAKCFMEO_02053,WP_011104327.1,TRUE,p25_in_GeneB__dc_in_GeneA,OG0003327,TRUE,TRUE,TRUE
2027,DAKCFMEO_02054,BJEIHDPM_02174,,DAKCFMEO_02054,NA,FALSE,,,FALSE,FALSE,FALSE
2028,DAKCFMEO_02055,BJEIHDPM_02175,,DAKCFMEO_02055,NA,FALSE,,,FALSE,FALSE,FALSE
2029,DAKCFMEO_02056,BJEIHDPM_02176,,DAKCFMEO_02056,NA,FALSE,,,FALSE,FALSE,FALSE
2030,DAKCFMEO_02057,BJEIHDPM_02177,WP_011103227.1,DAKCFMEO_02057,WP_011103227.1,TRUE,p25_in_GeneB__dc_in_GeneA,OG0002877,TRUE,TRUE,TRUE
2031,DAKCFMEO_02058,BJEIHDPM_02178,,DAKCFMEO_02058,NA,FALSE,,,FALSE,FALSE,FALSE
2032,DAKCFMEO_02059,BJEIHDPM_02179,,DAKCFMEO_02059,NA,FALSE,,,FALSE,FALSE,FALSE
2033,DAKCFMEO_02060,BJEIHDPM_02180,,DAKCFMEO_02060,NA,FALSE,,,FALSE,FALSE,FALSE
2034,DAKCFMEO_02061,BJEIHDPM_02181,WP_007247160.1,DAKCFMEO_02061,WP_007247160.1,FALSE,,,TRUE,FALSE,FALSE
2035,DAKCFMEO_02062,BJEIHDPM_02182,,DAKCFMEO_02062,NA,FALSE,,,FALSE,FALSE,FALSE
2036,DAKCFMEO_02063,BJEIHDPM_02183,,DAKCFMEO_02063,NA,FALSE,,,FALSE,FALSE,FALSE
2037,DAKCFMEO_02064,BJEIHDPM_02185,,DAKCFMEO_02064,NA,FALSE,,,FALSE,FALSE,FALSE
2038,DAKCFMEO_02065,BJEIHDPM_02186,,DAKCFMEO_02065,NA,FALSE,,,FALSE,FALSE,FALSE
2039,DAKCFMEO_02066,BJEIHDPM_02187,,DAKCFMEO_02066,NA,FALSE,,,FALSE,FALSE,FALSE
2040,DAKCFMEO_02067,BJEIHDPM_02188,,DAKCFMEO_02067,NA,FALSE,,,FALSE,FALSE,FALSE
2041,DAKCFMEO_02068,BJEIHDPM_02189,WP_011104442.1,DAKCFMEO_02068,WP_011104442.1,FALSE,,,TRUE,FALSE,FALSE
2042,DAKCFMEO_02069,BJEIHDPM_02190,WP_011104442.1,DAKCFMEO_02069,WP_011104442.1,FALSE,,,TRUE,FALSE,FALSE
2043,DAKCFMEO_02070,BJEIHDPM_02191,WP_011104442.1,DAKCFMEO_02070,WP_011104442.1,FALSE,,,TRUE,FALSE,FALSE
2044,DAKCFMEO_02071,BJEIHDPM_02192,WP_080597953.1,DAKCFMEO_02071,WP_080597953.1,FALSE,,,TRUE,FALSE,FALSE
2045,DAKCFMEO_02072,BJEIHDPM_02193,,DAKCFMEO_02072,NA,FALSE,,,FALSE,FALSE,FALSE
2046,DAKCFMEO_02073,BJEIHDPM_02194,,DAKCFMEO_02073,NA,FALSE,,,FALSE,FALSE,FALSE
2047,DAKCFMEO_02074,BJEIHDPM_02195,,DAKCFMEO_02074,NA,FALSE,,,FALSE,FALSE,FALSE
2048,DAKCFMEO_02075,BJEIHDPM_02196,,DAKCFMEO_02075,NA,FALSE,,,FALSE,FALSE,FALSE
2049,DAKCFMEO_02076,BJEIHDPM_02197,,DAKCFMEO_02076,NA,FALSE,,,FALSE,FALSE,FALSE
2050,DAKCFMEO_02077,BJEIHDPM_02198,,DAKCFMEO_02077,NA,FALSE,,,FALSE,FALSE,FALSE
2051,DAKCFMEO_02079,BJEIHDPM_02200,WP_011103085.1,DAKCFMEO_02079,WP_011103085.1,FALSE,,,TRUE,FALSE,FALSE
2052,DAKCFMEO_02080,BJEIHDPM_02201,WP_011103086.1,DAKCFMEO_02080,WP_011103086.1,FALSE,,,TRUE,FALSE,FALSE
2053,DAKCFMEO_02081,BJEIHDPM_02202,WP_046463817.1,DAKCFMEO_02081,WP_046463817.1,TRUE,p25_in_GeneB__dc_in_GeneA,OG0004022,TRUE,TRUE,TRUE
2054,DAKCFMEO_02082,BJEIHDPM_02203,,DAKCFMEO_02082,NA,FALSE,,,FALSE,FALSE,FALSE
2055,DAKCFMEO_02083,BJEIHDPM_02204,WP_005768479.1,DAKCFMEO_02083,WP_005768479.1,FALSE,,,TRUE,FALSE,FALSE
2056,DAKCFMEO_02084,BJEIHDPM_02205,WP_011105404.1,DAKCFMEO_02084,WP_011105404.1,TRUE,p25_in_GeneB__dc_in_GeneA,OG0003759,TRUE,TRUE,TRUE
2057,DAKCFMEO_02085,BJEIHDPM_02206,WP_011105403.1,DAKCFMEO_02085,WP_011105403.1,TRUE,p25_in_GeneB__dc_in_GeneA,OG0003758,TRUE,TRUE,TRUE
2058,DAKCFMEO_02086,BJEIHDPM_02207,WP_011105402.1,DAKCFMEO_02086,WP_011105402.1,TRUE,p25_in_GeneB__dc_in_GeneA,OG0003757,TRUE,TRUE,TRUE
2059,DAKCFMEO_02087,BJEIHDPM_02208,WP_011105401.1,DAKCFMEO_02087,WP_011105401.1,TRUE,p25_in_GeneB__dc_in_GeneA,OG0003756,TRUE,TRUE,TRUE
2060,DAKCFMEO_02088,BJEIHDPM_02209,WP_011105400.1,DAKCFMEO_02088,WP_011105400.1,FALSE,,,TRUE,FALSE,FALSE
2061,DAKCFMEO_02089,BJEIHDPM_02210,WP_011105399.1,DAKCFMEO_02089,WP_011105399.1,TRUE,p25_in_GeneB__dc_in_GeneA,OG0003755,TRUE,TRUE,TRUE
2062,DAKCFMEO_02090,BJEIHDPM_02211,WP_007247035.1,DAKCFMEO_02090,WP_007247035.1,FALSE,,,TRUE,FALSE,FALSE
2063,DAKCFMEO_02091,BJEIHDPM_02212,WP_003380009.1,DAKCFMEO_02091,WP_003380009.1,FALSE,,,TRUE,FALSE,FALSE
2064,DAKCFMEO_02092,BJEIHDPM_02213,WP_010218951.1,DAKCFMEO_02092,WP_010218951.1,FALSE,,,TRUE,FALSE,FALSE
2065,DAKCFMEO_02093,BJEIHDPM_02214,WP_057443298.1,DAKCFMEO_02093,WP_057443298.1,TRUE,p25_in_GeneB__dc_in_GeneA,OG0004067,TRUE,TRUE,TRUE
2066,DAKCFMEO_02094,BJEIHDPM_02215,,DAKCFMEO_02094,NA,FALSE,,,FALSE,FALSE,FALSE
2067,DAKCFMEO_02095,BJEIHDPM_02216,,DAKCFMEO_02095,NA,FALSE,,,FALSE,FALSE,FALSE
2068,DAKCFMEO_02096,BJEIHDPM_02217,,DAKCFMEO_02096,NA,FALSE,,,FALSE,FALSE,FALSE
2069,DAKCFMEO_02097,BJEIHDPM_02218,,DAKCFMEO_02097,NA,FALSE,,,FALSE,FALSE,FALSE
2070,DAKCFMEO_02098,BJEIHDPM_02219,,DAKCFMEO_02098,NA,FALSE,,,FALSE,FALSE,FALSE
2071,DAKCFMEO_02099,BJEIHDPM_02220,,DAKCFMEO_02099,NA,FALSE,,,FALSE,FALSE,FALSE
2072,DAKCFMEO_02100,BJEIHDPM_02221,,DAKCFMEO_02100,NA,FALSE,,,FALSE,FALSE,FALSE
2073,DAKCFMEO_02101,BJEIHDPM_02222,,DAKCFMEO_02101,NA,FALSE,,,FALSE,FALSE,FALSE
2074,DAKCFMEO_02102,BJEIHDPM_02223,,DAKCFMEO_02102,NA,FALSE,,,FALSE,FALSE,FALSE
2075,DAKCFMEO_02103,BJEIHDPM_02224,WP_005765563.1,DAKCFMEO_02103,WP_005765563.1,TRUE,p25_in_GeneB__dc_in_GeneA,OG0001706,TRUE,TRUE,TRUE
2076,DAKCFMEO_02104,BJEIHDPM_02225,WP_011105349.1,DAKCFMEO_02104,WP_011105349.1,TRUE,p25_in_GeneB__dc_in_GeneA,OG0003734,TRUE,TRUE,TRUE
2077,DAKCFMEO_02105,BJEIHDPM_02226,WP_005765561.1,DAKCFMEO_02105,WP_005765561.1,TRUE,p25_in_GeneB__dc_in_GeneA,OG0001705,TRUE,TRUE,TRUE
2078,DAKCFMEO_02106,BJEIHDPM_02227,WP_011105348.1,DAKCFMEO_02106,WP_011105348.1,FALSE,,,TRUE,FALSE,FALSE
2079,DAKCFMEO_02107,BJEIHDPM_02228,WP_005765559.1,DAKCFMEO_02107,WP_005765559.1,TRUE,p25_in_GeneB__dc_in_GeneA,OG0001704,TRUE,TRUE,TRUE
2080,DAKCFMEO_02108,BJEIHDPM_02229,WP_081011124.1,DAKCFMEO_02108,WP_081011124.1,TRUE,p25_in_GeneB__dc_in_GeneA,OG0004078,TRUE,TRUE,TRUE
2081,DAKCFMEO_02109,BJEIHDPM_02230,WP_005765557.1,DAKCFMEO_02109,WP_005765557.1,TRUE,p25_in_GeneB__dc_in_GeneA,OG0001703,TRUE,TRUE,TRUE
2082,DAKCFMEO_02110,BJEIHDPM_02231,WP_011105319.1,DAKCFMEO_02110,WP_011105319.1,TRUE,p25_in_GeneB__dc_in_GeneA,OG0003717,TRUE,TRUE,TRUE
2083,DAKCFMEO_02111,BJEIHDPM_02232,WP_005765469.1,DAKCFMEO_02111,WP_005765469.1,TRUE,p25_in_GeneB__dc_in_GeneA,OG0001689,TRUE,TRUE,TRUE
2084,DAKCFMEO_02112,BJEIHDPM_02233,WP_005765433.1,DAKCFMEO_02112,WP_005765433.1,TRUE,p25_in_GeneB__dc_in_GeneA,OG0001688,TRUE,TRUE,TRUE
2085,DAKCFMEO_02113,BJEIHDPM_02234,,DAKCFMEO_02113,NA,FALSE,,,FALSE,FALSE,FALSE
2086,DAKCFMEO_02114,BJEIHDPM_02235,WP_005765429.1,DAKCFMEO_02114,WP_005765429.1,TRUE,p25_in_GeneB__dc_in_GeneA,OG0001686,TRUE,TRUE,TRUE
2087,DAKCFMEO_02115,BJEIHDPM_02236,WP_011105305.1,DAKCFMEO_02115,WP_011105305.1,TRUE,p25_in_GeneB__dc_in_GeneA,OG0003715,TRUE,TRUE,TRUE
2088,DAKCFMEO_02116,BJEIHDPM_02237,WP_003378783.1,DAKCFMEO_02116,WP_003378783.1,TRUE,p25_in_GeneB__dc_in_GeneA,OG0000890,TRUE,TRUE,TRUE
2089,DAKCFMEO_02117,BJEIHDPM_02238,WP_011105304.1,DAKCFMEO_02117,WP_011105304.1,TRUE,p25_in_GeneB__dc_in_GeneA,OG0003714,TRUE,TRUE,TRUE
2090,DAKCFMEO_02118,BJEIHDPM_02239,WP_005765423.1,DAKCFMEO_02118,WP_005765423.1,TRUE,p25_in_GeneB__dc_in_GeneA,OG0001685,TRUE,TRUE,TRUE
2091,DAKCFMEO_02119,BJEIHDPM_02240,WP_046463872.1,DAKCFMEO_02119,WP_046463872.1,TRUE,p25_in_GeneB__dc_in_GeneA,OG0004025,TRUE,TRUE,TRUE
2092,DAKCFMEO_02120,BJEIHDPM_02241,WP_011105302.1,DAKCFMEO_02120,WP_011105302.1,TRUE,p25_in_GeneB__dc_in_GeneA,OG0003713,TRUE,TRUE,TRUE
2093,DAKCFMEO_02121,BJEIHDPM_02242,,DAKCFMEO_02121,NA,FALSE,,,FALSE,FALSE,FALSE
2094,DAKCFMEO_02122,BJEIHDPM_02243,WP_005765415.1,DAKCFMEO_02122,WP_005765415.1,TRUE,p25_in_GeneB__dc_in_GeneA,OG0001683,TRUE,TRUE,TRUE
2095,DAKCFMEO_02123,BJEIHDPM_02244,WP_011105301.1,DAKCFMEO_02123,WP_011105301.1,TRUE,p25_in_GeneB__dc_in_GeneA,OG0003712,TRUE,TRUE,TRUE
2096,DAKCFMEO_02124,BJEIHDPM_02245,WP_005765411.1,DAKCFMEO_02124,WP_005765411.1,TRUE,p25_in_GeneB__dc_in_GeneA,OG0001682,TRUE,TRUE,TRUE
2097,DAKCFMEO_02125,BJEIHDPM_02246,WP_011105300.1,DAKCFMEO_02125,WP_011105300.1,TRUE,p25_in_GeneB__dc_in_GeneA,OG0003711,TRUE,TRUE,TRUE
2098,DAKCFMEO_02126,BJEIHDPM_02247,WP_011105299.1,DAKCFMEO_02126,WP_011105299.1,FALSE,,,TRUE,FALSE,FALSE
2099,DAKCFMEO_02127,BJEIHDPM_02248,WP_011105298.1,DAKCFMEO_02127,WP_011105298.1,FALSE,,,TRUE,FALSE,FALSE
2100,DAKCFMEO_02128,BJEIHDPM_02249,WP_003378760.1,DAKCFMEO_02128,WP_003378760.1,TRUE,p25_in_GeneB__dc_in_GeneA,OG0000889,TRUE,TRUE,TRUE
2101,DAKCFMEO_02129,BJEIHDPM_02250,WP_003378759.1,DAKCFMEO_02129,WP_003378759.1,TRUE,p25_in_GeneB__dc_in_GeneA,OG0000888,TRUE,TRUE,TRUE
2102,DAKCFMEO_02130,BJEIHDPM_02251,WP_005765402.1,DAKCFMEO_02130,WP_005765402.1,TRUE,p25_in_GeneB__dc_in_GeneA,OG0001681,TRUE,TRUE,TRUE
2103,DAKCFMEO_02131,BJEIHDPM_02252,WP_005765400.1,DAKCFMEO_02131,WP_005765400.1,TRUE,p25_in_GeneB__dc_in_GeneA,OG0001680,TRUE,TRUE,TRUE
2104,DAKCFMEO_02132,BJEIHDPM_02253,WP_005765398.1,DAKCFMEO_02132,WP_005765398.1,TRUE,p25_in_GeneB__dc_in_GeneA,OG0001679,TRUE,TRUE,TRUE
2105,DAKCFMEO_02133,BJEIHDPM_02254,WP_002551711.1,DAKCFMEO_02133,WP_002551711.1,TRUE,p25_in_GeneB__dc_in_GeneA,OG0000633,TRUE,TRUE,TRUE
2106,DAKCFMEO_02134,BJEIHDPM_02255,WP_011105295.1,DAKCFMEO_02134,WP_011105295.1,TRUE,p25_in_GeneB__dc_in_GeneA,OG0003710,TRUE,TRUE,TRUE
2107,DAKCFMEO_02135,BJEIHDPM_02256,WP_007247340.1,DAKCFMEO_02135,WP_007247340.1,TRUE,p25_in_GeneB__dc_in_GeneA,OG0002713,TRUE,TRUE,TRUE
2108,DAKCFMEO_02136,BJEIHDPM_02257,WP_005765392.1,DAKCFMEO_02136,WP_005765392.1,TRUE,p25_in_GeneB__dc_in_GeneA,OG0001678,TRUE,TRUE,TRUE
2109,DAKCFMEO_02137,BJEIHDPM_02258,WP_005765391.1,DAKCFMEO_02137,WP_005765391.1,TRUE,p25_in_GeneB__dc_in_GeneA,OG0001677,TRUE,TRUE,TRUE
2110,DAKCFMEO_02138,BJEIHDPM_02259,WP_011105293.1,DAKCFMEO_02138,WP_011105293.1,TRUE,p25_in_GeneB__dc_in_GeneA,OG0003709,TRUE,TRUE,TRUE
2111,DAKCFMEO_02139,BJEIHDPM_02260,WP_005737391.1,DAKCFMEO_02139,WP_005737391.1,TRUE,p25_in_GeneB__dc_in_GeneA,OG0001259,TRUE,TRUE,TRUE
2112,DAKCFMEO_02140,BJEIHDPM_02261,WP_011103118.1,DAKCFMEO_02140,WP_011103118.1,TRUE,p25_in_GeneB__dc_in_GeneA,OG0002833,TRUE,TRUE,TRUE
2113,DAKCFMEO_02141,BJEIHDPM_02262,WP_005763521.1,DAKCFMEO_02141,WP_005763521.1,FALSE,,,TRUE,FALSE,FALSE
2114,DAKCFMEO_02142,BJEIHDPM_02263,WP_011103119.1,DAKCFMEO_02142,WP_011103119.1,TRUE,p25_in_GeneB__dc_in_GeneA,OG0002834,TRUE,TRUE,TRUE
2115,DAKCFMEO_02143,BJEIHDPM_02264,WP_005763524.1,DAKCFMEO_02143,WP_005763524.1,TRUE,p25_in_GeneB__dc_in_GeneA,OG0001445,TRUE,TRUE,TRUE
2116,DAKCFMEO_02144,BJEIHDPM_02265,WP_003373363.1,DAKCFMEO_02144,WP_003373363.1,FALSE,,,TRUE,FALSE,FALSE
2117,DAKCFMEO_02145,BJEIHDPM_02266,WP_046463324.1,DAKCFMEO_02145,WP_046463324.1,FALSE,,,TRUE,FALSE,FALSE
2118,DAKCFMEO_02146,BJEIHDPM_02267,WP_011104478.1,DAKCFMEO_02146,WP_011104478.1,FALSE,,,TRUE,FALSE,FALSE
2119,DAKCFMEO_02147,BJEIHDPM_02268,WP_011103123.1,DAKCFMEO_02147,WP_011103123.1,TRUE,p25_in_GeneB__dc_in_GeneA,OG0002836,TRUE,TRUE,TRUE
2120,DAKCFMEO_02148,BJEIHDPM_02269,WP_005763543.1,DAKCFMEO_02148,WP_005763543.1,TRUE,p25_in_GeneB__dc_in_GeneA,OG0001446,TRUE,TRUE,TRUE
2121,DAKCFMEO_02149,BJEIHDPM_02270,WP_007244563.1,DAKCFMEO_02149,WP_007244563.1,TRUE,p25_in_GeneB__dc_in_GeneA,OG0002521,TRUE,TRUE,TRUE
2122,DAKCFMEO_02150,BJEIHDPM_02271,WP_003382360.1,DAKCFMEO_02150,WP_003382360.1,FALSE,,,TRUE,FALSE,FALSE
2123,DAKCFMEO_02151,BJEIHDPM_02272,WP_011103124.1,DAKCFMEO_02151,WP_011103124.1,FALSE,,,TRUE,FALSE,FALSE
2124,DAKCFMEO_02152,BJEIHDPM_02273,WP_003382364.1,DAKCFMEO_02152,WP_003382364.1,TRUE,p25_in_GeneB__dc_in_GeneA,OG0001018,TRUE,TRUE,TRUE
2125,DAKCFMEO_02153,BJEIHDPM_02274,WP_005763550.1,DAKCFMEO_02153,WP_005763550.1,TRUE,p25_in_GeneB__dc_in_GeneA,OG0001447,TRUE,TRUE,TRUE
2126,DAKCFMEO_02154,BJEIHDPM_02275,WP_011103125.1,DAKCFMEO_02154,WP_011103125.1,TRUE,p25_in_GeneB__dc_in_GeneA,OG0002837,TRUE,TRUE,TRUE
2127,DAKCFMEO_02155,BJEIHDPM_02276,,DAKCFMEO_02155,NA,FALSE,,,FALSE,FALSE,FALSE
2128,DAKCFMEO_02156,BJEIHDPM_02277,,DAKCFMEO_02156,NA,FALSE,,,FALSE,FALSE,FALSE
2129,DAKCFMEO_02157,BJEIHDPM_02278,WP_002555698.1,DAKCFMEO_02157,WP_002555698.1,TRUE,p25_in_GeneB__dc_in_GeneA,OG0000719,TRUE,TRUE,TRUE
2130,DAKCFMEO_02158,BJEIHDPM_02279,WP_005763555.1,DAKCFMEO_02158,WP_005763555.1,TRUE,p25_in_GeneB__dc_in_GeneA,OG0001448,TRUE,TRUE,TRUE
2131,DAKCFMEO_02159,BJEIHDPM_02280,WP_007244559.1,DAKCFMEO_02159,WP_007244559.1,TRUE,p25_in_GeneB__dc_in_GeneA,OG0002520,TRUE,TRUE,TRUE
2132,DAKCFMEO_02160,BJEIHDPM_02281,WP_011103126.1,DAKCFMEO_02160,WP_011103126.1,TRUE,p25_in_GeneB__dc_in_GeneA,OG0002838,TRUE,TRUE,TRUE
2133,DAKCFMEO_02161,BJEIHDPM_02282,WP_005763560.1,DAKCFMEO_02161,WP_005763560.1,TRUE,p25_in_GeneB__dc_in_GeneA,OG0001449,TRUE,TRUE,TRUE
2134,DAKCFMEO_02162,BJEIHDPM_02283,WP_003382372.1,DAKCFMEO_02162,WP_003382372.1,TRUE,p25_in_GeneB__dc_in_GeneA,OG0001019,TRUE,TRUE,TRUE
2135,DAKCFMEO_02163,BJEIHDPM_02284,,DAKCFMEO_02163,NA,FALSE,,,FALSE,FALSE,FALSE
2136,DAKCFMEO_02164,BJEIHDPM_02285,WP_003382373.1,DAKCFMEO_02164,WP_003382373.1,TRUE,p25_in_GeneB__dc_in_GeneA,OG0001020,TRUE,TRUE,TRUE
2137,DAKCFMEO_02165,BJEIHDPM_02286,WP_005763563.1,DAKCFMEO_02165,WP_005763563.1,TRUE,p25_in_GeneB__dc_in_GeneA,OG0001450,TRUE,TRUE,TRUE
2138,DAKCFMEO_02166,BJEIHDPM_02287,WP_005763565.1,DAKCFMEO_02166,WP_005763565.1,TRUE,p25_in_GeneB__dc_in_GeneA,OG0001451,TRUE,TRUE,TRUE
2139,DAKCFMEO_02167,BJEIHDPM_02288,WP_005763567.1,DAKCFMEO_02167,WP_005763567.1,TRUE,p25_in_GeneB__dc_in_GeneA,OG0001452,TRUE,TRUE,TRUE
2140,DAKCFMEO_02168,BJEIHDPM_02289,WP_003382379.1,DAKCFMEO_02168,WP_003382379.1,TRUE,p25_in_GeneB__dc_in_GeneA,OG0001021,TRUE,TRUE,TRUE
2141,DAKCFMEO_02169,BJEIHDPM_02290,WP_011103127.1,DAKCFMEO_02169,WP_011103127.1,TRUE,p25_in_GeneB__dc_in_GeneA,OG0002839,TRUE,TRUE,TRUE
2142,DAKCFMEO_02170,BJEIHDPM_02291,WP_011103128.1,DAKCFMEO_02170,WP_011103128.1,TRUE,p25_in_GeneB__dc_in_GeneA,OG0002840,TRUE,TRUE,TRUE
2143,DAKCFMEO_02171,BJEIHDPM_02292,WP_046463891.1,DAKCFMEO_02171,WP_046463891.1,TRUE,p25_in_GeneB__dc_in_GeneA,OG0004029,TRUE,TRUE,TRUE
2144,DAKCFMEO_02172,BJEIHDPM_02293,WP_046463890.1,DAKCFMEO_02172,WP_046463890.1,TRUE,p25_in_GeneB__dc_in_GeneA,OG0004028,TRUE,TRUE,TRUE
2145,DAKCFMEO_02173,BJEIHDPM_02294,WP_011103131.1,DAKCFMEO_02173,WP_011103131.1,TRUE,p25_in_GeneB__dc_in_GeneA,OG0002841,TRUE,TRUE,TRUE
2146,DAKCFMEO_02174,BJEIHDPM_02295,,DAKCFMEO_02174,NA,FALSE,,,FALSE,FALSE,FALSE
2147,DAKCFMEO_02175,BJEIHDPM_02296,WP_011103132.1,DAKCFMEO_02175,WP_011103132.1,FALSE,,,TRUE,FALSE,FALSE
2148,DAKCFMEO_02176,BJEIHDPM_02297,WP_007244552.1,DAKCFMEO_02176,WP_007244552.1,FALSE,,,TRUE,FALSE,FALSE
2149,DAKCFMEO_02177,BJEIHDPM_02298,WP_005763583.1,DAKCFMEO_02177,WP_005763583.1,FALSE,,,TRUE,FALSE,FALSE
2150,DAKCFMEO_02178,BJEIHDPM_02299,WP_005613930.1,DAKCFMEO_02178,WP_005613930.1,TRUE,p25_in_GeneB__dc_in_GeneA,OG0001120,TRUE,TRUE,TRUE
2151,DAKCFMEO_02179,BJEIHDPM_02300,WP_011103135.1,DAKCFMEO_02179,WP_011103135.1,TRUE,p25_in_GeneB__dc_in_GeneA,OG0002844,TRUE,TRUE,TRUE
2152,DAKCFMEO_02180,BJEIHDPM_02301,WP_005739631.1,DAKCFMEO_02180,WP_005739631.1,TRUE,p25_in_GeneB__dc_in_GeneA,OG0001291,TRUE,TRUE,TRUE
2153,DAKCFMEO_02181,BJEIHDPM_01929,,DAKCFMEO_02181,NA,FALSE,,,FALSE,FALSE,FALSE
2154,DAKCFMEO_02182,BJEIHDPM_01928,WP_011103103.1,DAKCFMEO_02182,WP_011103103.1,TRUE,p25_in_GeneB__dc_in_GeneA,OG0002826,TRUE,TRUE,TRUE
2155,DAKCFMEO_02183,BJEIHDPM_01927,WP_011103104.1,DAKCFMEO_02183,WP_011103104.1,TRUE,p25_in_GeneB__dc_in_GeneA,OG0002827,TRUE,TRUE,TRUE
2156,DAKCFMEO_02184,BJEIHDPM_01926,WP_005613805.1,DAKCFMEO_02184,WP_005613805.1,TRUE,p25_in_GeneB__dc_in_GeneA,OG0001118,TRUE,TRUE,TRUE
2157,DAKCFMEO_02185,BJEIHDPM_01925,WP_005763490.1,DAKCFMEO_02185,WP_005763490.1,TRUE,p25_in_GeneB__dc_in_GeneA,OG0001442,TRUE,TRUE,TRUE
2158,DAKCFMEO_02186,BJEIHDPM_01924,,DAKCFMEO_02186,NA,FALSE,,,FALSE,FALSE,FALSE
2159,DAKCFMEO_02187,BJEIHDPM_01923,WP_005613810.1,DAKCFMEO_02187,WP_005613810.1,TRUE,p25_in_GeneB__dc_in_GeneA,OG0001119,TRUE,TRUE,TRUE
2160,DAKCFMEO_02188,BJEIHDPM_01922,WP_005763493.1,DAKCFMEO_02188,WP_005763493.1,TRUE,p25_in_GeneB__dc_in_GeneA,OG0001443,TRUE,TRUE,TRUE
2161,DAKCFMEO_02189,BJEIHDPM_01921,WP_003380192.1,DAKCFMEO_02189,WP_003380192.1,TRUE,p25_in_GeneB__dc_in_GeneA,OG0000934,TRUE,TRUE,TRUE
2162,DAKCFMEO_02190,BJEIHDPM_01920,WP_005763495.1,DAKCFMEO_02190,WP_005763495.1,TRUE,p25_in_GeneB__dc_in_GeneA,OG0001444,TRUE,TRUE,TRUE
2163,DAKCFMEO_02191,BJEIHDPM_01919,WP_161797821.1,DAKCFMEO_02191,WP_161797821.1,TRUE,p25_in_GeneB__dc_in_GeneA,OG0004106,TRUE,TRUE,TRUE
2164,DAKCFMEO_02192,BJEIHDPM_01918,WP_007247038.1,DAKCFMEO_02192,WP_007247038.1,TRUE,p25_in_GeneB__dc_in_GeneA,OG0002697,TRUE,TRUE,TRUE
2165,DAKCFMEO_02193,BJEIHDPM_01917,WP_005768460.1,DAKCFMEO_02193,WP_005768460.1,TRUE,p25_in_GeneB__dc_in_GeneA,OG0002087,TRUE,TRUE,TRUE
2166,DAKCFMEO_02194,BJEIHDPM_01916,WP_007247039.1,DAKCFMEO_02194,WP_007247039.1,TRUE,p25_in_GeneB__dc_in_GeneA,OG0002698,TRUE,TRUE,TRUE
2167,DAKCFMEO_02195,BJEIHDPM_01915,WP_007247040.1,DAKCFMEO_02195,WP_007247040.1,TRUE,p25_in_GeneB__dc_in_GeneA,OG0002699,TRUE,TRUE,TRUE
2168,DAKCFMEO_02196,BJEIHDPM_01914,WP_011105396.1,DAKCFMEO_02196,WP_011105396.1,TRUE,p25_in_GeneB__dc_in_GeneA,OG0003754,TRUE,TRUE,TRUE
2169,DAKCFMEO_02197,BJEIHDPM_01913,WP_010203924.1,DAKCFMEO_02197,WP_010203924.1,TRUE,p25_in_GeneB__dc_in_GeneA,OG0002729,TRUE,TRUE,TRUE
2170,DAKCFMEO_02198,BJEIHDPM_01912,WP_011105395.1,DAKCFMEO_02198,WP_011105395.1,TRUE,p25_in_GeneB__dc_in_GeneA,OG0003753,TRUE,TRUE,TRUE
2171,DAKCFMEO_02199,BJEIHDPM_01911,WP_005768450.1,DAKCFMEO_02199,WP_005768450.1,FALSE,,,TRUE,FALSE,FALSE
2172,DAKCFMEO_02200,BJEIHDPM_01910,WP_011105394.1,DAKCFMEO_02200,WP_011105394.1,TRUE,p25_in_GeneB__dc_in_GeneA,OG0003752,TRUE,TRUE,TRUE
2173,DAKCFMEO_02201,BJEIHDPM_01909,,DAKCFMEO_02201,NA,FALSE,,,FALSE,FALSE,FALSE
2174,DAKCFMEO_02202,BJEIHDPM_01908,,DAKCFMEO_02202,NA,FALSE,,,FALSE,FALSE,FALSE
2175,DAKCFMEO_02203,BJEIHDPM_01907,,DAKCFMEO_02203,NA,FALSE,,,FALSE,FALSE,FALSE
2176,DAKCFMEO_02204,BJEIHDPM_01906,,DAKCFMEO_02204,NA,FALSE,,,FALSE,FALSE,FALSE
2177,DAKCFMEO_02205,BJEIHDPM_01905,,DAKCFMEO_02205,NA,FALSE,,,FALSE,FALSE,FALSE
2178,DAKCFMEO_02206,BJEIHDPM_01904,,DAKCFMEO_02206,NA,FALSE,,,FALSE,FALSE,FALSE
2179,DAKCFMEO_02207,BJEIHDPM_01903,WP_007247044.1,DAKCFMEO_02207,WP_007247044.1,TRUE,p25_in_GeneB__dc_in_GeneA,OG0002700,TRUE,TRUE,TRUE
2180,DAKCFMEO_02208,BJEIHDPM_01902,,DAKCFMEO_02208,NA,FALSE,,,FALSE,FALSE,FALSE
2181,DAKCFMEO_02209,BJEIHDPM_01901,,DAKCFMEO_02209,NA,FALSE,,,FALSE,FALSE,FALSE
2182,DAKCFMEO_02210,BJEIHDPM_01900,WP_011105393.1,DAKCFMEO_02210,WP_011105393.1,TRUE,p25_in_GeneB__dc_in_GeneA,OG0003751,TRUE,TRUE,TRUE
2183,DAKCFMEO_02211,BJEIHDPM_01899,WP_011105392.1,DAKCFMEO_02211,WP_011105392.1,TRUE,p25_in_GeneB__dc_in_GeneA,OG0003750,TRUE,TRUE,TRUE
2184,DAKCFMEO_02212,BJEIHDPM_01898,WP_003380033.1,DAKCFMEO_02212,WP_003380033.1,TRUE,p25_in_GeneB__dc_in_GeneA,OG0000923,TRUE,TRUE,TRUE
2185,DAKCFMEO_02213,BJEIHDPM_01897,WP_005768437.1,DAKCFMEO_02213,WP_005768437.1,TRUE,p25_in_GeneB__dc_in_GeneA,OG0002086,TRUE,TRUE,TRUE
2186,DAKCFMEO_02214,BJEIHDPM_01896,,DAKCFMEO_02214,NA,FALSE,,,FALSE,FALSE,FALSE
2187,DAKCFMEO_02215,BJEIHDPM_01895,,DAKCFMEO_02215,NA,FALSE,,,FALSE,FALSE,FALSE
2188,DAKCFMEO_02216,BJEIHDPM_01894,WP_005769461.1,DAKCFMEO_02216,WP_005769461.1,TRUE,p25_in_GeneB__dc_in_GeneA,OG0002206,TRUE,TRUE,TRUE
2189,DAKCFMEO_02217,BJEIHDPM_01893,WP_161797764.1,DAKCFMEO_02217,WP_161797764.1,TRUE,p25_in_GeneB__dc_in_GeneA,OG0004086,TRUE,TRUE,TRUE
2190,DAKCFMEO_02218,BJEIHDPM_01892,WP_011103010.1,DAKCFMEO_02218,WP_011103010.1,TRUE,p25_in_GeneB__dc_in_GeneA,OG0002793,TRUE,TRUE,TRUE
2191,DAKCFMEO_02219,BJEIHDPM_01891,,DAKCFMEO_02219,NA,FALSE,,,FALSE,FALSE,FALSE
2192,DAKCFMEO_02220,BJEIHDPM_01890,,DAKCFMEO_02220,NA,FALSE,,,FALSE,FALSE,FALSE
2193,DAKCFMEO_02221,BJEIHDPM_01889,WP_011103011.1,DAKCFMEO_02221,WP_011103011.1,TRUE,p25_in_GeneB__dc_in_GeneA,OG0002794,TRUE,TRUE,TRUE
2194,DAKCFMEO_02222,BJEIHDPM_01888,WP_005768137.1,DAKCFMEO_02222,WP_005768137.1,TRUE,p25_in_GeneB__dc_in_GeneA,OG0002044,TRUE,TRUE,TRUE
2195,DAKCFMEO_02223,BJEIHDPM_01887,WP_003379415.1,DAKCFMEO_02223,WP_003379415.1,TRUE,p25_in_GeneB__dc_in_GeneA,OG0000910,TRUE,TRUE,TRUE
2196,DAKCFMEO_02224,BJEIHDPM_01886,WP_005768138.1,DAKCFMEO_02224,WP_005768138.1,TRUE,p25_in_GeneB__dc_in_GeneA,OG0002045,TRUE,TRUE,TRUE
2197,DAKCFMEO_02225,BJEIHDPM_01885,WP_005768139.1,DAKCFMEO_02225,WP_005768139.1,FALSE,,,TRUE,FALSE,FALSE
2198,DAKCFMEO_02226,BJEIHDPM_01884,WP_003379418.1,DAKCFMEO_02226,WP_003379418.1,TRUE,p25_in_GeneB__dc_in_GeneA,OG0000911,TRUE,TRUE,TRUE
2199,DAKCFMEO_02227,BJEIHDPM_01883,WP_005613459.1,DAKCFMEO_02227,WP_005613459.1,TRUE,p25_in_GeneB__dc_in_GeneA,OG0001113,TRUE,TRUE,TRUE
2200,DAKCFMEO_02228,BJEIHDPM_01882,WP_005768141.1,DAKCFMEO_02228,WP_005768141.1,TRUE,p25_in_GeneB__dc_in_GeneA,OG0002046,TRUE,TRUE,TRUE
2201,DAKCFMEO_02229,BJEIHDPM_01881,WP_005768142.1,DAKCFMEO_02229,WP_005768142.1,TRUE,p25_in_GeneB__dc_in_GeneA,OG0002047,TRUE,TRUE,TRUE
2202,DAKCFMEO_02230,BJEIHDPM_01880,WP_005768143.1,DAKCFMEO_02230,WP_005768143.1,TRUE,p25_in_GeneB__dc_in_GeneA,OG0002048,TRUE,TRUE,TRUE
2203,DAKCFMEO_02231,BJEIHDPM_01879,WP_011103014.1,DAKCFMEO_02231,WP_011103014.1,TRUE,p25_in_GeneB__dc_in_GeneA,OG0002796,TRUE,TRUE,TRUE
2204,DAKCFMEO_02232,BJEIHDPM_01878,WP_005768144.1,DAKCFMEO_02232,WP_005768144.1,TRUE,p25_in_GeneB__dc_in_GeneA,OG0002049,TRUE,TRUE,TRUE
2205,DAKCFMEO_02233,BJEIHDPM_01877,WP_005768145.1,DAKCFMEO_02233,WP_005768145.1,TRUE,p25_in_GeneB__dc_in_GeneA,OG0002050,TRUE,TRUE,TRUE
2206,DAKCFMEO_02234,BJEIHDPM_01876,,DAKCFMEO_02234,NA,FALSE,,,FALSE,FALSE,FALSE
2207,DAKCFMEO_02235,BJEIHDPM_01875,WP_005768148.1,DAKCFMEO_02235,WP_005768148.1,TRUE,p25_in_GeneB__dc_in_GeneA,OG0002051,TRUE,TRUE,TRUE
2208,DAKCFMEO_02236,BJEIHDPM_01874,WP_005768150.1,DAKCFMEO_02236,WP_005768150.1,TRUE,p25_in_GeneB__dc_in_GeneA,OG0002052,TRUE,TRUE,TRUE
2209,DAKCFMEO_02237,BJEIHDPM_01873,WP_011103015.1,DAKCFMEO_02237,WP_011103015.1,TRUE,p25_in_GeneB__dc_in_GeneA,OG0002797,TRUE,TRUE,TRUE
2210,DAKCFMEO_02238,BJEIHDPM_01872,WP_005768154.1,DAKCFMEO_02238,WP_005768154.1,TRUE,p25_in_GeneB__dc_in_GeneA,OG0002053,TRUE,TRUE,TRUE
2211,DAKCFMEO_02239,BJEIHDPM_03311,WP_011103665.1,DAKCFMEO_02239,WP_011103665.1,TRUE,p25_in_GeneB__dc_in_GeneA,OG0003056,TRUE,TRUE,TRUE
2212,DAKCFMEO_02240,BJEIHDPM_03312,WP_046463924.1,DAKCFMEO_02240,WP_046463924.1,TRUE,p25_in_GeneB__dc_in_GeneA,OG0004038,TRUE,TRUE,TRUE
2213,DAKCFMEO_02241,BJEIHDPM_03313,WP_005766631.1,DAKCFMEO_02241,WP_005766631.1,FALSE,,,TRUE,FALSE,FALSE
2214,DAKCFMEO_02242,BJEIHDPM_03314,WP_005766633.1,DAKCFMEO_02242,WP_005766633.1,TRUE,p25_in_GeneB__dc_in_GeneA,OG0001855,TRUE,TRUE,TRUE
2215,DAKCFMEO_02243,BJEIHDPM_03315,WP_003381559.1,DAKCFMEO_02243,WP_003381559.1,TRUE,p25_in_GeneB__dc_in_GeneA,OG0000994,TRUE,TRUE,TRUE
2216,DAKCFMEO_02244,BJEIHDPM_03316,WP_005739017.1,DAKCFMEO_02244,WP_005739017.1,TRUE,p25_in_GeneB__dc_in_GeneA,OG0001281,TRUE,TRUE,TRUE
2217,DAKCFMEO_02245,BJEIHDPM_03317,,DAKCFMEO_02245,NA,FALSE,,,FALSE,FALSE,FALSE
2218,DAKCFMEO_02246,BJEIHDPM_03318,WP_005766635.1,DAKCFMEO_02246,WP_005766635.1,FALSE,,,TRUE,FALSE,FALSE
2219,DAKCFMEO_02247,BJEIHDPM_03319,WP_005766637.1,DAKCFMEO_02247,WP_005766637.1,TRUE,p25_in_GeneB__dc_in_GeneA,OG0001856,TRUE,TRUE,TRUE
2220,DAKCFMEO_02248,BJEIHDPM_03320,,DAKCFMEO_02248,NA,FALSE,,,FALSE,FALSE,FALSE
2221,DAKCFMEO_02249,BJEIHDPM_03321,WP_011103669.1,DAKCFMEO_02249,WP_011103669.1,TRUE,p25_in_GeneB__dc_in_GeneA,OG0003057,TRUE,TRUE,TRUE
2222,DAKCFMEO_02250,BJEIHDPM_03322,WP_011103670.1,DAKCFMEO_02250,WP_011103670.1,TRUE,p25_in_GeneB__dc_in_GeneA,OG0003058,TRUE,TRUE,TRUE
2223,DAKCFMEO_02251,BJEIHDPM_03323,,DAKCFMEO_02251,NA,FALSE,,,FALSE,FALSE,FALSE
2224,DAKCFMEO_02252,BJEIHDPM_03324,WP_003381567.1,DAKCFMEO_02252,WP_003381567.1,TRUE,p25_in_GeneB__dc_in_GeneA,OG0000995,TRUE,TRUE,TRUE
2225,DAKCFMEO_02253,BJEIHDPM_03325,WP_011103671.1,DAKCFMEO_02253,WP_011103671.1,TRUE,p25_in_GeneB__dc_in_GeneA,OG0003059,TRUE,TRUE,TRUE
2226,DAKCFMEO_02254,BJEIHDPM_03326,WP_005739010.1,DAKCFMEO_02254,WP_005739010.1,TRUE,p25_in_GeneB__dc_in_GeneA,OG0001280,TRUE,TRUE,TRUE
2227,DAKCFMEO_02255,BJEIHDPM_03327,WP_011103672.1,DAKCFMEO_02255,WP_011103672.1,TRUE,p25_in_GeneB__dc_in_GeneA,OG0003060,TRUE,TRUE,TRUE
2228,DAKCFMEO_02256,BJEIHDPM_03328,WP_005766645.1,DAKCFMEO_02256,WP_005766645.1,TRUE,p25_in_GeneB__dc_in_GeneA,OG0001857,TRUE,TRUE,TRUE
2229,DAKCFMEO_02257,BJEIHDPM_03329,,DAKCFMEO_02257,NA,FALSE,,,FALSE,FALSE,FALSE
2230,DAKCFMEO_02258,BJEIHDPM_03330,,DAKCFMEO_02258,NA,FALSE,,,FALSE,FALSE,FALSE
2231,DAKCFMEO_02259,BJEIHDPM_03331,WP_011103673.1,DAKCFMEO_02259,WP_011103673.1,TRUE,p25_in_GeneB__dc_in_GeneA,OG0003061,TRUE,TRUE,TRUE
2232,DAKCFMEO_02260,BJEIHDPM_03332,WP_005616363.1,DAKCFMEO_02260,WP_005616363.1,FALSE,,,TRUE,FALSE,FALSE
2233,DAKCFMEO_02261,BJEIHDPM_03333,WP_011103674.1,DAKCFMEO_02261,WP_011103674.1,TRUE,p25_in_GeneB__dc_in_GeneA,OG0003062,TRUE,TRUE,TRUE
2234,DAKCFMEO_02262,BJEIHDPM_03334,WP_007247360.1,DAKCFMEO_02262,WP_007247360.1,TRUE,p25_in_GeneB__dc_in_GeneA,OG0002714,TRUE,TRUE,TRUE
2235,DAKCFMEO_02263,BJEIHDPM_03335,WP_011103676.1,DAKCFMEO_02263,WP_011103676.1,TRUE,p25_in_GeneB__dc_in_GeneA,OG0003063,TRUE,TRUE,TRUE
2236,DAKCFMEO_02264,BJEIHDPM_03336,WP_005616372.1,DAKCFMEO_02264,WP_005616372.1,TRUE,p25_in_GeneB__dc_in_GeneA,OG0001160,TRUE,TRUE,TRUE
2237,DAKCFMEO_02265,BJEIHDPM_03337,WP_003381582.1,DAKCFMEO_02265,WP_003381582.1,TRUE,p25_in_GeneB__dc_in_GeneA,OG0000996,TRUE,TRUE,TRUE
2238,DAKCFMEO_02266,BJEIHDPM_03338,WP_003381583.1,DAKCFMEO_02266,WP_003381583.1,TRUE,p25_in_GeneB__dc_in_GeneA,OG0000997,TRUE,TRUE,TRUE
2239,DAKCFMEO_02267,BJEIHDPM_03339,WP_005766657.1,DAKCFMEO_02267,WP_005766657.1,TRUE,p25_in_GeneB__dc_in_GeneA,OG0001858,TRUE,TRUE,TRUE
2240,DAKCFMEO_02268,BJEIHDPM_03340,WP_003381585.1,DAKCFMEO_02268,WP_003381585.1,TRUE,p25_in_GeneB__dc_in_GeneA,OG0000998,TRUE,TRUE,TRUE
2241,DAKCFMEO_02269,BJEIHDPM_03341,WP_011103677.1,DAKCFMEO_02269,WP_011103677.1,TRUE,p25_in_GeneB__dc_in_GeneA,OG0003064,TRUE,TRUE,TRUE
2242,DAKCFMEO_02270,BJEIHDPM_03342,WP_005616381.1,DAKCFMEO_02270,WP_005616381.1,TRUE,p25_in_GeneB__dc_in_GeneA,OG0001161,TRUE,TRUE,TRUE
2243,DAKCFMEO_02271,BJEIHDPM_03343,WP_003381589.1,DAKCFMEO_02271,WP_003381589.1,TRUE,p25_in_GeneB__dc_in_GeneA,OG0000999,TRUE,TRUE,TRUE
2244,DAKCFMEO_02272,BJEIHDPM_03344,WP_005766661.1,DAKCFMEO_02272,WP_005766661.1,TRUE,p25_in_GeneB__dc_in_GeneA,OG0001859,TRUE,TRUE,TRUE
2245,DAKCFMEO_02273,BJEIHDPM_03345,WP_044393666.1,DAKCFMEO_02273,WP_044393666.1,TRUE,p25_in_GeneB__dc_in_GeneA,OG0003925,TRUE,TRUE,TRUE
2246,DAKCFMEO_02274,BJEIHDPM_03346,WP_005766666.1,DAKCFMEO_02274,WP_005766666.1,TRUE,p25_in_GeneB__dc_in_GeneA,OG0001860,TRUE,TRUE,TRUE
2247,DAKCFMEO_02275,BJEIHDPM_03347,WP_005766669.1,DAKCFMEO_02275,WP_005766669.1,FALSE,,,TRUE,FALSE,FALSE
2248,DAKCFMEO_02276,BJEIHDPM_03348,WP_005766671.1,DAKCFMEO_02276,WP_005766671.1,TRUE,p25_in_GeneB__dc_in_GeneA,OG0001861,TRUE,TRUE,TRUE
2249,DAKCFMEO_02277,BJEIHDPM_03349,WP_005766673.1,DAKCFMEO_02277,WP_005766673.1,TRUE,p25_in_GeneB__dc_in_GeneA,OG0001862,TRUE,TRUE,TRUE
2250,DAKCFMEO_02278,BJEIHDPM_03350,WP_005766675.1,DAKCFMEO_02278,WP_005766675.1,TRUE,p25_in_GeneB__dc_in_GeneA,OG0001863,TRUE,TRUE,TRUE
2251,DAKCFMEO_02279,BJEIHDPM_03351,WP_011103680.1,DAKCFMEO_02279,WP_011103680.1,TRUE,p25_in_GeneB__dc_in_GeneA,OG0003065,TRUE,TRUE,TRUE
2252,DAKCFMEO_02280,BJEIHDPM_03352,WP_011103681.1,DAKCFMEO_02280,WP_011103681.1,TRUE,p25_in_GeneB__dc_in_GeneA,OG0003066,TRUE,TRUE,TRUE
2253,DAKCFMEO_02281,BJEIHDPM_03353,WP_005766682.1,DAKCFMEO_02281,WP_005766682.1,TRUE,p25_in_GeneB__dc_in_GeneA,OG0001864,TRUE,TRUE,TRUE
2254,DAKCFMEO_02282,BJEIHDPM_03354,WP_005766684.1,DAKCFMEO_02282,WP_005766684.1,TRUE,p25_in_GeneB__dc_in_GeneA,OG0001865,TRUE,TRUE,TRUE
2255,DAKCFMEO_02283,BJEIHDPM_03355,WP_005766686.1,DAKCFMEO_02283,WP_005766686.1,TRUE,p25_in_GeneB__dc_in_GeneA,OG0001866,TRUE,TRUE,TRUE
2256,DAKCFMEO_02284,BJEIHDPM_03356,WP_005766688.1,DAKCFMEO_02284,WP_005766688.1,TRUE,p25_in_GeneB__dc_in_GeneA,OG0001867,TRUE,TRUE,TRUE
2257,DAKCFMEO_02285,BJEIHDPM_03357,WP_011103682.1,DAKCFMEO_02285,WP_011103682.1,TRUE,p25_in_GeneB__dc_in_GeneA,OG0003067,TRUE,TRUE,TRUE
2258,DAKCFMEO_02286,BJEIHDPM_03358,WP_161797812.1,DAKCFMEO_02286,WP_161797812.1,TRUE,p25_in_GeneB__dc_in_GeneA,OG0004102,TRUE,TRUE,TRUE
2259,DAKCFMEO_02287,BJEIHDPM_03359,WP_011103684.1,DAKCFMEO_02287,WP_011103684.1,TRUE,p25_in_GeneB__dc_in_GeneA,OG0003068,TRUE,TRUE,TRUE
2260,DAKCFMEO_02288,BJEIHDPM_03360,WP_046463934.1,DAKCFMEO_02288,WP_046463934.1,FALSE,,,TRUE,FALSE,FALSE
2261,DAKCFMEO_02289,BJEIHDPM_03361,,DAKCFMEO_02289,NA,FALSE,,,FALSE,FALSE,FALSE
2262,DAKCFMEO_02290,BJEIHDPM_03362,WP_020306396.1,DAKCFMEO_02290,WP_020306396.1,TRUE,p25_in_GeneB__dc_in_GeneA,OG0003854,TRUE,TRUE,TRUE
2263,DAKCFMEO_02291,BJEIHDPM_03363,WP_005766701.1,DAKCFMEO_02291,WP_005766701.1,TRUE,p25_in_GeneB__dc_in_GeneA,OG0001868,TRUE,TRUE,TRUE
2264,DAKCFMEO_02292,BJEIHDPM_03364,WP_163004347.1,DAKCFMEO_02292,WP_163004347.1,FALSE,,,TRUE,FALSE,FALSE
2265,DAKCFMEO_02293,BJEIHDPM_03365,,DAKCFMEO_02293,NA,FALSE,,,FALSE,FALSE,FALSE
2266,DAKCFMEO_02294,BJEIHDPM_03366,,DAKCFMEO_02294,NA,FALSE,,,FALSE,FALSE,FALSE
2267,DAKCFMEO_02295,BJEIHDPM_03367,WP_005766709.1,DAKCFMEO_02295,WP_005766709.1,TRUE,p25_in_GeneB__dc_in_GeneA,OG0001870,TRUE,TRUE,TRUE
2268,DAKCFMEO_02296,BJEIHDPM_03368,WP_005766711.1,DAKCFMEO_02296,WP_005766711.1,TRUE,p25_in_GeneB__dc_in_GeneA,OG0001871,TRUE,TRUE,TRUE
2269,DAKCFMEO_02297,BJEIHDPM_03369,WP_011103689.1,DAKCFMEO_02297,WP_011103689.1,TRUE,p25_in_GeneB__dc_in_GeneA,OG0003069,TRUE,TRUE,TRUE
2270,DAKCFMEO_02298,BJEIHDPM_03370,WP_005766716.1,DAKCFMEO_02298,WP_005766716.1,TRUE,p25_in_GeneB__dc_in_GeneA,OG0001872,TRUE,TRUE,TRUE
2271,DAKCFMEO_02299,BJEIHDPM_03371,WP_003314637.1,DAKCFMEO_02299,WP_003314637.1,TRUE,p25_in_GeneB__dc_in_GeneA,OG0000735,TRUE,TRUE,TRUE
2272,DAKCFMEO_02300,BJEIHDPM_03372,WP_003378929.1,DAKCFMEO_02300,WP_003378929.1,TRUE,p25_in_GeneB__dc_in_GeneA,OG0000897,TRUE,TRUE,TRUE
2273,DAKCFMEO_02301,BJEIHDPM_03373,WP_005766720.1,DAKCFMEO_02301,WP_005766720.1,TRUE,p25_in_GeneB__dc_in_GeneA,OG0001873,TRUE,TRUE,TRUE
2274,DAKCFMEO_02302,BJEIHDPM_03374,WP_011103690.1,DAKCFMEO_02302,WP_011103690.1,TRUE,p25_in_GeneB__dc_in_GeneA,OG0003070,TRUE,TRUE,TRUE
2275,DAKCFMEO_02303,BJEIHDPM_03375,WP_161797811.1,DAKCFMEO_02303,WP_161797811.1,TRUE,p25_in_GeneB__dc_in_GeneA,OG0004101,TRUE,TRUE,TRUE
2276,DAKCFMEO_02304,BJEIHDPM_03376,WP_011103691.1,DAKCFMEO_02304,WP_011103691.1,TRUE,p25_in_GeneB__dc_in_GeneA,OG0003071,TRUE,TRUE,TRUE
2277,DAKCFMEO_02305,BJEIHDPM_03377,WP_005766727.1,DAKCFMEO_02305,WP_005766727.1,TRUE,p25_in_GeneB__dc_in_GeneA,OG0001874,TRUE,TRUE,TRUE
2278,DAKCFMEO_02306,BJEIHDPM_03378,WP_005766730.1,DAKCFMEO_02306,WP_005766730.1,TRUE,p25_in_GeneB__dc_in_GeneA,OG0001875,TRUE,TRUE,TRUE
2279,DAKCFMEO_02307,BJEIHDPM_03379,WP_007245137.1,DAKCFMEO_02307,WP_007245137.1,TRUE,p25_in_GeneB__dc_in_GeneA,OG0002561,TRUE,TRUE,TRUE
2280,DAKCFMEO_02308,BJEIHDPM_03380,WP_011103692.1,DAKCFMEO_02308,WP_011103692.1,TRUE,p25_in_GeneB__dc_in_GeneA,OG0003072,TRUE,TRUE,TRUE
2281,DAKCFMEO_02309,BJEIHDPM_03381,WP_005766737.1,DAKCFMEO_02309,WP_005766737.1,TRUE,p25_in_GeneB__dc_in_GeneA,OG0001876,TRUE,TRUE,TRUE
2282,DAKCFMEO_02310,BJEIHDPM_03382,WP_005766740.1,DAKCFMEO_02310,WP_005766740.1,TRUE,p25_in_GeneB__dc_in_GeneA,OG0001877,TRUE,TRUE,TRUE
2283,DAKCFMEO_02311,BJEIHDPM_03383,WP_005766742.1,DAKCFMEO_02311,WP_005766742.1,TRUE,p25_in_GeneB__dc_in_GeneA,OG0001878,TRUE,TRUE,TRUE
2284,DAKCFMEO_02312,BJEIHDPM_03384,WP_005766744.1,DAKCFMEO_02312,WP_005766744.1,TRUE,p25_in_GeneB__dc_in_GeneA,OG0001879,TRUE,TRUE,TRUE
2285,DAKCFMEO_02313,BJEIHDPM_03385,WP_005766746.1,DAKCFMEO_02313,WP_005766746.1,TRUE,p25_in_GeneB__dc_in_GeneA,OG0001880,TRUE,TRUE,TRUE
2286,DAKCFMEO_02314,BJEIHDPM_03386,WP_005616461.1,DAKCFMEO_02314,WP_005616461.1,TRUE,p25_in_GeneB__dc_in_GeneA,OG0001162,TRUE,TRUE,TRUE
2287,DAKCFMEO_02315,BJEIHDPM_03387,WP_005766747.1,DAKCFMEO_02315,WP_005766747.1,TRUE,p25_in_GeneB__dc_in_GeneA,OG0001881,TRUE,TRUE,TRUE
2288,DAKCFMEO_02316,BJEIHDPM_03388,WP_005616463.1,DAKCFMEO_02316,WP_005616463.1,TRUE,p25_in_GeneB__dc_in_GeneA,OG0001163,TRUE,TRUE,TRUE
2289,DAKCFMEO_02317,BJEIHDPM_03389,WP_002554562.1,DAKCFMEO_02317,WP_002554562.1,TRUE,p25_in_GeneB__dc_in_GeneA,OG0000682,TRUE,TRUE,TRUE
2290,DAKCFMEO_02318,BJEIHDPM_03390,WP_002554561.1,DAKCFMEO_02318,WP_002554561.1,TRUE,p25_in_GeneB__dc_in_GeneA,OG0000681,TRUE,TRUE,TRUE
2291,DAKCFMEO_02319,BJEIHDPM_03391,WP_005766750.1,DAKCFMEO_02319,WP_005766750.1,TRUE,p25_in_GeneB__dc_in_GeneA,OG0001882,TRUE,TRUE,TRUE
2292,DAKCFMEO_02320,BJEIHDPM_03392,WP_005766752.1,DAKCFMEO_02320,WP_005766752.1,TRUE,p25_in_GeneB__dc_in_GeneA,OG0001883,TRUE,TRUE,TRUE
2293,DAKCFMEO_02321,BJEIHDPM_03393,WP_011103695.1,DAKCFMEO_02321,WP_011103695.1,TRUE,p25_in_GeneB__dc_in_GeneA,OG0003073,TRUE,TRUE,TRUE
2294,DAKCFMEO_02322,BJEIHDPM_03394,WP_011103696.1,DAKCFMEO_02322,WP_011103696.1,TRUE,p25_in_GeneB__dc_in_GeneA,OG0003074,TRUE,TRUE,TRUE
2295,DAKCFMEO_02323,BJEIHDPM_03395,WP_011103697.1,DAKCFMEO_02323,WP_011103697.1,TRUE,p25_in_GeneB__dc_in_GeneA,OG0003075,TRUE,TRUE,TRUE
2296,DAKCFMEO_02324,BJEIHDPM_03396,WP_005766760.1,DAKCFMEO_02324,WP_005766760.1,TRUE,p25_in_GeneB__dc_in_GeneA,OG0001884,TRUE,TRUE,TRUE
2297,DAKCFMEO_02325,BJEIHDPM_03397,WP_005766763.1,DAKCFMEO_02325,WP_005766763.1,TRUE,p25_in_GeneB__dc_in_GeneA,OG0001885,TRUE,TRUE,TRUE
2298,DAKCFMEO_02326,BJEIHDPM_03398,WP_011103699.1,DAKCFMEO_02326,WP_011103699.1,TRUE,p25_in_GeneB__dc_in_GeneA,OG0003076,TRUE,TRUE,TRUE
2299,DAKCFMEO_02327,BJEIHDPM_03399,WP_002554553.1,DAKCFMEO_02327,WP_002554553.1,TRUE,p25_in_GeneB__dc_in_GeneA,OG0000680,TRUE,TRUE,TRUE
2300,DAKCFMEO_02328,BJEIHDPM_03400,WP_005766772.1,DAKCFMEO_02328,WP_005766772.1,TRUE,p25_in_GeneB__dc_in_GeneA,OG0001886,TRUE,TRUE,TRUE
2301,DAKCFMEO_02329,BJEIHDPM_03401,WP_005766774.1,DAKCFMEO_02329,WP_005766774.1,TRUE,p25_in_GeneB__dc_in_GeneA,OG0001887,TRUE,TRUE,TRUE
2302,DAKCFMEO_02330,BJEIHDPM_03402,WP_005766776.1,DAKCFMEO_02330,WP_005766776.1,TRUE,p25_in_GeneB__dc_in_GeneA,OG0001888,TRUE,TRUE,TRUE
2303,DAKCFMEO_02331,BJEIHDPM_03403,WP_003373297.1,DAKCFMEO_02331,WP_003373297.1,TRUE,p25_in_GeneB__dc_in_GeneA,OG0000761,TRUE,TRUE,TRUE
2304,DAKCFMEO_02332,BJEIHDPM_03404,WP_011103700.1,DAKCFMEO_02332,WP_011103700.1,FALSE,,,TRUE,FALSE,FALSE
2305,DAKCFMEO_02333,BJEIHDPM_03405,WP_005766782.1,DAKCFMEO_02333,WP_005766782.1,TRUE,p25_in_GeneB__dc_in_GeneA,OG0001889,TRUE,TRUE,TRUE
2306,DAKCFMEO_02334,BJEIHDPM_03406,WP_003373291.1,DAKCFMEO_02334,WP_003373291.1,TRUE,p25_in_GeneB__dc_in_GeneA,OG0000760,TRUE,TRUE,TRUE
2307,DAKCFMEO_02335,BJEIHDPM_03407,WP_011103701.1,DAKCFMEO_02335,WP_011103701.1,TRUE,p25_in_GeneB__dc_in_GeneA,OG0003077,TRUE,TRUE,TRUE
2308,DAKCFMEO_02336,BJEIHDPM_03408,WP_032710594.1,DAKCFMEO_02336,WP_032710594.1,FALSE,,,TRUE,FALSE,FALSE
2309,DAKCFMEO_02337,BJEIHDPM_03409,,DAKCFMEO_02337,NA,FALSE,,,FALSE,FALSE,FALSE
2310,DAKCFMEO_02338,BJEIHDPM_03410,,DAKCFMEO_02338,NA,FALSE,,,FALSE,FALSE,FALSE
2311,DAKCFMEO_02339,BJEIHDPM_03411,WP_046463922.1,DAKCFMEO_02339,WP_046463922.1,TRUE,p25_in_GeneB__dc_in_GeneA,OG0004037,TRUE,TRUE,TRUE
2312,DAKCFMEO_02340,BJEIHDPM_03412,,DAKCFMEO_02340,NA,FALSE,,,FALSE,FALSE,FALSE
2313,DAKCFMEO_02341,BJEIHDPM_03413,WP_005766790.1,DAKCFMEO_02341,WP_005766790.1,TRUE,p25_in_GeneB__dc_in_GeneA,OG0001890,TRUE,TRUE,TRUE
2314,DAKCFMEO_02342,BJEIHDPM_03414,WP_005766792.1,DAKCFMEO_02342,WP_005766792.1,TRUE,p25_in_GeneB__dc_in_GeneA,OG0001891,TRUE,TRUE,TRUE
2315,DAKCFMEO_02343,BJEIHDPM_03415,WP_003373273.1,DAKCFMEO_02343,WP_003373273.1,TRUE,p25_in_GeneB__dc_in_GeneA,OG0000759,TRUE,TRUE,TRUE
2316,DAKCFMEO_02344,BJEIHDPM_03416,WP_005766795.1,DAKCFMEO_02344,WP_005766795.1,TRUE,p25_in_GeneB__dc_in_GeneA,OG0001892,TRUE,TRUE,TRUE
2317,DAKCFMEO_02345,BJEIHDPM_03417,WP_005766796.1,DAKCFMEO_02345,WP_005766796.1,TRUE,p25_in_GeneB__dc_in_GeneA,OG0001893,TRUE,TRUE,TRUE
2318,DAKCFMEO_02346,BJEIHDPM_03418,WP_004397849.1,DAKCFMEO_02346,WP_004397849.1,TRUE,p25_in_GeneB__dc_in_GeneA,OG0001098,TRUE,TRUE,TRUE
2319,DAKCFMEO_02347,BJEIHDPM_03419,WP_004657364.1,DAKCFMEO_02347,WP_004657364.1,TRUE,p25_in_GeneB__dc_in_GeneA,OG0001101,TRUE,TRUE,TRUE
2320,DAKCFMEO_02348,BJEIHDPM_03420,WP_005766799.1,DAKCFMEO_02348,WP_005766799.1,TRUE,p25_in_GeneB__dc_in_GeneA,OG0001894,TRUE,TRUE,TRUE
2321,DAKCFMEO_02349,BJEIHDPM_03421,WP_004397843.1,DAKCFMEO_02349,WP_004397843.1,TRUE,p25_in_GeneB__dc_in_GeneA,OG0001097,TRUE,TRUE,TRUE
2322,DAKCFMEO_02350,BJEIHDPM_03422,WP_005766801.1,DAKCFMEO_02350,WP_005766801.1,TRUE,p25_in_GeneB__dc_in_GeneA,OG0001895,TRUE,TRUE,TRUE
2323,DAKCFMEO_02351,BJEIHDPM_03423,WP_005766802.1,DAKCFMEO_02351,WP_005766802.1,TRUE,p25_in_GeneB__dc_in_GeneA,OG0001896,TRUE,TRUE,TRUE
2324,DAKCFMEO_02352,BJEIHDPM_03424,WP_005766803.1,DAKCFMEO_02352,WP_005766803.1,TRUE,p25_in_GeneB__dc_in_GeneA,OG0001897,TRUE,TRUE,TRUE
2325,DAKCFMEO_02353,BJEIHDPM_00860,,DAKCFMEO_02353,NA,FALSE,,,FALSE,FALSE,FALSE
2326,DAKCFMEO_02354,BJEIHDPM_03426,WP_005766804.1,DAKCFMEO_02354,WP_005766804.1,TRUE,p25_in_GeneB__dc_in_GeneA,OG0001898,TRUE,TRUE,TRUE
2327,DAKCFMEO_02359,BJEIHDPM_03431,,DAKCFMEO_02359,NA,FALSE,,,FALSE,FALSE,FALSE
2328,DAKCFMEO_02360,BJEIHDPM_03432,WP_005766806.1,DAKCFMEO_02360,WP_005766806.1,TRUE,p25_in_GeneB__dc_in_GeneA,OG0001899,TRUE,TRUE,TRUE
2329,DAKCFMEO_02361,BJEIHDPM_03433,,DAKCFMEO_02361,NA,FALSE,,,FALSE,FALSE,FALSE
2330,DAKCFMEO_02362,BJEIHDPM_03434,,DAKCFMEO_02362,NA,FALSE,,,FALSE,FALSE,FALSE
2331,DAKCFMEO_02363,BJEIHDPM_03435,,DAKCFMEO_02363,NA,FALSE,,,FALSE,FALSE,FALSE
2332,DAKCFMEO_02364,BJEIHDPM_03436,,DAKCFMEO_02364,NA,FALSE,,,FALSE,FALSE,FALSE
2333,DAKCFMEO_02365,BJEIHDPM_03437,,DAKCFMEO_02365,NA,FALSE,,,FALSE,FALSE,FALSE
2334,DAKCFMEO_02366,BJEIHDPM_03438,WP_007245106.1,DAKCFMEO_02366,WP_007245106.1,FALSE,,,TRUE,FALSE,FALSE
2335,DAKCFMEO_02367,BJEIHDPM_03439,WP_005766812.1,DAKCFMEO_02367,WP_005766812.1,TRUE,p25_in_GeneB__dc_in_GeneA,OG0001900,TRUE,TRUE,TRUE
2336,DAKCFMEO_02368,BJEIHDPM_03440,WP_011103705.1,DAKCFMEO_02368,WP_011103705.1,FALSE,,,TRUE,FALSE,FALSE
2337,DAKCFMEO_02369,BJEIHDPM_03441,WP_011103706.1,DAKCFMEO_02369,WP_011103706.1,TRUE,p25_in_GeneB__dc_in_GeneA,OG0003078,TRUE,TRUE,TRUE
2338,DAKCFMEO_02370,BJEIHDPM_03442,WP_011103707.1,DAKCFMEO_02370,WP_011103707.1,TRUE,p25_in_GeneB__dc_in_GeneA,OG0003079,TRUE,TRUE,TRUE
2339,DAKCFMEO_02371,BJEIHDPM_03443,WP_005767686.1,DAKCFMEO_02371,WP_005767686.1,TRUE,p25_in_GeneB__dc_in_GeneA,OG0001994,TRUE,TRUE,TRUE
2340,DAKCFMEO_02372,BJEIHDPM_03444,WP_011103708.1,DAKCFMEO_02372,WP_011103708.1,TRUE,p25_in_GeneB__dc_in_GeneA,OG0003080,TRUE,TRUE,TRUE
2341,DAKCFMEO_02373,BJEIHDPM_03445,WP_011103708.1,DAKCFMEO_02373,WP_011103708.1,FALSE,,,TRUE,FALSE,FALSE
2342,DAKCFMEO_02374,BJEIHDPM_03446,WP_005767688.1,DAKCFMEO_02374,WP_005767688.1,TRUE,p25_in_GeneB__dc_in_GeneA,OG0001995,TRUE,TRUE,TRUE
2343,DAKCFMEO_02375,BJEIHDPM_03447,WP_005767689.1,DAKCFMEO_02375,WP_005767689.1,TRUE,p25_in_GeneB__dc_in_GeneA,OG0001996,TRUE,TRUE,TRUE
2344,DAKCFMEO_02376,BJEIHDPM_03448,WP_005767690.1,DAKCFMEO_02376,WP_005767690.1,TRUE,p25_in_GeneB__dc_in_GeneA,OG0001997,TRUE,TRUE,TRUE
2345,DAKCFMEO_02377,BJEIHDPM_03449,,DAKCFMEO_02377,NA,FALSE,,,FALSE,FALSE,FALSE
2346,DAKCFMEO_02378,BJEIHDPM_03450,WP_011103709.1,DAKCFMEO_02378,WP_011103709.1,TRUE,p25_in_GeneB__dc_in_GeneA,OG0003081,TRUE,TRUE,TRUE
2347,DAKCFMEO_02379,BJEIHDPM_03451,WP_005767692.1,DAKCFMEO_02379,WP_005767692.1,TRUE,p25_in_GeneB__dc_in_GeneA,OG0001998,TRUE,TRUE,TRUE
2348,DAKCFMEO_02380,BJEIHDPM_03452,WP_011103710.1,DAKCFMEO_02380,WP_011103710.1,TRUE,p25_in_GeneB__dc_in_GeneA,OG0003082,TRUE,TRUE,TRUE
2349,DAKCFMEO_02381,BJEIHDPM_03453,WP_005767695.1,DAKCFMEO_02381,WP_005767695.1,TRUE,p25_in_GeneB__dc_in_GeneA,OG0001999,TRUE,TRUE,TRUE
2350,DAKCFMEO_02382,BJEIHDPM_03454,WP_011103711.1,DAKCFMEO_02382,WP_011103711.1,TRUE,p25_in_GeneB__dc_in_GeneA,OG0003083,TRUE,TRUE,TRUE
2351,DAKCFMEO_02383,BJEIHDPM_03455,WP_005767699.1,DAKCFMEO_02383,WP_005767699.1,TRUE,p25_in_GeneB__dc_in_GeneA,OG0002000,TRUE,TRUE,TRUE
2352,DAKCFMEO_02384,BJEIHDPM_03456,WP_004396544.1,DAKCFMEO_02384,WP_004396544.1,TRUE,p25_in_GeneB__dc_in_GeneA,OG0001080,TRUE,TRUE,TRUE
2353,DAKCFMEO_02385,BJEIHDPM_03457,WP_005767701.1,DAKCFMEO_02385,WP_005767701.1,TRUE,p25_in_GeneB__dc_in_GeneA,OG0002001,TRUE,TRUE,TRUE
2354,DAKCFMEO_02386,BJEIHDPM_03458,WP_005767703.1,DAKCFMEO_02386,WP_005767703.1,TRUE,p25_in_GeneB__dc_in_GeneA,OG0002002,TRUE,TRUE,TRUE
2355,DAKCFMEO_02387,BJEIHDPM_03459,WP_004396551.1,DAKCFMEO_02387,WP_004396551.1,TRUE,p25_in_GeneB__dc_in_GeneA,OG0001081,TRUE,TRUE,TRUE
2356,DAKCFMEO_02388,BJEIHDPM_03460,WP_005767709.1,DAKCFMEO_02388,WP_005767709.1,TRUE,p25_in_GeneB__dc_in_GeneA,OG0002003,TRUE,TRUE,TRUE
2357,DAKCFMEO_02389,BJEIHDPM_03461,WP_004396553.1,DAKCFMEO_02389,WP_004396553.1,TRUE,p25_in_GeneB__dc_in_GeneA,OG0001082,TRUE,TRUE,TRUE
2358,DAKCFMEO_02390,BJEIHDPM_03462,WP_004396554.1,DAKCFMEO_02390,WP_004396554.1,TRUE,p25_in_GeneB__dc_in_GeneA,OG0001083,TRUE,TRUE,TRUE
2359,DAKCFMEO_02391,BJEIHDPM_03463,WP_005767714.1,DAKCFMEO_02391,WP_005767714.1,TRUE,p25_in_GeneB__dc_in_GeneA,OG0002004,TRUE,TRUE,TRUE
2360,DAKCFMEO_02392,BJEIHDPM_03464,WP_005767716.1,DAKCFMEO_02392,WP_005767716.1,TRUE,p25_in_GeneB__dc_in_GeneA,OG0002005,TRUE,TRUE,TRUE
2361,DAKCFMEO_02393,BJEIHDPM_03465,WP_005767718.1,DAKCFMEO_02393,WP_005767718.1,TRUE,p25_in_GeneB__dc_in_GeneA,OG0002006,TRUE,TRUE,TRUE
2362,DAKCFMEO_02394,BJEIHDPM_03466,WP_005767720.1,DAKCFMEO_02394,WP_005767720.1,TRUE,p25_in_GeneB__dc_in_GeneA,OG0002007,TRUE,TRUE,TRUE
2363,DAKCFMEO_02395,BJEIHDPM_03467,WP_005767723.1,DAKCFMEO_02395,WP_005767723.1,TRUE,p25_in_GeneB__dc_in_GeneA,OG0002008,TRUE,TRUE,TRUE
2364,DAKCFMEO_02396,BJEIHDPM_03468,WP_005616613.1,DAKCFMEO_02396,WP_005616613.1,TRUE,p25_in_GeneB__dc_in_GeneA,OG0001166,TRUE,TRUE,TRUE
2365,DAKCFMEO_02397,BJEIHDPM_03469,WP_011103722.1,DAKCFMEO_02397,WP_011103722.1,TRUE,p25_in_GeneB__dc_in_GeneA,OG0003087,TRUE,TRUE,TRUE
2366,DAKCFMEO_02398,BJEIHDPM_03470,WP_011103723.1,DAKCFMEO_02398,WP_011103723.1,TRUE,p25_in_GeneB__dc_in_GeneA,OG0003088,TRUE,TRUE,TRUE
2367,DAKCFMEO_02399,BJEIHDPM_03471,WP_005731386.1,DAKCFMEO_02399,WP_005731386.1,TRUE,p25_in_GeneB__dc_in_GeneA,OG0001234,TRUE,TRUE,TRUE
2368,DAKCFMEO_02400,BJEIHDPM_03472,WP_002554426.1,DAKCFMEO_02400,WP_002554426.1,TRUE,p25_in_GeneB__dc_in_GeneA,OG0000678,TRUE,TRUE,TRUE
2369,DAKCFMEO_02404,BJEIHDPM_03476,WP_007245069.1,DAKCFMEO_02404,WP_007245069.1,TRUE,p25_in_GeneB__dc_in_GeneA,OG0002559,TRUE,TRUE,TRUE
2370,DAKCFMEO_02405,BJEIHDPM_03477,WP_005767763.1,DAKCFMEO_02405,WP_005767763.1,TRUE,p25_in_GeneB__dc_in_GeneA,OG0002015,TRUE,TRUE,TRUE
2371,DAKCFMEO_02406,BJEIHDPM_03478,WP_002554423.1,DAKCFMEO_02406,WP_002554423.1,TRUE,p25_in_GeneB__dc_in_GeneA,OG0000677,TRUE,TRUE,TRUE
2372,DAKCFMEO_02407,BJEIHDPM_03479,,DAKCFMEO_02407,NA,FALSE,,,FALSE,FALSE,FALSE
2373,DAKCFMEO_02408,BJEIHDPM_03480,WP_010204340.1,DAKCFMEO_02408,WP_010204340.1,TRUE,p25_in_GeneB__dc_in_GeneA,OG0002732,TRUE,TRUE,TRUE
2374,DAKCFMEO_02410,BJEIHDPM_03482,,DAKCFMEO_02410,NA,FALSE,,,FALSE,FALSE,FALSE
2375,DAKCFMEO_02411,BJEIHDPM_03483,WP_005771485.1,DAKCFMEO_02411,WP_005771485.1,FALSE,,,TRUE,FALSE,FALSE
2376,DAKCFMEO_02412,BJEIHDPM_03484,WP_005767798.1,DAKCFMEO_02412,WP_005767798.1,TRUE,p25_in_GeneB__dc_in_GeneA,OG0002016,TRUE,TRUE,TRUE
2377,DAKCFMEO_02413,BJEIHDPM_03485,,DAKCFMEO_02413,NA,FALSE,,,FALSE,FALSE,FALSE
2378,DAKCFMEO_02414,BJEIHDPM_03486,WP_044390572.1,DAKCFMEO_02414,WP_044390572.1,TRUE,p25_in_GeneB__dc_in_GeneA,OG0003908,TRUE,TRUE,TRUE
2379,DAKCFMEO_02415,BJEIHDPM_03487,WP_011104938.1,DAKCFMEO_02415,WP_011104938.1,FALSE,,,TRUE,FALSE,FALSE
2380,DAKCFMEO_02416,BJEIHDPM_03488,,DAKCFMEO_02416,NA,FALSE,,,FALSE,FALSE,FALSE
2381,DAKCFMEO_02417,BJEIHDPM_03489,,DAKCFMEO_02417,NA,FALSE,,,FALSE,FALSE,FALSE
2382,DAKCFMEO_02418,BJEIHDPM_03490,,DAKCFMEO_02418,NA,FALSE,,,FALSE,FALSE,FALSE
2383,DAKCFMEO_02419,BJEIHDPM_03491,WP_011104366.1,DAKCFMEO_02419,WP_011104366.1,FALSE,,,TRUE,FALSE,FALSE
2384,DAKCFMEO_02420,BJEIHDPM_03492,,DAKCFMEO_02420,NA,FALSE,,,FALSE,FALSE,FALSE
2385,DAKCFMEO_02421,BJEIHDPM_03493,,DAKCFMEO_02421,NA,FALSE,,,FALSE,FALSE,FALSE
2386,DAKCFMEO_02422,BJEIHDPM_03494,WP_011103732.1,DAKCFMEO_02422,WP_011103732.1,TRUE,p25_in_GeneB__dc_in_GeneA,OG0003091,TRUE,TRUE,TRUE
2387,DAKCFMEO_02423,BJEIHDPM_03495,,DAKCFMEO_02423,NA,FALSE,,,FALSE,FALSE,FALSE
2388,DAKCFMEO_02424,BJEIHDPM_03496,WP_011103731.1,DAKCFMEO_02424,WP_011103731.1,TRUE,p25_in_GeneB__dc_in_GeneA,OG0003090,TRUE,TRUE,TRUE
2389,DAKCFMEO_02425,BJEIHDPM_03497,,DAKCFMEO_02425,NA,FALSE,,,FALSE,FALSE,FALSE
2390,DAKCFMEO_02426,BJEIHDPM_03498,,DAKCFMEO_02426,NA,FALSE,,,FALSE,FALSE,FALSE
2391,DAKCFMEO_02427,BJEIHDPM_03499,,DAKCFMEO_02427,NA,FALSE,,,FALSE,FALSE,FALSE
2392,DAKCFMEO_02428,BJEIHDPM_03500,,DAKCFMEO_02428,NA,FALSE,,,FALSE,FALSE,FALSE
2393,DAKCFMEO_02429,BJEIHDPM_03501,,DAKCFMEO_02429,NA,FALSE,,,FALSE,FALSE,FALSE
2394,DAKCFMEO_02430,BJEIHDPM_03502,WP_005766833.1,DAKCFMEO_02430,WP_005766833.1,TRUE,p25_in_GeneB__dc_in_GeneA,OG0001901,TRUE,TRUE,TRUE
2395,DAKCFMEO_02431,BJEIHDPM_03503,WP_005770794.1,DAKCFMEO_02431,WP_005770794.1,FALSE,,,TRUE,FALSE,FALSE
2396,DAKCFMEO_02432,BJEIHDPM_03504,WP_046463317.1,DAKCFMEO_02432,WP_046463317.1,FALSE,,,TRUE,FALSE,FALSE
2397,DAKCFMEO_02433,BJEIHDPM_03505,,DAKCFMEO_02433,NA,FALSE,,,FALSE,FALSE,FALSE
2398,DAKCFMEO_02434,BJEIHDPM_03506,WP_161797783.1,DAKCFMEO_02434,WP_161797783.1,TRUE,p25_in_GeneB__dc_in_GeneA,OG0004093,TRUE,TRUE,TRUE
2399,DAKCFMEO_02435,BJEIHDPM_03507,WP_046463536.1,DAKCFMEO_02435,WP_046463536.1,FALSE,,,TRUE,FALSE,FALSE
2400,DAKCFMEO_02436,BJEIHDPM_03508,WP_005767500.1,DAKCFMEO_02436,WP_005767500.1,TRUE,p25_in_GeneB__dc_in_GeneA,OG0001969,TRUE,TRUE,TRUE
2401,DAKCFMEO_02437,BJEIHDPM_03509,WP_011103739.1,DAKCFMEO_02437,WP_011103739.1,FALSE,,,TRUE,FALSE,FALSE
2402,DAKCFMEO_02438,BJEIHDPM_03510,,DAKCFMEO_02438,NA,FALSE,,,FALSE,FALSE,FALSE
2403,DAKCFMEO_02439,BJEIHDPM_03511,,DAKCFMEO_02439,NA,FALSE,,,FALSE,FALSE,FALSE
2404,DAKCFMEO_02440,BJEIHDPM_03512,,DAKCFMEO_02440,NA,FALSE,,,FALSE,FALSE,FALSE
2405,DAKCFMEO_02441,BJEIHDPM_03513,,DAKCFMEO_02441,NA,FALSE,,,FALSE,FALSE,FALSE
2406,DAKCFMEO_02442,BJEIHDPM_03514,,DAKCFMEO_02442,NA,FALSE,,,FALSE,FALSE,FALSE
2407,DAKCFMEO_02443,BJEIHDPM_03515,WP_011103740.1,DAKCFMEO_02443,WP_011103740.1,TRUE,p25_in_GeneB__dc_in_GeneA,OG0003095,TRUE,TRUE,TRUE
2408,DAKCFMEO_02444,BJEIHDPM_03516,WP_046463915.1,DAKCFMEO_02444,WP_046463915.1,TRUE,p25_in_GeneB__dc_in_GeneA,OG0004034,TRUE,TRUE,TRUE
2409,DAKCFMEO_02445,BJEIHDPM_03517,WP_005767814.1,DAKCFMEO_02445,WP_005767814.1,FALSE,,,TRUE,FALSE,FALSE
2410,DAKCFMEO_02446,BJEIHDPM_03518,,DAKCFMEO_02446,NA,FALSE,,,FALSE,FALSE,FALSE
2411,DAKCFMEO_02447,BJEIHDPM_03519,WP_005767816.1,DAKCFMEO_02447,WP_005767816.1,FALSE,,,TRUE,FALSE,FALSE
2412,DAKCFMEO_02448,BJEIHDPM_03520,,DAKCFMEO_02448,NA,FALSE,,,FALSE,FALSE,FALSE
2413,DAKCFMEO_02449,BJEIHDPM_03521,,DAKCFMEO_02449,NA,FALSE,,,FALSE,FALSE,FALSE
2414,DAKCFMEO_02450,BJEIHDPM_03522,,DAKCFMEO_02450,NA,FALSE,,,FALSE,FALSE,FALSE
2415,DAKCFMEO_02451,BJEIHDPM_03523,,DAKCFMEO_02451,NA,FALSE,,,FALSE,FALSE,FALSE
2416,DAKCFMEO_02452,BJEIHDPM_03524,WP_005767820.1,DAKCFMEO_02452,WP_005767820.1,TRUE,p25_in_GeneB__dc_in_GeneA,OG0002018,TRUE,TRUE,TRUE
2417,DAKCFMEO_02453,BJEIHDPM_03525,WP_011103748.1,DAKCFMEO_02453,WP_011103748.1,TRUE,p25_in_GeneB__dc_in_GeneA,OG0003096,TRUE,TRUE,TRUE
2418,DAKCFMEO_02454,BJEIHDPM_03526,WP_005767827.1,DAKCFMEO_02454,WP_005767827.1,FALSE,,,TRUE,FALSE,FALSE
2419,DAKCFMEO_02455,BJEIHDPM_03527,WP_011103750.1,DAKCFMEO_02455,WP_011103750.1,TRUE,p25_in_GeneB__dc_in_GeneA,OG0003097,TRUE,TRUE,TRUE
2420,DAKCFMEO_02456,BJEIHDPM_03528,WP_005767834.1,DAKCFMEO_02456,WP_005767834.1,TRUE,p25_in_GeneB__dc_in_GeneA,OG0002019,TRUE,TRUE,TRUE
2421,DAKCFMEO_02457,BJEIHDPM_03529,WP_005767836.1,DAKCFMEO_02457,WP_005767836.1,TRUE,p25_in_GeneB__dc_in_GeneA,OG0002020,TRUE,TRUE,TRUE
2422,DAKCFMEO_02458,BJEIHDPM_03530,WP_011103752.1,DAKCFMEO_02458,WP_011103752.1,TRUE,p25_in_GeneB__dc_in_GeneA,OG0003098,TRUE,TRUE,TRUE
2423,DAKCFMEO_02459,BJEIHDPM_03531,WP_005767839.1,DAKCFMEO_02459,WP_005767839.1,TRUE,p25_in_GeneB__dc_in_GeneA,OG0002021,TRUE,TRUE,TRUE
2424,DAKCFMEO_02460,BJEIHDPM_03532,WP_005767841.1,DAKCFMEO_02460,WP_005767841.1,TRUE,p25_in_GeneB__dc_in_GeneA,OG0002022,TRUE,TRUE,TRUE
2425,DAKCFMEO_02461,BJEIHDPM_03533,WP_011103753.1,DAKCFMEO_02461,WP_011103753.1,TRUE,p25_in_GeneB__dc_in_GeneA,OG0003099,TRUE,TRUE,TRUE
2426,DAKCFMEO_02462,BJEIHDPM_03534,WP_011103754.1,DAKCFMEO_02462,WP_011103754.1,FALSE,,,TRUE,FALSE,FALSE
2427,DAKCFMEO_02463,BJEIHDPM_03535,WP_011103755.1,DAKCFMEO_02463,WP_011103755.1,FALSE,,,TRUE,FALSE,FALSE
2428,DAKCFMEO_02464,BJEIHDPM_03536,WP_005767847.1,DAKCFMEO_02464,WP_005767847.1,TRUE,p25_in_GeneB__dc_in_GeneA,OG0002023,TRUE,TRUE,TRUE
2429,DAKCFMEO_02465,BJEIHDPM_03537,WP_007245030.1,DAKCFMEO_02465,WP_007245030.1,TRUE,p25_in_GeneB__dc_in_GeneA,OG0002558,TRUE,TRUE,TRUE
2430,DAKCFMEO_02466,BJEIHDPM_03538,WP_011103756.1,DAKCFMEO_02466,WP_011103756.1,TRUE,p25_in_GeneB__dc_in_GeneA,OG0003100,TRUE,TRUE,TRUE
2431,DAKCFMEO_02467,BJEIHDPM_03539,WP_005767853.1,DAKCFMEO_02467,WP_005767853.1,TRUE,p25_in_GeneB__dc_in_GeneA,OG0002024,TRUE,TRUE,TRUE
2432,DAKCFMEO_02468,BJEIHDPM_03540,WP_011103757.1,DAKCFMEO_02468,WP_011103757.1,TRUE,p25_in_GeneB__dc_in_GeneA,OG0003101,TRUE,TRUE,TRUE
2433,DAKCFMEO_02469,BJEIHDPM_03541,,DAKCFMEO_02469,NA,FALSE,,,FALSE,FALSE,FALSE
2434,DAKCFMEO_02470,BJEIHDPM_03542,,DAKCFMEO_02470,NA,FALSE,,,FALSE,FALSE,FALSE
2435,DAKCFMEO_02471,BJEIHDPM_03543,WP_011103759.1,DAKCFMEO_02471,WP_011103759.1,TRUE,p25_in_GeneB__dc_in_GeneA,OG0003102,TRUE,TRUE,TRUE
2436,DAKCFMEO_02472,BJEIHDPM_03544,WP_011103760.1,DAKCFMEO_02472,WP_011103760.1,FALSE,,,TRUE,FALSE,FALSE
2437,DAKCFMEO_02473,BJEIHDPM_03545,WP_044393960.1,DAKCFMEO_02473,WP_044393960.1,FALSE,,,TRUE,FALSE,FALSE
2438,DAKCFMEO_02474,BJEIHDPM_03546,WP_044393960.1,DAKCFMEO_02474,WP_044393960.1,FALSE,,,TRUE,FALSE,FALSE
2439,DAKCFMEO_02475,BJEIHDPM_03547,,DAKCFMEO_02475,NA,FALSE,,,FALSE,FALSE,FALSE
2440,DAKCFMEO_02476,BJEIHDPM_03548,,DAKCFMEO_02476,NA,FALSE,,,FALSE,FALSE,FALSE
2441,DAKCFMEO_02477,BJEIHDPM_03549,WP_011104070.1,DAKCFMEO_02477,WP_011104070.1,FALSE,,,TRUE,FALSE,FALSE
2442,DAKCFMEO_02478,BJEIHDPM_03550,,DAKCFMEO_02478,NA,FALSE,,,FALSE,FALSE,FALSE
2443,DAKCFMEO_02479,BJEIHDPM_03551,,DAKCFMEO_02479,NA,FALSE,,,FALSE,FALSE,FALSE
2444,DAKCFMEO_02480,BJEIHDPM_03552,WP_011103763.1,DAKCFMEO_02480,WP_011103763.1,FALSE,,,TRUE,FALSE,FALSE
2445,DAKCFMEO_02481,BJEIHDPM_03553,WP_011103764.1,DAKCFMEO_02481,WP_011103764.1,FALSE,,,TRUE,FALSE,FALSE
2446,DAKCFMEO_02482,BJEIHDPM_03554,WP_007244403.1,DAKCFMEO_02482,WP_007244403.1,TRUE,p25_in_GeneB__dc_in_GeneA,OG0002511,TRUE,TRUE,TRUE
2447,DAKCFMEO_02483,BJEIHDPM_03555,WP_005771604.1,DAKCFMEO_02483,WP_005771604.1,TRUE,p25_in_GeneB__dc_in_GeneA,OG0002450,TRUE,TRUE,TRUE
2448,DAKCFMEO_02484,BJEIHDPM_03556,,DAKCFMEO_02484,NA,FALSE,,,FALSE,FALSE,FALSE
2449,DAKCFMEO_02485,BJEIHDPM_03556,WP_007244400.1,DAKCFMEO_02485,WP_007244400.1,TRUE,p25_in_GeneB__dc_in_GeneA,OG0002510,TRUE,TRUE,TRUE
2450,DAKCFMEO_02486,BJEIHDPM_03557,WP_011103766.1,DAKCFMEO_02486,WP_011103766.1,TRUE,p25_in_GeneB__dc_in_GeneA,OG0003104,TRUE,TRUE,TRUE
2451,DAKCFMEO_02487,BJEIHDPM_03558,WP_005771596.1,DAKCFMEO_02487,WP_005771596.1,TRUE,p25_in_GeneB__dc_in_GeneA,OG0002449,TRUE,TRUE,TRUE
2452,DAKCFMEO_02488,BJEIHDPM_03559,WP_003382703.1,DAKCFMEO_02488,WP_003382703.1,TRUE,p25_in_GeneB__dc_in_GeneA,OG0001035,TRUE,TRUE,TRUE
2453,DAKCFMEO_02489,BJEIHDPM_03560,WP_046463592.1,DAKCFMEO_02489,WP_046463592.1,FALSE,,,TRUE,FALSE,FALSE
2454,DAKCFMEO_02490,BJEIHDPM_03561,WP_003382700.1,DAKCFMEO_02490,WP_003382700.1,TRUE,p25_in_GeneB__dc_in_GeneA,OG0001034,TRUE,TRUE,TRUE
2455,DAKCFMEO_02491,BJEIHDPM_03562,WP_024667998.1,DAKCFMEO_02491,WP_024667998.1,TRUE,p25_in_GeneB__dc_in_GeneA,OG0003877,TRUE,TRUE,TRUE
2456,DAKCFMEO_02492,BJEIHDPM_03563,WP_011103771.1,DAKCFMEO_02492,WP_011103771.1,TRUE,p25_in_GeneB__dc_in_GeneA,OG0003105,TRUE,TRUE,TRUE
2457,DAKCFMEO_02493,BJEIHDPM_03564,WP_005771583.1,DAKCFMEO_02493,WP_005771583.1,TRUE,p25_in_GeneB__dc_in_GeneA,OG0002448,TRUE,TRUE,TRUE
2458,DAKCFMEO_02494,BJEIHDPM_03565,WP_007244389.1,DAKCFMEO_02494,WP_007244389.1,FALSE,,,TRUE,FALSE,FALSE
2459,DAKCFMEO_02495,BJEIHDPM_03566,WP_161797788.1,DAKCFMEO_02495,WP_161797788.1,FALSE,,,TRUE,FALSE,FALSE
2460,DAKCFMEO_02496,BJEIHDPM_03567,WP_011103773.1,DAKCFMEO_02496,WP_011103773.1,TRUE,p25_in_GeneB__dc_in_GeneA,OG0003106,TRUE,TRUE,TRUE
2461,DAKCFMEO_02497,BJEIHDPM_03568,WP_032606863.1,DAKCFMEO_02497,WP_032606863.1,TRUE,p25_in_GeneB__dc_in_GeneA,OG0003880,TRUE,TRUE,TRUE
2462,DAKCFMEO_02498,BJEIHDPM_03569,WP_005771571.1,DAKCFMEO_02498,WP_005771571.1,TRUE,p25_in_GeneB__dc_in_GeneA,OG0002447,TRUE,TRUE,TRUE
2463,DAKCFMEO_02499,BJEIHDPM_03570,WP_005616754.1,DAKCFMEO_02499,WP_005616754.1,TRUE,p25_in_GeneB__dc_in_GeneA,OG0001167,TRUE,TRUE,TRUE
2464,DAKCFMEO_02500,BJEIHDPM_03572,WP_032608868.1,DAKCFMEO_02500,WP_032608868.1,TRUE,p25_in_GeneB__dc_in_GeneA,OG0003882,TRUE,TRUE,TRUE
2465,DAKCFMEO_02501,BJEIHDPM_03573,WP_005771567.1,DAKCFMEO_02501,WP_005771567.1,FALSE,,,TRUE,FALSE,FALSE
2466,DAKCFMEO_02502,BJEIHDPM_03574,WP_003382687.1,DAKCFMEO_02502,WP_003382687.1,TRUE,p25_in_GeneB__dc_in_GeneA,OG0001033,TRUE,TRUE,TRUE
2467,DAKCFMEO_02503,BJEIHDPM_03575,WP_005767037.1,DAKCFMEO_02503,WP_005767037.1,TRUE,p25_in_GeneB__dc_in_GeneA,OG0001936,TRUE,TRUE,TRUE
2468,DAKCFMEO_02504,BJEIHDPM_03576,WP_002554316.1,DAKCFMEO_02504,WP_002554316.1,TRUE,p25_in_GeneB__dc_in_GeneA,OG0000676,TRUE,TRUE,TRUE
2469,DAKCFMEO_02505,BJEIHDPM_03577,WP_007244383.1,DAKCFMEO_02505,WP_007244383.1,TRUE,p25_in_GeneB__dc_in_GeneA,OG0002509,TRUE,TRUE,TRUE
2470,DAKCFMEO_02506,BJEIHDPM_03578,WP_005767033.1,DAKCFMEO_02506,WP_005767033.1,FALSE,,,TRUE,FALSE,FALSE
2471,DAKCFMEO_02507,BJEIHDPM_03579,WP_017682472.1,DAKCFMEO_02507,WP_017682472.1,TRUE,p25_in_GeneB__dc_in_GeneA,OG0003850,TRUE,TRUE,TRUE
2472,DAKCFMEO_02508,BJEIHDPM_03580,WP_005767027.1,DAKCFMEO_02508,WP_005767027.1,TRUE,p25_in_GeneB__dc_in_GeneA,OG0001935,TRUE,TRUE,TRUE
2473,DAKCFMEO_02509,BJEIHDPM_03581,WP_002554310.1,DAKCFMEO_02509,WP_002554310.1,TRUE,p25_in_GeneB__dc_in_GeneA,OG0000675,TRUE,TRUE,TRUE
2474,DAKCFMEO_02510,BJEIHDPM_03582,WP_007244381.1,DAKCFMEO_02510,WP_007244381.1,TRUE,p25_in_GeneB__dc_in_GeneA,OG0002508,TRUE,TRUE,TRUE
2475,DAKCFMEO_02511,BJEIHDPM_03583,WP_005767023.1,DAKCFMEO_02511,WP_005767023.1,TRUE,p25_in_GeneB__dc_in_GeneA,OG0001934,TRUE,TRUE,TRUE
2476,DAKCFMEO_02512,BJEIHDPM_03584,WP_005767021.1,DAKCFMEO_02512,WP_005767021.1,TRUE,p25_in_GeneB__dc_in_GeneA,OG0001933,TRUE,TRUE,TRUE
2477,DAKCFMEO_02513,BJEIHDPM_03585,WP_005767017.1,DAKCFMEO_02513,WP_005767017.1,TRUE,p25_in_GeneB__dc_in_GeneA,OG0001932,TRUE,TRUE,TRUE
2478,DAKCFMEO_02514,BJEIHDPM_03586,WP_011103779.1,DAKCFMEO_02514,WP_011103779.1,TRUE,p25_in_GeneB__dc_in_GeneA,OG0003108,TRUE,TRUE,TRUE
2479,DAKCFMEO_02515,BJEIHDPM_03587,WP_005767015.1,DAKCFMEO_02515,WP_005767015.1,TRUE,p25_in_GeneB__dc_in_GeneA,OG0001931,TRUE,TRUE,TRUE
2480,DAKCFMEO_02516,BJEIHDPM_03588,WP_005767013.1,DAKCFMEO_02516,WP_005767013.1,TRUE,p25_in_GeneB__dc_in_GeneA,OG0001930,TRUE,TRUE,TRUE
2481,DAKCFMEO_02517,BJEIHDPM_03589,WP_005767011.1,DAKCFMEO_02517,WP_005767011.1,TRUE,p25_in_GeneB__dc_in_GeneA,OG0001929,TRUE,TRUE,TRUE
2482,DAKCFMEO_02518,BJEIHDPM_03590,WP_005767010.1,DAKCFMEO_02518,WP_005767010.1,TRUE,p25_in_GeneB__dc_in_GeneA,OG0001928,TRUE,TRUE,TRUE
2483,DAKCFMEO_02519,BJEIHDPM_03591,WP_005767009.1,DAKCFMEO_02519,WP_005767009.1,TRUE,p25_in_GeneB__dc_in_GeneA,OG0001927,TRUE,TRUE,TRUE
2484,DAKCFMEO_02520,BJEIHDPM_03592,WP_011103781.1,DAKCFMEO_02520,WP_011103781.1,TRUE,p25_in_GeneB__dc_in_GeneA,OG0003109,TRUE,TRUE,TRUE
2485,DAKCFMEO_02521,BJEIHDPM_03593,WP_003382140.1,DAKCFMEO_02521,WP_003382140.1,TRUE,p25_in_GeneB__dc_in_GeneA,OG0001012,TRUE,TRUE,TRUE
2486,DAKCFMEO_02522,BJEIHDPM_03594,WP_002554297.1,DAKCFMEO_02522,WP_002554297.1,TRUE,p25_in_GeneB__dc_in_GeneA,OG0000674,TRUE,TRUE,TRUE
2487,DAKCFMEO_02523,BJEIHDPM_03595,WP_003382141.1,DAKCFMEO_02523,WP_003382141.1,TRUE,p25_in_GeneB__dc_in_GeneA,OG0001013,TRUE,TRUE,TRUE
2488,DAKCFMEO_02524,BJEIHDPM_03596,WP_044390087.1,DAKCFMEO_02524,WP_044390087.1,TRUE,p25_in_GeneB__dc_in_GeneA,OG0003902,TRUE,TRUE,TRUE
2489,DAKCFMEO_02525,BJEIHDPM_03597,WP_011103783.1,DAKCFMEO_02525,WP_011103783.1,TRUE,p25_in_GeneB__dc_in_GeneA,OG0003110,TRUE,TRUE,TRUE
2490,DAKCFMEO_02526,BJEIHDPM_03598,WP_003382144.1,DAKCFMEO_02526,WP_003382144.1,TRUE,p25_in_GeneB__dc_in_GeneA,OG0001014,TRUE,TRUE,TRUE
2491,DAKCFMEO_02527,BJEIHDPM_03599,WP_007244370.1,DAKCFMEO_02527,WP_007244370.1,TRUE,p25_in_GeneB__dc_in_GeneA,OG0002507,TRUE,TRUE,TRUE
2492,DAKCFMEO_02528,BJEIHDPM_03600,WP_002554291.1,DAKCFMEO_02528,WP_002554291.1,TRUE,p25_in_GeneB__dc_in_GeneA,OG0000673,TRUE,TRUE,TRUE
2493,DAKCFMEO_02529,BJEIHDPM_03601,WP_005767003.1,DAKCFMEO_02529,WP_005767003.1,TRUE,p25_in_GeneB__dc_in_GeneA,OG0001926,TRUE,TRUE,TRUE
2494,DAKCFMEO_02530,BJEIHDPM_03602,WP_005767000.1,DAKCFMEO_02530,WP_005767000.1,FALSE,,,TRUE,FALSE,FALSE
2495,DAKCFMEO_02531,BJEIHDPM_03603,WP_002554288.1,DAKCFMEO_02531,WP_002554288.1,TRUE,p25_in_GeneB__dc_in_GeneA,OG0000672,TRUE,TRUE,TRUE
2496,DAKCFMEO_02532,BJEIHDPM_03604,WP_005616835.1,DAKCFMEO_02532,WP_005616835.1,TRUE,p25_in_GeneB__dc_in_GeneA,OG0001168,TRUE,TRUE,TRUE
2497,DAKCFMEO_02533,BJEIHDPM_03605,WP_011103785.1,DAKCFMEO_02533,WP_011103785.1,TRUE,p25_in_GeneB__dc_in_GeneA,OG0003111,TRUE,TRUE,TRUE
2498,DAKCFMEO_02534,BJEIHDPM_03606,WP_005766990.1,DAKCFMEO_02534,WP_005766990.1,TRUE,p25_in_GeneB__dc_in_GeneA,OG0001925,TRUE,TRUE,TRUE
2499,DAKCFMEO_02535,BJEIHDPM_03607,WP_011103786.1,DAKCFMEO_02535,WP_011103786.1,TRUE,p25_in_GeneB__dc_in_GeneA,OG0003112,TRUE,TRUE,TRUE
2500,DAKCFMEO_02536,BJEIHDPM_03608,WP_007244365.1,DAKCFMEO_02536,WP_007244365.1,TRUE,p25_in_GeneB__dc_in_GeneA,OG0002506,TRUE,TRUE,TRUE
2501,DAKCFMEO_02537,BJEIHDPM_03609,WP_003378750.1,DAKCFMEO_02537,WP_003378750.1,TRUE,p25_in_GeneB__dc_in_GeneA,OG0000887,TRUE,TRUE,TRUE
2502,DAKCFMEO_02538,BJEIHDPM_03610,WP_003378749.1,DAKCFMEO_02538,WP_003378749.1,TRUE,p25_in_GeneB__dc_in_GeneA,OG0000886,TRUE,TRUE,TRUE
2503,DAKCFMEO_02539,BJEIHDPM_03611,WP_005766986.1,DAKCFMEO_02539,WP_005766986.1,TRUE,p25_in_GeneB__dc_in_GeneA,OG0001924,TRUE,TRUE,TRUE
2504,DAKCFMEO_02540,BJEIHDPM_03612,WP_007244364.1,DAKCFMEO_02540,WP_007244364.1,TRUE,p25_in_GeneB__dc_in_GeneA,OG0002505,TRUE,TRUE,TRUE
2505,DAKCFMEO_02541,BJEIHDPM_03613,WP_002554277.1,DAKCFMEO_02541,WP_002554277.1,TRUE,p25_in_GeneB__dc_in_GeneA,OG0000671,TRUE,TRUE,TRUE
2506,DAKCFMEO_02542,BJEIHDPM_03614,WP_007244363.1,DAKCFMEO_02542,WP_007244363.1,TRUE,p25_in_GeneB__dc_in_GeneA,OG0002504,TRUE,TRUE,TRUE
2507,DAKCFMEO_02543,BJEIHDPM_03615,WP_005766982.1,DAKCFMEO_02543,WP_005766982.1,TRUE,p25_in_GeneB__dc_in_GeneA,OG0001923,TRUE,TRUE,TRUE
2508,DAKCFMEO_02544,BJEIHDPM_03616,WP_005616857.1,DAKCFMEO_02544,WP_005616857.1,TRUE,p25_in_GeneB__dc_in_GeneA,OG0001169,TRUE,TRUE,TRUE
2509,DAKCFMEO_02545,BJEIHDPM_03617,WP_005766980.1,DAKCFMEO_02545,WP_005766980.1,TRUE,p25_in_GeneB__dc_in_GeneA,OG0001922,TRUE,TRUE,TRUE
2510,DAKCFMEO_02546,BJEIHDPM_03618,WP_003412391.1,DAKCFMEO_02546,WP_003412391.1,TRUE,p25_in_GeneB__dc_in_GeneA,OG0001069,TRUE,TRUE,TRUE
2511,DAKCFMEO_02547,BJEIHDPM_03619,WP_003378731.1,DAKCFMEO_02547,WP_003378731.1,TRUE,p25_in_GeneB__dc_in_GeneA,OG0000885,TRUE,TRUE,TRUE
2512,DAKCFMEO_02548,BJEIHDPM_03620,WP_003378730.1,DAKCFMEO_02548,WP_003378730.1,TRUE,p25_in_GeneB__dc_in_GeneA,OG0000884,TRUE,TRUE,TRUE
2513,DAKCFMEO_02549,BJEIHDPM_03621,WP_005766975.1,DAKCFMEO_02549,WP_005766975.1,TRUE,p25_in_GeneB__dc_in_GeneA,OG0001921,TRUE,TRUE,TRUE
2514,DAKCFMEO_02550,BJEIHDPM_03622,WP_011103790.1,DAKCFMEO_02550,WP_011103790.1,TRUE,p25_in_GeneB__dc_in_GeneA,OG0003113,TRUE,TRUE,TRUE
2515,DAKCFMEO_02551,BJEIHDPM_03623,WP_010207872.1,DAKCFMEO_02551,WP_010207872.1,TRUE,p25_in_GeneB__dc_in_GeneA,OG0002747,TRUE,TRUE,TRUE
2516,DAKCFMEO_02552,BJEIHDPM_03624,WP_003378725.1,DAKCFMEO_02552,WP_003378725.1,TRUE,p25_in_GeneB__dc_in_GeneA,OG0000883,TRUE,TRUE,TRUE
2517,DAKCFMEO_02553,BJEIHDPM_03625,WP_011103791.1,DAKCFMEO_02553,WP_011103791.1,TRUE,p25_in_GeneB__dc_in_GeneA,OG0003114,TRUE,TRUE,TRUE
2518,DAKCFMEO_02554,BJEIHDPM_03626,WP_005766970.1,DAKCFMEO_02554,WP_005766970.1,FALSE,,,TRUE,FALSE,FALSE
2519,DAKCFMEO_02555,BJEIHDPM_03627,WP_007244357.1,DAKCFMEO_02555,WP_007244357.1,TRUE,p25_in_GeneB__dc_in_GeneA,OG0002503,TRUE,TRUE,TRUE
2520,DAKCFMEO_02556,BJEIHDPM_03628,WP_002554262.1,DAKCFMEO_02556,WP_002554262.1,TRUE,p25_in_GeneB__dc_in_GeneA,OG0000670,TRUE,TRUE,TRUE
2521,DAKCFMEO_02557,BJEIHDPM_03629,WP_005766966.1,DAKCFMEO_02557,WP_005766966.1,TRUE,p25_in_GeneB__dc_in_GeneA,OG0001920,TRUE,TRUE,TRUE
2522,DAKCFMEO_02558,BJEIHDPM_03630,WP_005766964.1,DAKCFMEO_02558,WP_005766964.1,TRUE,p25_in_GeneB__dc_in_GeneA,OG0001919,TRUE,TRUE,TRUE
2523,DAKCFMEO_02559,BJEIHDPM_03631,WP_007244356.1,DAKCFMEO_02559,WP_007244356.1,FALSE,,,TRUE,FALSE,FALSE
2524,DAKCFMEO_02560,BJEIHDPM_03632,,DAKCFMEO_02560,NA,FALSE,,,FALSE,FALSE,FALSE
2525,DAKCFMEO_02561,BJEIHDPM_03633,WP_005766956.1,DAKCFMEO_02561,WP_005766956.1,FALSE,,,TRUE,FALSE,FALSE
2526,DAKCFMEO_02562,BJEIHDPM_03634,WP_011103794.1,DAKCFMEO_02562,WP_011103794.1,TRUE,p25_in_GeneB__dc_in_GeneA,OG0003115,TRUE,TRUE,TRUE
2527,DAKCFMEO_02563,BJEIHDPM_03635,WP_005766954.1,DAKCFMEO_02563,WP_005766954.1,TRUE,p25_in_GeneB__dc_in_GeneA,OG0001918,TRUE,TRUE,TRUE
2528,DAKCFMEO_02564,BJEIHDPM_03636,WP_005766953.1,DAKCFMEO_02564,WP_005766953.1,TRUE,p25_in_GeneB__dc_in_GeneA,OG0001917,TRUE,TRUE,TRUE
2529,DAKCFMEO_02565,BJEIHDPM_03637,WP_005766952.1,DAKCFMEO_02565,WP_005766952.1,TRUE,p25_in_GeneB__dc_in_GeneA,OG0001916,TRUE,TRUE,TRUE
2530,DAKCFMEO_02566,BJEIHDPM_03638,WP_011103795.1,DAKCFMEO_02566,WP_011103795.1,TRUE,p25_in_GeneB__dc_in_GeneA,OG0003116,TRUE,TRUE,TRUE
2531,DAKCFMEO_02567,BJEIHDPM_03639,WP_007244349.1,DAKCFMEO_02567,WP_007244349.1,TRUE,p25_in_GeneB__dc_in_GeneA,OG0002502,TRUE,TRUE,TRUE
2532,DAKCFMEO_02568,BJEIHDPM_03640,WP_005766948.1,DAKCFMEO_02568,WP_005766948.1,FALSE,,,TRUE,FALSE,FALSE
2533,DAKCFMEO_02569,BJEIHDPM_03641,WP_005766946.1,DAKCFMEO_02569,WP_005766946.1,TRUE,p25_in_GeneB__dc_in_GeneA,OG0001915,TRUE,TRUE,TRUE
2534,DAKCFMEO_02570,BJEIHDPM_03642,WP_005766943.1,DAKCFMEO_02570,WP_005766943.1,TRUE,p25_in_GeneB__dc_in_GeneA,OG0001914,TRUE,TRUE,TRUE
2535,DAKCFMEO_02571,BJEIHDPM_03643,WP_005766941.1,DAKCFMEO_02571,WP_005766941.1,TRUE,p25_in_GeneB__dc_in_GeneA,OG0001913,TRUE,TRUE,TRUE
2536,DAKCFMEO_02572,BJEIHDPM_03644,WP_011103796.1,DAKCFMEO_02572,WP_011103796.1,TRUE,p25_in_GeneB__dc_in_GeneA,OG0003117,TRUE,TRUE,TRUE
2537,DAKCFMEO_02573,BJEIHDPM_03645,WP_011103797.1,DAKCFMEO_02573,WP_011103797.1,TRUE,p25_in_GeneB__dc_in_GeneA,OG0003118,TRUE,TRUE,TRUE
2538,DAKCFMEO_02574,BJEIHDPM_03646,WP_010207888.1,DAKCFMEO_02574,WP_010207888.1,TRUE,p25_in_GeneB__dc_in_GeneA,OG0002748,TRUE,TRUE,TRUE
2539,DAKCFMEO_02575,BJEIHDPM_03647,,DAKCFMEO_02575,NA,FALSE,,,FALSE,FALSE,FALSE
2540,DAKCFMEO_02576,BJEIHDPM_03648,,DAKCFMEO_02576,NA,FALSE,,,FALSE,FALSE,FALSE
2541,DAKCFMEO_02577,BJEIHDPM_03649,,DAKCFMEO_02577,NA,FALSE,,,FALSE,FALSE,FALSE
2542,DAKCFMEO_02578,BJEIHDPM_03650,WP_046463456.1,DAKCFMEO_02578,WP_046463456.1,FALSE,,,TRUE,FALSE,FALSE
2543,DAKCFMEO_02579,BJEIHDPM_03651,,DAKCFMEO_02579,NA,FALSE,,,FALSE,FALSE,FALSE
2544,DAKCFMEO_02580,BJEIHDPM_03652,,DAKCFMEO_02580,NA,FALSE,,,FALSE,FALSE,FALSE
2545,DAKCFMEO_02581,BJEIHDPM_03653,WP_011103804.1,DAKCFMEO_02581,WP_011103804.1,FALSE,,,TRUE,FALSE,FALSE
2546,DAKCFMEO_02582,BJEIHDPM_03654,WP_046463454.1,DAKCFMEO_02582,WP_046463454.1,TRUE,p25_in_GeneB__dc_in_GeneA,OG0003975,TRUE,TRUE,TRUE
2547,DAKCFMEO_02583,BJEIHDPM_03655,WP_007244335.1,DAKCFMEO_02583,WP_007244335.1,FALSE,,,TRUE,FALSE,FALSE
2548,DAKCFMEO_02584,BJEIHDPM_03656,WP_011103806.1,DAKCFMEO_02584,WP_011103806.1,TRUE,p25_in_GeneB__dc_in_GeneA,OG0003119,TRUE,TRUE,TRUE
2549,DAKCFMEO_02585,BJEIHDPM_03657,WP_005766916.1,DAKCFMEO_02585,WP_005766916.1,TRUE,p25_in_GeneB__dc_in_GeneA,OG0001911,TRUE,TRUE,TRUE
2550,DAKCFMEO_02586,BJEIHDPM_03658,WP_005766914.1,DAKCFMEO_02586,WP_005766914.1,TRUE,p25_in_GeneB__dc_in_GeneA,OG0001910,TRUE,TRUE,TRUE
2551,DAKCFMEO_02587,BJEIHDPM_03659,WP_003378668.1,DAKCFMEO_02587,WP_003378668.1,TRUE,p25_in_GeneB__dc_in_GeneA,OG0000882,TRUE,TRUE,TRUE
2552,DAKCFMEO_02588,BJEIHDPM_03660,WP_005766911.1,DAKCFMEO_02588,WP_005766911.1,TRUE,p25_in_GeneB__dc_in_GeneA,OG0001909,TRUE,TRUE,TRUE
2553,DAKCFMEO_02589,BJEIHDPM_03661,WP_003378666.1,DAKCFMEO_02589,WP_003378666.1,TRUE,p25_in_GeneB__dc_in_GeneA,OG0000881,TRUE,TRUE,TRUE
2554,DAKCFMEO_02590,BJEIHDPM_03662,WP_005766910.1,DAKCFMEO_02590,WP_005766910.1,TRUE,p25_in_GeneB__dc_in_GeneA,OG0001908,TRUE,TRUE,TRUE
2555,DAKCFMEO_02591,BJEIHDPM_03663,WP_057443274.1,DAKCFMEO_02591,WP_057443274.1,TRUE,p25_in_GeneB__dc_in_GeneA,OG0004066,TRUE,TRUE,TRUE
2556,DAKCFMEO_02592,BJEIHDPM_03664,WP_005766904.1,DAKCFMEO_02592,WP_005766904.1,TRUE,p25_in_GeneB__dc_in_GeneA,OG0001907,TRUE,TRUE,TRUE
2557,DAKCFMEO_02593,BJEIHDPM_03665,WP_005766903.1,DAKCFMEO_02593,WP_005766903.1,FALSE,,,TRUE,FALSE,FALSE
2558,DAKCFMEO_02594,BJEIHDPM_03666,WP_024667462.1,DAKCFMEO_02594,WP_024667462.1,TRUE,p25_in_GeneB__dc_in_GeneA,OG0003872,TRUE,TRUE,TRUE
2559,DAKCFMEO_02595,BJEIHDPM_03667,WP_005766899.1,DAKCFMEO_02595,WP_005766899.1,TRUE,p25_in_GeneB__dc_in_GeneA,OG0001906,TRUE,TRUE,TRUE
2560,DAKCFMEO_02596,BJEIHDPM_03668,WP_032710620.1,DAKCFMEO_02596,WP_032710620.1,TRUE,p25_in_GeneB__dc_in_GeneA,OG0003895,TRUE,TRUE,TRUE
2561,DAKCFMEO_02597,BJEIHDPM_03669,,DAKCFMEO_02597,NA,FALSE,,,FALSE,FALSE,FALSE
2562,DAKCFMEO_02598,BJEIHDPM_03670,,DAKCFMEO_02598,NA,FALSE,,,FALSE,FALSE,FALSE
2563,DAKCFMEO_02599,BJEIHDPM_03671,,DAKCFMEO_02599,NA,FALSE,,,FALSE,FALSE,FALSE
2564,DAKCFMEO_02600,BJEIHDPM_03672,WP_005766893.1,DAKCFMEO_02600,WP_005766893.1,FALSE,,,TRUE,FALSE,FALSE
2565,DAKCFMEO_02601,BJEIHDPM_03673,WP_011103812.1,DAKCFMEO_02601,WP_011103812.1,TRUE,p25_in_GeneB__dc_in_GeneA,OG0003121,TRUE,TRUE,TRUE
2566,DAKCFMEO_02602,BJEIHDPM_03674,WP_007244324.1,DAKCFMEO_02602,WP_007244324.1,TRUE,p25_in_GeneB__dc_in_GeneA,OG0002501,TRUE,TRUE,TRUE
2567,DAKCFMEO_02603,BJEIHDPM_03675,WP_007244323.1,DAKCFMEO_02603,WP_007244323.1,FALSE,,,TRUE,FALSE,FALSE
2568,DAKCFMEO_02604,BJEIHDPM_03676,WP_003378641.1,DAKCFMEO_02604,WP_003378641.1,TRUE,p25_in_GeneB__dc_in_GeneA,OG0000880,TRUE,TRUE,TRUE
2569,DAKCFMEO_02605,BJEIHDPM_03677,WP_003378639.1,DAKCFMEO_02605,WP_003378639.1,TRUE,p25_in_GeneB__dc_in_GeneA,OG0000879,TRUE,TRUE,TRUE
2570,DAKCFMEO_02606,BJEIHDPM_03678,WP_003378637.1,DAKCFMEO_02606,WP_003378637.1,TRUE,p25_in_GeneB__dc_in_GeneA,OG0000878,TRUE,TRUE,TRUE
2571,DAKCFMEO_02607,BJEIHDPM_03679,WP_011103814.1,DAKCFMEO_02607,WP_011103814.1,TRUE,p25_in_GeneB__dc_in_GeneA,OG0003122,TRUE,TRUE,TRUE
2572,DAKCFMEO_02608,BJEIHDPM_03680,WP_044390159.1,DAKCFMEO_02608,WP_044390159.1,TRUE,p25_in_GeneB__dc_in_GeneA,OG0003905,TRUE,TRUE,TRUE
2573,DAKCFMEO_02609,BJEIHDPM_03681,,DAKCFMEO_02609,NA,FALSE,,,FALSE,FALSE,FALSE
2574,DAKCFMEO_02610,BJEIHDPM_03682,WP_011103816.1,DAKCFMEO_02610,WP_011103816.1,TRUE,p25_in_GeneB__dc_in_GeneA,OG0003123,TRUE,TRUE,TRUE
2575,DAKCFMEO_02611,BJEIHDPM_03683,WP_007244321.1,DAKCFMEO_02611,WP_007244321.1,TRUE,p25_in_GeneB__dc_in_GeneA,OG0002500,TRUE,TRUE,TRUE
2576,DAKCFMEO_02612,BJEIHDPM_03684,WP_005766876.1,DAKCFMEO_02612,WP_005766876.1,TRUE,p25_in_GeneB__dc_in_GeneA,OG0001905,TRUE,TRUE,TRUE
2577,DAKCFMEO_02613,BJEIHDPM_03685,WP_005616977.1,DAKCFMEO_02613,WP_005616977.1,TRUE,p25_in_GeneB__dc_in_GeneA,OG0001170,TRUE,TRUE,TRUE
2578,DAKCFMEO_02614,BJEIHDPM_03686,WP_011103818.1,DAKCFMEO_02614,WP_011103818.1,TRUE,p25_in_GeneB__dc_in_GeneA,OG0003124,TRUE,TRUE,TRUE
2579,DAKCFMEO_02615,BJEIHDPM_03687,WP_005766869.1,DAKCFMEO_02615,WP_005766869.1,TRUE,p25_in_GeneB__dc_in_GeneA,OG0001904,TRUE,TRUE,TRUE
2580,DAKCFMEO_02616,BJEIHDPM_03688,WP_003378621.1,DAKCFMEO_02616,WP_003378621.1,TRUE,p25_in_GeneB__dc_in_GeneA,OG0000877,TRUE,TRUE,TRUE
2581,DAKCFMEO_02617,BJEIHDPM_03689,WP_003315128.1,DAKCFMEO_02617,WP_003315128.1,TRUE,p25_in_GeneB__dc_in_GeneA,OG0000737,TRUE,TRUE,TRUE
2582,DAKCFMEO_02618,BJEIHDPM_03690,WP_011103819.1,DAKCFMEO_02618,WP_011103819.1,TRUE,p25_in_GeneB__dc_in_GeneA,OG0003125,TRUE,TRUE,TRUE
2583,DAKCFMEO_02619,BJEIHDPM_03691,WP_011103820.1,DAKCFMEO_02619,WP_011103820.1,TRUE,p25_in_GeneB__dc_in_GeneA,OG0003126,TRUE,TRUE,TRUE
2584,DAKCFMEO_02620,BJEIHDPM_03692,WP_007244314.1,DAKCFMEO_02620,WP_007244314.1,FALSE,,,TRUE,FALSE,FALSE
2585,DAKCFMEO_02621,BJEIHDPM_03693,WP_002552853.1,DAKCFMEO_02621,WP_002552853.1,FALSE,,,TRUE,FALSE,FALSE
2586,DAKCFMEO_02622,BJEIHDPM_03694,WP_005766858.1,DAKCFMEO_02622,WP_005766858.1,TRUE,p25_in_GeneB__dc_in_GeneA,OG0001903,TRUE,TRUE,TRUE
2587,DAKCFMEO_02623,BJEIHDPM_03695,WP_011103821.1,DAKCFMEO_02623,WP_011103821.1,TRUE,p25_in_GeneB__dc_in_GeneA,OG0003127,TRUE,TRUE,TRUE
2588,DAKCFMEO_02624,BJEIHDPM_03696,WP_003378612.1,DAKCFMEO_02624,WP_003378612.1,TRUE,p25_in_GeneB__dc_in_GeneA,OG0000876,TRUE,TRUE,TRUE
2589,DAKCFMEO_02625,BJEIHDPM_03697,WP_005617305.1,DAKCFMEO_02625,WP_005617305.1,TRUE,p25_in_GeneB__dc_in_GeneA,OG0001179,TRUE,TRUE,TRUE
2590,DAKCFMEO_02626,BJEIHDPM_03698,WP_005617003.1,DAKCFMEO_02626,WP_005617003.1,TRUE,p25_in_GeneB__dc_in_GeneA,OG0001171,TRUE,TRUE,TRUE
2591,DAKCFMEO_02627,BJEIHDPM_03699,WP_003378609.1,DAKCFMEO_02627,WP_003378609.1,TRUE,p25_in_GeneB__dc_in_GeneA,OG0000875,TRUE,TRUE,TRUE
2592,DAKCFMEO_02628,BJEIHDPM_03700,WP_003378608.1,DAKCFMEO_02628,WP_003378608.1,TRUE,p25_in_GeneB__dc_in_GeneA,OG0000874,TRUE,TRUE,TRUE
2593,DAKCFMEO_02629,BJEIHDPM_03701,WP_005766850.1,DAKCFMEO_02629,WP_005766850.1,TRUE,p25_in_GeneB__dc_in_GeneA,OG0001902,TRUE,TRUE,TRUE
2594,DAKCFMEO_02630,BJEIHDPM_03702,WP_011103822.1,DAKCFMEO_02630,WP_011103822.1,TRUE,p25_in_GeneB__dc_in_GeneA,OG0003128,TRUE,TRUE,TRUE
2595,DAKCFMEO_02631,BJEIHDPM_03703,WP_005617011.1,DAKCFMEO_02631,WP_005617011.1,TRUE,p25_in_GeneB__dc_in_GeneA,OG0001172,TRUE,TRUE,TRUE
2596,DAKCFMEO_02632,BJEIHDPM_03704,WP_005738376.1,DAKCFMEO_02632,WP_005738376.1,TRUE,p25_in_GeneB__dc_in_GeneA,OG0001274,TRUE,TRUE,TRUE
2597,DAKCFMEO_02633,BJEIHDPM_03705,WP_005738377.1,DAKCFMEO_02633,WP_005738377.1,TRUE,p25_in_GeneB__dc_in_GeneA,OG0001275,TRUE,TRUE,TRUE
2598,DAKCFMEO_02634,BJEIHDPM_03706,WP_007244311.1,DAKCFMEO_02634,WP_007244311.1,TRUE,p25_in_GeneB__dc_in_GeneA,OG0002499,TRUE,TRUE,TRUE
2599,DAKCFMEO_02635,BJEIHDPM_03707,WP_024667446.1,DAKCFMEO_02635,WP_024667446.1,TRUE,p25_in_GeneB__dc_in_GeneA,OG0003871,TRUE,TRUE,TRUE
2600,DAKCFMEO_02636,BJEIHDPM_03708,,DAKCFMEO_02636,NA,FALSE,,,FALSE,FALSE,FALSE
2601,DAKCFMEO_02637,BJEIHDPM_03709,WP_011103824.1,DAKCFMEO_02637,WP_011103824.1,TRUE,p25_in_GeneB__dc_in_GeneA,OG0003129,TRUE,TRUE,TRUE
2602,DAKCFMEO_02638,BJEIHDPM_03710,,DAKCFMEO_02638,NA,FALSE,,,FALSE,FALSE,FALSE
2603,DAKCFMEO_02639,BJEIHDPM_03711,,DAKCFMEO_02639,NA,FALSE,,,FALSE,FALSE,FALSE
2604,DAKCFMEO_02641,BJEIHDPM_03713,WP_005771315.1,DAKCFMEO_02641,WP_005771315.1,TRUE,p25_in_GeneB__dc_in_GeneA,OG0002426,TRUE,TRUE,TRUE
2605,DAKCFMEO_02642,BJEIHDPM_03714,WP_011103847.1,DAKCFMEO_02642,WP_011103847.1,TRUE,p25_in_GeneB__dc_in_GeneA,OG0003134,TRUE,TRUE,TRUE
2606,DAKCFMEO_02643,BJEIHDPM_03715,,DAKCFMEO_02643,NA,FALSE,,,FALSE,FALSE,FALSE
2607,DAKCFMEO_02644,BJEIHDPM_03716,,DAKCFMEO_02644,NA,FALSE,,,FALSE,FALSE,FALSE
2608,DAKCFMEO_02645,BJEIHDPM_03717,WP_011103848.1,DAKCFMEO_02645,WP_011103848.1,TRUE,p25_in_GeneB__dc_in_GeneA,OG0003135,TRUE,TRUE,TRUE
2609,DAKCFMEO_02646,BJEIHDPM_03718,WP_011103849.1,DAKCFMEO_02646,WP_011103849.1,TRUE,p25_in_GeneB__dc_in_GeneA,OG0003136,TRUE,TRUE,TRUE
2610,DAKCFMEO_02647,BJEIHDPM_03719,WP_011103850.1,DAKCFMEO_02647,WP_011103850.1,TRUE,p25_in_GeneB__dc_in_GeneA,OG0003137,TRUE,TRUE,TRUE
2611,DAKCFMEO_02648,BJEIHDPM_03720,WP_007244218.1,DAKCFMEO_02648,WP_007244218.1,TRUE,p25_in_GeneB__dc_in_GeneA,OG0002497,TRUE,TRUE,TRUE
2612,DAKCFMEO_02649,BJEIHDPM_03721,WP_011103851.1,DAKCFMEO_02649,WP_011103851.1,TRUE,p25_in_GeneB__dc_in_GeneA,OG0003138,TRUE,TRUE,TRUE
2613,DAKCFMEO_02650,BJEIHDPM_03722,,DAKCFMEO_02650,NA,FALSE,,,FALSE,FALSE,FALSE
2614,DAKCFMEO_02651,BJEIHDPM_03723,,DAKCFMEO_02651,NA,FALSE,,,FALSE,FALSE,FALSE
2615,DAKCFMEO_02652,BJEIHDPM_03724,WP_011103852.1,DAKCFMEO_02652,WP_011103852.1,FALSE,,,TRUE,FALSE,FALSE
2616,DAKCFMEO_02653,BJEIHDPM_03725,WP_005771329.1,DAKCFMEO_02653,WP_005771329.1,TRUE,p25_in_GeneB__dc_in_GeneA,OG0002427,TRUE,TRUE,TRUE
2617,DAKCFMEO_02654,BJEIHDPM_03726,WP_005771330.1,DAKCFMEO_02654,WP_005771330.1,TRUE,p25_in_GeneB__dc_in_GeneA,OG0002428,TRUE,TRUE,TRUE
2618,DAKCFMEO_02655,BJEIHDPM_03727,WP_003383089.1,DAKCFMEO_02655,WP_003383089.1,FALSE,,,TRUE,FALSE,FALSE
2619,DAKCFMEO_02656,BJEIHDPM_03728,WP_005771334.1,DAKCFMEO_02656,WP_005771334.1,TRUE,p25_in_GeneB__dc_in_GeneA,OG0002429,TRUE,TRUE,TRUE
2620,DAKCFMEO_02657,BJEIHDPM_03729,WP_007244213.1,DAKCFMEO_02657,WP_007244213.1,FALSE,,,TRUE,FALSE,FALSE
2621,DAKCFMEO_02658,BJEIHDPM_03730,WP_003383085.1,DAKCFMEO_02658,WP_003383085.1,TRUE,p25_in_GeneB__dc_in_GeneA,OG0001046,TRUE,TRUE,TRUE
2622,DAKCFMEO_02659,BJEIHDPM_03731,WP_005771340.1,DAKCFMEO_02659,WP_005771340.1,FALSE,,,TRUE,FALSE,FALSE
2623,DAKCFMEO_02660,BJEIHDPM_03732,,DAKCFMEO_02660,NA,FALSE,,,FALSE,FALSE,FALSE
2624,DAKCFMEO_02661,BJEIHDPM_03733,,DAKCFMEO_02661,NA,FALSE,,,FALSE,FALSE,FALSE
2625,DAKCFMEO_02662,BJEIHDPM_03734,WP_005771341.1,DAKCFMEO_02662,WP_005771341.1,TRUE,p25_in_GeneB__dc_in_GeneA,OG0002430,TRUE,TRUE,TRUE
2626,DAKCFMEO_02663,BJEIHDPM_03735,WP_007244210.1,DAKCFMEO_02663,WP_007244210.1,TRUE,p25_in_GeneB__dc_in_GeneA,OG0002496,TRUE,TRUE,TRUE
2627,DAKCFMEO_02664,BJEIHDPM_03736,WP_046464043.1,DAKCFMEO_02664,WP_046464043.1,TRUE,p25_in_GeneB__dc_in_GeneA,OG0004057,TRUE,TRUE,TRUE
2628,DAKCFMEO_02665,BJEIHDPM_03737,WP_003382959.1,DAKCFMEO_02665,WP_003382959.1,TRUE,p25_in_GeneB__dc_in_GeneA,OG0001041,TRUE,TRUE,TRUE
2629,DAKCFMEO_02666,BJEIHDPM_03738,WP_003382960.1,DAKCFMEO_02666,WP_003382960.1,TRUE,p25_in_GeneB__dc_in_GeneA,OG0001042,TRUE,TRUE,TRUE
2630,DAKCFMEO_02667,BJEIHDPM_03739,WP_011103855.1,DAKCFMEO_02667,WP_011103855.1,TRUE,p25_in_GeneB__dc_in_GeneA,OG0003139,TRUE,TRUE,TRUE
2631,DAKCFMEO_02668,BJEIHDPM_03740,WP_003315067.1,DAKCFMEO_02668,WP_003315067.1,TRUE,p25_in_GeneB__dc_in_GeneA,OG0000736,TRUE,TRUE,TRUE
2632,DAKCFMEO_02669,BJEIHDPM_03741,WP_005771350.1,DAKCFMEO_02669,WP_005771350.1,TRUE,p25_in_GeneB__dc_in_GeneA,OG0002431,TRUE,TRUE,TRUE
2633,DAKCFMEO_02670,BJEIHDPM_03742,,DAKCFMEO_02670,NA,FALSE,,,FALSE,FALSE,FALSE
2634,DAKCFMEO_02671,BJEIHDPM_03743,,DAKCFMEO_02671,NA,FALSE,,,FALSE,FALSE,FALSE
2635,DAKCFMEO_02672,BJEIHDPM_03744,WP_011103856.1,DAKCFMEO_02672,WP_011103856.1,TRUE,p25_in_GeneB__dc_in_GeneA,OG0003140,TRUE,TRUE,TRUE
2636,DAKCFMEO_02673,BJEIHDPM_03745,WP_011103857.1,DAKCFMEO_02673,WP_011103857.1,FALSE,,,TRUE,FALSE,FALSE
2637,DAKCFMEO_02674,BJEIHDPM_03746,WP_002556012.1,DAKCFMEO_02674,WP_002556012.1,FALSE,,,TRUE,FALSE,FALSE
2638,DAKCFMEO_02675,BJEIHDPM_03747,,DAKCFMEO_02675,NA,FALSE,,,FALSE,FALSE,FALSE
2639,DAKCFMEO_02676,BJEIHDPM_03748,,DAKCFMEO_02676,NA,FALSE,,,FALSE,FALSE,FALSE
2640,DAKCFMEO_02677,BJEIHDPM_03749,WP_011103861.1,DAKCFMEO_02677,WP_011103861.1,TRUE,p25_in_GeneB__dc_in_GeneA,OG0003141,TRUE,TRUE,TRUE
2641,DAKCFMEO_02678,BJEIHDPM_03750,WP_005770721.1,DAKCFMEO_02678,WP_005770721.1,TRUE,p25_in_GeneB__dc_in_GeneA,OG0002363,TRUE,TRUE,TRUE
2642,DAKCFMEO_02679,BJEIHDPM_03751,WP_003382984.1,DAKCFMEO_02679,WP_003382984.1,TRUE,p25_in_GeneB__dc_in_GeneA,OG0001044,TRUE,TRUE,TRUE
2643,DAKCFMEO_02680,BJEIHDPM_03752,WP_046464039.1,DAKCFMEO_02680,WP_046464039.1,TRUE,p25_in_GeneB__dc_in_GeneA,OG0004056,TRUE,TRUE,TRUE
2644,DAKCFMEO_02681,BJEIHDPM_03753,WP_005617102.1,DAKCFMEO_02681,WP_005617102.1,TRUE,p25_in_GeneB__dc_in_GeneA,OG0001175,TRUE,TRUE,TRUE
2645,DAKCFMEO_02682,BJEIHDPM_03754,WP_011103863.1,DAKCFMEO_02682,WP_011103863.1,TRUE,p25_in_GeneB__dc_in_GeneA,OG0003142,TRUE,TRUE,TRUE
2646,DAKCFMEO_02683,BJEIHDPM_03755,WP_005617103.1,DAKCFMEO_02683,WP_005617103.1,TRUE,p25_in_GeneB__dc_in_GeneA,OG0001176,TRUE,TRUE,TRUE
2647,DAKCFMEO_02684,BJEIHDPM_03756,WP_007246342.1,DAKCFMEO_02684,WP_007246342.1,FALSE,,,TRUE,FALSE,FALSE
2648,DAKCFMEO_02685,BJEIHDPM_03757,WP_044390135.1,DAKCFMEO_02685,WP_044390135.1,FALSE,,,TRUE,FALSE,FALSE
2649,DAKCFMEO_02686,BJEIHDPM_03758,WP_162839071.1,DAKCFMEO_02686,WP_162839071.1,FALSE,,,TRUE,FALSE,FALSE
2650,DAKCFMEO_02687,BJEIHDPM_03759,WP_005770701.1,DAKCFMEO_02687,WP_005770701.1,FALSE,,,TRUE,FALSE,FALSE
2651,DAKCFMEO_02688,BJEIHDPM_03760,WP_005770699.1,DAKCFMEO_02688,WP_005770699.1,FALSE,,,TRUE,FALSE,FALSE
2652,DAKCFMEO_02689,BJEIHDPM_03761,WP_005770697.1,DAKCFMEO_02689,WP_005770697.1,TRUE,p25_in_GeneB__dc_in_GeneA,OG0002362,TRUE,TRUE,TRUE
2653,DAKCFMEO_02690,BJEIHDPM_03762,WP_011103866.1,DAKCFMEO_02690,WP_011103866.1,TRUE,p25_in_GeneB__dc_in_GeneA,OG0003143,TRUE,TRUE,TRUE
2654,DAKCFMEO_02691,BJEIHDPM_03763,WP_005770693.1,DAKCFMEO_02691,WP_005770693.1,TRUE,p25_in_GeneB__dc_in_GeneA,OG0002361,TRUE,TRUE,TRUE
2655,DAKCFMEO_02692,BJEIHDPM_03764,WP_010204647.1,DAKCFMEO_02692,WP_010204647.1,TRUE,p25_in_GeneB__dc_in_GeneA,OG0002735,TRUE,TRUE,TRUE
2656,DAKCFMEO_02693,BJEIHDPM_03765,WP_005770688.1,DAKCFMEO_02693,WP_005770688.1,TRUE,p25_in_GeneB__dc_in_GeneA,OG0002360,TRUE,TRUE,TRUE
2657,DAKCFMEO_02694,BJEIHDPM_03766,WP_005770686.1,DAKCFMEO_02694,WP_005770686.1,TRUE,p25_in_GeneB__dc_in_GeneA,OG0002359,TRUE,TRUE,TRUE
2658,DAKCFMEO_02695,BJEIHDPM_03767,WP_005770684.1,DAKCFMEO_02695,WP_005770684.1,TRUE,p25_in_GeneB__dc_in_GeneA,OG0002358,TRUE,TRUE,TRUE
2659,DAKCFMEO_02696,BJEIHDPM_03768,WP_044390137.1,DAKCFMEO_02696,WP_044390137.1,TRUE,p25_in_GeneB__dc_in_GeneA,OG0003903,TRUE,TRUE,TRUE
2660,DAKCFMEO_02697,BJEIHDPM_03769,WP_011103869.1,DAKCFMEO_02697,WP_011103869.1,TRUE,p25_in_GeneB__dc_in_GeneA,OG0003144,TRUE,TRUE,TRUE
2661,DAKCFMEO_02698,BJEIHDPM_03770,WP_046464036.1,DAKCFMEO_02698,WP_046464036.1,FALSE,,,TRUE,FALSE,FALSE
2662,DAKCFMEO_02699,BJEIHDPM_03771,WP_011103871.1,DAKCFMEO_02699,WP_011103871.1,FALSE,,,TRUE,FALSE,FALSE
2663,DAKCFMEO_02700,BJEIHDPM_03772,WP_011103872.1,DAKCFMEO_02700,WP_011103872.1,FALSE,,,TRUE,FALSE,FALSE
2664,DAKCFMEO_02701,BJEIHDPM_03773,WP_011103873.1,DAKCFMEO_02701,WP_011103873.1,FALSE,,,TRUE,FALSE,FALSE
2665,DAKCFMEO_02702,BJEIHDPM_03774,WP_046463309.1,DAKCFMEO_02702,WP_046463309.1,FALSE,,,TRUE,FALSE,FALSE
2666,DAKCFMEO_02703,BJEIHDPM_03775,WP_005769699.1,DAKCFMEO_02703,WP_005769699.1,FALSE,,,TRUE,FALSE,FALSE
2667,DAKCFMEO_02704,BJEIHDPM_03776,WP_011103875.1,DAKCFMEO_02704,WP_011103875.1,TRUE,p25_in_GeneB__dc_in_GeneA,OG0003145,TRUE,TRUE,TRUE
2668,DAKCFMEO_02705,BJEIHDPM_03777,WP_044390144.1,DAKCFMEO_02705,WP_044390144.1,TRUE,p25_in_GeneB__dc_in_GeneA,OG0003904,TRUE,TRUE,TRUE
2669,DAKCFMEO_02706,BJEIHDPM_03778,WP_011103877.1,DAKCFMEO_02706,WP_011103877.1,TRUE,p25_in_GeneB__dc_in_GeneA,OG0003146,TRUE,TRUE,TRUE
2670,DAKCFMEO_02707,BJEIHDPM_03779,WP_007246323.1,DAKCFMEO_02707,WP_007246323.1,FALSE,,,TRUE,FALSE,FALSE
2671,DAKCFMEO_02708,BJEIHDPM_03780,WP_011103878.1,DAKCFMEO_02708,WP_011103878.1,TRUE,p25_in_GeneB__dc_in_GeneA,OG0003147,TRUE,TRUE,TRUE
2672,DAKCFMEO_02709,BJEIHDPM_03781,WP_046463311.1,DAKCFMEO_02709,WP_046463311.1,TRUE,p25_in_GeneB__dc_in_GeneA,OG0003936,TRUE,TRUE,TRUE
2673,DAKCFMEO_02710,BJEIHDPM_03782,WP_005769685.1,DAKCFMEO_02710,WP_005769685.1,FALSE,,,TRUE,FALSE,FALSE
2674,DAKCFMEO_02711,BJEIHDPM_03783,WP_005769683.1,DAKCFMEO_02711,WP_005769683.1,TRUE,p25_in_GeneB__dc_in_GeneA,OG0002254,TRUE,TRUE,TRUE
2675,DAKCFMEO_02712,BJEIHDPM_03784,WP_011103880.1,DAKCFMEO_02712,WP_011103880.1,TRUE,p25_in_GeneB__dc_in_GeneA,OG0003148,TRUE,TRUE,TRUE
2676,DAKCFMEO_02713,BJEIHDPM_03785,,DAKCFMEO_02713,NA,FALSE,,,FALSE,FALSE,FALSE
2677,DAKCFMEO_02714,BJEIHDPM_03786,WP_011103882.1,DAKCFMEO_02714,WP_011103882.1,FALSE,,,TRUE,FALSE,FALSE
2678,DAKCFMEO_02715,BJEIHDPM_03787,WP_005769676.1,DAKCFMEO_02715,WP_005769676.1,TRUE,p25_in_GeneB__dc_in_GeneA,OG0002252,TRUE,TRUE,TRUE
2679,DAKCFMEO_02716,BJEIHDPM_00765,WP_005764106.1,DAKCFMEO_02716,WP_005764106.1,TRUE,p25_in_GeneB__dc_in_GeneA,OG0001531,TRUE,TRUE,TRUE
2680,DAKCFMEO_02717,BJEIHDPM_00766,WP_005764108.1,DAKCFMEO_02717,WP_005764108.1,TRUE,p25_in_GeneB__dc_in_GeneA,OG0001532,TRUE,TRUE,TRUE
2681,DAKCFMEO_02718,BJEIHDPM_00767,WP_005764110.1,DAKCFMEO_02718,WP_005764110.1,TRUE,p25_in_GeneB__dc_in_GeneA,OG0001533,TRUE,TRUE,TRUE
2682,DAKCFMEO_02719,BJEIHDPM_00768,WP_005764112.1,DAKCFMEO_02719,WP_005764112.1,FALSE,,,TRUE,FALSE,FALSE
2683,DAKCFMEO_02720,BJEIHDPM_00769,WP_011103489.1,DAKCFMEO_02720,WP_011103489.1,FALSE,,,TRUE,FALSE,FALSE
2684,DAKCFMEO_02721,BJEIHDPM_00770,WP_005764114.1,DAKCFMEO_02721,WP_005764114.1,TRUE,p25_in_GeneB__dc_in_GeneA,OG0001534,TRUE,TRUE,TRUE
2685,DAKCFMEO_02722,BJEIHDPM_00771,WP_011103488.1,DAKCFMEO_02722,WP_011103488.1,TRUE,p25_in_GeneB__dc_in_GeneA,OG0002984,TRUE,TRUE,TRUE
2686,DAKCFMEO_02723,BJEIHDPM_00772,WP_005764116.1,DAKCFMEO_02723,WP_005764116.1,TRUE,p25_in_GeneB__dc_in_GeneA,OG0001535,TRUE,TRUE,TRUE
2687,DAKCFMEO_02724,BJEIHDPM_00773,WP_007244032.1,DAKCFMEO_02724,WP_007244032.1,TRUE,p25_in_GeneB__dc_in_GeneA,OG0002484,TRUE,TRUE,TRUE
2688,DAKCFMEO_02725,BJEIHDPM_00774,WP_046463295.1,DAKCFMEO_02725,WP_046463295.1,TRUE,p25_in_GeneB__dc_in_GeneA,OG0003931,TRUE,TRUE,TRUE
2689,DAKCFMEO_02726,BJEIHDPM_00775,WP_005736458.1,DAKCFMEO_02726,WP_005736458.1,TRUE,p25_in_GeneB__dc_in_GeneA,OG0001239,TRUE,TRUE,TRUE
2690,DAKCFMEO_02727,BJEIHDPM_00776,WP_005764130.1,DAKCFMEO_02727,WP_005764130.1,TRUE,p25_in_GeneB__dc_in_GeneA,OG0001536,TRUE,TRUE,TRUE
2691,DAKCFMEO_02728,BJEIHDPM_00777,WP_005764132.1,DAKCFMEO_02728,WP_005764132.1,TRUE,p25_in_GeneB__dc_in_GeneA,OG0001537,TRUE,TRUE,TRUE
2692,DAKCFMEO_02729,BJEIHDPM_00778,WP_003376021.1,DAKCFMEO_02729,WP_003376021.1,TRUE,p25_in_GeneB__dc_in_GeneA,OG0000774,TRUE,TRUE,TRUE
2693,DAKCFMEO_02730,BJEIHDPM_00779,WP_046463297.1,DAKCFMEO_02730,WP_046463297.1,TRUE,p25_in_GeneB__dc_in_GeneA,OG0003933,TRUE,TRUE,TRUE
2694,DAKCFMEO_02731,BJEIHDPM_00780,WP_005764136.1,DAKCFMEO_02731,WP_005764136.1,TRUE,p25_in_GeneB__dc_in_GeneA,OG0001538,TRUE,TRUE,TRUE
2695,DAKCFMEO_02732,BJEIHDPM_00781,WP_005764140.1,DAKCFMEO_02732,WP_005764140.1,TRUE,p25_in_GeneB__dc_in_GeneA,OG0001539,TRUE,TRUE,TRUE
2696,DAKCFMEO_02733,BJEIHDPM_00782,WP_005764142.1,DAKCFMEO_02733,WP_005764142.1,TRUE,p25_in_GeneB__dc_in_GeneA,OG0001540,TRUE,TRUE,TRUE
2697,DAKCFMEO_02734,BJEIHDPM_00783,WP_005764144.1,DAKCFMEO_02734,WP_005764144.1,TRUE,p25_in_GeneB__dc_in_GeneA,OG0001541,TRUE,TRUE,TRUE
2698,DAKCFMEO_02735,BJEIHDPM_00784,WP_003376036.1,DAKCFMEO_02735,WP_003376036.1,TRUE,p25_in_GeneB__dc_in_GeneA,OG0000775,TRUE,TRUE,TRUE
2699,DAKCFMEO_02736,BJEIHDPM_00785,WP_005615404.1,DAKCFMEO_02736,WP_005615404.1,TRUE,p25_in_GeneB__dc_in_GeneA,OG0001145,TRUE,TRUE,TRUE
2700,DAKCFMEO_02737,BJEIHDPM_00786,WP_011103483.1,DAKCFMEO_02737,WP_011103483.1,TRUE,p25_in_GeneB__dc_in_GeneA,OG0002983,TRUE,TRUE,TRUE
2701,DAKCFMEO_02738,BJEIHDPM_00787,WP_011103482.1,DAKCFMEO_02738,WP_011103482.1,TRUE,p25_in_GeneB__dc_in_GeneA,OG0002982,TRUE,TRUE,TRUE
2702,DAKCFMEO_02739,BJEIHDPM_00788,WP_011103481.1,DAKCFMEO_02739,WP_011103481.1,TRUE,p25_in_GeneB__dc_in_GeneA,OG0002981,TRUE,TRUE,TRUE
2703,DAKCFMEO_02740,BJEIHDPM_00789,WP_005764153.1,DAKCFMEO_02740,WP_005764153.1,FALSE,,,TRUE,FALSE,FALSE
2704,DAKCFMEO_02741,BJEIHDPM_00790,WP_011103480.1,DAKCFMEO_02741,WP_011103480.1,FALSE,,,TRUE,FALSE,FALSE
2705,DAKCFMEO_02742,BJEIHDPM_00791,WP_003376052.1,DAKCFMEO_02742,WP_003376052.1,TRUE,p25_in_GeneB__dc_in_GeneA,OG0000776,TRUE,TRUE,TRUE
2706,DAKCFMEO_02743,BJEIHDPM_00792,WP_007244046.1,DAKCFMEO_02743,WP_007244046.1,FALSE,,,TRUE,FALSE,FALSE
2707,DAKCFMEO_02744,BJEIHDPM_00793,WP_011103479.1,DAKCFMEO_02744,WP_011103479.1,FALSE,,,TRUE,FALSE,FALSE
2708,DAKCFMEO_02745,BJEIHDPM_00794,,DAKCFMEO_02745,NA,FALSE,,,FALSE,FALSE,FALSE
2709,DAKCFMEO_02746,BJEIHDPM_00795,WP_005764169.1,DAKCFMEO_02746,WP_005764169.1,TRUE,p25_in_GeneB__dc_in_GeneA,OG0001542,TRUE,TRUE,TRUE
2710,DAKCFMEO_02747,BJEIHDPM_00796,WP_011103477.1,DAKCFMEO_02747,WP_011103477.1,TRUE,p25_in_GeneB__dc_in_GeneA,OG0002980,TRUE,TRUE,TRUE
2711,DAKCFMEO_02748,BJEIHDPM_00797,WP_011103474.1,DAKCFMEO_02748,WP_011103474.1,FALSE,,,TRUE,FALSE,FALSE
2712,DAKCFMEO_02749,BJEIHDPM_00798,WP_003365425.1,DAKCFMEO_02749,WP_003365425.1,TRUE,p25_in_GeneB__dc_in_GeneA,OG0000755,TRUE,TRUE,TRUE
2713,DAKCFMEO_02750,BJEIHDPM_00799,,DAKCFMEO_02750,NA,FALSE,,,FALSE,FALSE,FALSE
2714,DAKCFMEO_02751,BJEIHDPM_00800,WP_005764177.1,DAKCFMEO_02751,WP_005764177.1,TRUE,p25_in_GeneB__dc_in_GeneA,OG0001543,TRUE,TRUE,TRUE
2715,DAKCFMEO_02752,BJEIHDPM_00801,WP_005615366.1,DAKCFMEO_02752,WP_005615366.1,TRUE,p25_in_GeneB__dc_in_GeneA,OG0001144,TRUE,TRUE,TRUE
2716,DAKCFMEO_02753,BJEIHDPM_00802,WP_011103472.1,DAKCFMEO_02753,WP_011103472.1,FALSE,,,TRUE,FALSE,FALSE
2717,DAKCFMEO_02754,BJEIHDPM_00803,WP_007244060.1,DAKCFMEO_02754,WP_007244060.1,FALSE,,,TRUE,FALSE,FALSE
2718,DAKCFMEO_02755,BJEIHDPM_00804,WP_005764184.1,DAKCFMEO_02755,WP_005764184.1,FALSE,,,TRUE,FALSE,FALSE
2719,DAKCFMEO_02756,BJEIHDPM_00805,WP_011103471.1,DAKCFMEO_02756,WP_011103471.1,TRUE,p25_in_GeneB__dc_in_GeneA,OG0002978,TRUE,TRUE,TRUE
2720,DAKCFMEO_02757,BJEIHDPM_00806,WP_046463402.1,DAKCFMEO_02757,WP_046463402.1,TRUE,p25_in_GeneB__dc_in_GeneA,OG0003961,TRUE,TRUE,TRUE
2721,DAKCFMEO_02758,BJEIHDPM_00807,WP_007244063.1,DAKCFMEO_02758,WP_007244063.1,TRUE,p25_in_GeneB__dc_in_GeneA,OG0002485,TRUE,TRUE,TRUE
2722,DAKCFMEO_02759,BJEIHDPM_00808,WP_010205787.1,DAKCFMEO_02759,WP_010205787.1,FALSE,,,TRUE,FALSE,FALSE
2723,DAKCFMEO_02760,BJEIHDPM_00809,WP_005764194.1,DAKCFMEO_02760,WP_005764194.1,FALSE,,,TRUE,FALSE,FALSE
2724,DAKCFMEO_02761,BJEIHDPM_00810,WP_011103468.1,DAKCFMEO_02761,WP_011103468.1,TRUE,p25_in_GeneB__dc_in_GeneA,OG0002977,TRUE,TRUE,TRUE
2725,DAKCFMEO_02762,BJEIHDPM_00811,WP_005764200.1,DAKCFMEO_02762,WP_005764200.1,FALSE,,,TRUE,FALSE,FALSE
2726,DAKCFMEO_02763,BJEIHDPM_00812,WP_005764206.1,DAKCFMEO_02763,WP_005764206.1,TRUE,p25_in_GeneB__dc_in_GeneA,OG0001544,TRUE,TRUE,TRUE
2727,DAKCFMEO_02764,BJEIHDPM_00813,,DAKCFMEO_02764,NA,FALSE,,,FALSE,FALSE,FALSE
2728,DAKCFMEO_02765,BJEIHDPM_00815,,DAKCFMEO_02765,NA,FALSE,,,FALSE,FALSE,FALSE
2729,DAKCFMEO_02766,BJEIHDPM_00816,,DAKCFMEO_02766,NA,FALSE,,,FALSE,FALSE,FALSE
2730,DAKCFMEO_02767,BJEIHDPM_00817,,DAKCFMEO_02767,NA,FALSE,,,FALSE,FALSE,FALSE
2731,DAKCFMEO_02768,BJEIHDPM_00818,WP_007244070.1,DAKCFMEO_02768,WP_007244070.1,TRUE,p25_in_GeneB__dc_in_GeneA,OG0002486,TRUE,TRUE,TRUE
2732,DAKCFMEO_02769,BJEIHDPM_00819,WP_011103464.1,DAKCFMEO_02769,WP_011103464.1,TRUE,p25_in_GeneB__dc_in_GeneA,OG0002976,TRUE,TRUE,TRUE
2733,DAKCFMEO_02770,BJEIHDPM_00820,WP_005764221.1,DAKCFMEO_02770,WP_005764221.1,TRUE,p25_in_GeneB__dc_in_GeneA,OG0001545,TRUE,TRUE,TRUE
2734,DAKCFMEO_02771,BJEIHDPM_00821,WP_007244073.1,DAKCFMEO_02771,WP_007244073.1,TRUE,p25_in_GeneB__dc_in_GeneA,OG0002487,TRUE,TRUE,TRUE
2735,DAKCFMEO_02772,BJEIHDPM_00822,WP_046463403.1,DAKCFMEO_02772,WP_046463403.1,TRUE,p25_in_GeneB__dc_in_GeneA,OG0003962,TRUE,TRUE,TRUE
2736,DAKCFMEO_02773,BJEIHDPM_00823,WP_005764227.1,DAKCFMEO_02773,WP_005764227.1,TRUE,p25_in_GeneB__dc_in_GeneA,OG0001546,TRUE,TRUE,TRUE
2737,DAKCFMEO_02774,BJEIHDPM_00824,WP_005764229.1,DAKCFMEO_02774,WP_005764229.1,TRUE,p25_in_GeneB__dc_in_GeneA,OG0001547,TRUE,TRUE,TRUE
2738,DAKCFMEO_02775,BJEIHDPM_00825,WP_005764231.1,DAKCFMEO_02775,WP_005764231.1,TRUE,p25_in_GeneB__dc_in_GeneA,OG0001548,TRUE,TRUE,TRUE
2739,DAKCFMEO_02776,BJEIHDPM_00826,,DAKCFMEO_02776,NA,FALSE,,,FALSE,FALSE,FALSE
2740,DAKCFMEO_02777,BJEIHDPM_00827,WP_005768735.1,DAKCFMEO_02777,WP_005768735.1,TRUE,p25_in_GeneB__dc_in_GeneA,OG0002113,TRUE,TRUE,TRUE
2741,DAKCFMEO_02778,BJEIHDPM_00828,,DAKCFMEO_02778,NA,FALSE,,,FALSE,FALSE,FALSE
2742,DAKCFMEO_02779,BJEIHDPM_00829,WP_011103459.1,DAKCFMEO_02779,WP_011103459.1,TRUE,p25_in_GeneB__dc_in_GeneA,OG0002975,TRUE,TRUE,TRUE
2743,DAKCFMEO_02780,BJEIHDPM_00830,WP_005768738.1,DAKCFMEO_02780,WP_005768738.1,TRUE,p25_in_GeneB__dc_in_GeneA,OG0002114,TRUE,TRUE,TRUE
2744,DAKCFMEO_02781,BJEIHDPM_00831,,DAKCFMEO_02781,NA,FALSE,,,FALSE,FALSE,FALSE
2745,DAKCFMEO_02782,BJEIHDPM_00832,WP_011103458.1,DAKCFMEO_02782,WP_011103458.1,TRUE,p25_in_GeneB__dc_in_GeneA,OG0002974,TRUE,TRUE,TRUE
2746,DAKCFMEO_02783,BJEIHDPM_00833,,DAKCFMEO_02783,NA,FALSE,,,FALSE,FALSE,FALSE
2747,DAKCFMEO_02784,BJEIHDPM_00834,WP_005768741.1,DAKCFMEO_02784,WP_005768741.1,FALSE,,,TRUE,FALSE,FALSE
2748,DAKCFMEO_02785,BJEIHDPM_00835,WP_005768743.1,DAKCFMEO_02785,WP_005768743.1,TRUE,p25_in_GeneB__dc_in_GeneA,OG0002115,TRUE,TRUE,TRUE
2749,DAKCFMEO_02786,BJEIHDPM_00836,WP_005768747.1,DAKCFMEO_02786,WP_005768747.1,FALSE,,,TRUE,FALSE,FALSE
2750,DAKCFMEO_02787,BJEIHDPM_00837,WP_003379302.1,DAKCFMEO_02787,WP_003379302.1,TRUE,p25_in_GeneB__dc_in_GeneA,OG0000909,TRUE,TRUE,TRUE
2751,DAKCFMEO_02788,BJEIHDPM_00838,WP_005768750.1,DAKCFMEO_02788,WP_005768750.1,TRUE,p25_in_GeneB__dc_in_GeneA,OG0002116,TRUE,TRUE,TRUE
2752,DAKCFMEO_02789,BJEIHDPM_00839,WP_005768752.1,DAKCFMEO_02789,WP_005768752.1,TRUE,p25_in_GeneB__dc_in_GeneA,OG0002117,TRUE,TRUE,TRUE
2753,DAKCFMEO_02790,BJEIHDPM_00840,WP_005736511.1,DAKCFMEO_02790,WP_005736511.1,TRUE,p25_in_GeneB__dc_in_GeneA,OG0001240,TRUE,TRUE,TRUE
2754,DAKCFMEO_02791,BJEIHDPM_00841,,DAKCFMEO_02791,NA,FALSE,,,FALSE,FALSE,FALSE
2755,DAKCFMEO_02792,BJEIHDPM_00842,WP_007244082.1,DAKCFMEO_02792,WP_007244082.1,TRUE,p25_in_GeneB__dc_in_GeneA,OG0002488,TRUE,TRUE,TRUE
2756,DAKCFMEO_02793,BJEIHDPM_00843,,DAKCFMEO_02793,NA,FALSE,,,FALSE,FALSE,FALSE
2757,DAKCFMEO_02794,BJEIHDPM_00844,,DAKCFMEO_02794,NA,FALSE,,,FALSE,FALSE,FALSE
2758,DAKCFMEO_02795,BJEIHDPM_00845,WP_011104442.1,DAKCFMEO_02795,WP_011104442.1,FALSE,,,TRUE,FALSE,FALSE
2759,DAKCFMEO_02796,BJEIHDPM_01130,,DAKCFMEO_02796,NA,FALSE,,,FALSE,FALSE,FALSE
2760,DAKCFMEO_02797,BJEIHDPM_02469,WP_010201143.1,DAKCFMEO_02797,WP_010201143.1,TRUE,p25_in_GeneB__dc_in_GeneA,OG0002719,TRUE,TRUE,TRUE
2761,DAKCFMEO_02798,BJEIHDPM_02468,WP_005767873.1,DAKCFMEO_02798,WP_005767873.1,TRUE,p25_in_GeneB__dc_in_GeneA,OG0002025,TRUE,TRUE,TRUE
2762,DAKCFMEO_02799,BJEIHDPM_02467,WP_005614195.1,DAKCFMEO_02799,WP_005614195.1,TRUE,p25_in_GeneB__dc_in_GeneA,OG0001131,TRUE,TRUE,TRUE
2763,DAKCFMEO_02800,BJEIHDPM_02466,WP_002551953.1,DAKCFMEO_02800,WP_002551953.1,TRUE,p25_in_GeneB__dc_in_GeneA,OG0000640,TRUE,TRUE,TRUE
2764,DAKCFMEO_02801,BJEIHDPM_02465,WP_005767875.1,DAKCFMEO_02801,WP_005767875.1,TRUE,p25_in_GeneB__dc_in_GeneA,OG0002026,TRUE,TRUE,TRUE
2765,DAKCFMEO_02802,BJEIHDPM_02464,WP_003377457.1,DAKCFMEO_02802,WP_003377457.1,TRUE,p25_in_GeneB__dc_in_GeneA,OG0000813,TRUE,TRUE,TRUE
2766,DAKCFMEO_02803,BJEIHDPM_02463,WP_011103217.1,DAKCFMEO_02803,WP_011103217.1,TRUE,p25_in_GeneB__dc_in_GeneA,OG0002871,TRUE,TRUE,TRUE
2767,DAKCFMEO_02804,BJEIHDPM_02462,WP_005614190.1,DAKCFMEO_02804,WP_005614190.1,FALSE,,,TRUE,FALSE,FALSE
2768,DAKCFMEO_02805,BJEIHDPM_02461,WP_005767882.1,DAKCFMEO_02805,WP_005767882.1,TRUE,p25_in_GeneB__dc_in_GeneA,OG0002027,TRUE,TRUE,TRUE
2769,DAKCFMEO_02806,BJEIHDPM_02460,WP_005767884.1,DAKCFMEO_02806,WP_005767884.1,TRUE,p25_in_GeneB__dc_in_GeneA,OG0002028,TRUE,TRUE,TRUE
2770,DAKCFMEO_02807,BJEIHDPM_02459,WP_002551946.1,DAKCFMEO_02807,WP_002551946.1,TRUE,p25_in_GeneB__dc_in_GeneA,OG0000639,TRUE,TRUE,TRUE
2771,DAKCFMEO_02808,BJEIHDPM_02458,WP_005767887.1,DAKCFMEO_02808,WP_005767887.1,TRUE,p25_in_GeneB__dc_in_GeneA,OG0002029,TRUE,TRUE,TRUE
2772,DAKCFMEO_02809,BJEIHDPM_02457,WP_005614181.1,DAKCFMEO_02809,WP_005614181.1,TRUE,p25_in_GeneB__dc_in_GeneA,OG0001130,TRUE,TRUE,TRUE
2773,DAKCFMEO_02810,BJEIHDPM_02456,WP_011103216.1,DAKCFMEO_02810,WP_011103216.1,TRUE,p25_in_GeneB__dc_in_GeneA,OG0002870,TRUE,TRUE,TRUE
2774,DAKCFMEO_02811,BJEIHDPM_02455,WP_005767891.1,DAKCFMEO_02811,WP_005767891.1,TRUE,p25_in_GeneB__dc_in_GeneA,OG0002030,TRUE,TRUE,TRUE
2775,DAKCFMEO_02812,BJEIHDPM_02454,WP_011103215.1,DAKCFMEO_02812,WP_011103215.1,TRUE,p25_in_GeneB__dc_in_GeneA,OG0002869,TRUE,TRUE,TRUE
2776,DAKCFMEO_02813,BJEIHDPM_02453,WP_005767895.1,DAKCFMEO_02813,WP_005767895.1,TRUE,p25_in_GeneB__dc_in_GeneA,OG0002031,TRUE,TRUE,TRUE
2777,DAKCFMEO_02814,BJEIHDPM_02452,,DAKCFMEO_02814,NA,FALSE,,,FALSE,FALSE,FALSE
2778,DAKCFMEO_02815,BJEIHDPM_02451,WP_011104522.1,DAKCFMEO_02815,WP_011104522.1,FALSE,,,TRUE,FALSE,FALSE
2779,DAKCFMEO_02816,BJEIHDPM_02450,,DAKCFMEO_02816,NA,FALSE,,,FALSE,FALSE,FALSE
2780,DAKCFMEO_02817,BJEIHDPM_02449,,DAKCFMEO_02817,NA,FALSE,,,FALSE,FALSE,FALSE
2781,DAKCFMEO_02818,BJEIHDPM_02448,,DAKCFMEO_02818,NA,FALSE,,,FALSE,FALSE,FALSE
2782,DAKCFMEO_02819,BJEIHDPM_02447,,DAKCFMEO_02819,NA,FALSE,,,FALSE,FALSE,FALSE
2783,DAKCFMEO_02820,BJEIHDPM_02446,,DAKCFMEO_02820,NA,FALSE,,,FALSE,FALSE,FALSE
2784,DAKCFMEO_02821,BJEIHDPM_02445,,DAKCFMEO_02821,NA,FALSE,,,FALSE,FALSE,FALSE
2785,DAKCFMEO_02822,BJEIHDPM_02444,,DAKCFMEO_02822,NA,FALSE,,,FALSE,FALSE,FALSE
2786,DAKCFMEO_02823,BJEIHDPM_02443,,DAKCFMEO_02823,NA,FALSE,,,FALSE,FALSE,FALSE
2787,DAKCFMEO_02824,BJEIHDPM_02442,,DAKCFMEO_02824,NA,FALSE,,,FALSE,FALSE,FALSE
2788,DAKCFMEO_02825,BJEIHDPM_02441,,DAKCFMEO_02825,NA,FALSE,,,FALSE,FALSE,FALSE
2789,DAKCFMEO_02826,BJEIHDPM_02440,WP_005614160.1,DAKCFMEO_02826,WP_005614160.1,TRUE,p25_in_GeneB__dc_in_GeneA,OG0001129,TRUE,TRUE,TRUE
2790,DAKCFMEO_02827,BJEIHDPM_02439,WP_005768018.1,DAKCFMEO_02827,WP_005768018.1,TRUE,p25_in_GeneB__dc_in_GeneA,OG0002032,TRUE,TRUE,TRUE
2791,DAKCFMEO_02828,BJEIHDPM_02438,WP_011103203.1,DAKCFMEO_02828,WP_011103203.1,TRUE,p25_in_GeneB__dc_in_GeneA,OG0002866,TRUE,TRUE,TRUE
2792,DAKCFMEO_02829,BJEIHDPM_02437,WP_005768022.1,DAKCFMEO_02829,WP_005768022.1,TRUE,p25_in_GeneB__dc_in_GeneA,OG0002033,TRUE,TRUE,TRUE
2793,DAKCFMEO_02830,BJEIHDPM_02436,WP_005768024.1,DAKCFMEO_02830,WP_005768024.1,TRUE,p25_in_GeneB__dc_in_GeneA,OG0002034,TRUE,TRUE,TRUE
2794,DAKCFMEO_02831,BJEIHDPM_02435,WP_005768026.1,DAKCFMEO_02831,WP_005768026.1,TRUE,p25_in_GeneB__dc_in_GeneA,OG0002035,TRUE,TRUE,TRUE
2795,DAKCFMEO_02832,BJEIHDPM_02434,WP_005739807.1,DAKCFMEO_02832,WP_005739807.1,TRUE,p25_in_GeneB__dc_in_GeneA,OG0001295,TRUE,TRUE,TRUE
2796,DAKCFMEO_02833,BJEIHDPM_02433,WP_046463952.1,DAKCFMEO_02833,WP_046463952.1,TRUE,p25_in_GeneB__dc_in_GeneA,OG0004044,TRUE,TRUE,TRUE
2797,DAKCFMEO_02834,BJEIHDPM_02432,WP_005768035.1,DAKCFMEO_02834,WP_005768035.1,FALSE,,,TRUE,FALSE,FALSE
2798,DAKCFMEO_02835,BJEIHDPM_02431,WP_005768037.1,DAKCFMEO_02835,WP_005768037.1,TRUE,p25_in_GeneB__dc_in_GeneA,OG0002036,TRUE,TRUE,TRUE
2799,DAKCFMEO_02836,BJEIHDPM_02430,,DAKCFMEO_02836,NA,FALSE,,,FALSE,FALSE,FALSE
2800,DAKCFMEO_02837,BJEIHDPM_02429,WP_046463953.1,DAKCFMEO_02837,WP_046463953.1,TRUE,p25_in_GeneB__dc_in_GeneA,OG0004045,TRUE,TRUE,TRUE
2801,DAKCFMEO_02838,BJEIHDPM_02428,WP_011103197.1,DAKCFMEO_02838,WP_011103197.1,TRUE,p25_in_GeneB__dc_in_GeneA,OG0002865,TRUE,TRUE,TRUE
2802,DAKCFMEO_02839,BJEIHDPM_02427,,DAKCFMEO_02839,NA,FALSE,,,FALSE,FALSE,FALSE
2803,DAKCFMEO_02840,BJEIHDPM_02426,WP_007244435.1,DAKCFMEO_02840,WP_007244435.1,TRUE,p25_in_GeneB__dc_in_GeneA,OG0002512,TRUE,TRUE,TRUE
2804,DAKCFMEO_02841,BJEIHDPM_02425,WP_046463955.1,DAKCFMEO_02841,WP_046463955.1,TRUE,p25_in_GeneB__dc_in_GeneA,OG0004046,TRUE,TRUE,TRUE
2805,DAKCFMEO_02842,BJEIHDPM_02424,WP_005739815.1,DAKCFMEO_02842,WP_005739815.1,TRUE,p25_in_GeneB__dc_in_GeneA,OG0001296,TRUE,TRUE,TRUE
2806,DAKCFMEO_02843,BJEIHDPM_02423,WP_005768044.1,DAKCFMEO_02843,WP_005768044.1,TRUE,p25_in_GeneB__dc_in_GeneA,OG0002037,TRUE,TRUE,TRUE
2807,DAKCFMEO_02844,BJEIHDPM_02422,WP_011103195.1,DAKCFMEO_02844,WP_011103195.1,TRUE,p25_in_GeneB__dc_in_GeneA,OG0002864,TRUE,TRUE,TRUE
2808,DAKCFMEO_02845,BJEIHDPM_02421,WP_003377314.1,DAKCFMEO_02845,WP_003377314.1,TRUE,p25_in_GeneB__dc_in_GeneA,OG0000812,TRUE,TRUE,TRUE
2809,DAKCFMEO_02846,BJEIHDPM_02420,WP_005768050.1,DAKCFMEO_02846,WP_005768050.1,TRUE,p25_in_GeneB__dc_in_GeneA,OG0002038,TRUE,TRUE,TRUE
2810,DAKCFMEO_02847,BJEIHDPM_02419,WP_005768051.1,DAKCFMEO_02847,WP_005768051.1,TRUE,p25_in_GeneB__dc_in_GeneA,OG0002039,TRUE,TRUE,TRUE
2811,DAKCFMEO_02848,BJEIHDPM_02418,WP_046463956.1,DAKCFMEO_02848,WP_046463956.1,FALSE,,,TRUE,FALSE,FALSE
2812,DAKCFMEO_02849,BJEIHDPM_02417,WP_024667176.1,DAKCFMEO_02849,WP_024667176.1,TRUE,p25_in_GeneB__dc_in_GeneA,OG0003868,TRUE,TRUE,TRUE
2813,DAKCFMEO_02850,BJEIHDPM_02416,WP_011103191.1,DAKCFMEO_02850,WP_011103191.1,TRUE,p25_in_GeneB__dc_in_GeneA,OG0002863,TRUE,TRUE,TRUE
2814,DAKCFMEO_02851,BJEIHDPM_02415,WP_046463963.1,DAKCFMEO_02851,WP_046463963.1,TRUE,p25_in_GeneB__dc_in_GeneA,OG0004048,TRUE,TRUE,TRUE
2815,DAKCFMEO_02852,BJEIHDPM_02414,WP_007244442.1,DAKCFMEO_02852,WP_007244442.1,TRUE,p25_in_GeneB__dc_in_GeneA,OG0002513,TRUE,TRUE,TRUE
2816,DAKCFMEO_02853,BJEIHDPM_02413,WP_046463957.1,DAKCFMEO_02853,WP_046463957.1,TRUE,p25_in_GeneB__dc_in_GeneA,OG0004047,TRUE,TRUE,TRUE
2817,DAKCFMEO_02854,BJEIHDPM_02412,WP_010217367.1,DAKCFMEO_02854,WP_010217367.1,TRUE,p25_in_GeneB__dc_in_GeneA,OG0002759,TRUE,TRUE,TRUE
2818,DAKCFMEO_02855,BJEIHDPM_02411,WP_011103187.1,DAKCFMEO_02855,WP_011103187.1,TRUE,p25_in_GeneB__dc_in_GeneA,OG0002862,TRUE,TRUE,TRUE
2819,DAKCFMEO_02856,BJEIHDPM_02410,WP_005768067.1,DAKCFMEO_02856,WP_005768067.1,TRUE,p25_in_GeneB__dc_in_GeneA,OG0002040,TRUE,TRUE,TRUE
2820,DAKCFMEO_02857,BJEIHDPM_02409,WP_005768068.1,DAKCFMEO_02857,WP_005768068.1,TRUE,p25_in_GeneB__dc_in_GeneA,OG0002041,TRUE,TRUE,TRUE
2821,DAKCFMEO_02858,BJEIHDPM_02408,WP_011103186.1,DAKCFMEO_02858,WP_011103186.1,TRUE,p25_in_GeneB__dc_in_GeneA,OG0002861,TRUE,TRUE,TRUE
2822,DAKCFMEO_02859,BJEIHDPM_02407,WP_007244448.1,DAKCFMEO_02859,WP_007244448.1,TRUE,p25_in_GeneB__dc_in_GeneA,OG0002514,TRUE,TRUE,TRUE
2823,DAKCFMEO_02860,BJEIHDPM_02406,WP_011103185.1,DAKCFMEO_02860,WP_011103185.1,TRUE,p25_in_GeneB__dc_in_GeneA,OG0002860,TRUE,TRUE,TRUE
2824,DAKCFMEO_02861,BJEIHDPM_02405,WP_007244449.1,DAKCFMEO_02861,WP_007244449.1,TRUE,p25_in_GeneB__dc_in_GeneA,OG0002515,TRUE,TRUE,TRUE
2825,DAKCFMEO_02862,BJEIHDPM_02404,WP_011103184.1,DAKCFMEO_02862,WP_011103184.1,TRUE,p25_in_GeneB__dc_in_GeneA,OG0002859,TRUE,TRUE,TRUE
2826,DAKCFMEO_02863,BJEIHDPM_02403,WP_011103183.1,DAKCFMEO_02863,WP_011103183.1,TRUE,p25_in_GeneB__dc_in_GeneA,OG0002858,TRUE,TRUE,TRUE
2827,DAKCFMEO_02864,BJEIHDPM_02402,WP_011103182.1,DAKCFMEO_02864,WP_011103182.1,TRUE,p25_in_GeneB__dc_in_GeneA,OG0002857,TRUE,TRUE,TRUE
2828,DAKCFMEO_02865,BJEIHDPM_02401,WP_011103181.1,DAKCFMEO_02865,WP_011103181.1,TRUE,p25_in_GeneB__dc_in_GeneA,OG0002856,TRUE,TRUE,TRUE
2829,DAKCFMEO_02866,BJEIHDPM_02400,WP_005614129.1,DAKCFMEO_02866,WP_005614129.1,TRUE,p25_in_GeneB__dc_in_GeneA,OG0001128,TRUE,TRUE,TRUE
2830,DAKCFMEO_02867,BJEIHDPM_02399,WP_005614128.1,DAKCFMEO_02867,WP_005614128.1,TRUE,p25_in_GeneB__dc_in_GeneA,OG0001127,TRUE,TRUE,TRUE
2831,DAKCFMEO_02868,BJEIHDPM_02398,WP_002551877.1,DAKCFMEO_02868,WP_002551877.1,TRUE,p25_in_GeneB__dc_in_GeneA,OG0000638,TRUE,TRUE,TRUE
2832,DAKCFMEO_02869,BJEIHDPM_02397,WP_007244455.1,DAKCFMEO_02869,WP_007244455.1,TRUE,p25_in_GeneB__dc_in_GeneA,OG0002516,TRUE,TRUE,TRUE
2833,DAKCFMEO_02870,BJEIHDPM_02396,WP_005614111.1,DAKCFMEO_02870,WP_005614111.1,TRUE,p25_in_GeneB__dc_in_GeneA,OG0001126,TRUE,TRUE,TRUE
2834,DAKCFMEO_02871,BJEIHDPM_02395,WP_046463958.1,DAKCFMEO_02871,WP_046463958.1,FALSE,,,TRUE,FALSE,FALSE
2835,DAKCFMEO_02873,BJEIHDPM_02393,,DAKCFMEO_02873,NA,FALSE,,,FALSE,FALSE,FALSE
2836,DAKCFMEO_02874,BJEIHDPM_02392,,DAKCFMEO_02874,NA,FALSE,,,FALSE,FALSE,FALSE
2837,DAKCFMEO_02875,BJEIHDPM_02391,,DAKCFMEO_02875,NA,FALSE,,,FALSE,FALSE,FALSE
2838,DAKCFMEO_02876,BJEIHDPM_02390,,DAKCFMEO_02876,NA,FALSE,,,FALSE,FALSE,FALSE
2839,DAKCFMEO_02877,BJEIHDPM_02389,,DAKCFMEO_02877,NA,FALSE,,,FALSE,FALSE,FALSE
2840,DAKCFMEO_02878,BJEIHDPM_02388,WP_005771485.1,DAKCFMEO_02878,WP_005771485.1,FALSE,,,TRUE,FALSE,FALSE
2841,DAKCFMEO_02879,BJEIHDPM_02387,,DAKCFMEO_02879,NA,FALSE,,,FALSE,FALSE,FALSE
2842,DAKCFMEO_02880,BJEIHDPM_02386,,DAKCFMEO_02880,NA,FALSE,,,FALSE,FALSE,FALSE
2843,DAKCFMEO_02881,BJEIHDPM_02385,WP_005770011.1,DAKCFMEO_02881,WP_005770011.1,TRUE,p25_in_GeneB__dc_in_GeneA,OG0002271,TRUE,TRUE,TRUE
2844,DAKCFMEO_02882,BJEIHDPM_02384,WP_004880039.1,DAKCFMEO_02882,WP_004880039.1,TRUE,p25_in_GeneB__dc_in_GeneA,OG0001107,TRUE,TRUE,TRUE
2845,DAKCFMEO_02883,BJEIHDPM_02383,WP_005770009.1,DAKCFMEO_02883,WP_005770009.1,TRUE,p25_in_GeneB__dc_in_GeneA,OG0002270,TRUE,TRUE,TRUE
2846,DAKCFMEO_02884,BJEIHDPM_02382,WP_011103345.1,DAKCFMEO_02884,WP_011103345.1,TRUE,p25_in_GeneB__dc_in_GeneA,OG0002924,TRUE,TRUE,TRUE
2847,DAKCFMEO_02885,BJEIHDPM_02381,WP_005770005.1,DAKCFMEO_02885,WP_005770005.1,TRUE,p25_in_GeneB__dc_in_GeneA,OG0002269,TRUE,TRUE,TRUE
2848,DAKCFMEO_02886,BJEIHDPM_02380,WP_003381223.1,DAKCFMEO_02886,WP_003381223.1,TRUE,p25_in_GeneB__dc_in_GeneA,OG0000980,TRUE,TRUE,TRUE
2849,DAKCFMEO_02887,BJEIHDPM_02379,WP_005770000.1,DAKCFMEO_02887,WP_005770000.1,TRUE,p25_in_GeneB__dc_in_GeneA,OG0002268,TRUE,TRUE,TRUE
2850,DAKCFMEO_02888,BJEIHDPM_02378,WP_005769998.1,DAKCFMEO_02888,WP_005769998.1,TRUE,p25_in_GeneB__dc_in_GeneA,OG0002267,TRUE,TRUE,TRUE
2851,DAKCFMEO_02889,BJEIHDPM_02377,WP_005769995.1,DAKCFMEO_02889,WP_005769995.1,TRUE,p25_in_GeneB__dc_in_GeneA,OG0002266,TRUE,TRUE,TRUE
2852,DAKCFMEO_02890,BJEIHDPM_02376,WP_011105175.1,DAKCFMEO_02890,WP_011105175.1,TRUE,p25_in_GeneB__dc_in_GeneA,OG0003644,TRUE,TRUE,TRUE
2853,DAKCFMEO_02891,BJEIHDPM_02375,,DAKCFMEO_02891,NA,FALSE,,,FALSE,FALSE,FALSE
2854,DAKCFMEO_02892,BJEIHDPM_02374,WP_011103517.1,DAKCFMEO_02892,WP_011103517.1,TRUE,p25_in_GeneB__dc_in_GeneA,OG0002996,TRUE,TRUE,TRUE
2855,DAKCFMEO_02893,BJEIHDPM_02373,,DAKCFMEO_02893,NA,FALSE,,,FALSE,FALSE,FALSE
2856,DAKCFMEO_02894,BJEIHDPM_02372,,DAKCFMEO_02894,NA,FALSE,,,FALSE,FALSE,FALSE
2857,DAKCFMEO_02895,BJEIHDPM_02371,,DAKCFMEO_02895,NA,FALSE,,,FALSE,FALSE,FALSE
2858,DAKCFMEO_02896,BJEIHDPM_02370,,DAKCFMEO_02896,NA,FALSE,,,FALSE,FALSE,FALSE
2859,DAKCFMEO_02897,BJEIHDPM_02369,,DAKCFMEO_02897,NA,FALSE,,,FALSE,FALSE,FALSE
2860,DAKCFMEO_02898,BJEIHDPM_02368,,DAKCFMEO_02898,NA,FALSE,,,FALSE,FALSE,FALSE
2861,DAKCFMEO_02899,BJEIHDPM_02367,,DAKCFMEO_02899,NA,FALSE,,,FALSE,FALSE,FALSE
2862,DAKCFMEO_02900,BJEIHDPM_02366,WP_011104257.1,DAKCFMEO_02900,WP_011104257.1,FALSE,,,TRUE,FALSE,FALSE
2863,DAKCFMEO_02901,BJEIHDPM_02365,,DAKCFMEO_02901,NA,FALSE,,,FALSE,FALSE,FALSE
2864,DAKCFMEO_02902,BJEIHDPM_02364,,DAKCFMEO_02902,NA,FALSE,,,FALSE,FALSE,FALSE
2865,DAKCFMEO_02903,BJEIHDPM_02363,,DAKCFMEO_02903,NA,FALSE,,,FALSE,FALSE,FALSE
2866,DAKCFMEO_02904,BJEIHDPM_02362,WP_005763809.1,DAKCFMEO_02904,WP_005763809.1,TRUE,p25_in_GeneB__dc_in_GeneA,OG0001495,TRUE,TRUE,TRUE
2867,DAKCFMEO_02905,BJEIHDPM_02361,WP_003383369.1,DAKCFMEO_02905,WP_003383369.1,TRUE,p25_in_GeneB__dc_in_GeneA,OG0001059,TRUE,TRUE,TRUE
2868,DAKCFMEO_02906,BJEIHDPM_02360,WP_005763807.1,DAKCFMEO_02906,WP_005763807.1,TRUE,p25_in_GeneB__dc_in_GeneA,OG0001494,TRUE,TRUE,TRUE
2869,DAKCFMEO_02907,BJEIHDPM_02359,WP_005763805.1,DAKCFMEO_02907,WP_005763805.1,FALSE,,,TRUE,FALSE,FALSE
2870,DAKCFMEO_02908,BJEIHDPM_02358,WP_057443183.1,DAKCFMEO_02908,WP_057443183.1,TRUE,p25_in_GeneB__dc_in_GeneA,OG0004063,TRUE,TRUE,TRUE
2871,DAKCFMEO_02909,BJEIHDPM_02357,WP_005763801.1,DAKCFMEO_02909,WP_005763801.1,TRUE,p25_in_GeneB__dc_in_GeneA,OG0001493,TRUE,TRUE,TRUE
2872,DAKCFMEO_02910,BJEIHDPM_02356,WP_005614033.1,DAKCFMEO_02910,WP_005614033.1,TRUE,p25_in_GeneB__dc_in_GeneA,OG0001125,TRUE,TRUE,TRUE
2873,DAKCFMEO_02911,BJEIHDPM_02355,WP_005614032.1,DAKCFMEO_02911,WP_005614032.1,TRUE,p25_in_GeneB__dc_in_GeneA,OG0001124,TRUE,TRUE,TRUE
2874,DAKCFMEO_02912,BJEIHDPM_02354,WP_005763799.1,DAKCFMEO_02912,WP_005763799.1,TRUE,p25_in_GeneB__dc_in_GeneA,OG0001492,TRUE,TRUE,TRUE
2875,DAKCFMEO_02913,BJEIHDPM_02353,WP_005763797.1,DAKCFMEO_02913,WP_005763797.1,TRUE,p25_in_GeneB__dc_in_GeneA,OG0001491,TRUE,TRUE,TRUE
2876,DAKCFMEO_02914,BJEIHDPM_02352,WP_002555565.1,DAKCFMEO_02914,WP_002555565.1,TRUE,p25_in_GeneB__dc_in_GeneA,OG0000718,TRUE,TRUE,TRUE
2877,DAKCFMEO_02915,BJEIHDPM_02351,WP_011103167.1,DAKCFMEO_02915,WP_011103167.1,FALSE,,,TRUE,FALSE,FALSE
2878,DAKCFMEO_02916,BJEIHDPM_02350,WP_010207011.1,DAKCFMEO_02916,WP_010207011.1,TRUE,p25_in_GeneB__dc_in_GeneA,OG0002743,TRUE,TRUE,TRUE
2879,DAKCFMEO_02917,BJEIHDPM_02349,WP_011103162.1,DAKCFMEO_02917,WP_011103162.1,FALSE,,,TRUE,FALSE,FALSE
2880,DAKCFMEO_02918,BJEIHDPM_02348,WP_003382340.1,DAKCFMEO_02918,WP_003382340.1,TRUE,p25_in_GeneB__dc_in_GeneA,OG0001017,TRUE,TRUE,TRUE
2881,DAKCFMEO_02919,BJEIHDPM_02347,WP_005763772.1,DAKCFMEO_02919,WP_005763772.1,TRUE,p25_in_GeneB__dc_in_GeneA,OG0001490,TRUE,TRUE,TRUE
2882,DAKCFMEO_02920,BJEIHDPM_02346,WP_011103161.1,DAKCFMEO_02920,WP_011103161.1,TRUE,p25_in_GeneB__dc_in_GeneA,OG0002854,TRUE,TRUE,TRUE
2883,DAKCFMEO_02921,BJEIHDPM_02345,WP_005763768.1,DAKCFMEO_02921,WP_005763768.1,TRUE,p25_in_GeneB__dc_in_GeneA,OG0001489,TRUE,TRUE,TRUE
2884,DAKCFMEO_02922,BJEIHDPM_02344,WP_011103160.1,DAKCFMEO_02922,WP_011103160.1,TRUE,p25_in_GeneB__dc_in_GeneA,OG0002853,TRUE,TRUE,TRUE
2885,DAKCFMEO_02923,BJEIHDPM_02343,WP_005763762.1,DAKCFMEO_02923,WP_005763762.1,TRUE,p25_in_GeneB__dc_in_GeneA,OG0001488,TRUE,TRUE,TRUE
2886,DAKCFMEO_02924,BJEIHDPM_02342,WP_005763760.1,DAKCFMEO_02924,WP_005763760.1,TRUE,p25_in_GeneB__dc_in_GeneA,OG0001487,TRUE,TRUE,TRUE
2887,DAKCFMEO_02925,BJEIHDPM_02341,WP_005763757.1,DAKCFMEO_02925,WP_005763757.1,TRUE,p25_in_GeneB__dc_in_GeneA,OG0001486,TRUE,TRUE,TRUE
2888,DAKCFMEO_02926,BJEIHDPM_02340,WP_011103159.1,DAKCFMEO_02926,WP_011103159.1,TRUE,p25_in_GeneB__dc_in_GeneA,OG0002852,TRUE,TRUE,TRUE
2889,DAKCFMEO_02927,BJEIHDPM_02339,WP_005763753.1,DAKCFMEO_02927,WP_005763753.1,TRUE,p25_in_GeneB__dc_in_GeneA,OG0001485,TRUE,TRUE,TRUE
2890,DAKCFMEO_02928,BJEIHDPM_02338,WP_011103158.1,DAKCFMEO_02928,WP_011103158.1,TRUE,p25_in_GeneB__dc_in_GeneA,OG0002851,TRUE,TRUE,TRUE
2891,DAKCFMEO_02929,BJEIHDPM_02337,WP_007244499.1,DAKCFMEO_02929,WP_007244499.1,TRUE,p25_in_GeneB__dc_in_GeneA,OG0002517,TRUE,TRUE,TRUE
2892,DAKCFMEO_02930,BJEIHDPM_02336,WP_005763744.1,DAKCFMEO_02930,WP_005763744.1,TRUE,p25_in_GeneB__dc_in_GeneA,OG0001484,TRUE,TRUE,TRUE
2893,DAKCFMEO_02931,BJEIHDPM_02335,WP_005763742.1,DAKCFMEO_02931,WP_005763742.1,TRUE,p25_in_GeneB__dc_in_GeneA,OG0001483,TRUE,TRUE,TRUE
2894,DAKCFMEO_02932,BJEIHDPM_02334,WP_005763739.1,DAKCFMEO_02932,WP_005763739.1,TRUE,p25_in_GeneB__dc_in_GeneA,OG0001482,TRUE,TRUE,TRUE
2895,DAKCFMEO_02933,BJEIHDPM_02333,WP_005763737.1,DAKCFMEO_02933,WP_005763737.1,TRUE,p25_in_GeneB__dc_in_GeneA,OG0001481,TRUE,TRUE,TRUE
2896,DAKCFMEO_02934,BJEIHDPM_02332,,DAKCFMEO_02934,NA,FALSE,,,FALSE,FALSE,FALSE
2897,DAKCFMEO_02935,BJEIHDPM_02331,WP_005763735.1,DAKCFMEO_02935,WP_005763735.1,TRUE,p25_in_GeneB__dc_in_GeneA,OG0001480,TRUE,TRUE,TRUE
2898,DAKCFMEO_02936,BJEIHDPM_02330,WP_005763732.1,DAKCFMEO_02936,WP_005763732.1,TRUE,p25_in_GeneB__dc_in_GeneA,OG0001479,TRUE,TRUE,TRUE
2899,DAKCFMEO_02937,BJEIHDPM_02329,WP_005763731.1,DAKCFMEO_02937,WP_005763731.1,FALSE,,,TRUE,FALSE,FALSE
2900,DAKCFMEO_02938,BJEIHDPM_02328,WP_005763705.1,DAKCFMEO_02938,WP_005763705.1,TRUE,p25_in_GeneB__dc_in_GeneA,OG0001478,TRUE,TRUE,TRUE
2901,DAKCFMEO_02939,BJEIHDPM_02327,WP_005763703.1,DAKCFMEO_02939,WP_005763703.1,FALSE,,,TRUE,FALSE,FALSE
2902,DAKCFMEO_02940,BJEIHDPM_02326,WP_011103148.1,DAKCFMEO_02940,WP_011103148.1,FALSE,,,TRUE,FALSE,FALSE
2903,DAKCFMEO_02941,BJEIHDPM_02325,,DAKCFMEO_02941,NA,FALSE,,,FALSE,FALSE,FALSE
2904,DAKCFMEO_02942,BJEIHDPM_02324,WP_007244528.1,DAKCFMEO_02942,WP_007244528.1,FALSE,,,TRUE,FALSE,FALSE
2905,DAKCFMEO_02943,BJEIHDPM_02323,WP_011103142.1,DAKCFMEO_02943,WP_011103142.1,FALSE,,,TRUE,FALSE,FALSE
2906,DAKCFMEO_02944,BJEIHDPM_02322,WP_011103143.1,DAKCFMEO_02944,WP_011103143.1,TRUE,p25_in_GeneB__dc_in_GeneA,OG0002848,TRUE,TRUE,TRUE
2907,DAKCFMEO_02945,BJEIHDPM_02321,WP_005763669.1,DAKCFMEO_02945,WP_005763669.1,TRUE,p25_in_GeneB__dc_in_GeneA,OG0001470,TRUE,TRUE,TRUE
2908,DAKCFMEO_02946,BJEIHDPM_02320,WP_010205456.1,DAKCFMEO_02946,WP_010205456.1,TRUE,p25_in_GeneB__dc_in_GeneA,OG0002738,TRUE,TRUE,TRUE
2909,DAKCFMEO_02947,BJEIHDPM_02319,,DAKCFMEO_02947,NA,FALSE,,,FALSE,FALSE,FALSE
2910,DAKCFMEO_02948,BJEIHDPM_02318,,DAKCFMEO_02948,NA,FALSE,,,FALSE,FALSE,FALSE
2911,DAKCFMEO_02949,BJEIHDPM_02317,,DAKCFMEO_02949,NA,FALSE,,,FALSE,FALSE,FALSE
2912,DAKCFMEO_02950,BJEIHDPM_02316,WP_005613972.1,DAKCFMEO_02950,WP_005613972.1,TRUE,p25_in_GeneB__dc_in_GeneA,OG0001123,TRUE,TRUE,TRUE
2913,DAKCFMEO_02951,BJEIHDPM_02315,WP_005763674.1,DAKCFMEO_02951,WP_005763674.1,TRUE,p25_in_GeneB__dc_in_GeneA,OG0001471,TRUE,TRUE,TRUE
2914,DAKCFMEO_02952,BJEIHDPM_02314,,DAKCFMEO_02952,NA,FALSE,,,FALSE,FALSE,FALSE
2915,DAKCFMEO_02953,BJEIHDPM_02313,WP_005763676.1,DAKCFMEO_02953,WP_005763676.1,TRUE,p25_in_GeneB__dc_in_GeneA,OG0001472,TRUE,TRUE,TRUE
2916,DAKCFMEO_02954,BJEIHDPM_02312,,DAKCFMEO_02954,NA,FALSE,,,FALSE,FALSE,FALSE
2917,DAKCFMEO_02955,BJEIHDPM_02311,,DAKCFMEO_02955,NA,FALSE,,,FALSE,FALSE,FALSE
2918,DAKCFMEO_02956,BJEIHDPM_02310,,DAKCFMEO_02956,NA,FALSE,,,FALSE,FALSE,FALSE
2919,DAKCFMEO_02957,BJEIHDPM_02309,,DAKCFMEO_02957,NA,FALSE,,,FALSE,FALSE,FALSE
2920,DAKCFMEO_02958,BJEIHDPM_02308,WP_003379921.1,DAKCFMEO_02958,WP_003379921.1,FALSE,,,TRUE,FALSE,FALSE
2921,DAKCFMEO_02959,BJEIHDPM_02307,WP_005763680.1,DAKCFMEO_02959,WP_005763680.1,FALSE,,,TRUE,FALSE,FALSE
2922,DAKCFMEO_02960,BJEIHDPM_02306,WP_011103144.1,DAKCFMEO_02960,WP_011103144.1,TRUE,p25_in_GeneB__dc_in_GeneA,OG0002849,TRUE,TRUE,TRUE
2923,DAKCFMEO_02961,BJEIHDPM_02305,WP_005763685.1,DAKCFMEO_02961,WP_005763685.1,TRUE,p25_in_GeneB__dc_in_GeneA,OG0001473,TRUE,TRUE,TRUE
2924,DAKCFMEO_02962,BJEIHDPM_02304,WP_003379926.1,DAKCFMEO_02962,WP_003379926.1,TRUE,p25_in_GeneB__dc_in_GeneA,OG0000920,TRUE,TRUE,TRUE
2925,DAKCFMEO_02963,BJEIHDPM_02303,WP_005763688.1,DAKCFMEO_02963,WP_005763688.1,TRUE,p25_in_GeneB__dc_in_GeneA,OG0001474,TRUE,TRUE,TRUE
2926,DAKCFMEO_02964,BJEIHDPM_02302,WP_005763690.1,DAKCFMEO_02964,WP_005763690.1,FALSE,,,TRUE,FALSE,FALSE
2927,DAKCFMEO_02965,BJEIHDPM_00744,,DAKCFMEO_02965,NA,FALSE,,,FALSE,FALSE,FALSE
2928,DAKCFMEO_02966,BJEIHDPM_00743,WP_005764067.1,DAKCFMEO_02966,WP_005764067.1,TRUE,p25_in_GeneB__dc_in_GeneA,OG0001522,TRUE,TRUE,TRUE
2929,DAKCFMEO_02967,BJEIHDPM_00742,WP_003375928.1,DAKCFMEO_02967,WP_003375928.1,TRUE,p25_in_GeneB__dc_in_GeneA,OG0000772,TRUE,TRUE,TRUE
2930,DAKCFMEO_02968,BJEIHDPM_00741,WP_044390979.1,DAKCFMEO_02968,WP_044390979.1,TRUE,p25_in_GeneB__dc_in_GeneA,OG0003911,TRUE,TRUE,TRUE
2931,DAKCFMEO_02969,BJEIHDPM_00740,WP_005764059.1,DAKCFMEO_02969,WP_005764059.1,FALSE,,,TRUE,FALSE,FALSE
2932,DAKCFMEO_02970,BJEIHDPM_00739,WP_010201831.1,DAKCFMEO_02970,WP_010201831.1,TRUE,p25_in_GeneB__dc_in_GeneA,OG0002723,TRUE,TRUE,TRUE
2933,DAKCFMEO_02971,BJEIHDPM_00738,WP_005764054.1,DAKCFMEO_02971,WP_005764054.1,TRUE,p25_in_GeneB__dc_in_GeneA,OG0001521,TRUE,TRUE,TRUE
2934,DAKCFMEO_02972,BJEIHDPM_00737,,DAKCFMEO_02972,NA,FALSE,,,FALSE,FALSE,FALSE
2935,DAKCFMEO_02973,BJEIHDPM_00736,WP_003375919.1,DAKCFMEO_02973,WP_003375919.1,TRUE,p25_in_GeneB__dc_in_GeneA,OG0000771,TRUE,TRUE,TRUE
2936,DAKCFMEO_02974,BJEIHDPM_00735,WP_005764053.1,DAKCFMEO_02974,WP_005764053.1,TRUE,p25_in_GeneB__dc_in_GeneA,OG0001520,TRUE,TRUE,TRUE
2937,DAKCFMEO_02975,BJEIHDPM_00734,WP_005764052.1,DAKCFMEO_02975,WP_005764052.1,TRUE,p25_in_GeneB__dc_in_GeneA,OG0001519,TRUE,TRUE,TRUE
2938,DAKCFMEO_02976,BJEIHDPM_00733,WP_005764051.1,DAKCFMEO_02976,WP_005764051.1,TRUE,p25_in_GeneB__dc_in_GeneA,OG0001518,TRUE,TRUE,TRUE
2939,DAKCFMEO_02977,BJEIHDPM_00732,WP_011103499.1,DAKCFMEO_02977,WP_011103499.1,TRUE,p25_in_GeneB__dc_in_GeneA,OG0002988,TRUE,TRUE,TRUE
2940,DAKCFMEO_02978,BJEIHDPM_00731,WP_005736422.1,DAKCFMEO_02978,WP_005736422.1,TRUE,p25_in_GeneB__dc_in_GeneA,OG0001238,TRUE,TRUE,TRUE
2941,DAKCFMEO_02979,BJEIHDPM_00730,WP_003375907.1,DAKCFMEO_02979,WP_003375907.1,TRUE,p25_in_GeneB__dc_in_GeneA,OG0000770,TRUE,TRUE,TRUE
2942,DAKCFMEO_02980,BJEIHDPM_00729,WP_005615493.1,DAKCFMEO_02980,WP_005615493.1,TRUE,p25_in_GeneB__dc_in_GeneA,OG0001147,TRUE,TRUE,TRUE
2943,DAKCFMEO_02981,BJEIHDPM_00728,WP_005764049.1,DAKCFMEO_02981,WP_005764049.1,FALSE,,,TRUE,FALSE,FALSE
2944,DAKCFMEO_02982,BJEIHDPM_00727,WP_005736419.1,DAKCFMEO_02982,WP_005736419.1,FALSE,,,TRUE,FALSE,FALSE
2945,DAKCFMEO_02983,BJEIHDPM_00726,WP_005764048.1,DAKCFMEO_02983,WP_005764048.1,TRUE,p25_in_GeneB__dc_in_GeneA,OG0001517,TRUE,TRUE,TRUE
2946,DAKCFMEO_02984,BJEIHDPM_00725,WP_003375897.1,DAKCFMEO_02984,WP_003375897.1,FALSE,,,TRUE,FALSE,FALSE
2947,DAKCFMEO_02985,BJEIHDPM_00724,WP_003375894.1,DAKCFMEO_02985,WP_003375894.1,TRUE,p25_in_GeneB__dc_in_GeneA,OG0000769,TRUE,TRUE,TRUE
2948,DAKCFMEO_02986,BJEIHDPM_00723,WP_005764047.1,DAKCFMEO_02986,WP_005764047.1,TRUE,p25_in_GeneB__dc_in_GeneA,OG0001516,TRUE,TRUE,TRUE
2949,DAKCFMEO_02987,BJEIHDPM_00722,WP_005764046.1,DAKCFMEO_02987,WP_005764046.1,TRUE,p25_in_GeneB__dc_in_GeneA,OG0001515,TRUE,TRUE,TRUE
2950,DAKCFMEO_02988,BJEIHDPM_00721,WP_005764045.1,DAKCFMEO_02988,WP_005764045.1,TRUE,p25_in_GeneB__dc_in_GeneA,OG0001514,TRUE,TRUE,TRUE
2951,DAKCFMEO_02989,BJEIHDPM_00720,WP_005615514.1,DAKCFMEO_02989,WP_005615514.1,TRUE,p25_in_GeneB__dc_in_GeneA,OG0001148,TRUE,TRUE,TRUE
2952,DAKCFMEO_02990,BJEIHDPM_00719,WP_011103501.1,DAKCFMEO_02990,WP_011103501.1,TRUE,p25_in_GeneB__dc_in_GeneA,OG0002989,TRUE,TRUE,TRUE
2953,DAKCFMEO_02991,BJEIHDPM_00718,WP_005764043.1,DAKCFMEO_02991,WP_005764043.1,TRUE,p25_in_GeneB__dc_in_GeneA,OG0001513,TRUE,TRUE,TRUE
2954,DAKCFMEO_02992,BJEIHDPM_00717,WP_005764042.1,DAKCFMEO_02992,WP_005764042.1,FALSE,,,TRUE,FALSE,FALSE
2955,DAKCFMEO_02993,BJEIHDPM_00716,WP_011103502.1,DAKCFMEO_02993,WP_011103502.1,FALSE,,,TRUE,FALSE,FALSE
2956,DAKCFMEO_02994,BJEIHDPM_00715,WP_011103503.1,DAKCFMEO_02994,WP_011103503.1,TRUE,p25_in_GeneB__dc_in_GeneA,OG0002990,TRUE,TRUE,TRUE
2957,DAKCFMEO_02995,BJEIHDPM_00714,,DAKCFMEO_02995,NA,FALSE,,,FALSE,FALSE,FALSE
2958,DAKCFMEO_02996,BJEIHDPM_00713,WP_007244885.1,DAKCFMEO_02996,WP_007244885.1,TRUE,p25_in_GeneB__dc_in_GeneA,OG0002551,TRUE,TRUE,TRUE
2959,DAKCFMEO_02997,BJEIHDPM_00712,WP_011103504.1,DAKCFMEO_02997,WP_011103504.1,FALSE,,,TRUE,FALSE,FALSE
2960,DAKCFMEO_02998,BJEIHDPM_00711,,DAKCFMEO_02998,NA,FALSE,,,FALSE,FALSE,FALSE
2961,DAKCFMEO_02999,BJEIHDPM_00710,,DAKCFMEO_02999,NA,FALSE,,,FALSE,FALSE,FALSE
2962,DAKCFMEO_03000,BJEIHDPM_00709,WP_007244881.1,DAKCFMEO_03000,WP_007244881.1,TRUE,p25_in_GeneB__dc_in_GeneA,OG0002550,TRUE,TRUE,TRUE
2963,DAKCFMEO_03001,BJEIHDPM_00708,WP_003375863.1,DAKCFMEO_03001,WP_003375863.1,TRUE,p25_in_GeneB__dc_in_GeneA,OG0000768,TRUE,TRUE,TRUE
2964,DAKCFMEO_03002,BJEIHDPM_00707,WP_005764030.1,DAKCFMEO_03002,WP_005764030.1,FALSE,,,TRUE,FALSE,FALSE
2965,DAKCFMEO_03003,BJEIHDPM_00706,,DAKCFMEO_03003,NA,FALSE,,,FALSE,FALSE,FALSE
2966,DAKCFMEO_03004,BJEIHDPM_00705,,DAKCFMEO_03004,NA,FALSE,,,FALSE,FALSE,FALSE
2967,DAKCFMEO_03005,BJEIHDPM_00704,WP_003375857.1,DAKCFMEO_03005,WP_003375857.1,TRUE,p25_in_GeneB__dc_in_GeneA,OG0000767,TRUE,TRUE,TRUE
2968,DAKCFMEO_03006,BJEIHDPM_00703,WP_005764026.1,DAKCFMEO_03006,WP_005764026.1,TRUE,p25_in_GeneB__dc_in_GeneA,OG0001511,TRUE,TRUE,TRUE
2969,DAKCFMEO_03007,BJEIHDPM_00702,WP_005764024.1,DAKCFMEO_03007,WP_005764024.1,FALSE,,,TRUE,FALSE,FALSE
2970,DAKCFMEO_03008,BJEIHDPM_00701,WP_007244877.1,DAKCFMEO_03008,WP_007244877.1,FALSE,,,TRUE,FALSE,FALSE
2971,DAKCFMEO_03009,BJEIHDPM_00700,WP_005615570.1,DAKCFMEO_03009,WP_005615570.1,FALSE,,,TRUE,FALSE,FALSE
2972,DAKCFMEO_03010,BJEIHDPM_00699,WP_003375849.1,DAKCFMEO_03010,WP_003375849.1,FALSE,,,TRUE,FALSE,FALSE
2973,DAKCFMEO_03011,BJEIHDPM_00698,WP_003375846.1,DAKCFMEO_03011,WP_003375846.1,FALSE,,,TRUE,FALSE,FALSE
2974,DAKCFMEO_03012,BJEIHDPM_00697,WP_005764019.1,DAKCFMEO_03012,WP_005764019.1,TRUE,p25_in_GeneB__dc_in_GeneA,OG0001510,TRUE,TRUE,TRUE
2975,DAKCFMEO_03013,BJEIHDPM_00696,WP_032640254.1,DAKCFMEO_03013,WP_032640254.1,TRUE,p25_in_GeneB__dc_in_GeneA,OG0003889,TRUE,TRUE,TRUE
2976,DAKCFMEO_03014,BJEIHDPM_00695,WP_011103508.1,DAKCFMEO_03014,WP_011103508.1,TRUE,p25_in_GeneB__dc_in_GeneA,OG0002991,TRUE,TRUE,TRUE
2977,DAKCFMEO_03015,BJEIHDPM_00694,WP_011103509.1,DAKCFMEO_03015,WP_011103509.1,TRUE,p25_in_GeneB__dc_in_GeneA,OG0002992,TRUE,TRUE,TRUE
2978,DAKCFMEO_03016,BJEIHDPM_00693,WP_011103511.1,DAKCFMEO_03016,WP_011103511.1,TRUE,p25_in_GeneB__dc_in_GeneA,OG0002993,TRUE,TRUE,TRUE
2979,DAKCFMEO_03017,BJEIHDPM_00692,,DAKCFMEO_03017,NA,FALSE,,,FALSE,FALSE,FALSE
2980,DAKCFMEO_03018,BJEIHDPM_00691,WP_011103513.1,DAKCFMEO_03018,WP_011103513.1,TRUE,p25_in_GeneB__dc_in_GeneA,OG0002994,TRUE,TRUE,TRUE
2981,DAKCFMEO_03019,BJEIHDPM_00690,WP_005763992.1,DAKCFMEO_03019,WP_005763992.1,TRUE,p25_in_GeneB__dc_in_GeneA,OG0001509,TRUE,TRUE,TRUE
2982,DAKCFMEO_03020,BJEIHDPM_00689,WP_010204183.1,DAKCFMEO_03020,WP_010204183.1,TRUE,p25_in_GeneB__dc_in_GeneA,OG0002731,TRUE,TRUE,TRUE
2983,DAKCFMEO_03021,BJEIHDPM_00688,,DAKCFMEO_03021,NA,FALSE,,,FALSE,FALSE,FALSE
2984,DAKCFMEO_03022,BJEIHDPM_00687,,DAKCFMEO_03022,NA,FALSE,,,FALSE,FALSE,FALSE
2985,DAKCFMEO_03023,BJEIHDPM_00686,,DAKCFMEO_03023,NA,FALSE,,,FALSE,FALSE,FALSE
2986,DAKCFMEO_03024,BJEIHDPM_00685,,DAKCFMEO_03024,NA,FALSE,,,FALSE,FALSE,FALSE
2987,DAKCFMEO_03025,BJEIHDPM_00684,,DAKCFMEO_03025,NA,FALSE,,,FALSE,FALSE,FALSE
2988,DAKCFMEO_03026,BJEIHDPM_00359,,DAKCFMEO_03026,NA,FALSE,,,FALSE,FALSE,FALSE
2989,DAKCFMEO_03028,BJEIHDPM_00361,WP_003379028.1,DAKCFMEO_03028,WP_003379028.1,TRUE,p25_in_GeneB__dc_in_GeneA,OG0000900,TRUE,TRUE,TRUE
2990,DAKCFMEO_03029,BJEIHDPM_00362,WP_005767663.1,DAKCFMEO_03029,WP_005767663.1,TRUE,p25_in_GeneB__dc_in_GeneA,OG0001992,TRUE,TRUE,TRUE
2991,DAKCFMEO_03030,BJEIHDPM_00363,WP_007245782.1,DAKCFMEO_03030,WP_007245782.1,TRUE,p25_in_GeneB__dc_in_GeneA,OG0002600,TRUE,TRUE,TRUE
2992,DAKCFMEO_03031,BJEIHDPM_00364,WP_003379025.1,DAKCFMEO_03031,WP_003379025.1,FALSE,,,TRUE,FALSE,FALSE
2993,DAKCFMEO_03032,BJEIHDPM_00365,WP_003379024.1,DAKCFMEO_03032,WP_003379024.1,TRUE,p25_in_GeneB__dc_in_GeneA,OG0000899,TRUE,TRUE,TRUE
2994,DAKCFMEO_03033,BJEIHDPM_00366,WP_011104801.1,DAKCFMEO_03033,WP_011104801.1,TRUE,p25_in_GeneB__dc_in_GeneA,OG0003522,TRUE,TRUE,TRUE
2995,DAKCFMEO_03034,BJEIHDPM_00367,WP_007245780.1,DAKCFMEO_03034,WP_007245780.1,TRUE,p25_in_GeneB__dc_in_GeneA,OG0002599,TRUE,TRUE,TRUE
2996,DAKCFMEO_03035,BJEIHDPM_00368,WP_011104802.1,DAKCFMEO_03035,WP_011104802.1,TRUE,p25_in_GeneB__dc_in_GeneA,OG0003523,TRUE,TRUE,TRUE
2997,DAKCFMEO_03036,BJEIHDPM_00369,WP_005767670.1,DAKCFMEO_03036,WP_005767670.1,TRUE,p25_in_GeneB__dc_in_GeneA,OG0001993,TRUE,TRUE,TRUE
2998,DAKCFMEO_03037,BJEIHDPM_00370,WP_011104803.1,DAKCFMEO_03037,WP_011104803.1,TRUE,p25_in_GeneB__dc_in_GeneA,OG0003524,TRUE,TRUE,TRUE
2999,DAKCFMEO_03038,BJEIHDPM_00371,,DAKCFMEO_03038,NA,FALSE,,,FALSE,FALSE,FALSE
3000,DAKCFMEO_03039,BJEIHDPM_00372,,DAKCFMEO_03039,NA,FALSE,,,FALSE,FALSE,FALSE
3001,DAKCFMEO_03040,BJEIHDPM_00373,WP_011103171.1,DAKCFMEO_03040,WP_011103171.1,TRUE,p25_in_GeneB__dc_in_GeneA,OG0002855,TRUE,TRUE,TRUE
3002,DAKCFMEO_03041,BJEIHDPM_00374,,DAKCFMEO_03041,NA,FALSE,,,FALSE,FALSE,FALSE
3003,DAKCFMEO_03042,BJEIHDPM_00375,,DAKCFMEO_03042,NA,FALSE,,,FALSE,FALSE,FALSE
3004,DAKCFMEO_03043,BJEIHDPM_00376,,DAKCFMEO_03043,NA,FALSE,,,FALSE,FALSE,FALSE
3005,DAKCFMEO_03044,BJEIHDPM_00377,,DAKCFMEO_03044,NA,FALSE,,,FALSE,FALSE,FALSE
3006,DAKCFMEO_03045,BJEIHDPM_00378,WP_011105040.1,DAKCFMEO_03045,WP_011105040.1,TRUE,p25_in_GeneB__dc_in_GeneA,OG0003614,TRUE,TRUE,TRUE
3007,DAKCFMEO_03046,BJEIHDPM_00379,WP_005765726.1,DAKCFMEO_03046,WP_005765726.1,FALSE,,,TRUE,FALSE,FALSE
3008,DAKCFMEO_03047,BJEIHDPM_00380,,DAKCFMEO_03047,NA,FALSE,,,FALSE,FALSE,FALSE
3009,DAKCFMEO_03049,BJEIHDPM_00382,,DAKCFMEO_03049,NA,FALSE,,,FALSE,FALSE,FALSE
3010,DAKCFMEO_03050,BJEIHDPM_00383,,DAKCFMEO_03050,NA,FALSE,,,FALSE,FALSE,FALSE
3011,DAKCFMEO_03051,BJEIHDPM_00384,,DAKCFMEO_03051,NA,FALSE,,,FALSE,FALSE,FALSE
3012,DAKCFMEO_03052,BJEIHDPM_00385,WP_011106959.1,DAKCFMEO_03052,WP_011106959.1,TRUE,p25_in_GeneB__dc_in_GeneA,OG0003837,TRUE,TRUE,TRUE
3013,DAKCFMEO_03053,BJEIHDPM_00386,,DAKCFMEO_03053,NA,FALSE,,,FALSE,FALSE,FALSE
3014,DAKCFMEO_03054,BJEIHDPM_00387,,DAKCFMEO_03054,NA,FALSE,,,FALSE,FALSE,FALSE
3015,DAKCFMEO_03055,BJEIHDPM_00388,,DAKCFMEO_03055,NA,FALSE,,,FALSE,FALSE,FALSE
3016,DAKCFMEO_03056,BJEIHDPM_00389,,DAKCFMEO_03056,NA,FALSE,,,FALSE,FALSE,FALSE
3017,DAKCFMEO_03057,BJEIHDPM_00390,,DAKCFMEO_03057,NA,FALSE,,,FALSE,FALSE,FALSE
3018,DAKCFMEO_03058,BJEIHDPM_00391,,DAKCFMEO_03058,NA,FALSE,,,FALSE,FALSE,FALSE
3019,DAKCFMEO_03059,BJEIHDPM_00392,,DAKCFMEO_03059,NA,FALSE,,,FALSE,FALSE,FALSE
3020,DAKCFMEO_03060,BJEIHDPM_00393,,DAKCFMEO_03060,NA,FALSE,,,FALSE,FALSE,FALSE
3021,DAKCFMEO_03061,BJEIHDPM_00394,,DAKCFMEO_03061,NA,FALSE,,,FALSE,FALSE,FALSE
3022,DAKCFMEO_03062,BJEIHDPM_00395,,DAKCFMEO_03062,NA,FALSE,,,FALSE,FALSE,FALSE
3023,DAKCFMEO_03063,BJEIHDPM_00396,,DAKCFMEO_03063,NA,FALSE,,,FALSE,FALSE,FALSE
3024,DAKCFMEO_03064,BJEIHDPM_00397,,DAKCFMEO_03064,NA,FALSE,,,FALSE,FALSE,FALSE
3025,DAKCFMEO_03065,BJEIHDPM_00398,,DAKCFMEO_03065,NA,FALSE,,,FALSE,FALSE,FALSE
3026,DAKCFMEO_03066,BJEIHDPM_00399,,DAKCFMEO_03066,NA,FALSE,,,FALSE,FALSE,FALSE
3027,DAKCFMEO_03067,BJEIHDPM_00400,,DAKCFMEO_03067,NA,FALSE,,,FALSE,FALSE,FALSE
3028,DAKCFMEO_03068,BJEIHDPM_00401,,DAKCFMEO_03068,NA,FALSE,,,FALSE,FALSE,FALSE
3029,DAKCFMEO_03069,BJEIHDPM_00402,,DAKCFMEO_03069,NA,FALSE,,,FALSE,FALSE,FALSE
3030,DAKCFMEO_03070,BJEIHDPM_00403,,DAKCFMEO_03070,NA,FALSE,,,FALSE,FALSE,FALSE
3031,DAKCFMEO_03071,BJEIHDPM_00404,,DAKCFMEO_03071,NA,FALSE,,,FALSE,FALSE,FALSE
3032,DAKCFMEO_03072,BJEIHDPM_00405,,DAKCFMEO_03072,NA,FALSE,,,FALSE,FALSE,FALSE
3033,DAKCFMEO_03073,BJEIHDPM_00406,,DAKCFMEO_03073,NA,FALSE,,,FALSE,FALSE,FALSE
3034,DAKCFMEO_03074,BJEIHDPM_00407,,DAKCFMEO_03074,NA,FALSE,,,FALSE,FALSE,FALSE
3035,DAKCFMEO_03075,BJEIHDPM_00408,,DAKCFMEO_03075,NA,FALSE,,,FALSE,FALSE,FALSE
3036,DAKCFMEO_03076,BJEIHDPM_00409,WP_011105580.1,DAKCFMEO_03076,WP_011105580.1,FALSE,,,TRUE,FALSE,FALSE
3037,DAKCFMEO_03077,BJEIHDPM_00410,,DAKCFMEO_03077,NA,FALSE,,,FALSE,FALSE,FALSE
3038,DAKCFMEO_03078,BJEIHDPM_00411,,DAKCFMEO_03078,NA,FALSE,,,FALSE,FALSE,FALSE
3039,DAKCFMEO_03079,BJEIHDPM_00412,,DAKCFMEO_03079,NA,FALSE,,,FALSE,FALSE,FALSE
3040,DAKCFMEO_03080,BJEIHDPM_00413,WP_003425054.1,DAKCFMEO_03080,WP_003425054.1,FALSE,,,TRUE,FALSE,FALSE
3041,DAKCFMEO_03081,BJEIHDPM_00414,WP_003317533.1,DAKCFMEO_03081,WP_003317533.1,FALSE,,,TRUE,FALSE,FALSE
3042,DAKCFMEO_03082,BJEIHDPM_00415,WP_003317532.1,DAKCFMEO_03082,WP_003317532.1,TRUE,p25_in_GeneB__dc_in_GeneA,OG0000745,TRUE,TRUE,TRUE
3043,DAKCFMEO_03083,BJEIHDPM_00416,WP_011105083.1,DAKCFMEO_03083,WP_011105083.1,FALSE,,,TRUE,FALSE,FALSE
3044,DAKCFMEO_03084,BJEIHDPM_00417,WP_003317531.1,DAKCFMEO_03084,WP_003317531.1,FALSE,,,TRUE,FALSE,FALSE
3045,DAKCFMEO_03085,BJEIHDPM_00418,WP_057443217.1,DAKCFMEO_03085,WP_057443217.1,TRUE,p25_in_GeneB__dc_in_GeneA,OG0004065,TRUE,TRUE,TRUE
3046,DAKCFMEO_03086,BJEIHDPM_00419,WP_003317528.1,DAKCFMEO_03086,WP_003317528.1,FALSE,,,TRUE,FALSE,FALSE
3047,DAKCFMEO_03087,BJEIHDPM_00420,WP_003425065.1,DAKCFMEO_03087,WP_003425065.1,FALSE,,,TRUE,FALSE,FALSE
3048,DAKCFMEO_03088,BJEIHDPM_00421,,DAKCFMEO_03088,NA,FALSE,,,FALSE,FALSE,FALSE
3049,DAKCFMEO_03089,BJEIHDPM_00422,WP_005769085.1,DAKCFMEO_03089,WP_005769085.1,FALSE,,,TRUE,FALSE,FALSE
3050,DAKCFMEO_03090,BJEIHDPM_00423,,DAKCFMEO_03090,NA,FALSE,,,FALSE,FALSE,FALSE
3051,DAKCFMEO_03091,BJEIHDPM_00424,,DAKCFMEO_03091,NA,FALSE,,,FALSE,FALSE,FALSE
3052,DAKCFMEO_03092,BJEIHDPM_00425,WP_011105579.1,DAKCFMEO_03092,WP_011105579.1,FALSE,,,TRUE,FALSE,FALSE
3053,DAKCFMEO_03093,BJEIHDPM_00426,,DAKCFMEO_03093,NA,FALSE,,,FALSE,FALSE,FALSE
3054,DAKCFMEO_03094,BJEIHDPM_00427,WP_011104028.1,DAKCFMEO_03094,WP_011104028.1,FALSE,,,TRUE,FALSE,FALSE
3055,DAKCFMEO_03095,BJEIHDPM_00428,,DAKCFMEO_03095,NA,FALSE,,,FALSE,FALSE,FALSE
3056,DAKCFMEO_03096,BJEIHDPM_00429,,DAKCFMEO_03096,NA,FALSE,,,FALSE,FALSE,FALSE
3057,DAKCFMEO_03097,BJEIHDPM_00430,,DAKCFMEO_03097,NA,FALSE,,,FALSE,FALSE,FALSE
3058,DAKCFMEO_03098,BJEIHDPM_00431,,DAKCFMEO_03098,NA,FALSE,,,FALSE,FALSE,FALSE
3059,DAKCFMEO_03099,BJEIHDPM_00432,,DAKCFMEO_03099,NA,FALSE,,,FALSE,FALSE,FALSE
3060,DAKCFMEO_03100,BJEIHDPM_00433,,DAKCFMEO_03100,NA,FALSE,,,FALSE,FALSE,FALSE
3061,DAKCFMEO_03101,BJEIHDPM_00434,,DAKCFMEO_03101,NA,FALSE,,,FALSE,FALSE,FALSE
3062,DAKCFMEO_03102,BJEIHDPM_00435,,DAKCFMEO_03102,NA,FALSE,,,FALSE,FALSE,FALSE
3063,DAKCFMEO_03103,BJEIHDPM_00436,,DAKCFMEO_03103,NA,FALSE,,,FALSE,FALSE,FALSE
3064,DAKCFMEO_03104,BJEIHDPM_00437,,DAKCFMEO_03104,NA,FALSE,,,FALSE,FALSE,FALSE
3065,DAKCFMEO_03105,BJEIHDPM_00438,,DAKCFMEO_03105,NA,FALSE,,,FALSE,FALSE,FALSE
3066,DAKCFMEO_03106,BJEIHDPM_00439,,DAKCFMEO_03106,NA,FALSE,,,FALSE,FALSE,FALSE
3067,DAKCFMEO_03107,BJEIHDPM_00440,WP_011104368.1,DAKCFMEO_03107,WP_011104368.1,TRUE,p25_in_GeneB__dc_in_GeneA,OG0003337,TRUE,TRUE,TRUE
3068,DAKCFMEO_03108,BJEIHDPM_00441,WP_011104367.1,DAKCFMEO_03108,WP_011104367.1,FALSE,,,TRUE,FALSE,FALSE
3069,DAKCFMEO_03109,BJEIHDPM_00442,,DAKCFMEO_03109,NA,FALSE,,,FALSE,FALSE,FALSE
3070,DAKCFMEO_03110,BJEIHDPM_00443,,DAKCFMEO_03110,NA,FALSE,,,FALSE,FALSE,FALSE
3071,DAKCFMEO_03111,BJEIHDPM_00444,,DAKCFMEO_03111,NA,FALSE,,,FALSE,FALSE,FALSE
3072,DAKCFMEO_03112,BJEIHDPM_00445,,DAKCFMEO_03112,NA,FALSE,,,FALSE,FALSE,FALSE
3073,DAKCFMEO_03113,BJEIHDPM_00446,,DAKCFMEO_03113,NA,FALSE,,,FALSE,FALSE,FALSE
3074,DAKCFMEO_03114,BJEIHDPM_00447,,DAKCFMEO_03114,NA,FALSE,,,FALSE,FALSE,FALSE
3075,DAKCFMEO_03115,BJEIHDPM_00448,,DAKCFMEO_03115,NA,FALSE,,,FALSE,FALSE,FALSE
3076,DAKCFMEO_03116,BJEIHDPM_00449,,DAKCFMEO_03116,NA,FALSE,,,FALSE,FALSE,FALSE
3077,DAKCFMEO_03117,BJEIHDPM_00450,,DAKCFMEO_03117,NA,FALSE,,,FALSE,FALSE,FALSE
3078,DAKCFMEO_03118,BJEIHDPM_00451,WP_011103304.1,DAKCFMEO_03118,WP_011103304.1,TRUE,p25_in_GeneB__dc_in_GeneA,OG0002921,TRUE,TRUE,TRUE
3079,DAKCFMEO_03119,BJEIHDPM_00452,WP_005769281.1,DAKCFMEO_03119,WP_005769281.1,TRUE,p25_in_GeneB__dc_in_GeneA,OG0002193,TRUE,TRUE,TRUE
3080,DAKCFMEO_03121,BJEIHDPM_00454,WP_046463447.1,DAKCFMEO_03121,WP_046463447.1,TRUE,p25_in_GeneB__dc_in_GeneA,OG0003974,TRUE,TRUE,TRUE
3081,DAKCFMEO_03122,BJEIHDPM_00455,WP_011104809.1,DAKCFMEO_03122,WP_011104809.1,TRUE,p25_in_GeneB__dc_in_GeneA,OG0003525,TRUE,TRUE,TRUE
3082,DAKCFMEO_03123,BJEIHDPM_00456,WP_011104810.1,DAKCFMEO_03123,WP_011104810.1,TRUE,p25_in_GeneB__dc_in_GeneA,OG0003526,TRUE,TRUE,TRUE
3083,DAKCFMEO_03124,BJEIHDPM_00457,WP_002554651.1,DAKCFMEO_03124,WP_002554651.1,TRUE,p25_in_GeneB__dc_in_GeneA,OG0000683,TRUE,TRUE,TRUE
3084,DAKCFMEO_03125,BJEIHDPM_00458,WP_011104811.1,DAKCFMEO_03125,WP_011104811.1,TRUE,p25_in_GeneB__dc_in_GeneA,OG0003527,TRUE,TRUE,TRUE
3085,DAKCFMEO_03126,BJEIHDPM_00459,WP_005616090.1,DAKCFMEO_03126,WP_005616090.1,TRUE,p25_in_GeneB__dc_in_GeneA,OG0001157,TRUE,TRUE,TRUE
3086,DAKCFMEO_03127,BJEIHDPM_00460,WP_161420636.1,DAKCFMEO_03127,WP_161420636.1,FALSE,,,TRUE,FALSE,FALSE
3087,DAKCFMEO_03128,BJEIHDPM_00461,WP_002554655.1,DAKCFMEO_03128,WP_002554655.1,FALSE,,,TRUE,FALSE,FALSE
3088,DAKCFMEO_03129,BJEIHDPM_00462,WP_003378990.1,DAKCFMEO_03129,WP_003378990.1,TRUE,p25_in_GeneB__dc_in_GeneA,OG0000898,TRUE,TRUE,TRUE
3089,DAKCFMEO_03130,BJEIHDPM_00463,WP_010209286.1,DAKCFMEO_03130,WP_010209286.1,TRUE,p25_in_GeneB__dc_in_GeneA,OG0002752,TRUE,TRUE,TRUE
3090,DAKCFMEO_03131,BJEIHDPM_00464,WP_007245442.1,DAKCFMEO_03131,WP_007245442.1,TRUE,p25_in_GeneB__dc_in_GeneA,OG0002589,TRUE,TRUE,TRUE
3091,DAKCFMEO_03132,BJEIHDPM_00465,WP_011104812.1,DAKCFMEO_03132,WP_011104812.1,TRUE,p25_in_GeneB__dc_in_GeneA,OG0003528,TRUE,TRUE,TRUE
3092,DAKCFMEO_03133,BJEIHDPM_00466,WP_011104813.1,DAKCFMEO_03133,WP_011104813.1,TRUE,p25_in_GeneB__dc_in_GeneA,OG0003529,TRUE,TRUE,TRUE
3093,DAKCFMEO_03134,BJEIHDPM_00467,WP_011104814.1,DAKCFMEO_03134,WP_011104814.1,TRUE,p25_in_GeneB__dc_in_GeneA,OG0003530,TRUE,TRUE,TRUE
3094,DAKCFMEO_03135,BJEIHDPM_00468,WP_007245440.1,DAKCFMEO_03135,WP_007245440.1,TRUE,p25_in_GeneB__dc_in_GeneA,OG0002588,TRUE,TRUE,TRUE
3095,DAKCFMEO_03136,BJEIHDPM_00469,WP_003314356.1,DAKCFMEO_03136,WP_003314356.1,FALSE,,,TRUE,FALSE,FALSE
3096,DAKCFMEO_03137,BJEIHDPM_00470,WP_044390721.1,DAKCFMEO_03137,WP_044390721.1,FALSE,,,TRUE,FALSE,FALSE
3097,DAKCFMEO_03138,BJEIHDPM_00471,WP_005766070.1,DAKCFMEO_03138,WP_005766070.1,TRUE,p25_in_GeneB__dc_in_GeneA,OG0001790,TRUE,TRUE,TRUE
3098,DAKCFMEO_03139,BJEIHDPM_00472,WP_011104815.1,DAKCFMEO_03139,WP_011104815.1,TRUE,p25_in_GeneB__dc_in_GeneA,OG0003531,TRUE,TRUE,TRUE
3099,DAKCFMEO_03140,BJEIHDPM_00473,,DAKCFMEO_03140,NA,FALSE,,,FALSE,FALSE,FALSE
3100,DAKCFMEO_03141,BJEIHDPM_00474,WP_011104816.1,DAKCFMEO_03141,WP_011104816.1,TRUE,p25_in_GeneB__dc_in_GeneA,OG0003532,TRUE,TRUE,TRUE
3101,DAKCFMEO_03142,BJEIHDPM_00475,WP_011104817.1,DAKCFMEO_03142,WP_011104817.1,TRUE,p25_in_GeneB__dc_in_GeneA,OG0003533,TRUE,TRUE,TRUE
3102,DAKCFMEO_03143,BJEIHDPM_00476,WP_007245435.1,DAKCFMEO_03143,WP_007245435.1,TRUE,p25_in_GeneB__dc_in_GeneA,OG0002587,TRUE,TRUE,TRUE
3103,DAKCFMEO_03144,BJEIHDPM_00477,WP_011104818.1,DAKCFMEO_03144,WP_011104818.1,TRUE,p25_in_GeneB__dc_in_GeneA,OG0003534,TRUE,TRUE,TRUE
3104,DAKCFMEO_03147,BJEIHDPM_00480,WP_011104819.1,DAKCFMEO_03147,WP_011104819.1,TRUE,p25_in_GeneB__dc_in_GeneA,OG0003535,TRUE,TRUE,TRUE
3105,DAKCFMEO_03148,BJEIHDPM_00481,WP_011104820.1,DAKCFMEO_03148,WP_011104820.1,TRUE,p25_in_GeneB__dc_in_GeneA,OG0003536,TRUE,TRUE,TRUE
3106,DAKCFMEO_03149,BJEIHDPM_00482,WP_005766050.1,DAKCFMEO_03149,WP_005766050.1,TRUE,p25_in_GeneB__dc_in_GeneA,OG0001789,TRUE,TRUE,TRUE
3107,DAKCFMEO_03150,BJEIHDPM_00483,,DAKCFMEO_03150,NA,FALSE,,,FALSE,FALSE,FALSE
3108,DAKCFMEO_03151,BJEIHDPM_00484,WP_011104834.1,DAKCFMEO_03151,WP_011104834.1,TRUE,p25_in_GeneB__dc_in_GeneA,OG0003537,TRUE,TRUE,TRUE
3109,DAKCFMEO_03152,BJEIHDPM_00485,WP_005766046.1,DAKCFMEO_03152,WP_005766046.1,TRUE,p25_in_GeneB__dc_in_GeneA,OG0001788,TRUE,TRUE,TRUE
3110,DAKCFMEO_03153,BJEIHDPM_00486,WP_004397570.1,DAKCFMEO_03153,WP_004397570.1,TRUE,p25_in_GeneB__dc_in_GeneA,OG0001094,TRUE,TRUE,TRUE
3111,DAKCFMEO_03154,BJEIHDPM_00487,WP_005766044.1,DAKCFMEO_03154,WP_005766044.1,TRUE,p25_in_GeneB__dc_in_GeneA,OG0001787,TRUE,TRUE,TRUE
3112,DAKCFMEO_03155,BJEIHDPM_00488,WP_005766043.1,DAKCFMEO_03155,WP_005766043.1,TRUE,p25_in_GeneB__dc_in_GeneA,OG0001786,TRUE,TRUE,TRUE
3113,DAKCFMEO_03156,BJEIHDPM_00489,WP_005616041.1,DAKCFMEO_03156,WP_005616041.1,TRUE,p25_in_GeneB__dc_in_GeneA,OG0001156,TRUE,TRUE,TRUE
3114,DAKCFMEO_03157,BJEIHDPM_00490,WP_005736179.1,DAKCFMEO_03157,WP_005736179.1,TRUE,p25_in_GeneB__dc_in_GeneA,OG0001235,TRUE,TRUE,TRUE
3115,DAKCFMEO_03158,BJEIHDPM_00491,WP_005766041.1,DAKCFMEO_03158,WP_005766041.1,TRUE,p25_in_GeneB__dc_in_GeneA,OG0001785,TRUE,TRUE,TRUE
3116,DAKCFMEO_03159,BJEIHDPM_00492,WP_005616037.1,DAKCFMEO_03159,WP_005616037.1,FALSE,,,TRUE,FALSE,FALSE
3117,DAKCFMEO_03160,BJEIHDPM_00493,WP_005766026.1,DAKCFMEO_03160,WP_005766026.1,TRUE,p25_in_GeneB__dc_in_GeneA,OG0001784,TRUE,TRUE,TRUE
3118,DAKCFMEO_03161,BJEIHDPM_00494,WP_004397588.1,DAKCFMEO_03161,WP_004397588.1,TRUE,p25_in_GeneB__dc_in_GeneA,OG0001095,TRUE,TRUE,TRUE
3119,DAKCFMEO_03162,BJEIHDPM_00495,WP_005766024.1,DAKCFMEO_03162,WP_005766024.1,TRUE,p25_in_GeneB__dc_in_GeneA,OG0001783,TRUE,TRUE,TRUE
3120,DAKCFMEO_03163,BJEIHDPM_00496,WP_005766020.1,DAKCFMEO_03163,WP_005766020.1,TRUE,p25_in_GeneB__dc_in_GeneA,OG0001782,TRUE,TRUE,TRUE
3121,DAKCFMEO_03164,BJEIHDPM_00497,WP_004397594.1,DAKCFMEO_03164,WP_004397594.1,TRUE,p25_in_GeneB__dc_in_GeneA,OG0001096,TRUE,TRUE,TRUE
3122,DAKCFMEO_03165,BJEIHDPM_00498,WP_005766018.1,DAKCFMEO_03165,WP_005766018.1,FALSE,,,TRUE,FALSE,FALSE
3123,DAKCFMEO_03166,BJEIHDPM_00499,WP_011104855.1,DAKCFMEO_03166,WP_011104855.1,TRUE,p25_in_GeneB__dc_in_GeneA,OG0003539,TRUE,TRUE,TRUE
3124,DAKCFMEO_03167,BJEIHDPM_00500,WP_005736188.1,DAKCFMEO_03167,WP_005736188.1,TRUE,p25_in_GeneB__dc_in_GeneA,OG0001236,TRUE,TRUE,TRUE
3125,DAKCFMEO_03168,BJEIHDPM_00501,WP_005616022.1,DAKCFMEO_03168,WP_005616022.1,TRUE,p25_in_GeneB__dc_in_GeneA,OG0001155,TRUE,TRUE,TRUE
3126,DAKCFMEO_03169,BJEIHDPM_00502,WP_005766016.1,DAKCFMEO_03169,WP_005766016.1,TRUE,p25_in_GeneB__dc_in_GeneA,OG0001781,TRUE,TRUE,TRUE
3127,DAKCFMEO_03170,BJEIHDPM_00503,WP_007245422.1,DAKCFMEO_03170,WP_007245422.1,TRUE,p25_in_GeneB__dc_in_GeneA,OG0002586,TRUE,TRUE,TRUE
3128,DAKCFMEO_03171,BJEIHDPM_00504,WP_005766014.1,DAKCFMEO_03171,WP_005766014.1,FALSE,,,TRUE,FALSE,FALSE
3129,DAKCFMEO_03172,BJEIHDPM_00505,WP_011103598.1,DAKCFMEO_03172,WP_011103598.1,TRUE,p25_in_GeneB__dc_in_GeneA,OG0003035,TRUE,TRUE,TRUE
3130,DAKCFMEO_03173,BJEIHDPM_00506,WP_005766012.1,DAKCFMEO_03173,WP_005766012.1,TRUE,p25_in_GeneB__dc_in_GeneA,OG0001780,TRUE,TRUE,TRUE
3131,DAKCFMEO_03174,BJEIHDPM_00507,WP_005766011.1,DAKCFMEO_03174,WP_005766011.1,TRUE,p25_in_GeneB__dc_in_GeneA,OG0001779,TRUE,TRUE,TRUE
3132,DAKCFMEO_03175,BJEIHDPM_00508,WP_005766009.1,DAKCFMEO_03175,WP_005766009.1,TRUE,p25_in_GeneB__dc_in_GeneA,OG0001778,TRUE,TRUE,TRUE
3133,DAKCFMEO_03176,BJEIHDPM_00509,WP_003377838.1,DAKCFMEO_03176,WP_003377838.1,TRUE,p25_in_GeneB__dc_in_GeneA,OG0000849,TRUE,TRUE,TRUE
3134,DAKCFMEO_03177,BJEIHDPM_00510,WP_005766007.1,DAKCFMEO_03177,WP_005766007.1,TRUE,p25_in_GeneB__dc_in_GeneA,OG0001777,TRUE,TRUE,TRUE
3135,DAKCFMEO_03178,BJEIHDPM_00511,WP_003377835.1,DAKCFMEO_03178,WP_003377835.1,TRUE,p25_in_GeneB__dc_in_GeneA,OG0000848,TRUE,TRUE,TRUE
3136,DAKCFMEO_03179,BJEIHDPM_00512,WP_005766003.1,DAKCFMEO_03179,WP_005766003.1,FALSE,,,TRUE,FALSE,FALSE
3137,DAKCFMEO_03180,BJEIHDPM_00513,WP_003377831.1,DAKCFMEO_03180,WP_003377831.1,TRUE,p25_in_GeneB__dc_in_GeneA,OG0000847,TRUE,TRUE,TRUE
3138,DAKCFMEO_03181,BJEIHDPM_00514,WP_003377829.1,DAKCFMEO_03181,WP_003377829.1,TRUE,p25_in_GeneB__dc_in_GeneA,OG0000846,TRUE,TRUE,TRUE
3139,DAKCFMEO_03182,BJEIHDPM_00515,WP_044390753.1,DAKCFMEO_03182,WP_044390753.1,TRUE,p25_in_GeneB__dc_in_GeneA,OG0003910,TRUE,TRUE,TRUE
3140,DAKCFMEO_03183,BJEIHDPM_00516,WP_003377825.1,DAKCFMEO_03183,WP_003377825.1,TRUE,p25_in_GeneB__dc_in_GeneA,OG0000845,TRUE,TRUE,TRUE
3141,DAKCFMEO_03184,BJEIHDPM_00517,WP_011103596.1,DAKCFMEO_03184,WP_011103596.1,TRUE,p25_in_GeneB__dc_in_GeneA,OG0003034,TRUE,TRUE,TRUE
3142,DAKCFMEO_03185,BJEIHDPM_00518,WP_005765997.1,DAKCFMEO_03185,WP_005765997.1,TRUE,p25_in_GeneB__dc_in_GeneA,OG0001776,TRUE,TRUE,TRUE
3143,DAKCFMEO_03186,BJEIHDPM_00519,WP_011103595.1,DAKCFMEO_03186,WP_011103595.1,TRUE,p25_in_GeneB__dc_in_GeneA,OG0003033,TRUE,TRUE,TRUE
3144,DAKCFMEO_03187,BJEIHDPM_00520,WP_011103594.1,DAKCFMEO_03187,WP_011103594.1,TRUE,p25_in_GeneB__dc_in_GeneA,OG0003032,TRUE,TRUE,TRUE
3145,DAKCFMEO_03188,BJEIHDPM_00521,WP_003377815.1,DAKCFMEO_03188,WP_003377815.1,FALSE,,,TRUE,FALSE,FALSE
3146,DAKCFMEO_03189,BJEIHDPM_00522,WP_005765994.1,DAKCFMEO_03189,WP_005765994.1,TRUE,p25_in_GeneB__dc_in_GeneA,OG0001775,TRUE,TRUE,TRUE
3147,DAKCFMEO_03190,BJEIHDPM_00523,WP_002554721.1,DAKCFMEO_03190,WP_002554721.1,TRUE,p25_in_GeneB__dc_in_GeneA,OG0000684,TRUE,TRUE,TRUE
3148,DAKCFMEO_03191,BJEIHDPM_00524,WP_007245414.1,DAKCFMEO_03191,WP_007245414.1,TRUE,p25_in_GeneB__dc_in_GeneA,OG0002585,TRUE,TRUE,TRUE
3149,DAKCFMEO_03192,BJEIHDPM_00525,WP_011103593.1,DAKCFMEO_03192,WP_011103593.1,TRUE,p25_in_GeneB__dc_in_GeneA,OG0003031,TRUE,TRUE,TRUE
3150,DAKCFMEO_03193,BJEIHDPM_00526,WP_005765988.1,DAKCFMEO_03193,WP_005765988.1,TRUE,p25_in_GeneB__dc_in_GeneA,OG0001774,TRUE,TRUE,TRUE
3151,DAKCFMEO_03194,BJEIHDPM_00527,WP_011103592.1,DAKCFMEO_03194,WP_011103592.1,TRUE,p25_in_GeneB__dc_in_GeneA,OG0003030,TRUE,TRUE,TRUE
3152,DAKCFMEO_03195,BJEIHDPM_00528,WP_005765985.1,DAKCFMEO_03195,WP_005765985.1,TRUE,p25_in_GeneB__dc_in_GeneA,OG0001773,TRUE,TRUE,TRUE
3153,DAKCFMEO_03196,BJEIHDPM_00529,WP_005765982.1,DAKCFMEO_03196,WP_005765982.1,TRUE,p25_in_GeneB__dc_in_GeneA,OG0001772,TRUE,TRUE,TRUE
3154,DAKCFMEO_03197,BJEIHDPM_00530,WP_002554728.1,DAKCFMEO_03197,WP_002554728.1,TRUE,p25_in_GeneB__dc_in_GeneA,OG0000685,TRUE,TRUE,TRUE
3155,DAKCFMEO_03198,BJEIHDPM_00531,WP_005765978.1,DAKCFMEO_03198,WP_005765978.1,TRUE,p25_in_GeneB__dc_in_GeneA,OG0001771,TRUE,TRUE,TRUE
3156,DAKCFMEO_03199,BJEIHDPM_00532,WP_005615972.1,DAKCFMEO_03199,WP_005615972.1,TRUE,p25_in_GeneB__dc_in_GeneA,OG0001154,TRUE,TRUE,TRUE
3157,DAKCFMEO_03200,BJEIHDPM_00533,WP_005765976.1,DAKCFMEO_03200,WP_005765976.1,FALSE,,,TRUE,FALSE,FALSE
3158,DAKCFMEO_03201,BJEIHDPM_00534,WP_007245412.1,DAKCFMEO_03201,WP_007245412.1,TRUE,p25_in_GeneB__dc_in_GeneA,OG0002584,TRUE,TRUE,TRUE
3159,DAKCFMEO_03202,BJEIHDPM_00535,WP_011103591.1,DAKCFMEO_03202,WP_011103591.1,TRUE,p25_in_GeneB__dc_in_GeneA,OG0003029,TRUE,TRUE,TRUE
3160,DAKCFMEO_03203,BJEIHDPM_00536,WP_011103590.1,DAKCFMEO_03203,WP_011103590.1,TRUE,p25_in_GeneB__dc_in_GeneA,OG0003028,TRUE,TRUE,TRUE
3161,DAKCFMEO_03204,BJEIHDPM_00537,WP_003377785.1,DAKCFMEO_03204,WP_003377785.1,TRUE,p25_in_GeneB__dc_in_GeneA,OG0000843,TRUE,TRUE,TRUE
3162,DAKCFMEO_03205,BJEIHDPM_00538,WP_003377783.1,DAKCFMEO_03205,WP_003377783.1,TRUE,p25_in_GeneB__dc_in_GeneA,OG0000842,TRUE,TRUE,TRUE
3163,DAKCFMEO_03206,BJEIHDPM_00539,WP_011103589.1,DAKCFMEO_03206,WP_011103589.1,TRUE,p25_in_GeneB__dc_in_GeneA,OG0003027,TRUE,TRUE,TRUE
3164,DAKCFMEO_03207,BJEIHDPM_00540,WP_011103588.1,DAKCFMEO_03207,WP_011103588.1,TRUE,p25_in_GeneB__dc_in_GeneA,OG0003026,TRUE,TRUE,TRUE
3165,DAKCFMEO_03208,BJEIHDPM_00541,WP_011103587.1,DAKCFMEO_03208,WP_011103587.1,TRUE,p25_in_GeneB__dc_in_GeneA,OG0003025,TRUE,TRUE,TRUE
3166,DAKCFMEO_03209,BJEIHDPM_00542,,DAKCFMEO_03209,NA,FALSE,,,FALSE,FALSE,FALSE
3167,DAKCFMEO_03210,BJEIHDPM_00543,WP_005765961.1,DAKCFMEO_03210,WP_005765961.1,TRUE,p25_in_GeneB__dc_in_GeneA,OG0001770,TRUE,TRUE,TRUE
3168,DAKCFMEO_03211,BJEIHDPM_00544,WP_005615949.1,DAKCFMEO_03211,WP_005615949.1,TRUE,p25_in_GeneB__dc_in_GeneA,OG0001153,TRUE,TRUE,TRUE
3169,DAKCFMEO_03212,BJEIHDPM_00545,WP_005765957.1,DAKCFMEO_03212,WP_005765957.1,TRUE,p25_in_GeneB__dc_in_GeneA,OG0001769,TRUE,TRUE,TRUE
3170,DAKCFMEO_03213,BJEIHDPM_00547,,DAKCFMEO_03213,NA,FALSE,,,FALSE,FALSE,FALSE
3171,DAKCFMEO_03214,BJEIHDPM_00548,WP_007245401.1,DAKCFMEO_03214,WP_007245401.1,TRUE,p25_in_GeneB__dc_in_GeneA,OG0002583,TRUE,TRUE,TRUE
3172,DAKCFMEO_03215,BJEIHDPM_00549,WP_005765949.1,DAKCFMEO_03215,WP_005765949.1,TRUE,p25_in_GeneB__dc_in_GeneA,OG0001768,TRUE,TRUE,TRUE
3173,DAKCFMEO_03216,BJEIHDPM_00550,,DAKCFMEO_03216,NA,FALSE,,,FALSE,FALSE,FALSE
3174,DAKCFMEO_03217,BJEIHDPM_00551,,DAKCFMEO_03217,NA,FALSE,,,FALSE,FALSE,FALSE
3175,DAKCFMEO_03218,BJEIHDPM_00552,,DAKCFMEO_03218,NA,FALSE,,,FALSE,FALSE,FALSE
3176,DAKCFMEO_03219,BJEIHDPM_00553,WP_005765943.1,DAKCFMEO_03219,WP_005765943.1,TRUE,p25_in_GeneB__dc_in_GeneA,OG0001767,TRUE,TRUE,TRUE
3177,DAKCFMEO_03220,BJEIHDPM_00554,WP_005765940.1,DAKCFMEO_03220,WP_005765940.1,TRUE,p25_in_GeneB__dc_in_GeneA,OG0001766,TRUE,TRUE,TRUE
3178,DAKCFMEO_03221,BJEIHDPM_00555,WP_005765937.1,DAKCFMEO_03221,WP_005765937.1,TRUE,p25_in_GeneB__dc_in_GeneA,OG0001765,TRUE,TRUE,TRUE
3179,DAKCFMEO_03222,BJEIHDPM_00556,,DAKCFMEO_03222,NA,FALSE,,,FALSE,FALSE,FALSE
3180,DAKCFMEO_03223,BJEIHDPM_00557,WP_007245396.1,DAKCFMEO_03223,WP_007245396.1,FALSE,,,TRUE,FALSE,FALSE
3181,DAKCFMEO_03224,BJEIHDPM_00558,WP_007245395.1,DAKCFMEO_03224,WP_007245395.1,TRUE,p25_in_GeneB__dc_in_GeneA,OG0002582,TRUE,TRUE,TRUE
3182,DAKCFMEO_03225,BJEIHDPM_00559,WP_005765933.1,DAKCFMEO_03225,WP_005765933.1,TRUE,p25_in_GeneB__dc_in_GeneA,OG0001764,TRUE,TRUE,TRUE
3183,DAKCFMEO_03226,BJEIHDPM_00560,WP_011103583.1,DAKCFMEO_03226,WP_011103583.1,TRUE,p25_in_GeneB__dc_in_GeneA,OG0003024,TRUE,TRUE,TRUE
3184,DAKCFMEO_03227,BJEIHDPM_00561,,DAKCFMEO_03227,NA,FALSE,,,FALSE,FALSE,FALSE
3185,DAKCFMEO_03228,BJEIHDPM_00562,WP_011103582.1,DAKCFMEO_03228,WP_011103582.1,TRUE,p25_in_GeneB__dc_in_GeneA,OG0003023,TRUE,TRUE,TRUE
3186,DAKCFMEO_03229,BJEIHDPM_00563,,DAKCFMEO_03229,NA,FALSE,,,FALSE,FALSE,FALSE
3187,DAKCFMEO_03230,BJEIHDPM_00564,WP_005765928.1,DAKCFMEO_03230,WP_005765928.1,TRUE,p25_in_GeneB__dc_in_GeneA,OG0001763,TRUE,TRUE,TRUE
3188,DAKCFMEO_03231,BJEIHDPM_00565,WP_005765926.1,DAKCFMEO_03231,WP_005765926.1,TRUE,p25_in_GeneB__dc_in_GeneA,OG0001762,TRUE,TRUE,TRUE
3189,DAKCFMEO_03232,BJEIHDPM_00566,WP_011103581.1,DAKCFMEO_03232,WP_011103581.1,TRUE,p25_in_GeneB__dc_in_GeneA,OG0003022,TRUE,TRUE,TRUE
3190,DAKCFMEO_03233,BJEIHDPM_00567,WP_007245391.1,DAKCFMEO_03233,WP_007245391.1,TRUE,p25_in_GeneB__dc_in_GeneA,OG0002581,TRUE,TRUE,TRUE
3191,DAKCFMEO_03234,BJEIHDPM_00568,WP_005765921.1,DAKCFMEO_03234,WP_005765921.1,TRUE,p25_in_GeneB__dc_in_GeneA,OG0001761,TRUE,TRUE,TRUE
3192,DAKCFMEO_03235,BJEIHDPM_00569,,DAKCFMEO_03235,NA,FALSE,,,FALSE,FALSE,FALSE
3193,DAKCFMEO_03236,BJEIHDPM_00570,WP_024657440.1,DAKCFMEO_03236,WP_024657440.1,TRUE,p25_in_GeneB__dc_in_GeneA,OG0003857,TRUE,TRUE,TRUE
3194,DAKCFMEO_03237,BJEIHDPM_00571,WP_005765916.1,DAKCFMEO_03237,WP_005765916.1,TRUE,p25_in_GeneB__dc_in_GeneA,OG0001760,TRUE,TRUE,TRUE
3195,DAKCFMEO_03238,BJEIHDPM_00572,WP_096059895.1,DAKCFMEO_03238,WP_096059895.1,TRUE,p25_in_GeneB__dc_in_GeneA,OG0004080,TRUE,TRUE,TRUE
3196,DAKCFMEO_03239,BJEIHDPM_00573,,DAKCFMEO_03239,NA,FALSE,,,FALSE,FALSE,FALSE
3197,DAKCFMEO_03240,BJEIHDPM_00574,WP_005765914.1,DAKCFMEO_03240,WP_005765914.1,TRUE,p25_in_GeneB__dc_in_GeneA,OG0001759,TRUE,TRUE,TRUE
3198,DAKCFMEO_03241,BJEIHDPM_00575,WP_005765912.1,DAKCFMEO_03241,WP_005765912.1,TRUE,p25_in_GeneB__dc_in_GeneA,OG0001758,TRUE,TRUE,TRUE
3199,DAKCFMEO_03242,BJEIHDPM_00576,WP_011103579.1,DAKCFMEO_03242,WP_011103579.1,TRUE,p25_in_GeneB__dc_in_GeneA,OG0003021,TRUE,TRUE,TRUE
3200,DAKCFMEO_03243,BJEIHDPM_00577,WP_005765908.1,DAKCFMEO_03243,WP_005765908.1,TRUE,p25_in_GeneB__dc_in_GeneA,OG0001757,TRUE,TRUE,TRUE
3201,DAKCFMEO_03244,BJEIHDPM_00578,WP_011103578.1,DAKCFMEO_03244,WP_011103578.1,TRUE,p25_in_GeneB__dc_in_GeneA,OG0003020,TRUE,TRUE,TRUE
3202,DAKCFMEO_03245,BJEIHDPM_00579,WP_003377717.1,DAKCFMEO_03245,WP_003377717.1,TRUE,p25_in_GeneB__dc_in_GeneA,OG0000841,TRUE,TRUE,TRUE
3203,DAKCFMEO_03246,BJEIHDPM_00580,WP_005765904.1,DAKCFMEO_03246,WP_005765904.1,TRUE,p25_in_GeneB__dc_in_GeneA,OG0001756,TRUE,TRUE,TRUE
3204,DAKCFMEO_03247,BJEIHDPM_00581,WP_005765900.1,DAKCFMEO_03247,WP_005765900.1,TRUE,p25_in_GeneB__dc_in_GeneA,OG0001755,TRUE,TRUE,TRUE
3205,DAKCFMEO_03248,BJEIHDPM_00582,WP_011103576.1,DAKCFMEO_03248,WP_011103576.1,FALSE,,,TRUE,FALSE,FALSE
3206,DAKCFMEO_03249,BJEIHDPM_00583,WP_011103575.1,DAKCFMEO_03249,WP_011103575.1,TRUE,p25_in_GeneB__dc_in_GeneA,OG0003018,TRUE,TRUE,TRUE
3207,DAKCFMEO_03250,BJEIHDPM_00584,WP_011103574.1,DAKCFMEO_03250,WP_011103574.1,TRUE,p25_in_GeneB__dc_in_GeneA,OG0003017,TRUE,TRUE,TRUE
3208,DAKCFMEO_03251,BJEIHDPM_00585,WP_003377703.1,DAKCFMEO_03251,WP_003377703.1,TRUE,p25_in_GeneB__dc_in_GeneA,OG0000840,TRUE,TRUE,TRUE
3209,DAKCFMEO_03252,BJEIHDPM_00586,WP_005765892.1,DAKCFMEO_03252,WP_005765892.1,TRUE,p25_in_GeneB__dc_in_GeneA,OG0001754,TRUE,TRUE,TRUE
3210,DAKCFMEO_03253,BJEIHDPM_00587,WP_007245377.1,DAKCFMEO_03253,WP_007245377.1,TRUE,p25_in_GeneB__dc_in_GeneA,OG0002580,TRUE,TRUE,TRUE
3211,DAKCFMEO_03254,BJEIHDPM_00588,WP_005765888.1,DAKCFMEO_03254,WP_005765888.1,TRUE,p25_in_GeneB__dc_in_GeneA,OG0001753,TRUE,TRUE,TRUE
3212,DAKCFMEO_03255,BJEIHDPM_00589,WP_161797770.1,DAKCFMEO_03255,WP_161797770.1,TRUE,p25_in_GeneB__dc_in_GeneA,OG0004088,TRUE,TRUE,TRUE
3213,DAKCFMEO_03256,BJEIHDPM_00590,WP_046463398.1,DAKCFMEO_03256,WP_046463398.1,FALSE,,,TRUE,FALSE,FALSE
3214,DAKCFMEO_03257,BJEIHDPM_00591,WP_011103569.1,DAKCFMEO_03257,WP_011103569.1,TRUE,p25_in_GeneB__dc_in_GeneA,OG0003016,TRUE,TRUE,TRUE
3215,DAKCFMEO_03258,BJEIHDPM_00592,WP_005765880.1,DAKCFMEO_03258,WP_005765880.1,TRUE,p25_in_GeneB__dc_in_GeneA,OG0001752,TRUE,TRUE,TRUE
3216,DAKCFMEO_03259,BJEIHDPM_00593,WP_007245372.1,DAKCFMEO_03259,WP_007245372.1,TRUE,p25_in_GeneB__dc_in_GeneA,OG0002579,TRUE,TRUE,TRUE
3217,DAKCFMEO_03260,BJEIHDPM_00594,WP_005765876.1,DAKCFMEO_03260,WP_005765876.1,FALSE,,,TRUE,FALSE,FALSE
3218,DAKCFMEO_03261,BJEIHDPM_00595,WP_002552524.1,DAKCFMEO_03261,WP_002552524.1,TRUE,p25_in_GeneB__dc_in_GeneA,OG0000649,TRUE,TRUE,TRUE
3219,DAKCFMEO_03262,BJEIHDPM_00596,WP_005765874.1,DAKCFMEO_03262,WP_005765874.1,TRUE,p25_in_GeneB__dc_in_GeneA,OG0001751,TRUE,TRUE,TRUE
3220,DAKCFMEO_03263,BJEIHDPM_00597,WP_005765872.1,DAKCFMEO_03263,WP_005765872.1,TRUE,p25_in_GeneB__dc_in_GeneA,OG0001750,TRUE,TRUE,TRUE
3221,DAKCFMEO_03264,BJEIHDPM_00598,WP_003377687.1,DAKCFMEO_03264,WP_003377687.1,TRUE,p25_in_GeneB__dc_in_GeneA,OG0000839,TRUE,TRUE,TRUE
3222,DAKCFMEO_03265,BJEIHDPM_00599,WP_007245370.1,DAKCFMEO_03265,WP_007245370.1,TRUE,p25_in_GeneB__dc_in_GeneA,OG0002578,TRUE,TRUE,TRUE
3223,DAKCFMEO_03266,BJEIHDPM_00600,WP_005765867.1,DAKCFMEO_03266,WP_005765867.1,TRUE,p25_in_GeneB__dc_in_GeneA,OG0001749,TRUE,TRUE,TRUE
3224,DAKCFMEO_03267,BJEIHDPM_00601,WP_007245369.1,DAKCFMEO_03267,WP_007245369.1,TRUE,p25_in_GeneB__dc_in_GeneA,OG0002577,TRUE,TRUE,TRUE
3225,DAKCFMEO_03268,BJEIHDPM_00602,WP_011103567.1,DAKCFMEO_03268,WP_011103567.1,TRUE,p25_in_GeneB__dc_in_GeneA,OG0003015,TRUE,TRUE,TRUE
3226,DAKCFMEO_03269,BJEIHDPM_00603,WP_005765861.1,DAKCFMEO_03269,WP_005765861.1,TRUE,p25_in_GeneB__dc_in_GeneA,OG0001748,TRUE,TRUE,TRUE
3227,DAKCFMEO_03270,BJEIHDPM_00604,WP_005765859.1,DAKCFMEO_03270,WP_005765859.1,TRUE,p25_in_GeneB__dc_in_GeneA,OG0001747,TRUE,TRUE,TRUE
3228,DAKCFMEO_03271,BJEIHDPM_00605,WP_005771683.1,DAKCFMEO_03271,WP_005771683.1,FALSE,,,TRUE,FALSE,FALSE
3229,DAKCFMEO_03272,BJEIHDPM_00606,WP_005615845.1,DAKCFMEO_03272,WP_005615845.1,TRUE,p25_in_GeneB__dc_in_GeneA,OG0001152,TRUE,TRUE,TRUE
3230,DAKCFMEO_03273,BJEIHDPM_00607,WP_011103566.1,DAKCFMEO_03273,WP_011103566.1,TRUE,p25_in_GeneB__dc_in_GeneA,OG0003014,TRUE,TRUE,TRUE
3231,DAKCFMEO_03274,BJEIHDPM_00608,WP_011103564.1,DAKCFMEO_03274,WP_011103564.1,TRUE,p25_in_GeneB__dc_in_GeneA,OG0003013,TRUE,TRUE,TRUE
3232,DAKCFMEO_03275,BJEIHDPM_00609,WP_005771689.1,DAKCFMEO_03275,WP_005771689.1,TRUE,p25_in_GeneB__dc_in_GeneA,OG0002455,TRUE,TRUE,TRUE
3233,DAKCFMEO_03276,BJEIHDPM_00610,WP_005771691.1,DAKCFMEO_03276,WP_005771691.1,TRUE,p25_in_GeneB__dc_in_GeneA,OG0002456,TRUE,TRUE,TRUE
3234,DAKCFMEO_03277,BJEIHDPM_00611,WP_011103562.1,DAKCFMEO_03277,WP_011103562.1,TRUE,p25_in_GeneB__dc_in_GeneA,OG0003012,TRUE,TRUE,TRUE
3235,DAKCFMEO_03278,BJEIHDPM_00612,WP_080546580.1,DAKCFMEO_03278,WP_080546580.1,TRUE,p25_in_GeneB__dc_in_GeneA,OG0004071,TRUE,TRUE,TRUE
3236,DAKCFMEO_03279,BJEIHDPM_00613,WP_007247479.1,DAKCFMEO_03279,WP_007247479.1,TRUE,p25_in_GeneB__dc_in_GeneA,OG0002717,TRUE,TRUE,TRUE
3237,DAKCFMEO_03280,BJEIHDPM_00614,WP_011103560.1,DAKCFMEO_03280,WP_011103560.1,TRUE,p25_in_GeneB__dc_in_GeneA,OG0003011,TRUE,TRUE,TRUE
3238,DAKCFMEO_03281,BJEIHDPM_00615,,DAKCFMEO_03281,NA,FALSE,,,FALSE,FALSE,FALSE
3239,DAKCFMEO_03282,BJEIHDPM_00616,,DAKCFMEO_03282,NA,FALSE,,,FALSE,FALSE,FALSE
3240,DAKCFMEO_03283,BJEIHDPM_00617,WP_024668184.1,DAKCFMEO_03283,WP_024668184.1,TRUE,p25_in_GeneB__dc_in_GeneA,OG0003878,TRUE,TRUE,TRUE
3241,DAKCFMEO_03284,BJEIHDPM_00618,,DAKCFMEO_03284,NA,FALSE,,,FALSE,FALSE,FALSE
3242,DAKCFMEO_03285,BJEIHDPM_00619,,DAKCFMEO_03285,NA,FALSE,,,FALSE,FALSE,FALSE
3243,DAKCFMEO_03286,BJEIHDPM_00620,,DAKCFMEO_03286,NA,FALSE,,,FALSE,FALSE,FALSE
3244,DAKCFMEO_03289,BJEIHDPM_00764,WP_005764104.1,DAKCFMEO_03289,WP_005764104.1,TRUE,p25_in_GeneB__dc_in_GeneA,OG0001530,TRUE,TRUE,TRUE
3245,DAKCFMEO_03290,BJEIHDPM_00763,WP_005764101.1,DAKCFMEO_03290,WP_005764101.1,TRUE,p25_in_GeneB__dc_in_GeneA,OG0001529,TRUE,TRUE,TRUE
3246,DAKCFMEO_03291,BJEIHDPM_00762,WP_002552279.1,DAKCFMEO_03291,WP_002552279.1,TRUE,p25_in_GeneB__dc_in_GeneA,OG0000646,TRUE,TRUE,TRUE
3247,DAKCFMEO_03292,BJEIHDPM_00745,WP_007244904.1,DAKCFMEO_03292,WP_007244904.1,TRUE,p25_in_GeneB__dc_in_GeneA,OG0002552,TRUE,TRUE,TRUE
3248,DAKCFMEO_03293,BJEIHDPM_00746,WP_005764071.1,DAKCFMEO_03293,WP_005764071.1,TRUE,p25_in_GeneB__dc_in_GeneA,OG0001523,TRUE,TRUE,TRUE
3249,DAKCFMEO_03294,BJEIHDPM_00747,WP_005615457.1,DAKCFMEO_03294,WP_005615457.1,TRUE,p25_in_GeneB__dc_in_GeneA,OG0001146,TRUE,TRUE,TRUE
3250,DAKCFMEO_03295,BJEIHDPM_00748,WP_005764073.1,DAKCFMEO_03295,WP_005764073.1,TRUE,p25_in_GeneB__dc_in_GeneA,OG0001524,TRUE,TRUE,TRUE
3251,DAKCFMEO_03296,BJEIHDPM_00749,WP_011103496.1,DAKCFMEO_03296,WP_011103496.1,TRUE,p25_in_GeneB__dc_in_GeneA,OG0002987,TRUE,TRUE,TRUE
3252,DAKCFMEO_03297,BJEIHDPM_00750,WP_005764078.1,DAKCFMEO_03297,WP_005764078.1,TRUE,p25_in_GeneB__dc_in_GeneA,OG0001525,TRUE,TRUE,TRUE
3253,DAKCFMEO_03298,BJEIHDPM_00751,WP_046463296.1,DAKCFMEO_03298,WP_046463296.1,TRUE,p25_in_GeneB__dc_in_GeneA,OG0003932,TRUE,TRUE,TRUE
3254,DAKCFMEO_03299,BJEIHDPM_00752,WP_005764082.1,DAKCFMEO_03299,WP_005764082.1,FALSE,,,TRUE,FALSE,FALSE
3255,DAKCFMEO_03300,BJEIHDPM_00753,,DAKCFMEO_03300,NA,FALSE,,,FALSE,FALSE,FALSE
3256,DAKCFMEO_03301,BJEIHDPM_00754,WP_005764084.1,DAKCFMEO_03301,WP_005764084.1,TRUE,p25_in_GeneB__dc_in_GeneA,OG0001526,TRUE,TRUE,TRUE
3257,DAKCFMEO_03302,BJEIHDPM_00755,WP_003375972.1,DAKCFMEO_03302,WP_003375972.1,TRUE,p25_in_GeneB__dc_in_GeneA,OG0000773,TRUE,TRUE,TRUE
3258,DAKCFMEO_03303,BJEIHDPM_00756,WP_011103494.1,DAKCFMEO_03303,WP_011103494.1,TRUE,p25_in_GeneB__dc_in_GeneA,OG0002986,TRUE,TRUE,TRUE
3259,DAKCFMEO_03304,BJEIHDPM_00757,WP_005764092.1,DAKCFMEO_03304,WP_005764092.1,TRUE,p25_in_GeneB__dc_in_GeneA,OG0001527,TRUE,TRUE,TRUE
3260,DAKCFMEO_03305,BJEIHDPM_00758,WP_005764094.1,DAKCFMEO_03305,WP_005764094.1,TRUE,p25_in_GeneB__dc_in_GeneA,OG0001528,TRUE,TRUE,TRUE
3261,DAKCFMEO_03306,BJEIHDPM_00759,,DAKCFMEO_03306,NA,FALSE,,,FALSE,FALSE,FALSE
3262,DAKCFMEO_03307,BJEIHDPM_00760,WP_011103493.1,DAKCFMEO_03307,WP_011103493.1,TRUE,p25_in_GeneB__dc_in_GeneA,OG0002985,TRUE,TRUE,TRUE
3263,DAKCFMEO_03308,BJEIHDPM_00761,WP_032621684.1,DAKCFMEO_03308,WP_032621684.1,TRUE,p25_in_GeneB__dc_in_GeneA,OG0003883,TRUE,TRUE,TRUE
3264,DAKCFMEO_03309,BJEIHDPM_00683,,DAKCFMEO_03309,NA,FALSE,,,FALSE,FALSE,FALSE
3265,DAKCFMEO_03310,BJEIHDPM_00682,,DAKCFMEO_03310,NA,FALSE,,,FALSE,FALSE,FALSE
3266,DAKCFMEO_03311,BJEIHDPM_00681,,DAKCFMEO_03311,NA,FALSE,,,FALSE,FALSE,FALSE
3267,DAKCFMEO_03312,BJEIHDPM_00680,,DAKCFMEO_03312,NA,FALSE,,,FALSE,FALSE,FALSE
3268,DAKCFMEO_03313,BJEIHDPM_00679,,DAKCFMEO_03313,NA,FALSE,,,FALSE,FALSE,FALSE
3269,DAKCFMEO_03314,BJEIHDPM_00678,,DAKCFMEO_03314,NA,FALSE,,,FALSE,FALSE,FALSE
3270,DAKCFMEO_03315,BJEIHDPM_00677,WP_005763930.1,DAKCFMEO_03315,WP_005763930.1,FALSE,,,TRUE,FALSE,FALSE
3271,DAKCFMEO_03316,BJEIHDPM_00676,WP_024668283.1,DAKCFMEO_03316,WP_024668283.1,FALSE,,,TRUE,FALSE,FALSE
3272,DAKCFMEO_03317,BJEIHDPM_00675,,DAKCFMEO_03317,NA,FALSE,,,FALSE,FALSE,FALSE
3273,DAKCFMEO_03318,BJEIHDPM_00674,,DAKCFMEO_03318,NA,FALSE,,,FALSE,FALSE,FALSE
3274,DAKCFMEO_03319,BJEIHDPM_00673,,DAKCFMEO_03319,NA,FALSE,,,FALSE,FALSE,FALSE
3275,DAKCFMEO_03320,BJEIHDPM_00672,,DAKCFMEO_03320,NA,FALSE,,,FALSE,FALSE,FALSE
3276,DAKCFMEO_03321,BJEIHDPM_00671,,DAKCFMEO_03321,NA,FALSE,,,FALSE,FALSE,FALSE
3277,DAKCFMEO_03322,BJEIHDPM_00670,WP_011103544.1,DAKCFMEO_03322,WP_011103544.1,TRUE,p25_in_GeneB__dc_in_GeneA,OG0003005,TRUE,TRUE,TRUE
3278,DAKCFMEO_03323,BJEIHDPM_00669,WP_046463820.1,DAKCFMEO_03323,WP_046463820.1,TRUE,p25_in_GeneB__dc_in_GeneA,OG0004023,TRUE,TRUE,TRUE
3279,DAKCFMEO_03324,BJEIHDPM_00668,,DAKCFMEO_03324,NA,FALSE,,,FALSE,FALSE,FALSE
3280,DAKCFMEO_03325,BJEIHDPM_00667,,DAKCFMEO_03325,NA,FALSE,,,FALSE,FALSE,FALSE
3281,DAKCFMEO_03326,BJEIHDPM_00666,,DAKCFMEO_03326,NA,FALSE,,,FALSE,FALSE,FALSE
3282,DAKCFMEO_03327,BJEIHDPM_00665,,DAKCFMEO_03327,NA,FALSE,,,FALSE,FALSE,FALSE
3283,DAKCFMEO_03329,BJEIHDPM_00663,WP_005771042.1,DAKCFMEO_03329,WP_005771042.1,TRUE,p25_in_GeneB__dc_in_GeneA,OG0002402,TRUE,TRUE,TRUE
3284,DAKCFMEO_03330,BJEIHDPM_00662,WP_005736309.1,DAKCFMEO_03330,WP_005736309.1,TRUE,p25_in_GeneB__dc_in_GeneA,OG0001237,TRUE,TRUE,TRUE
3285,DAKCFMEO_03331,BJEIHDPM_00661,WP_002552468.1,DAKCFMEO_03331,WP_002552468.1,TRUE,p25_in_GeneB__dc_in_GeneA,OG0000647,TRUE,TRUE,TRUE
3286,DAKCFMEO_03332,BJEIHDPM_00660,WP_005771039.1,DAKCFMEO_03332,WP_005771039.1,TRUE,p25_in_GeneB__dc_in_GeneA,OG0002401,TRUE,TRUE,TRUE
3287,DAKCFMEO_03333,BJEIHDPM_00659,WP_003380592.1,DAKCFMEO_03333,WP_003380592.1,TRUE,p25_in_GeneB__dc_in_GeneA,OG0000952,TRUE,TRUE,TRUE
3288,DAKCFMEO_03334,BJEIHDPM_00658,WP_007247086.1,DAKCFMEO_03334,WP_007247086.1,TRUE,p25_in_GeneB__dc_in_GeneA,OG0002702,TRUE,TRUE,TRUE
3289,DAKCFMEO_03335,BJEIHDPM_00657,WP_003380594.1,DAKCFMEO_03335,WP_003380594.1,TRUE,p25_in_GeneB__dc_in_GeneA,OG0000953,TRUE,TRUE,TRUE
3290,DAKCFMEO_03336,BJEIHDPM_00656,WP_005771034.1,DAKCFMEO_03336,WP_005771034.1,TRUE,p25_in_GeneB__dc_in_GeneA,OG0002400,TRUE,TRUE,TRUE
3291,DAKCFMEO_03337,BJEIHDPM_00655,WP_005771032.1,DAKCFMEO_03337,WP_005771032.1,FALSE,,,TRUE,FALSE,FALSE
3292,DAKCFMEO_03338,BJEIHDPM_00654,WP_003380601.1,DAKCFMEO_03338,WP_003380601.1,TRUE,p25_in_GeneB__dc_in_GeneA,OG0000954,TRUE,TRUE,TRUE
3293,DAKCFMEO_03339,BJEIHDPM_00653,WP_005771029.1,DAKCFMEO_03339,WP_005771029.1,FALSE,,,TRUE,FALSE,FALSE
3294,DAKCFMEO_03340,BJEIHDPM_00652,WP_003380603.1,DAKCFMEO_03340,WP_003380603.1,TRUE,p25_in_GeneB__dc_in_GeneA,OG0000955,TRUE,TRUE,TRUE
3295,DAKCFMEO_03341,BJEIHDPM_00651,WP_003380604.1,DAKCFMEO_03341,WP_003380604.1,TRUE,p25_in_GeneB__dc_in_GeneA,OG0000956,TRUE,TRUE,TRUE
3296,DAKCFMEO_03342,BJEIHDPM_00650,WP_005771027.1,DAKCFMEO_03342,WP_005771027.1,TRUE,p25_in_GeneB__dc_in_GeneA,OG0002399,TRUE,TRUE,TRUE
3297,DAKCFMEO_03343,BJEIHDPM_00649,WP_011103546.1,DAKCFMEO_03343,WP_011103546.1,TRUE,p25_in_GeneB__dc_in_GeneA,OG0003006,TRUE,TRUE,TRUE
3298,DAKCFMEO_03344,BJEIHDPM_00648,WP_005615771.1,DAKCFMEO_03344,WP_005615771.1,TRUE,p25_in_GeneB__dc_in_GeneA,OG0001151,TRUE,TRUE,TRUE
3299,DAKCFMEO_03345,BJEIHDPM_00647,WP_005771023.1,DAKCFMEO_03345,WP_005771023.1,TRUE,p25_in_GeneB__dc_in_GeneA,OG0002398,TRUE,TRUE,TRUE
3300,DAKCFMEO_03346,BJEIHDPM_00646,WP_002552482.1,DAKCFMEO_03346,WP_002552482.1,TRUE,p25_in_GeneB__dc_in_GeneA,OG0000648,TRUE,TRUE,TRUE
3301,DAKCFMEO_03347,BJEIHDPM_00645,WP_005771021.1,DAKCFMEO_03347,WP_005771021.1,TRUE,p25_in_GeneB__dc_in_GeneA,OG0002397,TRUE,TRUE,TRUE
3302,DAKCFMEO_03348,BJEIHDPM_00644,WP_005771019.1,DAKCFMEO_03348,WP_005771019.1,TRUE,p25_in_GeneB__dc_in_GeneA,OG0002396,TRUE,TRUE,TRUE
3303,DAKCFMEO_03349,BJEIHDPM_00643,WP_005771017.1,DAKCFMEO_03349,WP_005771017.1,TRUE,p25_in_GeneB__dc_in_GeneA,OG0002395,TRUE,TRUE,TRUE
3304,DAKCFMEO_03350,BJEIHDPM_00642,WP_003380613.1,DAKCFMEO_03350,WP_003380613.1,TRUE,p25_in_GeneB__dc_in_GeneA,OG0000957,TRUE,TRUE,TRUE
3305,DAKCFMEO_03351,BJEIHDPM_00641,WP_011103548.1,DAKCFMEO_03351,WP_011103548.1,FALSE,,,TRUE,FALSE,FALSE
3306,DAKCFMEO_03352,BJEIHDPM_00640,WP_011103549.1,DAKCFMEO_03352,WP_011103549.1,TRUE,p25_in_GeneB__dc_in_GeneA,OG0003007,TRUE,TRUE,TRUE
3307,DAKCFMEO_03353,BJEIHDPM_00639,WP_005771013.1,DAKCFMEO_03353,WP_005771013.1,TRUE,p25_in_GeneB__dc_in_GeneA,OG0002394,TRUE,TRUE,TRUE
3308,DAKCFMEO_03354,BJEIHDPM_00638,WP_003380618.1,DAKCFMEO_03354,WP_003380618.1,TRUE,p25_in_GeneB__dc_in_GeneA,OG0000958,TRUE,TRUE,TRUE
3309,DAKCFMEO_03355,BJEIHDPM_00637,WP_005771011.1,DAKCFMEO_03355,WP_005771011.1,FALSE,,,TRUE,FALSE,FALSE
3310,DAKCFMEO_03356,BJEIHDPM_00636,WP_011103550.1,DAKCFMEO_03356,WP_011103550.1,TRUE,p25_in_GeneB__dc_in_GeneA,OG0003008,TRUE,TRUE,TRUE
3311,DAKCFMEO_03357,BJEIHDPM_00635,WP_005771009.1,DAKCFMEO_03357,WP_005771009.1,TRUE,p25_in_GeneB__dc_in_GeneA,OG0002393,TRUE,TRUE,TRUE
3312,DAKCFMEO_03358,BJEIHDPM_00634,WP_011103551.1,DAKCFMEO_03358,WP_011103551.1,TRUE,p25_in_GeneB__dc_in_GeneA,OG0003009,TRUE,TRUE,TRUE
3313,DAKCFMEO_03359,BJEIHDPM_00633,WP_003380623.1,DAKCFMEO_03359,WP_003380623.1,TRUE,p25_in_GeneB__dc_in_GeneA,OG0000959,TRUE,TRUE,TRUE
3314,DAKCFMEO_03360,BJEIHDPM_00632,,DAKCFMEO_03360,NA,FALSE,,,FALSE,FALSE,FALSE
3315,DAKCFMEO_03361,BJEIHDPM_00631,WP_005771007.1,DAKCFMEO_03361,WP_005771007.1,TRUE,p25_in_GeneB__dc_in_GeneA,OG0002392,TRUE,TRUE,TRUE
3316,DAKCFMEO_03362,BJEIHDPM_00630,WP_161797807.1,DAKCFMEO_03362,WP_161797807.1,TRUE,p25_in_GeneB__dc_in_GeneA,OG0004099,TRUE,TRUE,TRUE
3317,DAKCFMEO_03363,BJEIHDPM_00629,,DAKCFMEO_03363,NA,FALSE,,,FALSE,FALSE,FALSE
3318,DAKCFMEO_03364,BJEIHDPM_00628,WP_005771002.1,DAKCFMEO_03364,WP_005771002.1,TRUE,p25_in_GeneB__dc_in_GeneA,OG0002391,TRUE,TRUE,TRUE
3319,DAKCFMEO_03365,BJEIHDPM_00627,WP_003380633.1,DAKCFMEO_03365,WP_003380633.1,TRUE,p25_in_GeneB__dc_in_GeneA,OG0000960,TRUE,TRUE,TRUE
3320,DAKCFMEO_03366,BJEIHDPM_00626,WP_005771001.1,DAKCFMEO_03366,WP_005771001.1,TRUE,p25_in_GeneB__dc_in_GeneA,OG0002390,TRUE,TRUE,TRUE
3321,DAKCFMEO_03367,BJEIHDPM_00625,,DAKCFMEO_03367,NA,FALSE,,,FALSE,FALSE,FALSE
3322,DAKCFMEO_03368,BJEIHDPM_00624,,DAKCFMEO_03368,NA,FALSE,,,FALSE,FALSE,FALSE
3323,DAKCFMEO_03369,BJEIHDPM_00623,,DAKCFMEO_03369,NA,FALSE,,,FALSE,FALSE,FALSE
3324,DAKCFMEO_03370,BJEIHDPM_00622,WP_011104442.1,DAKCFMEO_03370,WP_011104442.1,FALSE,,,TRUE,FALSE,FALSE
3325,DAKCFMEO_03371,BJEIHDPM_00846,WP_080597953.1,DAKCFMEO_03371,WP_080597953.1,FALSE,,,TRUE,FALSE,FALSE
3326,DAKCFMEO_03372,BJEIHDPM_00847,,DAKCFMEO_03372,NA,FALSE,,,FALSE,FALSE,FALSE
3327,DAKCFMEO_03373,BJEIHDPM_00848,WP_005768762.1,DAKCFMEO_03373,WP_005768762.1,FALSE,,,TRUE,FALSE,FALSE
3328,DAKCFMEO_03374,BJEIHDPM_00849,WP_011103456.1,DAKCFMEO_03374,WP_011103456.1,TRUE,p25_in_GeneB__dc_in_GeneA,OG0002972,TRUE,TRUE,TRUE
3329,DAKCFMEO_03375,BJEIHDPM_00850,WP_007244088.1,DAKCFMEO_03375,WP_007244088.1,TRUE,p25_in_GeneB__dc_in_GeneA,OG0002489,TRUE,TRUE,TRUE
3330,DAKCFMEO_03376,BJEIHDPM_00851,WP_005736521.1,DAKCFMEO_03376,WP_005736521.1,TRUE,p25_in_GeneB__dc_in_GeneA,OG0001241,TRUE,TRUE,TRUE
3331,DAKCFMEO_03377,BJEIHDPM_00852,,DAKCFMEO_03377,NA,FALSE,,,FALSE,FALSE,FALSE
3332,DAKCFMEO_03378,BJEIHDPM_00853,WP_007244090.1,DAKCFMEO_03378,WP_007244090.1,TRUE,p25_in_GeneB__dc_in_GeneA,OG0002490,TRUE,TRUE,TRUE
3333,DAKCFMEO_03379,BJEIHDPM_00854,WP_011103454.1,DAKCFMEO_03379,WP_011103454.1,TRUE,p25_in_GeneB__dc_in_GeneA,OG0002971,TRUE,TRUE,TRUE
3334,DAKCFMEO_03380,BJEIHDPM_00855,WP_003379278.1,DAKCFMEO_03380,WP_003379278.1,TRUE,p25_in_GeneB__dc_in_GeneA,OG0000908,TRUE,TRUE,TRUE
3335,DAKCFMEO_03381,BJEIHDPM_00856,,DAKCFMEO_03381,NA,FALSE,,,FALSE,FALSE,FALSE
3336,DAKCFMEO_03382,BJEIHDPM_00857,,DAKCFMEO_03382,NA,FALSE,,,FALSE,FALSE,FALSE
3337,DAKCFMEO_03383,BJEIHDPM_00858,WP_011103450.1,DAKCFMEO_03383,WP_011103450.1,TRUE,p25_in_GeneB__dc_in_GeneA,OG0002970,TRUE,TRUE,TRUE
3338,DAKCFMEO_03384,BJEIHDPM_00859,WP_011103449.1,DAKCFMEO_03384,WP_011103449.1,TRUE,p25_in_GeneB__dc_in_GeneA,OG0002969,TRUE,TRUE,TRUE
3339,DAKCFMEO_03385,BJEIHDPM_00860,,DAKCFMEO_03385,NA,FALSE,,,FALSE,FALSE,FALSE
3340,DAKCFMEO_03386,BJEIHDPM_00861,WP_007244096.1,DAKCFMEO_03386,WP_007244096.1,TRUE,p25_in_GeneB__dc_in_GeneA,OG0002491,TRUE,TRUE,TRUE
3341,DAKCFMEO_03387,BJEIHDPM_00862,WP_003379266.1,DAKCFMEO_03387,WP_003379266.1,FALSE,,,TRUE,FALSE,FALSE
3342,DAKCFMEO_03388,BJEIHDPM_00863,WP_011103446.1,DAKCFMEO_03388,WP_011103446.1,TRUE,p25_in_GeneB__dc_in_GeneA,OG0002968,TRUE,TRUE,TRUE
3343,DAKCFMEO_03389,BJEIHDPM_00864,WP_002552194.1,DAKCFMEO_03389,WP_002552194.1,TRUE,p25_in_GeneB__dc_in_GeneA,OG0000645,TRUE,TRUE,TRUE
3344,DAKCFMEO_03390,BJEIHDPM_00865,WP_011103445.1,DAKCFMEO_03390,WP_011103445.1,TRUE,p25_in_GeneB__dc_in_GeneA,OG0002967,TRUE,TRUE,TRUE
3345,DAKCFMEO_03391,BJEIHDPM_00866,WP_011103444.1,DAKCFMEO_03391,WP_011103444.1,TRUE,p25_in_GeneB__dc_in_GeneA,OG0002966,TRUE,TRUE,TRUE
3346,DAKCFMEO_03392,BJEIHDPM_00867,WP_007244100.1,DAKCFMEO_03392,WP_007244100.1,TRUE,p25_in_GeneB__dc_in_GeneA,OG0002492,TRUE,TRUE,TRUE
3347,DAKCFMEO_03393,BJEIHDPM_00868,WP_011103443.1,DAKCFMEO_03393,WP_011103443.1,TRUE,p25_in_GeneB__dc_in_GeneA,OG0002965,TRUE,TRUE,TRUE
3348,DAKCFMEO_03394,BJEIHDPM_00869,WP_046463642.1,DAKCFMEO_03394,WP_046463642.1,FALSE,,,TRUE,FALSE,FALSE
3349,DAKCFMEO_03395,BJEIHDPM_00870,WP_011103441.1,DAKCFMEO_03395,WP_011103441.1,TRUE,p25_in_GeneB__dc_in_GeneA,OG0002964,TRUE,TRUE,TRUE
3350,DAKCFMEO_03396,BJEIHDPM_00871,WP_005768794.1,DAKCFMEO_03396,WP_005768794.1,FALSE,,,TRUE,FALSE,FALSE
3351,DAKCFMEO_03397,BJEIHDPM_00872,WP_005768796.1,DAKCFMEO_03397,WP_005768796.1,TRUE,p25_in_GeneB__dc_in_GeneA,OG0002119,TRUE,TRUE,TRUE
3352,DAKCFMEO_03398,BJEIHDPM_00873,,DAKCFMEO_03398,NA,FALSE,,,FALSE,FALSE,FALSE
3353,DAKCFMEO_03399,BJEIHDPM_00874,WP_005768797.1,DAKCFMEO_03399,WP_005768797.1,TRUE,p25_in_GeneB__dc_in_GeneA,OG0002120,TRUE,TRUE,TRUE
3354,DAKCFMEO_03400,BJEIHDPM_00875,WP_005768799.1,DAKCFMEO_03400,WP_005768799.1,TRUE,p25_in_GeneB__dc_in_GeneA,OG0002121,TRUE,TRUE,TRUE
3355,DAKCFMEO_03401,BJEIHDPM_00876,WP_007244107.1,DAKCFMEO_03401,WP_007244107.1,TRUE,p25_in_GeneB__dc_in_GeneA,OG0002493,TRUE,TRUE,TRUE
3356,DAKCFMEO_03402,BJEIHDPM_00877,WP_005736538.1,DAKCFMEO_03402,WP_005736538.1,TRUE,p25_in_GeneB__dc_in_GeneA,OG0001242,TRUE,TRUE,TRUE
3357,DAKCFMEO_03403,BJEIHDPM_00878,WP_011103440.1,DAKCFMEO_03403,WP_011103440.1,TRUE,p25_in_GeneB__dc_in_GeneA,OG0002963,TRUE,TRUE,TRUE
3358,DAKCFMEO_03404,BJEIHDPM_00879,WP_003318204.1,DAKCFMEO_03404,WP_003318204.1,TRUE,p25_in_GeneB__dc_in_GeneA,OG0000746,TRUE,TRUE,TRUE
3359,DAKCFMEO_03405,BJEIHDPM_00880,WP_005768804.1,DAKCFMEO_03405,WP_005768804.1,TRUE,p25_in_GeneB__dc_in_GeneA,OG0002122,TRUE,TRUE,TRUE
3360,DAKCFMEO_03406,BJEIHDPM_00881,,DAKCFMEO_03406,NA,FALSE,,,FALSE,FALSE,FALSE
3361,DAKCFMEO_03407,BJEIHDPM_00882,WP_003379241.1,DAKCFMEO_03407,WP_003379241.1,TRUE,p25_in_GeneB__dc_in_GeneA,OG0000907,TRUE,TRUE,TRUE
3362,DAKCFMEO_03408,BJEIHDPM_00883,WP_005768806.1,DAKCFMEO_03408,WP_005768806.1,TRUE,p25_in_GeneB__dc_in_GeneA,OG0002123,TRUE,TRUE,TRUE
3363,DAKCFMEO_03409,BJEIHDPM_00884,WP_005736543.1,DAKCFMEO_03409,WP_005736543.1,TRUE,p25_in_GeneB__dc_in_GeneA,OG0001243,TRUE,TRUE,TRUE
3364,DAKCFMEO_03410,BJEIHDPM_00885,WP_005768808.1,DAKCFMEO_03410,WP_005768808.1,FALSE,,,TRUE,FALSE,FALSE
3365,DAKCFMEO_03411,BJEIHDPM_00886,WP_005768811.1,DAKCFMEO_03411,WP_005768811.1,TRUE,p25_in_GeneB__dc_in_GeneA,OG0002124,TRUE,TRUE,TRUE
3366,DAKCFMEO_03412,BJEIHDPM_00887,WP_007244110.1,DAKCFMEO_03412,WP_007244110.1,TRUE,p25_in_GeneB__dc_in_GeneA,OG0002494,TRUE,TRUE,TRUE
3367,DAKCFMEO_03413,BJEIHDPM_00888,WP_005768815.1,DAKCFMEO_03413,WP_005768815.1,TRUE,p25_in_GeneB__dc_in_GeneA,OG0002125,TRUE,TRUE,TRUE
3368,DAKCFMEO_03414,BJEIHDPM_00889,WP_005768817.1,DAKCFMEO_03414,WP_005768817.1,TRUE,p25_in_GeneB__dc_in_GeneA,OG0002126,TRUE,TRUE,TRUE
3369,DAKCFMEO_03415,BJEIHDPM_00890,WP_005768818.1,DAKCFMEO_03415,WP_005768818.1,TRUE,p25_in_GeneB__dc_in_GeneA,OG0002127,TRUE,TRUE,TRUE
3370,DAKCFMEO_03416,BJEIHDPM_00891,WP_005768820.1,DAKCFMEO_03416,WP_005768820.1,TRUE,p25_in_GeneB__dc_in_GeneA,OG0002128,TRUE,TRUE,TRUE
3371,DAKCFMEO_03417,BJEIHDPM_00892,WP_005736551.1,DAKCFMEO_03417,WP_005736551.1,TRUE,p25_in_GeneB__dc_in_GeneA,OG0001244,TRUE,TRUE,TRUE
3372,DAKCFMEO_03418,BJEIHDPM_00893,WP_005768822.1,DAKCFMEO_03418,WP_005768822.1,TRUE,p25_in_GeneB__dc_in_GeneA,OG0002129,TRUE,TRUE,TRUE
3373,DAKCFMEO_03419,BJEIHDPM_00894,WP_005768824.1,DAKCFMEO_03419,WP_005768824.1,TRUE,p25_in_GeneB__dc_in_GeneA,OG0002130,TRUE,TRUE,TRUE
3374,DAKCFMEO_03420,BJEIHDPM_00895,WP_011103436.1,DAKCFMEO_03420,WP_011103436.1,TRUE,p25_in_GeneB__dc_in_GeneA,OG0002962,TRUE,TRUE,TRUE
3375,DAKCFMEO_03421,BJEIHDPM_00896,WP_005768828.1,DAKCFMEO_03421,WP_005768828.1,TRUE,p25_in_GeneB__dc_in_GeneA,OG0002131,TRUE,TRUE,TRUE
3376,DAKCFMEO_03422,BJEIHDPM_00897,WP_005768830.1,DAKCFMEO_03422,WP_005768830.1,TRUE,p25_in_GeneB__dc_in_GeneA,OG0002132,TRUE,TRUE,TRUE
3377,DAKCFMEO_03423,BJEIHDPM_00898,WP_005768832.1,DAKCFMEO_03423,WP_005768832.1,TRUE,p25_in_GeneB__dc_in_GeneA,OG0002133,TRUE,TRUE,TRUE
3378,DAKCFMEO_03424,BJEIHDPM_00899,WP_005768834.1,DAKCFMEO_03424,WP_005768834.1,FALSE,,,TRUE,FALSE,FALSE
3379,DAKCFMEO_03425,BJEIHDPM_00900,WP_005768836.1,DAKCFMEO_03425,WP_005768836.1,TRUE,p25_in_GeneB__dc_in_GeneA,OG0002134,TRUE,TRUE,TRUE
3380,DAKCFMEO_03426,BJEIHDPM_00901,WP_005736559.1,DAKCFMEO_03426,WP_005736559.1,TRUE,p25_in_GeneB__dc_in_GeneA,OG0001245,TRUE,TRUE,TRUE
3381,DAKCFMEO_03427,BJEIHDPM_00902,WP_005768839.1,DAKCFMEO_03427,WP_005768839.1,TRUE,p25_in_GeneB__dc_in_GeneA,OG0002135,TRUE,TRUE,TRUE
3382,DAKCFMEO_03428,BJEIHDPM_00903,WP_005768840.1,DAKCFMEO_03428,WP_005768840.1,TRUE,p25_in_GeneB__dc_in_GeneA,OG0002136,TRUE,TRUE,TRUE
3383,DAKCFMEO_03429,BJEIHDPM_00904,WP_005768843.1,DAKCFMEO_03429,WP_005768843.1,TRUE,p25_in_GeneB__dc_in_GeneA,OG0002137,TRUE,TRUE,TRUE
3384,DAKCFMEO_03430,BJEIHDPM_00905,WP_011103434.1,DAKCFMEO_03430,WP_011103434.1,FALSE,,,TRUE,FALSE,FALSE
3385,DAKCFMEO_03431,BJEIHDPM_00906,WP_011103433.1,DAKCFMEO_03431,WP_011103433.1,TRUE,p25_in_GeneB__dc_in_GeneA,OG0002961,TRUE,TRUE,TRUE
3386,DAKCFMEO_03432,BJEIHDPM_00907,WP_086000462.1,DAKCFMEO_03432,WP_086000462.1,TRUE,p25_in_GeneB__dc_in_GeneA,OG0004079,TRUE,TRUE,TRUE
3387,DAKCFMEO_03433,BJEIHDPM_00908,WP_005768852.1,DAKCFMEO_03433,WP_005768852.1,TRUE,p25_in_GeneB__dc_in_GeneA,OG0002138,TRUE,TRUE,TRUE
3388,DAKCFMEO_03434,BJEIHDPM_00909,WP_005768855.1,DAKCFMEO_03434,WP_005768855.1,TRUE,p25_in_GeneB__dc_in_GeneA,OG0002139,TRUE,TRUE,TRUE
3389,DAKCFMEO_03435,BJEIHDPM_00910,WP_161797790.1,DAKCFMEO_03435,WP_161797790.1,TRUE,p25_in_GeneB__dc_in_GeneA,OG0004097,TRUE,TRUE,TRUE
3390,DAKCFMEO_03436,BJEIHDPM_00911,WP_011103431.1,DAKCFMEO_03436,WP_011103431.1,TRUE,p25_in_GeneB__dc_in_GeneA,OG0002960,TRUE,TRUE,TRUE
3391,DAKCFMEO_03437,BJEIHDPM_00912,WP_011103430.1,DAKCFMEO_03437,WP_011103430.1,TRUE,p25_in_GeneB__dc_in_GeneA,OG0002959,TRUE,TRUE,TRUE
3392,DAKCFMEO_03438,BJEIHDPM_00913,WP_005615192.1,DAKCFMEO_03438,WP_005615192.1,TRUE,p25_in_GeneB__dc_in_GeneA,OG0001143,TRUE,TRUE,TRUE
3393,DAKCFMEO_03439,BJEIHDPM_00914,WP_011103429.1,DAKCFMEO_03439,WP_011103429.1,TRUE,p25_in_GeneB__dc_in_GeneA,OG0002958,TRUE,TRUE,TRUE
3394,DAKCFMEO_03440,BJEIHDPM_00915,WP_005768866.1,DAKCFMEO_03440,WP_005768866.1,TRUE,p25_in_GeneB__dc_in_GeneA,OG0002140,TRUE,TRUE,TRUE
3395,DAKCFMEO_03441,BJEIHDPM_00916,WP_005768868.1,DAKCFMEO_03441,WP_005768868.1,TRUE,p25_in_GeneB__dc_in_GeneA,OG0002141,TRUE,TRUE,TRUE
3396,DAKCFMEO_03443,BJEIHDPM_00918,WP_002552145.1,DAKCFMEO_03443,WP_002552145.1,TRUE,p25_in_GeneB__dc_in_GeneA,OG0000644,TRUE,TRUE,TRUE
3397,DAKCFMEO_03444,BJEIHDPM_00919,WP_005768871.1,DAKCFMEO_03444,WP_005768871.1,TRUE,p25_in_GeneB__dc_in_GeneA,OG0002142,TRUE,TRUE,TRUE
3398,DAKCFMEO_03445,BJEIHDPM_00920,WP_011103428.1,DAKCFMEO_03445,WP_011103428.1,TRUE,p25_in_GeneB__dc_in_GeneA,OG0002957,TRUE,TRUE,TRUE
3399,DAKCFMEO_03446,BJEIHDPM_00921,WP_005768873.1,DAKCFMEO_03446,WP_005768873.1,TRUE,p25_in_GeneB__dc_in_GeneA,OG0002143,TRUE,TRUE,TRUE
3400,DAKCFMEO_03447,BJEIHDPM_00922,WP_005771402.1,DAKCFMEO_03447,WP_005771402.1,FALSE,,,TRUE,FALSE,FALSE
3401,DAKCFMEO_03448,BJEIHDPM_00923,WP_005771401.1,DAKCFMEO_03448,WP_005771401.1,TRUE,p25_in_GeneB__dc_in_GeneA,OG0002436,TRUE,TRUE,TRUE
3402,DAKCFMEO_03449,BJEIHDPM_00924,WP_011103413.1,DAKCFMEO_03449,WP_011103413.1,FALSE,,,TRUE,FALSE,FALSE
3403,DAKCFMEO_03450,BJEIHDPM_00925,WP_007244127.1,DAKCFMEO_03450,WP_007244127.1,TRUE,p25_in_GeneB__dc_in_GeneA,OG0002495,TRUE,TRUE,TRUE
3404,DAKCFMEO_03451,BJEIHDPM_00926,WP_005771397.1,DAKCFMEO_03451,WP_005771397.1,FALSE,,,TRUE,FALSE,FALSE
3405,DAKCFMEO_03452,BJEIHDPM_00927,WP_007244130.1,DAKCFMEO_03452,WP_007244130.1,FALSE,,,TRUE,FALSE,FALSE
3406,DAKCFMEO_03453,BJEIHDPM_00928,WP_011103412.1,DAKCFMEO_03453,WP_011103412.1,FALSE,,,TRUE,FALSE,FALSE
3407,DAKCFMEO_03454,BJEIHDPM_00929,WP_011103411.1,DAKCFMEO_03454,WP_011103411.1,FALSE,,,TRUE,FALSE,FALSE
3408,DAKCFMEO_03455,BJEIHDPM_00930,,DAKCFMEO_03455,NA,FALSE,,,FALSE,FALSE,FALSE
3409,DAKCFMEO_03456,BJEIHDPM_00931,WP_005771392.1,DAKCFMEO_03456,WP_005771392.1,TRUE,p25_in_GeneB__dc_in_GeneA,OG0002435,TRUE,TRUE,TRUE
3410,DAKCFMEO_03457,BJEIHDPM_00932,WP_005771391.1,DAKCFMEO_03457,WP_005771391.1,FALSE,,,TRUE,FALSE,FALSE
3411,DAKCFMEO_03458,BJEIHDPM_00933,WP_005771390.1,DAKCFMEO_03458,WP_005771390.1,TRUE,p25_in_GeneB__dc_in_GeneA,OG0002434,TRUE,TRUE,TRUE
3412,DAKCFMEO_03459,BJEIHDPM_00934,WP_005771389.1,DAKCFMEO_03459,WP_005771389.1,TRUE,p25_in_GeneB__dc_in_GeneA,OG0002433,TRUE,TRUE,TRUE
3413,DAKCFMEO_03460,BJEIHDPM_00935,,DAKCFMEO_03460,NA,FALSE,,,FALSE,FALSE,FALSE
3414,DAKCFMEO_03461,BJEIHDPM_00936,,DAKCFMEO_03461,NA,FALSE,,,FALSE,FALSE,FALSE
3415,DAKCFMEO_03462,BJEIHDPM_00937,WP_005771387.1,DAKCFMEO_03462,WP_005771387.1,TRUE,p25_in_GeneB__dc_in_GeneA,OG0002432,TRUE,TRUE,TRUE
3416,DAKCFMEO_03463,BJEIHDPM_00938,WP_011103405.1,DAKCFMEO_03463,WP_011103405.1,TRUE,p25_in_GeneB__dc_in_GeneA,OG0002955,TRUE,TRUE,TRUE
3417,DAKCFMEO_03464,BJEIHDPM_00939,WP_011103404.1,DAKCFMEO_03464,WP_011103404.1,TRUE,p25_in_GeneB__dc_in_GeneA,OG0002954,TRUE,TRUE,TRUE
3418,DAKCFMEO_03466,BJEIHDPM_00941,WP_011104672.1,DAKCFMEO_03466,WP_011104672.1,TRUE,p25_in_GeneB__dc_in_GeneA,OG0003471,TRUE,TRUE,TRUE
3419,DAKCFMEO_03467,BJEIHDPM_00942,WP_010204046.1,DAKCFMEO_03467,WP_010204046.1,TRUE,p25_in_GeneB__dc_in_GeneA,OG0002730,TRUE,TRUE,TRUE
3420,DAKCFMEO_03468,BJEIHDPM_00943,WP_005771495.1,DAKCFMEO_03468,WP_005771495.1,TRUE,p25_in_GeneB__dc_in_GeneA,OG0002442,TRUE,TRUE,TRUE
3421,DAKCFMEO_03469,BJEIHDPM_00944,WP_011104616.1,DAKCFMEO_03469,WP_011104616.1,FALSE,,,TRUE,FALSE,FALSE
3422,DAKCFMEO_03470,BJEIHDPM_00945,WP_011103382.1,DAKCFMEO_03470,WP_011103382.1,TRUE,p25_in_GeneB__dc_in_GeneA,OG0002948,TRUE,TRUE,TRUE
3423,DAKCFMEO_03471,BJEIHDPM_00946,WP_003380309.1,DAKCFMEO_03471,WP_003380309.1,TRUE,p25_in_GeneB__dc_in_GeneA,OG0000945,TRUE,TRUE,TRUE
3424,DAKCFMEO_03472,BJEIHDPM_00947,WP_005771500.1,DAKCFMEO_03472,WP_005771500.1,TRUE,p25_in_GeneB__dc_in_GeneA,OG0002443,TRUE,TRUE,TRUE
3425,DAKCFMEO_03473,BJEIHDPM_00948,WP_011105006.1,DAKCFMEO_03473,WP_011105006.1,TRUE,p25_in_GeneB__dc_in_GeneA,OG0003594,TRUE,TRUE,TRUE
3426,DAKCFMEO_03474,BJEIHDPM_00949,WP_032606961.1,DAKCFMEO_03474,WP_032606961.1,TRUE,p25_in_GeneB__dc_in_GeneA,OG0003881,TRUE,TRUE,TRUE
3427,DAKCFMEO_03475,BJEIHDPM_00950,WP_011103380.1,DAKCFMEO_03475,WP_011103380.1,TRUE,p25_in_GeneB__dc_in_GeneA,OG0002947,TRUE,TRUE,TRUE
3428,DAKCFMEO_03476,BJEIHDPM_00951,WP_005771505.1,DAKCFMEO_03476,WP_005771505.1,TRUE,p25_in_GeneB__dc_in_GeneA,OG0002444,TRUE,TRUE,TRUE
3429,DAKCFMEO_03477,BJEIHDPM_00952,WP_003380298.1,DAKCFMEO_03477,WP_003380298.1,TRUE,p25_in_GeneB__dc_in_GeneA,OG0000944,TRUE,TRUE,TRUE
3430,DAKCFMEO_03478,BJEIHDPM_00953,WP_005771507.1,DAKCFMEO_03478,WP_005771507.1,TRUE,p25_in_GeneB__dc_in_GeneA,OG0002445,TRUE,TRUE,TRUE
3431,DAKCFMEO_03479,BJEIHDPM_00954,WP_003380294.1,DAKCFMEO_03479,WP_003380294.1,TRUE,p25_in_GeneB__dc_in_GeneA,OG0000943,TRUE,TRUE,TRUE
3432,DAKCFMEO_03480,BJEIHDPM_00955,WP_005771509.1,DAKCFMEO_03480,WP_005771509.1,TRUE,p25_in_GeneB__dc_in_GeneA,OG0002446,TRUE,TRUE,TRUE
3433,DAKCFMEO_03481,BJEIHDPM_00956,WP_011103378.1,DAKCFMEO_03481,WP_011103378.1,TRUE,p25_in_GeneB__dc_in_GeneA,OG0002946,TRUE,TRUE,TRUE
3434,DAKCFMEO_03482,BJEIHDPM_00957,WP_003380289.1,DAKCFMEO_03482,WP_003380289.1,TRUE,p25_in_GeneB__dc_in_GeneA,OG0000942,TRUE,TRUE,TRUE
3435,DAKCFMEO_03483,BJEIHDPM_00958,WP_011103377.1,DAKCFMEO_03483,WP_011103377.1,TRUE,p25_in_GeneB__dc_in_GeneA,OG0002945,TRUE,TRUE,TRUE
3436,DAKCFMEO_03484,BJEIHDPM_01648,,DAKCFMEO_03484,NA,FALSE,,,FALSE,FALSE,FALSE
3437,DAKCFMEO_03485,BJEIHDPM_01647,,DAKCFMEO_03485,NA,FALSE,,,FALSE,FALSE,FALSE
3438,DAKCFMEO_03487,BJEIHDPM_02475,WP_011103219.1,DAKCFMEO_03487,WP_011103219.1,TRUE,p25_in_GeneB__dc_in_GeneA,OG0002872,TRUE,TRUE,TRUE
3439,DAKCFMEO_03488,BJEIHDPM_02476,WP_005768914.1,DAKCFMEO_03488,WP_005768914.1,TRUE,p25_in_GeneB__dc_in_GeneA,OG0002144,TRUE,TRUE,TRUE
3440,DAKCFMEO_03489,BJEIHDPM_02477,WP_005768916.1,DAKCFMEO_03489,WP_005768916.1,TRUE,p25_in_GeneB__dc_in_GeneA,OG0002145,TRUE,TRUE,TRUE
3441,DAKCFMEO_03494,BJEIHDPM_02482,WP_005768918.1,DAKCFMEO_03494,WP_005768918.1,TRUE,p25_in_GeneB__dc_in_GeneA,OG0002146,TRUE,TRUE,TRUE
3442,DAKCFMEO_03495,BJEIHDPM_02483,WP_003317113.1,DAKCFMEO_03495,WP_003317113.1,TRUE,p25_in_GeneB__dc_in_GeneA,OG0000743,TRUE,TRUE,TRUE
3443,DAKCFMEO_03496,BJEIHDPM_02484,WP_002555500.1,DAKCFMEO_03496,WP_002555500.1,TRUE,p25_in_GeneB__dc_in_GeneA,OG0000717,TRUE,TRUE,TRUE
3444,DAKCFMEO_03497,BJEIHDPM_02485,WP_003317112.1,DAKCFMEO_03497,WP_003317112.1,TRUE,p25_in_GeneB__dc_in_GeneA,OG0000742,TRUE,TRUE,TRUE
3445,DAKCFMEO_03498,BJEIHDPM_02486,WP_004397081.1,DAKCFMEO_03498,WP_004397081.1,TRUE,p25_in_GeneB__dc_in_GeneA,OG0001089,TRUE,TRUE,TRUE
3446,DAKCFMEO_03499,BJEIHDPM_02487,WP_005768921.1,DAKCFMEO_03499,WP_005768921.1,TRUE,p25_in_GeneB__dc_in_GeneA,OG0002147,TRUE,TRUE,TRUE
3447,DAKCFMEO_03500,BJEIHDPM_02488,WP_011103220.1,DAKCFMEO_03500,WP_011103220.1,TRUE,p25_in_GeneB__dc_in_GeneA,OG0002873,TRUE,TRUE,TRUE
3448,DAKCFMEO_03501,BJEIHDPM_02489,WP_004397078.1,DAKCFMEO_03501,WP_004397078.1,TRUE,p25_in_GeneB__dc_in_GeneA,OG0001088,TRUE,TRUE,TRUE
3449,DAKCFMEO_03502,BJEIHDPM_02490,WP_002555494.1,DAKCFMEO_03502,WP_002555494.1,TRUE,p25_in_GeneB__dc_in_GeneA,OG0000716,TRUE,TRUE,TRUE
3450,DAKCFMEO_03503,BJEIHDPM_02491,WP_004397077.1,DAKCFMEO_03503,WP_004397077.1,TRUE,p25_in_GeneB__dc_in_GeneA,OG0001087,TRUE,TRUE,TRUE
3451,DAKCFMEO_03504,BJEIHDPM_02492,WP_005768927.1,DAKCFMEO_03504,WP_005768927.1,TRUE,p25_in_GeneB__dc_in_GeneA,OG0002148,TRUE,TRUE,TRUE
3452,DAKCFMEO_03505,BJEIHDPM_02493,WP_007245455.1,DAKCFMEO_03505,WP_007245455.1,TRUE,p25_in_GeneB__dc_in_GeneA,OG0002590,TRUE,TRUE,TRUE
3453,DAKCFMEO_03506,BJEIHDPM_02494,WP_002555491.1,DAKCFMEO_03506,WP_002555491.1,TRUE,p25_in_GeneB__dc_in_GeneA,OG0000715,TRUE,TRUE,TRUE
3454,DAKCFMEO_03507,BJEIHDPM_02495,WP_004397052.1,DAKCFMEO_03507,WP_004397052.1,TRUE,p25_in_GeneB__dc_in_GeneA,OG0001086,TRUE,TRUE,TRUE
3455,DAKCFMEO_03508,BJEIHDPM_02496,WP_002555489.1,DAKCFMEO_03508,WP_002555489.1,TRUE,p25_in_GeneB__dc_in_GeneA,OG0000714,TRUE,TRUE,TRUE
3456,DAKCFMEO_03509,BJEIHDPM_02497,WP_002555488.1,DAKCFMEO_03509,WP_002555488.1,TRUE,p25_in_GeneB__dc_in_GeneA,OG0000713,TRUE,TRUE,TRUE
3457,DAKCFMEO_03510,BJEIHDPM_02498,WP_004397049.1,DAKCFMEO_03510,WP_004397049.1,TRUE,p25_in_GeneB__dc_in_GeneA,OG0001085,TRUE,TRUE,TRUE
3458,DAKCFMEO_03511,BJEIHDPM_02499,WP_004883670.1,DAKCFMEO_03511,WP_004883670.1,TRUE,p25_in_GeneB__dc_in_GeneA,OG0001109,TRUE,TRUE,TRUE
3459,DAKCFMEO_03512,BJEIHDPM_02500,WP_002555485.1,DAKCFMEO_03512,WP_002555485.1,TRUE,p25_in_GeneB__dc_in_GeneA,OG0000712,TRUE,TRUE,TRUE
3460,DAKCFMEO_03513,BJEIHDPM_02501,WP_003176422.1,DAKCFMEO_03513,WP_003176422.1,TRUE,p25_in_GeneB__dc_in_GeneA,OG0000730,TRUE,TRUE,TRUE
3461,DAKCFMEO_03514,BJEIHDPM_02502,WP_002555482.1,DAKCFMEO_03514,WP_002555482.1,TRUE,p25_in_GeneB__dc_in_GeneA,OG0000711,TRUE,TRUE,TRUE
3462,DAKCFMEO_03515,BJEIHDPM_02503,WP_002555481.1,DAKCFMEO_03515,WP_002555481.1,TRUE,p25_in_GeneB__dc_in_GeneA,OG0000710,TRUE,TRUE,TRUE
3463,DAKCFMEO_03516,BJEIHDPM_02504,WP_002555480.1,DAKCFMEO_03516,WP_002555480.1,TRUE,p25_in_GeneB__dc_in_GeneA,OG0000709,TRUE,TRUE,TRUE
3464,DAKCFMEO_03517,BJEIHDPM_02505,WP_002555479.1,DAKCFMEO_03517,WP_002555479.1,TRUE,p25_in_GeneB__dc_in_GeneA,OG0000708,TRUE,TRUE,TRUE
3465,DAKCFMEO_03518,BJEIHDPM_02506,WP_002555478.1,DAKCFMEO_03518,WP_002555478.1,TRUE,p25_in_GeneB__dc_in_GeneA,OG0000707,TRUE,TRUE,TRUE
3466,DAKCFMEO_03519,BJEIHDPM_02507,WP_005768935.1,DAKCFMEO_03519,WP_005768935.1,TRUE,p25_in_GeneB__dc_in_GeneA,OG0002149,TRUE,TRUE,TRUE
3467,DAKCFMEO_03520,BJEIHDPM_02508,WP_002555476.1,DAKCFMEO_03520,WP_002555476.1,TRUE,p25_in_GeneB__dc_in_GeneA,OG0000706,TRUE,TRUE,TRUE
3468,DAKCFMEO_03521,BJEIHDPM_02509,WP_002555475.1,DAKCFMEO_03521,WP_002555475.1,TRUE,p25_in_GeneB__dc_in_GeneA,OG0000705,TRUE,TRUE,TRUE
3469,DAKCFMEO_03522,BJEIHDPM_02510,WP_005768939.1,DAKCFMEO_03522,WP_005768939.1,TRUE,p25_in_GeneB__dc_in_GeneA,OG0002150,TRUE,TRUE,TRUE
3470,DAKCFMEO_03523,BJEIHDPM_02511,WP_002555473.1,DAKCFMEO_03523,WP_002555473.1,TRUE,p25_in_GeneB__dc_in_GeneA,OG0000704,TRUE,TRUE,TRUE
3471,DAKCFMEO_03524,BJEIHDPM_02512,WP_003317099.1,DAKCFMEO_03524,WP_003317099.1,TRUE,p25_in_GeneB__dc_in_GeneA,OG0000741,TRUE,TRUE,TRUE
3472,DAKCFMEO_03525,BJEIHDPM_02513,WP_002555471.1,DAKCFMEO_03525,WP_002555471.1,TRUE,p25_in_GeneB__dc_in_GeneA,OG0000703,TRUE,TRUE,TRUE
3473,DAKCFMEO_03526,BJEIHDPM_02514,WP_002555470.1,DAKCFMEO_03526,WP_002555470.1,TRUE,p25_in_GeneB__dc_in_GeneA,OG0000702,TRUE,TRUE,TRUE
3474,DAKCFMEO_03527,BJEIHDPM_02515,WP_002555469.1,DAKCFMEO_03527,WP_002555469.1,TRUE,p25_in_GeneB__dc_in_GeneA,OG0000701,TRUE,TRUE,TRUE
3475,DAKCFMEO_03528,BJEIHDPM_02516,WP_002555467.1,DAKCFMEO_03528,WP_002555467.1,TRUE,p25_in_GeneB__dc_in_GeneA,OG0000700,TRUE,TRUE,TRUE
3476,DAKCFMEO_03529,BJEIHDPM_02517,WP_002555466.1,DAKCFMEO_03529,WP_002555466.1,TRUE,p25_in_GeneB__dc_in_GeneA,OG0000699,TRUE,TRUE,TRUE
3477,DAKCFMEO_03530,BJEIHDPM_02518,WP_002555465.1,DAKCFMEO_03530,WP_002555465.1,TRUE,p25_in_GeneB__dc_in_GeneA,OG0000698,TRUE,TRUE,TRUE
3478,DAKCFMEO_03531,BJEIHDPM_02519,WP_002555464.1,DAKCFMEO_03531,WP_002555464.1,TRUE,p25_in_GeneB__dc_in_GeneA,OG0000697,TRUE,TRUE,TRUE
3479,DAKCFMEO_03532,BJEIHDPM_02520,WP_004397026.1,DAKCFMEO_03532,WP_004397026.1,TRUE,p25_in_GeneB__dc_in_GeneA,OG0001084,TRUE,TRUE,TRUE
3480,DAKCFMEO_03533,BJEIHDPM_02521,,DAKCFMEO_03533,NA,FALSE,,,FALSE,FALSE,FALSE
3481,DAKCFMEO_03534,BJEIHDPM_02522,WP_005614296.1,DAKCFMEO_03534,WP_005614296.1,TRUE,p25_in_GeneB__dc_in_GeneA,OG0001132,TRUE,TRUE,TRUE
3482,DAKCFMEO_03535,BJEIHDPM_02523,WP_005768946.1,DAKCFMEO_03535,WP_005768946.1,TRUE,p25_in_GeneB__dc_in_GeneA,OG0002151,TRUE,TRUE,TRUE
3483,DAKCFMEO_03536,BJEIHDPM_02524,WP_005768949.1,DAKCFMEO_03536,WP_005768949.1,TRUE,p25_in_GeneB__dc_in_GeneA,OG0002152,TRUE,TRUE,TRUE
3484,DAKCFMEO_03537,BJEIHDPM_02525,WP_003426596.1,DAKCFMEO_03537,WP_003426596.1,TRUE,p25_in_GeneB__dc_in_GeneA,OG0001072,TRUE,TRUE,TRUE
3485,DAKCFMEO_03538,BJEIHDPM_02526,WP_005767796.1,DAKCFMEO_03538,WP_005767796.1,FALSE,,,TRUE,FALSE,FALSE
3486,DAKCFMEO_03539,BJEIHDPM_02527,WP_011103224.1,DAKCFMEO_03539,WP_011103224.1,TRUE,p25_in_GeneB__dc_in_GeneA,OG0002874,TRUE,TRUE,TRUE
3487,DAKCFMEO_03540,BJEIHDPM_02528,WP_005768957.1,DAKCFMEO_03540,WP_005768957.1,TRUE,p25_in_GeneB__dc_in_GeneA,OG0002153,TRUE,TRUE,TRUE
3488,DAKCFMEO_03541,BJEIHDPM_02529,WP_005768959.1,DAKCFMEO_03541,WP_005768959.1,TRUE,p25_in_GeneB__dc_in_GeneA,OG0002154,TRUE,TRUE,TRUE
3489,DAKCFMEO_03542,BJEIHDPM_02530,WP_005768960.1,DAKCFMEO_03542,WP_005768960.1,TRUE,p25_in_GeneB__dc_in_GeneA,OG0002155,TRUE,TRUE,TRUE
3490,DAKCFMEO_03543,BJEIHDPM_02531,WP_005768962.1,DAKCFMEO_03543,WP_005768962.1,TRUE,p25_in_GeneB__dc_in_GeneA,OG0002156,TRUE,TRUE,TRUE
3491,DAKCFMEO_03544,BJEIHDPM_02532,WP_011103225.1,DAKCFMEO_03544,WP_011103225.1,TRUE,p25_in_GeneB__dc_in_GeneA,OG0002875,TRUE,TRUE,TRUE
3492,DAKCFMEO_03545,BJEIHDPM_02533,WP_005768966.1,DAKCFMEO_03545,WP_005768966.1,FALSE,,,TRUE,FALSE,FALSE
3493,DAKCFMEO_03546,BJEIHDPM_02534,WP_011103229.1,DAKCFMEO_03546,WP_011103229.1,FALSE,,,TRUE,FALSE,FALSE
3494,DAKCFMEO_03547,BJEIHDPM_02535,,DAKCFMEO_03547,NA,FALSE,,,FALSE,FALSE,FALSE
3495,DAKCFMEO_03548,BJEIHDPM_02536,,DAKCFMEO_03548,NA,FALSE,,,FALSE,FALSE,FALSE
3496,DAKCFMEO_03549,BJEIHDPM_02537,,DAKCFMEO_03549,NA,FALSE,,,FALSE,FALSE,FALSE
3497,DAKCFMEO_03550,BJEIHDPM_02538,WP_005768991.1,DAKCFMEO_03550,WP_005768991.1,TRUE,p25_in_GeneB__dc_in_GeneA,OG0002157,TRUE,TRUE,TRUE
3498,DAKCFMEO_03551,BJEIHDPM_02539,,DAKCFMEO_03551,NA,FALSE,,,FALSE,FALSE,FALSE
3499,DAKCFMEO_03552,BJEIHDPM_02540,WP_005768994.1,DAKCFMEO_03552,WP_005768994.1,TRUE,p25_in_GeneB__dc_in_GeneA,OG0002158,TRUE,TRUE,TRUE
3500,DAKCFMEO_03553,BJEIHDPM_02541,WP_032621927.1,DAKCFMEO_03553,WP_032621927.1,TRUE,p25_in_GeneB__dc_in_GeneA,OG0003884,TRUE,TRUE,TRUE
3501,DAKCFMEO_03554,BJEIHDPM_02542,WP_011103232.1,DAKCFMEO_03554,WP_011103232.1,FALSE,,,TRUE,FALSE,FALSE
3502,DAKCFMEO_03555,BJEIHDPM_02543,,DAKCFMEO_03555,NA,FALSE,,,FALSE,FALSE,FALSE
3503,DAKCFMEO_03556,BJEIHDPM_02544,WP_005768999.1,DAKCFMEO_03556,WP_005768999.1,TRUE,p25_in_GeneB__dc_in_GeneA,OG0002159,TRUE,TRUE,TRUE
3504,DAKCFMEO_03557,BJEIHDPM_02545,WP_005769001.1,DAKCFMEO_03557,WP_005769001.1,TRUE,p25_in_GeneB__dc_in_GeneA,OG0002160,TRUE,TRUE,TRUE
3505,DAKCFMEO_03558,BJEIHDPM_02546,WP_005769004.1,DAKCFMEO_03558,WP_005769004.1,TRUE,p25_in_GeneB__dc_in_GeneA,OG0002161,TRUE,TRUE,TRUE
3506,DAKCFMEO_03559,BJEIHDPM_02547,WP_005769006.1,DAKCFMEO_03559,WP_005769006.1,TRUE,p25_in_GeneB__dc_in_GeneA,OG0002162,TRUE,TRUE,TRUE
3507,DAKCFMEO_03560,BJEIHDPM_02548,WP_011103233.1,DAKCFMEO_03560,WP_011103233.1,TRUE,p25_in_GeneB__dc_in_GeneA,OG0002878,TRUE,TRUE,TRUE
3508,DAKCFMEO_03561,BJEIHDPM_02549,WP_005614373.1,DAKCFMEO_03561,WP_005614373.1,TRUE,p25_in_GeneB__dc_in_GeneA,OG0001133,TRUE,TRUE,TRUE
3509,DAKCFMEO_03562,BJEIHDPM_02550,WP_005769010.1,DAKCFMEO_03562,WP_005769010.1,TRUE,p25_in_GeneB__dc_in_GeneA,OG0002163,TRUE,TRUE,TRUE
3510,DAKCFMEO_03563,BJEIHDPM_02551,WP_003379146.1,DAKCFMEO_03563,WP_003379146.1,FALSE,,,TRUE,FALSE,FALSE
3511,DAKCFMEO_03564,BJEIHDPM_02552,WP_011103234.1,DAKCFMEO_03564,WP_011103234.1,TRUE,p25_in_GeneB__dc_in_GeneA,OG0002879,TRUE,TRUE,TRUE
3512,DAKCFMEO_03565,BJEIHDPM_02553,WP_003379143.1,DAKCFMEO_03565,WP_003379143.1,TRUE,p25_in_GeneB__dc_in_GeneA,OG0000906,TRUE,TRUE,TRUE
3513,DAKCFMEO_03566,BJEIHDPM_02554,WP_003379141.1,DAKCFMEO_03566,WP_003379141.1,TRUE,p25_in_GeneB__dc_in_GeneA,OG0000905,TRUE,TRUE,TRUE
3514,DAKCFMEO_03567,BJEIHDPM_02555,WP_011103235.1,DAKCFMEO_03567,WP_011103235.1,TRUE,p25_in_GeneB__dc_in_GeneA,OG0002880,TRUE,TRUE,TRUE
3515,DAKCFMEO_03568,BJEIHDPM_02556,WP_011103236.1,DAKCFMEO_03568,WP_011103236.1,TRUE,p25_in_GeneB__dc_in_GeneA,OG0002881,TRUE,TRUE,TRUE
3516,DAKCFMEO_03569,BJEIHDPM_02557,WP_011103237.1,DAKCFMEO_03569,WP_011103237.1,FALSE,,,TRUE,FALSE,FALSE
3517,DAKCFMEO_03570,BJEIHDPM_02558,WP_002555427.1,DAKCFMEO_03570,WP_002555427.1,TRUE,p25_in_GeneB__dc_in_GeneA,OG0000696,TRUE,TRUE,TRUE
3518,DAKCFMEO_03571,BJEIHDPM_02559,WP_011103238.1,DAKCFMEO_03571,WP_011103238.1,TRUE,p25_in_GeneB__dc_in_GeneA,OG0002882,TRUE,TRUE,TRUE
3519,DAKCFMEO_03572,BJEIHDPM_02560,WP_011103239.1,DAKCFMEO_03572,WP_011103239.1,TRUE,p25_in_GeneB__dc_in_GeneA,OG0002883,TRUE,TRUE,TRUE
3520,DAKCFMEO_03573,BJEIHDPM_02561,WP_003379129.1,DAKCFMEO_03573,WP_003379129.1,TRUE,p25_in_GeneB__dc_in_GeneA,OG0000904,TRUE,TRUE,TRUE
3521,DAKCFMEO_03574,BJEIHDPM_02562,WP_005769026.1,DAKCFMEO_03574,WP_005769026.1,TRUE,p25_in_GeneB__dc_in_GeneA,OG0002164,TRUE,TRUE,TRUE
3522,DAKCFMEO_03575,BJEIHDPM_02563,WP_011103240.1,DAKCFMEO_03575,WP_011103240.1,TRUE,p25_in_GeneB__dc_in_GeneA,OG0002884,TRUE,TRUE,TRUE
3523,DAKCFMEO_03576,BJEIHDPM_02564,WP_007245492.1,DAKCFMEO_03576,WP_007245492.1,FALSE,,,TRUE,FALSE,FALSE
3524,DAKCFMEO_03577,BJEIHDPM_02565,WP_003379121.1,DAKCFMEO_03577,WP_003379121.1,TRUE,p25_in_GeneB__dc_in_GeneA,OG0000903,TRUE,TRUE,TRUE
3525,DAKCFMEO_03578,BJEIHDPM_02566,WP_011103241.1,DAKCFMEO_03578,WP_011103241.1,FALSE,,,TRUE,FALSE,FALSE
3526,DAKCFMEO_03579,BJEIHDPM_02567,WP_005769036.1,DAKCFMEO_03579,WP_005769036.1,FALSE,,,TRUE,FALSE,FALSE
3527,DAKCFMEO_03580,BJEIHDPM_02568,,DAKCFMEO_03580,NA,FALSE,,,FALSE,FALSE,FALSE
3528,DAKCFMEO_03581,BJEIHDPM_02569,,DAKCFMEO_03581,NA,FALSE,,,FALSE,FALSE,FALSE
3529,DAKCFMEO_03582,BJEIHDPM_02570,WP_005770134.1,DAKCFMEO_03582,WP_005770134.1,TRUE,p25_in_GeneB__dc_in_GeneA,OG0002293,TRUE,TRUE,TRUE
3530,DAKCFMEO_03583,BJEIHDPM_02571,WP_005614429.1,DAKCFMEO_03583,WP_005614429.1,FALSE,,,TRUE,FALSE,FALSE
3531,DAKCFMEO_03584,BJEIHDPM_02572,WP_011103253.1,DAKCFMEO_03584,WP_011103253.1,TRUE,p25_in_GeneB__dc_in_GeneA,OG0002887,TRUE,TRUE,TRUE
3532,DAKCFMEO_03585,BJEIHDPM_02573,WP_005770132.1,DAKCFMEO_03585,WP_005770132.1,TRUE,p25_in_GeneB__dc_in_GeneA,OG0002292,TRUE,TRUE,TRUE
3533,DAKCFMEO_03586,BJEIHDPM_02574,WP_024667238.1,DAKCFMEO_03586,WP_024667238.1,TRUE,p25_in_GeneB__dc_in_GeneA,OG0003869,TRUE,TRUE,TRUE
3534,DAKCFMEO_03587,BJEIHDPM_02575,WP_005770129.1,DAKCFMEO_03587,WP_005770129.1,TRUE,p25_in_GeneB__dc_in_GeneA,OG0002291,TRUE,TRUE,TRUE
3535,DAKCFMEO_03588,BJEIHDPM_02576,WP_011103255.1,DAKCFMEO_03588,WP_011103255.1,TRUE,p25_in_GeneB__dc_in_GeneA,OG0002888,TRUE,TRUE,TRUE
3536,DAKCFMEO_03589,BJEIHDPM_02577,WP_011103256.1,DAKCFMEO_03589,WP_011103256.1,TRUE,p25_in_GeneB__dc_in_GeneA,OG0002889,TRUE,TRUE,TRUE
3537,DAKCFMEO_03590,BJEIHDPM_02578,WP_005770120.1,DAKCFMEO_03590,WP_005770120.1,TRUE,p25_in_GeneB__dc_in_GeneA,OG0002290,TRUE,TRUE,TRUE
3538,DAKCFMEO_03591,BJEIHDPM_02579,WP_003379089.1,DAKCFMEO_03591,WP_003379089.1,TRUE,p25_in_GeneB__dc_in_GeneA,OG0000902,TRUE,TRUE,TRUE
3539,DAKCFMEO_03592,BJEIHDPM_02580,WP_005770118.1,DAKCFMEO_03592,WP_005770118.1,TRUE,p25_in_GeneB__dc_in_GeneA,OG0002289,TRUE,TRUE,TRUE
3540,DAKCFMEO_03593,BJEIHDPM_02581,WP_005770116.1,DAKCFMEO_03593,WP_005770116.1,TRUE,p25_in_GeneB__dc_in_GeneA,OG0002288,TRUE,TRUE,TRUE
3541,DAKCFMEO_03594,BJEIHDPM_02582,WP_005770114.1,DAKCFMEO_03594,WP_005770114.1,TRUE,p25_in_GeneB__dc_in_GeneA,OG0002287,TRUE,TRUE,TRUE
3542,DAKCFMEO_03595,BJEIHDPM_02583,WP_005770111.1,DAKCFMEO_03595,WP_005770111.1,TRUE,p25_in_GeneB__dc_in_GeneA,OG0002286,TRUE,TRUE,TRUE
3543,DAKCFMEO_03596,BJEIHDPM_02584,WP_005770109.1,DAKCFMEO_03596,WP_005770109.1,TRUE,p25_in_GeneB__dc_in_GeneA,OG0002285,TRUE,TRUE,TRUE
3544,DAKCFMEO_03597,BJEIHDPM_02585,WP_005770108.1,DAKCFMEO_03597,WP_005770108.1,TRUE,p25_in_GeneB__dc_in_GeneA,OG0002284,TRUE,TRUE,TRUE
3545,DAKCFMEO_03598,BJEIHDPM_02586,WP_011103257.1,DAKCFMEO_03598,WP_011103257.1,TRUE,p25_in_GeneB__dc_in_GeneA,OG0002890,TRUE,TRUE,TRUE
3546,DAKCFMEO_03599,BJEIHDPM_02587,WP_007244669.1,DAKCFMEO_03599,WP_007244669.1,TRUE,p25_in_GeneB__dc_in_GeneA,OG0002537,TRUE,TRUE,TRUE
3547,DAKCFMEO_03600,BJEIHDPM_02588,WP_005763225.1,DAKCFMEO_03600,WP_005763225.1,TRUE,p25_in_GeneB__dc_in_GeneA,OG0001420,TRUE,TRUE,TRUE
3548,DAKCFMEO_03601,BJEIHDPM_02589,WP_011105195.1,DAKCFMEO_03601,WP_011105195.1,TRUE,p25_in_GeneB__dc_in_GeneA,OG0003654,TRUE,TRUE,TRUE
3549,DAKCFMEO_03602,BJEIHDPM_02590,WP_161458274.1,DAKCFMEO_03602,WP_161458274.1,TRUE,p25_in_GeneB__dc_in_GeneA,OG0004084,TRUE,TRUE,TRUE
3550,DAKCFMEO_03603,BJEIHDPM_02591,WP_005763231.1,DAKCFMEO_03603,WP_005763231.1,TRUE,p25_in_GeneB__dc_in_GeneA,OG0001421,TRUE,TRUE,TRUE
3551,DAKCFMEO_03604,BJEIHDPM_02592,WP_003313894.1,DAKCFMEO_03604,WP_003313894.1,TRUE,p25_in_GeneB__dc_in_GeneA,OG0000734,TRUE,TRUE,TRUE
3552,DAKCFMEO_03605,BJEIHDPM_02593,WP_011105194.1,DAKCFMEO_03605,WP_011105194.1,FALSE,,,TRUE,FALSE,FALSE
3553,DAKCFMEO_03606,BJEIHDPM_02594,WP_007244673.1,DAKCFMEO_03606,WP_007244673.1,TRUE,p25_in_GeneB__dc_in_GeneA,OG0002538,TRUE,TRUE,TRUE
3554,DAKCFMEO_03607,BJEIHDPM_02595,WP_005736753.1,DAKCFMEO_03607,WP_005736753.1,TRUE,p25_in_GeneB__dc_in_GeneA,OG0001247,TRUE,TRUE,TRUE
3555,DAKCFMEO_03608,BJEIHDPM_02596,WP_007244675.1,DAKCFMEO_03608,WP_007244675.1,TRUE,p25_in_GeneB__dc_in_GeneA,OG0002539,TRUE,TRUE,TRUE
3556,DAKCFMEO_03609,BJEIHDPM_02597,,DAKCFMEO_03609,NA,FALSE,,,FALSE,FALSE,FALSE
3557,DAKCFMEO_03610,BJEIHDPM_02598,WP_003376558.1,DAKCFMEO_03610,WP_003376558.1,TRUE,p25_in_GeneB__dc_in_GeneA,OG0000788,TRUE,TRUE,TRUE
3558,DAKCFMEO_03611,BJEIHDPM_02599,WP_005763243.1,DAKCFMEO_03611,WP_005763243.1,TRUE,p25_in_GeneB__dc_in_GeneA,OG0001422,TRUE,TRUE,TRUE
3559,DAKCFMEO_03612,BJEIHDPM_02600,WP_007244676.1,DAKCFMEO_03612,WP_007244676.1,TRUE,p25_in_GeneB__dc_in_GeneA,OG0002540,TRUE,TRUE,TRUE
3560,DAKCFMEO_03613,BJEIHDPM_02601,WP_005763246.1,DAKCFMEO_03613,WP_005763246.1,TRUE,p25_in_GeneB__dc_in_GeneA,OG0001423,TRUE,TRUE,TRUE
3561,DAKCFMEO_03614,BJEIHDPM_02602,WP_005763248.1,DAKCFMEO_03614,WP_005763248.1,FALSE,,,TRUE,FALSE,FALSE
3562,DAKCFMEO_03615,BJEIHDPM_02603,WP_003376569.1,DAKCFMEO_03615,WP_003376569.1,TRUE,p25_in_GeneB__dc_in_GeneA,OG0000789,TRUE,TRUE,TRUE
3563,DAKCFMEO_03616,BJEIHDPM_02604,WP_005763127.1,DAKCFMEO_03616,WP_005763127.1,TRUE,p25_in_GeneB__dc_in_GeneA,OG0001405,TRUE,TRUE,TRUE
3564,DAKCFMEO_03617,BJEIHDPM_02605,WP_007244641.1,DAKCFMEO_03617,WP_007244641.1,TRUE,p25_in_GeneB__dc_in_GeneA,OG0002530,TRUE,TRUE,TRUE
3565,DAKCFMEO_03618,BJEIHDPM_02606,WP_005763130.1,DAKCFMEO_03618,WP_005763130.1,TRUE,p25_in_GeneB__dc_in_GeneA,OG0001406,TRUE,TRUE,TRUE
3566,DAKCFMEO_03619,BJEIHDPM_02607,WP_011105216.1,DAKCFMEO_03619,WP_011105216.1,TRUE,p25_in_GeneB__dc_in_GeneA,OG0003668,TRUE,TRUE,TRUE
3567,DAKCFMEO_03620,BJEIHDPM_02608,WP_005763134.1,DAKCFMEO_03620,WP_005763134.1,TRUE,p25_in_GeneB__dc_in_GeneA,OG0001407,TRUE,TRUE,TRUE
3568,DAKCFMEO_03621,BJEIHDPM_02609,WP_005763136.1,DAKCFMEO_03621,WP_005763136.1,TRUE,p25_in_GeneB__dc_in_GeneA,OG0001408,TRUE,TRUE,TRUE
3569,DAKCFMEO_03622,BJEIHDPM_02610,WP_011105215.1,DAKCFMEO_03622,WP_011105215.1,TRUE,p25_in_GeneB__dc_in_GeneA,OG0003667,TRUE,TRUE,TRUE
3570,DAKCFMEO_03623,BJEIHDPM_02611,,DAKCFMEO_03623,NA,FALSE,,,FALSE,FALSE,FALSE
3571,DAKCFMEO_03624,BJEIHDPM_02612,,DAKCFMEO_03624,NA,FALSE,,,FALSE,FALSE,FALSE
3572,DAKCFMEO_03625,BJEIHDPM_02613,,DAKCFMEO_03625,NA,FALSE,,,FALSE,FALSE,FALSE
3573,DAKCFMEO_03626,BJEIHDPM_02614,WP_005763150.1,DAKCFMEO_03626,WP_005763150.1,TRUE,p25_in_GeneB__dc_in_GeneA,OG0001409,TRUE,TRUE,TRUE
3574,DAKCFMEO_03627,BJEIHDPM_02615,WP_007244646.1,DAKCFMEO_03627,WP_007244646.1,TRUE,p25_in_GeneB__dc_in_GeneA,OG0002531,TRUE,TRUE,TRUE
3575,DAKCFMEO_03628,BJEIHDPM_02616,WP_011105210.1,DAKCFMEO_03628,WP_011105210.1,TRUE,p25_in_GeneB__dc_in_GeneA,OG0003665,TRUE,TRUE,TRUE
3576,DAKCFMEO_03629,BJEIHDPM_02617,WP_011105209.1,DAKCFMEO_03629,WP_011105209.1,TRUE,p25_in_GeneB__dc_in_GeneA,OG0003664,TRUE,TRUE,TRUE
3577,DAKCFMEO_03630,BJEIHDPM_02618,WP_002555375.1,DAKCFMEO_03630,WP_002555375.1,TRUE,p25_in_GeneB__dc_in_GeneA,OG0000695,TRUE,TRUE,TRUE
3578,DAKCFMEO_03631,BJEIHDPM_02619,WP_005763161.1,DAKCFMEO_03631,WP_005763161.1,TRUE,p25_in_GeneB__dc_in_GeneA,OG0001410,TRUE,TRUE,TRUE
3579,DAKCFMEO_03632,BJEIHDPM_02620,WP_011105208.1,DAKCFMEO_03632,WP_011105208.1,TRUE,p25_in_GeneB__dc_in_GeneA,OG0003663,TRUE,TRUE,TRUE
3580,DAKCFMEO_03633,BJEIHDPM_02621,WP_007244650.1,DAKCFMEO_03633,WP_007244650.1,TRUE,p25_in_GeneB__dc_in_GeneA,OG0002532,TRUE,TRUE,TRUE
3581,DAKCFMEO_03634,BJEIHDPM_02622,WP_007244651.1,DAKCFMEO_03634,WP_007244651.1,FALSE,,,TRUE,FALSE,FALSE
3582,DAKCFMEO_03635,BJEIHDPM_02623,WP_002555370.1,DAKCFMEO_03635,WP_002555370.1,FALSE,,,TRUE,FALSE,FALSE
3583,DAKCFMEO_03636,BJEIHDPM_02624,WP_002555369.1,DAKCFMEO_03636,WP_002555369.1,TRUE,p25_in_GeneB__dc_in_GeneA,OG0000694,TRUE,TRUE,TRUE
3584,DAKCFMEO_03637,BJEIHDPM_02625,WP_011105207.1,DAKCFMEO_03637,WP_011105207.1,TRUE,p25_in_GeneB__dc_in_GeneA,OG0003662,TRUE,TRUE,TRUE
3585,DAKCFMEO_03638,BJEIHDPM_02626,,DAKCFMEO_03638,NA,FALSE,,,FALSE,FALSE,FALSE
3586,DAKCFMEO_03639,BJEIHDPM_02627,WP_011105206.1,DAKCFMEO_03639,WP_011105206.1,TRUE,p25_in_GeneB__dc_in_GeneA,OG0003661,TRUE,TRUE,TRUE
3587,DAKCFMEO_03640,BJEIHDPM_02628,WP_005763178.1,DAKCFMEO_03640,WP_005763178.1,TRUE,p25_in_GeneB__dc_in_GeneA,OG0001412,TRUE,TRUE,TRUE
3588,DAKCFMEO_03641,BJEIHDPM_02629,WP_007244655.1,DAKCFMEO_03641,WP_007244655.1,TRUE,p25_in_GeneB__dc_in_GeneA,OG0002533,TRUE,TRUE,TRUE
3589,DAKCFMEO_03642,BJEIHDPM_02630,WP_005763182.1,DAKCFMEO_03642,WP_005763182.1,TRUE,p25_in_GeneB__dc_in_GeneA,OG0001413,TRUE,TRUE,TRUE
3590,DAKCFMEO_03643,BJEIHDPM_02631,WP_007244656.1,DAKCFMEO_03643,WP_007244656.1,TRUE,p25_in_GeneB__dc_in_GeneA,OG0002534,TRUE,TRUE,TRUE
3591,DAKCFMEO_03644,BJEIHDPM_02632,WP_005763186.1,DAKCFMEO_03644,WP_005763186.1,FALSE,,,TRUE,FALSE,FALSE
3592,DAKCFMEO_03646,BJEIHDPM_02634,,DAKCFMEO_03646,NA,FALSE,,,FALSE,FALSE,FALSE
3593,DAKCFMEO_03647,BJEIHDPM_02635,WP_005763193.1,DAKCFMEO_03647,WP_005763193.1,TRUE,p25_in_GeneB__dc_in_GeneA,OG0001415,TRUE,TRUE,TRUE
3594,DAKCFMEO_03648,BJEIHDPM_02636,,DAKCFMEO_03648,NA,FALSE,,,FALSE,FALSE,FALSE
3595,DAKCFMEO_03649,BJEIHDPM_02637,WP_011105204.1,DAKCFMEO_03649,WP_011105204.1,TRUE,p25_in_GeneB__dc_in_GeneA,OG0003660,TRUE,TRUE,TRUE
3596,DAKCFMEO_03650,BJEIHDPM_02638,WP_002555356.1,DAKCFMEO_03650,WP_002555356.1,TRUE,p25_in_GeneB__dc_in_GeneA,OG0000693,TRUE,TRUE,TRUE
3597,DAKCFMEO_03651,BJEIHDPM_02639,WP_011105203.1,DAKCFMEO_03651,WP_011105203.1,TRUE,p25_in_GeneB__dc_in_GeneA,OG0003659,TRUE,TRUE,TRUE
3598,DAKCFMEO_03652,BJEIHDPM_02640,WP_007244661.1,DAKCFMEO_03652,WP_007244661.1,TRUE,p25_in_GeneB__dc_in_GeneA,OG0002535,TRUE,TRUE,TRUE
3599,DAKCFMEO_03653,BJEIHDPM_02641,WP_046463551.1,DAKCFMEO_03653,WP_046463551.1,TRUE,p25_in_GeneB__dc_in_GeneA,OG0003992,TRUE,TRUE,TRUE
3600,DAKCFMEO_03654,BJEIHDPM_02642,,DAKCFMEO_03654,NA,FALSE,,,FALSE,FALSE,FALSE
3601,DAKCFMEO_03655,BJEIHDPM_02643,WP_005763203.1,DAKCFMEO_03655,WP_005763203.1,TRUE,p25_in_GeneB__dc_in_GeneA,OG0001416,TRUE,TRUE,TRUE
3602,DAKCFMEO_03656,BJEIHDPM_02644,WP_011105201.1,DAKCFMEO_03656,WP_011105201.1,TRUE,p25_in_GeneB__dc_in_GeneA,OG0003658,TRUE,TRUE,TRUE
3603,DAKCFMEO_03657,BJEIHDPM_02645,WP_007244663.1,DAKCFMEO_03657,WP_007244663.1,TRUE,p25_in_GeneB__dc_in_GeneA,OG0002536,TRUE,TRUE,TRUE
3604,DAKCFMEO_03658,BJEIHDPM_02646,WP_011105200.1,DAKCFMEO_03658,WP_011105200.1,TRUE,p25_in_GeneB__dc_in_GeneA,OG0003657,TRUE,TRUE,TRUE
3605,DAKCFMEO_03659,BJEIHDPM_02647,WP_011105198.1,DAKCFMEO_03659,WP_011105198.1,TRUE,p25_in_GeneB__dc_in_GeneA,OG0003656,TRUE,TRUE,TRUE
3606,DAKCFMEO_03660,BJEIHDPM_02648,WP_005763213.1,DAKCFMEO_03660,WP_005763213.1,TRUE,p25_in_GeneB__dc_in_GeneA,OG0001417,TRUE,TRUE,TRUE
3607,DAKCFMEO_03661,BJEIHDPM_02649,WP_005763215.1,DAKCFMEO_03661,WP_005763215.1,TRUE,p25_in_GeneB__dc_in_GeneA,OG0001418,TRUE,TRUE,TRUE
3608,DAKCFMEO_03662,BJEIHDPM_02650,WP_005763217.1,DAKCFMEO_03662,WP_005763217.1,TRUE,p25_in_GeneB__dc_in_GeneA,OG0001419,TRUE,TRUE,TRUE
3609,DAKCFMEO_03663,BJEIHDPM_02651,WP_046463552.1,DAKCFMEO_03663,WP_046463552.1,TRUE,p25_in_GeneB__dc_in_GeneA,OG0003993,TRUE,TRUE,TRUE
3610,DAKCFMEO_03664,BJEIHDPM_02652,WP_011105196.1,DAKCFMEO_03664,WP_011105196.1,TRUE,p25_in_GeneB__dc_in_GeneA,OG0003655,TRUE,TRUE,TRUE
3611,DAKCFMEO_03665,BJEIHDPM_02653,WP_011103258.1,DAKCFMEO_03665,WP_011103258.1,TRUE,p25_in_GeneB__dc_in_GeneA,OG0002891,TRUE,TRUE,TRUE
3612,DAKCFMEO_03666,BJEIHDPM_02654,WP_011103259.1,DAKCFMEO_03666,WP_011103259.1,TRUE,p25_in_GeneB__dc_in_GeneA,OG0002892,TRUE,TRUE,TRUE
3613,DAKCFMEO_03667,BJEIHDPM_02655,WP_046463383.1,DAKCFMEO_03667,WP_046463383.1,TRUE,p25_in_GeneB__dc_in_GeneA,OG0003954,TRUE,TRUE,TRUE
3614,DAKCFMEO_03668,BJEIHDPM_02656,WP_005770099.1,DAKCFMEO_03668,WP_005770099.1,TRUE,p25_in_GeneB__dc_in_GeneA,OG0002283,TRUE,TRUE,TRUE
3615,DAKCFMEO_03669,BJEIHDPM_02657,WP_011103261.1,DAKCFMEO_03669,WP_011103261.1,TRUE,p25_in_GeneB__dc_in_GeneA,OG0002893,TRUE,TRUE,TRUE
3616,DAKCFMEO_03670,BJEIHDPM_02658,WP_011103262.1,DAKCFMEO_03670,WP_011103262.1,TRUE,p25_in_GeneB__dc_in_GeneA,OG0002894,TRUE,TRUE,TRUE
3617,DAKCFMEO_03671,BJEIHDPM_02659,WP_011103263.1,DAKCFMEO_03671,WP_011103263.1,TRUE,p25_in_GeneB__dc_in_GeneA,OG0002895,TRUE,TRUE,TRUE
3618,DAKCFMEO_03672,BJEIHDPM_02660,WP_005614458.1,DAKCFMEO_03672,WP_005614458.1,TRUE,p25_in_GeneB__dc_in_GeneA,OG0001134,TRUE,TRUE,TRUE
3619,DAKCFMEO_03673,BJEIHDPM_02661,WP_005770090.1,DAKCFMEO_03673,WP_005770090.1,TRUE,p25_in_GeneB__dc_in_GeneA,OG0002282,TRUE,TRUE,TRUE
3620,DAKCFMEO_03674,BJEIHDPM_02662,WP_046463386.1,DAKCFMEO_03674,WP_046463386.1,TRUE,p25_in_GeneB__dc_in_GeneA,OG0003955,TRUE,TRUE,TRUE
3621,DAKCFMEO_03675,BJEIHDPM_02663,,DAKCFMEO_03675,NA,FALSE,,,FALSE,FALSE,FALSE
3622,DAKCFMEO_03676,BJEIHDPM_02664,WP_005770085.1,DAKCFMEO_03676,WP_005770085.1,TRUE,p25_in_GeneB__dc_in_GeneA,OG0002281,TRUE,TRUE,TRUE
3623,DAKCFMEO_03677,BJEIHDPM_02665,WP_005770083.1,DAKCFMEO_03677,WP_005770083.1,FALSE,,,TRUE,FALSE,FALSE
3624,DAKCFMEO_03678,BJEIHDPM_02666,WP_005770081.1,DAKCFMEO_03678,WP_005770081.1,TRUE,p25_in_GeneB__dc_in_GeneA,OG0002280,TRUE,TRUE,TRUE
3625,DAKCFMEO_03679,BJEIHDPM_02667,WP_005770079.1,DAKCFMEO_03679,WP_005770079.1,TRUE,p25_in_GeneB__dc_in_GeneA,OG0002279,TRUE,TRUE,TRUE
3626,DAKCFMEO_03680,BJEIHDPM_02668,WP_005770077.1,DAKCFMEO_03680,WP_005770077.1,TRUE,p25_in_GeneB__dc_in_GeneA,OG0002278,TRUE,TRUE,TRUE
3627,DAKCFMEO_03681,BJEIHDPM_02669,WP_005770075.1,DAKCFMEO_03681,WP_005770075.1,FALSE,,,TRUE,FALSE,FALSE
3628,DAKCFMEO_03682,BJEIHDPM_02670,WP_005770073.1,DAKCFMEO_03682,WP_005770073.1,FALSE,,,TRUE,FALSE,FALSE
3629,DAKCFMEO_03683,BJEIHDPM_02671,WP_011103267.1,DAKCFMEO_03683,WP_011103267.1,TRUE,p25_in_GeneB__dc_in_GeneA,OG0002896,TRUE,TRUE,TRUE
3630,DAKCFMEO_03684,BJEIHDPM_02672,WP_005770069.1,DAKCFMEO_03684,WP_005770069.1,TRUE,p25_in_GeneB__dc_in_GeneA,OG0002277,TRUE,TRUE,TRUE
3631,DAKCFMEO_03685,BJEIHDPM_02673,WP_005614495.1,DAKCFMEO_03685,WP_005614495.1,TRUE,p25_in_GeneB__dc_in_GeneA,OG0001135,TRUE,TRUE,TRUE
3632,DAKCFMEO_03686,BJEIHDPM_02674,WP_011103268.1,DAKCFMEO_03686,WP_011103268.1,FALSE,,,TRUE,FALSE,FALSE
3633,DAKCFMEO_03687,BJEIHDPM_02675,WP_005614499.1,DAKCFMEO_03687,WP_005614499.1,TRUE,p25_in_GeneB__dc_in_GeneA,OG0001136,TRUE,TRUE,TRUE
3634,DAKCFMEO_03688,BJEIHDPM_02676,WP_005770064.1,DAKCFMEO_03688,WP_005770064.1,FALSE,,,TRUE,FALSE,FALSE
3635,DAKCFMEO_03689,BJEIHDPM_02677,WP_011103269.1,DAKCFMEO_03689,WP_011103269.1,TRUE,p25_in_GeneB__dc_in_GeneA,OG0002897,TRUE,TRUE,TRUE
3636,DAKCFMEO_03690,BJEIHDPM_02678,WP_010202134.1,DAKCFMEO_03690,WP_010202134.1,FALSE,,,TRUE,FALSE,FALSE
3637,DAKCFMEO_03691,BJEIHDPM_02679,WP_007245539.1,DAKCFMEO_03691,WP_007245539.1,FALSE,,,TRUE,FALSE,FALSE
3638,DAKCFMEO_03692,BJEIHDPM_02680,WP_007245540.1,DAKCFMEO_03692,WP_007245540.1,TRUE,p25_in_GeneB__dc_in_GeneA,OG0002591,TRUE,TRUE,TRUE
3639,DAKCFMEO_03693,BJEIHDPM_02681,,DAKCFMEO_03693,NA,FALSE,,,FALSE,FALSE,FALSE
3640,DAKCFMEO_03694,BJEIHDPM_02682,,DAKCFMEO_03694,NA,FALSE,,,FALSE,FALSE,FALSE
3641,DAKCFMEO_03695,BJEIHDPM_02683,WP_011103270.1,DAKCFMEO_03695,WP_011103270.1,TRUE,p25_in_GeneB__dc_in_GeneA,OG0002898,TRUE,TRUE,TRUE
3642,DAKCFMEO_03696,BJEIHDPM_02684,WP_046463381.1,DAKCFMEO_03696,WP_046463381.1,TRUE,p25_in_GeneB__dc_in_GeneA,OG0003953,TRUE,TRUE,TRUE
3643,DAKCFMEO_03697,BJEIHDPM_02685,,DAKCFMEO_03697,NA,FALSE,,,FALSE,FALSE,FALSE
3644,DAKCFMEO_03698,BJEIHDPM_02686,,DAKCFMEO_03698,NA,FALSE,,,FALSE,FALSE,FALSE
3645,DAKCFMEO_03699,BJEIHDPM_02687,WP_005770049.1,DAKCFMEO_03699,WP_005770049.1,FALSE,,,TRUE,FALSE,FALSE
3646,DAKCFMEO_03700,BJEIHDPM_02688,WP_007245542.1,DAKCFMEO_03700,WP_007245542.1,FALSE,,,TRUE,FALSE,FALSE
3647,DAKCFMEO_03701,BJEIHDPM_02689,WP_011103272.1,DAKCFMEO_03701,WP_011103272.1,TRUE,p25_in_GeneB__dc_in_GeneA,OG0002899,TRUE,TRUE,TRUE
3648,DAKCFMEO_03702,BJEIHDPM_02690,WP_011103272.1,DAKCFMEO_03702,WP_011103272.1,FALSE,,,TRUE,FALSE,FALSE
3649,DAKCFMEO_03703,BJEIHDPM_02691,WP_007245544.1,DAKCFMEO_03703,WP_007245544.1,TRUE,p25_in_GeneB__dc_in_GeneA,OG0002592,TRUE,TRUE,TRUE
3650,DAKCFMEO_03704,BJEIHDPM_02692,WP_005770041.1,DAKCFMEO_03704,WP_005770041.1,TRUE,p25_in_GeneB__dc_in_GeneA,OG0002276,TRUE,TRUE,TRUE
3651,DAKCFMEO_03705,BJEIHDPM_02693,WP_011103273.1,DAKCFMEO_03705,WP_011103273.1,TRUE,p25_in_GeneB__dc_in_GeneA,OG0002900,TRUE,TRUE,TRUE
3652,DAKCFMEO_03706,BJEIHDPM_02694,WP_007245546.1,DAKCFMEO_03706,WP_007245546.1,FALSE,,,TRUE,FALSE,FALSE
3653,DAKCFMEO_03707,BJEIHDPM_02695,WP_003383172.1,DAKCFMEO_03707,WP_003383172.1,TRUE,p25_in_GeneB__dc_in_GeneA,OG0001054,TRUE,TRUE,TRUE
3654,DAKCFMEO_03708,BJEIHDPM_02696,WP_011103274.1,DAKCFMEO_03708,WP_011103274.1,FALSE,,,TRUE,FALSE,FALSE
3655,DAKCFMEO_03709,BJEIHDPM_04372,WP_005762572.1,DAKCFMEO_03709,WP_005762572.1,TRUE,p25_in_GeneB__dc_in_GeneA,OG0001330,TRUE,TRUE,TRUE
3656,DAKCFMEO_03710,BJEIHDPM_04373,WP_004396332.1,DAKCFMEO_03710,WP_004396332.1,TRUE,p25_in_GeneB__dc_in_GeneA,OG0001075,TRUE,TRUE,TRUE
3657,DAKCFMEO_03711,BJEIHDPM_04374,,DAKCFMEO_03711,NA,FALSE,,,FALSE,FALSE,FALSE
3658,DAKCFMEO_03712,BJEIHDPM_04375,WP_005762569.1,DAKCFMEO_03712,WP_005762569.1,TRUE,p25_in_GeneB__dc_in_GeneA,OG0001329,TRUE,TRUE,TRUE
3659,DAKCFMEO_03713,BJEIHDPM_04376,,DAKCFMEO_03713,NA,FALSE,,,FALSE,FALSE,FALSE
3660,DAKCFMEO_03714,BJEIHDPM_04377,,DAKCFMEO_03714,NA,FALSE,,,FALSE,FALSE,FALSE
3661,DAKCFMEO_03715,BJEIHDPM_04378,WP_011104161.1,DAKCFMEO_03715,WP_011104161.1,TRUE,p25_in_GeneB__dc_in_GeneA,OG0003267,TRUE,TRUE,TRUE
3662,DAKCFMEO_03716,BJEIHDPM_04379,WP_005762564.1,DAKCFMEO_03716,WP_005762564.1,TRUE,p25_in_GeneB__dc_in_GeneA,OG0001328,TRUE,TRUE,TRUE
3663,DAKCFMEO_03717,BJEIHDPM_04380,WP_011104162.1,DAKCFMEO_03717,WP_011104162.1,TRUE,p25_in_GeneB__dc_in_GeneA,OG0003268,TRUE,TRUE,TRUE
3664,DAKCFMEO_03718,BJEIHDPM_04381,WP_002553665.1,DAKCFMEO_03718,WP_002553665.1,TRUE,p25_in_GeneB__dc_in_GeneA,OG0000665,TRUE,TRUE,TRUE
3665,DAKCFMEO_03719,BJEIHDPM_04382,WP_007243732.1,DAKCFMEO_03719,WP_007243732.1,TRUE,p25_in_GeneB__dc_in_GeneA,OG0002470,TRUE,TRUE,TRUE
3666,DAKCFMEO_03720,BJEIHDPM_04383,WP_011104163.1,DAKCFMEO_03720,WP_011104163.1,TRUE,p25_in_GeneB__dc_in_GeneA,OG0003269,TRUE,TRUE,TRUE
3667,DAKCFMEO_03721,BJEIHDPM_04384,WP_011104164.1,DAKCFMEO_03721,WP_011104164.1,TRUE,p25_in_GeneB__dc_in_GeneA,OG0003270,TRUE,TRUE,TRUE
3668,DAKCFMEO_03722,BJEIHDPM_04385,WP_005762555.1,DAKCFMEO_03722,WP_005762555.1,TRUE,p25_in_GeneB__dc_in_GeneA,OG0001327,TRUE,TRUE,TRUE
3669,DAKCFMEO_03723,BJEIHDPM_04386,WP_044389757.1,DAKCFMEO_03723,WP_044389757.1,TRUE,p25_in_GeneB__dc_in_GeneA,OG0003900,TRUE,TRUE,TRUE
3670,DAKCFMEO_03724,BJEIHDPM_04387,WP_011104166.1,DAKCFMEO_03724,WP_011104166.1,TRUE,p25_in_GeneB__dc_in_GeneA,OG0003271,TRUE,TRUE,TRUE
3671,DAKCFMEO_03725,BJEIHDPM_04388,WP_005762545.1,DAKCFMEO_03725,WP_005762545.1,TRUE,p25_in_GeneB__dc_in_GeneA,OG0001326,TRUE,TRUE,TRUE
3672,DAKCFMEO_03726,BJEIHDPM_04389,WP_005762543.1,DAKCFMEO_03726,WP_005762543.1,TRUE,p25_in_GeneB__dc_in_GeneA,OG0001325,TRUE,TRUE,TRUE
3673,DAKCFMEO_03727,BJEIHDPM_04390,WP_011104167.1,DAKCFMEO_03727,WP_011104167.1,TRUE,p25_in_GeneB__dc_in_GeneA,OG0003272,TRUE,TRUE,TRUE
3674,DAKCFMEO_03728,BJEIHDPM_04391,WP_046463508.1,DAKCFMEO_03728,WP_046463508.1,TRUE,p25_in_GeneB__dc_in_GeneA,OG0003987,TRUE,TRUE,TRUE
3675,DAKCFMEO_03729,BJEIHDPM_04392,WP_011104169.1,DAKCFMEO_03729,WP_011104169.1,TRUE,p25_in_GeneB__dc_in_GeneA,OG0003273,TRUE,TRUE,TRUE
3676,DAKCFMEO_03730,BJEIHDPM_04393,WP_005762534.1,DAKCFMEO_03730,WP_005762534.1,TRUE,p25_in_GeneB__dc_in_GeneA,OG0001324,TRUE,TRUE,TRUE
3677,DAKCFMEO_03731,BJEIHDPM_04394,WP_011104170.1,DAKCFMEO_03731,WP_011104170.1,TRUE,p25_in_GeneB__dc_in_GeneA,OG0003274,TRUE,TRUE,TRUE
3678,DAKCFMEO_03732,BJEIHDPM_04395,WP_046463502.1,DAKCFMEO_03732,WP_046463502.1,TRUE,p25_in_GeneB__dc_in_GeneA,OG0003983,TRUE,TRUE,TRUE
3679,DAKCFMEO_03733,BJEIHDPM_04396,WP_011104172.1,DAKCFMEO_03733,WP_011104172.1,FALSE,,,TRUE,FALSE,FALSE
3680,DAKCFMEO_03734,BJEIHDPM_04397,WP_004396268.1,DAKCFMEO_03734,WP_004396268.1,TRUE,p25_in_GeneB__dc_in_GeneA,OG0001074,TRUE,TRUE,TRUE
3681,DAKCFMEO_03735,BJEIHDPM_04398,WP_005762525.1,DAKCFMEO_03735,WP_005762525.1,FALSE,,,TRUE,FALSE,FALSE
3682,DAKCFMEO_03736,BJEIHDPM_04399,,DAKCFMEO_03736,NA,FALSE,,,FALSE,FALSE,FALSE
3683,DAKCFMEO_03737,BJEIHDPM_04400,WP_011104174.1,DAKCFMEO_03737,WP_011104174.1,FALSE,,,TRUE,FALSE,FALSE
3684,DAKCFMEO_03738,BJEIHDPM_04401,WP_011104175.1,DAKCFMEO_03738,WP_011104175.1,TRUE,p25_in_GeneB__dc_in_GeneA,OG0003275,TRUE,TRUE,TRUE
3685,DAKCFMEO_03739,BJEIHDPM_04402,WP_011104176.1,DAKCFMEO_03739,WP_011104176.1,TRUE,p25_in_GeneB__dc_in_GeneA,OG0003276,TRUE,TRUE,TRUE
3686,DAKCFMEO_03740,BJEIHDPM_04403,WP_005762514.1,DAKCFMEO_03740,WP_005762514.1,TRUE,p25_in_GeneB__dc_in_GeneA,OG0001323,TRUE,TRUE,TRUE
3687,DAKCFMEO_03741,BJEIHDPM_04404,,DAKCFMEO_03741,NA,FALSE,,,FALSE,FALSE,FALSE
3688,DAKCFMEO_03742,BJEIHDPM_04405,,DAKCFMEO_03742,NA,FALSE,,,FALSE,FALSE,FALSE
3689,DAKCFMEO_03743,BJEIHDPM_04406,WP_007243982.1,DAKCFMEO_03743,WP_007243982.1,TRUE,p25_in_GeneB__dc_in_GeneA,OG0002482,TRUE,TRUE,TRUE
3690,DAKCFMEO_03744,BJEIHDPM_04407,WP_011104178.1,DAKCFMEO_03744,WP_011104178.1,TRUE,p25_in_GeneB__dc_in_GeneA,OG0003277,TRUE,TRUE,TRUE
3691,DAKCFMEO_03745,BJEIHDPM_04408,WP_011104179.1,DAKCFMEO_03745,WP_011104179.1,TRUE,p25_in_GeneB__dc_in_GeneA,OG0003278,TRUE,TRUE,TRUE
3692,DAKCFMEO_03746,BJEIHDPM_04409,,DAKCFMEO_03746,NA,FALSE,,,FALSE,FALSE,FALSE
3693,DAKCFMEO_03747,BJEIHDPM_04410,WP_024666071.1,DAKCFMEO_03747,WP_024666071.1,FALSE,,,TRUE,FALSE,FALSE
3694,DAKCFMEO_03748,BJEIHDPM_04411,WP_007243977.1,DAKCFMEO_03748,WP_007243977.1,TRUE,p25_in_GeneB__dc_in_GeneA,OG0002481,TRUE,TRUE,TRUE
3695,DAKCFMEO_03749,BJEIHDPM_04412,WP_024666072.1,DAKCFMEO_03749,WP_024666072.1,TRUE,p25_in_GeneB__dc_in_GeneA,OG0003860,TRUE,TRUE,TRUE
3696,DAKCFMEO_03750,BJEIHDPM_04413,,DAKCFMEO_03750,NA,FALSE,,,FALSE,FALSE,FALSE
3697,DAKCFMEO_03751,BJEIHDPM_04414,WP_046463596.1,DAKCFMEO_03751,WP_046463596.1,TRUE,p25_in_GeneB__dc_in_GeneA,OG0004004,TRUE,TRUE,TRUE
3698,DAKCFMEO_03752,BJEIHDPM_04415,WP_011104183.1,DAKCFMEO_03752,WP_011104183.1,TRUE,p25_in_GeneB__dc_in_GeneA,OG0003279,TRUE,TRUE,TRUE
3699,DAKCFMEO_03753,BJEIHDPM_04416,,DAKCFMEO_03753,NA,FALSE,,,FALSE,FALSE,FALSE
3700,DAKCFMEO_03754,BJEIHDPM_04417,WP_005762491.1,DAKCFMEO_03754,WP_005762491.1,TRUE,p25_in_GeneB__dc_in_GeneA,OG0001322,TRUE,TRUE,TRUE
3701,DAKCFMEO_03755,BJEIHDPM_04418,,DAKCFMEO_03755,NA,FALSE,,,FALSE,FALSE,FALSE
3702,DAKCFMEO_03756,BJEIHDPM_04419,WP_046463503.1,DAKCFMEO_03756,WP_046463503.1,TRUE,p25_in_GeneB__dc_in_GeneA,OG0003984,TRUE,TRUE,TRUE
3703,DAKCFMEO_03757,BJEIHDPM_04420,WP_011105170.1,DAKCFMEO_03757,WP_011105170.1,TRUE,p25_in_GeneB__dc_in_GeneA,OG0003642,TRUE,TRUE,TRUE
3704,DAKCFMEO_03758,BJEIHDPM_04421,WP_005762487.1,DAKCFMEO_03758,WP_005762487.1,TRUE,p25_in_GeneB__dc_in_GeneA,OG0001321,TRUE,TRUE,TRUE
3705,DAKCFMEO_03759,BJEIHDPM_04422,WP_005762486.1,DAKCFMEO_03759,WP_005762486.1,TRUE,p25_in_GeneB__dc_in_GeneA,OG0001320,TRUE,TRUE,TRUE
3706,DAKCFMEO_03760,BJEIHDPM_04423,WP_044389725.1,DAKCFMEO_03760,WP_044389725.1,TRUE,p25_in_GeneB__dc_in_GeneA,OG0003899,TRUE,TRUE,TRUE
3707,DAKCFMEO_03761,BJEIHDPM_04424,WP_004396234.1,DAKCFMEO_03761,WP_004396234.1,TRUE,p25_in_GeneB__dc_in_GeneA,OG0001073,TRUE,TRUE,TRUE
3708,DAKCFMEO_03762,BJEIHDPM_04425,WP_011104187.1,DAKCFMEO_03762,WP_011104187.1,FALSE,,,TRUE,FALSE,FALSE
3709,DAKCFMEO_03763,BJEIHDPM_04426,WP_011104188.1,DAKCFMEO_03763,WP_011104188.1,TRUE,p25_in_GeneB__dc_in_GeneA,OG0003280,TRUE,TRUE,TRUE
3710,DAKCFMEO_03764,BJEIHDPM_04427,WP_005762478.1,DAKCFMEO_03764,WP_005762478.1,FALSE,,,TRUE,FALSE,FALSE
3711,DAKCFMEO_03765,BJEIHDPM_04428,WP_005762476.1,DAKCFMEO_03765,WP_005762476.1,TRUE,p25_in_GeneB__dc_in_GeneA,OG0001319,TRUE,TRUE,TRUE
3712,DAKCFMEO_03766,BJEIHDPM_04429,WP_005762474.1,DAKCFMEO_03766,WP_005762474.1,TRUE,p25_in_GeneB__dc_in_GeneA,OG0001318,TRUE,TRUE,TRUE
3713,DAKCFMEO_03767,BJEIHDPM_04430,WP_005762472.1,DAKCFMEO_03767,WP_005762472.1,TRUE,p25_in_GeneB__dc_in_GeneA,OG0001317,TRUE,TRUE,TRUE
3714,DAKCFMEO_03768,BJEIHDPM_04431,WP_011104189.1,DAKCFMEO_03768,WP_011104189.1,TRUE,p25_in_GeneB__dc_in_GeneA,OG0003281,TRUE,TRUE,TRUE
3715,DAKCFMEO_03769,BJEIHDPM_04432,WP_046463504.1,DAKCFMEO_03769,WP_046463504.1,TRUE,p25_in_GeneB__dc_in_GeneA,OG0003985,TRUE,TRUE,TRUE
3716,DAKCFMEO_03770,BJEIHDPM_04433,WP_005762465.1,DAKCFMEO_03770,WP_005762465.1,TRUE,p25_in_GeneB__dc_in_GeneA,OG0001316,TRUE,TRUE,TRUE
3717,DAKCFMEO_03771,BJEIHDPM_04434,WP_005762461.1,DAKCFMEO_03771,WP_005762461.1,FALSE,,,TRUE,FALSE,FALSE
3718,DAKCFMEO_03772,BJEIHDPM_04435,WP_010203323.1,DAKCFMEO_03772,WP_010203323.1,TRUE,p25_in_GeneB__dc_in_GeneA,OG0002727,TRUE,TRUE,TRUE
3719,DAKCFMEO_03773,BJEIHDPM_04436,WP_011104191.1,DAKCFMEO_03773,WP_011104191.1,TRUE,p25_in_GeneB__dc_in_GeneA,OG0003282,TRUE,TRUE,TRUE
3720,DAKCFMEO_03774,BJEIHDPM_04437,WP_011104192.1,DAKCFMEO_03774,WP_011104192.1,TRUE,p25_in_GeneB__dc_in_GeneA,OG0003283,TRUE,TRUE,TRUE
3721,DAKCFMEO_03775,BJEIHDPM_04438,WP_024666082.1,DAKCFMEO_03775,WP_024666082.1,TRUE,p25_in_GeneB__dc_in_GeneA,OG0003861,TRUE,TRUE,TRUE
3722,DAKCFMEO_03776,BJEIHDPM_04439,WP_011104195.1,DAKCFMEO_03776,WP_011104195.1,TRUE,p25_in_GeneB__dc_in_GeneA,OG0003284,TRUE,TRUE,TRUE
3723,DAKCFMEO_03777,BJEIHDPM_04440,WP_010203307.1,DAKCFMEO_03777,WP_010203307.1,TRUE,p25_in_GeneB__dc_in_GeneA,OG0002726,TRUE,TRUE,TRUE
3724,DAKCFMEO_03778,BJEIHDPM_04441,WP_005762447.1,DAKCFMEO_03778,WP_005762447.1,TRUE,p25_in_GeneB__dc_in_GeneA,OG0001315,TRUE,TRUE,TRUE
3725,DAKCFMEO_03779,BJEIHDPM_04442,WP_046463506.1,DAKCFMEO_03779,WP_046463506.1,TRUE,p25_in_GeneB__dc_in_GeneA,OG0003986,TRUE,TRUE,TRUE
3726,DAKCFMEO_03780,BJEIHDPM_04443,WP_011104197.1,DAKCFMEO_03780,WP_011104197.1,TRUE,p25_in_GeneB__dc_in_GeneA,OG0003285,TRUE,TRUE,TRUE
3727,DAKCFMEO_03781,BJEIHDPM_04444,WP_011104198.1,DAKCFMEO_03781,WP_011104198.1,TRUE,p25_in_GeneB__dc_in_GeneA,OG0003286,TRUE,TRUE,TRUE
3728,DAKCFMEO_03782,BJEIHDPM_04445,,DAKCFMEO_03782,NA,FALSE,,,FALSE,FALSE,FALSE
3729,DAKCFMEO_03783,BJEIHDPM_04446,,DAKCFMEO_03783,NA,FALSE,,,FALSE,FALSE,FALSE
3730,DAKCFMEO_03784,BJEIHDPM_04447,,DAKCFMEO_03784,NA,FALSE,,,FALSE,FALSE,FALSE
3731,DAKCFMEO_03785,BJEIHDPM_04448,WP_046463531.1,DAKCFMEO_03785,WP_046463531.1,TRUE,p25_in_GeneB__dc_in_GeneA,OG0003991,TRUE,TRUE,TRUE
3732,DAKCFMEO_03786,BJEIHDPM_04449,WP_011104203.1,DAKCFMEO_03786,WP_011104203.1,FALSE,,,TRUE,FALSE,FALSE
3733,DAKCFMEO_03787,BJEIHDPM_04450,WP_011104204.1,DAKCFMEO_03787,WP_011104204.1,TRUE,p25_in_GeneB__dc_in_GeneA,OG0003287,TRUE,TRUE,TRUE
3734,DAKCFMEO_03788,BJEIHDPM_04451,WP_011104205.1,DAKCFMEO_03788,WP_011104205.1,TRUE,p25_in_GeneB__dc_in_GeneA,OG0003288,TRUE,TRUE,TRUE
3735,DAKCFMEO_03789,BJEIHDPM_04452,WP_011104206.1,DAKCFMEO_03789,WP_011104206.1,TRUE,p25_in_GeneB__dc_in_GeneA,OG0003289,TRUE,TRUE,TRUE
3736,DAKCFMEO_03790,BJEIHDPM_04453,WP_011104207.1,DAKCFMEO_03790,WP_011104207.1,TRUE,p25_in_GeneB__dc_in_GeneA,OG0003290,TRUE,TRUE,TRUE
3737,DAKCFMEO_03791,BJEIHDPM_04454,WP_003382657.1,DAKCFMEO_03791,WP_003382657.1,TRUE,p25_in_GeneB__dc_in_GeneA,OG0001032,TRUE,TRUE,TRUE
3738,DAKCFMEO_03792,BJEIHDPM_04455,WP_005762418.1,DAKCFMEO_03792,WP_005762418.1,TRUE,p25_in_GeneB__dc_in_GeneA,OG0001314,TRUE,TRUE,TRUE
3739,DAKCFMEO_03793,BJEIHDPM_04456,,DAKCFMEO_03793,NA,FALSE,,,FALSE,FALSE,FALSE
3740,DAKCFMEO_03794,BJEIHDPM_04457,,DAKCFMEO_03794,NA,FALSE,,,FALSE,FALSE,FALSE
3741,DAKCFMEO_03795,BJEIHDPM_04458,,DAKCFMEO_03795,NA,FALSE,,,FALSE,FALSE,FALSE
3742,DAKCFMEO_03796,BJEIHDPM_04459,,DAKCFMEO_03796,NA,FALSE,,,FALSE,FALSE,FALSE
3743,DAKCFMEO_03797,BJEIHDPM_04460,,DAKCFMEO_03797,NA,FALSE,,,FALSE,FALSE,FALSE
3744,DAKCFMEO_03798,BJEIHDPM_04461,,DAKCFMEO_03798,NA,FALSE,,,FALSE,FALSE,FALSE
3745,DAKCFMEO_03799,BJEIHDPM_04462,,DAKCFMEO_03799,NA,FALSE,,,FALSE,FALSE,FALSE
3746,DAKCFMEO_03800,BJEIHDPM_04463,WP_005762416.1,DAKCFMEO_03800,WP_005762416.1,FALSE,,,TRUE,FALSE,FALSE
3747,DAKCFMEO_03801,BJEIHDPM_04464,WP_007243944.1,DAKCFMEO_03801,WP_007243944.1,TRUE,p25_in_GeneB__dc_in_GeneA,OG0002480,TRUE,TRUE,TRUE
3748,DAKCFMEO_03802,BJEIHDPM_04465,WP_005762408.1,DAKCFMEO_03802,WP_005762408.1,TRUE,p25_in_GeneB__dc_in_GeneA,OG0001313,TRUE,TRUE,TRUE
3749,DAKCFMEO_03803,BJEIHDPM_04466,WP_005762406.1,DAKCFMEO_03803,WP_005762406.1,TRUE,p25_in_GeneB__dc_in_GeneA,OG0001312,TRUE,TRUE,TRUE
3750,DAKCFMEO_03804,BJEIHDPM_04467,WP_011104208.1,DAKCFMEO_03804,WP_011104208.1,TRUE,p25_in_GeneB__dc_in_GeneA,OG0003291,TRUE,TRUE,TRUE
3751,DAKCFMEO_03805,BJEIHDPM_04468,,DAKCFMEO_03805,NA,FALSE,,,FALSE,FALSE,FALSE
3752,DAKCFMEO_03806,BJEIHDPM_04469,WP_011104209.1,DAKCFMEO_03806,WP_011104209.1,TRUE,p25_in_GeneB__dc_in_GeneA,OG0003292,TRUE,TRUE,TRUE
3753,DAKCFMEO_03807,BJEIHDPM_04470,WP_005762396.1,DAKCFMEO_03807,WP_005762396.1,TRUE,p25_in_GeneB__dc_in_GeneA,OG0001311,TRUE,TRUE,TRUE
3754,DAKCFMEO_03808,BJEIHDPM_04471,WP_011104210.1,DAKCFMEO_03808,WP_011104210.1,TRUE,p25_in_GeneB__dc_in_GeneA,OG0003293,TRUE,TRUE,TRUE
3755,DAKCFMEO_03809,BJEIHDPM_04472,,DAKCFMEO_03809,NA,FALSE,,,FALSE,FALSE,FALSE
3756,DAKCFMEO_03810,BJEIHDPM_04473,,DAKCFMEO_03810,NA,FALSE,,,FALSE,FALSE,FALSE
3757,DAKCFMEO_03811,BJEIHDPM_04474,,DAKCFMEO_03811,NA,FALSE,,,FALSE,FALSE,FALSE
3758,DAKCFMEO_03812,BJEIHDPM_04475,,DAKCFMEO_03812,NA,FALSE,,,FALSE,FALSE,FALSE
3759,DAKCFMEO_03813,BJEIHDPM_04476,,DAKCFMEO_03813,NA,FALSE,,,FALSE,FALSE,FALSE
3760,DAKCFMEO_03814,BJEIHDPM_04477,,DAKCFMEO_03814,NA,FALSE,,,FALSE,FALSE,FALSE
3761,DAKCFMEO_03815,BJEIHDPM_04478,,DAKCFMEO_03815,NA,FALSE,,,FALSE,FALSE,FALSE
3762,DAKCFMEO_03816,BJEIHDPM_04479,,DAKCFMEO_03816,NA,FALSE,,,FALSE,FALSE,FALSE
3763,DAKCFMEO_03817,BJEIHDPM_04480,,DAKCFMEO_03817,NA,FALSE,,,FALSE,FALSE,FALSE
3764,DAKCFMEO_03818,BJEIHDPM_04481,,DAKCFMEO_03818,NA,FALSE,,,FALSE,FALSE,FALSE
3765,DAKCFMEO_03819,BJEIHDPM_04482,WP_005762368.1,DAKCFMEO_03819,WP_005762368.1,TRUE,p25_in_GeneB__dc_in_GeneA,OG0001310,TRUE,TRUE,TRUE
3766,DAKCFMEO_03820,BJEIHDPM_04483,WP_011104219.1,DAKCFMEO_03820,WP_011104219.1,FALSE,,,TRUE,FALSE,FALSE
3767,DAKCFMEO_03821,BJEIHDPM_04484,WP_011104220.1,DAKCFMEO_03821,WP_011104220.1,FALSE,,,TRUE,FALSE,FALSE
3768,DAKCFMEO_03822,BJEIHDPM_04485,WP_010216538.1,DAKCFMEO_03822,WP_010216538.1,TRUE,p25_in_GeneB__dc_in_GeneA,OG0002757,TRUE,TRUE,TRUE
3769,DAKCFMEO_03823,BJEIHDPM_04486,WP_011104221.1,DAKCFMEO_03823,WP_011104221.1,FALSE,,,TRUE,FALSE,FALSE
3770,DAKCFMEO_03824,BJEIHDPM_04487,WP_003376912.1,DAKCFMEO_03824,WP_003376912.1,TRUE,p25_in_GeneB__dc_in_GeneA,OG0000798,TRUE,TRUE,TRUE
3771,DAKCFMEO_03825,BJEIHDPM_04488,,DAKCFMEO_03825,NA,FALSE,,,FALSE,FALSE,FALSE
3772,DAKCFMEO_03826,BJEIHDPM_04489,,DAKCFMEO_03826,NA,FALSE,,,FALSE,FALSE,FALSE
3773,DAKCFMEO_03827,BJEIHDPM_04490,,DAKCFMEO_03827,NA,FALSE,,,FALSE,FALSE,FALSE
3774,DAKCFMEO_03828,BJEIHDPM_04491,,DAKCFMEO_03828,NA,FALSE,,,FALSE,FALSE,FALSE
3775,DAKCFMEO_03829,BJEIHDPM_04492,,DAKCFMEO_03829,NA,FALSE,,,FALSE,FALSE,FALSE
3776,DAKCFMEO_03830,BJEIHDPM_04493,,DAKCFMEO_03830,NA,FALSE,,,FALSE,FALSE,FALSE
3777,DAKCFMEO_03831,BJEIHDPM_04494,,DAKCFMEO_03831,NA,FALSE,,,FALSE,FALSE,FALSE
3778,DAKCFMEO_03832,BJEIHDPM_04495,,DAKCFMEO_03832,NA,FALSE,,,FALSE,FALSE,FALSE
3779,DAKCFMEO_03833,BJEIHDPM_04496,,DAKCFMEO_03833,NA,FALSE,,,FALSE,FALSE,FALSE
3780,DAKCFMEO_03834,BJEIHDPM_04497,,DAKCFMEO_03834,NA,FALSE,,,FALSE,FALSE,FALSE
3781,DAKCFMEO_03835,BJEIHDPM_04498,,DAKCFMEO_03835,NA,FALSE,,,FALSE,FALSE,FALSE
3782,DAKCFMEO_03836,BJEIHDPM_04499,,DAKCFMEO_03836,NA,FALSE,,,FALSE,FALSE,FALSE
3783,DAKCFMEO_03837,BJEIHDPM_04500,,DAKCFMEO_03837,NA,FALSE,,,FALSE,FALSE,FALSE
3784,DAKCFMEO_03838,BJEIHDPM_04501,,DAKCFMEO_03838,NA,FALSE,,,FALSE,FALSE,FALSE
3785,DAKCFMEO_03839,BJEIHDPM_04502,,DAKCFMEO_03839,NA,FALSE,,,FALSE,FALSE,FALSE
3786,DAKCFMEO_03840,BJEIHDPM_04503,,DAKCFMEO_03840,NA,FALSE,,,FALSE,FALSE,FALSE
3787,DAKCFMEO_03841,BJEIHDPM_04504,,DAKCFMEO_03841,NA,FALSE,,,FALSE,FALSE,FALSE
3788,DAKCFMEO_03842,BJEIHDPM_04505,WP_046463677.1,DAKCFMEO_03842,WP_046463677.1,FALSE,,,TRUE,FALSE,FALSE
3789,DAKCFMEO_03843,BJEIHDPM_04506,WP_005770270.1,DAKCFMEO_03843,WP_005770270.1,FALSE,,,TRUE,FALSE,FALSE
3790,DAKCFMEO_03844,BJEIHDPM_04507,WP_011103979.1,DAKCFMEO_03844,WP_011103979.1,TRUE,p25_in_GeneB__dc_in_GeneA,OG0003188,TRUE,TRUE,TRUE
3791,DAKCFMEO_03845,BJEIHDPM_04508,WP_011103980.1,DAKCFMEO_03845,WP_011103980.1,TRUE,p25_in_GeneB__dc_in_GeneA,OG0003189,TRUE,TRUE,TRUE
3792,DAKCFMEO_03846,BJEIHDPM_04509,WP_011103981.1,DAKCFMEO_03846,WP_011103981.1,FALSE,,,TRUE,FALSE,FALSE
3793,DAKCFMEO_03847,BJEIHDPM_04511,WP_011103982.1,DAKCFMEO_03847,WP_011103982.1,TRUE,p25_in_GeneB__dc_in_GeneA,OG0003190,TRUE,TRUE,TRUE
3794,DAKCFMEO_03848,BJEIHDPM_04512,WP_007246911.1,DAKCFMEO_03848,WP_007246911.1,TRUE,p25_in_GeneB__dc_in_GeneA,OG0002689,TRUE,TRUE,TRUE
3795,DAKCFMEO_03849,BJEIHDPM_04513,WP_011103983.1,DAKCFMEO_03849,WP_011103983.1,FALSE,,,TRUE,FALSE,FALSE
3796,DAKCFMEO_03850,BJEIHDPM_04514,WP_011103984.1,DAKCFMEO_03850,WP_011103984.1,FALSE,,,TRUE,FALSE,FALSE
3797,DAKCFMEO_03851,BJEIHDPM_04515,WP_011103985.1,DAKCFMEO_03851,WP_011103985.1,FALSE,,,TRUE,FALSE,FALSE
3798,DAKCFMEO_03852,BJEIHDPM_04516,,DAKCFMEO_03852,NA,FALSE,,,FALSE,FALSE,FALSE
3799,DAKCFMEO_03853,BJEIHDPM_04517,,DAKCFMEO_03853,NA,FALSE,,,FALSE,FALSE,FALSE
3800,DAKCFMEO_03854,BJEIHDPM_04518,,DAKCFMEO_03854,NA,FALSE,,,FALSE,FALSE,FALSE
3801,DAKCFMEO_03855,BJEIHDPM_04519,,DAKCFMEO_03855,NA,FALSE,,,FALSE,FALSE,FALSE
3802,DAKCFMEO_03856,BJEIHDPM_04520,,DAKCFMEO_03856,NA,FALSE,,,FALSE,FALSE,FALSE
3803,DAKCFMEO_03857,BJEIHDPM_04521,WP_046463677.1,DAKCFMEO_03857,WP_046463677.1,FALSE,,,TRUE,FALSE,FALSE
3804,DAKCFMEO_03858,BJEIHDPM_04522,,DAKCFMEO_03858,NA,FALSE,,,FALSE,FALSE,FALSE
3805,DAKCFMEO_03859,BJEIHDPM_04523,,DAKCFMEO_03859,NA,FALSE,,,FALSE,FALSE,FALSE
3806,DAKCFMEO_03860,BJEIHDPM_04524,,DAKCFMEO_03860,NA,FALSE,,,FALSE,FALSE,FALSE
3807,DAKCFMEO_03861,BJEIHDPM_04525,,DAKCFMEO_03861,NA,FALSE,,,FALSE,FALSE,FALSE
3808,DAKCFMEO_03862,BJEIHDPM_04526,,DAKCFMEO_03862,NA,FALSE,,,FALSE,FALSE,FALSE
3809,DAKCFMEO_03863,BJEIHDPM_04527,,DAKCFMEO_03863,NA,FALSE,,,FALSE,FALSE,FALSE
3810,DAKCFMEO_03864,BJEIHDPM_04528,,DAKCFMEO_03864,NA,FALSE,,,FALSE,FALSE,FALSE
3811,DAKCFMEO_03865,BJEIHDPM_04529,WP_007245995.1,DAKCFMEO_03865,WP_007245995.1,FALSE,,,TRUE,FALSE,FALSE
3812,DAKCFMEO_03866,BJEIHDPM_04530,,DAKCFMEO_03866,NA,FALSE,,,FALSE,FALSE,FALSE
3813,DAKCFMEO_03867,BJEIHDPM_04531,WP_003377787.1,DAKCFMEO_03867,WP_003377787.1,TRUE,p25_in_GeneB__dc_in_GeneA,OG0000844,TRUE,TRUE,TRUE
3814,DAKCFMEO_03868,BJEIHDPM_04532,,DAKCFMEO_03868,NA,FALSE,,,FALSE,FALSE,FALSE
3815,DAKCFMEO_03869,BJEIHDPM_04533,,DAKCFMEO_03869,NA,FALSE,,,FALSE,FALSE,FALSE
3816,DAKCFMEO_03870,BJEIHDPM_04534,,DAKCFMEO_03870,NA,FALSE,,,FALSE,FALSE,FALSE
3817,DAKCFMEO_03871,BJEIHDPM_04535,,DAKCFMEO_03871,NA,FALSE,,,FALSE,FALSE,FALSE
3818,DAKCFMEO_03872,BJEIHDPM_04536,,DAKCFMEO_03872,NA,FALSE,,,FALSE,FALSE,FALSE
3819,DAKCFMEO_03873,BJEIHDPM_04537,,DAKCFMEO_03873,NA,FALSE,,,FALSE,FALSE,FALSE
3820,DAKCFMEO_03874,BJEIHDPM_04538,,DAKCFMEO_03874,NA,FALSE,,,FALSE,FALSE,FALSE
3821,DAKCFMEO_03875,BJEIHDPM_04539,,DAKCFMEO_03875,NA,FALSE,,,FALSE,FALSE,FALSE
3822,DAKCFMEO_03876,BJEIHDPM_04540,,DAKCFMEO_03876,NA,FALSE,,,FALSE,FALSE,FALSE
3823,DAKCFMEO_03877,BJEIHDPM_04541,,DAKCFMEO_03877,NA,FALSE,,,FALSE,FALSE,FALSE
3824,DAKCFMEO_03878,BJEIHDPM_04542,,DAKCFMEO_03878,NA,FALSE,,,FALSE,FALSE,FALSE
3825,DAKCFMEO_03879,BJEIHDPM_04543,,DAKCFMEO_03879,NA,FALSE,,,FALSE,FALSE,FALSE
3826,DAKCFMEO_03880,BJEIHDPM_04544,,DAKCFMEO_03880,NA,FALSE,,,FALSE,FALSE,FALSE
3827,DAKCFMEO_03881,BJEIHDPM_04545,,DAKCFMEO_03881,NA,FALSE,,,FALSE,FALSE,FALSE
3828,DAKCFMEO_03882,BJEIHDPM_04546,,DAKCFMEO_03882,NA,FALSE,,,FALSE,FALSE,FALSE
3829,DAKCFMEO_03883,BJEIHDPM_04547,,DAKCFMEO_03883,NA,FALSE,,,FALSE,FALSE,FALSE
3830,DAKCFMEO_03884,BJEIHDPM_04548,WP_005768984.1,DAKCFMEO_03884,WP_005768984.1,FALSE,,,TRUE,FALSE,FALSE
3831,DAKCFMEO_03885,BJEIHDPM_04549,WP_005768982.1,DAKCFMEO_03885,WP_005768982.1,FALSE,,,TRUE,FALSE,FALSE
3832,DAKCFMEO_03886,BJEIHDPM_04550,WP_011103229.1,DAKCFMEO_03886,WP_011103229.1,FALSE,,,TRUE,FALSE,FALSE
3833,DAKCFMEO_03887,BJEIHDPM_04551,,DAKCFMEO_03887,NA,FALSE,,,FALSE,FALSE,FALSE
3834,DAKCFMEO_03888,BJEIHDPM_04552,WP_007246058.1,DAKCFMEO_03888,WP_007246058.1,FALSE,,,TRUE,FALSE,FALSE
3835,DAKCFMEO_03889,BJEIHDPM_04553,,DAKCFMEO_03889,NA,FALSE,,,FALSE,FALSE,FALSE
3836,DAKCFMEO_03890,BJEIHDPM_04554,,DAKCFMEO_03890,NA,FALSE,,,FALSE,FALSE,FALSE
3837,DAKCFMEO_03891,BJEIHDPM_04555,,DAKCFMEO_03891,NA,FALSE,,,FALSE,FALSE,FALSE
3838,DAKCFMEO_03892,BJEIHDPM_04556,,DAKCFMEO_03892,NA,FALSE,,,FALSE,FALSE,FALSE
3839,DAKCFMEO_03893,BJEIHDPM_04557,,DAKCFMEO_03893,NA,FALSE,,,FALSE,FALSE,FALSE
3840,DAKCFMEO_03894,BJEIHDPM_04558,,DAKCFMEO_03894,NA,FALSE,,,FALSE,FALSE,FALSE
3841,DAKCFMEO_03895,BJEIHDPM_04559,,DAKCFMEO_03895,NA,FALSE,,,FALSE,FALSE,FALSE
3842,DAKCFMEO_03896,BJEIHDPM_04560,,DAKCFMEO_03896,NA,FALSE,,,FALSE,FALSE,FALSE
3843,DAKCFMEO_03897,BJEIHDPM_04561,,DAKCFMEO_03897,NA,FALSE,,,FALSE,FALSE,FALSE
3844,DAKCFMEO_03898,BJEIHDPM_04562,,DAKCFMEO_03898,NA,FALSE,,,FALSE,FALSE,FALSE
3845,DAKCFMEO_03899,BJEIHDPM_04563,,DAKCFMEO_03899,NA,FALSE,,,FALSE,FALSE,FALSE
3846,DAKCFMEO_03900,BJEIHDPM_04564,WP_005764422.1,DAKCFMEO_03900,WP_005764422.1,FALSE,,,TRUE,FALSE,FALSE
3847,DAKCFMEO_03901,BJEIHDPM_04565,WP_005764420.1,DAKCFMEO_03901,WP_005764420.1,FALSE,,,TRUE,FALSE,FALSE
3848,DAKCFMEO_03902,BJEIHDPM_04566,WP_011104333.1,DAKCFMEO_03902,WP_011104333.1,TRUE,p25_in_GeneB__dc_in_GeneA,OG0003328,TRUE,TRUE,TRUE
3849,DAKCFMEO_03903,BJEIHDPM_04567,WP_005764417.1,DAKCFMEO_03903,WP_005764417.1,TRUE,p25_in_GeneB__dc_in_GeneA,OG0001562,TRUE,TRUE,TRUE
3850,DAKCFMEO_03904,BJEIHDPM_04568,WP_005764418.1,DAKCFMEO_03904,WP_005764418.1,TRUE,p25_in_GeneB__dc_in_GeneA,OG0001563,TRUE,TRUE,TRUE
3851,DAKCFMEO_03905,BJEIHDPM_04569,,DAKCFMEO_03905,NA,FALSE,,,FALSE,FALSE,FALSE
3852,DAKCFMEO_03906,BJEIHDPM_04570,WP_005764344.1,DAKCFMEO_03906,WP_005764344.1,TRUE,p25_in_GeneB__dc_in_GeneA,OG0001556,TRUE,TRUE,TRUE
3853,DAKCFMEO_03907,BJEIHDPM_04571,WP_007243883.1,DAKCFMEO_03907,WP_007243883.1,FALSE,,,TRUE,FALSE,FALSE
3854,DAKCFMEO_03908,BJEIHDPM_04572,,DAKCFMEO_03908,NA,FALSE,,,FALSE,FALSE,FALSE
3855,DAKCFMEO_03909,BJEIHDPM_04573,WP_011104261.1,DAKCFMEO_03909,WP_011104261.1,TRUE,p25_in_GeneB__dc_in_GeneA,OG0003299,TRUE,TRUE,TRUE
3856,DAKCFMEO_03910,BJEIHDPM_04574,WP_007243881.1,DAKCFMEO_03910,WP_007243881.1,TRUE,p25_in_GeneB__dc_in_GeneA,OG0002479,TRUE,TRUE,TRUE
3857,DAKCFMEO_03911,BJEIHDPM_04575,WP_011104262.1,DAKCFMEO_03911,WP_011104262.1,TRUE,p25_in_GeneB__dc_in_GeneA,OG0003300,TRUE,TRUE,TRUE
3858,DAKCFMEO_03912,BJEIHDPM_04576,WP_011104263.1,DAKCFMEO_03912,WP_011104263.1,TRUE,p25_in_GeneB__dc_in_GeneA,OG0003301,TRUE,TRUE,TRUE
3859,DAKCFMEO_03913,BJEIHDPM_04577,,DAKCFMEO_03913,NA,FALSE,,,FALSE,FALSE,FALSE
3860,DAKCFMEO_03914,BJEIHDPM_04578,,DAKCFMEO_03914,NA,FALSE,,,FALSE,FALSE,FALSE
3861,DAKCFMEO_03915,BJEIHDPM_04579,,DAKCFMEO_03915,NA,FALSE,,,FALSE,FALSE,FALSE
3862,DAKCFMEO_03916,BJEIHDPM_04580,,DAKCFMEO_03916,NA,FALSE,,,FALSE,FALSE,FALSE
3863,DAKCFMEO_03917,BJEIHDPM_04581,,DAKCFMEO_03917,NA,FALSE,,,FALSE,FALSE,FALSE
3864,DAKCFMEO_03918,BJEIHDPM_04582,,DAKCFMEO_03918,NA,FALSE,,,FALSE,FALSE,FALSE
3865,DAKCFMEO_03919,BJEIHDPM_04583,,DAKCFMEO_03919,NA,FALSE,,,FALSE,FALSE,FALSE
3866,DAKCFMEO_03920,BJEIHDPM_04584,WP_005764330.1,DAKCFMEO_03920,WP_005764330.1,TRUE,p25_in_GeneB__dc_in_GeneA,OG0001555,TRUE,TRUE,TRUE
3867,DAKCFMEO_03921,BJEIHDPM_04585,WP_011104264.1,DAKCFMEO_03921,WP_011104264.1,TRUE,p25_in_GeneB__dc_in_GeneA,OG0003302,TRUE,TRUE,TRUE
3868,DAKCFMEO_03922,BJEIHDPM_04586,WP_011104265.1,DAKCFMEO_03922,WP_011104265.1,TRUE,p25_in_GeneB__dc_in_GeneA,OG0003303,TRUE,TRUE,TRUE
3869,DAKCFMEO_03923,BJEIHDPM_04587,WP_005764325.1,DAKCFMEO_03923,WP_005764325.1,TRUE,p25_in_GeneB__dc_in_GeneA,OG0001554,TRUE,TRUE,TRUE
3870,DAKCFMEO_03924,BJEIHDPM_04588,WP_007243875.1,DAKCFMEO_03924,WP_007243875.1,TRUE,p25_in_GeneB__dc_in_GeneA,OG0002478,TRUE,TRUE,TRUE
3871,DAKCFMEO_03925,BJEIHDPM_04589,WP_003379548.1,DAKCFMEO_03925,WP_003379548.1,TRUE,p25_in_GeneB__dc_in_GeneA,OG0000913,TRUE,TRUE,TRUE
3872,DAKCFMEO_03926,BJEIHDPM_04590,WP_011104266.1,DAKCFMEO_03926,WP_011104266.1,FALSE,,,TRUE,FALSE,FALSE
3873,DAKCFMEO_03927,BJEIHDPM_04591,,DAKCFMEO_03927,NA,FALSE,,,FALSE,FALSE,FALSE
3874,DAKCFMEO_03928,BJEIHDPM_04592,,DAKCFMEO_03928,NA,FALSE,,,FALSE,FALSE,FALSE
3875,DAKCFMEO_03929,BJEIHDPM_04593,WP_005764319.1,DAKCFMEO_03929,WP_005764319.1,TRUE,p25_in_GeneB__dc_in_GeneA,OG0001553,TRUE,TRUE,TRUE
3876,DAKCFMEO_03930,BJEIHDPM_04594,WP_005764318.1,DAKCFMEO_03930,WP_005764318.1,TRUE,p25_in_GeneB__dc_in_GeneA,OG0001552,TRUE,TRUE,TRUE
3877,DAKCFMEO_03931,BJEIHDPM_04595,WP_046463482.1,DAKCFMEO_03931,WP_046463482.1,FALSE,,,TRUE,FALSE,FALSE
3878,DAKCFMEO_03932,BJEIHDPM_04596,WP_011104268.1,DAKCFMEO_03932,WP_011104268.1,TRUE,p25_in_GeneB__dc_in_GeneA,OG0003304,TRUE,TRUE,TRUE
3879,DAKCFMEO_03933,BJEIHDPM_04597,,DAKCFMEO_03933,NA,FALSE,,,FALSE,FALSE,FALSE
3880,DAKCFMEO_03934,BJEIHDPM_04598,,DAKCFMEO_03934,NA,FALSE,,,FALSE,FALSE,FALSE
3881,DAKCFMEO_03935,BJEIHDPM_04599,WP_011103737.1,DAKCFMEO_03935,WP_011103737.1,TRUE,p25_in_GeneB__dc_in_GeneA,OG0003094,TRUE,TRUE,TRUE
3882,DAKCFMEO_03936,BJEIHDPM_04600,WP_046463480.1,DAKCFMEO_03936,WP_046463480.1,TRUE,p25_in_GeneB__dc_in_GeneA,OG0003979,TRUE,TRUE,TRUE
3883,DAKCFMEO_03937,BJEIHDPM_04601,WP_005764268.1,DAKCFMEO_03937,WP_005764268.1,FALSE,,,TRUE,FALSE,FALSE
3884,DAKCFMEO_03938,BJEIHDPM_04602,WP_005764266.1,DAKCFMEO_03938,WP_005764266.1,TRUE,p25_in_GeneB__dc_in_GeneA,OG0001551,TRUE,TRUE,TRUE
3885,DAKCFMEO_03939,BJEIHDPM_04603,WP_011104283.1,DAKCFMEO_03939,WP_011104283.1,FALSE,,,TRUE,FALSE,FALSE
3886,DAKCFMEO_03940,BJEIHDPM_04604,WP_011104284.1,DAKCFMEO_03940,WP_011104284.1,TRUE,p25_in_GeneB__dc_in_GeneA,OG0003307,TRUE,TRUE,TRUE
3887,DAKCFMEO_03941,BJEIHDPM_04605,,DAKCFMEO_03941,NA,FALSE,,,FALSE,FALSE,FALSE
3888,DAKCFMEO_03942,BJEIHDPM_04606,,DAKCFMEO_03942,NA,FALSE,,,FALSE,FALSE,FALSE
3889,DAKCFMEO_03943,BJEIHDPM_04607,WP_005764255.1,DAKCFMEO_03943,WP_005764255.1,TRUE,p25_in_GeneB__dc_in_GeneA,OG0001550,TRUE,TRUE,TRUE
3890,DAKCFMEO_03944,BJEIHDPM_04608,,DAKCFMEO_03944,NA,FALSE,,,FALSE,FALSE,FALSE
3891,DAKCFMEO_03945,BJEIHDPM_04609,,DAKCFMEO_03945,NA,FALSE,,,FALSE,FALSE,FALSE
3892,DAKCFMEO_03946,BJEIHDPM_04610,,DAKCFMEO_03946,NA,FALSE,,,FALSE,FALSE,FALSE
3893,DAKCFMEO_03947,BJEIHDPM_04611,WP_011104287.1,DAKCFMEO_03947,WP_011104287.1,TRUE,p25_in_GeneB__dc_in_GeneA,OG0003308,TRUE,TRUE,TRUE
3894,DAKCFMEO_03948,BJEIHDPM_04612,WP_011104288.1,DAKCFMEO_03948,WP_011104288.1,TRUE,p25_in_GeneB__dc_in_GeneA,OG0003309,TRUE,TRUE,TRUE
3895,DAKCFMEO_03949,BJEIHDPM_04613,WP_011104290.1,DAKCFMEO_03949,WP_011104290.1,TRUE,p25_in_GeneB__dc_in_GeneA,OG0003310,TRUE,TRUE,TRUE
3896,DAKCFMEO_03950,BJEIHDPM_04614,WP_005739372.1,DAKCFMEO_03950,WP_005739372.1,TRUE,p25_in_GeneB__dc_in_GeneA,OG0001288,TRUE,TRUE,TRUE
3897,DAKCFMEO_03951,BJEIHDPM_04615,WP_005764246.1,DAKCFMEO_03951,WP_005764246.1,TRUE,p25_in_GeneB__dc_in_GeneA,OG0001549,TRUE,TRUE,TRUE
3898,DAKCFMEO_03952,BJEIHDPM_04616,WP_046463479.1,DAKCFMEO_03952,WP_046463479.1,TRUE,p25_in_GeneB__dc_in_GeneA,OG0003978,TRUE,TRUE,TRUE
3899,DAKCFMEO_03953,BJEIHDPM_04617,WP_011104292.1,DAKCFMEO_03953,WP_011104292.1,FALSE,,,TRUE,FALSE,FALSE
3900,DAKCFMEO_03954,BJEIHDPM_04618,,DAKCFMEO_03954,NA,FALSE,,,FALSE,FALSE,FALSE
3901,DAKCFMEO_03955,BJEIHDPM_04619,WP_007247126.1,DAKCFMEO_03955,WP_007247126.1,TRUE,p25_in_GeneB__dc_in_GeneA,OG0002703,TRUE,TRUE,TRUE
3902,DAKCFMEO_03956,BJEIHDPM_04620,WP_005764523.1,DAKCFMEO_03956,WP_005764523.1,TRUE,p25_in_GeneB__dc_in_GeneA,OG0001568,TRUE,TRUE,TRUE
3903,DAKCFMEO_03957,BJEIHDPM_04621,WP_024666240.1,DAKCFMEO_03957,WP_024666240.1,TRUE,p25_in_GeneB__dc_in_GeneA,OG0003863,TRUE,TRUE,TRUE
3904,DAKCFMEO_03958,BJEIHDPM_04622,WP_011104294.1,DAKCFMEO_03958,WP_011104294.1,TRUE,p25_in_GeneB__dc_in_GeneA,OG0003311,TRUE,TRUE,TRUE
3905,DAKCFMEO_03959,BJEIHDPM_04623,WP_080946567.1,DAKCFMEO_03959,WP_080946567.1,TRUE,p25_in_GeneB__dc_in_GeneA,OG0004075,TRUE,TRUE,TRUE
3906,DAKCFMEO_03960,BJEIHDPM_04624,WP_003376691.1,DAKCFMEO_03960,WP_003376691.1,TRUE,p25_in_GeneB__dc_in_GeneA,OG0000795,TRUE,TRUE,TRUE
3907,DAKCFMEO_03961,BJEIHDPM_04625,WP_005764534.1,DAKCFMEO_03961,WP_005764534.1,FALSE,,,TRUE,FALSE,FALSE
3908,DAKCFMEO_03962,BJEIHDPM_04626,WP_005764536.1,DAKCFMEO_03962,WP_005764536.1,FALSE,,,TRUE,FALSE,FALSE
3909,DAKCFMEO_03963,BJEIHDPM_04627,WP_046463519.1,DAKCFMEO_03963,WP_046463519.1,TRUE,p25_in_GeneB__dc_in_GeneA,OG0003990,TRUE,TRUE,TRUE
3910,DAKCFMEO_03964,BJEIHDPM_04628,WP_011104296.1,DAKCFMEO_03964,WP_011104296.1,FALSE,,,TRUE,FALSE,FALSE
3911,DAKCFMEO_03965,BJEIHDPM_04629,WP_005764543.1,DAKCFMEO_03965,WP_005764543.1,TRUE,p25_in_GeneB__dc_in_GeneA,OG0001569,TRUE,TRUE,TRUE
3912,DAKCFMEO_03966,BJEIHDPM_04630,,DAKCFMEO_03966,NA,FALSE,,,FALSE,FALSE,FALSE
3913,DAKCFMEO_03967,BJEIHDPM_04631,WP_161797781.1,DAKCFMEO_03967,WP_161797781.1,FALSE,,,TRUE,FALSE,FALSE
3914,DAKCFMEO_03968,BJEIHDPM_04632,WP_011104299.1,DAKCFMEO_03968,WP_011104299.1,FALSE,,,TRUE,FALSE,FALSE
3915,DAKCFMEO_03969,BJEIHDPM_04633,WP_011104300.1,DAKCFMEO_03969,WP_011104300.1,TRUE,p25_in_GeneB__dc_in_GeneA,OG0003312,TRUE,TRUE,TRUE
3916,DAKCFMEO_03970,BJEIHDPM_04634,WP_046463517.1,DAKCFMEO_03970,WP_046463517.1,TRUE,p25_in_GeneB__dc_in_GeneA,OG0003989,TRUE,TRUE,TRUE
3917,DAKCFMEO_03971,BJEIHDPM_04635,WP_046463516.1,DAKCFMEO_03971,WP_046463516.1,TRUE,p25_in_GeneB__dc_in_GeneA,OG0003988,TRUE,TRUE,TRUE
3918,DAKCFMEO_03972,BJEIHDPM_04636,WP_005764558.1,DAKCFMEO_03972,WP_005764558.1,TRUE,p25_in_GeneB__dc_in_GeneA,OG0001570,TRUE,TRUE,TRUE
3919,DAKCFMEO_03973,BJEIHDPM_04637,WP_003376717.1,DAKCFMEO_03973,WP_003376717.1,TRUE,p25_in_GeneB__dc_in_GeneA,OG0000796,TRUE,TRUE,TRUE
3920,DAKCFMEO_03974,BJEIHDPM_04638,WP_011104304.1,DAKCFMEO_03974,WP_011104304.1,TRUE,p25_in_GeneB__dc_in_GeneA,OG0003313,TRUE,TRUE,TRUE
3921,DAKCFMEO_03975,BJEIHDPM_04639,WP_011104305.1,DAKCFMEO_03975,WP_011104305.1,TRUE,p25_in_GeneB__dc_in_GeneA,OG0003314,TRUE,TRUE,TRUE
3922,DAKCFMEO_03976,BJEIHDPM_04640,WP_046463409.1,DAKCFMEO_03976,WP_046463409.1,TRUE,p25_in_GeneB__dc_in_GeneA,OG0003963,TRUE,TRUE,TRUE
3923,DAKCFMEO_03977,BJEIHDPM_04641,WP_005739341.1,DAKCFMEO_03977,WP_005739341.1,TRUE,p25_in_GeneB__dc_in_GeneA,OG0001287,TRUE,TRUE,TRUE
3924,DAKCFMEO_03978,BJEIHDPM_04642,WP_011104308.1,DAKCFMEO_03978,WP_011104308.1,TRUE,p25_in_GeneB__dc_in_GeneA,OG0003315,TRUE,TRUE,TRUE
3925,DAKCFMEO_03979,BJEIHDPM_04643,WP_007247147.1,DAKCFMEO_03979,WP_007247147.1,TRUE,p25_in_GeneB__dc_in_GeneA,OG0002704,TRUE,TRUE,TRUE
3926,DAKCFMEO_03980,BJEIHDPM_04644,,DAKCFMEO_03980,NA,FALSE,,,FALSE,FALSE,FALSE
3927,DAKCFMEO_03982,BJEIHDPM_04646,,DAKCFMEO_03982,NA,FALSE,,,FALSE,FALSE,FALSE
3928,DAKCFMEO_03983,BJEIHDPM_04647,,DAKCFMEO_03983,NA,FALSE,,,FALSE,FALSE,FALSE
3929,DAKCFMEO_03984,BJEIHDPM_04648,WP_005769271.1,DAKCFMEO_03984,WP_005769271.1,TRUE,p25_in_GeneB__dc_in_GeneA,OG0002190,TRUE,TRUE,TRUE
3930,DAKCFMEO_03985,BJEIHDPM_04649,,DAKCFMEO_03985,NA,FALSE,,,FALSE,FALSE,FALSE
3931,DAKCFMEO_03986,BJEIHDPM_04650,,DAKCFMEO_03986,NA,FALSE,,,FALSE,FALSE,FALSE
3932,DAKCFMEO_03987,BJEIHDPM_04651,,DAKCFMEO_03987,NA,FALSE,,,FALSE,FALSE,FALSE
3933,DAKCFMEO_03988,BJEIHDPM_04652,,DAKCFMEO_03988,NA,FALSE,,,FALSE,FALSE,FALSE
3934,DAKCFMEO_03989,BJEIHDPM_04653,,DAKCFMEO_03989,NA,FALSE,,,FALSE,FALSE,FALSE
3935,DAKCFMEO_03990,BJEIHDPM_04654,,DAKCFMEO_03990,NA,FALSE,,,FALSE,FALSE,FALSE
3936,DAKCFMEO_03992,BJEIHDPM_04656,WP_011104314.1,DAKCFMEO_03992,WP_011104314.1,TRUE,p25_in_GeneB__dc_in_GeneA,OG0003318,TRUE,TRUE,TRUE
3937,DAKCFMEO_03993,BJEIHDPM_04657,,DAKCFMEO_03993,NA,FALSE,,,FALSE,FALSE,FALSE
3938,DAKCFMEO_03994,BJEIHDPM_04658,WP_011104315.1,DAKCFMEO_03994,WP_011104315.1,FALSE,,,TRUE,FALSE,FALSE
3939,DAKCFMEO_03995,BJEIHDPM_04659,WP_007246483.1,DAKCFMEO_03995,WP_007246483.1,TRUE,p25_in_GeneB__dc_in_GeneA,OG0002661,TRUE,TRUE,TRUE
3940,DAKCFMEO_03996,BJEIHDPM_04660,WP_005764602.1,DAKCFMEO_03996,WP_005764602.1,FALSE,,,TRUE,FALSE,FALSE
3941,DAKCFMEO_03997,BJEIHDPM_04661,WP_011104317.1,DAKCFMEO_03997,WP_011104317.1,TRUE,p25_in_GeneB__dc_in_GeneA,OG0003319,TRUE,TRUE,TRUE
3942,DAKCFMEO_03998,BJEIHDPM_04662,WP_011104318.1,DAKCFMEO_03998,WP_011104318.1,TRUE,p25_in_GeneB__dc_in_GeneA,OG0003320,TRUE,TRUE,TRUE
3943,DAKCFMEO_03999,BJEIHDPM_04663,WP_007246481.1,DAKCFMEO_03999,WP_007246481.1,TRUE,p25_in_GeneB__dc_in_GeneA,OG0002660,TRUE,TRUE,TRUE
3944,DAKCFMEO_04000,BJEIHDPM_04664,WP_011104319.1,DAKCFMEO_04000,WP_011104319.1,TRUE,p25_in_GeneB__dc_in_GeneA,OG0003321,TRUE,TRUE,TRUE
3945,DAKCFMEO_04001,BJEIHDPM_04665,WP_011104320.1,DAKCFMEO_04001,WP_011104320.1,TRUE,p25_in_GeneB__dc_in_GeneA,OG0003322,TRUE,TRUE,TRUE
3946,DAKCFMEO_04002,BJEIHDPM_04666,WP_046463411.1,DAKCFMEO_04002,WP_046463411.1,TRUE,p25_in_GeneB__dc_in_GeneA,OG0003965,TRUE,TRUE,TRUE
3947,DAKCFMEO_04003,BJEIHDPM_04667,WP_011104322.1,DAKCFMEO_04003,WP_011104322.1,TRUE,p25_in_GeneB__dc_in_GeneA,OG0003323,TRUE,TRUE,TRUE
3948,DAKCFMEO_04004,BJEIHDPM_04668,WP_011104323.1,DAKCFMEO_04004,WP_011104323.1,TRUE,p25_in_GeneB__dc_in_GeneA,OG0003324,TRUE,TRUE,TRUE
3949,DAKCFMEO_04005,BJEIHDPM_04669,WP_011104324.1,DAKCFMEO_04005,WP_011104324.1,TRUE,p25_in_GeneB__dc_in_GeneA,OG0003325,TRUE,TRUE,TRUE
3950,DAKCFMEO_04006,BJEIHDPM_04670,WP_005764620.1,DAKCFMEO_04006,WP_005764620.1,TRUE,p25_in_GeneB__dc_in_GeneA,OG0001572,TRUE,TRUE,TRUE
3951,DAKCFMEO_04007,BJEIHDPM_04671,WP_011104325.1,DAKCFMEO_04007,WP_011104325.1,TRUE,p25_in_GeneB__dc_in_GeneA,OG0003326,TRUE,TRUE,TRUE
3952,DAKCFMEO_04008,BJEIHDPM_04672,WP_005764624.1,DAKCFMEO_04008,WP_005764624.1,FALSE,,,TRUE,FALSE,FALSE
3953,DAKCFMEO_04009,BJEIHDPM_04673,WP_005764626.1,DAKCFMEO_04009,WP_005764626.1,TRUE,p25_in_GeneB__dc_in_GeneA,OG0001573,TRUE,TRUE,TRUE
3954,DAKCFMEO_04010,BJEIHDPM_04674,,DAKCFMEO_04010,NA,FALSE,,,FALSE,FALSE,FALSE
3955,DAKCFMEO_04011,BJEIHDPM_04675,WP_011104349.1,DAKCFMEO_04011,WP_011104349.1,TRUE,p25_in_GeneB__dc_in_GeneA,OG0003334,TRUE,TRUE,TRUE
3956,DAKCFMEO_04012,BJEIHDPM_04676,WP_011104350.1,DAKCFMEO_04012,WP_011104350.1,TRUE,p25_in_GeneB__dc_in_GeneA,OG0003335,TRUE,TRUE,TRUE
3957,DAKCFMEO_04013,BJEIHDPM_04677,WP_005764492.1,DAKCFMEO_04013,WP_005764492.1,TRUE,p25_in_GeneB__dc_in_GeneA,OG0001566,TRUE,TRUE,TRUE
3958,DAKCFMEO_04014,BJEIHDPM_04678,WP_005764495.1,DAKCFMEO_04014,WP_005764495.1,FALSE,,,TRUE,FALSE,FALSE
3959,DAKCFMEO_04015,BJEIHDPM_04679,,DAKCFMEO_04015,NA,FALSE,,,FALSE,FALSE,FALSE
3960,DAKCFMEO_04016,BJEIHDPM_04680,WP_011104374.1,DAKCFMEO_04016,WP_011104374.1,TRUE,p25_in_GeneB__dc_in_GeneA,OG0003339,TRUE,TRUE,TRUE
3961,DAKCFMEO_04017,BJEIHDPM_04681,WP_011104375.1,DAKCFMEO_04017,WP_011104375.1,FALSE,,,TRUE,FALSE,FALSE
3962,DAKCFMEO_04019,BJEIHDPM_04683,WP_005737927.1,DAKCFMEO_04019,WP_005737927.1,TRUE,p25_in_GeneB__dc_in_GeneA,OG0001267,TRUE,TRUE,TRUE
3963,DAKCFMEO_04020,BJEIHDPM_04684,WP_005764425.1,DAKCFMEO_04020,WP_005764425.1,TRUE,p25_in_GeneB__dc_in_GeneA,OG0001564,TRUE,TRUE,TRUE
3964,DAKCFMEO_04021,BJEIHDPM_04685,WP_005737926.1,DAKCFMEO_04021,WP_005737926.1,TRUE,p25_in_GeneB__dc_in_GeneA,OG0001266,TRUE,TRUE,TRUE
3965,DAKCFMEO_04022,BJEIHDPM_04686,WP_007246451.1,DAKCFMEO_04022,WP_007246451.1,FALSE,,,TRUE,FALSE,FALSE
3966,DAKCFMEO_04023,BJEIHDPM_04687,,DAKCFMEO_04023,NA,FALSE,,,FALSE,FALSE,FALSE
3967,DAKCFMEO_04024,BJEIHDPM_04688,,DAKCFMEO_04024,NA,FALSE,,,FALSE,FALSE,FALSE
3968,DAKCFMEO_04025,BJEIHDPM_04689,WP_011104335.1,DAKCFMEO_04025,WP_011104335.1,FALSE,,,TRUE,FALSE,FALSE
3969,DAKCFMEO_04026,BJEIHDPM_04690,WP_011104336.1,DAKCFMEO_04026,WP_011104336.1,TRUE,p25_in_GeneB__dc_in_GeneA,OG0003329,TRUE,TRUE,TRUE
3970,DAKCFMEO_04027,BJEIHDPM_04691,WP_011104337.1,DAKCFMEO_04027,WP_011104337.1,FALSE,,,TRUE,FALSE,FALSE
3971,DAKCFMEO_04028,BJEIHDPM_04692,WP_011104338.1,DAKCFMEO_04028,WP_011104338.1,FALSE,,,TRUE,FALSE,FALSE
3972,DAKCFMEO_04029,BJEIHDPM_04693,WP_005764441.1,DAKCFMEO_04029,WP_005764441.1,FALSE,,,TRUE,FALSE,FALSE
3973,DAKCFMEO_04030,BJEIHDPM_04694,WP_011104339.1,DAKCFMEO_04030,WP_011104339.1,FALSE,,,TRUE,FALSE,FALSE
3974,DAKCFMEO_04031,BJEIHDPM_04695,,DAKCFMEO_04031,NA,FALSE,,,FALSE,FALSE,FALSE
3975,DAKCFMEO_04032,BJEIHDPM_04696,,DAKCFMEO_04032,NA,FALSE,,,FALSE,FALSE,FALSE
3976,DAKCFMEO_04033,BJEIHDPM_04697,,DAKCFMEO_04033,NA,FALSE,,,FALSE,FALSE,FALSE
3977,DAKCFMEO_04034,BJEIHDPM_04698,WP_044389985.1,DAKCFMEO_04034,WP_044389985.1,TRUE,p25_in_GeneB__dc_in_GeneA,OG0003901,TRUE,TRUE,TRUE
3978,DAKCFMEO_04035,BJEIHDPM_04699,WP_003373489.1,DAKCFMEO_04035,WP_003373489.1,TRUE,p25_in_GeneB__dc_in_GeneA,OG0000765,TRUE,TRUE,TRUE
3979,DAKCFMEO_04036,BJEIHDPM_04700,WP_011104341.1,DAKCFMEO_04036,WP_011104341.1,TRUE,p25_in_GeneB__dc_in_GeneA,OG0003330,TRUE,TRUE,TRUE
3980,DAKCFMEO_04037,BJEIHDPM_04701,WP_011104342.1,DAKCFMEO_04037,WP_011104342.1,TRUE,p25_in_GeneB__dc_in_GeneA,OG0003331,TRUE,TRUE,TRUE
3981,DAKCFMEO_04038,BJEIHDPM_04702,,DAKCFMEO_04038,NA,FALSE,,,FALSE,FALSE,FALSE
3982,DAKCFMEO_04039,BJEIHDPM_04703,WP_005764454.1,DAKCFMEO_04039,WP_005764454.1,TRUE,p25_in_GeneB__dc_in_GeneA,OG0001565,TRUE,TRUE,TRUE
3983,DAKCFMEO_04040,BJEIHDPM_04704,,DAKCFMEO_04040,NA,FALSE,,,FALSE,FALSE,FALSE
3984,DAKCFMEO_04041,BJEIHDPM_04705,WP_011104344.1,DAKCFMEO_04041,WP_011104344.1,TRUE,p25_in_GeneB__dc_in_GeneA,OG0003333,TRUE,TRUE,TRUE
3985,DAKCFMEO_04042,BJEIHDPM_04706,WP_005764458.1,DAKCFMEO_04042,WP_005764458.1,FALSE,,,TRUE,FALSE,FALSE
3986,DAKCFMEO_04043,BJEIHDPM_04707,,DAKCFMEO_04043,NA,FALSE,,,FALSE,FALSE,FALSE
3987,DAKCFMEO_04044,BJEIHDPM_04708,WP_086005074.1,DAKCFMEO_04044,WP_086005074.1,FALSE,,,TRUE,FALSE,FALSE
3988,DAKCFMEO_04045,BJEIHDPM_04709,,DAKCFMEO_04045,NA,FALSE,,,FALSE,FALSE,FALSE
3989,DAKCFMEO_04046,BJEIHDPM_04710,,DAKCFMEO_04046,NA,FALSE,,,FALSE,FALSE,FALSE
3990,DAKCFMEO_04047,BJEIHDPM_04711,,DAKCFMEO_04047,NA,FALSE,,,FALSE,FALSE,FALSE
3991,DAKCFMEO_04048,BJEIHDPM_04712,,DAKCFMEO_04048,NA,FALSE,,,FALSE,FALSE,FALSE
3992,DAKCFMEO_04049,BJEIHDPM_04713,,DAKCFMEO_04049,NA,FALSE,,,FALSE,FALSE,FALSE
3993,DAKCFMEO_04050,BJEIHDPM_04714,,DAKCFMEO_04050,NA,FALSE,,,FALSE,FALSE,FALSE
3994,DAKCFMEO_04051,BJEIHDPM_04715,,DAKCFMEO_04051,NA,FALSE,,,FALSE,FALSE,FALSE
3995,DAKCFMEO_04052,BJEIHDPM_04716,,DAKCFMEO_04052,NA,FALSE,,,FALSE,FALSE,FALSE
3996,DAKCFMEO_04053,BJEIHDPM_04717,,DAKCFMEO_04053,NA,FALSE,,,FALSE,FALSE,FALSE
3997,DAKCFMEO_04054,BJEIHDPM_04718,,DAKCFMEO_04054,NA,FALSE,,,FALSE,FALSE,FALSE
3998,DAKCFMEO_04055,BJEIHDPM_04719,,DAKCFMEO_04055,NA,FALSE,,,FALSE,FALSE,FALSE
3999,DAKCFMEO_04056,BJEIHDPM_04720,,DAKCFMEO_04056,NA,FALSE,,,FALSE,FALSE,FALSE
4000,DAKCFMEO_04057,BJEIHDPM_04721,,DAKCFMEO_04057,NA,FALSE,,,FALSE,FALSE,FALSE
4001,DAKCFMEO_04058,BJEIHDPM_04722,,DAKCFMEO_04058,NA,FALSE,,,FALSE,FALSE,FALSE
4002,DAKCFMEO_04059,BJEIHDPM_04723,,DAKCFMEO_04059,NA,FALSE,,,FALSE,FALSE,FALSE
4003,DAKCFMEO_04060,BJEIHDPM_04724,,DAKCFMEO_04060,NA,FALSE,,,FALSE,FALSE,FALSE
4004,DAKCFMEO_04061,BJEIHDPM_04725,WP_005770289.1,DAKCFMEO_04061,WP_005770289.1,FALSE,,,TRUE,FALSE,FALSE
4005,DAKCFMEO_04062,BJEIHDPM_04726,,DAKCFMEO_04062,NA,FALSE,,,FALSE,FALSE,FALSE
4006,DAKCFMEO_04063,BJEIHDPM_04727,WP_003378111.1,DAKCFMEO_04063,WP_003378111.1,FALSE,,,TRUE,FALSE,FALSE
4007,DAKCFMEO_04064,BJEIHDPM_04728,,DAKCFMEO_04064,NA,FALSE,,,FALSE,FALSE,FALSE
4008,DAKCFMEO_04065,BJEIHDPM_04729,,DAKCFMEO_04065,NA,FALSE,,,FALSE,FALSE,FALSE
4009,DAKCFMEO_04066,BJEIHDPM_04730,,DAKCFMEO_04066,NA,FALSE,,,FALSE,FALSE,FALSE
4010,DAKCFMEO_04067,BJEIHDPM_04731,WP_005768135.1,DAKCFMEO_04067,WP_005768135.1,TRUE,p25_in_GeneB__dc_in_GeneA,OG0002042,TRUE,TRUE,TRUE
4011,DAKCFMEO_04068,BJEIHDPM_04732,,DAKCFMEO_04068,NA,FALSE,,,FALSE,FALSE,FALSE
4012,DAKCFMEO_04069,BJEIHDPM_04733,,DAKCFMEO_04069,NA,FALSE,,,FALSE,FALSE,FALSE
4013,DAKCFMEO_04070,BJEIHDPM_04734,,DAKCFMEO_04070,NA,FALSE,,,FALSE,FALSE,FALSE
4014,DAKCFMEO_04071,BJEIHDPM_04735,,DAKCFMEO_04071,NA,FALSE,,,FALSE,FALSE,FALSE
4015,DAKCFMEO_04072,BJEIHDPM_04736,,DAKCFMEO_04072,NA,FALSE,,,FALSE,FALSE,FALSE
4016,DAKCFMEO_04073,BJEIHDPM_04737,,DAKCFMEO_04073,NA,FALSE,,,FALSE,FALSE,FALSE
4017,DAKCFMEO_04074,BJEIHDPM_04738,,DAKCFMEO_04074,NA,FALSE,,,FALSE,FALSE,FALSE
4018,DAKCFMEO_04075,BJEIHDPM_04739,,DAKCFMEO_04075,NA,FALSE,,,FALSE,FALSE,FALSE
4019,DAKCFMEO_04076,BJEIHDPM_04740,,DAKCFMEO_04076,NA,FALSE,,,FALSE,FALSE,FALSE
4020,DAKCFMEO_04077,BJEIHDPM_04741,,DAKCFMEO_04077,NA,FALSE,,,FALSE,FALSE,FALSE
4021,DAKCFMEO_04078,BJEIHDPM_04742,,DAKCFMEO_04078,NA,FALSE,,,FALSE,FALSE,FALSE
4022,DAKCFMEO_04079,BJEIHDPM_04743,WP_007246281.1,DAKCFMEO_04079,WP_007246281.1,TRUE,p25_in_GeneB__dc_in_GeneA,OG0002649,TRUE,TRUE,TRUE
4023,DAKCFMEO_04080,BJEIHDPM_04744,WP_003380455.1,DAKCFMEO_04080,WP_003380455.1,TRUE,p25_in_GeneB__dc_in_GeneA,OG0000950,TRUE,TRUE,TRUE
4024,DAKCFMEO_04081,BJEIHDPM_04745,WP_010201131.1,DAKCFMEO_04081,WP_010201131.1,FALSE,,,TRUE,FALSE,FALSE
4025,DAKCFMEO_04082,BJEIHDPM_04746,WP_010201125.1,DAKCFMEO_04082,WP_010201125.1,FALSE,,,TRUE,FALSE,FALSE
4026,DAKCFMEO_04083,BJEIHDPM_04747,WP_003380449.1,DAKCFMEO_04083,WP_003380449.1,FALSE,,,TRUE,FALSE,FALSE
4027,DAKCFMEO_04084,BJEIHDPM_04748,WP_046463773.1,DAKCFMEO_04084,WP_046463773.1,TRUE,p25_in_GeneB__dc_in_GeneA,OG0004017,TRUE,TRUE,TRUE
4028,DAKCFMEO_04085,BJEIHDPM_04749,WP_005766190.1,DAKCFMEO_04085,WP_005766190.1,TRUE,p25_in_GeneB__dc_in_GeneA,OG0001792,TRUE,TRUE,TRUE
4029,DAKCFMEO_04086,BJEIHDPM_04750,WP_007246288.1,DAKCFMEO_04086,WP_007246288.1,TRUE,p25_in_GeneB__dc_in_GeneA,OG0002650,TRUE,TRUE,TRUE
4030,DAKCFMEO_04087,BJEIHDPM_04751,WP_003380444.1,DAKCFMEO_04087,WP_003380444.1,FALSE,,,TRUE,FALSE,FALSE
4031,DAKCFMEO_04088,BJEIHDPM_04752,WP_011104391.1,DAKCFMEO_04088,WP_011104391.1,TRUE,p25_in_GeneB__dc_in_GeneA,OG0003340,TRUE,TRUE,TRUE
4032,DAKCFMEO_04089,BJEIHDPM_04753,WP_005766198.1,DAKCFMEO_04089,WP_005766198.1,TRUE,p25_in_GeneB__dc_in_GeneA,OG0001793,TRUE,TRUE,TRUE
4033,DAKCFMEO_04090,BJEIHDPM_04754,WP_032710559.1,DAKCFMEO_04090,WP_032710559.1,TRUE,p25_in_GeneB__dc_in_GeneA,OG0003893,TRUE,TRUE,TRUE
4034,DAKCFMEO_04091,BJEIHDPM_04755,WP_005766202.1,DAKCFMEO_04091,WP_005766202.1,FALSE,,,TRUE,FALSE,FALSE
4035,DAKCFMEO_04092,BJEIHDPM_04756,WP_003315315.1,DAKCFMEO_04092,WP_003315315.1,TRUE,p25_in_GeneB__dc_in_GeneA,OG0000738,TRUE,TRUE,TRUE
4036,DAKCFMEO_04093,BJEIHDPM_04757,WP_005766205.1,DAKCFMEO_04093,WP_005766205.1,TRUE,p25_in_GeneB__dc_in_GeneA,OG0001794,TRUE,TRUE,TRUE
4037,DAKCFMEO_04094,BJEIHDPM_04758,WP_005737860.1,DAKCFMEO_04094,WP_005737860.1,TRUE,p25_in_GeneB__dc_in_GeneA,OG0001265,TRUE,TRUE,TRUE
4038,DAKCFMEO_04095,BJEIHDPM_04759,WP_003380432.1,DAKCFMEO_04095,WP_003380432.1,TRUE,p25_in_GeneB__dc_in_GeneA,OG0000949,TRUE,TRUE,TRUE
4039,DAKCFMEO_04096,BJEIHDPM_04760,WP_003380430.1,DAKCFMEO_04096,WP_003380430.1,TRUE,p25_in_GeneB__dc_in_GeneA,OG0000948,TRUE,TRUE,TRUE
4040,DAKCFMEO_04097,BJEIHDPM_04761,WP_011104393.1,DAKCFMEO_04097,WP_011104393.1,TRUE,p25_in_GeneB__dc_in_GeneA,OG0003341,TRUE,TRUE,TRUE
4041,DAKCFMEO_04098,BJEIHDPM_04762,WP_005766210.1,DAKCFMEO_04098,WP_005766210.1,TRUE,p25_in_GeneB__dc_in_GeneA,OG0001795,TRUE,TRUE,TRUE
4042,DAKCFMEO_04099,BJEIHDPM_04763,WP_005766212.1,DAKCFMEO_04099,WP_005766212.1,TRUE,p25_in_GeneB__dc_in_GeneA,OG0001796,TRUE,TRUE,TRUE
4043,DAKCFMEO_04100,BJEIHDPM_04764,WP_011104394.1,DAKCFMEO_04100,WP_011104394.1,TRUE,p25_in_GeneB__dc_in_GeneA,OG0003342,TRUE,TRUE,TRUE
4044,DAKCFMEO_04101,BJEIHDPM_04765,WP_005766216.1,DAKCFMEO_04101,WP_005766216.1,TRUE,p25_in_GeneB__dc_in_GeneA,OG0001797,TRUE,TRUE,TRUE
4045,DAKCFMEO_04102,BJEIHDPM_04766,WP_005766218.1,DAKCFMEO_04102,WP_005766218.1,TRUE,p25_in_GeneB__dc_in_GeneA,OG0001798,TRUE,TRUE,TRUE
4046,DAKCFMEO_04103,BJEIHDPM_04767,WP_005766220.1,DAKCFMEO_04103,WP_005766220.1,TRUE,p25_in_GeneB__dc_in_GeneA,OG0001799,TRUE,TRUE,TRUE
4047,DAKCFMEO_04104,BJEIHDPM_04768,WP_005766223.1,DAKCFMEO_04104,WP_005766223.1,TRUE,p25_in_GeneB__dc_in_GeneA,OG0001800,TRUE,TRUE,TRUE
4048,DAKCFMEO_04105,BJEIHDPM_04769,WP_005766224.1,DAKCFMEO_04105,WP_005766224.1,TRUE,p25_in_GeneB__dc_in_GeneA,OG0001801,TRUE,TRUE,TRUE
4049,DAKCFMEO_04106,BJEIHDPM_04770,WP_011104396.1,DAKCFMEO_04106,WP_011104396.1,TRUE,p25_in_GeneB__dc_in_GeneA,OG0003343,TRUE,TRUE,TRUE
4050,DAKCFMEO_04107,BJEIHDPM_04771,WP_011104397.1,DAKCFMEO_04107,WP_011104397.1,TRUE,p25_in_GeneB__dc_in_GeneA,OG0003344,TRUE,TRUE,TRUE
4051,DAKCFMEO_04108,BJEIHDPM_04772,,DAKCFMEO_04108,NA,FALSE,,,FALSE,FALSE,FALSE
4052,DAKCFMEO_04109,BJEIHDPM_04773,WP_005766232.1,DAKCFMEO_04109,WP_005766232.1,TRUE,p25_in_GeneB__dc_in_GeneA,OG0001802,TRUE,TRUE,TRUE
4053,DAKCFMEO_04110,BJEIHDPM_04774,WP_005766234.1,DAKCFMEO_04110,WP_005766234.1,TRUE,p25_in_GeneB__dc_in_GeneA,OG0001803,TRUE,TRUE,TRUE
4054,DAKCFMEO_04111,BJEIHDPM_04775,WP_005766237.1,DAKCFMEO_04111,WP_005766237.1,TRUE,p25_in_GeneB__dc_in_GeneA,OG0001804,TRUE,TRUE,TRUE
4055,DAKCFMEO_04112,BJEIHDPM_04776,WP_007246306.1,DAKCFMEO_04112,WP_007246306.1,TRUE,p25_in_GeneB__dc_in_GeneA,OG0002651,TRUE,TRUE,TRUE
4056,DAKCFMEO_04113,BJEIHDPM_04777,WP_011104399.1,DAKCFMEO_04113,WP_011104399.1,TRUE,p25_in_GeneB__dc_in_GeneA,OG0003345,TRUE,TRUE,TRUE
4057,DAKCFMEO_04114,BJEIHDPM_04778,WP_046463775.1,DAKCFMEO_04114,WP_046463775.1,TRUE,p25_in_GeneB__dc_in_GeneA,OG0004018,TRUE,TRUE,TRUE
4058,DAKCFMEO_04115,BJEIHDPM_04779,WP_007246309.1,DAKCFMEO_04115,WP_007246309.1,FALSE,,,TRUE,FALSE,FALSE
4059,DAKCFMEO_04116,BJEIHDPM_04780,WP_005766247.1,DAKCFMEO_04116,WP_005766247.1,TRUE,p25_in_GeneB__dc_in_GeneA,OG0001805,TRUE,TRUE,TRUE
4060,DAKCFMEO_04117,BJEIHDPM_04781,WP_011104401.1,DAKCFMEO_04117,WP_011104401.1,FALSE,,,TRUE,FALSE,FALSE
4061,DAKCFMEO_04118,BJEIHDPM_04782,WP_007246311.1,DAKCFMEO_04118,WP_007246311.1,TRUE,p25_in_GeneB__dc_in_GeneA,OG0002652,TRUE,TRUE,TRUE
4062,DAKCFMEO_04119,BJEIHDPM_04783,WP_007246312.1,DAKCFMEO_04119,WP_007246312.1,TRUE,p25_in_GeneB__dc_in_GeneA,OG0002653,TRUE,TRUE,TRUE
4063,DAKCFMEO_04120,BJEIHDPM_04784,WP_005766254.1,DAKCFMEO_04120,WP_005766254.1,TRUE,p25_in_GeneB__dc_in_GeneA,OG0001806,TRUE,TRUE,TRUE
4064,DAKCFMEO_04121,BJEIHDPM_04785,WP_005766257.1,DAKCFMEO_04121,WP_005766257.1,TRUE,p25_in_GeneB__dc_in_GeneA,OG0001807,TRUE,TRUE,TRUE
4065,DAKCFMEO_04122,BJEIHDPM_04786,WP_007246313.1,DAKCFMEO_04122,WP_007246313.1,TRUE,p25_in_GeneB__dc_in_GeneA,OG0002654,TRUE,TRUE,TRUE
4066,DAKCFMEO_04123,BJEIHDPM_04787,WP_011104402.1,DAKCFMEO_04123,WP_011104402.1,TRUE,p25_in_GeneB__dc_in_GeneA,OG0003346,TRUE,TRUE,TRUE
4067,DAKCFMEO_04124,BJEIHDPM_04788,WP_005766263.1,DAKCFMEO_04124,WP_005766263.1,TRUE,p25_in_GeneB__dc_in_GeneA,OG0001808,TRUE,TRUE,TRUE
4068,DAKCFMEO_04125,BJEIHDPM_00299,WP_005739770.1,DAKCFMEO_04125,WP_005739770.1,TRUE,p25_in_GeneB__dc_in_GeneA,OG0001294,TRUE,TRUE,TRUE
4069,DAKCFMEO_04126,BJEIHDPM_00300,WP_005770460.1,DAKCFMEO_04126,WP_005770460.1,TRUE,p25_in_GeneB__dc_in_GeneA,OG0002324,TRUE,TRUE,TRUE
4070,DAKCFMEO_04127,BJEIHDPM_00301,WP_005770458.1,DAKCFMEO_04127,WP_005770458.1,TRUE,p25_in_GeneB__dc_in_GeneA,OG0002323,TRUE,TRUE,TRUE
4071,DAKCFMEO_04128,BJEIHDPM_00302,WP_005770456.1,DAKCFMEO_04128,WP_005770456.1,TRUE,p25_in_GeneB__dc_in_GeneA,OG0002322,TRUE,TRUE,TRUE
4072,DAKCFMEO_04129,BJEIHDPM_00303,WP_005770454.1,DAKCFMEO_04129,WP_005770454.1,TRUE,p25_in_GeneB__dc_in_GeneA,OG0002321,TRUE,TRUE,TRUE
4073,DAKCFMEO_04130,BJEIHDPM_00304,WP_005770452.1,DAKCFMEO_04130,WP_005770452.1,TRUE,p25_in_GeneB__dc_in_GeneA,OG0002320,TRUE,TRUE,TRUE
4074,DAKCFMEO_04131,BJEIHDPM_00305,WP_005770450.1,DAKCFMEO_04131,WP_005770450.1,TRUE,p25_in_GeneB__dc_in_GeneA,OG0002319,TRUE,TRUE,TRUE
4075,DAKCFMEO_04132,BJEIHDPM_00306,WP_005770446.1,DAKCFMEO_04132,WP_005770446.1,TRUE,p25_in_GeneB__dc_in_GeneA,OG0002318,TRUE,TRUE,TRUE
4076,DAKCFMEO_04133,BJEIHDPM_00307,WP_007245808.1,DAKCFMEO_04133,WP_007245808.1,TRUE,p25_in_GeneB__dc_in_GeneA,OG0002604,TRUE,TRUE,TRUE
4077,DAKCFMEO_04134,BJEIHDPM_00308,WP_005770439.1,DAKCFMEO_04134,WP_005770439.1,TRUE,p25_in_GeneB__dc_in_GeneA,OG0002317,TRUE,TRUE,TRUE
4078,DAKCFMEO_04135,BJEIHDPM_00309,,DAKCFMEO_04135,NA,FALSE,,,FALSE,FALSE,FALSE
4079,DAKCFMEO_04138,BJEIHDPM_00312,WP_005770437.1,DAKCFMEO_04138,WP_005770437.1,TRUE,p25_in_GeneB__dc_in_GeneA,OG0002316,TRUE,TRUE,TRUE
4080,DAKCFMEO_04139,BJEIHDPM_00313,WP_005770435.1,DAKCFMEO_04139,WP_005770435.1,TRUE,p25_in_GeneB__dc_in_GeneA,OG0002315,TRUE,TRUE,TRUE
4081,DAKCFMEO_04140,BJEIHDPM_00314,WP_005770433.1,DAKCFMEO_04140,WP_005770433.1,TRUE,p25_in_GeneB__dc_in_GeneA,OG0002314,TRUE,TRUE,TRUE
4082,DAKCFMEO_04141,BJEIHDPM_00315,WP_005770431.1,DAKCFMEO_04141,WP_005770431.1,TRUE,p25_in_GeneB__dc_in_GeneA,OG0002313,TRUE,TRUE,TRUE
4083,DAKCFMEO_04142,BJEIHDPM_00316,,DAKCFMEO_04142,NA,FALSE,,,FALSE,FALSE,FALSE
4084,DAKCFMEO_04143,BJEIHDPM_00317,,DAKCFMEO_04143,NA,FALSE,,,FALSE,FALSE,FALSE
4085,DAKCFMEO_04144,BJEIHDPM_00318,WP_003383332.1,DAKCFMEO_04144,WP_003383332.1,TRUE,p25_in_GeneB__dc_in_GeneA,OG0001058,TRUE,TRUE,TRUE
4086,DAKCFMEO_04145,BJEIHDPM_00319,WP_007245803.1,DAKCFMEO_04145,WP_007245803.1,FALSE,,,TRUE,FALSE,FALSE
4087,DAKCFMEO_04146,BJEIHDPM_00320,WP_011104774.1,DAKCFMEO_04146,WP_011104774.1,TRUE,p25_in_GeneB__dc_in_GeneA,OG0003515,TRUE,TRUE,TRUE
4088,DAKCFMEO_04147,BJEIHDPM_00321,,DAKCFMEO_04147,NA,FALSE,,,FALSE,FALSE,FALSE
4089,DAKCFMEO_04148,BJEIHDPM_00322,WP_005770425.1,DAKCFMEO_04148,WP_005770425.1,TRUE,p25_in_GeneB__dc_in_GeneA,OG0002312,TRUE,TRUE,TRUE
4090,DAKCFMEO_04149,BJEIHDPM_00323,WP_007245801.1,DAKCFMEO_04149,WP_007245801.1,TRUE,p25_in_GeneB__dc_in_GeneA,OG0002603,TRUE,TRUE,TRUE
4091,DAKCFMEO_04150,BJEIHDPM_00324,WP_046463459.1,DAKCFMEO_04150,WP_046463459.1,FALSE,,,TRUE,FALSE,FALSE
4092,DAKCFMEO_04151,BJEIHDPM_00325,,DAKCFMEO_04151,NA,FALSE,,,FALSE,FALSE,FALSE
4093,DAKCFMEO_04152,BJEIHDPM_00326,WP_011104777.1,DAKCFMEO_04152,WP_011104777.1,TRUE,p25_in_GeneB__dc_in_GeneA,OG0003516,TRUE,TRUE,TRUE
4094,DAKCFMEO_04153,BJEIHDPM_00327,WP_005619831.1,DAKCFMEO_04153,WP_005619831.1,TRUE,p25_in_GeneB__dc_in_GeneA,OG0001200,TRUE,TRUE,TRUE
4095,DAKCFMEO_04154,BJEIHDPM_00328,WP_005770416.1,DAKCFMEO_04154,WP_005770416.1,TRUE,p25_in_GeneB__dc_in_GeneA,OG0002311,TRUE,TRUE,TRUE
4096,DAKCFMEO_04155,BJEIHDPM_00329,WP_011104778.1,DAKCFMEO_04155,WP_011104778.1,TRUE,p25_in_GeneB__dc_in_GeneA,OG0003517,TRUE,TRUE,TRUE
4097,DAKCFMEO_04156,BJEIHDPM_00330,WP_007245797.1,DAKCFMEO_04156,WP_007245797.1,TRUE,p25_in_GeneB__dc_in_GeneA,OG0002602,TRUE,TRUE,TRUE
4098,DAKCFMEO_04157,BJEIHDPM_00331,WP_002552611.1,DAKCFMEO_04157,WP_002552611.1,TRUE,p25_in_GeneB__dc_in_GeneA,OG0000652,TRUE,TRUE,TRUE
4099,DAKCFMEO_04158,BJEIHDPM_00332,WP_011104780.1,DAKCFMEO_04158,WP_011104780.1,TRUE,p25_in_GeneB__dc_in_GeneA,OG0003518,TRUE,TRUE,TRUE
4100,DAKCFMEO_04159,BJEIHDPM_00333,WP_044392483.1,DAKCFMEO_04159,WP_044392483.1,TRUE,p25_in_GeneB__dc_in_GeneA,OG0003914,TRUE,TRUE,TRUE
4101,DAKCFMEO_04160,BJEIHDPM_00334,WP_007245794.1,DAKCFMEO_04160,WP_007245794.1,TRUE,p25_in_GeneB__dc_in_GeneA,OG0002601,TRUE,TRUE,TRUE
4102,DAKCFMEO_04161,BJEIHDPM_00335,WP_011104782.1,DAKCFMEO_04161,WP_011104782.1,TRUE,p25_in_GeneB__dc_in_GeneA,OG0003519,TRUE,TRUE,TRUE
4103,DAKCFMEO_04162,BJEIHDPM_00336,WP_005619852.1,DAKCFMEO_04162,WP_005619852.1,TRUE,p25_in_GeneB__dc_in_GeneA,OG0001201,TRUE,TRUE,TRUE
4104,DAKCFMEO_04163,BJEIHDPM_00337,WP_005770403.1,DAKCFMEO_04163,WP_005770403.1,TRUE,p25_in_GeneB__dc_in_GeneA,OG0002310,TRUE,TRUE,TRUE
4105,DAKCFMEO_04164,BJEIHDPM_00338,WP_011104783.1,DAKCFMEO_04164,WP_011104783.1,TRUE,p25_in_GeneB__dc_in_GeneA,OG0003520,TRUE,TRUE,TRUE
4106,DAKCFMEO_04165,BJEIHDPM_00339,WP_003379038.1,DAKCFMEO_04165,WP_003379038.1,TRUE,p25_in_GeneB__dc_in_GeneA,OG0000901,TRUE,TRUE,TRUE
4107,DAKCFMEO_04166,BJEIHDPM_00340,WP_011104784.1,DAKCFMEO_04166,WP_011104784.1,TRUE,p25_in_GeneB__dc_in_GeneA,OG0003521,TRUE,TRUE,TRUE
4108,DAKCFMEO_04167,BJEIHDPM_00341,WP_011104785.1,DAKCFMEO_04167,WP_011104785.1,FALSE,,,TRUE,FALSE,FALSE
4109,DAKCFMEO_04168,BJEIHDPM_00342,WP_046463461.1,DAKCFMEO_04168,WP_046463461.1,TRUE,p25_in_GeneB__dc_in_GeneA,OG0003977,TRUE,TRUE,TRUE
4110,DAKCFMEO_04169,BJEIHDPM_00343,,DAKCFMEO_04169,NA,FALSE,,,FALSE,FALSE,FALSE
4111,DAKCFMEO_04170,BJEIHDPM_00344,,DAKCFMEO_04170,NA,FALSE,,,FALSE,FALSE,FALSE
4112,DAKCFMEO_04171,BJEIHDPM_00345,WP_005770393.1,DAKCFMEO_04171,WP_005770393.1,TRUE,p25_in_GeneB__dc_in_GeneA,OG0002309,TRUE,TRUE,TRUE
4113,DAKCFMEO_04172,BJEIHDPM_00346,WP_044391022.1,DAKCFMEO_04172,WP_044391022.1,TRUE,p25_in_GeneB__dc_in_GeneA,OG0003912,TRUE,TRUE,TRUE
4114,DAKCFMEO_04173,BJEIHDPM_00347,WP_005764391.1,DAKCFMEO_04173,WP_005764391.1,TRUE,p25_in_GeneB__dc_in_GeneA,OG0001557,TRUE,TRUE,TRUE
4115,DAKCFMEO_04174,BJEIHDPM_00348,WP_005764393.1,DAKCFMEO_04174,WP_005764393.1,TRUE,p25_in_GeneB__dc_in_GeneA,OG0001558,TRUE,TRUE,TRUE
4116,DAKCFMEO_04175,BJEIHDPM_00349,WP_005764395.1,DAKCFMEO_04175,WP_005764395.1,TRUE,p25_in_GeneB__dc_in_GeneA,OG0001559,TRUE,TRUE,TRUE
4117,DAKCFMEO_04176,BJEIHDPM_00350,WP_161797778.1,DAKCFMEO_04176,WP_161797778.1,TRUE,p25_in_GeneB__dc_in_GeneA,OG0004092,TRUE,TRUE,TRUE
4118,DAKCFMEO_04177,BJEIHDPM_00351,WP_005764399.1,DAKCFMEO_04177,WP_005764399.1,TRUE,p25_in_GeneB__dc_in_GeneA,OG0001560,TRUE,TRUE,TRUE
4119,DAKCFMEO_04178,BJEIHDPM_00352,,DAKCFMEO_04178,NA,FALSE,,,FALSE,FALSE,FALSE
4120,DAKCFMEO_04179,BJEIHDPM_00353,,DAKCFMEO_04179,NA,FALSE,,,FALSE,FALSE,FALSE
4121,DAKCFMEO_04180,BJEIHDPM_00354,,DAKCFMEO_04180,NA,FALSE,,,FALSE,FALSE,FALSE
4122,DAKCFMEO_04181,BJEIHDPM_00355,,DAKCFMEO_04181,NA,FALSE,,,FALSE,FALSE,FALSE
4123,DAKCFMEO_04182,BJEIHDPM_00298,WP_003382736.1,DAKCFMEO_04182,WP_003382736.1,FALSE,,,TRUE,FALSE,FALSE
4124,DAKCFMEO_04183,BJEIHDPM_00297,WP_005770464.1,DAKCFMEO_04183,WP_005770464.1,TRUE,p25_in_GeneB__dc_in_GeneA,OG0002325,TRUE,TRUE,TRUE
4125,DAKCFMEO_04184,BJEIHDPM_00296,WP_005770465.1,DAKCFMEO_04184,WP_005770465.1,TRUE,p25_in_GeneB__dc_in_GeneA,OG0002326,TRUE,TRUE,TRUE
4126,DAKCFMEO_04185,BJEIHDPM_00295,WP_005770467.1,DAKCFMEO_04185,WP_005770467.1,TRUE,p25_in_GeneB__dc_in_GeneA,OG0002327,TRUE,TRUE,TRUE
4127,DAKCFMEO_04186,BJEIHDPM_00294,WP_046463458.1,DAKCFMEO_04186,WP_046463458.1,TRUE,p25_in_GeneB__dc_in_GeneA,OG0003976,TRUE,TRUE,TRUE
4128,DAKCFMEO_04187,BJEIHDPM_00293,WP_011104766.1,DAKCFMEO_04187,WP_011104766.1,TRUE,p25_in_GeneB__dc_in_GeneA,OG0003514,TRUE,TRUE,TRUE
4129,DAKCFMEO_04188,BJEIHDPM_00292,WP_011104765.1,DAKCFMEO_04188,WP_011104765.1,FALSE,,,TRUE,FALSE,FALSE
4130,DAKCFMEO_04189,BJEIHDPM_00291,WP_011104764.1,DAKCFMEO_04189,WP_011104764.1,TRUE,p25_in_GeneB__dc_in_GeneA,OG0003513,TRUE,TRUE,TRUE
4131,DAKCFMEO_04190,BJEIHDPM_00290,WP_005770474.1,DAKCFMEO_04190,WP_005770474.1,TRUE,p25_in_GeneB__dc_in_GeneA,OG0002328,TRUE,TRUE,TRUE
4132,DAKCFMEO_04191,BJEIHDPM_00289,WP_002552653.1,DAKCFMEO_04191,WP_002552653.1,TRUE,p25_in_GeneB__dc_in_GeneA,OG0000653,TRUE,TRUE,TRUE
4133,DAKCFMEO_04192,BJEIHDPM_00288,WP_003382726.1,DAKCFMEO_04192,WP_003382726.1,FALSE,,,TRUE,FALSE,FALSE
4134,DAKCFMEO_04193,BJEIHDPM_00287,WP_011104763.1,DAKCFMEO_04193,WP_011104763.1,TRUE,p25_in_GeneB__dc_in_GeneA,OG0003512,TRUE,TRUE,TRUE
4135,DAKCFMEO_04194,BJEIHDPM_00286,WP_007245818.1,DAKCFMEO_04194,WP_007245818.1,TRUE,p25_in_GeneB__dc_in_GeneA,OG0002605,TRUE,TRUE,TRUE
4136,DAKCFMEO_04195,BJEIHDPM_00285,WP_007245819.1,DAKCFMEO_04195,WP_007245819.1,TRUE,p25_in_GeneB__dc_in_GeneA,OG0002606,TRUE,TRUE,TRUE
4137,DAKCFMEO_04196,BJEIHDPM_00284,WP_005770654.1,DAKCFMEO_04196,WP_005770654.1,TRUE,p25_in_GeneB__dc_in_GeneA,OG0002357,TRUE,TRUE,TRUE
4138,DAKCFMEO_04197,BJEIHDPM_00283,WP_005767596.1,DAKCFMEO_04197,WP_005767596.1,TRUE,p25_in_GeneB__dc_in_GeneA,OG0001984,TRUE,TRUE,TRUE
4139,DAKCFMEO_04198,BJEIHDPM_00282,WP_007245694.1,DAKCFMEO_04198,WP_007245694.1,TRUE,p25_in_GeneB__dc_in_GeneA,OG0002597,TRUE,TRUE,TRUE
4140,DAKCFMEO_04199,BJEIHDPM_00281,WP_005767600.1,DAKCFMEO_04199,WP_005767600.1,TRUE,p25_in_GeneB__dc_in_GeneA,OG0001985,TRUE,TRUE,TRUE
4141,DAKCFMEO_04200,BJEIHDPM_00280,WP_002552552.1,DAKCFMEO_04200,WP_002552552.1,TRUE,p25_in_GeneB__dc_in_GeneA,OG0000650,TRUE,TRUE,TRUE
4142,DAKCFMEO_04201,BJEIHDPM_00279,WP_010202721.1,DAKCFMEO_04201,WP_010202721.1,TRUE,p25_in_GeneB__dc_in_GeneA,OG0002725,TRUE,TRUE,TRUE
4143,DAKCFMEO_04203,BJEIHDPM_00277,WP_005767605.1,DAKCFMEO_04203,WP_005767605.1,TRUE,p25_in_GeneB__dc_in_GeneA,OG0001986,TRUE,TRUE,TRUE
4144,DAKCFMEO_04204,BJEIHDPM_00276,WP_005767607.1,DAKCFMEO_04204,WP_005767607.1,TRUE,p25_in_GeneB__dc_in_GeneA,OG0001987,TRUE,TRUE,TRUE
4145,DAKCFMEO_04205,BJEIHDPM_00275,WP_003381023.1,DAKCFMEO_04205,WP_003381023.1,FALSE,,,TRUE,FALSE,FALSE
4146,DAKCFMEO_04206,BJEIHDPM_00274,WP_004879420.1,DAKCFMEO_04206,WP_004879420.1,TRUE,p25_in_GeneB__dc_in_GeneA,OG0001106,TRUE,TRUE,TRUE
4147,DAKCFMEO_04207,BJEIHDPM_00273,WP_005767612.1,DAKCFMEO_04207,WP_005767612.1,TRUE,p25_in_GeneB__dc_in_GeneA,OG0001988,TRUE,TRUE,TRUE
4148,DAKCFMEO_04208,BJEIHDPM_00272,WP_005767614.1,DAKCFMEO_04208,WP_005767614.1,TRUE,p25_in_GeneB__dc_in_GeneA,OG0001989,TRUE,TRUE,TRUE
4149,DAKCFMEO_04209,BJEIHDPM_00271,WP_011103637.1,DAKCFMEO_04209,WP_011103637.1,TRUE,p25_in_GeneB__dc_in_GeneA,OG0003050,TRUE,TRUE,TRUE
4150,DAKCFMEO_04210,BJEIHDPM_00270,,DAKCFMEO_04210,NA,FALSE,,,FALSE,FALSE,FALSE
4151,DAKCFMEO_04211,BJEIHDPM_00269,WP_046463929.1,DAKCFMEO_04211,WP_046463929.1,TRUE,p25_in_GeneB__dc_in_GeneA,OG0004041,TRUE,TRUE,TRUE
4152,DAKCFMEO_04212,BJEIHDPM_00268,WP_011103640.1,DAKCFMEO_04212,WP_011103640.1,TRUE,p25_in_GeneB__dc_in_GeneA,OG0003051,TRUE,TRUE,TRUE
4153,DAKCFMEO_04213,BJEIHDPM_00267,WP_011103641.1,DAKCFMEO_04213,WP_011103641.1,TRUE,p25_in_GeneB__dc_in_GeneA,OG0003052,TRUE,TRUE,TRUE
4154,DAKCFMEO_04214,BJEIHDPM_00266,WP_011103642.1,DAKCFMEO_04214,WP_011103642.1,TRUE,p25_in_GeneB__dc_in_GeneA,OG0003053,TRUE,TRUE,TRUE
4155,DAKCFMEO_04215,BJEIHDPM_00265,WP_011103643.1,DAKCFMEO_04215,WP_011103643.1,TRUE,p25_in_GeneB__dc_in_GeneA,OG0003054,TRUE,TRUE,TRUE
4156,DAKCFMEO_04216,BJEIHDPM_00264,,DAKCFMEO_04216,NA,FALSE,,,FALSE,FALSE,FALSE
4157,DAKCFMEO_04217,BJEIHDPM_00263,,DAKCFMEO_04217,NA,FALSE,,,FALSE,FALSE,FALSE
4158,DAKCFMEO_04218,BJEIHDPM_00262,,DAKCFMEO_04218,NA,FALSE,,,FALSE,FALSE,FALSE
4159,DAKCFMEO_04219,BJEIHDPM_00261,,DAKCFMEO_04219,NA,FALSE,,,FALSE,FALSE,FALSE
4160,DAKCFMEO_04220,BJEIHDPM_00260,WP_011103644.1,DAKCFMEO_04220,WP_011103644.1,TRUE,p25_in_GeneB__dc_in_GeneA,OG0003055,TRUE,TRUE,TRUE
4161,DAKCFMEO_04221,BJEIHDPM_00259,WP_005767637.1,DAKCFMEO_04221,WP_005767637.1,TRUE,p25_in_GeneB__dc_in_GeneA,OG0001990,TRUE,TRUE,TRUE
4162,DAKCFMEO_04222,BJEIHDPM_00258,WP_007245677.1,DAKCFMEO_04222,WP_007245677.1,TRUE,p25_in_GeneB__dc_in_GeneA,OG0002596,TRUE,TRUE,TRUE
4163,DAKCFMEO_04223,BJEIHDPM_00257,WP_003381003.1,DAKCFMEO_04223,WP_003381003.1,TRUE,p25_in_GeneB__dc_in_GeneA,OG0000971,TRUE,TRUE,TRUE
4164,DAKCFMEO_04224,BJEIHDPM_00256,WP_046463928.1,DAKCFMEO_04224,WP_046463928.1,TRUE,p25_in_GeneB__dc_in_GeneA,OG0004040,TRUE,TRUE,TRUE
4165,DAKCFMEO_04225,BJEIHDPM_00255,WP_005770653.1,DAKCFMEO_04225,WP_005770653.1,TRUE,p25_in_GeneB__dc_in_GeneA,OG0002356,TRUE,TRUE,TRUE
4166,DAKCFMEO_04226,BJEIHDPM_00254,WP_011104757.1,DAKCFMEO_04226,WP_011104757.1,TRUE,p25_in_GeneB__dc_in_GeneA,OG0003511,TRUE,TRUE,TRUE
4167,DAKCFMEO_04227,BJEIHDPM_00253,WP_011104756.1,DAKCFMEO_04227,WP_011104756.1,FALSE,,,TRUE,FALSE,FALSE
4168,DAKCFMEO_04228,BJEIHDPM_00252,WP_011104755.1,DAKCFMEO_04228,WP_011104755.1,TRUE,p25_in_GeneB__dc_in_GeneA,OG0003510,TRUE,TRUE,TRUE
4169,DAKCFMEO_04229,BJEIHDPM_00251,WP_011104754.1,DAKCFMEO_04229,WP_011104754.1,TRUE,p25_in_GeneB__dc_in_GeneA,OG0003509,TRUE,TRUE,TRUE
4170,DAKCFMEO_04230,BJEIHDPM_00250,WP_011104753.1,DAKCFMEO_04230,WP_011104753.1,FALSE,,,TRUE,FALSE,FALSE
4171,DAKCFMEO_04231,BJEIHDPM_00249,,DAKCFMEO_04231,NA,FALSE,,,FALSE,FALSE,FALSE
4172,DAKCFMEO_04232,BJEIHDPM_00248,WP_011104749.1,DAKCFMEO_04232,WP_011104749.1,TRUE,p25_in_GeneB__dc_in_GeneA,OG0003507,TRUE,TRUE,TRUE
4173,DAKCFMEO_04233,BJEIHDPM_00247,WP_007245835.1,DAKCFMEO_04233,WP_007245835.1,TRUE,p25_in_GeneB__dc_in_GeneA,OG0002608,TRUE,TRUE,TRUE
4174,DAKCFMEO_04234,BJEIHDPM_00246,WP_005770645.1,DAKCFMEO_04234,WP_005770645.1,TRUE,p25_in_GeneB__dc_in_GeneA,OG0002355,TRUE,TRUE,TRUE
4175,DAKCFMEO_04235,BJEIHDPM_00245,WP_005770644.1,DAKCFMEO_04235,WP_005770644.1,TRUE,p25_in_GeneB__dc_in_GeneA,OG0002354,TRUE,TRUE,TRUE
4176,DAKCFMEO_04236,BJEIHDPM_00244,WP_003381112.1,DAKCFMEO_04236,WP_003381112.1,TRUE,p25_in_GeneB__dc_in_GeneA,OG0000975,TRUE,TRUE,TRUE
4177,DAKCFMEO_04237,BJEIHDPM_00243,WP_005770642.1,DAKCFMEO_04237,WP_005770642.1,TRUE,p25_in_GeneB__dc_in_GeneA,OG0002353,TRUE,TRUE,TRUE
4178,DAKCFMEO_04238,BJEIHDPM_00242,WP_005770641.1,DAKCFMEO_04238,WP_005770641.1,TRUE,p25_in_GeneB__dc_in_GeneA,OG0002352,TRUE,TRUE,TRUE
4179,DAKCFMEO_04239,BJEIHDPM_00241,WP_005770639.1,DAKCFMEO_04239,WP_005770639.1,TRUE,p25_in_GeneB__dc_in_GeneA,OG0002351,TRUE,TRUE,TRUE
4180,DAKCFMEO_04240,BJEIHDPM_00239,WP_005619727.1,DAKCFMEO_04240,WP_005619727.1,TRUE,p25_in_GeneB__dc_in_GeneA,OG0001199,TRUE,TRUE,TRUE
4181,DAKCFMEO_04241,BJEIHDPM_00238,WP_005770637.1,DAKCFMEO_04241,WP_005770637.1,FALSE,,,TRUE,FALSE,FALSE
4182,DAKCFMEO_04242,BJEIHDPM_00237,WP_005770635.1,DAKCFMEO_04242,WP_005770635.1,TRUE,p25_in_GeneB__dc_in_GeneA,OG0002350,TRUE,TRUE,TRUE
4183,DAKCFMEO_04243,BJEIHDPM_00236,WP_011104746.1,DAKCFMEO_04243,WP_011104746.1,TRUE,p25_in_GeneB__dc_in_GeneA,OG0003506,TRUE,TRUE,TRUE
4184,DAKCFMEO_04244,BJEIHDPM_00235,WP_011104745.1,DAKCFMEO_04244,WP_011104745.1,TRUE,p25_in_GeneB__dc_in_GeneA,OG0003505,TRUE,TRUE,TRUE
4185,DAKCFMEO_04245,BJEIHDPM_00234,WP_002552688.1,DAKCFMEO_04245,WP_002552688.1,TRUE,p25_in_GeneB__dc_in_GeneA,OG0000654,TRUE,TRUE,TRUE
4186,DAKCFMEO_04246,BJEIHDPM_00233,WP_057443174.1,DAKCFMEO_04246,WP_057443174.1,TRUE,p25_in_GeneB__dc_in_GeneA,OG0004062,TRUE,TRUE,TRUE
4187,DAKCFMEO_04247,BJEIHDPM_00232,WP_007245842.1,DAKCFMEO_04247,WP_007245842.1,TRUE,p25_in_GeneB__dc_in_GeneA,OG0002609,TRUE,TRUE,TRUE
4188,DAKCFMEO_04248,BJEIHDPM_00231,WP_005770626.1,DAKCFMEO_04248,WP_005770626.1,FALSE,,,TRUE,FALSE,FALSE
4189,DAKCFMEO_04249,BJEIHDPM_00230,WP_003381096.1,DAKCFMEO_04249,WP_003381096.1,TRUE,p25_in_GeneB__dc_in_GeneA,OG0000974,TRUE,TRUE,TRUE
4190,DAKCFMEO_04250,BJEIHDPM_00229,WP_011104743.1,DAKCFMEO_04250,WP_011104743.1,FALSE,,,TRUE,FALSE,FALSE
4191,DAKCFMEO_04251,BJEIHDPM_00228,WP_007245844.1,DAKCFMEO_04251,WP_007245844.1,TRUE,p25_in_GeneB__dc_in_GeneA,OG0002610,TRUE,TRUE,TRUE
4192,DAKCFMEO_04252,BJEIHDPM_00227,WP_005770618.1,DAKCFMEO_04252,WP_005770618.1,TRUE,p25_in_GeneB__dc_in_GeneA,OG0002349,TRUE,TRUE,TRUE
4193,DAKCFMEO_04253,BJEIHDPM_00226,WP_005770616.1,DAKCFMEO_04253,WP_005770616.1,TRUE,p25_in_GeneB__dc_in_GeneA,OG0002348,TRUE,TRUE,TRUE
4194,DAKCFMEO_04254,BJEIHDPM_00225,WP_005770613.1,DAKCFMEO_04254,WP_005770613.1,TRUE,p25_in_GeneB__dc_in_GeneA,OG0002347,TRUE,TRUE,TRUE
4195,DAKCFMEO_04255,BJEIHDPM_00224,WP_003381088.1,DAKCFMEO_04255,WP_003381088.1,TRUE,p25_in_GeneB__dc_in_GeneA,OG0000973,TRUE,TRUE,TRUE
4196,DAKCFMEO_04256,BJEIHDPM_00223,WP_011104742.1,DAKCFMEO_04256,WP_011104742.1,TRUE,p25_in_GeneB__dc_in_GeneA,OG0003504,TRUE,TRUE,TRUE
4197,DAKCFMEO_04257,BJEIHDPM_00222,WP_005770607.1,DAKCFMEO_04257,WP_005770607.1,TRUE,p25_in_GeneB__dc_in_GeneA,OG0002346,TRUE,TRUE,TRUE
4198,DAKCFMEO_04258,BJEIHDPM_00221,WP_005770603.1,DAKCFMEO_04258,WP_005770603.1,TRUE,p25_in_GeneB__dc_in_GeneA,OG0002345,TRUE,TRUE,TRUE
4199,DAKCFMEO_04259,BJEIHDPM_00220,WP_011104740.1,DAKCFMEO_04259,WP_011104740.1,TRUE,p25_in_GeneB__dc_in_GeneA,OG0003502,TRUE,TRUE,TRUE
4200,DAKCFMEO_04260,BJEIHDPM_00219,WP_011104739.1,DAKCFMEO_04260,WP_011104739.1,TRUE,p25_in_GeneB__dc_in_GeneA,OG0003501,TRUE,TRUE,TRUE
4201,DAKCFMEO_04261,BJEIHDPM_00218,WP_011104738.1,DAKCFMEO_04261,WP_011104738.1,TRUE,p25_in_GeneB__dc_in_GeneA,OG0003500,TRUE,TRUE,TRUE
4202,DAKCFMEO_04262,BJEIHDPM_00217,,DAKCFMEO_04262,NA,FALSE,,,FALSE,FALSE,FALSE
4203,DAKCFMEO_04263,BJEIHDPM_00216,WP_005770596.1,DAKCFMEO_04263,WP_005770596.1,TRUE,p25_in_GeneB__dc_in_GeneA,OG0002344,TRUE,TRUE,TRUE
4204,DAKCFMEO_04264,BJEIHDPM_00215,WP_005619689.1,DAKCFMEO_04264,WP_005619689.1,TRUE,p25_in_GeneB__dc_in_GeneA,OG0001198,TRUE,TRUE,TRUE
4205,DAKCFMEO_04265,BJEIHDPM_00214,WP_005770594.1,DAKCFMEO_04265,WP_005770594.1,TRUE,p25_in_GeneB__dc_in_GeneA,OG0002343,TRUE,TRUE,TRUE
4206,DAKCFMEO_04266,BJEIHDPM_00213,WP_011104737.1,DAKCFMEO_04266,WP_011104737.1,TRUE,p25_in_GeneB__dc_in_GeneA,OG0003499,TRUE,TRUE,TRUE
4207,DAKCFMEO_04267,BJEIHDPM_00212,WP_011104736.1,DAKCFMEO_04267,WP_011104736.1,TRUE,p25_in_GeneB__dc_in_GeneA,OG0003498,TRUE,TRUE,TRUE
4208,DAKCFMEO_04268,BJEIHDPM_00211,WP_005770588.1,DAKCFMEO_04268,WP_005770588.1,TRUE,p25_in_GeneB__dc_in_GeneA,OG0002342,TRUE,TRUE,TRUE
4209,DAKCFMEO_04269,BJEIHDPM_00210,WP_003381064.1,DAKCFMEO_04269,WP_003381064.1,TRUE,p25_in_GeneB__dc_in_GeneA,OG0000972,TRUE,TRUE,TRUE
4210,DAKCFMEO_04270,BJEIHDPM_00209,WP_005770586.1,DAKCFMEO_04270,WP_005770586.1,TRUE,p25_in_GeneB__dc_in_GeneA,OG0002341,TRUE,TRUE,TRUE
4211,DAKCFMEO_04271,BJEIHDPM_00208,WP_161633151.1,DAKCFMEO_04271,WP_161633151.1,TRUE,p25_in_GeneB__dc_in_GeneA,OG0004085,TRUE,TRUE,TRUE
4212,DAKCFMEO_04275,BJEIHDPM_00204,WP_005760710.1,DAKCFMEO_04275,WP_005760710.1,TRUE,p25_in_GeneB__dc_in_GeneA,OG0001309,TRUE,TRUE,TRUE
4213,DAKCFMEO_04276,BJEIHDPM_00203,WP_032645112.1,DAKCFMEO_04276,WP_032645112.1,FALSE,,,TRUE,FALSE,FALSE
4214,DAKCFMEO_04277,BJEIHDPM_00202,,DAKCFMEO_04277,NA,FALSE,,,FALSE,FALSE,FALSE
4215,DAKCFMEO_04278,BJEIHDPM_00201,WP_005769073.1,DAKCFMEO_04278,WP_005769073.1,TRUE,p25_in_GeneB__dc_in_GeneA,OG0002166,TRUE,TRUE,TRUE
4216,DAKCFMEO_04279,BJEIHDPM_00200,WP_007245153.1,DAKCFMEO_04279,WP_007245153.1,TRUE,p25_in_GeneB__dc_in_GeneA,OG0002562,TRUE,TRUE,TRUE
4217,DAKCFMEO_04280,BJEIHDPM_00199,WP_011104734.1,DAKCFMEO_04280,WP_011104734.1,TRUE,p25_in_GeneB__dc_in_GeneA,OG0003497,TRUE,TRUE,TRUE
4218,DAKCFMEO_04281,BJEIHDPM_00198,WP_011104733.1,DAKCFMEO_04281,WP_011104733.1,TRUE,p25_in_GeneB__dc_in_GeneA,OG0003496,TRUE,TRUE,TRUE
4219,DAKCFMEO_04282,BJEIHDPM_00197,WP_011104732.1,DAKCFMEO_04282,WP_011104732.1,TRUE,p25_in_GeneB__dc_in_GeneA,OG0003495,TRUE,TRUE,TRUE
4220,DAKCFMEO_04283,BJEIHDPM_00196,WP_005769084.1,DAKCFMEO_04283,WP_005769084.1,TRUE,p25_in_GeneB__dc_in_GeneA,OG0002167,TRUE,TRUE,TRUE
4221,DAKCFMEO_04284,BJEIHDPM_00195,WP_005769085.1,DAKCFMEO_04284,WP_005769085.1,FALSE,,,TRUE,FALSE,FALSE
4222,DAKCFMEO_04285,BJEIHDPM_00194,WP_011104731.1,DAKCFMEO_04285,WP_011104731.1,TRUE,p25_in_GeneB__dc_in_GeneA,OG0003494,TRUE,TRUE,TRUE
4223,DAKCFMEO_04286,BJEIHDPM_00193,WP_011104730.1,DAKCFMEO_04286,WP_011104730.1,FALSE,,,TRUE,FALSE,FALSE
4224,DAKCFMEO_04287,BJEIHDPM_00192,WP_003382947.1,DAKCFMEO_04287,WP_003382947.1,TRUE,p25_in_GeneB__dc_in_GeneA,OG0001040,TRUE,TRUE,TRUE
4225,DAKCFMEO_04288,BJEIHDPM_00191,WP_011104727.1,DAKCFMEO_04288,WP_011104727.1,TRUE,p25_in_GeneB__dc_in_GeneA,OG0003493,TRUE,TRUE,TRUE
4226,DAKCFMEO_04289,BJEIHDPM_00190,WP_046463338.1,DAKCFMEO_04289,WP_046463338.1,TRUE,p25_in_GeneB__dc_in_GeneA,OG0003948,TRUE,TRUE,TRUE
4227,DAKCFMEO_04290,BJEIHDPM_00189,WP_003382943.1,DAKCFMEO_04290,WP_003382943.1,TRUE,p25_in_GeneB__dc_in_GeneA,OG0001039,TRUE,TRUE,TRUE
4228,DAKCFMEO_04291,BJEIHDPM_00188,WP_010208878.1,DAKCFMEO_04291,WP_010208878.1,TRUE,p25_in_GeneB__dc_in_GeneA,OG0002750,TRUE,TRUE,TRUE
4229,DAKCFMEO_04292,BJEIHDPM_00187,WP_011104725.1,DAKCFMEO_04292,WP_011104725.1,TRUE,p25_in_GeneB__dc_in_GeneA,OG0003492,TRUE,TRUE,TRUE
4230,DAKCFMEO_04293,BJEIHDPM_00186,WP_005769102.1,DAKCFMEO_04293,WP_005769102.1,TRUE,p25_in_GeneB__dc_in_GeneA,OG0002168,TRUE,TRUE,TRUE
4231,DAKCFMEO_04294,BJEIHDPM_00185,WP_011104724.1,DAKCFMEO_04294,WP_011104724.1,FALSE,,,TRUE,FALSE,FALSE
4232,DAKCFMEO_04295,BJEIHDPM_00184,WP_007245166.1,DAKCFMEO_04295,WP_007245166.1,TRUE,p25_in_GeneB__dc_in_GeneA,OG0002563,TRUE,TRUE,TRUE
4233,DAKCFMEO_04296,BJEIHDPM_00183,WP_005769107.1,DAKCFMEO_04296,WP_005769107.1,TRUE,p25_in_GeneB__dc_in_GeneA,OG0002169,TRUE,TRUE,TRUE
4234,DAKCFMEO_04297,BJEIHDPM_00182,WP_011104723.1,DAKCFMEO_04297,WP_011104723.1,TRUE,p25_in_GeneB__dc_in_GeneA,OG0003491,TRUE,TRUE,TRUE
4235,DAKCFMEO_04298,BJEIHDPM_00181,WP_003382929.1,DAKCFMEO_04298,WP_003382929.1,TRUE,p25_in_GeneB__dc_in_GeneA,OG0001038,TRUE,TRUE,TRUE
4236,DAKCFMEO_04299,BJEIHDPM_00180,WP_046463337.1,DAKCFMEO_04299,WP_046463337.1,TRUE,p25_in_GeneB__dc_in_GeneA,OG0003947,TRUE,TRUE,TRUE
4237,DAKCFMEO_04300,BJEIHDPM_00179,WP_011104720.1,DAKCFMEO_04300,WP_011104720.1,TRUE,p25_in_GeneB__dc_in_GeneA,OG0003490,TRUE,TRUE,TRUE
4238,DAKCFMEO_04301,BJEIHDPM_00178,WP_046463336.1,DAKCFMEO_04301,WP_046463336.1,TRUE,p25_in_GeneB__dc_in_GeneA,OG0003946,TRUE,TRUE,TRUE
4239,DAKCFMEO_04302,BJEIHDPM_00177,WP_011104717.1,DAKCFMEO_04302,WP_011104717.1,TRUE,p25_in_GeneB__dc_in_GeneA,OG0003489,TRUE,TRUE,TRUE
4240,DAKCFMEO_04303,BJEIHDPM_00176,WP_002554489.1,DAKCFMEO_04303,WP_002554489.1,FALSE,,,TRUE,FALSE,FALSE
4241,DAKCFMEO_04304,BJEIHDPM_00175,WP_005769126.1,DAKCFMEO_04304,WP_005769126.1,TRUE,p25_in_GeneB__dc_in_GeneA,OG0002170,TRUE,TRUE,TRUE
4242,DAKCFMEO_04305,BJEIHDPM_00174,WP_005769128.1,DAKCFMEO_04305,WP_005769128.1,TRUE,p25_in_GeneB__dc_in_GeneA,OG0002171,TRUE,TRUE,TRUE
4243,DAKCFMEO_04306,BJEIHDPM_00173,WP_005769130.1,DAKCFMEO_04306,WP_005769130.1,TRUE,p25_in_GeneB__dc_in_GeneA,OG0002172,TRUE,TRUE,TRUE
4244,DAKCFMEO_04307,BJEIHDPM_00172,WP_046463335.1,DAKCFMEO_04307,WP_046463335.1,TRUE,p25_in_GeneB__dc_in_GeneA,OG0003945,TRUE,TRUE,TRUE
4245,DAKCFMEO_04308,BJEIHDPM_00171,,DAKCFMEO_04308,NA,FALSE,,,FALSE,FALSE,FALSE
4246,DAKCFMEO_04309,BJEIHDPM_00170,WP_005769135.1,DAKCFMEO_04309,WP_005769135.1,TRUE,p25_in_GeneB__dc_in_GeneA,OG0002173,TRUE,TRUE,TRUE
4247,DAKCFMEO_04310,BJEIHDPM_00169,WP_005769138.1,DAKCFMEO_04310,WP_005769138.1,TRUE,p25_in_GeneB__dc_in_GeneA,OG0002174,TRUE,TRUE,TRUE
4248,DAKCFMEO_04311,BJEIHDPM_00168,,DAKCFMEO_04311,NA,FALSE,,,FALSE,FALSE,FALSE
4249,DAKCFMEO_04312,BJEIHDPM_00167,WP_011104711.1,DAKCFMEO_04312,WP_011104711.1,TRUE,p25_in_GeneB__dc_in_GeneA,OG0003488,TRUE,TRUE,TRUE
4250,DAKCFMEO_04313,BJEIHDPM_00166,WP_011104710.1,DAKCFMEO_04313,WP_011104710.1,TRUE,p25_in_GeneB__dc_in_GeneA,OG0003487,TRUE,TRUE,TRUE
4251,DAKCFMEO_04314,BJEIHDPM_00165,WP_011104709.1,DAKCFMEO_04314,WP_011104709.1,TRUE,p25_in_GeneB__dc_in_GeneA,OG0003486,TRUE,TRUE,TRUE
4252,DAKCFMEO_04315,BJEIHDPM_00164,WP_005769148.1,DAKCFMEO_04315,WP_005769148.1,TRUE,p25_in_GeneB__dc_in_GeneA,OG0002175,TRUE,TRUE,TRUE
4253,DAKCFMEO_04316,BJEIHDPM_00163,WP_005769151.1,DAKCFMEO_04316,WP_005769151.1,TRUE,p25_in_GeneB__dc_in_GeneA,OG0002176,TRUE,TRUE,TRUE
4254,DAKCFMEO_04317,BJEIHDPM_00162,WP_011104708.1,DAKCFMEO_04317,WP_011104708.1,TRUE,p25_in_GeneB__dc_in_GeneA,OG0003485,TRUE,TRUE,TRUE
4255,DAKCFMEO_04318,BJEIHDPM_00161,WP_003376303.1,DAKCFMEO_04318,WP_003376303.1,TRUE,p25_in_GeneB__dc_in_GeneA,OG0000783,TRUE,TRUE,TRUE
4256,DAKCFMEO_04319,BJEIHDPM_00160,WP_002554476.1,DAKCFMEO_04319,WP_002554476.1,TRUE,p25_in_GeneB__dc_in_GeneA,OG0000679,TRUE,TRUE,TRUE
4257,DAKCFMEO_04320,BJEIHDPM_00159,WP_011104707.1,DAKCFMEO_04320,WP_011104707.1,TRUE,p25_in_GeneB__dc_in_GeneA,OG0003484,TRUE,TRUE,TRUE
4258,DAKCFMEO_04321,BJEIHDPM_00158,WP_044392753.1,DAKCFMEO_04321,WP_044392753.1,TRUE,p25_in_GeneB__dc_in_GeneA,OG0003919,TRUE,TRUE,TRUE
4259,DAKCFMEO_04322,BJEIHDPM_00157,WP_011104706.1,DAKCFMEO_04322,WP_011104706.1,TRUE,p25_in_GeneB__dc_in_GeneA,OG0003483,TRUE,TRUE,TRUE
4260,DAKCFMEO_04323,BJEIHDPM_00156,WP_011105173.1,DAKCFMEO_04323,WP_011105173.1,TRUE,p25_in_GeneB__dc_in_GeneA,OG0003643,TRUE,TRUE,TRUE
4261,DAKCFMEO_04324,BJEIHDPM_00155,,DAKCFMEO_04324,NA,FALSE,,,FALSE,FALSE,FALSE
4262,DAKCFMEO_04325,BJEIHDPM_00154,,DAKCFMEO_04325,NA,FALSE,,,FALSE,FALSE,FALSE
4263,DAKCFMEO_04326,BJEIHDPM_00153,,DAKCFMEO_04326,NA,FALSE,,,FALSE,FALSE,FALSE
4264,DAKCFMEO_04327,BJEIHDPM_00152,,DAKCFMEO_04327,NA,FALSE,,,FALSE,FALSE,FALSE
4265,DAKCFMEO_04328,BJEIHDPM_00151,WP_011104702.1,DAKCFMEO_04328,WP_011104702.1,TRUE,p25_in_GeneB__dc_in_GeneA,OG0003481,TRUE,TRUE,TRUE
4266,DAKCFMEO_04329,BJEIHDPM_00150,WP_007245200.1,DAKCFMEO_04329,WP_007245200.1,TRUE,p25_in_GeneB__dc_in_GeneA,OG0002564,TRUE,TRUE,TRUE
4267,DAKCFMEO_04330,BJEIHDPM_00149,WP_011104701.1,DAKCFMEO_04330,WP_011104701.1,TRUE,p25_in_GeneB__dc_in_GeneA,OG0003480,TRUE,TRUE,TRUE
4268,DAKCFMEO_04331,BJEIHDPM_00148,WP_005740056.1,DAKCFMEO_04331,WP_005740056.1,FALSE,,,TRUE,FALSE,FALSE
4269,DAKCFMEO_04332,BJEIHDPM_00147,WP_011104700.1,DAKCFMEO_04332,WP_011104700.1,TRUE,p25_in_GeneB__dc_in_GeneA,OG0003479,TRUE,TRUE,TRUE
4270,DAKCFMEO_04333,BJEIHDPM_00146,WP_011104699.1,DAKCFMEO_04333,WP_011104699.1,FALSE,,,TRUE,FALSE,FALSE
4271,DAKCFMEO_04334,BJEIHDPM_00145,WP_005769188.1,DAKCFMEO_04334,WP_005769188.1,TRUE,p25_in_GeneB__dc_in_GeneA,OG0002177,TRUE,TRUE,TRUE
4272,DAKCFMEO_04335,BJEIHDPM_00144,WP_005740060.1,DAKCFMEO_04335,WP_005740060.1,TRUE,p25_in_GeneB__dc_in_GeneA,OG0001297,TRUE,TRUE,TRUE
4273,DAKCFMEO_04336,BJEIHDPM_00143,WP_044393841.1,DAKCFMEO_04336,WP_044393841.1,TRUE,p25_in_GeneB__dc_in_GeneA,OG0003926,TRUE,TRUE,TRUE
4274,DAKCFMEO_04337,BJEIHDPM_00142,WP_005769192.1,DAKCFMEO_04337,WP_005769192.1,TRUE,p25_in_GeneB__dc_in_GeneA,OG0002178,TRUE,TRUE,TRUE
4275,DAKCFMEO_04338,BJEIHDPM_00141,WP_005769193.1,DAKCFMEO_04338,WP_005769193.1,TRUE,p25_in_GeneB__dc_in_GeneA,OG0002179,TRUE,TRUE,TRUE
4276,DAKCFMEO_04339,BJEIHDPM_00140,WP_005740065.1,DAKCFMEO_04339,WP_005740065.1,TRUE,p25_in_GeneB__dc_in_GeneA,OG0001298,TRUE,TRUE,TRUE
4277,DAKCFMEO_04340,BJEIHDPM_00139,WP_011104697.1,DAKCFMEO_04340,WP_011104697.1,TRUE,p25_in_GeneB__dc_in_GeneA,OG0003478,TRUE,TRUE,TRUE
4278,DAKCFMEO_04341,BJEIHDPM_00138,WP_002552729.1,DAKCFMEO_04341,WP_002552729.1,TRUE,p25_in_GeneB__dc_in_GeneA,OG0000655,TRUE,TRUE,TRUE
4279,DAKCFMEO_04342,BJEIHDPM_00137,WP_003376266.1,DAKCFMEO_04342,WP_003376266.1,TRUE,p25_in_GeneB__dc_in_GeneA,OG0000782,TRUE,TRUE,TRUE
4280,DAKCFMEO_04343,BJEIHDPM_00136,WP_003376264.1,DAKCFMEO_04343,WP_003376264.1,TRUE,p25_in_GeneB__dc_in_GeneA,OG0000781,TRUE,TRUE,TRUE
4281,DAKCFMEO_04344,BJEIHDPM_00135,WP_011104696.1,DAKCFMEO_04344,WP_011104696.1,TRUE,p25_in_GeneB__dc_in_GeneA,OG0003477,TRUE,TRUE,TRUE
4282,DAKCFMEO_04345,BJEIHDPM_00134,WP_005769204.1,DAKCFMEO_04345,WP_005769204.1,FALSE,,,TRUE,FALSE,FALSE
4283,DAKCFMEO_04349,BJEIHDPM_00130,WP_007245213.1,DAKCFMEO_04349,WP_007245213.1,TRUE,p25_in_GeneB__dc_in_GeneA,OG0002565,TRUE,TRUE,TRUE
4284,DAKCFMEO_04350,BJEIHDPM_00129,WP_002552734.1,DAKCFMEO_04350,WP_002552734.1,TRUE,p25_in_GeneB__dc_in_GeneA,OG0000656,TRUE,TRUE,TRUE
4285,DAKCFMEO_04351,BJEIHDPM_00128,WP_005770751.1,DAKCFMEO_04351,WP_005770751.1,TRUE,p25_in_GeneB__dc_in_GeneA,OG0002365,TRUE,TRUE,TRUE
4286,DAKCFMEO_04352,BJEIHDPM_00127,WP_005770753.1,DAKCFMEO_04352,WP_005770753.1,TRUE,p25_in_GeneB__dc_in_GeneA,OG0002366,TRUE,TRUE,TRUE
4287,DAKCFMEO_04353,BJEIHDPM_00126,WP_002552737.1,DAKCFMEO_04353,WP_002552737.1,TRUE,p25_in_GeneB__dc_in_GeneA,OG0000657,TRUE,TRUE,TRUE
4288,DAKCFMEO_04354,BJEIHDPM_00125,WP_005770757.1,DAKCFMEO_04354,WP_005770757.1,TRUE,p25_in_GeneB__dc_in_GeneA,OG0002367,TRUE,TRUE,TRUE
4289,DAKCFMEO_04355,BJEIHDPM_00124,WP_005770759.1,DAKCFMEO_04355,WP_005770759.1,TRUE,p25_in_GeneB__dc_in_GeneA,OG0002368,TRUE,TRUE,TRUE
4290,DAKCFMEO_04356,BJEIHDPM_00123,WP_005770761.1,DAKCFMEO_04356,WP_005770761.1,FALSE,,,TRUE,FALSE,FALSE
4291,DAKCFMEO_04357,BJEIHDPM_00122,WP_011104693.1,DAKCFMEO_04357,WP_011104693.1,FALSE,,,TRUE,FALSE,FALSE
4292,DAKCFMEO_04358,BJEIHDPM_00121,WP_011104692.1,DAKCFMEO_04358,WP_011104692.1,FALSE,,,TRUE,FALSE,FALSE
4293,DAKCFMEO_04359,BJEIHDPM_00120,WP_011104691.1,DAKCFMEO_04359,WP_011104691.1,FALSE,,,TRUE,FALSE,FALSE
4294,DAKCFMEO_04360,BJEIHDPM_00119,WP_005770766.1,DAKCFMEO_04360,WP_005770766.1,TRUE,p25_in_GeneB__dc_in_GeneA,OG0002369,TRUE,TRUE,TRUE
4295,DAKCFMEO_04361,BJEIHDPM_00118,WP_007245218.1,DAKCFMEO_04361,WP_007245218.1,FALSE,,,TRUE,FALSE,FALSE
4296,DAKCFMEO_04362,BJEIHDPM_00117,WP_005770768.1,DAKCFMEO_04362,WP_005770768.1,TRUE,p25_in_GeneB__dc_in_GeneA,OG0002370,TRUE,TRUE,TRUE
4297,DAKCFMEO_04363,BJEIHDPM_00116,WP_011104690.1,DAKCFMEO_04363,WP_011104690.1,TRUE,p25_in_GeneB__dc_in_GeneA,OG0003475,TRUE,TRUE,TRUE
4298,DAKCFMEO_04364,BJEIHDPM_00115,WP_005770770.1,DAKCFMEO_04364,WP_005770770.1,TRUE,p25_in_GeneB__dc_in_GeneA,OG0002371,TRUE,TRUE,TRUE
4299,DAKCFMEO_04365,BJEIHDPM_00114,WP_005770771.1,DAKCFMEO_04365,WP_005770771.1,TRUE,p25_in_GeneB__dc_in_GeneA,OG0002372,TRUE,TRUE,TRUE
4300,DAKCFMEO_04366,BJEIHDPM_00113,WP_005770773.1,DAKCFMEO_04366,WP_005770773.1,TRUE,p25_in_GeneB__dc_in_GeneA,OG0002373,TRUE,TRUE,TRUE
4301,DAKCFMEO_04367,BJEIHDPM_00112,WP_003376227.1,DAKCFMEO_04367,WP_003376227.1,TRUE,p25_in_GeneB__dc_in_GeneA,OG0000780,TRUE,TRUE,TRUE
4302,DAKCFMEO_04368,BJEIHDPM_00111,WP_005770776.1,DAKCFMEO_04368,WP_005770776.1,TRUE,p25_in_GeneB__dc_in_GeneA,OG0002374,TRUE,TRUE,TRUE
4303,DAKCFMEO_04369,BJEIHDPM_00110,,DAKCFMEO_04369,NA,FALSE,,,FALSE,FALSE,FALSE
4304,DAKCFMEO_04370,BJEIHDPM_00109,WP_005770780.1,DAKCFMEO_04370,WP_005770780.1,TRUE,p25_in_GeneB__dc_in_GeneA,OG0002375,TRUE,TRUE,TRUE
4305,DAKCFMEO_04371,BJEIHDPM_00108,WP_011104686.1,DAKCFMEO_04371,WP_011104686.1,FALSE,,,TRUE,FALSE,FALSE
4306,DAKCFMEO_04372,BJEIHDPM_00107,WP_010202254.1,DAKCFMEO_04372,WP_010202254.1,TRUE,p25_in_GeneB__dc_in_GeneA,OG0002724,TRUE,TRUE,TRUE
4307,DAKCFMEO_04373,BJEIHDPM_00106,WP_011104685.1,DAKCFMEO_04373,WP_011104685.1,FALSE,,,TRUE,FALSE,FALSE
4308,DAKCFMEO_04374,BJEIHDPM_00105,WP_005770788.1,DAKCFMEO_04374,WP_005770788.1,TRUE,p25_in_GeneB__dc_in_GeneA,OG0002376,TRUE,TRUE,TRUE
4309,DAKCFMEO_04375,BJEIHDPM_00104,WP_011104683.1,DAKCFMEO_04375,WP_011104683.1,TRUE,p25_in_GeneB__dc_in_GeneA,OG0003473,TRUE,TRUE,TRUE
4310,DAKCFMEO_04376,BJEIHDPM_00103,,DAKCFMEO_04376,NA,FALSE,,,FALSE,FALSE,FALSE
4311,DAKCFMEO_04377,BJEIHDPM_00102,WP_005619515.1,DAKCFMEO_04377,WP_005619515.1,TRUE,p25_in_GeneB__dc_in_GeneA,OG0001197,TRUE,TRUE,TRUE
4312,DAKCFMEO_04378,BJEIHDPM_00101,WP_046463307.1,DAKCFMEO_04378,WP_046463307.1,TRUE,p25_in_GeneB__dc_in_GeneA,OG0003935,TRUE,TRUE,TRUE
4313,DAKCFMEO_04379,BJEIHDPM_00100,WP_003376205.1,DAKCFMEO_04379,WP_003376205.1,TRUE,p25_in_GeneB__dc_in_GeneA,OG0000779,TRUE,TRUE,TRUE
4314,DAKCFMEO_04380,BJEIHDPM_00099,,DAKCFMEO_04380,NA,FALSE,,,FALSE,FALSE,FALSE
4315,DAKCFMEO_04381,BJEIHDPM_00098,,DAKCFMEO_04381,NA,FALSE,,,FALSE,FALSE,FALSE
4316,DAKCFMEO_04382,BJEIHDPM_00097,,DAKCFMEO_04382,NA,FALSE,,,FALSE,FALSE,FALSE
4317,DAKCFMEO_04383,BJEIHDPM_00096,,DAKCFMEO_04383,NA,FALSE,,,FALSE,FALSE,FALSE
4318,DAKCFMEO_04384,BJEIHDPM_00095,,DAKCFMEO_04384,NA,FALSE,,,FALSE,FALSE,FALSE
4319,DAKCFMEO_04385,BJEIHDPM_00094,,DAKCFMEO_04385,NA,FALSE,,,FALSE,FALSE,FALSE
4320,DAKCFMEO_04386,BJEIHDPM_00093,WP_024667893.1,DAKCFMEO_04386,WP_024667893.1,FALSE,,,TRUE,FALSE,FALSE
4321,DAKCFMEO_04387,BJEIHDPM_00092,WP_024667894.1,DAKCFMEO_04387,WP_024667894.1,TRUE,p25_in_GeneB__dc_in_GeneA,OG0003876,TRUE,TRUE,TRUE
4322,DAKCFMEO_04388,BJEIHDPM_00091,WP_011104242.1,DAKCFMEO_04388,WP_011104242.1,TRUE,p25_in_GeneB__dc_in_GeneA,OG0003297,TRUE,TRUE,TRUE
4323,DAKCFMEO_04389,BJEIHDPM_00090,WP_011104241.1,DAKCFMEO_04389,WP_011104241.1,TRUE,p25_in_GeneB__dc_in_GeneA,OG0003296,TRUE,TRUE,TRUE
4324,DAKCFMEO_04390,BJEIHDPM_00089,WP_010218671.1,DAKCFMEO_04390,WP_010218671.1,FALSE,,,TRUE,FALSE,FALSE
4325,DAKCFMEO_04391,BJEIHDPM_00088,,DAKCFMEO_04391,NA,FALSE,,,FALSE,FALSE,FALSE
4326,DAKCFMEO_04392,BJEIHDPM_00087,WP_005767504.1,DAKCFMEO_04392,WP_005767504.1,TRUE,p25_in_GeneB__dc_in_GeneA,OG0001970,TRUE,TRUE,TRUE
4327,DAKCFMEO_04393,BJEIHDPM_00086,WP_007245738.1,DAKCFMEO_04393,WP_007245738.1,FALSE,,,TRUE,FALSE,FALSE
4328,DAKCFMEO_04394,BJEIHDPM_00085,WP_011104674.1,DAKCFMEO_04394,WP_011104674.1,FALSE,,,TRUE,FALSE,FALSE
4329,DAKCFMEO_04395,BJEIHDPM_00084,WP_005765365.1,DAKCFMEO_04395,WP_005765365.1,TRUE,p25_in_GeneB__dc_in_GeneA,OG0001676,TRUE,TRUE,TRUE
4330,DAKCFMEO_04396,BJEIHDPM_00083,,DAKCFMEO_04396,NA,FALSE,,,FALSE,FALSE,FALSE
4331,DAKCFMEO_04397,BJEIHDPM_00082,,DAKCFMEO_04397,NA,FALSE,,,FALSE,FALSE,FALSE
4332,DAKCFMEO_04398,BJEIHDPM_00081,WP_005762629.1,DAKCFMEO_04398,WP_005762629.1,TRUE,p25_in_GeneB__dc_in_GeneA,OG0001343,TRUE,TRUE,TRUE
4333,DAKCFMEO_04399,BJEIHDPM_00080,WP_011104675.1,DAKCFMEO_04399,WP_011104675.1,TRUE,p25_in_GeneB__dc_in_GeneA,OG0003472,TRUE,TRUE,TRUE
4334,DAKCFMEO_04400,BJEIHDPM_00079,,DAKCFMEO_04400,NA,FALSE,,,FALSE,FALSE,FALSE
4335,DAKCFMEO_04401,BJEIHDPM_00078,,DAKCFMEO_04401,NA,FALSE,,,FALSE,FALSE,FALSE
4336,DAKCFMEO_04402,BJEIHDPM_00077,,DAKCFMEO_04402,NA,FALSE,,,FALSE,FALSE,FALSE
4337,DAKCFMEO_04403,BJEIHDPM_00076,,DAKCFMEO_04403,NA,FALSE,,,FALSE,FALSE,FALSE
4338,DAKCFMEO_04404,BJEIHDPM_00075,,DAKCFMEO_04404,NA,FALSE,,,FALSE,FALSE,FALSE
4339,DAKCFMEO_04405,BJEIHDPM_00074,,DAKCFMEO_04405,NA,FALSE,,,FALSE,FALSE,FALSE
4340,DAKCFMEO_04406,BJEIHDPM_00073,,DAKCFMEO_04406,NA,FALSE,,,FALSE,FALSE,FALSE
4341,DAKCFMEO_04407,BJEIHDPM_00072,,DAKCFMEO_04407,NA,FALSE,,,FALSE,FALSE,FALSE
4342,DAKCFMEO_04408,BJEIHDPM_00071,WP_011104677.1,DAKCFMEO_04408,WP_011104677.1,FALSE,,,TRUE,FALSE,FALSE
4343,DAKCFMEO_04409,BJEIHDPM_00070,WP_046463927.1,DAKCFMEO_04409,WP_046463927.1,FALSE,,,TRUE,FALSE,FALSE
4344,DAKCFMEO_04410,BJEIHDPM_00069,WP_011103648.1,DAKCFMEO_04410,WP_011103648.1,FALSE,,,TRUE,FALSE,FALSE
4345,DAKCFMEO_04411,BJEIHDPM_00068,,DAKCFMEO_04411,NA,FALSE,,,FALSE,FALSE,FALSE
4346,DAKCFMEO_04412,BJEIHDPM_00067,,DAKCFMEO_04412,NA,FALSE,,,FALSE,FALSE,FALSE
4347,DAKCFMEO_04413,BJEIHDPM_00066,,DAKCFMEO_04413,NA,FALSE,,,FALSE,FALSE,FALSE
4348,DAKCFMEO_04414,BJEIHDPM_00065,,DAKCFMEO_04414,NA,FALSE,,,FALSE,FALSE,FALSE
4349,DAKCFMEO_04415,BJEIHDPM_00064,,DAKCFMEO_04415,NA,FALSE,,,FALSE,FALSE,FALSE
4350,DAKCFMEO_04416,BJEIHDPM_00063,,DAKCFMEO_04416,NA,FALSE,,,FALSE,FALSE,FALSE
4351,DAKCFMEO_04417,BJEIHDPM_00062,WP_046463556.1,DAKCFMEO_04417,WP_046463556.1,TRUE,p25_in_GeneB__dc_in_GeneA,OG0003995,TRUE,TRUE,TRUE
4352,DAKCFMEO_04418,BJEIHDPM_00061,,DAKCFMEO_04418,NA,FALSE,,,FALSE,FALSE,FALSE
4353,DAKCFMEO_04419,BJEIHDPM_00060,,DAKCFMEO_04419,NA,FALSE,,,FALSE,FALSE,FALSE
4354,DAKCFMEO_04420,BJEIHDPM_00059,,DAKCFMEO_04420,NA,FALSE,,,FALSE,FALSE,FALSE
4355,DAKCFMEO_04421,BJEIHDPM_00058,,DAKCFMEO_04421,NA,FALSE,,,FALSE,FALSE,FALSE
4356,DAKCFMEO_04422,BJEIHDPM_00057,,DAKCFMEO_04422,NA,FALSE,,,FALSE,FALSE,FALSE
4357,DAKCFMEO_04423,BJEIHDPM_00056,WP_011104372.1,DAKCFMEO_04423,WP_011104372.1,FALSE,,,TRUE,FALSE,FALSE
4358,DAKCFMEO_04424,BJEIHDPM_00055,,DAKCFMEO_04424,NA,FALSE,,,FALSE,FALSE,FALSE
4359,DAKCFMEO_04425,BJEIHDPM_00054,,DAKCFMEO_04425,NA,FALSE,,,FALSE,FALSE,FALSE
4360,DAKCFMEO_04426,BJEIHDPM_00053,,DAKCFMEO_04426,NA,FALSE,,,FALSE,FALSE,FALSE
4361,DAKCFMEO_04427,BJEIHDPM_00052,,DAKCFMEO_04427,NA,FALSE,,,FALSE,FALSE,FALSE
4362,DAKCFMEO_04428,BJEIHDPM_00051,,DAKCFMEO_04428,NA,FALSE,,,FALSE,FALSE,FALSE
4363,DAKCFMEO_04429,BJEIHDPM_00050,,DAKCFMEO_04429,NA,FALSE,,,FALSE,FALSE,FALSE
4364,DAKCFMEO_04430,BJEIHDPM_00049,WP_011105452.1,DAKCFMEO_04430,WP_011105452.1,FALSE,,,TRUE,FALSE,FALSE
4365,DAKCFMEO_04431,BJEIHDPM_00048,WP_011105453.1,DAKCFMEO_04431,WP_011105453.1,TRUE,p25_in_GeneB__dc_in_GeneA,OG0003783,TRUE,TRUE,TRUE
4366,DAKCFMEO_04432,BJEIHDPM_00047,WP_011105454.1,DAKCFMEO_04432,WP_011105454.1,FALSE,,,TRUE,FALSE,FALSE
4367,DAKCFMEO_04433,BJEIHDPM_00046,WP_011105455.1,DAKCFMEO_04433,WP_011105455.1,TRUE,p25_in_GeneB__dc_in_GeneA,OG0003784,TRUE,TRUE,TRUE
4368,DAKCFMEO_04434,BJEIHDPM_00045,WP_011105456.1,DAKCFMEO_04434,WP_011105456.1,FALSE,,,TRUE,FALSE,FALSE
4369,DAKCFMEO_04435,BJEIHDPM_00044,WP_011105457.1,DAKCFMEO_04435,WP_011105457.1,FALSE,,,TRUE,FALSE,FALSE
4370,DAKCFMEO_04436,BJEIHDPM_00043,,DAKCFMEO_04436,NA,FALSE,,,FALSE,FALSE,FALSE
4371,DAKCFMEO_04437,BJEIHDPM_00042,,DAKCFMEO_04437,NA,FALSE,,,FALSE,FALSE,FALSE
4372,DAKCFMEO_04438,BJEIHDPM_00041,,DAKCFMEO_04438,NA,FALSE,,,FALSE,FALSE,FALSE
4373,DAKCFMEO_04439,BJEIHDPM_00040,WP_046463553.1,DAKCFMEO_04439,WP_046463553.1,TRUE,p25_in_GeneB__dc_in_GeneA,OG0003994,TRUE,TRUE,TRUE
4374,DAKCFMEO_04440,BJEIHDPM_00039,,DAKCFMEO_04440,NA,FALSE,,,FALSE,FALSE,FALSE
4375,DAKCFMEO_04441,BJEIHDPM_00038,,DAKCFMEO_04441,NA,FALSE,,,FALSE,FALSE,FALSE
4376,DAKCFMEO_04442,BJEIHDPM_00037,,DAKCFMEO_04442,NA,FALSE,,,FALSE,FALSE,FALSE
4377,DAKCFMEO_04443,BJEIHDPM_00036,WP_005767529.1,DAKCFMEO_04443,WP_005767529.1,TRUE,p25_in_GeneB__dc_in_GeneA,OG0001973,TRUE,TRUE,TRUE
4378,DAKCFMEO_04444,BJEIHDPM_00035,WP_005767531.1,DAKCFMEO_04444,WP_005767531.1,TRUE,p25_in_GeneB__dc_in_GeneA,OG0001974,TRUE,TRUE,TRUE
4379,DAKCFMEO_04445,BJEIHDPM_00034,WP_011103614.1,DAKCFMEO_04445,WP_011103614.1,TRUE,p25_in_GeneB__dc_in_GeneA,OG0003041,TRUE,TRUE,TRUE
4380,DAKCFMEO_04446,BJEIHDPM_00033,,DAKCFMEO_04446,NA,FALSE,,,FALSE,FALSE,FALSE
4381,DAKCFMEO_04447,BJEIHDPM_00032,,DAKCFMEO_04447,NA,FALSE,,,FALSE,FALSE,FALSE
4382,DAKCFMEO_04448,BJEIHDPM_00031,,DAKCFMEO_04448,NA,FALSE,,,FALSE,FALSE,FALSE
4383,DAKCFMEO_04449,BJEIHDPM_00030,WP_011103298.1,DAKCFMEO_04449,WP_011103298.1,FALSE,,,TRUE,FALSE,FALSE
4384,DAKCFMEO_04450,BJEIHDPM_00029,,DAKCFMEO_04450,NA,FALSE,,,FALSE,FALSE,FALSE
4385,DAKCFMEO_04451,BJEIHDPM_00028,,DAKCFMEO_04451,NA,FALSE,,,FALSE,FALSE,FALSE
4386,DAKCFMEO_04452,BJEIHDPM_00027,,DAKCFMEO_04452,NA,FALSE,,,FALSE,FALSE,FALSE
4387,DAKCFMEO_04453,BJEIHDPM_00026,WP_011105087.1,DAKCFMEO_04453,WP_011105087.1,FALSE,,,TRUE,FALSE,FALSE
4388,DAKCFMEO_04454,BJEIHDPM_00025,,DAKCFMEO_04454,NA,FALSE,,,FALSE,FALSE,FALSE
4389,DAKCFMEO_04455,BJEIHDPM_00024,,DAKCFMEO_04455,NA,FALSE,,,FALSE,FALSE,FALSE
4390,DAKCFMEO_04456,BJEIHDPM_00023,,DAKCFMEO_04456,NA,FALSE,,,FALSE,FALSE,FALSE
4391,DAKCFMEO_04457,BJEIHDPM_00022,,DAKCFMEO_04457,NA,FALSE,,,FALSE,FALSE,FALSE
4392,DAKCFMEO_04458,BJEIHDPM_00021,,DAKCFMEO_04458,NA,FALSE,,,FALSE,FALSE,FALSE
4393,DAKCFMEO_04459,BJEIHDPM_00019,WP_011104364.1,DAKCFMEO_04459,WP_011104364.1,FALSE,,,TRUE,FALSE,FALSE
4394,DAKCFMEO_04460,BJEIHDPM_00018,WP_005766116.1,DAKCFMEO_04460,WP_005766116.1,TRUE,p25_in_GeneB__dc_in_GeneA,OG0001791,TRUE,TRUE,TRUE
4395,DAKCFMEO_04461,BJEIHDPM_00017,,DAKCFMEO_04461,NA,FALSE,,,FALSE,FALSE,FALSE
4396,DAKCFMEO_04462,BJEIHDPM_00016,,DAKCFMEO_04462,NA,FALSE,,,FALSE,FALSE,FALSE
4397,DAKCFMEO_04463,BJEIHDPM_00015,,DAKCFMEO_04463,NA,FALSE,,,FALSE,FALSE,FALSE
4398,DAKCFMEO_04464,BJEIHDPM_00014,WP_011103012.1,DAKCFMEO_04464,WP_011103012.1,TRUE,p25_in_GeneB__dc_in_GeneA,OG0002795,TRUE,TRUE,TRUE
4399,DAKCFMEO_04465,BJEIHDPM_00013,,DAKCFMEO_04465,NA,FALSE,,,FALSE,FALSE,FALSE
4400,DAKCFMEO_04466,BJEIHDPM_00012,,DAKCFMEO_04466,NA,FALSE,,,FALSE,FALSE,FALSE
4401,DAKCFMEO_04467,BJEIHDPM_00011,,DAKCFMEO_04467,NA,FALSE,,,FALSE,FALSE,FALSE
4402,DAKCFMEO_04468,BJEIHDPM_00010,WP_011104866.1,DAKCFMEO_04468,WP_011104866.1,TRUE,p25_in_GeneB__dc_in_GeneA,OG0003541,TRUE,TRUE,TRUE
4403,DAKCFMEO_04469,BJEIHDPM_00009,WP_044393613.1,DAKCFMEO_04469,WP_044393613.1,TRUE,p25_in_GeneB__dc_in_GeneA,OG0003924,TRUE,TRUE,TRUE
4404,DAKCFMEO_04470,BJEIHDPM_00008,,DAKCFMEO_04470,NA,FALSE,,,FALSE,FALSE,FALSE
4405,DAKCFMEO_04471,BJEIHDPM_00007,WP_005767480.1,DAKCFMEO_04471,WP_005767480.1,FALSE,,,TRUE,FALSE,FALSE
4406,DAKCFMEO_04472,BJEIHDPM_00006,WP_044393615.1,DAKCFMEO_04472,WP_044393615.1,FALSE,,,TRUE,FALSE,FALSE
4407,DAKCFMEO_04473,BJEIHDPM_00005,WP_011104863.1,DAKCFMEO_04473,WP_011104863.1,FALSE,,,TRUE,FALSE,FALSE
4408,DAKCFMEO_04474,BJEIHDPM_00004,WP_011104862.1,DAKCFMEO_04474,WP_011104862.1,FALSE,,,TRUE,FALSE,FALSE
4409,DAKCFMEO_04475,BJEIHDPM_00003,WP_005767488.1,DAKCFMEO_04475,WP_005767488.1,FALSE,,,TRUE,FALSE,FALSE
4410,DAKCFMEO_04476,BJEIHDPM_00002,WP_005619903.1,DAKCFMEO_04476,WP_005619903.1,TRUE,p25_in_GeneB__dc_in_GeneA,OG0001202,TRUE,TRUE,TRUE
4411,DAKCFMEO_04477,BJEIHDPM_00001,WP_011104861.1,DAKCFMEO_04477,WP_011104861.1,TRUE,p25_in_GeneB__dc_in_GeneA,OG0003540,TRUE,TRUE,TRUE
4412,DAKCFMEO_04479,BJEIHDPM_02567,WP_005763940.1,DAKCFMEO_04479,WP_005763940.1,TRUE,p25_in_GeneB__dc_in_GeneA,OG0001503,TRUE,TRUE,TRUE
4413,DAKCFMEO_04480,BJEIHDPM_03509,WP_011104680.1,DAKCFMEO_04480,WP_011104680.1,FALSE,,,TRUE,FALSE,FALSE
4414,DAKCFMEO_04481,BJEIHDPM_01458,WP_044390209.1,DAKCFMEO_04481,WP_044390209.1,FALSE,,,TRUE,FALSE,FALSE
4415,DAKCFMEO_04483,BJEIHDPM_00091,WP_011104667.1,DAKCFMEO_04483,WP_011104667.1,TRUE,p25_in_GeneB__dc_in_GeneA,OG0003469,TRUE,TRUE,TRUE
4416,DAKCFMEO_04484,BJEIHDPM_04754,,DAKCFMEO_04484,NA,FALSE,,,FALSE,FALSE,FALSE
4417,DAKCFMEO_04485,BJEIHDPM_01501,WP_003376162.1,DAKCFMEO_04485,WP_003376162.1,TRUE,p25_in_GeneB__dc_in_GeneA,OG0000778,TRUE,TRUE,TRUE
4418,DAKCFMEO_04486,BJEIHDPM_05334,WP_046463288.1,DAKCFMEO_04486,WP_046463288.1,TRUE,p25_in_GeneB__dc_in_GeneA,OG0003928,TRUE,TRUE,TRUE
4419,DAKCFMEO_04487,BJEIHDPM_05333,,DAKCFMEO_04487,NA,FALSE,,,FALSE,FALSE,FALSE
4420,DAKCFMEO_04488,BJEIHDPM_05332,WP_011104741.1,DAKCFMEO_04488,WP_011104741.1,TRUE,p25_in_GeneB__dc_in_GeneA,OG0003503,TRUE,TRUE,TRUE
4421,DAKCFMEO_04489,BJEIHDPM_05331,,DAKCFMEO_04489,NA,FALSE,,,FALSE,FALSE,FALSE
4422,DAKCFMEO_04490,BJEIHDPM_05330,WP_011104663.1,DAKCFMEO_04490,WP_011104663.1,TRUE,p25_in_GeneB__dc_in_GeneA,OG0003468,TRUE,TRUE,TRUE
4423,DAKCFMEO_04491,BJEIHDPM_05329,WP_005765329.1,DAKCFMEO_04491,WP_005765329.1,TRUE,p25_in_GeneB__dc_in_GeneA,OG0001675,TRUE,TRUE,TRUE
4424,DAKCFMEO_04492,BJEIHDPM_05328,WP_046463289.1,DAKCFMEO_04492,WP_046463289.1,TRUE,p25_in_GeneB__dc_in_GeneA,OG0003929,TRUE,TRUE,TRUE
4425,DAKCFMEO_04493,BJEIHDPM_05327,WP_005765323.1,DAKCFMEO_04493,WP_005765323.1,TRUE,p25_in_GeneB__dc_in_GeneA,OG0001674,TRUE,TRUE,TRUE
4426,DAKCFMEO_04494,BJEIHDPM_05326,WP_011104661.1,DAKCFMEO_04494,WP_011104661.1,TRUE,p25_in_GeneB__dc_in_GeneA,OG0003467,TRUE,TRUE,TRUE
4427,DAKCFMEO_04495,BJEIHDPM_05325,WP_011104660.1,DAKCFMEO_04495,WP_011104660.1,TRUE,p25_in_GeneB__dc_in_GeneA,OG0003466,TRUE,TRUE,TRUE
4428,DAKCFMEO_04496,BJEIHDPM_05324,WP_005765316.1,DAKCFMEO_04496,WP_005765316.1,TRUE,p25_in_GeneB__dc_in_GeneA,OG0001673,TRUE,TRUE,TRUE
4429,DAKCFMEO_04497,BJEIHDPM_05323,WP_005765312.1,DAKCFMEO_04497,WP_005765312.1,TRUE,p25_in_GeneB__dc_in_GeneA,OG0001672,TRUE,TRUE,TRUE
4430,DAKCFMEO_04498,BJEIHDPM_05322,WP_011104658.1,DAKCFMEO_04498,WP_011104658.1,TRUE,p25_in_GeneB__dc_in_GeneA,OG0003465,TRUE,TRUE,TRUE
4431,DAKCFMEO_04499,BJEIHDPM_05321,WP_005767725.1,DAKCFMEO_04499,WP_005767725.1,FALSE,,,TRUE,FALSE,FALSE
4432,DAKCFMEO_04500,BJEIHDPM_05320,WP_005767727.1,DAKCFMEO_04500,WP_005767727.1,TRUE,p25_in_GeneB__dc_in_GeneA,OG0002009,TRUE,TRUE,TRUE
4433,DAKCFMEO_04501,BJEIHDPM_05319,,DAKCFMEO_04501,NA,FALSE,,,FALSE,FALSE,FALSE
4434,DAKCFMEO_04502,BJEIHDPM_05318,WP_005616592.1,DAKCFMEO_04502,WP_005616592.1,TRUE,p25_in_GeneB__dc_in_GeneA,OG0001164,TRUE,TRUE,TRUE
4435,DAKCFMEO_04503,BJEIHDPM_05317,WP_005767729.1,DAKCFMEO_04503,WP_005767729.1,TRUE,p25_in_GeneB__dc_in_GeneA,OG0002010,TRUE,TRUE,TRUE
4436,DAKCFMEO_04504,BJEIHDPM_05316,WP_005767731.1,DAKCFMEO_04504,WP_005767731.1,TRUE,p25_in_GeneB__dc_in_GeneA,OG0002011,TRUE,TRUE,TRUE
4437,DAKCFMEO_04505,BJEIHDPM_05315,WP_005740605.1,DAKCFMEO_04505,WP_005740605.1,TRUE,p25_in_GeneB__dc_in_GeneA,OG0001304,TRUE,TRUE,TRUE
4438,DAKCFMEO_04506,BJEIHDPM_05314,WP_007245081.1,DAKCFMEO_04506,WP_007245081.1,FALSE,,,TRUE,FALSE,FALSE
4439,DAKCFMEO_04507,BJEIHDPM_05313,WP_005767735.1,DAKCFMEO_04507,WP_005767735.1,FALSE,,,TRUE,FALSE,FALSE
4440,DAKCFMEO_04508,BJEIHDPM_05312,WP_005740602.1,DAKCFMEO_04508,WP_005740602.1,FALSE,,,TRUE,FALSE,FALSE
4441,DAKCFMEO_04509,BJEIHDPM_05311,WP_011103715.1,DAKCFMEO_04509,WP_011103715.1,TRUE,p25_in_GeneB__dc_in_GeneA,OG0003084,TRUE,TRUE,TRUE
4442,DAKCFMEO_04510,BJEIHDPM_05310,WP_005767739.1,DAKCFMEO_04510,WP_005767739.1,TRUE,p25_in_GeneB__dc_in_GeneA,OG0002012,TRUE,TRUE,TRUE
4443,DAKCFMEO_04511,BJEIHDPM_05309,WP_011103716.1,DAKCFMEO_04511,WP_011103716.1,FALSE,,,TRUE,FALSE,FALSE
4444,DAKCFMEO_04512,BJEIHDPM_05308,WP_005740596.1,DAKCFMEO_04512,WP_005740596.1,TRUE,p25_in_GeneB__dc_in_GeneA,OG0001303,TRUE,TRUE,TRUE
4445,DAKCFMEO_04513,BJEIHDPM_05307,WP_011103718.1,DAKCFMEO_04513,WP_011103718.1,TRUE,p25_in_GeneB__dc_in_GeneA,OG0003085,TRUE,TRUE,TRUE
4446,DAKCFMEO_04514,BJEIHDPM_05306,WP_005616608.1,DAKCFMEO_04514,WP_005616608.1,TRUE,p25_in_GeneB__dc_in_GeneA,OG0001165,TRUE,TRUE,TRUE
4447,DAKCFMEO_04515,BJEIHDPM_05305,WP_007245075.1,DAKCFMEO_04515,WP_007245075.1,TRUE,p25_in_GeneB__dc_in_GeneA,OG0002560,TRUE,TRUE,TRUE
4448,DAKCFMEO_04516,BJEIHDPM_05304,WP_161797808.1,DAKCFMEO_04516,WP_161797808.1,TRUE,p25_in_GeneB__dc_in_GeneA,OG0004100,TRUE,TRUE,TRUE
4449,DAKCFMEO_04517,BJEIHDPM_05303,WP_011103720.1,DAKCFMEO_04517,WP_011103720.1,TRUE,p25_in_GeneB__dc_in_GeneA,OG0003086,TRUE,TRUE,TRUE
4450,DAKCFMEO_04518,BJEIHDPM_05302,WP_005767754.1,DAKCFMEO_04518,WP_005767754.1,TRUE,p25_in_GeneB__dc_in_GeneA,OG0002013,TRUE,TRUE,TRUE
4451,DAKCFMEO_04519,BJEIHDPM_05301,WP_005767756.1,DAKCFMEO_04519,WP_005767756.1,TRUE,p25_in_GeneB__dc_in_GeneA,OG0002014,TRUE,TRUE,TRUE
4452,DAKCFMEO_04520,BJEIHDPM_05300,WP_011104657.1,DAKCFMEO_04520,WP_011104657.1,TRUE,p25_in_GeneB__dc_in_GeneA,OG0003464,TRUE,TRUE,TRUE
4453,DAKCFMEO_04521,BJEIHDPM_05299,WP_046463290.1,DAKCFMEO_04521,WP_046463290.1,TRUE,p25_in_GeneB__dc_in_GeneA,OG0003930,TRUE,TRUE,TRUE
4454,DAKCFMEO_04522,BJEIHDPM_05298,WP_011104655.1,DAKCFMEO_04522,WP_011104655.1,TRUE,p25_in_GeneB__dc_in_GeneA,OG0003463,TRUE,TRUE,TRUE
4455,DAKCFMEO_04523,BJEIHDPM_05297,WP_005765302.1,DAKCFMEO_04523,WP_005765302.1,TRUE,p25_in_GeneB__dc_in_GeneA,OG0001671,TRUE,TRUE,TRUE
4456,DAKCFMEO_04524,BJEIHDPM_05296,WP_005765300.1,DAKCFMEO_04524,WP_005765300.1,TRUE,p25_in_GeneB__dc_in_GeneA,OG0001670,TRUE,TRUE,TRUE
4457,DAKCFMEO_04525,BJEIHDPM_05295,WP_011104654.1,DAKCFMEO_04525,WP_011104654.1,TRUE,p25_in_GeneB__dc_in_GeneA,OG0003462,TRUE,TRUE,TRUE
4458,DAKCFMEO_04526,BJEIHDPM_05294,WP_003376124.1,DAKCFMEO_04526,WP_003376124.1,TRUE,p25_in_GeneB__dc_in_GeneA,OG0000777,TRUE,TRUE,TRUE
4459,DAKCFMEO_04527,BJEIHDPM_05293,WP_011104653.1,DAKCFMEO_04527,WP_011104653.1,TRUE,p25_in_GeneB__dc_in_GeneA,OG0003461,TRUE,TRUE,TRUE
4460,DAKCFMEO_04528,BJEIHDPM_05292,WP_011104652.1,DAKCFMEO_04528,WP_011104652.1,TRUE,p25_in_GeneB__dc_in_GeneA,OG0003460,TRUE,TRUE,TRUE
4461,DAKCFMEO_04529,BJEIHDPM_05291,WP_011104651.1,DAKCFMEO_04529,WP_011104651.1,TRUE,p25_in_GeneB__dc_in_GeneA,OG0003459,TRUE,TRUE,TRUE
4462,DAKCFMEO_04530,BJEIHDPM_05290,,DAKCFMEO_04530,NA,FALSE,,,FALSE,FALSE,FALSE
4463,DAKCFMEO_04531,BJEIHDPM_05289,WP_011104649.1,DAKCFMEO_04531,WP_011104649.1,TRUE,p25_in_GeneB__dc_in_GeneA,OG0003457,TRUE,TRUE,TRUE
4464,DAKCFMEO_04532,BJEIHDPM_05288,WP_011104648.1,DAKCFMEO_04532,WP_011104648.1,FALSE,,,TRUE,FALSE,FALSE
4465,DAKCFMEO_04533,BJEIHDPM_05287,WP_011104647.1,DAKCFMEO_04533,WP_011104647.1,TRUE,p25_in_GeneB__dc_in_GeneA,OG0003456,TRUE,TRUE,TRUE
4466,DAKCFMEO_04534,BJEIHDPM_05286,WP_002552818.1,DAKCFMEO_04534,WP_002552818.1,TRUE,p25_in_GeneB__dc_in_GeneA,OG0000658,TRUE,TRUE,TRUE
4467,DAKCFMEO_04535,BJEIHDPM_05285,WP_011104646.1,DAKCFMEO_04535,WP_011104646.1,TRUE,p25_in_GeneB__dc_in_GeneA,OG0003455,TRUE,TRUE,TRUE
4468,DAKCFMEO_04536,BJEIHDPM_05284,WP_011104644.1,DAKCFMEO_04536,WP_011104644.1,TRUE,p25_in_GeneB__dc_in_GeneA,OG0003454,TRUE,TRUE,TRUE
4469,DAKCFMEO_04537,BJEIHDPM_05283,WP_011104643.1,DAKCFMEO_04537,WP_011104643.1,TRUE,p25_in_GeneB__dc_in_GeneA,OG0003453,TRUE,TRUE,TRUE
4470,DAKCFMEO_04538,BJEIHDPM_05282,WP_005765268.1,DAKCFMEO_04538,WP_005765268.1,TRUE,p25_in_GeneB__dc_in_GeneA,OG0001669,TRUE,TRUE,TRUE
4471,DAKCFMEO_04539,BJEIHDPM_05281,WP_011104642.1,DAKCFMEO_04539,WP_011104642.1,TRUE,p25_in_GeneB__dc_in_GeneA,OG0003452,TRUE,TRUE,TRUE
4472,DAKCFMEO_04540,BJEIHDPM_05280,WP_003383046.1,DAKCFMEO_04540,WP_003383046.1,TRUE,p25_in_GeneB__dc_in_GeneA,OG0001045,TRUE,TRUE,TRUE
4473,DAKCFMEO_04541,BJEIHDPM_05279,WP_046463732.1,DAKCFMEO_04541,WP_046463732.1,TRUE,p25_in_GeneB__dc_in_GeneA,OG0004015,TRUE,TRUE,TRUE
4474,DAKCFMEO_04542,BJEIHDPM_05278,WP_007245274.1,DAKCFMEO_04542,WP_007245274.1,TRUE,p25_in_GeneB__dc_in_GeneA,OG0002566,TRUE,TRUE,TRUE
4475,DAKCFMEO_04543,BJEIHDPM_05277,WP_011104640.1,DAKCFMEO_04543,WP_011104640.1,TRUE,p25_in_GeneB__dc_in_GeneA,OG0003451,TRUE,TRUE,TRUE
4476,DAKCFMEO_04544,BJEIHDPM_05276,WP_005765259.1,DAKCFMEO_04544,WP_005765259.1,TRUE,p25_in_GeneB__dc_in_GeneA,OG0001668,TRUE,TRUE,TRUE
4477,DAKCFMEO_04545,BJEIHDPM_05275,WP_005765257.1,DAKCFMEO_04545,WP_005765257.1,TRUE,p25_in_GeneB__dc_in_GeneA,OG0001667,TRUE,TRUE,TRUE
4478,DAKCFMEO_04546,BJEIHDPM_05274,WP_005765255.1,DAKCFMEO_04546,WP_005765255.1,TRUE,p25_in_GeneB__dc_in_GeneA,OG0001666,TRUE,TRUE,TRUE
4479,DAKCFMEO_04547,BJEIHDPM_05273,WP_005765253.1,DAKCFMEO_04547,WP_005765253.1,TRUE,p25_in_GeneB__dc_in_GeneA,OG0001665,TRUE,TRUE,TRUE
4480,DAKCFMEO_04548,BJEIHDPM_05272,WP_005765251.1,DAKCFMEO_04548,WP_005765251.1,FALSE,,,TRUE,FALSE,FALSE
4481,DAKCFMEO_04549,BJEIHDPM_05271,WP_011104639.1,DAKCFMEO_04549,WP_011104639.1,TRUE,p25_in_GeneB__dc_in_GeneA,OG0003450,TRUE,TRUE,TRUE
4482,DAKCFMEO_04550,BJEIHDPM_05270,WP_046463733.1,DAKCFMEO_04550,WP_046463733.1,TRUE,p25_in_GeneB__dc_in_GeneA,OG0004016,TRUE,TRUE,TRUE
4483,DAKCFMEO_04551,BJEIHDPM_05269,WP_011104638.1,DAKCFMEO_04551,WP_011104638.1,TRUE,p25_in_GeneB__dc_in_GeneA,OG0003449,TRUE,TRUE,TRUE
4484,DAKCFMEO_04552,BJEIHDPM_05268,WP_011104637.1,DAKCFMEO_04552,WP_011104637.1,FALSE,,,TRUE,FALSE,FALSE
4485,DAKCFMEO_04553,BJEIHDPM_05267,WP_005619395.1,DAKCFMEO_04553,WP_005619395.1,TRUE,p25_in_GeneB__dc_in_GeneA,OG0001196,TRUE,TRUE,TRUE
4486,DAKCFMEO_04554,BJEIHDPM_05266,WP_011104636.1,DAKCFMEO_04554,WP_011104636.1,TRUE,p25_in_GeneB__dc_in_GeneA,OG0003448,TRUE,TRUE,TRUE
4487,DAKCFMEO_04555,BJEIHDPM_05265,WP_011104635.1,DAKCFMEO_04555,WP_011104635.1,TRUE,p25_in_GeneB__dc_in_GeneA,OG0003447,TRUE,TRUE,TRUE
4488,DAKCFMEO_04556,BJEIHDPM_05264,WP_003378219.1,DAKCFMEO_04556,WP_003378219.1,TRUE,p25_in_GeneB__dc_in_GeneA,OG0000864,TRUE,TRUE,TRUE
4489,DAKCFMEO_04557,BJEIHDPM_05263,WP_046463355.1,DAKCFMEO_04557,WP_046463355.1,FALSE,,,TRUE,FALSE,FALSE
4490,DAKCFMEO_04558,BJEIHDPM_05262,WP_011104633.1,DAKCFMEO_04558,WP_011104633.1,TRUE,p25_in_GeneB__dc_in_GeneA,OG0003446,TRUE,TRUE,TRUE
4491,DAKCFMEO_04559,BJEIHDPM_05261,WP_003378216.1,DAKCFMEO_04559,WP_003378216.1,FALSE,,,TRUE,FALSE,FALSE
4492,DAKCFMEO_04560,BJEIHDPM_05260,WP_011104627.1,DAKCFMEO_04560,WP_011104627.1,FALSE,,,TRUE,FALSE,FALSE
4493,DAKCFMEO_04561,BJEIHDPM_05259,WP_002554192.1,DAKCFMEO_04561,WP_002554192.1,FALSE,,,TRUE,FALSE,FALSE
4494,DAKCFMEO_04562,BJEIHDPM_05258,WP_003378210.1,DAKCFMEO_04562,WP_003378210.1,TRUE,p25_in_GeneB__dc_in_GeneA,OG0000863,TRUE,TRUE,TRUE
4495,DAKCFMEO_04563,BJEIHDPM_05257,WP_007245289.1,DAKCFMEO_04563,WP_007245289.1,TRUE,p25_in_GeneB__dc_in_GeneA,OG0002567,TRUE,TRUE,TRUE
4496,DAKCFMEO_04564,BJEIHDPM_05256,WP_007245290.1,DAKCFMEO_04564,WP_007245290.1,TRUE,p25_in_GeneB__dc_in_GeneA,OG0002568,TRUE,TRUE,TRUE
4497,DAKCFMEO_04565,BJEIHDPM_05255,WP_011104625.1,DAKCFMEO_04565,WP_011104625.1,TRUE,p25_in_GeneB__dc_in_GeneA,OG0003445,TRUE,TRUE,TRUE
4498,DAKCFMEO_04566,BJEIHDPM_05254,WP_005765224.1,DAKCFMEO_04566,WP_005765224.1,TRUE,p25_in_GeneB__dc_in_GeneA,OG0001664,TRUE,TRUE,TRUE
4499,DAKCFMEO_04567,BJEIHDPM_05253,WP_011104624.1,DAKCFMEO_04567,WP_011104624.1,TRUE,p25_in_GeneB__dc_in_GeneA,OG0003444,TRUE,TRUE,TRUE
4500,DAKCFMEO_04568,BJEIHDPM_05252,WP_005765220.1,DAKCFMEO_04568,WP_005765220.1,TRUE,p25_in_GeneB__dc_in_GeneA,OG0001663,TRUE,TRUE,TRUE
4501,DAKCFMEO_04569,BJEIHDPM_05251,,DAKCFMEO_04569,NA,FALSE,,,FALSE,FALSE,FALSE
4502,DAKCFMEO_04570,BJEIHDPM_05250,WP_005765215.1,DAKCFMEO_04570,WP_005765215.1,FALSE,,,TRUE,FALSE,FALSE
4503,DAKCFMEO_04571,BJEIHDPM_05249,,DAKCFMEO_04571,NA,FALSE,,,FALSE,FALSE,FALSE
4504,DAKCFMEO_04572,BJEIHDPM_05248,,DAKCFMEO_04572,NA,FALSE,,,FALSE,FALSE,FALSE
4505,DAKCFMEO_04573,BJEIHDPM_05247,,DAKCFMEO_04573,NA,FALSE,,,FALSE,FALSE,FALSE
4506,DAKCFMEO_04574,BJEIHDPM_05246,,DAKCFMEO_04574,NA,FALSE,,,FALSE,FALSE,FALSE
4507,DAKCFMEO_04575,BJEIHDPM_05245,WP_005765213.1,DAKCFMEO_04575,WP_005765213.1,TRUE,p25_in_GeneB__dc_in_GeneA,OG0001662,TRUE,TRUE,TRUE
4508,DAKCFMEO_04576,BJEIHDPM_05244,WP_005765211.1,DAKCFMEO_04576,WP_005765211.1,TRUE,p25_in_GeneB__dc_in_GeneA,OG0001661,TRUE,TRUE,TRUE
4509,DAKCFMEO_04577,BJEIHDPM_05243,WP_032710497.1,DAKCFMEO_04577,WP_032710497.1,TRUE,p25_in_GeneB__dc_in_GeneA,OG0003891,TRUE,TRUE,TRUE
4510,DAKCFMEO_04578,BJEIHDPM_05242,WP_011104623.1,DAKCFMEO_04578,WP_011104623.1,TRUE,p25_in_GeneB__dc_in_GeneA,OG0003443,TRUE,TRUE,TRUE
4511,DAKCFMEO_04579,BJEIHDPM_05241,,DAKCFMEO_04579,NA,FALSE,,,FALSE,FALSE,FALSE
4512,DAKCFMEO_04580,BJEIHDPM_05240,,DAKCFMEO_04580,NA,FALSE,,,FALSE,FALSE,FALSE
4513,DAKCFMEO_04581,BJEIHDPM_05239,,DAKCFMEO_04581,NA,FALSE,,,FALSE,FALSE,FALSE
4514,DAKCFMEO_04582,BJEIHDPM_05238,,DAKCFMEO_04582,NA,FALSE,,,FALSE,FALSE,FALSE
4515,DAKCFMEO_04583,BJEIHDPM_05237,,DAKCFMEO_04583,NA,FALSE,,,FALSE,FALSE,FALSE
4516,DAKCFMEO_04584,BJEIHDPM_05236,,DAKCFMEO_04584,NA,FALSE,,,FALSE,FALSE,FALSE
4517,DAKCFMEO_04585,BJEIHDPM_05235,,DAKCFMEO_04585,NA,FALSE,,,FALSE,FALSE,FALSE
4518,DAKCFMEO_04586,BJEIHDPM_05234,,DAKCFMEO_04586,NA,FALSE,,,FALSE,FALSE,FALSE
4519,DAKCFMEO_04587,BJEIHDPM_05233,,DAKCFMEO_04587,NA,FALSE,,,FALSE,FALSE,FALSE
4520,DAKCFMEO_04588,BJEIHDPM_05232,,DAKCFMEO_04588,NA,FALSE,,,FALSE,FALSE,FALSE
4521,DAKCFMEO_04589,BJEIHDPM_05231,,DAKCFMEO_04589,NA,FALSE,,,FALSE,FALSE,FALSE
4522,DAKCFMEO_04590,BJEIHDPM_05230,,DAKCFMEO_04590,NA,FALSE,,,FALSE,FALSE,FALSE
4523,DAKCFMEO_04591,BJEIHDPM_05229,WP_005619360.1,DAKCFMEO_04591,WP_005619360.1,TRUE,p25_in_GeneB__dc_in_GeneA,OG0001195,TRUE,TRUE,TRUE
4524,DAKCFMEO_04592,BJEIHDPM_05228,WP_011104622.1,DAKCFMEO_04592,WP_011104622.1,TRUE,p25_in_GeneB__dc_in_GeneA,OG0003442,TRUE,TRUE,TRUE
4525,DAKCFMEO_04593,BJEIHDPM_05227,WP_149032149.1,DAKCFMEO_04593,WP_149032149.1,TRUE,p25_in_GeneB__dc_in_GeneA,OG0004081,TRUE,TRUE,TRUE
4526,DAKCFMEO_04594,BJEIHDPM_05226,WP_011104620.1,DAKCFMEO_04594,WP_011104620.1,TRUE,p25_in_GeneB__dc_in_GeneA,OG0003441,TRUE,TRUE,TRUE
4527,DAKCFMEO_04595,BJEIHDPM_05225,,DAKCFMEO_04595,NA,FALSE,,,FALSE,FALSE,FALSE
4528,DAKCFMEO_04596,BJEIHDPM_05224,,DAKCFMEO_04596,NA,FALSE,,,FALSE,FALSE,FALSE
4529,DAKCFMEO_04597,BJEIHDPM_05223,,DAKCFMEO_04597,NA,FALSE,,,FALSE,FALSE,FALSE
4530,DAKCFMEO_04598,BJEIHDPM_05222,WP_005765198.1,DAKCFMEO_04598,WP_005765198.1,TRUE,p25_in_GeneB__dc_in_GeneA,OG0001660,TRUE,TRUE,TRUE
4531,DAKCFMEO_04599,BJEIHDPM_05221,,DAKCFMEO_04599,NA,FALSE,,,FALSE,FALSE,FALSE
4532,DAKCFMEO_04600,BJEIHDPM_05220,WP_032643380.1,DAKCFMEO_04600,WP_032643380.1,FALSE,,,TRUE,FALSE,FALSE
4533,DAKCFMEO_04601,BJEIHDPM_05219,,DAKCFMEO_04601,NA,FALSE,,,FALSE,FALSE,FALSE
4534,DAKCFMEO_04602,BJEIHDPM_05218,WP_011104619.1,DAKCFMEO_04602,WP_011104619.1,TRUE,p25_in_GeneB__dc_in_GeneA,OG0003440,TRUE,TRUE,TRUE
4535,DAKCFMEO_04603,BJEIHDPM_05217,WP_046463487.1,DAKCFMEO_04603,WP_046463487.1,FALSE,,,TRUE,FALSE,FALSE
4536,DAKCFMEO_04604,BJEIHDPM_05216,WP_046463492.1,DAKCFMEO_04604,WP_046463492.1,TRUE,p25_in_GeneB__dc_in_GeneA,OG0003980,TRUE,TRUE,TRUE
4537,DAKCFMEO_04605,BJEIHDPM_05215,WP_011104616.1,DAKCFMEO_04605,WP_011104616.1,FALSE,,,TRUE,FALSE,FALSE
4538,DAKCFMEO_04606,BJEIHDPM_05214,WP_010206379.1,DAKCFMEO_04606,WP_010206379.1,FALSE,,,TRUE,FALSE,FALSE
4539,DAKCFMEO_04607,BJEIHDPM_05213,WP_032622221.1,DAKCFMEO_04607,WP_032622221.1,TRUE,p25_in_GeneB__dc_in_GeneA,OG0003887,TRUE,TRUE,TRUE
4540,DAKCFMEO_04608,BJEIHDPM_05212,WP_011104615.1,DAKCFMEO_04608,WP_011104615.1,FALSE,,,TRUE,FALSE,FALSE
4541,DAKCFMEO_04609,BJEIHDPM_05211,WP_005765176.1,DAKCFMEO_04609,WP_005765176.1,FALSE,,,TRUE,FALSE,FALSE
4542,DAKCFMEO_04610,BJEIHDPM_05210,WP_005765174.1,DAKCFMEO_04610,WP_005765174.1,FALSE,,,TRUE,FALSE,FALSE
4543,DAKCFMEO_04611,BJEIHDPM_05209,,DAKCFMEO_04611,NA,FALSE,,,FALSE,FALSE,FALSE
4544,DAKCFMEO_04612,BJEIHDPM_05208,,DAKCFMEO_04612,NA,FALSE,,,FALSE,FALSE,FALSE
4545,DAKCFMEO_04613,BJEIHDPM_05207,WP_005765172.1,DAKCFMEO_04613,WP_005765172.1,FALSE,,,TRUE,FALSE,FALSE
4546,DAKCFMEO_04614,BJEIHDPM_05206,WP_005765169.1,DAKCFMEO_04614,WP_005765169.1,FALSE,,,TRUE,FALSE,FALSE
4547,DAKCFMEO_04615,BJEIHDPM_05205,WP_005765167.1,DAKCFMEO_04615,WP_005765167.1,TRUE,p25_in_GeneB__dc_in_GeneA,OG0001659,TRUE,TRUE,TRUE
4548,DAKCFMEO_04616,BJEIHDPM_05204,WP_005765165.1,DAKCFMEO_04616,WP_005765165.1,TRUE,p25_in_GeneB__dc_in_GeneA,OG0001658,TRUE,TRUE,TRUE
4549,DAKCFMEO_04617,BJEIHDPM_05203,WP_005765163.1,DAKCFMEO_04617,WP_005765163.1,FALSE,,,TRUE,FALSE,FALSE
4550,DAKCFMEO_04618,BJEIHDPM_05202,WP_011104612.1,DAKCFMEO_04618,WP_011104612.1,TRUE,p25_in_GeneB__dc_in_GeneA,OG0003439,TRUE,TRUE,TRUE
4551,DAKCFMEO_04619,BJEIHDPM_05201,,DAKCFMEO_04619,NA,FALSE,,,FALSE,FALSE,FALSE
4552,DAKCFMEO_04620,BJEIHDPM_05200,,DAKCFMEO_04620,NA,FALSE,,,FALSE,FALSE,FALSE
4553,DAKCFMEO_04621,BJEIHDPM_05199,,DAKCFMEO_04621,NA,FALSE,,,FALSE,FALSE,FALSE
4554,DAKCFMEO_04622,BJEIHDPM_05198,,DAKCFMEO_04622,NA,FALSE,,,FALSE,FALSE,FALSE
4555,DAKCFMEO_04623,BJEIHDPM_05197,,DAKCFMEO_04623,NA,FALSE,,,FALSE,FALSE,FALSE
4556,DAKCFMEO_04624,BJEIHDPM_05196,WP_002554157.1,DAKCFMEO_04624,WP_002554157.1,FALSE,,,TRUE,FALSE,FALSE
4557,DAKCFMEO_04625,BJEIHDPM_05195,WP_005765159.1,DAKCFMEO_04625,WP_005765159.1,FALSE,,,TRUE,FALSE,FALSE
4558,DAKCFMEO_04626,BJEIHDPM_05194,WP_007245315.1,DAKCFMEO_04626,WP_007245315.1,TRUE,p25_in_GeneB__dc_in_GeneA,OG0002569,TRUE,TRUE,TRUE
4559,DAKCFMEO_04627,BJEIHDPM_05193,WP_005765154.1,DAKCFMEO_04627,WP_005765154.1,TRUE,p25_in_GeneB__dc_in_GeneA,OG0001657,TRUE,TRUE,TRUE
4560,DAKCFMEO_04628,BJEIHDPM_05192,WP_011104610.1,DAKCFMEO_04628,WP_011104610.1,TRUE,p25_in_GeneB__dc_in_GeneA,OG0003438,TRUE,TRUE,TRUE
4561,DAKCFMEO_04629,BJEIHDPM_05191,WP_005765147.1,DAKCFMEO_04629,WP_005765147.1,FALSE,,,TRUE,FALSE,FALSE
4562,DAKCFMEO_04630,BJEIHDPM_05190,WP_005765145.1,DAKCFMEO_04630,WP_005765145.1,TRUE,p25_in_GeneB__dc_in_GeneA,OG0001656,TRUE,TRUE,TRUE
4563,DAKCFMEO_04631,BJEIHDPM_05189,,DAKCFMEO_04631,NA,FALSE,,,FALSE,FALSE,FALSE
4564,DAKCFMEO_04632,BJEIHDPM_05188,WP_011104608.1,DAKCFMEO_04632,WP_011104608.1,TRUE,p25_in_GeneB__dc_in_GeneA,OG0003437,TRUE,TRUE,TRUE
4565,DAKCFMEO_04633,BJEIHDPM_05187,WP_005765139.1,DAKCFMEO_04633,WP_005765139.1,FALSE,,,TRUE,FALSE,FALSE
4566,DAKCFMEO_04634,BJEIHDPM_05186,,DAKCFMEO_04634,NA,FALSE,,,FALSE,FALSE,FALSE
4567,DAKCFMEO_04635,BJEIHDPM_05185,WP_005765137.1,DAKCFMEO_04635,WP_005765137.1,FALSE,,,TRUE,FALSE,FALSE
4568,DAKCFMEO_04636,BJEIHDPM_05184,WP_005765135.1,DAKCFMEO_04636,WP_005765135.1,TRUE,p25_in_GeneB__dc_in_GeneA,OG0001655,TRUE,TRUE,TRUE
4569,DAKCFMEO_04637,BJEIHDPM_05183,WP_005765133.1,DAKCFMEO_04637,WP_005765133.1,TRUE,p25_in_GeneB__dc_in_GeneA,OG0001654,TRUE,TRUE,TRUE
4570,DAKCFMEO_04638,BJEIHDPM_05182,WP_011104606.1,DAKCFMEO_04638,WP_011104606.1,TRUE,p25_in_GeneB__dc_in_GeneA,OG0003436,TRUE,TRUE,TRUE
4571,DAKCFMEO_04639,BJEIHDPM_05181,WP_005765129.1,DAKCFMEO_04639,WP_005765129.1,TRUE,p25_in_GeneB__dc_in_GeneA,OG0001653,TRUE,TRUE,TRUE
4572,DAKCFMEO_04640,BJEIHDPM_05180,WP_011105323.1,DAKCFMEO_04640,WP_011105323.1,TRUE,p25_in_GeneB__dc_in_GeneA,OG0003718,TRUE,TRUE,TRUE
4573,DAKCFMEO_04641,BJEIHDPM_05179,WP_005765127.1,DAKCFMEO_04641,WP_005765127.1,TRUE,p25_in_GeneB__dc_in_GeneA,OG0001652,TRUE,TRUE,TRUE
4574,DAKCFMEO_04642,BJEIHDPM_05178,WP_005765125.1,DAKCFMEO_04642,WP_005765125.1,TRUE,p25_in_GeneB__dc_in_GeneA,OG0001651,TRUE,TRUE,TRUE
4575,DAKCFMEO_04643,BJEIHDPM_05177,,DAKCFMEO_04643,NA,FALSE,,,FALSE,FALSE,FALSE
4576,DAKCFMEO_04644,BJEIHDPM_05176,WP_005765123.1,DAKCFMEO_04644,WP_005765123.1,FALSE,,,TRUE,FALSE,FALSE
4577,DAKCFMEO_04645,BJEIHDPM_05175,WP_003378113.1,DAKCFMEO_04645,WP_003378113.1,TRUE,p25_in_GeneB__dc_in_GeneA,OG0000862,TRUE,TRUE,TRUE
4578,DAKCFMEO_04646,BJEIHDPM_05174,WP_003378111.1,DAKCFMEO_04646,WP_003378111.1,FALSE,,,TRUE,FALSE,FALSE
4579,DAKCFMEO_04647,BJEIHDPM_05173,WP_005765121.1,DAKCFMEO_04647,WP_005765121.1,TRUE,p25_in_GeneB__dc_in_GeneA,OG0001650,TRUE,TRUE,TRUE
4580,DAKCFMEO_04648,BJEIHDPM_05172,,DAKCFMEO_04648,NA,FALSE,,,FALSE,FALSE,FALSE
4581,DAKCFMEO_04649,BJEIHDPM_05171,WP_005765117.1,DAKCFMEO_04649,WP_005765117.1,TRUE,p25_in_GeneB__dc_in_GeneA,OG0001648,TRUE,TRUE,TRUE
4582,DAKCFMEO_04650,BJEIHDPM_05170,,DAKCFMEO_04650,NA,FALSE,,,FALSE,FALSE,FALSE
4583,DAKCFMEO_04651,BJEIHDPM_05169,WP_005765115.1,DAKCFMEO_04651,WP_005765115.1,FALSE,,,TRUE,FALSE,FALSE
4584,DAKCFMEO_04652,BJEIHDPM_05168,WP_011104604.1,DAKCFMEO_04652,WP_011104604.1,FALSE,,,TRUE,FALSE,FALSE
4585,DAKCFMEO_04653,BJEIHDPM_05167,WP_005765108.1,DAKCFMEO_04653,WP_005765108.1,TRUE,p25_in_GeneB__dc_in_GeneA,OG0001647,TRUE,TRUE,TRUE
4586,DAKCFMEO_04654,BJEIHDPM_05166,WP_005765105.1,DAKCFMEO_04654,WP_005765105.1,TRUE,p25_in_GeneB__dc_in_GeneA,OG0001646,TRUE,TRUE,TRUE
4587,DAKCFMEO_04655,BJEIHDPM_05165,WP_011104603.1,DAKCFMEO_04655,WP_011104603.1,TRUE,p25_in_GeneB__dc_in_GeneA,OG0003435,TRUE,TRUE,TRUE
4588,DAKCFMEO_04656,BJEIHDPM_05164,WP_005765101.1,DAKCFMEO_04656,WP_005765101.1,TRUE,p25_in_GeneB__dc_in_GeneA,OG0001645,TRUE,TRUE,TRUE
4589,DAKCFMEO_04657,BJEIHDPM_05163,WP_005765099.1,DAKCFMEO_04657,WP_005765099.1,TRUE,p25_in_GeneB__dc_in_GeneA,OG0001644,TRUE,TRUE,TRUE
4590,DAKCFMEO_04658,BJEIHDPM_05162,WP_011104602.1,DAKCFMEO_04658,WP_011104602.1,TRUE,p25_in_GeneB__dc_in_GeneA,OG0003434,TRUE,TRUE,TRUE
4591,DAKCFMEO_04659,BJEIHDPM_05161,WP_011104601.1,DAKCFMEO_04659,WP_011104601.1,TRUE,p25_in_GeneB__dc_in_GeneA,OG0003433,TRUE,TRUE,TRUE
4592,DAKCFMEO_04660,BJEIHDPM_05160,WP_011104600.1,DAKCFMEO_04660,WP_011104600.1,TRUE,p25_in_GeneB__dc_in_GeneA,OG0003432,TRUE,TRUE,TRUE
4593,DAKCFMEO_04661,BJEIHDPM_05159,WP_010204432.1,DAKCFMEO_04661,WP_010204432.1,TRUE,p25_in_GeneB__dc_in_GeneA,OG0002734,TRUE,TRUE,TRUE
4594,DAKCFMEO_04662,BJEIHDPM_05158,WP_011104599.1,DAKCFMEO_04662,WP_011104599.1,FALSE,,,TRUE,FALSE,FALSE
4595,DAKCFMEO_04663,BJEIHDPM_05157,WP_005765093.1,DAKCFMEO_04663,WP_005765093.1,TRUE,p25_in_GeneB__dc_in_GeneA,OG0001643,TRUE,TRUE,TRUE
4596,DAKCFMEO_04664,BJEIHDPM_05156,WP_005765091.1,DAKCFMEO_04664,WP_005765091.1,TRUE,p25_in_GeneB__dc_in_GeneA,OG0001642,TRUE,TRUE,TRUE
4597,DAKCFMEO_04665,BJEIHDPM_05155,WP_005765089.1,DAKCFMEO_04665,WP_005765089.1,TRUE,p25_in_GeneB__dc_in_GeneA,OG0001641,TRUE,TRUE,TRUE
4598,DAKCFMEO_04666,BJEIHDPM_05154,,DAKCFMEO_04666,NA,FALSE,,,FALSE,FALSE,FALSE
4599,DAKCFMEO_04667,BJEIHDPM_05153,WP_005765087.1,DAKCFMEO_04667,WP_005765087.1,TRUE,p25_in_GeneB__dc_in_GeneA,OG0001640,TRUE,TRUE,TRUE
4600,DAKCFMEO_04668,BJEIHDPM_05152,,DAKCFMEO_04668,NA,FALSE,,,FALSE,FALSE,FALSE
4601,DAKCFMEO_04669,BJEIHDPM_05151,WP_003378076.1,DAKCFMEO_04669,WP_003378076.1,FALSE,,,TRUE,FALSE,FALSE
4602,DAKCFMEO_04670,BJEIHDPM_05150,WP_011104598.1,DAKCFMEO_04670,WP_011104598.1,TRUE,p25_in_GeneB__dc_in_GeneA,OG0003431,TRUE,TRUE,TRUE
4603,DAKCFMEO_04671,BJEIHDPM_05149,WP_011104597.1,DAKCFMEO_04671,WP_011104597.1,TRUE,p25_in_GeneB__dc_in_GeneA,OG0003430,TRUE,TRUE,TRUE
4604,DAKCFMEO_04672,BJEIHDPM_05148,WP_007245346.1,DAKCFMEO_04672,WP_007245346.1,TRUE,p25_in_GeneB__dc_in_GeneA,OG0002570,TRUE,TRUE,TRUE
4605,DAKCFMEO_04673,BJEIHDPM_05147,WP_003378068.1,DAKCFMEO_04673,WP_003378068.1,TRUE,p25_in_GeneB__dc_in_GeneA,OG0000861,TRUE,TRUE,TRUE
4606,DAKCFMEO_04674,BJEIHDPM_05146,WP_011104596.1,DAKCFMEO_04674,WP_011104596.1,TRUE,p25_in_GeneB__dc_in_GeneA,OG0003429,TRUE,TRUE,TRUE
4607,DAKCFMEO_04675,BJEIHDPM_05145,WP_011104595.1,DAKCFMEO_04675,WP_011104595.1,TRUE,p25_in_GeneB__dc_in_GeneA,OG0003428,TRUE,TRUE,TRUE
4608,DAKCFMEO_04676,BJEIHDPM_05144,WP_007245350.1,DAKCFMEO_04676,WP_007245350.1,TRUE,p25_in_GeneB__dc_in_GeneA,OG0002571,TRUE,TRUE,TRUE
4609,DAKCFMEO_04677,BJEIHDPM_05143,WP_003380890.1,DAKCFMEO_04677,WP_003380890.1,TRUE,p25_in_GeneB__dc_in_GeneA,OG0000967,TRUE,TRUE,TRUE
4610,DAKCFMEO_04678,BJEIHDPM_05142,WP_011104593.1,DAKCFMEO_04678,WP_011104593.1,TRUE,p25_in_GeneB__dc_in_GeneA,OG0003427,TRUE,TRUE,TRUE
4611,DAKCFMEO_04679,BJEIHDPM_05141,WP_007245351.1,DAKCFMEO_04679,WP_007245351.1,TRUE,p25_in_GeneB__dc_in_GeneA,OG0002572,TRUE,TRUE,TRUE
4612,DAKCFMEO_04680,BJEIHDPM_05140,WP_003315798.1,DAKCFMEO_04680,WP_003315798.1,TRUE,p25_in_GeneB__dc_in_GeneA,OG0000740,TRUE,TRUE,TRUE
4613,DAKCFMEO_04681,BJEIHDPM_05139,WP_007245353.1,DAKCFMEO_04681,WP_007245353.1,TRUE,p25_in_GeneB__dc_in_GeneA,OG0002573,TRUE,TRUE,TRUE
4614,DAKCFMEO_04682,BJEIHDPM_05138,WP_002554100.1,DAKCFMEO_04682,WP_002554100.1,TRUE,p25_in_GeneB__dc_in_GeneA,OG0000669,TRUE,TRUE,TRUE
4615,DAKCFMEO_04683,BJEIHDPM_05137,WP_007245354.1,DAKCFMEO_04683,WP_007245354.1,TRUE,p25_in_GeneB__dc_in_GeneA,OG0002574,TRUE,TRUE,TRUE
4616,DAKCFMEO_04684,BJEIHDPM_05136,WP_011104591.1,DAKCFMEO_04684,WP_011104591.1,TRUE,p25_in_GeneB__dc_in_GeneA,OG0003426,TRUE,TRUE,TRUE
4617,DAKCFMEO_04685,BJEIHDPM_05135,WP_005765040.1,DAKCFMEO_04685,WP_005765040.1,FALSE,,,TRUE,FALSE,FALSE
4618,DAKCFMEO_04686,BJEIHDPM_05134,WP_011104590.1,DAKCFMEO_04686,WP_011104590.1,TRUE,p25_in_GeneB__dc_in_GeneA,OG0003425,TRUE,TRUE,TRUE
4619,DAKCFMEO_04687,BJEIHDPM_05133,,DAKCFMEO_04687,NA,FALSE,,,FALSE,FALSE,FALSE
4620,DAKCFMEO_04688,BJEIHDPM_05132,WP_010204659.1,DAKCFMEO_04688,WP_010204659.1,TRUE,p25_in_GeneB__dc_in_GeneA,OG0002736,TRUE,TRUE,TRUE
4621,DAKCFMEO_04689,BJEIHDPM_05131,WP_005765031.1,DAKCFMEO_04689,WP_005765031.1,TRUE,p25_in_GeneB__dc_in_GeneA,OG0001639,TRUE,TRUE,TRUE
4622,DAKCFMEO_04690,BJEIHDPM_05130,WP_005765028.1,DAKCFMEO_04690,WP_005765028.1,TRUE,p25_in_GeneB__dc_in_GeneA,OG0001638,TRUE,TRUE,TRUE
4623,DAKCFMEO_04691,BJEIHDPM_05129,WP_005619235.1,DAKCFMEO_04691,WP_005619235.1,TRUE,p25_in_GeneB__dc_in_GeneA,OG0001194,TRUE,TRUE,TRUE
4624,DAKCFMEO_04692,BJEIHDPM_05128,WP_011104589.1,DAKCFMEO_04692,WP_011104589.1,TRUE,p25_in_GeneB__dc_in_GeneA,OG0003424,TRUE,TRUE,TRUE
4625,DAKCFMEO_04693,BJEIHDPM_05127,WP_007245360.1,DAKCFMEO_04693,WP_007245360.1,TRUE,p25_in_GeneB__dc_in_GeneA,OG0002575,TRUE,TRUE,TRUE
4626,DAKCFMEO_04694,BJEIHDPM_05126,WP_005765020.1,DAKCFMEO_04694,WP_005765020.1,TRUE,p25_in_GeneB__dc_in_GeneA,OG0001637,TRUE,TRUE,TRUE
4627,DAKCFMEO_04695,BJEIHDPM_05125,WP_011104588.1,DAKCFMEO_04695,WP_011104588.1,FALSE,,,TRUE,FALSE,FALSE
4628,DAKCFMEO_04696,BJEIHDPM_05124,WP_005765016.1,DAKCFMEO_04696,WP_005765016.1,TRUE,p25_in_GeneB__dc_in_GeneA,OG0001636,TRUE,TRUE,TRUE
4629,DAKCFMEO_04697,BJEIHDPM_05123,WP_011104587.1,DAKCFMEO_04697,WP_011104587.1,TRUE,p25_in_GeneB__dc_in_GeneA,OG0003423,TRUE,TRUE,TRUE
4630,DAKCFMEO_04698,BJEIHDPM_05122,WP_005765011.1,DAKCFMEO_04698,WP_005765011.1,TRUE,p25_in_GeneB__dc_in_GeneA,OG0001635,TRUE,TRUE,TRUE
4631,DAKCFMEO_04699,BJEIHDPM_05121,WP_005765006.1,DAKCFMEO_04699,WP_005765006.1,TRUE,p25_in_GeneB__dc_in_GeneA,OG0001634,TRUE,TRUE,TRUE
4632,DAKCFMEO_04700,BJEIHDPM_05120,,DAKCFMEO_04700,NA,FALSE,,,FALSE,FALSE,FALSE
4633,DAKCFMEO_04701,BJEIHDPM_05119,WP_007246965.1,DAKCFMEO_04701,WP_007246965.1,FALSE,,,TRUE,FALSE,FALSE
4634,DAKCFMEO_04702,BJEIHDPM_05118,WP_011104585.1,DAKCFMEO_04702,WP_011104585.1,FALSE,,,TRUE,FALSE,FALSE
4635,DAKCFMEO_04703,BJEIHDPM_05117,WP_003380853.1,DAKCFMEO_04703,WP_003380853.1,FALSE,,,TRUE,FALSE,FALSE
4636,DAKCFMEO_04704,BJEIHDPM_05116,WP_003380850.1,DAKCFMEO_04704,WP_003380850.1,TRUE,p25_in_GeneB__dc_in_GeneA,OG0000966,TRUE,TRUE,TRUE
4637,DAKCFMEO_04705,BJEIHDPM_05115,WP_007246966.1,DAKCFMEO_04705,WP_007246966.1,TRUE,p25_in_GeneB__dc_in_GeneA,OG0002693,TRUE,TRUE,TRUE
4638,DAKCFMEO_04706,BJEIHDPM_05114,WP_046463563.1,DAKCFMEO_04706,WP_046463563.1,TRUE,p25_in_GeneB__dc_in_GeneA,OG0003997,TRUE,TRUE,TRUE
4639,DAKCFMEO_04707,BJEIHDPM_05113,WP_005771165.1,DAKCFMEO_04707,WP_005771165.1,TRUE,p25_in_GeneB__dc_in_GeneA,OG0002406,TRUE,TRUE,TRUE
4640,DAKCFMEO_04708,BJEIHDPM_05112,WP_005771167.1,DAKCFMEO_04708,WP_005771167.1,TRUE,p25_in_GeneB__dc_in_GeneA,OG0002407,TRUE,TRUE,TRUE
4641,DAKCFMEO_04709,BJEIHDPM_05111,WP_005771168.1,DAKCFMEO_04709,WP_005771168.1,TRUE,p25_in_GeneB__dc_in_GeneA,OG0002408,TRUE,TRUE,TRUE
4642,DAKCFMEO_04710,BJEIHDPM_05110,WP_005771169.1,DAKCFMEO_04710,WP_005771169.1,TRUE,p25_in_GeneB__dc_in_GeneA,OG0002409,TRUE,TRUE,TRUE
4643,DAKCFMEO_04711,BJEIHDPM_05109,WP_005771170.1,DAKCFMEO_04711,WP_005771170.1,TRUE,p25_in_GeneB__dc_in_GeneA,OG0002410,TRUE,TRUE,TRUE
4644,DAKCFMEO_04712,BJEIHDPM_05108,WP_005771172.1,DAKCFMEO_04712,WP_005771172.1,TRUE,p25_in_GeneB__dc_in_GeneA,OG0002411,TRUE,TRUE,TRUE
4645,DAKCFMEO_04713,BJEIHDPM_05107,WP_003380836.1,DAKCFMEO_04713,WP_003380836.1,TRUE,p25_in_GeneB__dc_in_GeneA,OG0000965,TRUE,TRUE,TRUE
4646,DAKCFMEO_04714,BJEIHDPM_05106,WP_011104576.1,DAKCFMEO_04714,WP_011104576.1,TRUE,p25_in_GeneB__dc_in_GeneA,OG0003422,TRUE,TRUE,TRUE
4647,DAKCFMEO_04715,BJEIHDPM_05105,WP_011104575.1,DAKCFMEO_04715,WP_011104575.1,TRUE,p25_in_GeneB__dc_in_GeneA,OG0003421,TRUE,TRUE,TRUE
4648,DAKCFMEO_04716,BJEIHDPM_05104,WP_005771176.1,DAKCFMEO_04716,WP_005771176.1,TRUE,p25_in_GeneB__dc_in_GeneA,OG0002412,TRUE,TRUE,TRUE
4649,DAKCFMEO_04717,BJEIHDPM_05103,WP_005771178.1,DAKCFMEO_04717,WP_005771178.1,TRUE,p25_in_GeneB__dc_in_GeneA,OG0002413,TRUE,TRUE,TRUE
4650,DAKCFMEO_04718,BJEIHDPM_05102,WP_007246973.1,DAKCFMEO_04718,WP_007246973.1,TRUE,p25_in_GeneB__dc_in_GeneA,OG0002694,TRUE,TRUE,TRUE
4651,DAKCFMEO_04719,BJEIHDPM_05101,WP_011104574.1,DAKCFMEO_04719,WP_011104574.1,TRUE,p25_in_GeneB__dc_in_GeneA,OG0003420,TRUE,TRUE,TRUE
4652,DAKCFMEO_04720,BJEIHDPM_05100,WP_011104573.1,DAKCFMEO_04720,WP_011104573.1,TRUE,p25_in_GeneB__dc_in_GeneA,OG0003419,TRUE,TRUE,TRUE
4653,DAKCFMEO_04721,BJEIHDPM_05099,WP_011104572.1,DAKCFMEO_04721,WP_011104572.1,TRUE,p25_in_GeneB__dc_in_GeneA,OG0003418,TRUE,TRUE,TRUE
4654,DAKCFMEO_04722,BJEIHDPM_05098,,DAKCFMEO_04722,NA,FALSE,,,FALSE,FALSE,FALSE
4655,DAKCFMEO_04723,BJEIHDPM_05097,WP_011104571.1,DAKCFMEO_04723,WP_011104571.1,TRUE,p25_in_GeneB__dc_in_GeneA,OG0003417,TRUE,TRUE,TRUE
4656,DAKCFMEO_04724,BJEIHDPM_05096,WP_011104570.1,DAKCFMEO_04724,WP_011104570.1,FALSE,,,TRUE,FALSE,FALSE
4657,DAKCFMEO_04725,BJEIHDPM_05095,WP_044390357.1,DAKCFMEO_04725,WP_044390357.1,TRUE,p25_in_GeneB__dc_in_GeneA,OG0003906,TRUE,TRUE,TRUE
4658,DAKCFMEO_04726,BJEIHDPM_05094,WP_011104568.1,DAKCFMEO_04726,WP_011104568.1,FALSE,,,TRUE,FALSE,FALSE
4659,DAKCFMEO_04727,BJEIHDPM_05093,WP_011104567.1,DAKCFMEO_04727,WP_011104567.1,TRUE,p25_in_GeneB__dc_in_GeneA,OG0003416,TRUE,TRUE,TRUE
4660,DAKCFMEO_04728,BJEIHDPM_05092,WP_011104566.1,DAKCFMEO_04728,WP_011104566.1,TRUE,p25_in_GeneB__dc_in_GeneA,OG0003415,TRUE,TRUE,TRUE
4661,DAKCFMEO_04729,BJEIHDPM_05091,,DAKCFMEO_04729,NA,FALSE,,,FALSE,FALSE,FALSE
4662,DAKCFMEO_04730,BJEIHDPM_05090,WP_007246984.1,DAKCFMEO_04730,WP_007246984.1,TRUE,p25_in_GeneB__dc_in_GeneA,OG0002695,TRUE,TRUE,TRUE
4663,DAKCFMEO_04731,BJEIHDPM_05089,WP_011104565.1,DAKCFMEO_04731,WP_011104565.1,TRUE,p25_in_GeneB__dc_in_GeneA,OG0003414,TRUE,TRUE,TRUE
4664,DAKCFMEO_04732,BJEIHDPM_05088,WP_003373184.1,DAKCFMEO_04732,WP_003373184.1,TRUE,p25_in_GeneB__dc_in_GeneA,OG0000758,TRUE,TRUE,TRUE
4665,DAKCFMEO_04733,BJEIHDPM_05087,WP_007246985.1,DAKCFMEO_04733,WP_007246985.1,FALSE,,,TRUE,FALSE,FALSE
4666,DAKCFMEO_04734,BJEIHDPM_05086,WP_005771197.1,DAKCFMEO_04734,WP_005771197.1,TRUE,p25_in_GeneB__dc_in_GeneA,OG0002414,TRUE,TRUE,TRUE
4667,DAKCFMEO_04735,BJEIHDPM_05085,WP_007246986.1,DAKCFMEO_04735,WP_007246986.1,FALSE,,,TRUE,FALSE,FALSE
4668,DAKCFMEO_04736,BJEIHDPM_05084,,DAKCFMEO_04736,NA,FALSE,,,FALSE,FALSE,FALSE
4669,DAKCFMEO_04737,BJEIHDPM_05083,WP_005771200.1,DAKCFMEO_04737,WP_005771200.1,TRUE,p25_in_GeneB__dc_in_GeneA,OG0002415,TRUE,TRUE,TRUE
4670,DAKCFMEO_04738,BJEIHDPM_05082,WP_005771202.1,DAKCFMEO_04738,WP_005771202.1,TRUE,p25_in_GeneB__dc_in_GeneA,OG0002416,TRUE,TRUE,TRUE
4671,DAKCFMEO_04739,BJEIHDPM_05081,WP_005771203.1,DAKCFMEO_04739,WP_005771203.1,TRUE,p25_in_GeneB__dc_in_GeneA,OG0002417,TRUE,TRUE,TRUE
4672,DAKCFMEO_04740,BJEIHDPM_05080,WP_011104564.1,DAKCFMEO_04740,WP_011104564.1,TRUE,p25_in_GeneB__dc_in_GeneA,OG0003413,TRUE,TRUE,TRUE
4673,DAKCFMEO_04741,BJEIHDPM_05079,WP_011104563.1,DAKCFMEO_04741,WP_011104563.1,TRUE,p25_in_GeneB__dc_in_GeneA,OG0003412,TRUE,TRUE,TRUE
4674,DAKCFMEO_04742,BJEIHDPM_05078,,DAKCFMEO_04742,NA,FALSE,,,FALSE,FALSE,FALSE
4675,DAKCFMEO_04743,BJEIHDPM_05077,WP_011104562.1,DAKCFMEO_04743,WP_011104562.1,TRUE,p25_in_GeneB__dc_in_GeneA,OG0003411,TRUE,TRUE,TRUE
4676,DAKCFMEO_04744,BJEIHDPM_05076,WP_011104561.1,DAKCFMEO_04744,WP_011104561.1,TRUE,p25_in_GeneB__dc_in_GeneA,OG0003410,TRUE,TRUE,TRUE
4677,DAKCFMEO_04745,BJEIHDPM_05075,WP_005760598.1,DAKCFMEO_04745,WP_005760598.1,TRUE,p25_in_GeneB__dc_in_GeneA,OG0001306,TRUE,TRUE,TRUE
4678,DAKCFMEO_04746,BJEIHDPM_05074,,DAKCFMEO_04746,NA,FALSE,,,FALSE,FALSE,FALSE
4679,DAKCFMEO_04747,BJEIHDPM_05073,WP_011104560.1,DAKCFMEO_04747,WP_011104560.1,TRUE,p25_in_GeneB__dc_in_GeneA,OG0003409,TRUE,TRUE,TRUE
4680,DAKCFMEO_04748,BJEIHDPM_05072,WP_011104559.1,DAKCFMEO_04748,WP_011104559.1,TRUE,p25_in_GeneB__dc_in_GeneA,OG0003408,TRUE,TRUE,TRUE
4681,DAKCFMEO_04749,BJEIHDPM_05071,WP_010216700.1,DAKCFMEO_04749,WP_010216700.1,TRUE,p25_in_GeneB__dc_in_GeneA,OG0002758,TRUE,TRUE,TRUE
4682,DAKCFMEO_04750,BJEIHDPM_05070,WP_046463565.1,DAKCFMEO_04750,WP_046463565.1,TRUE,p25_in_GeneB__dc_in_GeneA,OG0003998,TRUE,TRUE,TRUE
4683,DAKCFMEO_04751,BJEIHDPM_05069,WP_011104557.1,DAKCFMEO_04751,WP_011104557.1,TRUE,p25_in_GeneB__dc_in_GeneA,OG0003407,TRUE,TRUE,TRUE
4684,DAKCFMEO_04752,BJEIHDPM_05068,,DAKCFMEO_04752,NA,FALSE,,,FALSE,FALSE,FALSE
4685,DAKCFMEO_04753,BJEIHDPM_05067,WP_011104556.1,DAKCFMEO_04753,WP_011104556.1,FALSE,,,TRUE,FALSE,FALSE
4686,DAKCFMEO_04754,BJEIHDPM_05066,WP_011104555.1,DAKCFMEO_04754,WP_011104555.1,TRUE,p25_in_GeneB__dc_in_GeneA,OG0003406,TRUE,TRUE,TRUE
4687,DAKCFMEO_04755,BJEIHDPM_05065,WP_011104554.1,DAKCFMEO_04755,WP_011104554.1,TRUE,p25_in_GeneB__dc_in_GeneA,OG0003405,TRUE,TRUE,TRUE
4688,DAKCFMEO_04756,BJEIHDPM_05064,,DAKCFMEO_04756,NA,FALSE,,,FALSE,FALSE,FALSE
4689,DAKCFMEO_04757,BJEIHDPM_01131,WP_007243745.1,DAKCFMEO_04757,WP_007243745.1,FALSE,,,TRUE,FALSE,FALSE
4690,DAKCFMEO_04758,BJEIHDPM_01132,WP_011105053.1,DAKCFMEO_04758,WP_011105053.1,FALSE,,,TRUE,FALSE,FALSE
4691,DAKCFMEO_04759,BJEIHDPM_01133,WP_003395104.1,DAKCFMEO_04759,WP_003395104.1,TRUE,p25_in_GeneB__dc_in_GeneA,OG0001062,TRUE,TRUE,TRUE
4692,DAKCFMEO_04760,BJEIHDPM_01134,WP_011105055.1,DAKCFMEO_04760,WP_011105055.1,TRUE,p25_in_GeneB__dc_in_GeneA,OG0003622,TRUE,TRUE,TRUE
4693,DAKCFMEO_04761,BJEIHDPM_01135,WP_005769371.1,DAKCFMEO_04761,WP_005769371.1,TRUE,p25_in_GeneB__dc_in_GeneA,OG0002197,TRUE,TRUE,TRUE
4694,DAKCFMEO_04762,BJEIHDPM_01136,WP_044393109.1,DAKCFMEO_04762,WP_044393109.1,TRUE,p25_in_GeneB__dc_in_GeneA,OG0003921,TRUE,TRUE,TRUE
4695,DAKCFMEO_04763,BJEIHDPM_01137,WP_011105057.1,DAKCFMEO_04763,WP_011105057.1,FALSE,,,TRUE,FALSE,FALSE
4696,DAKCFMEO_04764,BJEIHDPM_01138,WP_011105058.1,DAKCFMEO_04764,WP_011105058.1,FALSE,,,TRUE,FALSE,FALSE
4697,DAKCFMEO_04765,BJEIHDPM_01139,WP_011105059.1,DAKCFMEO_04765,WP_011105059.1,FALSE,,,TRUE,FALSE,FALSE
4698,DAKCFMEO_04766,BJEIHDPM_01140,WP_005769381.1,DAKCFMEO_04766,WP_005769381.1,TRUE,p25_in_GeneB__dc_in_GeneA,OG0002198,TRUE,TRUE,TRUE
4699,DAKCFMEO_04767,BJEIHDPM_01141,WP_005769383.1,DAKCFMEO_04767,WP_005769383.1,FALSE,,,TRUE,FALSE,FALSE
4700,DAKCFMEO_04768,BJEIHDPM_01142,WP_005769384.1,DAKCFMEO_04768,WP_005769384.1,TRUE,p25_in_GeneB__dc_in_GeneA,OG0002199,TRUE,TRUE,TRUE
4701,DAKCFMEO_04769,BJEIHDPM_01143,WP_007243753.1,DAKCFMEO_04769,WP_007243753.1,TRUE,p25_in_GeneB__dc_in_GeneA,OG0002473,TRUE,TRUE,TRUE
4702,DAKCFMEO_04770,BJEIHDPM_01144,WP_011105060.1,DAKCFMEO_04770,WP_011105060.1,TRUE,p25_in_GeneB__dc_in_GeneA,OG0003623,TRUE,TRUE,TRUE
4703,DAKCFMEO_04771,BJEIHDPM_01145,,DAKCFMEO_04771,NA,FALSE,,,FALSE,FALSE,FALSE
4704,DAKCFMEO_04772,BJEIHDPM_01146,WP_046463395.1,DAKCFMEO_04772,WP_046463395.1,TRUE,p25_in_GeneB__dc_in_GeneA,OG0003959,TRUE,TRUE,TRUE
4705,DAKCFMEO_04773,BJEIHDPM_01147,,DAKCFMEO_04773,NA,FALSE,,,FALSE,FALSE,FALSE
4706,DAKCFMEO_04774,BJEIHDPM_01148,,DAKCFMEO_04774,NA,FALSE,,,FALSE,FALSE,FALSE
4707,DAKCFMEO_04775,BJEIHDPM_01149,,DAKCFMEO_04775,NA,FALSE,,,FALSE,FALSE,FALSE
4708,DAKCFMEO_04776,BJEIHDPM_01150,WP_005769400.1,DAKCFMEO_04776,WP_005769400.1,TRUE,p25_in_GeneB__dc_in_GeneA,OG0002200,TRUE,TRUE,TRUE
4709,DAKCFMEO_04777,BJEIHDPM_01151,,DAKCFMEO_04777,NA,FALSE,,,FALSE,FALSE,FALSE
4710,DAKCFMEO_04778,BJEIHDPM_01152,WP_003368676.1,DAKCFMEO_04778,WP_003368676.1,TRUE,p25_in_GeneB__dc_in_GeneA,OG0000757,TRUE,TRUE,TRUE
4711,DAKCFMEO_04779,BJEIHDPM_01153,WP_003400010.1,DAKCFMEO_04779,WP_003400010.1,TRUE,p25_in_GeneB__dc_in_GeneA,OG0001064,TRUE,TRUE,TRUE
4712,DAKCFMEO_04780,BJEIHDPM_01154,WP_005771655.1,DAKCFMEO_04780,WP_005771655.1,TRUE,p25_in_GeneB__dc_in_GeneA,OG0002452,TRUE,TRUE,TRUE
4713,DAKCFMEO_04781,BJEIHDPM_01155,WP_011105067.1,DAKCFMEO_04781,WP_011105067.1,TRUE,p25_in_GeneB__dc_in_GeneA,OG0003625,TRUE,TRUE,TRUE
4714,DAKCFMEO_04782,BJEIHDPM_01156,WP_011105068.1,DAKCFMEO_04782,WP_011105068.1,TRUE,p25_in_GeneB__dc_in_GeneA,OG0003626,TRUE,TRUE,TRUE
4715,DAKCFMEO_04783,BJEIHDPM_01157,WP_011105110.1,DAKCFMEO_04783,WP_011105110.1,TRUE,p25_in_GeneB__dc_in_GeneA,OG0003639,TRUE,TRUE,TRUE
4716,DAKCFMEO_04784,BJEIHDPM_01158,,DAKCFMEO_04784,NA,FALSE,,,FALSE,FALSE,FALSE
4717,DAKCFMEO_04785,BJEIHDPM_01159,,DAKCFMEO_04785,NA,FALSE,,,FALSE,FALSE,FALSE
4718,DAKCFMEO_04786,BJEIHDPM_01160,WP_046463347.1,DAKCFMEO_04786,WP_046463347.1,TRUE,p25_in_GeneB__dc_in_GeneA,OG0003950,TRUE,TRUE,TRUE
4719,DAKCFMEO_04787,BJEIHDPM_01161,WP_011105112.1,DAKCFMEO_04787,WP_011105112.1,TRUE,p25_in_GeneB__dc_in_GeneA,OG0003640,TRUE,TRUE,TRUE
4720,DAKCFMEO_04788,BJEIHDPM_01162,WP_046463346.1,DAKCFMEO_04788,WP_046463346.1,TRUE,p25_in_GeneB__dc_in_GeneA,OG0003949,TRUE,TRUE,TRUE
4721,DAKCFMEO_04789,BJEIHDPM_01163,WP_005770243.1,DAKCFMEO_04789,WP_005770243.1,TRUE,p25_in_GeneB__dc_in_GeneA,OG0002305,TRUE,TRUE,TRUE
4722,DAKCFMEO_04790,BJEIHDPM_01164,WP_005770245.1,DAKCFMEO_04790,WP_005770245.1,TRUE,p25_in_GeneB__dc_in_GeneA,OG0002306,TRUE,TRUE,TRUE
4723,DAKCFMEO_04791,BJEIHDPM_01165,,DAKCFMEO_04791,NA,FALSE,,,FALSE,FALSE,FALSE
4724,DAKCFMEO_04792,BJEIHDPM_01166,WP_011105501.1,DAKCFMEO_04792,WP_011105501.1,FALSE,,,TRUE,FALSE,FALSE
4725,DAKCFMEO_04793,BJEIHDPM_01167,WP_011105503.1,DAKCFMEO_04793,WP_011105503.1,TRUE,p25_in_GeneB__dc_in_GeneA,OG0003791,TRUE,TRUE,TRUE
4726,DAKCFMEO_04794,BJEIHDPM_01168,,DAKCFMEO_04794,NA,FALSE,,,FALSE,FALSE,FALSE
4727,DAKCFMEO_04795,BJEIHDPM_01169,WP_005763938.1,DAKCFMEO_04795,WP_005763938.1,TRUE,p25_in_GeneB__dc_in_GeneA,OG0001502,TRUE,TRUE,TRUE
4728,DAKCFMEO_04796,BJEIHDPM_01170,,DAKCFMEO_04796,NA,FALSE,,,FALSE,FALSE,FALSE
4729,DAKCFMEO_04797,BJEIHDPM_01171,WP_011105140.1,DAKCFMEO_04797,WP_011105140.1,FALSE,,,TRUE,FALSE,FALSE
4730,DAKCFMEO_04798,BJEIHDPM_01172,,DAKCFMEO_04798,NA,FALSE,,,FALSE,FALSE,FALSE
4731,DAKCFMEO_04799,BJEIHDPM_01173,WP_003376614.1,DAKCFMEO_04799,WP_003376614.1,TRUE,p25_in_GeneB__dc_in_GeneA,OG0000794,TRUE,TRUE,TRUE
4732,DAKCFMEO_04800,BJEIHDPM_01174,WP_005763294.1,DAKCFMEO_04800,WP_005763294.1,TRUE,p25_in_GeneB__dc_in_GeneA,OG0001429,TRUE,TRUE,TRUE
4733,DAKCFMEO_04801,BJEIHDPM_01175,,DAKCFMEO_04801,NA,FALSE,,,FALSE,FALSE,FALSE
4734,DAKCFMEO_04802,BJEIHDPM_01176,WP_003376607.1,DAKCFMEO_04802,WP_003376607.1,TRUE,p25_in_GeneB__dc_in_GeneA,OG0000793,TRUE,TRUE,TRUE
4735,DAKCFMEO_04803,BJEIHDPM_01177,WP_161797784.1,DAKCFMEO_04803,WP_161797784.1,TRUE,p25_in_GeneB__dc_in_GeneA,OG0004094,TRUE,TRUE,TRUE
4736,DAKCFMEO_04804,BJEIHDPM_01178,WP_003376603.1,DAKCFMEO_04804,WP_003376603.1,TRUE,p25_in_GeneB__dc_in_GeneA,OG0000792,TRUE,TRUE,TRUE
4737,DAKCFMEO_04805,BJEIHDPM_01179,,DAKCFMEO_04805,NA,FALSE,,,FALSE,FALSE,FALSE
4738,DAKCFMEO_04806,BJEIHDPM_01180,WP_005763284.1,DAKCFMEO_04806,WP_005763284.1,TRUE,p25_in_GeneB__dc_in_GeneA,OG0001427,TRUE,TRUE,TRUE
4739,DAKCFMEO_04807,BJEIHDPM_01181,WP_011105183.1,DAKCFMEO_04807,WP_011105183.1,TRUE,p25_in_GeneB__dc_in_GeneA,OG0003646,TRUE,TRUE,TRUE
4740,DAKCFMEO_04808,BJEIHDPM_01182,WP_005763279.1,DAKCFMEO_04808,WP_005763279.1,TRUE,p25_in_GeneB__dc_in_GeneA,OG0001426,TRUE,TRUE,TRUE
4741,DAKCFMEO_04809,BJEIHDPM_01183,,DAKCFMEO_04809,NA,FALSE,,,FALSE,FALSE,FALSE
4742,DAKCFMEO_04810,BJEIHDPM_01184,,DAKCFMEO_04810,NA,FALSE,,,FALSE,FALSE,FALSE
4743,DAKCFMEO_04811,BJEIHDPM_01185,WP_007243834.1,DAKCFMEO_04811,WP_007243834.1,TRUE,p25_in_GeneB__dc_in_GeneA,OG0002476,TRUE,TRUE,TRUE
4744,DAKCFMEO_04812,BJEIHDPM_01186,WP_003376593.1,DAKCFMEO_04812,WP_003376593.1,TRUE,p25_in_GeneB__dc_in_GeneA,OG0000791,TRUE,TRUE,TRUE
4745,DAKCFMEO_04813,BJEIHDPM_01187,WP_003376591.1,DAKCFMEO_04813,WP_003376591.1,TRUE,p25_in_GeneB__dc_in_GeneA,OG0000790,TRUE,TRUE,TRUE
4746,DAKCFMEO_04814,BJEIHDPM_01188,WP_005620645.1,DAKCFMEO_04814,WP_005620645.1,TRUE,p25_in_GeneB__dc_in_GeneA,OG0001220,TRUE,TRUE,TRUE
4747,DAKCFMEO_04815,BJEIHDPM_01189,WP_005763270.1,DAKCFMEO_04815,WP_005763270.1,TRUE,p25_in_GeneB__dc_in_GeneA,OG0001425,TRUE,TRUE,TRUE
4748,DAKCFMEO_04816,BJEIHDPM_01190,WP_011105185.1,DAKCFMEO_04816,WP_011105185.1,TRUE,p25_in_GeneB__dc_in_GeneA,OG0003647,TRUE,TRUE,TRUE
4749,DAKCFMEO_04817,BJEIHDPM_01191,WP_007243836.1,DAKCFMEO_04817,WP_007243836.1,TRUE,p25_in_GeneB__dc_in_GeneA,OG0002477,TRUE,TRUE,TRUE
4750,DAKCFMEO_04818,BJEIHDPM_01192,WP_011105186.1,DAKCFMEO_04818,WP_011105186.1,TRUE,p25_in_GeneB__dc_in_GeneA,OG0003648,TRUE,TRUE,TRUE
4751,DAKCFMEO_04819,BJEIHDPM_01193,WP_011105187.1,DAKCFMEO_04819,WP_011105187.1,TRUE,p25_in_GeneB__dc_in_GeneA,OG0003649,TRUE,TRUE,TRUE
4752,DAKCFMEO_04820,BJEIHDPM_01194,WP_011105188.1,DAKCFMEO_04820,WP_011105188.1,TRUE,p25_in_GeneB__dc_in_GeneA,OG0003650,TRUE,TRUE,TRUE
4753,DAKCFMEO_04821,BJEIHDPM_01195,WP_011105190.1,DAKCFMEO_04821,WP_011105190.1,TRUE,p25_in_GeneB__dc_in_GeneA,OG0003651,TRUE,TRUE,TRUE
4754,DAKCFMEO_04822,BJEIHDPM_01196,WP_005763254.1,DAKCFMEO_04822,WP_005763254.1,TRUE,p25_in_GeneB__dc_in_GeneA,OG0001424,TRUE,TRUE,TRUE
4755,DAKCFMEO_04823,BJEIHDPM_01197,WP_011105191.1,DAKCFMEO_04823,WP_011105191.1,TRUE,p25_in_GeneB__dc_in_GeneA,OG0003652,TRUE,TRUE,TRUE
4756,DAKCFMEO_04824,BJEIHDPM_01198,WP_011105192.1,DAKCFMEO_04824,WP_011105192.1,TRUE,p25_in_GeneB__dc_in_GeneA,OG0003653,TRUE,TRUE,TRUE
4757,DAKCFMEO_04825,BJEIHDPM_01199,,DAKCFMEO_04825,NA,FALSE,,,FALSE,FALSE,FALSE
4758,DAKCFMEO_04826,BJEIHDPM_01200,WP_005763123.1,DAKCFMEO_04826,WP_005763123.1,TRUE,p25_in_GeneB__dc_in_GeneA,OG0001404,TRUE,TRUE,TRUE
4759,DAKCFMEO_04827,BJEIHDPM_01201,WP_011105217.1,DAKCFMEO_04827,WP_011105217.1,FALSE,,,TRUE,FALSE,FALSE
4760,DAKCFMEO_04828,BJEIHDPM_01202,WP_005763119.1,DAKCFMEO_04828,WP_005763119.1,TRUE,p25_in_GeneB__dc_in_GeneA,OG0001403,TRUE,TRUE,TRUE
4761,DAKCFMEO_04829,BJEIHDPM_01203,,DAKCFMEO_04829,NA,FALSE,,,FALSE,FALSE,FALSE
4762,DAKCFMEO_04830,BJEIHDPM_01205,,DAKCFMEO_04830,NA,FALSE,,,FALSE,FALSE,FALSE
4763,DAKCFMEO_04831,BJEIHDPM_01206,WP_011105219.1,DAKCFMEO_04831,WP_011105219.1,TRUE,p25_in_GeneB__dc_in_GeneA,OG0003669,TRUE,TRUE,TRUE
4764,DAKCFMEO_04832,BJEIHDPM_01207,WP_005763115.1,DAKCFMEO_04832,WP_005763115.1,TRUE,p25_in_GeneB__dc_in_GeneA,OG0001402,TRUE,TRUE,TRUE
4765,DAKCFMEO_04833,BJEIHDPM_01208,WP_011105220.1,DAKCFMEO_04833,WP_011105220.1,TRUE,p25_in_GeneB__dc_in_GeneA,OG0003670,TRUE,TRUE,TRUE
4766,DAKCFMEO_04834,BJEIHDPM_01209,WP_003376420.1,DAKCFMEO_04834,WP_003376420.1,TRUE,p25_in_GeneB__dc_in_GeneA,OG0000787,TRUE,TRUE,TRUE
4767,DAKCFMEO_04835,BJEIHDPM_01210,WP_005763108.1,DAKCFMEO_04835,WP_005763108.1,TRUE,p25_in_GeneB__dc_in_GeneA,OG0001401,TRUE,TRUE,TRUE
4768,DAKCFMEO_04836,BJEIHDPM_01211,WP_005763106.1,DAKCFMEO_04836,WP_005763106.1,TRUE,p25_in_GeneB__dc_in_GeneA,OG0001400,TRUE,TRUE,TRUE
4769,DAKCFMEO_04837,BJEIHDPM_01212,WP_005763104.1,DAKCFMEO_04837,WP_005763104.1,TRUE,p25_in_GeneB__dc_in_GeneA,OG0001399,TRUE,TRUE,TRUE
4770,DAKCFMEO_04838,BJEIHDPM_01213,WP_011105221.1,DAKCFMEO_04838,WP_011105221.1,TRUE,p25_in_GeneB__dc_in_GeneA,OG0003671,TRUE,TRUE,TRUE
4771,DAKCFMEO_04839,BJEIHDPM_01214,WP_011105222.1,DAKCFMEO_04839,WP_011105222.1,TRUE,p25_in_GeneB__dc_in_GeneA,OG0003672,TRUE,TRUE,TRUE
4772,DAKCFMEO_04840,BJEIHDPM_01215,WP_005763098.1,DAKCFMEO_04840,WP_005763098.1,TRUE,p25_in_GeneB__dc_in_GeneA,OG0001398,TRUE,TRUE,TRUE
4773,DAKCFMEO_04841,BJEIHDPM_01216,WP_005763096.1,DAKCFMEO_04841,WP_005763096.1,FALSE,,,TRUE,FALSE,FALSE
4774,DAKCFMEO_04842,BJEIHDPM_01217,,DAKCFMEO_04842,NA,FALSE,,,FALSE,FALSE,FALSE
4775,DAKCFMEO_04843,BJEIHDPM_01218,WP_011105223.1,DAKCFMEO_04843,WP_011105223.1,FALSE,,,TRUE,FALSE,FALSE
4776,DAKCFMEO_04844,BJEIHDPM_01219,WP_005763092.1,DAKCFMEO_04844,WP_005763092.1,FALSE,,,TRUE,FALSE,FALSE
4777,DAKCFMEO_04845,BJEIHDPM_01220,WP_003376398.1,DAKCFMEO_04845,WP_003376398.1,TRUE,p25_in_GeneB__dc_in_GeneA,OG0000786,TRUE,TRUE,TRUE
4778,DAKCFMEO_04846,BJEIHDPM_01221,WP_011105224.1,DAKCFMEO_04846,WP_011105224.1,TRUE,p25_in_GeneB__dc_in_GeneA,OG0003673,TRUE,TRUE,TRUE
4779,DAKCFMEO_04847,BJEIHDPM_01222,WP_011105225.1,DAKCFMEO_04847,WP_011105225.1,TRUE,p25_in_GeneB__dc_in_GeneA,OG0003674,TRUE,TRUE,TRUE
4780,DAKCFMEO_04848,BJEIHDPM_01223,WP_011105226.1,DAKCFMEO_04848,WP_011105226.1,TRUE,p25_in_GeneB__dc_in_GeneA,OG0003675,TRUE,TRUE,TRUE
4781,DAKCFMEO_04849,BJEIHDPM_01224,WP_005763080.1,DAKCFMEO_04849,WP_005763080.1,TRUE,p25_in_GeneB__dc_in_GeneA,OG0001397,TRUE,TRUE,TRUE
4782,DAKCFMEO_04850,BJEIHDPM_01225,,DAKCFMEO_04850,NA,FALSE,,,FALSE,FALSE,FALSE
4783,DAKCFMEO_04851,BJEIHDPM_01226,WP_005763077.1,DAKCFMEO_04851,WP_005763077.1,TRUE,p25_in_GeneB__dc_in_GeneA,OG0001396,TRUE,TRUE,TRUE
4784,DAKCFMEO_04852,BJEIHDPM_01227,WP_003376387.1,DAKCFMEO_04852,WP_003376387.1,TRUE,p25_in_GeneB__dc_in_GeneA,OG0000785,TRUE,TRUE,TRUE
4785,DAKCFMEO_04853,BJEIHDPM_01228,WP_011105228.1,DAKCFMEO_04853,WP_011105228.1,TRUE,p25_in_GeneB__dc_in_GeneA,OG0003676,TRUE,TRUE,TRUE
4786,DAKCFMEO_04854,BJEIHDPM_01229,,DAKCFMEO_04854,NA,FALSE,,,FALSE,FALSE,FALSE
4787,DAKCFMEO_04855,BJEIHDPM_01230,WP_005763069.1,DAKCFMEO_04855,WP_005763069.1,TRUE,p25_in_GeneB__dc_in_GeneA,OG0001395,TRUE,TRUE,TRUE
4788,DAKCFMEO_04856,BJEIHDPM_01231,WP_007244624.1,DAKCFMEO_04856,WP_007244624.1,TRUE,p25_in_GeneB__dc_in_GeneA,OG0002529,TRUE,TRUE,TRUE
4789,DAKCFMEO_04857,BJEIHDPM_01232,WP_005763065.1,DAKCFMEO_04857,WP_005763065.1,TRUE,p25_in_GeneB__dc_in_GeneA,OG0001394,TRUE,TRUE,TRUE
4790,DAKCFMEO_04858,BJEIHDPM_01233,WP_003376376.1,DAKCFMEO_04858,WP_003376376.1,TRUE,p25_in_GeneB__dc_in_GeneA,OG0000784,TRUE,TRUE,TRUE
4791,DAKCFMEO_04859,BJEIHDPM_01234,WP_011105229.1,DAKCFMEO_04859,WP_011105229.1,TRUE,p25_in_GeneB__dc_in_GeneA,OG0003677,TRUE,TRUE,TRUE
4792,DAKCFMEO_04860,BJEIHDPM_01235,,DAKCFMEO_04860,NA,FALSE,,,FALSE,FALSE,FALSE
4793,DAKCFMEO_04861,BJEIHDPM_01236,WP_005763059.1,DAKCFMEO_04861,WP_005763059.1,TRUE,p25_in_GeneB__dc_in_GeneA,OG0001393,TRUE,TRUE,TRUE
4794,DAKCFMEO_04862,BJEIHDPM_01237,WP_005763057.1,DAKCFMEO_04862,WP_005763057.1,FALSE,,,TRUE,FALSE,FALSE
4795,DAKCFMEO_04863,BJEIHDPM_01238,WP_011105230.1,DAKCFMEO_04863,WP_011105230.1,FALSE,,,TRUE,FALSE,FALSE
4796,DAKCFMEO_04864,BJEIHDPM_01239,WP_003376366.1,DAKCFMEO_04864,WP_003376366.1,FALSE,,,TRUE,FALSE,FALSE
4797,DAKCFMEO_04865,BJEIHDPM_01240,WP_005763054.1,DAKCFMEO_04865,WP_005763054.1,FALSE,,,TRUE,FALSE,FALSE
4798,DAKCFMEO_04866,BJEIHDPM_01241,WP_002551844.1,DAKCFMEO_04866,WP_002551844.1,FALSE,,,TRUE,FALSE,FALSE
4799,DAKCFMEO_04867,BJEIHDPM_01242,WP_005736842.1,DAKCFMEO_04867,WP_005736842.1,TRUE,p25_in_GeneB__dc_in_GeneA,OG0001248,TRUE,TRUE,TRUE
4800,DAKCFMEO_04868,BJEIHDPM_01243,WP_005620804.1,DAKCFMEO_04868,WP_005620804.1,FALSE,,,TRUE,FALSE,FALSE
4801,DAKCFMEO_04869,BJEIHDPM_01244,WP_005763051.1,DAKCFMEO_04869,WP_005763051.1,FALSE,,,TRUE,FALSE,FALSE
4802,DAKCFMEO_04870,BJEIHDPM_01245,WP_005620808.1,DAKCFMEO_04870,WP_005620808.1,FALSE,,,TRUE,FALSE,FALSE
4803,DAKCFMEO_04871,BJEIHDPM_01246,WP_005763045.1,DAKCFMEO_04871,WP_005763045.1,TRUE,p25_in_GeneB__dc_in_GeneA,OG0001392,TRUE,TRUE,TRUE
4804,DAKCFMEO_04873,BJEIHDPM_01247,WP_011105232.1,DAKCFMEO_04873,WP_011105232.1,TRUE,p25_in_GeneB__dc_in_GeneA,OG0003678,TRUE,TRUE,TRUE
4805,DAKCFMEO_04874,BJEIHDPM_01248,WP_011105233.1,DAKCFMEO_04874,WP_011105233.1,TRUE,p25_in_GeneB__dc_in_GeneA,OG0003679,TRUE,TRUE,TRUE
4806,DAKCFMEO_04875,BJEIHDPM_01249,WP_011105234.1,DAKCFMEO_04875,WP_011105234.1,TRUE,p25_in_GeneB__dc_in_GeneA,OG0003680,TRUE,TRUE,TRUE
4807,DAKCFMEO_04876,BJEIHDPM_01250,WP_005763035.1,DAKCFMEO_04876,WP_005763035.1,TRUE,p25_in_GeneB__dc_in_GeneA,OG0001391,TRUE,TRUE,TRUE
4808,DAKCFMEO_04877,BJEIHDPM_01251,WP_003380723.1,DAKCFMEO_04877,WP_003380723.1,TRUE,p25_in_GeneB__dc_in_GeneA,OG0000964,TRUE,TRUE,TRUE
4809,DAKCFMEO_04878,BJEIHDPM_01252,WP_003317208.1,DAKCFMEO_04878,WP_003317208.1,TRUE,p25_in_GeneB__dc_in_GeneA,OG0000744,TRUE,TRUE,TRUE
4810,DAKCFMEO_04879,BJEIHDPM_01253,WP_005620823.1,DAKCFMEO_04879,WP_005620823.1,TRUE,p25_in_GeneB__dc_in_GeneA,OG0001221,TRUE,TRUE,TRUE
4811,DAKCFMEO_04880,BJEIHDPM_01254,WP_002551829.1,DAKCFMEO_04880,WP_002551829.1,TRUE,p25_in_GeneB__dc_in_GeneA,OG0000637,TRUE,TRUE,TRUE
4812,DAKCFMEO_04881,BJEIHDPM_01255,WP_002551828.1,DAKCFMEO_04881,WP_002551828.1,TRUE,p25_in_GeneB__dc_in_GeneA,OG0000636,TRUE,TRUE,TRUE
4813,DAKCFMEO_04882,BJEIHDPM_01256,WP_005620859.1,DAKCFMEO_04882,WP_005620859.1,TRUE,p25_in_GeneB__dc_in_GeneA,OG0001222,TRUE,TRUE,TRUE
4814,DAKCFMEO_04883,BJEIHDPM_01257,WP_011105236.1,DAKCFMEO_04883,WP_011105236.1,TRUE,p25_in_GeneB__dc_in_GeneA,OG0003681,TRUE,TRUE,TRUE
4815,DAKCFMEO_04886,BJEIHDPM_01260,WP_011105237.1,DAKCFMEO_04886,WP_011105237.1,TRUE,p25_in_GeneB__dc_in_GeneA,OG0003682,TRUE,TRUE,TRUE
4816,DAKCFMEO_04887,BJEIHDPM_01261,WP_003422343.1,DAKCFMEO_04887,WP_003422343.1,TRUE,p25_in_GeneB__dc_in_GeneA,OG0001070,TRUE,TRUE,TRUE
4817,DAKCFMEO_04888,BJEIHDPM_01262,WP_005763027.1,DAKCFMEO_04888,WP_005763027.1,TRUE,p25_in_GeneB__dc_in_GeneA,OG0001390,TRUE,TRUE,TRUE
4818,DAKCFMEO_04889,BJEIHDPM_01263,WP_005763025.1,DAKCFMEO_04889,WP_005763025.1,TRUE,p25_in_GeneB__dc_in_GeneA,OG0001389,TRUE,TRUE,TRUE
4819,DAKCFMEO_04890,BJEIHDPM_01264,WP_011105238.1,DAKCFMEO_04890,WP_011105238.1,TRUE,p25_in_GeneB__dc_in_GeneA,OG0003683,TRUE,TRUE,TRUE
4820,DAKCFMEO_04891,BJEIHDPM_01265,WP_005736856.1,DAKCFMEO_04891,WP_005736856.1,TRUE,p25_in_GeneB__dc_in_GeneA,OG0001249,TRUE,TRUE,TRUE
4821,DAKCFMEO_04892,BJEIHDPM_01266,WP_002551819.1,DAKCFMEO_04892,WP_002551819.1,TRUE,p25_in_GeneB__dc_in_GeneA,OG0000635,TRUE,TRUE,TRUE
4822,DAKCFMEO_04893,BJEIHDPM_01267,WP_011105239.1,DAKCFMEO_04893,WP_011105239.1,TRUE,p25_in_GeneB__dc_in_GeneA,OG0003684,TRUE,TRUE,TRUE
4823,DAKCFMEO_04894,BJEIHDPM_01268,WP_011105240.1,DAKCFMEO_04894,WP_011105240.1,FALSE,,,TRUE,FALSE,FALSE
4824,DAKCFMEO_04895,BJEIHDPM_01269,WP_005763015.1,DAKCFMEO_04895,WP_005763015.1,TRUE,p25_in_GeneB__dc_in_GeneA,OG0001388,TRUE,TRUE,TRUE
4825,DAKCFMEO_04896,BJEIHDPM_01270,WP_003380701.1,DAKCFMEO_04896,WP_003380701.1,TRUE,p25_in_GeneB__dc_in_GeneA,OG0000963,TRUE,TRUE,TRUE
4826,DAKCFMEO_04897,BJEIHDPM_01271,WP_011105241.1,DAKCFMEO_04897,WP_011105241.1,TRUE,p25_in_GeneB__dc_in_GeneA,OG0003685,TRUE,TRUE,TRUE
4827,DAKCFMEO_04898,BJEIHDPM_01272,WP_007244608.1,DAKCFMEO_04898,WP_007244608.1,TRUE,p25_in_GeneB__dc_in_GeneA,OG0002528,TRUE,TRUE,TRUE
4828,DAKCFMEO_04899,BJEIHDPM_01273,WP_003380698.1,DAKCFMEO_04899,WP_003380698.1,TRUE,p25_in_GeneB__dc_in_GeneA,OG0000962,TRUE,TRUE,TRUE
4829,DAKCFMEO_04900,BJEIHDPM_01274,WP_005763007.1,DAKCFMEO_04900,WP_005763007.1,TRUE,p25_in_GeneB__dc_in_GeneA,OG0001387,TRUE,TRUE,TRUE
4830,DAKCFMEO_04901,BJEIHDPM_01275,WP_005763005.1,DAKCFMEO_04901,WP_005763005.1,TRUE,p25_in_GeneB__dc_in_GeneA,OG0001386,TRUE,TRUE,TRUE
4831,DAKCFMEO_04902,BJEIHDPM_01276,WP_005763003.1,DAKCFMEO_04902,WP_005763003.1,TRUE,p25_in_GeneB__dc_in_GeneA,OG0001385,TRUE,TRUE,TRUE
4832,DAKCFMEO_04903,BJEIHDPM_01277,WP_005763001.1,DAKCFMEO_04903,WP_005763001.1,TRUE,p25_in_GeneB__dc_in_GeneA,OG0001384,TRUE,TRUE,TRUE
4833,DAKCFMEO_04904,BJEIHDPM_01278,WP_011105242.1,DAKCFMEO_04904,WP_011105242.1,TRUE,p25_in_GeneB__dc_in_GeneA,OG0003686,TRUE,TRUE,TRUE
4834,DAKCFMEO_04905,BJEIHDPM_01279,WP_011105243.1,DAKCFMEO_04905,WP_011105243.1,FALSE,,,TRUE,FALSE,FALSE
4835,DAKCFMEO_04906,BJEIHDPM_01280,WP_011105243.1,DAKCFMEO_04906,WP_011105243.1,TRUE,p25_in_GeneB__dc_in_GeneA,OG0003687,TRUE,TRUE,TRUE
4836,DAKCFMEO_04907,BJEIHDPM_01281,WP_011105244.1,DAKCFMEO_04907,WP_011105244.1,TRUE,p25_in_GeneB__dc_in_GeneA,OG0003688,TRUE,TRUE,TRUE
4837,DAKCFMEO_04908,BJEIHDPM_01282,WP_003380690.1,DAKCFMEO_04908,WP_003380690.1,TRUE,p25_in_GeneB__dc_in_GeneA,OG0000961,TRUE,TRUE,TRUE
4838,DAKCFMEO_04909,BJEIHDPM_01283,WP_007244602.1,DAKCFMEO_04909,WP_007244602.1,TRUE,p25_in_GeneB__dc_in_GeneA,OG0002527,TRUE,TRUE,TRUE
4839,DAKCFMEO_04910,BJEIHDPM_01284,WP_007244601.1,DAKCFMEO_04910,WP_007244601.1,TRUE,p25_in_GeneB__dc_in_GeneA,OG0002526,TRUE,TRUE,TRUE
4840,DAKCFMEO_04911,BJEIHDPM_01285,WP_005762992.1,DAKCFMEO_04911,WP_005762992.1,TRUE,p25_in_GeneB__dc_in_GeneA,OG0001383,TRUE,TRUE,TRUE
4841,DAKCFMEO_04912,BJEIHDPM_01286,WP_011105246.1,DAKCFMEO_04912,WP_011105246.1,TRUE,p25_in_GeneB__dc_in_GeneA,OG0003689,TRUE,TRUE,TRUE
4842,DAKCFMEO_04913,BJEIHDPM_01287,WP_046463655.1,DAKCFMEO_04913,WP_046463655.1,TRUE,p25_in_GeneB__dc_in_GeneA,OG0004007,TRUE,TRUE,TRUE
4843,DAKCFMEO_04914,BJEIHDPM_01288,WP_003377107.1,DAKCFMEO_04914,WP_003377107.1,TRUE,p25_in_GeneB__dc_in_GeneA,OG0000801,TRUE,TRUE,TRUE
4844,DAKCFMEO_04915,BJEIHDPM_01289,WP_011105248.1,DAKCFMEO_04915,WP_011105248.1,TRUE,p25_in_GeneB__dc_in_GeneA,OG0003690,TRUE,TRUE,TRUE
4845,DAKCFMEO_04916,BJEIHDPM_01290,WP_080946587.1,DAKCFMEO_04916,WP_080946587.1,TRUE,p25_in_GeneB__dc_in_GeneA,OG0004076,TRUE,TRUE,TRUE
4846,DAKCFMEO_04917,BJEIHDPM_01291,,DAKCFMEO_04917,NA,FALSE,,,FALSE,FALSE,FALSE
4847,DAKCFMEO_04918,BJEIHDPM_01292,,DAKCFMEO_04918,NA,FALSE,,,FALSE,FALSE,FALSE
4848,DAKCFMEO_04919,BJEIHDPM_01293,,DAKCFMEO_04919,NA,FALSE,,,FALSE,FALSE,FALSE
4849,DAKCFMEO_04920,BJEIHDPM_01294,,DAKCFMEO_04920,NA,FALSE,,,FALSE,FALSE,FALSE
4850,DAKCFMEO_04921,BJEIHDPM_01295,,DAKCFMEO_04921,NA,FALSE,,,FALSE,FALSE,FALSE
4851,DAKCFMEO_04922,BJEIHDPM_01296,,DAKCFMEO_04922,NA,FALSE,,,FALSE,FALSE,FALSE
4852,DAKCFMEO_04923,BJEIHDPM_01297,,DAKCFMEO_04923,NA,FALSE,,,FALSE,FALSE,FALSE
4853,DAKCFMEO_04924,BJEIHDPM_01298,WP_003377111.1,DAKCFMEO_04924,WP_003377111.1,TRUE,p25_in_GeneB__dc_in_GeneA,OG0000802,TRUE,TRUE,TRUE
4854,DAKCFMEO_04925,BJEIHDPM_01299,WP_003377112.1,DAKCFMEO_04925,WP_003377112.1,FALSE,,,TRUE,FALSE,FALSE
4855,DAKCFMEO_04926,BJEIHDPM_01300,WP_005736885.1,DAKCFMEO_04926,WP_005736885.1,TRUE,p25_in_GeneB__dc_in_GeneA,OG0001250,TRUE,TRUE,TRUE
4856,DAKCFMEO_04927,BJEIHDPM_01301,WP_011105254.1,DAKCFMEO_04927,WP_011105254.1,TRUE,p25_in_GeneB__dc_in_GeneA,OG0003691,TRUE,TRUE,TRUE
4857,DAKCFMEO_04928,BJEIHDPM_01302,WP_011105255.1,DAKCFMEO_04928,WP_011105255.1,TRUE,p25_in_GeneB__dc_in_GeneA,OG0003692,TRUE,TRUE,TRUE
4858,DAKCFMEO_04929,BJEIHDPM_01303,WP_005762981.1,DAKCFMEO_04929,WP_005762981.1,FALSE,,,TRUE,FALSE,FALSE
4859,DAKCFMEO_04930,BJEIHDPM_01304,,DAKCFMEO_04930,NA,FALSE,,,FALSE,FALSE,FALSE
4860,DAKCFMEO_04931,BJEIHDPM_01305,,DAKCFMEO_04931,NA,FALSE,,,FALSE,FALSE,FALSE
4861,DAKCFMEO_04932,BJEIHDPM_01306,WP_005762979.1,DAKCFMEO_04932,WP_005762979.1,TRUE,p25_in_GeneB__dc_in_GeneA,OG0001381,TRUE,TRUE,TRUE
4862,DAKCFMEO_04933,BJEIHDPM_01307,WP_011105257.1,DAKCFMEO_04933,WP_011105257.1,TRUE,p25_in_GeneB__dc_in_GeneA,OG0003693,TRUE,TRUE,TRUE
4863,DAKCFMEO_04934,BJEIHDPM_01308,WP_011105258.1,DAKCFMEO_04934,WP_011105258.1,FALSE,,,TRUE,FALSE,FALSE
4864,DAKCFMEO_04935,BJEIHDPM_01309,WP_003377120.1,DAKCFMEO_04935,WP_003377120.1,TRUE,p25_in_GeneB__dc_in_GeneA,OG0000803,TRUE,TRUE,TRUE
4865,DAKCFMEO_04936,BJEIHDPM_01310,WP_005736892.1,DAKCFMEO_04936,WP_005736892.1,TRUE,p25_in_GeneB__dc_in_GeneA,OG0001251,TRUE,TRUE,TRUE
4866,DAKCFMEO_04937,BJEIHDPM_01311,WP_010213170.1,DAKCFMEO_04937,WP_010213170.1,FALSE,,,TRUE,FALSE,FALSE
4867,DAKCFMEO_04938,BJEIHDPM_01312,WP_005762975.1,DAKCFMEO_04938,WP_005762975.1,TRUE,p25_in_GeneB__dc_in_GeneA,OG0001380,TRUE,TRUE,TRUE
4868,DAKCFMEO_04939,BJEIHDPM_01313,WP_011105259.1,DAKCFMEO_04939,WP_011105259.1,TRUE,p25_in_GeneB__dc_in_GeneA,OG0003694,TRUE,TRUE,TRUE
4869,DAKCFMEO_04940,BJEIHDPM_01314,WP_005762973.1,DAKCFMEO_04940,WP_005762973.1,TRUE,p25_in_GeneB__dc_in_GeneA,OG0001379,TRUE,TRUE,TRUE
4870,DAKCFMEO_04941,BJEIHDPM_01315,WP_011105261.1,DAKCFMEO_04941,WP_011105261.1,TRUE,p25_in_GeneB__dc_in_GeneA,OG0003695,TRUE,TRUE,TRUE
4871,DAKCFMEO_04942,BJEIHDPM_01316,WP_046463793.1,DAKCFMEO_04942,WP_046463793.1,TRUE,p25_in_GeneB__dc_in_GeneA,OG0004020,TRUE,TRUE,TRUE
4872,DAKCFMEO_04943,BJEIHDPM_01317,WP_005762970.1,DAKCFMEO_04943,WP_005762970.1,TRUE,p25_in_GeneB__dc_in_GeneA,OG0001378,TRUE,TRUE,TRUE
4873,DAKCFMEO_04944,BJEIHDPM_01318,WP_011105263.1,DAKCFMEO_04944,WP_011105263.1,TRUE,p25_in_GeneB__dc_in_GeneA,OG0003696,TRUE,TRUE,TRUE
4874,DAKCFMEO_04945,BJEIHDPM_01319,WP_003377131.1,DAKCFMEO_04945,WP_003377131.1,TRUE,p25_in_GeneB__dc_in_GeneA,OG0000804,TRUE,TRUE,TRUE
4875,DAKCFMEO_04946,BJEIHDPM_01320,,DAKCFMEO_04946,NA,FALSE,,,FALSE,FALSE,FALSE
4876,DAKCFMEO_04947,BJEIHDPM_01321,,DAKCFMEO_04947,NA,FALSE,,,FALSE,FALSE,FALSE
4877,DAKCFMEO_04948,BJEIHDPM_01322,WP_011105266.1,DAKCFMEO_04948,WP_011105266.1,TRUE,p25_in_GeneB__dc_in_GeneA,OG0003697,TRUE,TRUE,TRUE
4878,DAKCFMEO_04949,BJEIHDPM_01323,WP_005762965.1,DAKCFMEO_04949,WP_005762965.1,TRUE,p25_in_GeneB__dc_in_GeneA,OG0001377,TRUE,TRUE,TRUE
4879,DAKCFMEO_04950,BJEIHDPM_01324,WP_007244579.1,DAKCFMEO_04950,WP_007244579.1,FALSE,,,TRUE,FALSE,FALSE
4880,DAKCFMEO_04952,BJEIHDPM_01326,WP_011105267.1,DAKCFMEO_04952,WP_011105267.1,TRUE,p25_in_GeneB__dc_in_GeneA,OG0003698,TRUE,TRUE,TRUE
4881,DAKCFMEO_04953,BJEIHDPM_01327,WP_007244577.1,DAKCFMEO_04953,WP_007244577.1,TRUE,p25_in_GeneB__dc_in_GeneA,OG0002525,TRUE,TRUE,TRUE
4882,DAKCFMEO_04954,BJEIHDPM_01328,WP_011105268.1,DAKCFMEO_04954,WP_011105268.1,TRUE,p25_in_GeneB__dc_in_GeneA,OG0003699,TRUE,TRUE,TRUE
4883,DAKCFMEO_04955,BJEIHDPM_01329,WP_005762959.1,DAKCFMEO_04955,WP_005762959.1,TRUE,p25_in_GeneB__dc_in_GeneA,OG0001376,TRUE,TRUE,TRUE
4884,DAKCFMEO_04956,BJEIHDPM_01330,WP_003377141.1,DAKCFMEO_04956,WP_003377141.1,FALSE,,,TRUE,FALSE,FALSE
4885,DAKCFMEO_04957,BJEIHDPM_01331,WP_007244575.1,DAKCFMEO_04957,WP_007244575.1,TRUE,p25_in_GeneB__dc_in_GeneA,OG0002524,TRUE,TRUE,TRUE
4886,DAKCFMEO_04958,BJEIHDPM_01332,,DAKCFMEO_04958,NA,FALSE,,,FALSE,FALSE,FALSE
4887,DAKCFMEO_04959,BJEIHDPM_01333,WP_007244549.1,DAKCFMEO_04959,WP_007244549.1,TRUE,p25_in_GeneB__dc_in_GeneA,OG0002519,TRUE,TRUE,TRUE
4888,DAKCFMEO_04960,BJEIHDPM_01334,WP_005763591.1,DAKCFMEO_04960,WP_005763591.1,TRUE,p25_in_GeneB__dc_in_GeneA,OG0001454,TRUE,TRUE,TRUE
4889,DAKCFMEO_04961,BJEIHDPM_01335,WP_005763589.1,DAKCFMEO_04961,WP_005763589.1,TRUE,p25_in_GeneB__dc_in_GeneA,OG0001453,TRUE,TRUE,TRUE
4890,DAKCFMEO_04962,BJEIHDPM_01336,WP_005763587.1,DAKCFMEO_04962,WP_005763587.1,FALSE,,,TRUE,FALSE,FALSE
4891,DAKCFMEO_04963,BJEIHDPM_01337,WP_005737430.1,DAKCFMEO_04963,WP_005737430.1,TRUE,p25_in_GeneB__dc_in_GeneA,OG0001260,TRUE,TRUE,TRUE
4892,DAKCFMEO_04964,BJEIHDPM_01338,WP_003379947.1,DAKCFMEO_04964,WP_003379947.1,TRUE,p25_in_GeneB__dc_in_GeneA,OG0000922,TRUE,TRUE,TRUE
4893,DAKCFMEO_04965,BJEIHDPM_01339,WP_005763699.1,DAKCFMEO_04965,WP_005763699.1,TRUE,p25_in_GeneB__dc_in_GeneA,OG0001477,TRUE,TRUE,TRUE
4894,DAKCFMEO_04966,BJEIHDPM_01340,WP_011103145.1,DAKCFMEO_04966,WP_011103145.1,FALSE,,,TRUE,FALSE,FALSE
4895,DAKCFMEO_04967,BJEIHDPM_01341,WP_005763696.1,DAKCFMEO_04967,WP_005763696.1,FALSE,,,TRUE,FALSE,FALSE
4896,DAKCFMEO_04968,BJEIHDPM_01342,WP_005763694.1,DAKCFMEO_04968,WP_005763694.1,TRUE,p25_in_GeneB__dc_in_GeneA,OG0001476,TRUE,TRUE,TRUE
4897,DAKCFMEO_04969,BJEIHDPM_01343,WP_003379931.1,DAKCFMEO_04969,WP_003379931.1,TRUE,p25_in_GeneB__dc_in_GeneA,OG0000921,TRUE,TRUE,TRUE
4898,DAKCFMEO_04970,BJEIHDPM_01344,WP_005763692.1,DAKCFMEO_04970,WP_005763692.1,TRUE,p25_in_GeneB__dc_in_GeneA,OG0001475,TRUE,TRUE,TRUE
4899,DAKCFMEO_04971,BJEIHDPM_01345,,DAKCFMEO_04971,NA,FALSE,,,FALSE,FALSE,FALSE
4900,DAKCFMEO_04972,BJEIHDPM_01346,WP_005737465.1,DAKCFMEO_04972,WP_005737465.1,TRUE,p25_in_GeneB__dc_in_GeneA,OG0001262,TRUE,TRUE,TRUE
4901,DAKCFMEO_04973,BJEIHDPM_01347,WP_005763655.1,DAKCFMEO_04973,WP_005763655.1,TRUE,p25_in_GeneB__dc_in_GeneA,OG0001468,TRUE,TRUE,TRUE
4902,DAKCFMEO_04974,BJEIHDPM_01348,WP_005763658.1,DAKCFMEO_04974,WP_005763658.1,TRUE,p25_in_GeneB__dc_in_GeneA,OG0001469,TRUE,TRUE,TRUE
4903,DAKCFMEO_04975,BJEIHDPM_01349,WP_005763601.1,DAKCFMEO_04975,WP_005763601.1,TRUE,p25_in_GeneB__dc_in_GeneA,OG0001455,TRUE,TRUE,TRUE
4904,DAKCFMEO_04976,BJEIHDPM_01350,WP_011103134.1,DAKCFMEO_04976,WP_011103134.1,TRUE,p25_in_GeneB__dc_in_GeneA,OG0002843,TRUE,TRUE,TRUE
4905,DAKCFMEO_04977,BJEIHDPM_01351,WP_005763597.1,DAKCFMEO_04977,WP_005763597.1,FALSE,,,TRUE,FALSE,FALSE
4906,DAKCFMEO_04978,BJEIHDPM_01352,WP_005762956.1,DAKCFMEO_04978,WP_005762956.1,TRUE,p25_in_GeneB__dc_in_GeneA,OG0001375,TRUE,TRUE,TRUE
4907,DAKCFMEO_04979,BJEIHDPM_01353,WP_005762954.1,DAKCFMEO_04979,WP_005762954.1,TRUE,p25_in_GeneB__dc_in_GeneA,OG0001374,TRUE,TRUE,TRUE
4908,DAKCFMEO_04980,BJEIHDPM_01354,WP_007244571.1,DAKCFMEO_04980,WP_007244571.1,TRUE,p25_in_GeneB__dc_in_GeneA,OG0002523,TRUE,TRUE,TRUE
4909,DAKCFMEO_04981,BJEIHDPM_01355,WP_005762952.1,DAKCFMEO_04981,WP_005762952.1,TRUE,p25_in_GeneB__dc_in_GeneA,OG0001373,TRUE,TRUE,TRUE
4910,DAKCFMEO_04982,BJEIHDPM_01356,WP_005620970.1,DAKCFMEO_04982,WP_005620970.1,TRUE,p25_in_GeneB__dc_in_GeneA,OG0001223,TRUE,TRUE,TRUE
4911,DAKCFMEO_04983,BJEIHDPM_01357,WP_005762949.1,DAKCFMEO_04983,WP_005762949.1,TRUE,p25_in_GeneB__dc_in_GeneA,OG0001372,TRUE,TRUE,TRUE
4912,DAKCFMEO_04984,BJEIHDPM_01358,WP_007244569.1,DAKCFMEO_04984,WP_007244569.1,TRUE,p25_in_GeneB__dc_in_GeneA,OG0002522,TRUE,TRUE,TRUE
4913,DAKCFMEO_04985,BJEIHDPM_01359,WP_005762944.1,DAKCFMEO_04985,WP_005762944.1,TRUE,p25_in_GeneB__dc_in_GeneA,OG0001371,TRUE,TRUE,TRUE
4914,DAKCFMEO_04986,BJEIHDPM_01360,WP_005762942.1,DAKCFMEO_04986,WP_005762942.1,FALSE,,,TRUE,FALSE,FALSE
4915,DAKCFMEO_04987,BJEIHDPM_01361,WP_005762940.1,DAKCFMEO_04987,WP_005762940.1,TRUE,p25_in_GeneB__dc_in_GeneA,OG0001370,TRUE,TRUE,TRUE
4916,DAKCFMEO_04988,BJEIHDPM_01362,WP_011105271.1,DAKCFMEO_04988,WP_011105271.1,TRUE,p25_in_GeneB__dc_in_GeneA,OG0003700,TRUE,TRUE,TRUE
4917,DAKCFMEO_04989,BJEIHDPM_01363,,DAKCFMEO_04989,NA,FALSE,,,FALSE,FALSE,FALSE
4918,DAKCFMEO_04990,BJEIHDPM_01364,,DAKCFMEO_04990,NA,FALSE,,,FALSE,FALSE,FALSE
4919,DAKCFMEO_04991,BJEIHDPM_01365,WP_011105272.1,DAKCFMEO_04991,WP_011105272.1,TRUE,p25_in_GeneB__dc_in_GeneA,OG0003701,TRUE,TRUE,TRUE
4920,DAKCFMEO_04992,BJEIHDPM_01366,,DAKCFMEO_04992,NA,FALSE,,,FALSE,FALSE,FALSE
4921,DAKCFMEO_04993,BJEIHDPM_01367,WP_005771787.1,DAKCFMEO_04993,WP_005771787.1,TRUE,p25_in_GeneB__dc_in_GeneA,OG0002457,TRUE,TRUE,TRUE
4922,DAKCFMEO_04994,BJEIHDPM_01368,WP_046463895.1,DAKCFMEO_04994,WP_046463895.1,TRUE,p25_in_GeneB__dc_in_GeneA,OG0004031,TRUE,TRUE,TRUE
4923,DAKCFMEO_04995,BJEIHDPM_01369,WP_011105279.1,DAKCFMEO_04995,WP_011105279.1,TRUE,p25_in_GeneB__dc_in_GeneA,OG0003702,TRUE,TRUE,TRUE
4924,DAKCFMEO_04996,BJEIHDPM_01370,,DAKCFMEO_04996,NA,FALSE,,,FALSE,FALSE,FALSE
4925,DAKCFMEO_04997,BJEIHDPM_01371,WP_005769407.1,DAKCFMEO_04997,WP_005769407.1,TRUE,p25_in_GeneB__dc_in_GeneA,OG0002201,TRUE,TRUE,TRUE
4926,DAKCFMEO_04998,BJEIHDPM_01372,WP_011105280.1,DAKCFMEO_04998,WP_011105280.1,TRUE,p25_in_GeneB__dc_in_GeneA,OG0003703,TRUE,TRUE,TRUE
4927,DAKCFMEO_04999,BJEIHDPM_01373,WP_005621029.1,DAKCFMEO_04999,WP_005621029.1,TRUE,p25_in_GeneB__dc_in_GeneA,OG0001224,TRUE,TRUE,TRUE
4928,DAKCFMEO_05000,BJEIHDPM_01374,WP_011105281.1,DAKCFMEO_05000,WP_011105281.1,TRUE,p25_in_GeneB__dc_in_GeneA,OG0003704,TRUE,TRUE,TRUE
4929,DAKCFMEO_05001,BJEIHDPM_01375,WP_003377196.1,DAKCFMEO_05001,WP_003377196.1,TRUE,p25_in_GeneB__dc_in_GeneA,OG0000805,TRUE,TRUE,TRUE
4930,DAKCFMEO_05002,BJEIHDPM_01376,WP_002551738.1,DAKCFMEO_05002,WP_002551738.1,TRUE,p25_in_GeneB__dc_in_GeneA,OG0000634,TRUE,TRUE,TRUE
4931,DAKCFMEO_05003,BJEIHDPM_01377,WP_003377199.1,DAKCFMEO_05003,WP_003377199.1,TRUE,p25_in_GeneB__dc_in_GeneA,OG0000806,TRUE,TRUE,TRUE
4932,DAKCFMEO_05004,BJEIHDPM_01378,WP_005736950.1,DAKCFMEO_05004,WP_005736950.1,TRUE,p25_in_GeneB__dc_in_GeneA,OG0001252,TRUE,TRUE,TRUE
4933,DAKCFMEO_05005,BJEIHDPM_01379,WP_005769417.1,DAKCFMEO_05005,WP_005769417.1,TRUE,p25_in_GeneB__dc_in_GeneA,OG0002202,TRUE,TRUE,TRUE
4934,DAKCFMEO_05006,BJEIHDPM_01380,WP_003377205.1,DAKCFMEO_05006,WP_003377205.1,TRUE,p25_in_GeneB__dc_in_GeneA,OG0000807,TRUE,TRUE,TRUE
4935,DAKCFMEO_05007,BJEIHDPM_01381,WP_005736951.1,DAKCFMEO_05007,WP_005736951.1,TRUE,p25_in_GeneB__dc_in_GeneA,OG0001253,TRUE,TRUE,TRUE
4936,DAKCFMEO_05008,BJEIHDPM_01382,WP_005736952.1,DAKCFMEO_05008,WP_005736952.1,FALSE,,,TRUE,FALSE,FALSE
4937,DAKCFMEO_05009,BJEIHDPM_01383,WP_007247057.1,DAKCFMEO_05009,WP_007247057.1,TRUE,p25_in_GeneB__dc_in_GeneA,OG0002701,TRUE,TRUE,TRUE
4938,DAKCFMEO_05010,BJEIHDPM_01384,WP_005769424.1,DAKCFMEO_05010,WP_005769424.1,TRUE,p25_in_GeneB__dc_in_GeneA,OG0002203,TRUE,TRUE,TRUE
4939,DAKCFMEO_05011,BJEIHDPM_01385,WP_005769426.1,DAKCFMEO_05011,WP_005769426.1,TRUE,p25_in_GeneB__dc_in_GeneA,OG0002204,TRUE,TRUE,TRUE
4940,DAKCFMEO_05012,BJEIHDPM_01386,WP_003377212.1,DAKCFMEO_05012,WP_003377212.1,TRUE,p25_in_GeneB__dc_in_GeneA,OG0000808,TRUE,TRUE,TRUE
4941,DAKCFMEO_05013,BJEIHDPM_01387,WP_011105285.1,DAKCFMEO_05013,WP_011105285.1,TRUE,p25_in_GeneB__dc_in_GeneA,OG0003705,TRUE,TRUE,TRUE
4942,DAKCFMEO_05014,BJEIHDPM_01388,WP_005769432.1,DAKCFMEO_05014,WP_005769432.1,TRUE,p25_in_GeneB__dc_in_GeneA,OG0002205,TRUE,TRUE,TRUE
4943,DAKCFMEO_05015,BJEIHDPM_01389,WP_003377215.1,DAKCFMEO_05015,WP_003377215.1,TRUE,p25_in_GeneB__dc_in_GeneA,OG0000809,TRUE,TRUE,TRUE
4944,DAKCFMEO_05016,BJEIHDPM_01390,WP_005621066.1,DAKCFMEO_05016,WP_005621066.1,FALSE,,,TRUE,FALSE,FALSE
4945,DAKCFMEO_05017,BJEIHDPM_01391,WP_003377217.1,DAKCFMEO_05017,WP_003377217.1,TRUE,p25_in_GeneB__dc_in_GeneA,OG0000810,TRUE,TRUE,TRUE
4946,DAKCFMEO_05018,BJEIHDPM_01392,,DAKCFMEO_05018,NA,FALSE,,,FALSE,FALSE,FALSE
4947,DAKCFMEO_05019,BJEIHDPM_01393,WP_046463894.1,DAKCFMEO_05019,WP_046463894.1,TRUE,p25_in_GeneB__dc_in_GeneA,OG0004030,TRUE,TRUE,TRUE
4948,DAKCFMEO_05020,BJEIHDPM_01394,WP_011105287.1,DAKCFMEO_05020,WP_011105287.1,TRUE,p25_in_GeneB__dc_in_GeneA,OG0003706,TRUE,TRUE,TRUE
4949,DAKCFMEO_05021,BJEIHDPM_01395,WP_011105288.1,DAKCFMEO_05021,WP_011105288.1,TRUE,p25_in_GeneB__dc_in_GeneA,OG0003707,TRUE,TRUE,TRUE
4950,DAKCFMEO_05022,BJEIHDPM_01396,WP_005763645.1,DAKCFMEO_05022,WP_005763645.1,TRUE,p25_in_GeneB__dc_in_GeneA,OG0001465,TRUE,TRUE,TRUE
4951,DAKCFMEO_05023,BJEIHDPM_01397,WP_005613959.1,DAKCFMEO_05023,WP_005613959.1,TRUE,p25_in_GeneB__dc_in_GeneA,OG0001122,TRUE,TRUE,TRUE
4952,DAKCFMEO_05024,BJEIHDPM_01398,WP_003379876.1,DAKCFMEO_05024,WP_003379876.1,TRUE,p25_in_GeneB__dc_in_GeneA,OG0000919,TRUE,TRUE,TRUE
4953,DAKCFMEO_05025,BJEIHDPM_01399,WP_005613956.1,DAKCFMEO_05025,WP_005613956.1,TRUE,p25_in_GeneB__dc_in_GeneA,OG0001121,TRUE,TRUE,TRUE
4954,DAKCFMEO_05026,BJEIHDPM_01400,WP_011103140.1,DAKCFMEO_05026,WP_011103140.1,TRUE,p25_in_GeneB__dc_in_GeneA,OG0002846,TRUE,TRUE,TRUE
4955,DAKCFMEO_05027,BJEIHDPM_01401,,DAKCFMEO_05027,NA,FALSE,,,FALSE,FALSE,FALSE
4956,DAKCFMEO_05028,BJEIHDPM_01402,WP_003379873.1,DAKCFMEO_05028,WP_003379873.1,TRUE,p25_in_GeneB__dc_in_GeneA,OG0000918,TRUE,TRUE,TRUE
4957,DAKCFMEO_05029,BJEIHDPM_01403,WP_005763640.1,DAKCFMEO_05029,WP_005763640.1,TRUE,p25_in_GeneB__dc_in_GeneA,OG0001464,TRUE,TRUE,TRUE
4958,DAKCFMEO_05030,BJEIHDPM_01404,WP_005763638.1,DAKCFMEO_05030,WP_005763638.1,TRUE,p25_in_GeneB__dc_in_GeneA,OG0001463,TRUE,TRUE,TRUE
4959,DAKCFMEO_05031,BJEIHDPM_01405,WP_005763636.1,DAKCFMEO_05031,WP_005763636.1,TRUE,p25_in_GeneB__dc_in_GeneA,OG0001462,TRUE,TRUE,TRUE
4960,DAKCFMEO_05032,BJEIHDPM_01406,WP_005763634.1,DAKCFMEO_05032,WP_005763634.1,FALSE,,,TRUE,FALSE,FALSE
4961,DAKCFMEO_05033,BJEIHDPM_01407,WP_005763632.1,DAKCFMEO_05033,WP_005763632.1,FALSE,,,TRUE,FALSE,FALSE
4962,DAKCFMEO_05034,BJEIHDPM_01408,WP_005763634.1,DAKCFMEO_05034,WP_005763634.1,FALSE,,,TRUE,FALSE,FALSE
4963,DAKCFMEO_05035,BJEIHDPM_01409,WP_005763632.1,DAKCFMEO_05035,WP_005763632.1,FALSE,,,TRUE,FALSE,FALSE
4964,DAKCFMEO_05036,BJEIHDPM_01410,WP_005763630.1,DAKCFMEO_05036,WP_005763630.1,TRUE,p25_in_GeneB__dc_in_GeneA,OG0001461,TRUE,TRUE,TRUE
4965,DAKCFMEO_05037,BJEIHDPM_01411,WP_161797805.1,DAKCFMEO_05037,WP_161797805.1,TRUE,p25_in_GeneB__dc_in_GeneA,OG0004098,TRUE,TRUE,TRUE
4966,DAKCFMEO_05038,BJEIHDPM_01412,WP_011103137.1,DAKCFMEO_05038,WP_011103137.1,TRUE,p25_in_GeneB__dc_in_GeneA,OG0002845,TRUE,TRUE,TRUE
4967,DAKCFMEO_05039,BJEIHDPM_01413,WP_005763620.1,DAKCFMEO_05039,WP_005763620.1,FALSE,,,TRUE,FALSE,FALSE
4968,DAKCFMEO_05040,BJEIHDPM_01414,WP_005763618.1,DAKCFMEO_05040,WP_005763618.1,TRUE,p25_in_GeneB__dc_in_GeneA,OG0001460,TRUE,TRUE,TRUE
4969,DAKCFMEO_05041,BJEIHDPM_01415,WP_005737440.1,DAKCFMEO_05041,WP_005737440.1,TRUE,p25_in_GeneB__dc_in_GeneA,OG0001261,TRUE,TRUE,TRUE
4970,DAKCFMEO_05042,BJEIHDPM_01416,WP_005763614.1,DAKCFMEO_05042,WP_005763614.1,TRUE,p25_in_GeneB__dc_in_GeneA,OG0001459,TRUE,TRUE,TRUE
4971,DAKCFMEO_05043,BJEIHDPM_01417,WP_005763613.1,DAKCFMEO_05043,WP_005763613.1,TRUE,p25_in_GeneB__dc_in_GeneA,OG0001458,TRUE,TRUE,TRUE
4972,DAKCFMEO_05044,BJEIHDPM_01418,WP_005763611.1,DAKCFMEO_05044,WP_005763611.1,TRUE,p25_in_GeneB__dc_in_GeneA,OG0001457,TRUE,TRUE,TRUE
4973,DAKCFMEO_05045,BJEIHDPM_01419,WP_024667847.1,DAKCFMEO_05045,WP_024667847.1,TRUE,p25_in_GeneB__dc_in_GeneA,OG0003875,TRUE,TRUE,TRUE
4974,DAKCFMEO_05046,BJEIHDPM_01420,,DAKCFMEO_05046,NA,FALSE,,,FALSE,FALSE,FALSE
4975,DAKCFMEO_05047,BJEIHDPM_01421,WP_005763607.1,DAKCFMEO_05047,WP_005763607.1,TRUE,p25_in_GeneB__dc_in_GeneA,OG0001456,TRUE,TRUE,TRUE
4976,DAKCFMEO_05048,BJEIHDPM_01422,,DAKCFMEO_05048,NA,FALSE,,,FALSE,FALSE,FALSE
4977,DAKCFMEO_05050,BJEIHDPM_01423,WP_011105291.1,DAKCFMEO_05050,WP_011105291.1,TRUE,p25_in_GeneB__dc_in_GeneA,OG0003708,TRUE,TRUE,TRUE
4978,DAKCFMEO_05051,BJEIHDPM_01424,,DAKCFMEO_05051,NA,FALSE,,,FALSE,FALSE,FALSE
4979,DAKCFMEO_05052,BJEIHDPM_01425,WP_005763647.1,DAKCFMEO_05052,WP_005763647.1,TRUE,p25_in_GeneB__dc_in_GeneA,OG0001466,TRUE,TRUE,TRUE
4980,DAKCFMEO_05053,BJEIHDPM_01426,WP_007244533.1,DAKCFMEO_05053,WP_007244533.1,TRUE,p25_in_GeneB__dc_in_GeneA,OG0002518,TRUE,TRUE,TRUE
4981,DAKCFMEO_05054,BJEIHDPM_01427,WP_005763651.1,DAKCFMEO_05054,WP_005763651.1,TRUE,p25_in_GeneB__dc_in_GeneA,OG0001467,TRUE,TRUE,TRUE
4982,DAKCFMEO_05055,BJEIHDPM_01428,WP_011103141.1,DAKCFMEO_05055,WP_011103141.1,TRUE,p25_in_GeneB__dc_in_GeneA,OG0002847,TRUE,TRUE,TRUE
4983,DAKCFMEO_05056,BJEIHDPM_01429,,DAKCFMEO_05056,NA,FALSE,,,FALSE,FALSE,FALSE
4984,DAKCFMEO_05057,BJEIHDPM_01430,WP_003378855.1,DAKCFMEO_05057,WP_003378855.1,TRUE,p25_in_GeneB__dc_in_GeneA,OG0000892,TRUE,TRUE,TRUE
4985,DAKCFMEO_05058,BJEIHDPM_01431,WP_044390490.1,DAKCFMEO_05058,WP_044390490.1,TRUE,p25_in_GeneB__dc_in_GeneA,OG0003907,TRUE,TRUE,TRUE
4986,DAKCFMEO_05059,BJEIHDPM_01432,WP_003378857.1,DAKCFMEO_05059,WP_003378857.1,TRUE,p25_in_GeneB__dc_in_GeneA,OG0000893,TRUE,TRUE,TRUE
4987,DAKCFMEO_05060,BJEIHDPM_01433,WP_011105332.1,DAKCFMEO_05060,WP_011105332.1,TRUE,p25_in_GeneB__dc_in_GeneA,OG0003723,TRUE,TRUE,TRUE
4988,DAKCFMEO_05061,BJEIHDPM_01434,WP_011105333.1,DAKCFMEO_05061,WP_011105333.1,TRUE,p25_in_GeneB__dc_in_GeneA,OG0003724,TRUE,TRUE,TRUE
4989,DAKCFMEO_05062,BJEIHDPM_01435,WP_005621218.1,DAKCFMEO_05062,WP_005621218.1,TRUE,p25_in_GeneB__dc_in_GeneA,OG0001226,TRUE,TRUE,TRUE
4990,DAKCFMEO_05063,BJEIHDPM_01436,WP_003378861.1,DAKCFMEO_05063,WP_003378861.1,TRUE,p25_in_GeneB__dc_in_GeneA,OG0000894,TRUE,TRUE,TRUE
4991,DAKCFMEO_05064,BJEIHDPM_01437,WP_005765516.1,DAKCFMEO_05064,WP_005765516.1,TRUE,p25_in_GeneB__dc_in_GeneA,OG0001695,TRUE,TRUE,TRUE
4992,DAKCFMEO_05065,BJEIHDPM_01438,WP_046463876.1,DAKCFMEO_05065,WP_046463876.1,TRUE,p25_in_GeneB__dc_in_GeneA,OG0004026,TRUE,TRUE,TRUE
4993,DAKCFMEO_05066,BJEIHDPM_01439,,DAKCFMEO_05066,NA,FALSE,,,FALSE,FALSE,FALSE
4994,DAKCFMEO_05067,BJEIHDPM_01440,WP_005739559.1,DAKCFMEO_05067,WP_005739559.1,TRUE,p25_in_GeneB__dc_in_GeneA,OG0001290,TRUE,TRUE,TRUE
4995,DAKCFMEO_05068,BJEIHDPM_01441,WP_011105335.1,DAKCFMEO_05068,WP_011105335.1,FALSE,,,TRUE,FALSE,FALSE
4996,DAKCFMEO_05069,BJEIHDPM_01442,WP_011105336.1,DAKCFMEO_05069,WP_011105336.1,TRUE,p25_in_GeneB__dc_in_GeneA,OG0003725,TRUE,TRUE,TRUE
4997,DAKCFMEO_05070,BJEIHDPM_01443,,DAKCFMEO_05070,NA,FALSE,,,FALSE,FALSE,FALSE
4998,DAKCFMEO_05071,BJEIHDPM_01444,,DAKCFMEO_05071,NA,FALSE,,,FALSE,FALSE,FALSE
4999,DAKCFMEO_05072,BJEIHDPM_01445,,DAKCFMEO_05072,NA,FALSE,,,FALSE,FALSE,FALSE
5000,DAKCFMEO_05073,BJEIHDPM_01446,WP_005765531.1,DAKCFMEO_05073,WP_005765531.1,TRUE,p25_in_GeneB__dc_in_GeneA,OG0001696,TRUE,TRUE,TRUE
5001,DAKCFMEO_05074,BJEIHDPM_01447,WP_003378882.1,DAKCFMEO_05074,WP_003378882.1,TRUE,p25_in_GeneB__dc_in_GeneA,OG0000895,TRUE,TRUE,TRUE
5002,DAKCFMEO_05075,BJEIHDPM_01448,WP_003378884.1,DAKCFMEO_05075,WP_003378884.1,FALSE,,,TRUE,FALSE,FALSE
5003,DAKCFMEO_05076,BJEIHDPM_01449,WP_011105338.1,DAKCFMEO_05076,WP_011105338.1,TRUE,p25_in_GeneB__dc_in_GeneA,OG0003727,TRUE,TRUE,TRUE
5004,DAKCFMEO_05077,BJEIHDPM_01450,WP_007245582.1,DAKCFMEO_05077,WP_007245582.1,TRUE,p25_in_GeneB__dc_in_GeneA,OG0002594,TRUE,TRUE,TRUE
5005,DAKCFMEO_05078,BJEIHDPM_01451,WP_011105339.1,DAKCFMEO_05078,WP_011105339.1,TRUE,p25_in_GeneB__dc_in_GeneA,OG0003728,TRUE,TRUE,TRUE
5006,DAKCFMEO_05079,BJEIHDPM_01452,WP_011105340.1,DAKCFMEO_05079,WP_011105340.1,TRUE,p25_in_GeneB__dc_in_GeneA,OG0003729,TRUE,TRUE,TRUE
5007,DAKCFMEO_05080,BJEIHDPM_01453,WP_003378893.1,DAKCFMEO_05080,WP_003378893.1,TRUE,p25_in_GeneB__dc_in_GeneA,OG0000896,TRUE,TRUE,TRUE
5008,DAKCFMEO_05081,BJEIHDPM_01454,WP_005765539.1,DAKCFMEO_05081,WP_005765539.1,TRUE,p25_in_GeneB__dc_in_GeneA,OG0001697,TRUE,TRUE,TRUE
5009,DAKCFMEO_05082,BJEIHDPM_01455,WP_005765541.1,DAKCFMEO_05082,WP_005765541.1,TRUE,p25_in_GeneB__dc_in_GeneA,OG0001698,TRUE,TRUE,TRUE
5010,DAKCFMEO_05083,BJEIHDPM_01456,WP_011105341.1,DAKCFMEO_05083,WP_011105341.1,TRUE,p25_in_GeneB__dc_in_GeneA,OG0003730,TRUE,TRUE,TRUE
5011,DAKCFMEO_05084,BJEIHDPM_01457,WP_011105342.1,DAKCFMEO_05084,WP_011105342.1,FALSE,,,TRUE,FALSE,FALSE
5012,DAKCFMEO_05085,BJEIHDPM_01458,WP_011105343.1,DAKCFMEO_05085,WP_011105343.1,FALSE,,,TRUE,FALSE,FALSE
5013,DAKCFMEO_05086,BJEIHDPM_01459,,DAKCFMEO_05086,NA,FALSE,,,FALSE,FALSE,FALSE
5014,DAKCFMEO_05087,BJEIHDPM_01460,WP_007245578.1,DAKCFMEO_05087,WP_007245578.1,TRUE,p25_in_GeneB__dc_in_GeneA,OG0002593,TRUE,TRUE,TRUE
5015,DAKCFMEO_05088,BJEIHDPM_01461,WP_011105344.1,DAKCFMEO_05088,WP_011105344.1,TRUE,p25_in_GeneB__dc_in_GeneA,OG0003731,TRUE,TRUE,TRUE
5016,DAKCFMEO_05089,BJEIHDPM_01462,WP_005765550.1,DAKCFMEO_05089,WP_005765550.1,TRUE,p25_in_GeneB__dc_in_GeneA,OG0001699,TRUE,TRUE,TRUE
5017,DAKCFMEO_05090,BJEIHDPM_01463,WP_005765551.1,DAKCFMEO_05090,WP_005765551.1,TRUE,p25_in_GeneB__dc_in_GeneA,OG0001700,TRUE,TRUE,TRUE
5018,DAKCFMEO_05091,BJEIHDPM_01464,WP_005765552.1,DAKCFMEO_05091,WP_005765552.1,TRUE,p25_in_GeneB__dc_in_GeneA,OG0001701,TRUE,TRUE,TRUE
5019,DAKCFMEO_05092,BJEIHDPM_01465,WP_011105345.1,DAKCFMEO_05092,WP_011105345.1,TRUE,p25_in_GeneB__dc_in_GeneA,OG0003732,TRUE,TRUE,TRUE
5020,DAKCFMEO_05093,BJEIHDPM_01466,WP_005765555.1,DAKCFMEO_05093,WP_005765555.1,TRUE,p25_in_GeneB__dc_in_GeneA,OG0001702,TRUE,TRUE,TRUE
5021,DAKCFMEO_05094,BJEIHDPM_01467,WP_003381390.1,DAKCFMEO_05094,WP_003381390.1,TRUE,p25_in_GeneB__dc_in_GeneA,OG0000986,TRUE,TRUE,TRUE
5022,DAKCFMEO_05095,BJEIHDPM_01468,,DAKCFMEO_05095,NA,FALSE,,,FALSE,FALSE,FALSE
5023,DAKCFMEO_05096,BJEIHDPM_01469,WP_002551616.1,DAKCFMEO_05096,WP_002551616.1,TRUE,p25_in_GeneB__dc_in_GeneA,OG0000632,TRUE,TRUE,TRUE
5024,DAKCFMEO_05097,BJEIHDPM_01470,WP_011105347.1,DAKCFMEO_05097,WP_011105347.1,TRUE,p25_in_GeneB__dc_in_GeneA,OG0003733,TRUE,TRUE,TRUE
5025,DAKCFMEO_05098,BJEIHDPM_01471,WP_005765484.1,DAKCFMEO_05098,WP_005765484.1,TRUE,p25_in_GeneB__dc_in_GeneA,OG0001690,TRUE,TRUE,TRUE
5026,DAKCFMEO_05099,BJEIHDPM_01472,,DAKCFMEO_05099,NA,FALSE,,,FALSE,FALSE,FALSE
5027,DAKCFMEO_05100,BJEIHDPM_01473,WP_005621194.1,DAKCFMEO_05100,WP_005621194.1,TRUE,p25_in_GeneB__dc_in_GeneA,OG0001225,TRUE,TRUE,TRUE
5028,DAKCFMEO_05101,BJEIHDPM_01474,WP_011105326.1,DAKCFMEO_05101,WP_011105326.1,TRUE,p25_in_GeneB__dc_in_GeneA,OG0003719,TRUE,TRUE,TRUE
5029,DAKCFMEO_05102,BJEIHDPM_01475,WP_011105328.1,DAKCFMEO_05102,WP_011105328.1,TRUE,p25_in_GeneB__dc_in_GeneA,OG0003720,TRUE,TRUE,TRUE
5030,DAKCFMEO_05103,BJEIHDPM_01476,WP_005765495.1,DAKCFMEO_05103,WP_005765495.1,TRUE,p25_in_GeneB__dc_in_GeneA,OG0001691,TRUE,TRUE,TRUE
5031,DAKCFMEO_05104,BJEIHDPM_01477,WP_007245596.1,DAKCFMEO_05104,WP_007245596.1,TRUE,p25_in_GeneB__dc_in_GeneA,OG0002595,TRUE,TRUE,TRUE
5032,DAKCFMEO_05105,BJEIHDPM_01478,WP_005765499.1,DAKCFMEO_05105,WP_005765499.1,TRUE,p25_in_GeneB__dc_in_GeneA,OG0001692,TRUE,TRUE,TRUE
5033,DAKCFMEO_05106,BJEIHDPM_01479,WP_003378849.1,DAKCFMEO_05106,WP_003378849.1,TRUE,p25_in_GeneB__dc_in_GeneA,OG0000891,TRUE,TRUE,TRUE
5034,DAKCFMEO_05107,BJEIHDPM_01480,WP_005765501.1,DAKCFMEO_05107,WP_005765501.1,TRUE,p25_in_GeneB__dc_in_GeneA,OG0001693,TRUE,TRUE,TRUE
5035,DAKCFMEO_05108,BJEIHDPM_01481,WP_005765503.1,DAKCFMEO_05108,WP_005765503.1,TRUE,p25_in_GeneB__dc_in_GeneA,OG0001694,TRUE,TRUE,TRUE
5036,DAKCFMEO_05109,BJEIHDPM_01482,WP_011105329.1,DAKCFMEO_05109,WP_011105329.1,TRUE,p25_in_GeneB__dc_in_GeneA,OG0003721,TRUE,TRUE,TRUE
5037,DAKCFMEO_05110,BJEIHDPM_01483,WP_011105330.1,DAKCFMEO_05110,WP_011105330.1,TRUE,p25_in_GeneB__dc_in_GeneA,OG0003722,TRUE,TRUE,TRUE
5038,DAKCFMEO_05111,BJEIHDPM_01484,WP_003383161.1,DAKCFMEO_05111,WP_003383161.1,TRUE,p25_in_GeneB__dc_in_GeneA,OG0001053,TRUE,TRUE,TRUE
5039,DAKCFMEO_05112,BJEIHDPM_01485,WP_005737390.1,DAKCFMEO_05112,WP_005737390.1,TRUE,p25_in_GeneB__dc_in_GeneA,OG0001258,TRUE,TRUE,TRUE
5040,DAKCFMEO_05113,BJEIHDPM_01486,WP_003380207.1,DAKCFMEO_05113,WP_003380207.1,TRUE,p25_in_GeneB__dc_in_GeneA,OG0000935,TRUE,TRUE,TRUE
5041,DAKCFMEO_05114,BJEIHDPM_01487,WP_005763515.1,DAKCFMEO_05114,WP_005763515.1,FALSE,,,TRUE,FALSE,FALSE
5042,DAKCFMEO_05115,BJEIHDPM_01488,WP_011103115.1,DAKCFMEO_05115,WP_011103115.1,TRUE,p25_in_GeneB__dc_in_GeneA,OG0002832,TRUE,TRUE,TRUE
5043,DAKCFMEO_05116,BJEIHDPM_01489,WP_046463602.1,DAKCFMEO_05116,WP_046463602.1,TRUE,p25_in_GeneB__dc_in_GeneA,OG0004005,TRUE,TRUE,TRUE
5044,DAKCFMEO_05117,BJEIHDPM_01490,WP_011103113.1,DAKCFMEO_05117,WP_011103113.1,TRUE,p25_in_GeneB__dc_in_GeneA,OG0002831,TRUE,TRUE,TRUE
5045,DAKCFMEO_05118,BJEIHDPM_01491,WP_011103111.1,DAKCFMEO_05118,WP_011103111.1,TRUE,p25_in_GeneB__dc_in_GeneA,OG0002830,TRUE,TRUE,TRUE
5046,DAKCFMEO_05119,BJEIHDPM_01492,WP_002555721.1,DAKCFMEO_05119,WP_002555721.1,TRUE,p25_in_GeneB__dc_in_GeneA,OG0000720,TRUE,TRUE,TRUE
5047,DAKCFMEO_05120,BJEIHDPM_01493,WP_011103110.1,DAKCFMEO_05120,WP_011103110.1,FALSE,,,TRUE,FALSE,FALSE
5048,DAKCFMEO_05121,BJEIHDPM_01494,WP_011103109.1,DAKCFMEO_05121,WP_011103109.1,TRUE,p25_in_GeneB__dc_in_GeneA,OG0002829,TRUE,TRUE,TRUE
5049,DAKCFMEO_05122,BJEIHDPM_01495,WP_011103108.1,DAKCFMEO_05122,WP_011103108.1,FALSE,,,TRUE,FALSE,FALSE
5050,DAKCFMEO_05123,BJEIHDPM_01496,,DAKCFMEO_05123,NA,FALSE,,,FALSE,FALSE,FALSE
5051,DAKCFMEO_05124,BJEIHDPM_01497,WP_011103107.1,DAKCFMEO_05124,WP_011103107.1,TRUE,p25_in_GeneB__dc_in_GeneA,OG0002828,TRUE,TRUE,TRUE
5052,DAKCFMEO_05125,BJEIHDPM_01498,,DAKCFMEO_05125,NA,FALSE,,,FALSE,FALSE,FALSE
5053,DAKCFMEO_05126,BJEIHDPM_01499,WP_005768464.1,DAKCFMEO_05126,WP_005768464.1,FALSE,,,TRUE,FALSE,FALSE
5054,DAKCFMEO_05127,BJEIHDPM_01500,WP_010216200.1,DAKCFMEO_05127,WP_010216200.1,TRUE,p25_in_GeneB__dc_in_GeneA,OG0002756,TRUE,TRUE,TRUE
5055,DAKCFMEO_05128,BJEIHDPM_01501,WP_005765567.1,DAKCFMEO_05128,WP_005765567.1,TRUE,p25_in_GeneB__dc_in_GeneA,OG0001707,TRUE,TRUE,TRUE
5056,DAKCFMEO_05129,BJEIHDPM_01502,WP_005765569.1,DAKCFMEO_05129,WP_005765569.1,FALSE,,,TRUE,FALSE,FALSE
5057,DAKCFMEO_05130,BJEIHDPM_01503,WP_003381368.1,DAKCFMEO_05130,WP_003381368.1,FALSE,,,TRUE,FALSE,FALSE
5058,DAKCFMEO_05131,BJEIHDPM_01504,WP_007245567.1,DAKCFMEO_05131,WP_007245567.1,FALSE,,,TRUE,FALSE,FALSE
5059,DAKCFMEO_05132,BJEIHDPM_01505,WP_005765571.1,DAKCFMEO_05132,WP_005765571.1,TRUE,p25_in_GeneB__dc_in_GeneA,OG0001708,TRUE,TRUE,TRUE
5060,DAKCFMEO_05133,BJEIHDPM_01506,WP_046463882.1,DAKCFMEO_05133,WP_046463882.1,FALSE,,,TRUE,FALSE,FALSE
5061,DAKCFMEO_05134,BJEIHDPM_01507,WP_011105351.1,DAKCFMEO_05134,WP_011105351.1,FALSE,,,TRUE,FALSE,FALSE
5062,DAKCFMEO_05135,BJEIHDPM_01508,WP_011105352.1,DAKCFMEO_05135,WP_011105352.1,FALSE,,,TRUE,FALSE,FALSE
5063,DAKCFMEO_05136,BJEIHDPM_01509,,DAKCFMEO_05136,NA,FALSE,,,FALSE,FALSE,FALSE
5064,DAKCFMEO_05137,BJEIHDPM_01510,WP_011105353.1,DAKCFMEO_05137,WP_011105353.1,TRUE,p25_in_GeneB__dc_in_GeneA,OG0003735,TRUE,TRUE,TRUE
5065,DAKCFMEO_05138,BJEIHDPM_01511,WP_005765582.1,DAKCFMEO_05138,WP_005765582.1,TRUE,p25_in_GeneB__dc_in_GeneA,OG0001709,TRUE,TRUE,TRUE
5066,DAKCFMEO_05139,BJEIHDPM_01512,WP_005765584.1,DAKCFMEO_05139,WP_005765584.1,TRUE,p25_in_GeneB__dc_in_GeneA,OG0001710,TRUE,TRUE,TRUE
5067,DAKCFMEO_05140,BJEIHDPM_01513,WP_011105355.1,DAKCFMEO_05140,WP_011105355.1,TRUE,p25_in_GeneB__dc_in_GeneA,OG0003736,TRUE,TRUE,TRUE
5068,DAKCFMEO_05141,BJEIHDPM_01514,WP_011105356.1,DAKCFMEO_05141,WP_011105356.1,FALSE,,,TRUE,FALSE,FALSE
5069,DAKCFMEO_05142,BJEIHDPM_01515,WP_011105357.1,DAKCFMEO_05142,WP_011105357.1,FALSE,,,TRUE,FALSE,FALSE
5070,DAKCFMEO_05143,BJEIHDPM_01516,WP_005765592.1,DAKCFMEO_05143,WP_005765592.1,FALSE,,,TRUE,FALSE,FALSE
5071,DAKCFMEO_05144,BJEIHDPM_01517,,DAKCFMEO_05144,NA,FALSE,,,FALSE,FALSE,FALSE
5072,DAKCFMEO_05145,BJEIHDPM_01518,,DAKCFMEO_05145,NA,FALSE,,,FALSE,FALSE,FALSE
5073,DAKCFMEO_05146,BJEIHDPM_01519,WP_011105359.1,DAKCFMEO_05146,WP_011105359.1,FALSE,,,TRUE,FALSE,FALSE
5074,DAKCFMEO_05147,BJEIHDPM_01520,WP_005737007.1,DAKCFMEO_05147,WP_005737007.1,TRUE,p25_in_GeneB__dc_in_GeneA,OG0001254,TRUE,TRUE,TRUE
5075,DAKCFMEO_05148,BJEIHDPM_01521,WP_011105360.1,DAKCFMEO_05148,WP_011105360.1,TRUE,p25_in_GeneB__dc_in_GeneA,OG0003737,TRUE,TRUE,TRUE
5076,DAKCFMEO_05149,BJEIHDPM_01522,WP_011105361.1,DAKCFMEO_05149,WP_011105361.1,FALSE,,,TRUE,FALSE,FALSE
5077,DAKCFMEO_05150,BJEIHDPM_01523,WP_046463880.1,DAKCFMEO_05150,WP_046463880.1,TRUE,p25_in_GeneB__dc_in_GeneA,OG0004027,TRUE,TRUE,TRUE
5078,DAKCFMEO_05151,BJEIHDPM_01524,WP_011105375.1,DAKCFMEO_05151,WP_011105375.1,FALSE,,,TRUE,FALSE,FALSE
5079,DAKCFMEO_05152,BJEIHDPM_01525,WP_005765610.1,DAKCFMEO_05152,WP_005765610.1,TRUE,p25_in_GeneB__dc_in_GeneA,OG0001711,TRUE,TRUE,TRUE
5080,DAKCFMEO_05153,BJEIHDPM_01526,WP_011105376.1,DAKCFMEO_05153,WP_011105376.1,TRUE,p25_in_GeneB__dc_in_GeneA,OG0003741,TRUE,TRUE,TRUE
5081,DAKCFMEO_05154,BJEIHDPM_01527,WP_024656430.1,DAKCFMEO_05154,WP_024656430.1,TRUE,p25_in_GeneB__dc_in_GeneA,OG0003856,TRUE,TRUE,TRUE
5082,DAKCFMEO_05155,BJEIHDPM_01528,WP_007247332.1,DAKCFMEO_05155,WP_007247332.1,TRUE,p25_in_GeneB__dc_in_GeneA,OG0002712,TRUE,TRUE,TRUE
5083,DAKCFMEO_05156,BJEIHDPM_01529,WP_011103093.1,DAKCFMEO_05156,WP_011103093.1,TRUE,p25_in_GeneB__dc_in_GeneA,OG0002820,TRUE,TRUE,TRUE
5084,DAKCFMEO_05157,BJEIHDPM_01530,WP_011103092.1,DAKCFMEO_05157,WP_011103092.1,TRUE,p25_in_GeneB__dc_in_GeneA,OG0002819,TRUE,TRUE,TRUE
5085,DAKCFMEO_05158,BJEIHDPM_01531,WP_003380252.1,DAKCFMEO_05158,WP_003380252.1,TRUE,p25_in_GeneB__dc_in_GeneA,OG0000940,TRUE,TRUE,TRUE
5086,DAKCFMEO_05159,BJEIHDPM_01532,WP_003380253.1,DAKCFMEO_05159,WP_003380253.1,TRUE,p25_in_GeneB__dc_in_GeneA,OG0000941,TRUE,TRUE,TRUE
5087,DAKCFMEO_05160,BJEIHDPM_01533,WP_005763424.1,DAKCFMEO_05160,WP_005763424.1,TRUE,p25_in_GeneB__dc_in_GeneA,OG0001431,TRUE,TRUE,TRUE
5088,DAKCFMEO_05161,BJEIHDPM_01534,WP_011103091.1,DAKCFMEO_05161,WP_011103091.1,FALSE,,,TRUE,FALSE,FALSE
5089,DAKCFMEO_05162,BJEIHDPM_01535,WP_002551397.1,DAKCFMEO_05162,WP_002551397.1,TRUE,p25_in_GeneB__dc_in_GeneA,OG0000623,TRUE,TRUE,TRUE
5090,DAKCFMEO_05163,BJEIHDPM_01536,WP_011103090.1,DAKCFMEO_05163,WP_011103090.1,FALSE,,,TRUE,FALSE,FALSE
5091,DAKCFMEO_05164,BJEIHDPM_01537,WP_044393593.1,DAKCFMEO_05164,WP_044393593.1,TRUE,p25_in_GeneB__dc_in_GeneA,OG0003923,TRUE,TRUE,TRUE
5092,DAKCFMEO_05165,BJEIHDPM_01538,WP_005763415.1,DAKCFMEO_05165,WP_005763415.1,FALSE,,,TRUE,FALSE,FALSE
5093,DAKCFMEO_05166,BJEIHDPM_01539,WP_011105406.1,DAKCFMEO_05166,WP_011105406.1,TRUE,p25_in_GeneB__dc_in_GeneA,OG0003760,TRUE,TRUE,TRUE
5094,DAKCFMEO_05167,BJEIHDPM_01540,WP_003382072.1,DAKCFMEO_05167,WP_003382072.1,TRUE,p25_in_GeneB__dc_in_GeneA,OG0001008,TRUE,TRUE,TRUE
5095,DAKCFMEO_05168,BJEIHDPM_01541,,DAKCFMEO_05168,NA,FALSE,,,FALSE,FALSE,FALSE
5096,DAKCFMEO_05169,BJEIHDPM_01542,WP_003382074.1,DAKCFMEO_05169,WP_003382074.1,TRUE,p25_in_GeneB__dc_in_GeneA,OG0001009,TRUE,TRUE,TRUE
5097,DAKCFMEO_05170,BJEIHDPM_01543,WP_002555745.1,DAKCFMEO_05170,WP_002555745.1,TRUE,p25_in_GeneB__dc_in_GeneA,OG0000721,TRUE,TRUE,TRUE
5098,DAKCFMEO_05171,BJEIHDPM_01544,WP_011105407.1,DAKCFMEO_05171,WP_011105407.1,TRUE,p25_in_GeneB__dc_in_GeneA,OG0003761,TRUE,TRUE,TRUE
5099,DAKCFMEO_05172,BJEIHDPM_01545,WP_011105408.1,DAKCFMEO_05172,WP_011105408.1,TRUE,p25_in_GeneB__dc_in_GeneA,OG0003762,TRUE,TRUE,TRUE
5100,DAKCFMEO_05173,BJEIHDPM_01546,WP_010208255.1,DAKCFMEO_05173,WP_010208255.1,FALSE,,,TRUE,FALSE,FALSE
5101,DAKCFMEO_05174,BJEIHDPM_01547,WP_007247432.1,DAKCFMEO_05174,WP_007247432.1,TRUE,p25_in_GeneB__dc_in_GeneA,OG0002715,TRUE,TRUE,TRUE
5102,DAKCFMEO_05175,BJEIHDPM_01548,WP_005767052.1,DAKCFMEO_05175,WP_005767052.1,FALSE,,,TRUE,FALSE,FALSE
5103,DAKCFMEO_05176,BJEIHDPM_01549,WP_011105411.1,DAKCFMEO_05176,WP_011105411.1,TRUE,p25_in_GeneB__dc_in_GeneA,OG0003763,TRUE,TRUE,TRUE
5104,DAKCFMEO_05177,BJEIHDPM_01550,WP_003382082.1,DAKCFMEO_05177,WP_003382082.1,FALSE,,,TRUE,FALSE,FALSE
5105,DAKCFMEO_05178,BJEIHDPM_01551,WP_011105412.1,DAKCFMEO_05178,WP_011105412.1,TRUE,p25_in_GeneB__dc_in_GeneA,OG0003764,TRUE,TRUE,TRUE
5106,DAKCFMEO_05179,BJEIHDPM_01552,WP_003382085.1,DAKCFMEO_05179,WP_003382085.1,TRUE,p25_in_GeneB__dc_in_GeneA,OG0001010,TRUE,TRUE,TRUE
5107,DAKCFMEO_05180,BJEIHDPM_01553,WP_002555947.1,DAKCFMEO_05180,WP_002555947.1,TRUE,p25_in_GeneB__dc_in_GeneA,OG0000725,TRUE,TRUE,TRUE
5108,DAKCFMEO_05181,BJEIHDPM_01554,WP_011103056.1,DAKCFMEO_05181,WP_011103056.1,TRUE,p25_in_GeneB__dc_in_GeneA,OG0002817,TRUE,TRUE,TRUE
5109,DAKCFMEO_05182,BJEIHDPM_01555,WP_011103055.1,DAKCFMEO_05182,WP_011103055.1,FALSE,,,TRUE,FALSE,FALSE
5110,DAKCFMEO_05183,BJEIHDPM_01556,WP_010207549.1,DAKCFMEO_05183,WP_010207549.1,TRUE,p25_in_GeneB__dc_in_GeneA,OG0002745,TRUE,TRUE,TRUE
5111,DAKCFMEO_05184,BJEIHDPM_01557,WP_010205950.1,DAKCFMEO_05184,WP_010205950.1,TRUE,p25_in_GeneB__dc_in_GeneA,OG0002742,TRUE,TRUE,TRUE
5112,DAKCFMEO_05185,BJEIHDPM_01558,,DAKCFMEO_05185,NA,FALSE,,,FALSE,FALSE,FALSE
5113,DAKCFMEO_05186,BJEIHDPM_01559,WP_002555770.1,DAKCFMEO_05186,WP_002555770.1,TRUE,p25_in_GeneB__dc_in_GeneA,OG0000722,TRUE,TRUE,TRUE
5114,DAKCFMEO_05187,BJEIHDPM_01560,WP_011105420.1,DAKCFMEO_05187,WP_011105420.1,TRUE,p25_in_GeneB__dc_in_GeneA,OG0003767,TRUE,TRUE,TRUE
5115,DAKCFMEO_05188,BJEIHDPM_01561,WP_005767089.1,DAKCFMEO_05188,WP_005767089.1,TRUE,p25_in_GeneB__dc_in_GeneA,OG0001943,TRUE,TRUE,TRUE
5116,DAKCFMEO_05189,BJEIHDPM_01562,WP_005767090.1,DAKCFMEO_05189,WP_005767090.1,FALSE,,,TRUE,FALSE,FALSE
5117,DAKCFMEO_05190,BJEIHDPM_01563,,DAKCFMEO_05190,NA,FALSE,,,FALSE,FALSE,FALSE
5118,DAKCFMEO_05191,BJEIHDPM_01564,,DAKCFMEO_05191,NA,FALSE,,,FALSE,FALSE,FALSE
5119,DAKCFMEO_05192,BJEIHDPM_01565,WP_004397208.1,DAKCFMEO_05192,WP_004397208.1,TRUE,p25_in_GeneB__dc_in_GeneA,OG0001092,TRUE,TRUE,TRUE
5120,DAKCFMEO_05193,BJEIHDPM_01566,WP_011105421.1,DAKCFMEO_05193,WP_011105421.1,TRUE,p25_in_GeneB__dc_in_GeneA,OG0003768,TRUE,TRUE,TRUE
5121,DAKCFMEO_05194,BJEIHDPM_01567,WP_011105422.1,DAKCFMEO_05194,WP_011105422.1,TRUE,p25_in_GeneB__dc_in_GeneA,OG0003769,TRUE,TRUE,TRUE
5122,DAKCFMEO_05195,BJEIHDPM_01568,WP_005767098.1,DAKCFMEO_05195,WP_005767098.1,TRUE,p25_in_GeneB__dc_in_GeneA,OG0001944,TRUE,TRUE,TRUE
5123,DAKCFMEO_05196,BJEIHDPM_01569,WP_011105423.1,DAKCFMEO_05196,WP_011105423.1,TRUE,p25_in_GeneB__dc_in_GeneA,OG0003770,TRUE,TRUE,TRUE
5124,DAKCFMEO_05197,BJEIHDPM_01570,WP_011105424.1,DAKCFMEO_05197,WP_011105424.1,TRUE,p25_in_GeneB__dc_in_GeneA,OG0003771,TRUE,TRUE,TRUE
5125,DAKCFMEO_05198,BJEIHDPM_01571,WP_011105425.1,DAKCFMEO_05198,WP_011105425.1,TRUE,p25_in_GeneB__dc_in_GeneA,OG0003772,TRUE,TRUE,TRUE
5126,DAKCFMEO_05199,BJEIHDPM_01572,WP_005621582.1,DAKCFMEO_05199,WP_005621582.1,TRUE,p25_in_GeneB__dc_in_GeneA,OG0001229,TRUE,TRUE,TRUE
5127,DAKCFMEO_05200,BJEIHDPM_01573,WP_005621585.1,DAKCFMEO_05200,WP_005621585.1,TRUE,p25_in_GeneB__dc_in_GeneA,OG0001230,TRUE,TRUE,TRUE
5128,DAKCFMEO_05201,BJEIHDPM_01574,WP_004397172.1,DAKCFMEO_05201,WP_004397172.1,TRUE,p25_in_GeneB__dc_in_GeneA,OG0001091,TRUE,TRUE,TRUE
5129,DAKCFMEO_05202,BJEIHDPM_01575,WP_011105426.1,DAKCFMEO_05202,WP_011105426.1,TRUE,p25_in_GeneB__dc_in_GeneA,OG0003773,TRUE,TRUE,TRUE
5130,DAKCFMEO_05203,BJEIHDPM_01576,WP_011105427.1,DAKCFMEO_05203,WP_011105427.1,TRUE,p25_in_GeneB__dc_in_GeneA,OG0003774,TRUE,TRUE,TRUE
5131,DAKCFMEO_05204,BJEIHDPM_01577,WP_005767110.1,DAKCFMEO_05204,WP_005767110.1,TRUE,p25_in_GeneB__dc_in_GeneA,OG0001945,TRUE,TRUE,TRUE
5132,DAKCFMEO_05205,BJEIHDPM_01578,WP_007246844.1,DAKCFMEO_05205,WP_007246844.1,TRUE,p25_in_GeneB__dc_in_GeneA,OG0002684,TRUE,TRUE,TRUE
5133,DAKCFMEO_05206,BJEIHDPM_01579,WP_046463718.1,DAKCFMEO_05206,WP_046463718.1,TRUE,p25_in_GeneB__dc_in_GeneA,OG0004014,TRUE,TRUE,TRUE
5134,DAKCFMEO_05207,BJEIHDPM_01580,WP_005767116.1,DAKCFMEO_05207,WP_005767116.1,TRUE,p25_in_GeneB__dc_in_GeneA,OG0001946,TRUE,TRUE,TRUE
5135,DAKCFMEO_05208,BJEIHDPM_01581,WP_007246848.1,DAKCFMEO_05208,WP_007246848.1,TRUE,p25_in_GeneB__dc_in_GeneA,OG0002685,TRUE,TRUE,TRUE
5136,DAKCFMEO_05209,BJEIHDPM_01582,WP_004397145.1,DAKCFMEO_05209,WP_004397145.1,TRUE,p25_in_GeneB__dc_in_GeneA,OG0001090,TRUE,TRUE,TRUE
5137,DAKCFMEO_05210,BJEIHDPM_01583,WP_005767120.1,DAKCFMEO_05210,WP_005767120.1,TRUE,p25_in_GeneB__dc_in_GeneA,OG0001947,TRUE,TRUE,TRUE
5138,DAKCFMEO_05211,BJEIHDPM_01584,WP_002551454.1,DAKCFMEO_05211,WP_002551454.1,TRUE,p25_in_GeneB__dc_in_GeneA,OG0000624,TRUE,TRUE,TRUE
5139,DAKCFMEO_05212,BJEIHDPM_01585,WP_011105431.1,DAKCFMEO_05212,WP_011105431.1,FALSE,,,TRUE,FALSE,FALSE
5140,DAKCFMEO_05213,BJEIHDPM_01586,,DAKCFMEO_05213,NA,FALSE,,,FALSE,FALSE,FALSE
5141,DAKCFMEO_05214,BJEIHDPM_01587,,DAKCFMEO_05214,NA,FALSE,,,FALSE,FALSE,FALSE
5142,DAKCFMEO_05215,BJEIHDPM_01588,WP_011105432.1,DAKCFMEO_05215,WP_011105432.1,TRUE,p25_in_GeneB__dc_in_GeneA,OG0003775,TRUE,TRUE,TRUE
5143,DAKCFMEO_05216,BJEIHDPM_01589,,DAKCFMEO_05216,NA,FALSE,,,FALSE,FALSE,FALSE
5144,DAKCFMEO_05217,BJEIHDPM_01590,WP_011105433.1,DAKCFMEO_05217,WP_011105433.1,TRUE,p25_in_GeneB__dc_in_GeneA,OG0003776,TRUE,TRUE,TRUE
5145,DAKCFMEO_05218,BJEIHDPM_01591,WP_005767127.1,DAKCFMEO_05218,WP_005767127.1,TRUE,p25_in_GeneB__dc_in_GeneA,OG0001948,TRUE,TRUE,TRUE
5146,DAKCFMEO_05219,BJEIHDPM_01592,WP_002555777.1,DAKCFMEO_05219,WP_002555777.1,TRUE,p25_in_GeneB__dc_in_GeneA,OG0000723,TRUE,TRUE,TRUE
5147,DAKCFMEO_05221,BJEIHDPM_01594,,DAKCFMEO_05221,NA,FALSE,,,FALSE,FALSE,FALSE
5148,DAKCFMEO_05222,BJEIHDPM_01595,,DAKCFMEO_05222,NA,FALSE,,,FALSE,FALSE,FALSE
5149,DAKCFMEO_05223,BJEIHDPM_01596,WP_011105437.1,DAKCFMEO_05223,WP_011105437.1,TRUE,p25_in_GeneB__dc_in_GeneA,OG0003777,TRUE,TRUE,TRUE
5150,DAKCFMEO_05224,BJEIHDPM_01597,WP_011105438.1,DAKCFMEO_05224,WP_011105438.1,FALSE,,,TRUE,FALSE,FALSE
5151,DAKCFMEO_05225,BJEIHDPM_01598,WP_005737150.1,DAKCFMEO_05225,WP_005737150.1,TRUE,p25_in_GeneB__dc_in_GeneA,OG0001257,TRUE,TRUE,TRUE
5152,DAKCFMEO_05226,BJEIHDPM_01599,WP_011105441.1,DAKCFMEO_05226,WP_011105441.1,TRUE,p25_in_GeneB__dc_in_GeneA,OG0003778,TRUE,TRUE,TRUE
5153,DAKCFMEO_05227,BJEIHDPM_01600,WP_005737152.1,DAKCFMEO_05227,WP_005737152.1,FALSE,,,TRUE,FALSE,FALSE
5154,DAKCFMEO_05228,BJEIHDPM_01601,WP_011105442.1,DAKCFMEO_05228,WP_011105442.1,TRUE,p25_in_GeneB__dc_in_GeneA,OG0003779,TRUE,TRUE,TRUE
5155,DAKCFMEO_05229,BJEIHDPM_01602,WP_011105443.1,DAKCFMEO_05229,WP_011105443.1,TRUE,p25_in_GeneB__dc_in_GeneA,OG0003780,TRUE,TRUE,TRUE
5156,DAKCFMEO_05230,BJEIHDPM_01603,WP_003383265.1,DAKCFMEO_05230,WP_003383265.1,TRUE,p25_in_GeneB__dc_in_GeneA,OG0001057,TRUE,TRUE,TRUE
5157,DAKCFMEO_05231,BJEIHDPM_01604,WP_011105444.1,DAKCFMEO_05231,WP_011105444.1,TRUE,p25_in_GeneB__dc_in_GeneA,OG0003781,TRUE,TRUE,TRUE
5158,DAKCFMEO_05232,BJEIHDPM_01605,WP_005767187.1,DAKCFMEO_05232,WP_005767187.1,FALSE,,,TRUE,FALSE,FALSE
5159,DAKCFMEO_05233,BJEIHDPM_01606,WP_005767187.1,DAKCFMEO_05233,WP_005767187.1,FALSE,,,TRUE,FALSE,FALSE
5160,DAKCFMEO_05234,BJEIHDPM_01607,WP_011105445.1,DAKCFMEO_05234,WP_011105445.1,TRUE,p25_in_GeneB__dc_in_GeneA,OG0003782,TRUE,TRUE,TRUE
5161,DAKCFMEO_05236,BJEIHDPM_01609,WP_080597953.1,DAKCFMEO_05236,WP_080597953.1,FALSE,,,TRUE,FALSE,FALSE
5162,DAKCFMEO_05237,BJEIHDPM_01610,,DAKCFMEO_05237,NA,FALSE,,,FALSE,FALSE,FALSE
5163,DAKCFMEO_05238,BJEIHDPM_01611,,DAKCFMEO_05238,NA,FALSE,,,FALSE,FALSE,FALSE
5164,DAKCFMEO_05239,BJEIHDPM_01612,WP_011105460.1,DAKCFMEO_05239,WP_011105460.1,FALSE,,,TRUE,FALSE,FALSE
5165,DAKCFMEO_05240,BJEIHDPM_01613,WP_011105462.1,DAKCFMEO_05240,WP_011105462.1,TRUE,p25_in_GeneB__dc_in_GeneA,OG0003785,TRUE,TRUE,TRUE
5166,DAKCFMEO_05241,BJEIHDPM_01614,,DAKCFMEO_05241,NA,FALSE,,,FALSE,FALSE,FALSE
5167,DAKCFMEO_05242,BJEIHDPM_01615,WP_010209025.1,DAKCFMEO_05242,WP_010209025.1,TRUE,p25_in_GeneB__dc_in_GeneA,OG0002751,TRUE,TRUE,TRUE
5168,DAKCFMEO_05243,BJEIHDPM_01616,,DAKCFMEO_05243,NA,FALSE,,,FALSE,FALSE,FALSE
5169,DAKCFMEO_05244,BJEIHDPM_01617,,DAKCFMEO_05244,NA,FALSE,,,FALSE,FALSE,FALSE
5170,DAKCFMEO_05245,BJEIHDPM_01618,,DAKCFMEO_05245,NA,FALSE,,,FALSE,FALSE,FALSE
5171,DAKCFMEO_05246,BJEIHDPM_01619,WP_011105463.1,DAKCFMEO_05246,WP_011105463.1,TRUE,p25_in_GeneB__dc_in_GeneA,OG0003786,TRUE,TRUE,TRUE
5172,DAKCFMEO_05247,BJEIHDPM_01620,WP_057443202.1,DAKCFMEO_05247,WP_057443202.1,TRUE,p25_in_GeneB__dc_in_GeneA,OG0004064,TRUE,TRUE,TRUE
5173,DAKCFMEO_05248,BJEIHDPM_01621,WP_011105465.1,DAKCFMEO_05248,WP_011105465.1,TRUE,p25_in_GeneB__dc_in_GeneA,OG0003787,TRUE,TRUE,TRUE
5174,DAKCFMEO_05249,BJEIHDPM_01622,WP_011105466.1,DAKCFMEO_05249,WP_011105466.1,TRUE,p25_in_GeneB__dc_in_GeneA,OG0003788,TRUE,TRUE,TRUE
5175,DAKCFMEO_05250,BJEIHDPM_01623,WP_011105467.1,DAKCFMEO_05250,WP_011105467.1,FALSE,,,TRUE,FALSE,FALSE
5176,DAKCFMEO_05251,BJEIHDPM_01624,WP_011103413.1,DAKCFMEO_05251,WP_011103413.1,FALSE,,,TRUE,FALSE,FALSE
5177,DAKCFMEO_05252,BJEIHDPM_01625,WP_007246576.1,DAKCFMEO_05252,WP_007246576.1,FALSE,,,TRUE,FALSE,FALSE
5178,DAKCFMEO_05253,BJEIHDPM_01626,WP_007246575.1,DAKCFMEO_05253,WP_007246575.1,TRUE,p25_in_GeneB__dc_in_GeneA,OG0002667,TRUE,TRUE,TRUE
5179,DAKCFMEO_05254,BJEIHDPM_01627,WP_007246574.1,DAKCFMEO_05254,WP_007246574.1,FALSE,,,TRUE,FALSE,FALSE
5180,DAKCFMEO_05255,BJEIHDPM_01628,WP_011105468.1,DAKCFMEO_05255,WP_011105468.1,TRUE,p25_in_GeneB__dc_in_GeneA,OG0003789,TRUE,TRUE,TRUE
5181,DAKCFMEO_05256,BJEIHDPM_01629,WP_005769877.1,DAKCFMEO_05256,WP_005769877.1,TRUE,p25_in_GeneB__dc_in_GeneA,OG0002263,TRUE,TRUE,TRUE
5182,DAKCFMEO_05257,BJEIHDPM_01630,WP_005769875.1,DAKCFMEO_05257,WP_005769875.1,TRUE,p25_in_GeneB__dc_in_GeneA,OG0002262,TRUE,TRUE,TRUE
5183,DAKCFMEO_05258,BJEIHDPM_01631,WP_005769873.1,DAKCFMEO_05258,WP_005769873.1,TRUE,p25_in_GeneB__dc_in_GeneA,OG0002261,TRUE,TRUE,TRUE
5184,DAKCFMEO_05259,BJEIHDPM_01632,WP_005769871.1,DAKCFMEO_05259,WP_005769871.1,TRUE,p25_in_GeneB__dc_in_GeneA,OG0002260,TRUE,TRUE,TRUE
5185,DAKCFMEO_05260,BJEIHDPM_01633,WP_005769869.1,DAKCFMEO_05260,WP_005769869.1,TRUE,p25_in_GeneB__dc_in_GeneA,OG0002259,TRUE,TRUE,TRUE
5186,DAKCFMEO_05261,BJEIHDPM_01634,WP_005769867.1,DAKCFMEO_05261,WP_005769867.1,TRUE,p25_in_GeneB__dc_in_GeneA,OG0002258,TRUE,TRUE,TRUE
5187,DAKCFMEO_05262,BJEIHDPM_01635,WP_011105470.1,DAKCFMEO_05262,WP_011105470.1,FALSE,,,TRUE,FALSE,FALSE
5188,DAKCFMEO_05263,BJEIHDPM_01636,WP_005621742.1,DAKCFMEO_05263,WP_005621742.1,TRUE,p25_in_GeneB__dc_in_GeneA,OG0001231,TRUE,TRUE,TRUE
5189,DAKCFMEO_05264,BJEIHDPM_01637,WP_011105472.1,DAKCFMEO_05264,WP_011105472.1,FALSE,,,TRUE,FALSE,FALSE
5190,DAKCFMEO_05265,BJEIHDPM_01638,WP_011105473.1,DAKCFMEO_05265,WP_011105473.1,FALSE,,,TRUE,FALSE,FALSE
5191,DAKCFMEO_05266,BJEIHDPM_01639,,DAKCFMEO_05266,NA,FALSE,,,FALSE,FALSE,FALSE
5192,DAKCFMEO_05267,BJEIHDPM_01640,,DAKCFMEO_05267,NA,FALSE,,,FALSE,FALSE,FALSE
5193,DAKCFMEO_05268,BJEIHDPM_01641,,DAKCFMEO_05268,NA,FALSE,,,FALSE,FALSE,FALSE
5194,DAKCFMEO_05269,BJEIHDPM_01642,,DAKCFMEO_05269,NA,FALSE,,,FALSE,FALSE,FALSE
5195,DAKCFMEO_05270,BJEIHDPM_01643,,DAKCFMEO_05270,NA,FALSE,,,FALSE,FALSE,FALSE
5196,DAKCFMEO_05271,BJEIHDPM_01644,,DAKCFMEO_05271,NA,FALSE,,,FALSE,FALSE,FALSE
5197,DAKCFMEO_05272,BJEIHDPM_01645,,DAKCFMEO_05272,NA,FALSE,,,FALSE,FALSE,FALSE
5198,DAKCFMEO_05273,BJEIHDPM_01646,,DAKCFMEO_05273,NA,FALSE,,,FALSE,FALSE,FALSE
5199,DAKCFMEO_05274,BJEIHDPM_01649,,DAKCFMEO_05274,NA,FALSE,,,FALSE,FALSE,FALSE
5200,DAKCFMEO_05275,BJEIHDPM_01650,,DAKCFMEO_05275,NA,FALSE,,,FALSE,FALSE,FALSE
5201,DAKCFMEO_05276,BJEIHDPM_01651,,DAKCFMEO_05276,NA,FALSE,,,FALSE,FALSE,FALSE
5202,DAKCFMEO_05277,BJEIHDPM_01652,,DAKCFMEO_05277,NA,FALSE,,,FALSE,FALSE,FALSE
5203,DAKCFMEO_05278,BJEIHDPM_01653,,DAKCFMEO_05278,NA,FALSE,,,FALSE,FALSE,FALSE
5204,DAKCFMEO_05279,BJEIHDPM_01655,,DAKCFMEO_05279,NA,FALSE,,,FALSE,FALSE,FALSE
5205,DAKCFMEO_05280,BJEIHDPM_01656,,DAKCFMEO_05280,NA,FALSE,,,FALSE,FALSE,FALSE
5206,DAKCFMEO_05281,BJEIHDPM_01657,,DAKCFMEO_05281,NA,FALSE,,,FALSE,FALSE,FALSE
5207,DAKCFMEO_05282,BJEIHDPM_01658,,DAKCFMEO_05282,NA,FALSE,,,FALSE,FALSE,FALSE
5208,DAKCFMEO_05283,BJEIHDPM_01659,,DAKCFMEO_05283,NA,FALSE,,,FALSE,FALSE,FALSE
5209,DAKCFMEO_05284,BJEIHDPM_01660,,DAKCFMEO_05284,NA,FALSE,,,FALSE,FALSE,FALSE
5210,DAKCFMEO_05285,BJEIHDPM_01661,,DAKCFMEO_05285,NA,FALSE,,,FALSE,FALSE,FALSE
5211,DAKCFMEO_05286,BJEIHDPM_01662,,DAKCFMEO_05286,NA,FALSE,,,FALSE,FALSE,FALSE
5212,DAKCFMEO_05287,BJEIHDPM_01663,,DAKCFMEO_05287,NA,FALSE,,,FALSE,FALSE,FALSE
5213,DAKCFMEO_05288,BJEIHDPM_01664,,DAKCFMEO_05288,NA,FALSE,,,FALSE,FALSE,FALSE
5214,DAKCFMEO_05289,BJEIHDPM_01665,,DAKCFMEO_05289,NA,FALSE,,,FALSE,FALSE,FALSE
5215,DAKCFMEO_05290,BJEIHDPM_01666,,DAKCFMEO_05290,NA,FALSE,,,FALSE,FALSE,FALSE
5216,DAKCFMEO_05291,BJEIHDPM_01667,,DAKCFMEO_05291,NA,FALSE,,,FALSE,FALSE,FALSE
5217,DAKCFMEO_05292,BJEIHDPM_01668,,DAKCFMEO_05292,NA,FALSE,,,FALSE,FALSE,FALSE
5218,DAKCFMEO_05293,BJEIHDPM_01669,,DAKCFMEO_05293,NA,FALSE,,,FALSE,FALSE,FALSE
5219,DAKCFMEO_05294,BJEIHDPM_01670,,DAKCFMEO_05294,NA,FALSE,,,FALSE,FALSE,FALSE
5220,DAKCFMEO_05295,BJEIHDPM_01671,,DAKCFMEO_05295,NA,FALSE,,,FALSE,FALSE,FALSE
5221,DAKCFMEO_05296,BJEIHDPM_01672,WP_011105501.1,DAKCFMEO_05296,WP_011105501.1,FALSE,,,TRUE,FALSE,FALSE
5222,DAKCFMEO_05297,BJEIHDPM_01673,,DAKCFMEO_05297,NA,FALSE,,,FALSE,FALSE,FALSE
5223,DAKCFMEO_05298,BJEIHDPM_01674,WP_011105504.1,DAKCFMEO_05298,WP_011105504.1,TRUE,p25_in_GeneB__dc_in_GeneA,OG0003792,TRUE,TRUE,TRUE
5224,DAKCFMEO_05299,BJEIHDPM_01675,WP_005771635.1,DAKCFMEO_05299,WP_005771635.1,FALSE,,,TRUE,FALSE,FALSE
5225,DAKCFMEO_05300,BJEIHDPM_01676,,DAKCFMEO_05300,NA,FALSE,,,FALSE,FALSE,FALSE
5226,DAKCFMEO_05301,BJEIHDPM_01677,WP_011105506.1,DAKCFMEO_05301,WP_011105506.1,FALSE,,,TRUE,FALSE,FALSE
5227,DAKCFMEO_05302,BJEIHDPM_01678,WP_011105507.1,DAKCFMEO_05302,WP_011105507.1,TRUE,p25_in_GeneB__dc_in_GeneA,OG0003793,TRUE,TRUE,TRUE
5228,DAKCFMEO_05303,BJEIHDPM_01679,WP_007247460.1,DAKCFMEO_05303,WP_007247460.1,TRUE,p25_in_GeneB__dc_in_GeneA,OG0002716,TRUE,TRUE,TRUE
5229,DAKCFMEO_05304,BJEIHDPM_01680,WP_005771640.1,DAKCFMEO_05304,WP_005771640.1,TRUE,p25_in_GeneB__dc_in_GeneA,OG0002451,TRUE,TRUE,TRUE
5230,DAKCFMEO_05305,BJEIHDPM_01681,WP_011105509.1,DAKCFMEO_05305,WP_011105509.1,TRUE,p25_in_GeneB__dc_in_GeneA,OG0003794,TRUE,TRUE,TRUE
