Orthogroup	SpeciesA	GeneA	SpeciesB	GeneB
OG0000000	DC3000_protein_12_2025	WP_005617775.1, WP_007245106.1, WP_011103634.1, WP_011104037.1, WP_011104172.1, WP_011104285.1, WP_011104375.1, WP_011104418.1, WP_011104428.1, WP_011104938.1	plate25.C2.annotation	DAKCFMEO_00021, DAKCFMEO_00100, DAKCFMEO_00584, DAKCFMEO_01000, DAKCFMEO_01003, DAKCFMEO_01007, DAKCFMEO_01033, DAKCFMEO_02366, DAKCFMEO_02415, DAKCFMEO_03733, DAKCFMEO_03941, DAKCFMEO_04017, DAKCFMEO_04422, DAKCFMEO_04989, DAKCFMEO_05214
OG0000002	DC3000_protein_12_2025	WP_005737152.1, WP_005762478.1, WP_005768429.1, WP_007243868.1, WP_007245567.1, WP_007246637.1, WP_011103489.1, WP_011103716.1, WP_011104117.1, WP_011104329.1, WP_011104376.1, WP_011104895.1	plate25.C2.annotation	DAKCFMEO_00139, DAKCFMEO_00173, DAKCFMEO_01950, DAKCFMEO_02720, DAKCFMEO_03764, DAKCFMEO_03875, DAKCFMEO_04511, DAKCFMEO_05131, DAKCFMEO_05227
OG0000004	DC3000_protein_12_2025	WP_005764624.1, WP_005767285.1, WP_011103145.1, WP_011103510.1, WP_011104479.1, WP_011104615.1, WP_011105048.1, WP_011105087.1, WP_011105575.1	plate25.C2.annotation	DAKCFMEO_01420, DAKCFMEO_01787, DAKCFMEO_04008
OG0000005	DC3000_protein_12_2025	WP_005888851.1, WP_007252518.1, WP_011103871.1, WP_011103873.1, WP_162839071.1	plate25.C2.annotation	DAKCFMEO_02686, DAKCFMEO_02699, DAKCFMEO_02700, DAKCFMEO_02701, DAKCFMEO_04411, DAKCFMEO_04412, DAKCFMEO_04413
OG0000006	DC3000_protein_12_2025	WP_011103576.1, WP_011103739.1, WP_011104680.1, WP_011105179.1, WP_032643380.1	plate25.C2.annotation	DAKCFMEO_00848, DAKCFMEO_02437, DAKCFMEO_03248, DAKCFMEO_03841, DAKCFMEO_04480, DAKCFMEO_04484, DAKCFMEO_04600
OG0000007	DC3000_protein_12_2025	WP_011103872.1, WP_011104107.1, WP_011104219.1, WP_011104220.1, WP_011105031.1, WP_011105032.1, WP_011105127.1, WP_011105130.1, WP_046464036.1	plate25.C2.annotation	DAKCFMEO_02698, DAKCFMEO_03820, DAKCFMEO_03821
OG0000008	DC3000_protein_12_2025	WP_005763906.1, WP_007246574.1, WP_007246617.1, WP_011103533.1, WP_011104948.1	plate25.C2.annotation	DAKCFMEO_00175, DAKCFMEO_00278, DAKCFMEO_01357, DAKCFMEO_01489, DAKCFMEO_04031, DAKCFMEO_05254
OG0000009	DC3000_protein_12_2025	WP_005769383.1, WP_011102986.1, WP_011104379.1, WP_011105057.1, WP_011105058.1, WP_011105059.1	plate25.C2.annotation	DAKCFMEO_01850, DAKCFMEO_04763, DAKCFMEO_04764, DAKCFMEO_04765, DAKCFMEO_04767
OG0000010	DC3000_protein_12_2025	WP_002554192.1, WP_003382360.1, WP_005764042.1, WP_011104129.1	plate25.C2.annotation	DAKCFMEO_00966, DAKCFMEO_02150, DAKCFMEO_02661, DAKCFMEO_02949, DAKCFMEO_02992, DAKCFMEO_04561
OG0000011	DC3000_protein_12_2025	WP_007244964.1, WP_011105342.1, WP_011105343.1, WP_046463299.1, WP_046463739.1	plate25.C2.annotation	DAKCFMEO_01032, DAKCFMEO_01223, DAKCFMEO_01726, DAKCFMEO_05084, DAKCFMEO_05085
OG0000012	DC3000_protein_12_2025	WP_005765463.1, WP_011104106.1, WP_011104743.1, WP_011105119.1, WP_011105122.1, WP_011105318.1, WP_057443300.1	plate25.C2.annotation	DAKCFMEO_04250, DAKCFMEO_04450
OG0000013	DC3000_protein_12_2025	WP_005767792.1, WP_011103512.1, WP_011105383.1	plate25.C2.annotation	DAKCFMEO_01966, DAKCFMEO_03933, DAKCFMEO_04382, DAKCFMEO_04438, DAKCFMEO_05213, DAKCFMEO_05243
OG0000014	DC3000_protein_12_2025	WP_005770761.1, WP_011103058.1, WP_011104339.1, WP_011104382.1	plate25.C2.annotation	DAKCFMEO_02034, DAKCFMEO_03805, DAKCFMEO_04030, DAKCFMEO_04356, DAKCFMEO_04771
OG0000015	DC3000_protein_12_2025	WP_005894383.1, WP_011104104.1, WP_011104873.1, WP_011104874.1	plate25.C2.annotation	DAKCFMEO_00056, DAKCFMEO_00085, DAKCFMEO_00086, DAKCFMEO_00963, DAKCFMEO_02100
OG0000016	DC3000_protein_12_2025	WP_005738213.1, WP_005764458.1	plate25.C2.annotation	DAKCFMEO_01238, DAKCFMEO_01341, DAKCFMEO_01407, DAKCFMEO_03893, DAKCFMEO_04042, DAKCFMEO_04650
OG0000017	DC3000_protein_12_2025	WP_005764287.1, WP_007246046.1, WP_007246985.1	plate25.C2.annotation	DAKCFMEO_00588, DAKCFMEO_02438, DAKCFMEO_03879, DAKCFMEO_04571, DAKCFMEO_04733
OG0000018	DC3000_protein_12_2025	WP_005764602.1, WP_011104006.1, WP_011104007.1, WP_011105351.1, WP_046463882.1	plate25.C2.annotation	DAKCFMEO_03996, DAKCFMEO_05133, DAKCFMEO_05134
OG0000019	DC3000_protein_12_2025	WP_005767796.1, WP_011104372.1, WP_011104924.1, WP_011104980.1	plate25.C2.annotation	DAKCFMEO_00342, DAKCFMEO_03538, DAKCFMEO_04064, DAKCFMEO_04423
OG0000020	DC3000_protein_12_2025	WP_005770837.1, WP_007243745.1, WP_011107021.1	plate25.C2.annotation	DAKCFMEO_00927, DAKCFMEO_00928, DAKCFMEO_01707, DAKCFMEO_04634, DAKCFMEO_04757
OG0000021	DC3000_protein_12_2025	WP_007243826.1, WP_011104703.1, WP_011105438.1, WP_024667882.1, WP_044393047.1	plate25.C2.annotation	DAKCFMEO_01760, DAKCFMEO_04383, DAKCFMEO_05224
OG0000022	DC3000_protein_12_2025	WP_011103090.1, WP_046463958.1	plate25.C2.annotation	DAKCFMEO_01037, DAKCFMEO_01557, DAKCFMEO_01779, DAKCFMEO_02181, DAKCFMEO_02871, DAKCFMEO_05163
OG0000023	DC3000_protein_12_2025	WP_011103298.1, WP_011104487.1, WP_011105356.1	plate25.C2.annotation	DAKCFMEO_00970, DAKCFMEO_01438, DAKCFMEO_03216, DAKCFMEO_04449, DAKCFMEO_05141
OG0000026	DC3000_protein_12_2025	WP_003347743.1, WP_004666923.1, WP_005615816.1, WP_005766970.1, WP_011103389.1	plate25.C2.annotation	DAKCFMEO_02554, DAKCFMEO_03049
OG0000027	DC3000_protein_12_2025	WP_003425026.1, WP_005768479.1, WP_005770083.1, WP_011105578.1	plate25.C2.annotation	DAKCFMEO_02083, DAKCFMEO_03677, DAKCFMEO_03697
OG0000028	DC3000_protein_12_2025	WP_005614629.1, WP_011104076.1, WP_011105486.1	plate25.C2.annotation	DAKCFMEO_00517, DAKCFMEO_01140, DAKCFMEO_01633, DAKCFMEO_05286
OG0000029	DC3000_protein_12_2025	WP_005615166.1, WP_011104519.1, WP_011105434.1, WP_080946590.1, WP_161797792.1	plate25.C2.annotation	DAKCFMEO_03367, DAKCFMEO_03368
OG0000030	DC3000_protein_12_2025	WP_005762461.1, WP_005767078.1, WP_011105417.1, WP_164923170.1	plate25.C2.annotation	DAKCFMEO_02022, DAKCFMEO_02023, DAKCFMEO_03771
OG0000031	DC3000_protein_12_2025	WP_005762581.1	plate25.C2.annotation	DAKCFMEO_01189, DAKCFMEO_02062, DAKCFMEO_03312, DAKCFMEO_03548, DAKCFMEO_03812, DAKCFMEO_04050
OG0000032	DC3000_protein_12_2025	WP_005762709.1, WP_010218671.1, WP_011105102.1	plate25.C2.annotation	DAKCFMEO_00572, DAKCFMEO_01092, DAKCFMEO_03863, DAKCFMEO_04390
OG0000033	DC3000_protein_12_2025	WP_005763587.1, WP_005767187.1	plate25.C2.annotation	DAKCFMEO_00332, DAKCFMEO_04962, DAKCFMEO_05145, DAKCFMEO_05232, DAKCFMEO_05233
OG0000034	DC3000_protein_12_2025	WP_005771258.1, WP_011103467.1, WP_011104229.1, WP_011104482.1	plate25.C2.annotation	DAKCFMEO_01375, DAKCFMEO_01431, DAKCFMEO_04773
OG0000035	DC3000_protein_12_2025	WP_007244158.1, WP_011103959.1	plate25.C2.annotation	DAKCFMEO_00770, DAKCFMEO_01735, DAKCFMEO_02442, DAKCFMEO_03891, DAKCFMEO_04436
OG0000036	DC3000_protein_12_2025	WP_011103274.1, WP_011103279.1, WP_011104588.1	plate25.C2.annotation	DAKCFMEO_00600, DAKCFMEO_00952, DAKCFMEO_03708, DAKCFMEO_04695
OG0000037	DC3000_protein_12_2025	WP_011103502.1, WP_011104174.1	plate25.C2.annotation	DAKCFMEO_00363, DAKCFMEO_01240, DAKCFMEO_02993, DAKCFMEO_03736, DAKCFMEO_03737
OG0000038	DC3000_protein_12_2025	WP_011104616.1	plate25.C2.annotation	DAKCFMEO_00913, DAKCFMEO_03469, DAKCFMEO_04453, DAKCFMEO_04605, DAKCFMEO_04608, DAKCFMEO_04966
OG0000043	DC3000_protein_12_2025	WP_002553156.1, WP_002554837.1, WP_005764082.1	plate25.C2.annotation	DAKCFMEO_00145, DAKCFMEO_00809, DAKCFMEO_03299
OG0000044	DC3000_protein_12_2025	WP_002554157.1, WP_003381023.1, WP_010216576.1, WP_011103313.1	plate25.C2.annotation	DAKCFMEO_04205, DAKCFMEO_04624
OG0000045	DC3000_protein_12_2025	WP_002555020.1, WP_005770857.1, WP_011104125.1, WP_159229484.1	plate25.C2.annotation	DAKCFMEO_00368, DAKCFMEO_00941
OG0000046	DC3000_protein_12_2025	WP_003378280.1, WP_003381855.1, WP_003425025.1, WP_155490796.1	plate25.C2.annotation	DAKCFMEO_01226, DAKCFMEO_01356
OG0000048	DC3000_protein_12_2025	WP_005739842.1, WP_005768982.1, WP_005771285.1	plate25.C2.annotation	DAKCFMEO_00898, DAKCFMEO_02039, DAKCFMEO_03885
OG0000049	DC3000_protein_12_2025	WP_005739846.1, WP_011104338.1, WP_011104692.1	plate25.C2.annotation	DAKCFMEO_02036, DAKCFMEO_04028, DAKCFMEO_04358
OG0000050	DC3000_protein_12_2025	WP_005762712.1, WP_011105103.1	plate25.C2.annotation	DAKCFMEO_00573, DAKCFMEO_01091, DAKCFMEO_03862, DAKCFMEO_04391
OG0000051	DC3000_protein_12_2025	WP_005763678.1, WP_011105419.1, WP_046463879.1, WP_161797791.1	plate25.C2.annotation	DAKCFMEO_04210, DAKCFMEO_04829
OG0000052	DC3000_protein_12_2025	WP_005764441.1, WP_011103059.1, WP_011104693.1	plate25.C2.annotation	DAKCFMEO_02035, DAKCFMEO_04029, DAKCFMEO_04357
OG0000053	DC3000_protein_12_2025	WP_005765592.1, WP_011104485.1	plate25.C2.annotation	DAKCFMEO_00969, DAKCFMEO_01436, DAKCFMEO_03217, DAKCFMEO_05143
OG0000054	DC3000_protein_12_2025	WP_005766129.1, WP_011104367.1	plate25.C2.annotation	DAKCFMEO_03108, DAKCFMEO_03866, DAKCFMEO_04072, DAKCFMEO_04385
OG0000055	DC3000_protein_12_2025	WP_005766150.1, WP_011104116.1, WP_011104187.1, WP_011104269.1, WP_011104270.1	plate25.C2.annotation	DAKCFMEO_03762
OG0000056	DC3000_protein_12_2025	WP_005768984.1, WP_010203861.1, WP_044392584.1	plate25.C2.annotation	DAKCFMEO_00897, DAKCFMEO_02040, DAKCFMEO_03884
OG0000058	DC3000_protein_12_2025	WP_005771029.1, WP_011104556.1, WP_046463853.1	plate25.C2.annotation	DAKCFMEO_02044, DAKCFMEO_03339, DAKCFMEO_04753
OG0000060	DC3000_protein_12_2025	WP_007246451.1	plate25.C2.annotation	DAKCFMEO_00791, DAKCFMEO_02639, DAKCFMEO_03115, DAKCFMEO_03980, DAKCFMEO_04022
OG0000061	DC3000_protein_12_2025	WP_007247023.1, WP_011104366.1	plate25.C2.annotation	DAKCFMEO_00081, DAKCFMEO_02419, DAKCFMEO_03908, DAKCFMEO_04217
OG0000062	DC3000_protein_12_2025	WP_011103633.1, WP_011104143.1, WP_011104673.1, WP_011104940.1	plate25.C2.annotation	DAKCFMEO_00022, DAKCFMEO_01126
OG0000063	DC3000_protein_12_2025	WP_011103651.1, WP_024668283.1	plate25.C2.annotation	DAKCFMEO_00012, DAKCFMEO_01173, DAKCFMEO_01902, DAKCFMEO_03316
OG0000064	DC3000_protein_12_2025	WP_011104079.1, WP_046464016.1	plate25.C2.annotation	DAKCFMEO_01152, DAKCFMEO_01626, DAKCFMEO_05290, DAKCFMEO_05292
OG0000065	DC3000_protein_12_2025	WP_011104337.1, WP_011104691.1, WP_046463852.1	plate25.C2.annotation	DAKCFMEO_02037, DAKCFMEO_04027, DAKCFMEO_04359
OG0000066	DC3000_protein_12_2025	WP_002554655.1, WP_007245914.1	plate25.C2.annotation	DAKCFMEO_00946, DAKCFMEO_03128, DAKCFMEO_04076
OG0000067	DC3000_protein_12_2025	WP_003379555.1, WP_005766145.1, WP_005768426.1, WP_011104115.1	plate25.C2.annotation	DAKCFMEO_01953
OG0000068	DC3000_protein_12_2025	WP_003380560.1, WP_007243724.1, WP_011103096.1	plate25.C2.annotation	DAKCFMEO_01030, DAKCFMEO_01985
OG0000069	DC3000_protein_12_2025	WP_003382856.1, WP_005763521.1, WP_011103332.1	plate25.C2.annotation	DAKCFMEO_01170, DAKCFMEO_02141
OG0000070	DC3000_protein_12_2025	WP_005620804.1	plate25.C2.annotation	DAKCFMEO_02429, DAKCFMEO_03313, DAKCFMEO_04442, DAKCFMEO_04868
OG0000072	DC3000_protein_12_2025	WP_005762732.1, WP_011103764.1, WP_011105315.1	plate25.C2.annotation	DAKCFMEO_02481, DAKCFMEO_04585
OG0000073	DC3000_protein_12_2025	WP_005763690.1, WP_007243779.1, WP_052746243.1	plate25.C2.annotation	DAKCFMEO_00557, DAKCFMEO_02964
OG0000074	DC3000_protein_12_2025	WP_005763696.1, WP_005764509.1	plate25.C2.annotation	DAKCFMEO_00998, DAKCFMEO_04810, DAKCFMEO_04967
OG0000075	DC3000_protein_12_2025	WP_005763862.1, WP_005767000.1	plate25.C2.annotation	DAKCFMEO_01082, DAKCFMEO_01465, DAKCFMEO_02530
OG0000076	DC3000_protein_12_2025	WP_005764495.1, WP_007246965.1	plate25.C2.annotation	DAKCFMEO_03813, DAKCFMEO_04014, DAKCFMEO_04701
OG0000077	DC3000_protein_12_2025	WP_005765466.1, WP_005770626.1, WP_011104354.1	plate25.C2.annotation	DAKCFMEO_00058, DAKCFMEO_04248
OG0000078	DC3000_protein_12_2025	WP_005766109.1, WP_005769536.1, WP_007246020.1	plate25.C2.annotation	DAKCFMEO_01132, DAKCFMEO_01860
OG0000079	DC3000_protein_12_2025	WP_005766635.1, WP_011104856.1	plate25.C2.annotation	DAKCFMEO_00257, DAKCFMEO_02246, DAKCFMEO_02440
OG0000080	DC3000_protein_12_2025	WP_005767351.1, WP_046463317.1	plate25.C2.annotation	DAKCFMEO_00959, DAKCFMEO_01454, DAKCFMEO_02432
OG0000081	DC3000_protein_12_2025	WP_005769043.1, WP_005769285.1, WP_005771635.1	plate25.C2.annotation	DAKCFMEO_04169, DAKCFMEO_05299
OG0000082	DC3000_protein_12_2025	WP_005769163.1, WP_005769165.1, WP_007245189.1, WP_024668228.1	plate25.C2.annotation	DAKCFMEO_00603
OG0000083	DC3000_protein_12_2025	WP_005770871.1, WP_161420636.1	plate25.C2.annotation	DAKCFMEO_00947, DAKCFMEO_03127, DAKCFMEO_04077
OG0000084	DC3000_protein_12_2025	WP_005771489.1, WP_011103232.1, WP_011105584.1	plate25.C2.annotation	DAKCFMEO_01762, DAKCFMEO_03554
OG0000085	DC3000_protein_12_2025	WP_005894403.1, WP_044390135.1, WP_046463300.1, WP_161797766.1	plate25.C2.annotation	DAKCFMEO_02685
OG0000086	DC3000_protein_12_2025	WP_007244389.1	plate25.C2.annotation	DAKCFMEO_02494, DAKCFMEO_02893, DAKCFMEO_04586, DAKCFMEO_04588
OG0000087	DC3000_protein_12_2025	WP_007244651.1, WP_011104273.1, WP_011105457.1	plate25.C2.annotation	DAKCFMEO_03634, DAKCFMEO_04435
OG0000088	DC3000_protein_12_2025	WP_007246309.1, WP_011105458.1	plate25.C2.annotation	DAKCFMEO_00076, DAKCFMEO_04115, DAKCFMEO_04325
OG0000089	DC3000_protein_12_2025	WP_007246961.1, WP_011105495.1	plate25.C2.annotation	DAKCFMEO_00014, DAKCFMEO_01139, DAKCFMEO_01640
OG0000090	DC3000_protein_12_2025	WP_011103053.1, WP_011103085.1	plate25.C2.annotation	DAKCFMEO_02017, DAKCFMEO_02079, DAKCFMEO_03877
OG0000091	DC3000_protein_12_2025	WP_011103352.1, WP_011104046.1	plate25.C2.annotation	DAKCFMEO_01345, DAKCFMEO_02427, DAKCFMEO_04454
OG0000092	DC3000_protein_12_2025	WP_011103705.1, WP_044391155.1	plate25.C2.annotation	DAKCFMEO_01370, DAKCFMEO_01372, DAKCFMEO_02368
OG0000093	DC3000_protein_12_2025	WP_011103770.1, WP_011104429.1, WP_046463481.1, WP_046463675.1	plate25.C2.annotation	DAKCFMEO_00287
OG0000094	DC3000_protein_12_2025	WP_011103882.1, WP_011105431.1	plate25.C2.annotation	DAKCFMEO_02714, DAKCFMEO_04501, DAKCFMEO_05212
OG0000095	DC3000_protein_12_2025	WP_011104043.1	plate25.C2.annotation	DAKCFMEO_01348, DAKCFMEO_02364, DAKCFMEO_03022, DAKCFMEO_04487
OG0000096	DC3000_protein_12_2025	WP_011104071.1, WP_011105493.1	plate25.C2.annotation	DAKCFMEO_01134, DAKCFMEO_01638, DAKCFMEO_05281
OG0000097	DC3000_protein_12_2025	WP_011104072.1, WP_011105492.1	plate25.C2.annotation	DAKCFMEO_01135, DAKCFMEO_01637, DAKCFMEO_05282
OG0000098	DC3000_protein_12_2025	WP_011104074.1, WP_046464013.1	plate25.C2.annotation	DAKCFMEO_01154, DAKCFMEO_01635, DAKCFMEO_05284
OG0000099	DC3000_protein_12_2025	WP_011104075.1, WP_011105487.1	plate25.C2.annotation	DAKCFMEO_01155, DAKCFMEO_01634, DAKCFMEO_05285
OG0000100	DC3000_protein_12_2025	WP_011104272.1, WP_011104283.1, WP_011105454.1	plate25.C2.annotation	DAKCFMEO_03939, DAKCFMEO_04432
OG0000101	DC3000_protein_12_2025	WP_011104426.1, WP_011104500.1, WP_011104868.1	plate25.C2.annotation	DAKCFMEO_01495, DAKCFMEO_04219
OG0000102	DC3000_protein_12_2025	WP_011104446.1, WP_166460975.1	plate25.C2.annotation	DAKCFMEO_00975, DAKCFMEO_00979, DAKCFMEO_00982
OG0000103	DC3000_protein_12_2025	WP_011104705.1, WP_024668229.1, WP_046463339.1	plate25.C2.annotation	DAKCFMEO_00602, DAKCFMEO_04595
OG0000104	DC3000_protein_12_2025	WP_011104854.1, WP_046463475.1, WP_046463959.1, WP_057443212.1	plate25.C2.annotation	DAKCFMEO_02075
OG0000105	DC3000_protein_12_2025	WP_011105042.1, WP_011105348.1	plate25.C2.annotation	DAKCFMEO_00104, DAKCFMEO_01774, DAKCFMEO_02106
OG0000106	DC3000_protein_12_2025	WP_011105273.1, WP_011105274.1, WP_046463283.1	plate25.C2.annotation	DAKCFMEO_04947, DAKCFMEO_04992
OG0000107	DC3000_protein_12_2025	WP_011105470.1, WP_057443166.1	plate25.C2.annotation	DAKCFMEO_01299, DAKCFMEO_04010, DAKCFMEO_05262
OG0000108	DC3000_protein_12_2025	WP_011105480.1, WP_046463302.1	plate25.C2.annotation	DAKCFMEO_01137, DAKCFMEO_01627, DAKCFMEO_05289
OG0000109	DC3000_protein_12_2025	WP_044393960.1, WP_046463524.1	plate25.C2.annotation	DAKCFMEO_01315, DAKCFMEO_02473, DAKCFMEO_02474
OG0000113	DC3000_protein_12_2025	WP_002551844.1, WP_003381481.1	plate25.C2.annotation	DAKCFMEO_00096, DAKCFMEO_04866
OG0000114	DC3000_protein_12_2025	WP_002553918.1, WP_011105523.1	plate25.C2.annotation	DAKCFMEO_01408, DAKCFMEO_01584
OG0000115	DC3000_protein_12_2025	WP_003317531.1, WP_011104604.1	plate25.C2.annotation	DAKCFMEO_03084, DAKCFMEO_04652
OG0000116	DC3000_protein_12_2025	WP_003317533.1, WP_005614429.1	plate25.C2.annotation	DAKCFMEO_03081, DAKCFMEO_03583
OG0000117	DC3000_protein_12_2025	WP_003376366.1, WP_003381484.1	plate25.C2.annotation	DAKCFMEO_00098, DAKCFMEO_04864
OG0000118	DC3000_protein_12_2025	WP_003377141.1, WP_005770657.1, WP_011104758.1	plate25.C2.annotation	DAKCFMEO_04956
OG0000119	DC3000_protein_12_2025	WP_003377815.1, WP_005765442.1, WP_011105118.1	plate25.C2.annotation	DAKCFMEO_03188
OG0000120	DC3000_protein_12_2025	WP_003378076.1, WP_005771567.1	plate25.C2.annotation	DAKCFMEO_02501, DAKCFMEO_04669
OG0000121	DC3000_protein_12_2025	WP_003378216.1, WP_005762942.1	plate25.C2.annotation	DAKCFMEO_04559, DAKCFMEO_04986
OG0000122	DC3000_protein_12_2025	WP_003379025.1, WP_007246249.1, WP_011104761.1	plate25.C2.annotation	DAKCFMEO_03031
OG0000123	DC3000_protein_12_2025	WP_003379266.1, WP_005766375.1, WP_046463419.1	plate25.C2.annotation	DAKCFMEO_03387
OG0000124	DC3000_protein_12_2025	WP_003380966.1, WP_005762738.1, WP_011105576.1	plate25.C2.annotation	DAKCFMEO_00367
OG0000125	DC3000_protein_12_2025	WP_003382014.1	plate25.C2.annotation	DAKCFMEO_00638, DAKCFMEO_00971, DAKCFMEO_02599
OG0000126	DC3000_protein_12_2025	WP_003382103.1, WP_161797788.1	plate25.C2.annotation	DAKCFMEO_02020, DAKCFMEO_02495
OG0000127	DC3000_protein_12_2025	WP_003382491.1, WP_011104335.1	plate25.C2.annotation	DAKCFMEO_00714, DAKCFMEO_04025
OG0000128	DC3000_protein_12_2025	WP_003383243.1, WP_003383244.1	plate25.C2.annotation	DAKCFMEO_00484, DAKCFMEO_00485
OG0000129	DC3000_protein_12_2025	WP_003425052.1, WP_011105579.1	plate25.C2.annotation	DAKCFMEO_01039, DAKCFMEO_03092
OG0000130	DC3000_protein_12_2025	WP_005614190.1, WP_011104937.1	plate25.C2.annotation	DAKCFMEO_01360, DAKCFMEO_02804
OG0000131	DC3000_protein_12_2025	WP_005615570.1	plate25.C2.annotation	DAKCFMEO_00851, DAKCFMEO_02206, DAKCFMEO_03009
OG0000132	DC3000_protein_12_2025	WP_005616684.1, WP_007247202.1	plate25.C2.annotation	DAKCFMEO_01939, DAKCFMEO_03041
OG0000133	DC3000_protein_12_2025	WP_005739535.1, WP_011105577.1, WP_046463874.1	plate25.C2.annotation	DAKCFMEO_00366
OG0000134	DC3000_protein_12_2025	WP_005739890.1, WP_011104096.1	plate25.C2.annotation	DAKCFMEO_00881, DAKCFMEO_01910
OG0000135	DC3000_protein_12_2025	WP_005740380.1, WP_011104666.1	plate25.C2.annotation	DAKCFMEO_01880, DAKCFMEO_02675
OG0000136	DC3000_protein_12_2025	WP_005760706.1, WP_005768316.1	plate25.C2.annotation	DAKCFMEO_01554, DAKCFMEO_04380
OG0000137	DC3000_protein_12_2025	WP_005762626.1, WP_007244776.1	plate25.C2.annotation	DAKCFMEO_00630, DAKCFMEO_01161
OG0000138	DC3000_protein_12_2025	WP_005762731.1, WP_005765176.1	plate25.C2.annotation	DAKCFMEO_03218, DAKCFMEO_04609
OG0000139	DC3000_protein_12_2025	WP_005762766.1, WP_011104377.1, WP_046464032.1	plate25.C2.annotation	DAKCFMEO_01951
OG0000140	DC3000_protein_12_2025	WP_005762818.1, WP_005764409.1, WP_007246690.1	plate25.C2.annotation	DAKCFMEO_00899
OG0000141	DC3000_protein_12_2025	WP_005762820.1, WP_005764184.1, WP_011104351.1	plate25.C2.annotation	DAKCFMEO_02755
OG0000142	DC3000_protein_12_2025	WP_005762824.1, WP_005762826.1, WP_010213170.1	plate25.C2.annotation	DAKCFMEO_04937
OG0000143	DC3000_protein_12_2025	WP_005763054.1, WP_005764931.1	plate25.C2.annotation	DAKCFMEO_00097, DAKCFMEO_04865
OG0000144	DC3000_protein_12_2025	WP_005763528.1, WP_011104277.1, WP_011104478.1	plate25.C2.annotation	DAKCFMEO_02146
OG0000145	DC3000_protein_12_2025	WP_005763634.1	plate25.C2.annotation	DAKCFMEO_00937, DAKCFMEO_05032, DAKCFMEO_05034
OG0000146	DC3000_protein_12_2025	WP_005763680.1, WP_007246877.1	plate25.C2.annotation	DAKCFMEO_00875, DAKCFMEO_02959
OG0000148	DC3000_protein_12_2025	WP_005763731.1, WP_005765147.1	plate25.C2.annotation	DAKCFMEO_02937, DAKCFMEO_04629
OG0000149	DC3000_protein_12_2025	WP_005763902.1, WP_005763926.1	plate25.C2.annotation	DAKCFMEO_01476, DAKCFMEO_01487
OG0000150	DC3000_protein_12_2025	WP_005763930.1, WP_005768336.1	plate25.C2.annotation	DAKCFMEO_01568, DAKCFMEO_03315
OG0000151	DC3000_protein_12_2025	WP_005764049.1, WP_011103331.1	plate25.C2.annotation	DAKCFMEO_01167, DAKCFMEO_02981
OG0000152	DC3000_protein_12_2025	WP_005764405.1, WP_005765569.1	plate25.C2.annotation	DAKCFMEO_03874, DAKCFMEO_05129
OG0000153	DC3000_protein_12_2025	WP_005764834.1, WP_011103985.1	plate25.C2.annotation	DAKCFMEO_00167, DAKCFMEO_03851
OG0000154	DC3000_protein_12_2025	WP_005764926.1, WP_011105230.1	plate25.C2.annotation	DAKCFMEO_00099, DAKCFMEO_04863
OG0000155	DC3000_protein_12_2025	WP_005764944.1, WP_011104352.1, WP_044393502.1	plate25.C2.annotation	DAKCFMEO_00092
OG0000156	DC3000_protein_12_2025	WP_005765115.1, WP_011105083.1	plate25.C2.annotation	DAKCFMEO_03083, DAKCFMEO_04651
OG0000157	DC3000_protein_12_2025	WP_005765137.1	plate25.C2.annotation	DAKCFMEO_04420, DAKCFMEO_04427, DAKCFMEO_04635
OG0000158	DC3000_protein_12_2025	WP_005765139.1	plate25.C2.annotation	DAKCFMEO_01712, DAKCFMEO_04631, DAKCFMEO_04633
OG0000159	DC3000_protein_12_2025	WP_005765488.1, WP_005766477.1	plate25.C2.annotation	DAKCFMEO_00465, DAKCFMEO_02420
OG0000160	DC3000_protein_12_2025	WP_005765650.1, WP_005765976.1	plate25.C2.annotation	DAKCFMEO_00793, DAKCFMEO_03200
OG0000161	DC3000_protein_12_2025	WP_005766100.1, WP_005767830.1, WP_005769505.1	plate25.C2.annotation	DAKCFMEO_01878
OG0000162	DC3000_protein_12_2025	WP_005766595.1, WP_011103728.1	plate25.C2.annotation	DAKCFMEO_00379, DAKCFMEO_02365
OG0000163	DC3000_protein_12_2025	WP_005766669.1, WP_011104674.1	plate25.C2.annotation	DAKCFMEO_02275, DAKCFMEO_04394
OG0000164	DC3000_protein_12_2025	WP_005767480.1, WP_007246896.1	plate25.C2.annotation	DAKCFMEO_00833, DAKCFMEO_04471
OG0000165	DC3000_protein_12_2025	WP_005767488.1, WP_011103991.1	plate25.C2.annotation	DAKCFMEO_00829, DAKCFMEO_04475
OG0000166	DC3000_protein_12_2025	WP_005767577.1, WP_057443137.1	plate25.C2.annotation	DAKCFMEO_00028, DAKCFMEO_01580
OG0000167	DC3000_protein_12_2025	WP_005767725.1, WP_024666071.1	plate25.C2.annotation	DAKCFMEO_03747, DAKCFMEO_04499
OG0000168	DC3000_protein_12_2025	WP_005768035.1, WP_011104545.1, WP_011104827.1	plate25.C2.annotation	DAKCFMEO_02834
OG0000169	DC3000_protein_12_2025	WP_005768450.1, WP_011105375.1	plate25.C2.annotation	DAKCFMEO_02199, DAKCFMEO_05151
OG0000170	DC3000_protein_12_2025	WP_005768691.1, WP_011104100.1	plate25.C2.annotation	DAKCFMEO_00291, DAKCFMEO_00889
OG0000171	DC3000_protein_12_2025	WP_005768708.1, WP_011104278.1	plate25.C2.annotation	DAKCFMEO_00281, DAKCFMEO_00326
OG0000172	DC3000_protein_12_2025	WP_005768747.1, WP_007244323.1	plate25.C2.annotation	DAKCFMEO_02603, DAKCFMEO_02786
OG0000173	DC3000_protein_12_2025	WP_005768762.1	plate25.C2.annotation	DAKCFMEO_00301, DAKCFMEO_02337, DAKCFMEO_03373
OG0000174	DC3000_protein_12_2025	WP_005769204.1, WP_011104015.1	plate25.C2.annotation	DAKCFMEO_00874, DAKCFMEO_04345
OG0000175	DC3000_protein_12_2025	WP_005769588.1	plate25.C2.annotation	DAKCFMEO_01824, DAKCFMEO_02441, DAKCFMEO_04572
OG0000176	DC3000_protein_12_2025	WP_005769685.1, WP_011104221.1	plate25.C2.annotation	DAKCFMEO_02710, DAKCFMEO_03823
OG0000177	DC3000_protein_12_2025	WP_005769699.1, WP_046463309.1	plate25.C2.annotation	DAKCFMEO_02702, DAKCFMEO_02703
OG0000178	DC3000_protein_12_2025	WP_005770308.1, WP_011104862.1	plate25.C2.annotation	DAKCFMEO_00830, DAKCFMEO_04474
OG0000179	DC3000_protein_12_2025	WP_005770310.1, WP_011104863.1	plate25.C2.annotation	DAKCFMEO_00831, DAKCFMEO_04473
OG0000180	DC3000_protein_12_2025	WP_005770312.1, WP_044393615.1	plate25.C2.annotation	DAKCFMEO_00832, DAKCFMEO_04472
OG0000181	DC3000_protein_12_2025	WP_005770699.1, WP_162839055.1	plate25.C2.annotation	DAKCFMEO_02688, DAKCFMEO_04414
OG0000182	DC3000_protein_12_2025	WP_005770701.1	plate25.C2.annotation	DAKCFMEO_02097, DAKCFMEO_02687, DAKCFMEO_03828
OG0000183	DC3000_protein_12_2025	WP_005770794.1, WP_007245868.1	plate25.C2.annotation	DAKCFMEO_00958, DAKCFMEO_02431
OG0000184	DC3000_protein_12_2025	WP_005771032.1	plate25.C2.annotation	DAKCFMEO_02051, DAKCFMEO_02450, DAKCFMEO_03337
OG0000185	DC3000_protein_12_2025	WP_005771340.1, WP_007244213.1	plate25.C2.annotation	DAKCFMEO_02657, DAKCFMEO_02659
OG0000186	DC3000_protein_12_2025	WP_005771397.1, WP_007246576.1	plate25.C2.annotation	DAKCFMEO_03451, DAKCFMEO_05252
OG0000187	DC3000_protein_12_2025	WP_005771402.1, WP_011105467.1	plate25.C2.annotation	DAKCFMEO_03447, DAKCFMEO_05250
OG0000188	DC3000_protein_12_2025	WP_005771485.1	plate25.C2.annotation	DAKCFMEO_01338, DAKCFMEO_02411, DAKCFMEO_02878
OG0000189	DC3000_protein_12_2025	WP_005888854.1, WP_011103339.1, WP_161797801.1	plate25.C2.annotation	DAKCFMEO_01789
OG0000190	DC3000_protein_12_2025	WP_007243725.1, WP_007244715.1	plate25.C2.annotation	DAKCFMEO_00727, DAKCFMEO_03222
OG0000191	DC3000_protein_12_2025	WP_007244046.1, WP_011104599.1	plate25.C2.annotation	DAKCFMEO_02743, DAKCFMEO_04662
OG0000192	DC3000_protein_12_2025	WP_007244130.1, WP_011103244.1	plate25.C2.annotation	DAKCFMEO_01733, DAKCFMEO_03452
OG0000193	DC3000_protein_12_2025	WP_007244335.1, WP_011103933.1	plate25.C2.annotation	DAKCFMEO_00729, DAKCFMEO_02583
OG0000194	DC3000_protein_12_2025	WP_007244877.1	plate25.C2.annotation	DAKCFMEO_00852, DAKCFMEO_02208, DAKCFMEO_03008
OG0000195	DC3000_protein_12_2025	WP_007245058.1, WP_046463536.1	plate25.C2.annotation	DAKCFMEO_02435, DAKCFMEO_04069
OG0000196	DC3000_protein_12_2025	WP_007245293.1, WP_007246230.1	plate25.C2.annotation	DAKCFMEO_00376, DAKCFMEO_04809
OG0000197	DC3000_protein_12_2025	WP_007245496.1, WP_011103412.1	plate25.C2.annotation	DAKCFMEO_01732, DAKCFMEO_03453
OG0000198	DC3000_protein_12_2025	WP_007245546.1	plate25.C2.annotation	DAKCFMEO_00078, DAKCFMEO_03706, DAKCFMEO_03869
OG0000199	DC3000_protein_12_2025	WP_007246084.1, WP_046463482.1	plate25.C2.annotation	DAKCFMEO_01427, DAKCFMEO_03931
OG0000200	DC3000_protein_12_2025	WP_007246194.1, WP_011104951.1	plate25.C2.annotation	DAKCFMEO_00282, DAKCFMEO_00293
OG0000201	DC3000_protein_12_2025	WP_007246667.1, WP_011105194.1	plate25.C2.annotation	DAKCFMEO_01344, DAKCFMEO_03605
OG0000202	DC3000_protein_12_2025	WP_007246890.1, WP_011103472.1, WP_011104003.1	plate25.C2.annotation	DAKCFMEO_02753
OG0000203	DC3000_protein_12_2025	WP_007246952.1, WP_011105482.1	plate25.C2.annotation	DAKCFMEO_01629, DAKCFMEO_05287
OG0000204	DC3000_protein_12_2025	WP_007247035.1, WP_011104358.1, WP_046463772.1	plate25.C2.annotation	DAKCFMEO_02090
OG0000205	DC3000_protein_12_2025	WP_007247117.1, WP_011104056.1	plate25.C2.annotation	DAKCFMEO_01330, DAKCFMEO_02014
OG0000207	DC3000_protein_12_2025	WP_007249562.1, WP_011104226.1, WP_080394021.1	plate25.C2.annotation	DAKCFMEO_02425
OG0000208	DC3000_protein_12_2025	WP_010201125.1, WP_046463740.1	plate25.C2.annotation	DAKCFMEO_01075, DAKCFMEO_04082
OG0000209	DC3000_protein_12_2025	WP_010201131.1	plate25.C2.annotation	DAKCFMEO_00784, DAKCFMEO_04081, DAKCFMEO_04446
OG0000210	DC3000_protein_12_2025	WP_010202134.1	plate25.C2.annotation	DAKCFMEO_03690, DAKCFMEO_03836, DAKCFMEO_03837
OG0000211	DC3000_protein_12_2025	WP_010206379.1, WP_046463494.1	plate25.C2.annotation	DAKCFMEO_01060, DAKCFMEO_04606
OG0000212	DC3000_protein_12_2025	WP_010208255.1, WP_032645112.1	plate25.C2.annotation	DAKCFMEO_04276, DAKCFMEO_05173
OG0000213	DC3000_protein_12_2025	WP_010208763.1, WP_011103504.1	plate25.C2.annotation	DAKCFMEO_02997, DAKCFMEO_02999
OG0000214	DC3000_protein_12_2025	WP_010209623.1, WP_011103857.1, WP_057443138.1	plate25.C2.annotation	DAKCFMEO_02673
OG0000215	DC3000_protein_12_2025	WP_010211386.1	plate25.C2.annotation	DAKCFMEO_00993, DAKCFMEO_01452, DAKCFMEO_03050
OG0000217	DC3000_protein_12_2025	WP_010218951.1, WP_011103622.1	plate25.C2.annotation	DAKCFMEO_00039, DAKCFMEO_02092
OG0000218	DC3000_protein_12_2025	WP_010220706.1, WP_011103557.1, WP_011107018.1	plate25.C2.annotation	DAKCFMEO_00745
OG0000219	DC3000_protein_12_2025	WP_011102967.1, WP_011105542.1, WP_046463610.1	plate25.C2.annotation	DAKCFMEO_01556
OG0000220	DC3000_protein_12_2025	WP_011103031.1, WP_011103039.1	plate25.C2.annotation	DAKCFMEO_01917, DAKCFMEO_03830
OG0000221	DC3000_protein_12_2025	WP_011103055.1, WP_011103086.1	plate25.C2.annotation	DAKCFMEO_02080, DAKCFMEO_05182
OG0000222	DC3000_protein_12_2025	WP_011103057.1, WP_011104387.1, WP_044390209.1	plate25.C2.annotation	DAKCFMEO_04481
OG0000223	DC3000_protein_12_2025	WP_011103091.1, WP_011104637.1	plate25.C2.annotation	DAKCFMEO_04552, DAKCFMEO_05161
OG0000224	DC3000_protein_12_2025	WP_011103142.1, WP_011103466.1	plate25.C2.annotation	DAKCFMEO_00950, DAKCFMEO_02943
OG0000225	DC3000_protein_12_2025	WP_011103162.1, WP_011103167.1	plate25.C2.annotation	DAKCFMEO_02915, DAKCFMEO_02917
OG0000226	DC3000_protein_12_2025	WP_011103237.1, WP_011104135.1	plate25.C2.annotation	DAKCFMEO_01106, DAKCFMEO_03569
OG0000227	DC3000_protein_12_2025	WP_011103241.1, WP_011104119.1, WP_011104933.1	plate25.C2.annotation	DAKCFMEO_03578
OG0000228	DC3000_protein_12_2025	WP_011103296.1, WP_011103351.1	plate25.C2.annotation	DAKCFMEO_00501, DAKCFMEO_00524
OG0000229	DC3000_protein_12_2025	WP_011103336.1, WP_046463934.1	plate25.C2.annotation	DAKCFMEO_01791, DAKCFMEO_02288
OG0000230	DC3000_protein_12_2025	WP_011103402.1, WP_011104030.1	plate25.C2.annotation	DAKCFMEO_01404, DAKCFMEO_01725
OG0000231	DC3000_protein_12_2025	WP_011103411.1	plate25.C2.annotation	DAKCFMEO_01731, DAKCFMEO_03454, DAKCFMEO_03460
OG0000232	DC3000_protein_12_2025	WP_011103519.1, WP_011104730.1, WP_011105177.1	plate25.C2.annotation	DAKCFMEO_04286
OG0000233	DC3000_protein_12_2025	WP_011103526.1, WP_011104918.1	plate25.C2.annotation	DAKCFMEO_00247, DAKCFMEO_01764
OG0000234	DC3000_protein_12_2025	WP_011103647.1, WP_011103804.1	plate25.C2.annotation	DAKCFMEO_00018, DAKCFMEO_02581
OG0000235	DC3000_protein_12_2025	WP_011103648.1, WP_046463927.1	plate25.C2.annotation	DAKCFMEO_04409, DAKCFMEO_04410
OG0000236	DC3000_protein_12_2025	WP_011103754.1	plate25.C2.annotation	DAKCFMEO_00061, DAKCFMEO_02462, DAKCFMEO_02948
OG0000237	DC3000_protein_12_2025	WP_011103843.1, WP_011104522.1, WP_011104790.1	plate25.C2.annotation	DAKCFMEO_02815
OG0000238	DC3000_protein_12_2025	WP_011103898.1, WP_046463456.1	plate25.C2.annotation	DAKCFMEO_00672, DAKCFMEO_02578
OG0000239	DC3000_protein_12_2025	WP_011103919.1, WP_011104077.1, WP_011105485.1	plate25.C2.annotation	DAKCFMEO_01632
OG0000240	DC3000_protein_12_2025	WP_011103969.1, WP_011103981.1	plate25.C2.annotation	DAKCFMEO_00801, DAKCFMEO_03846
OG0000241	DC3000_protein_12_2025	WP_011104032.1, WP_011105359.1	plate25.C2.annotation	DAKCFMEO_01373, DAKCFMEO_05146
OG0000242	DC3000_protein_12_2025	WP_011104073.1, WP_011105491.1	plate25.C2.annotation	DAKCFMEO_01157, DAKCFMEO_01636
OG0000243	DC3000_protein_12_2025	WP_011104266.1, WP_011107020.1, WP_044391024.1	plate25.C2.annotation	DAKCFMEO_03926
OG0000244	DC3000_protein_12_2025	WP_011104281.1, WP_011105506.1	plate25.C2.annotation	DAKCFMEO_04071, DAKCFMEO_05301
OG0000245	DC3000_protein_12_2025	WP_011104315.1, WP_011105352.1	plate25.C2.annotation	DAKCFMEO_03994, DAKCFMEO_05135
OG0000246	DC3000_protein_12_2025	WP_011104486.1, WP_011105357.1	plate25.C2.annotation	DAKCFMEO_01437, DAKCFMEO_05142
OG0000247	DC3000_protein_12_2025	WP_011104900.1, WP_011104902.1	plate25.C2.annotation	DAKCFMEO_00187, DAKCFMEO_00189
OG0000248	DC3000_protein_12_2025	WP_011104971.1	plate25.C2.annotation	DAKCFMEO_00319, DAKCFMEO_00320, DAKCFMEO_04040
OG0000249	DC3000_protein_12_2025	WP_011104979.1	plate25.C2.annotation	DAKCFMEO_00341, DAKCFMEO_03858, DAKCFMEO_03859
OG0000250	DC3000_protein_12_2025	WP_011105223.1, WP_046464042.1	plate25.C2.annotation	DAKCFMEO_02650, DAKCFMEO_04843
OG0000251	DC3000_protein_12_2025	WP_011105478.1, WP_046463440.1	plate25.C2.annotation	DAKCFMEO_00743, DAKCFMEO_04452
OG0000252	DC3000_protein_12_2025	WP_011105562.1	plate25.C2.annotation	DAKCFMEO_01224, DAKCFMEO_03073, DAKCFMEO_05297
OG0000253	DC3000_protein_12_2025	WP_046463398.1, WP_081026912.1	plate25.C2.annotation	DAKCFMEO_00753, DAKCFMEO_03256
OG0000254	DC3000_protein_12_2025	WP_046463416.1	plate25.C2.annotation	DAKCFMEO_00198, DAKCFMEO_03818, DAKCFMEO_04308
OG0000255	DC3000_protein_12_2025	WP_086005074.1, WP_122722792.1, WP_149032136.1	plate25.C2.annotation	DAKCFMEO_04044
OG0000258	DC3000_protein_12_2025	WP_002552853.1	plate25.C2.annotation	DAKCFMEO_02446, DAKCFMEO_02621
OG0000259	DC3000_protein_12_2025	WP_002554489.1	plate25.C2.annotation	DAKCFMEO_01049, DAKCFMEO_04303
OG0000260	DC3000_protein_12_2025	WP_002554843.1	plate25.C2.annotation	DAKCFMEO_00151, DAKCFMEO_00754
OG0000261	DC3000_protein_12_2025	WP_002554971.1, WP_011104890.1	plate25.C2.annotation	DAKCFMEO_00305
OG0000262	DC3000_protein_12_2025	WP_002555370.1, WP_005764289.1	plate25.C2.annotation	DAKCFMEO_03635
OG0000263	DC3000_protein_12_2025	WP_002556012.1, WP_011103604.1	plate25.C2.annotation	DAKCFMEO_02674
OG0000264	DC3000_protein_12_2025	WP_002556051.1, WP_003382726.1	plate25.C2.annotation	DAKCFMEO_04192
OG0000265	DC3000_protein_12_2025	WP_003314356.1	plate25.C2.annotation	DAKCFMEO_01752, DAKCFMEO_03136
OG0000266	DC3000_protein_12_2025	WP_003317528.1	plate25.C2.annotation	DAKCFMEO_01593, DAKCFMEO_03086
OG0000267	DC3000_protein_12_2025	WP_003318100.1	plate25.C2.annotation	DAKCFMEO_01994, DAKCFMEO_03783
OG0000268	DC3000_protein_12_2025	WP_003319037.1, WP_011104860.1	plate25.C2.annotation	DAKCFMEO_00074
OG0000269	DC3000_protein_12_2025	WP_003319387.1, WP_003344338.1	plate25.C2.annotation	DAKCFMEO_02874
OG0000270	DC3000_protein_12_2025	WP_003345152.1, WP_011104992.1	plate25.C2.annotation	DAKCFMEO_00378
OG0000271	DC3000_protein_12_2025	WP_003373363.1, WP_005767301.1	plate25.C2.annotation	DAKCFMEO_02144
OG0000272	DC3000_protein_12_2025	WP_003375709.1	plate25.C2.annotation	DAKCFMEO_01085, DAKCFMEO_01469
OG0000273	DC3000_protein_12_2025	WP_003375712.1	plate25.C2.annotation	DAKCFMEO_01086, DAKCFMEO_01470
OG0000274	DC3000_protein_12_2025	WP_003375716.1	plate25.C2.annotation	DAKCFMEO_01088, DAKCFMEO_01472
OG0000275	DC3000_protein_12_2025	WP_003375846.1	plate25.C2.annotation	DAKCFMEO_02201, DAKCFMEO_03011
OG0000276	DC3000_protein_12_2025	WP_003375849.1	plate25.C2.annotation	DAKCFMEO_00850, DAKCFMEO_03010
OG0000277	DC3000_protein_12_2025	WP_003375897.1, WP_007245604.1	plate25.C2.annotation	DAKCFMEO_02984
OG0000278	DC3000_protein_12_2025	WP_003376950.1, WP_007249559.1	plate25.C2.annotation	DAKCFMEO_00893
OG0000279	DC3000_protein_12_2025	WP_003377112.1	plate25.C2.annotation	DAKCFMEO_04581, DAKCFMEO_04925
OG0000280	DC3000_protein_12_2025	WP_003377885.1, WP_046463942.1	plate25.C2.annotation	DAKCFMEO_01255
OG0000281	DC3000_protein_12_2025	WP_003378111.1	plate25.C2.annotation	DAKCFMEO_04063, DAKCFMEO_04646
OG0000282	DC3000_protein_12_2025	WP_003378884.1	plate25.C2.annotation	DAKCFMEO_03547, DAKCFMEO_05075
OG0000283	DC3000_protein_12_2025	WP_003379146.1, WP_011104928.1	plate25.C2.annotation	DAKCFMEO_03563
OG0000284	DC3000_protein_12_2025	WP_003379656.1, WP_005762795.1	plate25.C2.annotation	DAKCFMEO_01792
OG0000285	DC3000_protein_12_2025	WP_003379921.1, WP_005769283.1	plate25.C2.annotation	DAKCFMEO_02958
OG0000286	DC3000_protein_12_2025	WP_003380009.1, WP_005764515.1	plate25.C2.annotation	DAKCFMEO_02091
OG0000287	DC3000_protein_12_2025	WP_003380444.1	plate25.C2.annotation	DAKCFMEO_02791, DAKCFMEO_04087
OG0000288	DC3000_protein_12_2025	WP_003380449.1, WP_011105154.1	plate25.C2.annotation	DAKCFMEO_04083
OG0000289	DC3000_protein_12_2025	WP_003380768.1, WP_005763805.1	plate25.C2.annotation	DAKCFMEO_02907
OG0000290	DC3000_protein_12_2025	WP_003380853.1	plate25.C2.annotation	DAKCFMEO_03814, DAKCFMEO_04703
OG0000291	DC3000_protein_12_2025	WP_003381368.1, WP_011104330.1	plate25.C2.annotation	DAKCFMEO_05130
OG0000292	DC3000_protein_12_2025	WP_003381514.1, WP_011103415.1	plate25.C2.annotation	DAKCFMEO_00129
OG0000293	DC3000_protein_12_2025	WP_003382082.1	plate25.C2.annotation	DAKCFMEO_03549, DAKCFMEO_05177
OG0000294	DC3000_protein_12_2025	WP_003382419.1, WP_080946640.1	plate25.C2.annotation	DAKCFMEO_00798
OG0000295	DC3000_protein_12_2025	WP_003382736.1	plate25.C2.annotation	DAKCFMEO_00260, DAKCFMEO_04182
OG0000296	DC3000_protein_12_2025	WP_003382778.1	plate25.C2.annotation	DAKCFMEO_00884, DAKCFMEO_01111
OG0000297	DC3000_protein_12_2025	WP_003382858.1, WP_007246155.1	plate25.C2.annotation	DAKCFMEO_01168
OG0000298	DC3000_protein_12_2025	WP_003383089.1	plate25.C2.annotation	DAKCFMEO_02655, DAKCFMEO_03882
OG0000300	DC3000_protein_12_2025	WP_003413692.1, WP_011105093.1	plate25.C2.annotation	DAKCFMEO_03319
OG0000301	DC3000_protein_12_2025	WP_003425054.1, WP_003425060.1	plate25.C2.annotation	DAKCFMEO_03080
OG0000302	DC3000_protein_12_2025	WP_003425065.1, WP_057443118.1	plate25.C2.annotation	DAKCFMEO_03087
OG0000303	DC3000_protein_12_2025	WP_004407132.1	plate25.C2.annotation	DAKCFMEO_02816, DAKCFMEO_02817
OG0000304	DC3000_protein_12_2025	WP_004655323.1	plate25.C2.annotation	DAKCFMEO_01862, DAKCFMEO_04785
OG0000305	DC3000_protein_12_2025	WP_005613644.1, WP_005771683.1	plate25.C2.annotation	DAKCFMEO_03271
OG0000306	DC3000_protein_12_2025	WP_005616037.1, WP_011105129.1	plate25.C2.annotation	DAKCFMEO_03159
OG0000307	DC3000_protein_12_2025	WP_005616363.1, WP_005768541.1	plate25.C2.annotation	DAKCFMEO_02260
OG0000308	DC3000_protein_12_2025	WP_005617359.1, WP_046463764.1	plate25.C2.annotation	DAKCFMEO_00717
OG0000309	DC3000_protein_12_2025	WP_005617711.1, WP_011104380.1	plate25.C2.annotation	DAKCFMEO_01382
OG0000310	DC3000_protein_12_2025	WP_005618920.1	plate25.C2.annotation	DAKCFMEO_00988, DAKCFMEO_01450
OG0000311	DC3000_protein_12_2025	WP_005620205.1	plate25.C2.annotation	DAKCFMEO_00297, DAKCFMEO_00869
OG0000312	DC3000_protein_12_2025	WP_005620808.1	plate25.C2.annotation	DAKCFMEO_04405, DAKCFMEO_04870
OG0000313	DC3000_protein_12_2025	WP_005621066.1	plate25.C2.annotation	DAKCFMEO_04015, DAKCFMEO_05016
OG0000314	DC3000_protein_12_2025	WP_005736419.1	plate25.C2.annotation	DAKCFMEO_00197, DAKCFMEO_02982
OG0000315	DC3000_protein_12_2025	WP_005736952.1	plate25.C2.annotation	DAKCFMEO_04406, DAKCFMEO_05008
OG0000316	DC3000_protein_12_2025	WP_005739893.1, WP_011103139.1	plate25.C2.annotation	DAKCFMEO_01907
OG0000317	DC3000_protein_12_2025	WP_005740056.1, WP_005770656.1	plate25.C2.annotation	DAKCFMEO_04331
OG0000318	DC3000_protein_12_2025	WP_005740602.1	plate25.C2.annotation	DAKCFMEO_04056, DAKCFMEO_04508
OG0000319	DC3000_protein_12_2025	WP_005762392.1, WP_024667893.1	plate25.C2.annotation	DAKCFMEO_04386
OG0000320	DC3000_protein_12_2025	WP_005762416.1, WP_011103034.1	plate25.C2.annotation	DAKCFMEO_03800
OG0000321	DC3000_protein_12_2025	WP_005762525.1	plate25.C2.annotation	DAKCFMEO_00362, DAKCFMEO_03735
OG0000322	DC3000_protein_12_2025	WP_005762628.1	plate25.C2.annotation	DAKCFMEO_01159, DAKCFMEO_04587
OG0000323	DC3000_protein_12_2025	WP_005762682.1, WP_005888835.1	plate25.C2.annotation	DAKCFMEO_01107
OG0000324	DC3000_protein_12_2025	WP_005762770.1, WP_032710594.1	plate25.C2.annotation	DAKCFMEO_02336
OG0000325	DC3000_protein_12_2025	WP_005762863.1	plate25.C2.annotation	DAKCFMEO_00185, DAKCFMEO_00880
OG0000326	DC3000_protein_12_2025	WP_005762877.1	plate25.C2.annotation	DAKCFMEO_01380, DAKCFMEO_02449
OG0000327	DC3000_protein_12_2025	WP_005762963.1, WP_007244579.1	plate25.C2.annotation	DAKCFMEO_04950
OG0000328	DC3000_protein_12_2025	WP_005762981.1	plate25.C2.annotation	DAKCFMEO_04218, DAKCFMEO_04929
OG0000329	DC3000_protein_12_2025	WP_005763051.1	plate25.C2.annotation	DAKCFMEO_04404, DAKCFMEO_04869
OG0000330	DC3000_protein_12_2025	WP_005763057.1, WP_011104271.1	plate25.C2.annotation	DAKCFMEO_04862
OG0000331	DC3000_protein_12_2025	WP_005763092.1, WP_005763320.1	plate25.C2.annotation	DAKCFMEO_04844
OG0000332	DC3000_protein_12_2025	WP_005763096.1	plate25.C2.annotation	DAKCFMEO_00825, DAKCFMEO_04841
OG0000333	DC3000_protein_12_2025	WP_005763186.1	plate25.C2.annotation	DAKCFMEO_01073, DAKCFMEO_03644
OG0000334	DC3000_protein_12_2025	WP_005763248.1, WP_011103312.1	plate25.C2.annotation	DAKCFMEO_03614
OG0000335	DC3000_protein_12_2025	WP_005763415.1	plate25.C2.annotation	DAKCFMEO_00750, DAKCFMEO_05165
OG0000336	DC3000_protein_12_2025	WP_005763472.1, WP_005766614.1	plate25.C2.annotation	DAKCFMEO_01814
OG0000337	DC3000_protein_12_2025	WP_005763515.1	plate25.C2.annotation	DAKCFMEO_00877, DAKCFMEO_05114
OG0000338	DC3000_protein_12_2025	WP_005763583.1	plate25.C2.annotation	DAKCFMEO_02177, DAKCFMEO_03024
OG0000339	DC3000_protein_12_2025	WP_005763597.1	plate25.C2.annotation	DAKCFMEO_03831, DAKCFMEO_04977
OG0000340	DC3000_protein_12_2025	WP_005763620.1	plate25.C2.annotation	DAKCFMEO_02417, DAKCFMEO_05039
OG0000341	DC3000_protein_12_2025	WP_005763632.1	plate25.C2.annotation	DAKCFMEO_05033, DAKCFMEO_05035
OG0000342	DC3000_protein_12_2025	WP_005763703.1	plate25.C2.annotation	DAKCFMEO_01775, DAKCFMEO_02939
OG0000343	DC3000_protein_12_2025	WP_005763855.1	plate25.C2.annotation	DAKCFMEO_01069, DAKCFMEO_01464
OG0000344	DC3000_protein_12_2025	WP_005763879.1	plate25.C2.annotation	DAKCFMEO_01087, DAKCFMEO_01471
OG0000345	DC3000_protein_12_2025	WP_005763897.1	plate25.C2.annotation	DAKCFMEO_01079, DAKCFMEO_01485
OG0000346	DC3000_protein_12_2025	WP_005763910.1, WP_007245218.1	plate25.C2.annotation	DAKCFMEO_04361
OG0000347	DC3000_protein_12_2025	WP_005764024.1	plate25.C2.annotation	DAKCFMEO_00853, DAKCFMEO_03007
OG0000348	DC3000_protein_12_2025	WP_005764030.1	plate25.C2.annotation	DAKCFMEO_03002, DAKCFMEO_04058
OG0000349	DC3000_protein_12_2025	WP_005764059.1	plate25.C2.annotation	DAKCFMEO_00938, DAKCFMEO_02969
OG0000350	DC3000_protein_12_2025	WP_005764112.1	plate25.C2.annotation	DAKCFMEO_02719, DAKCFMEO_04643
OG0000351	DC3000_protein_12_2025	WP_005764153.1, WP_005770932.1	plate25.C2.annotation	DAKCFMEO_02740
OG0000352	DC3000_protein_12_2025	WP_005764194.1	plate25.C2.annotation	DAKCFMEO_02760, DAKCFMEO_03826
OG0000353	DC3000_protein_12_2025	WP_005764200.1	plate25.C2.annotation	DAKCFMEO_02762, DAKCFMEO_03852
OG0000354	DC3000_protein_12_2025	WP_005764268.1, WP_005764297.1	plate25.C2.annotation	DAKCFMEO_03937
OG0000355	DC3000_protein_12_2025	WP_005764295.1, WP_011105456.1	plate25.C2.annotation	DAKCFMEO_04434
OG0000356	DC3000_protein_12_2025	WP_005764299.1, WP_011105539.1	plate25.C2.annotation	DAKCFMEO_01562
OG0000357	DC3000_protein_12_2025	WP_005764420.1	plate25.C2.annotation	DAKCFMEO_03901, DAKCFMEO_04060
OG0000358	DC3000_protein_12_2025	WP_005764422.1, WP_011103607.1	plate25.C2.annotation	DAKCFMEO_03900
OG0000359	DC3000_protein_12_2025	WP_005764534.1, WP_011104230.1	plate25.C2.annotation	DAKCFMEO_03961
OG0000360	DC3000_protein_12_2025	WP_005764536.1	plate25.C2.annotation	DAKCFMEO_02361, DAKCFMEO_03962
OG0000361	DC3000_protein_12_2025	WP_005764784.1	plate25.C2.annotation	DAKCFMEO_00202, DAKCFMEO_04033
OG0000362	DC3000_protein_12_2025	WP_005764810.1	plate25.C2.annotation	DAKCFMEO_00181, DAKCFMEO_04066
OG0000363	DC3000_protein_12_2025	WP_005764880.1	plate25.C2.annotation	DAKCFMEO_00137, DAKCFMEO_04057
OG0000364	DC3000_protein_12_2025	WP_005764919.1, WP_046463526.1	plate25.C2.annotation	DAKCFMEO_00108
OG0000365	DC3000_protein_12_2025	WP_005764971.1, WP_011103736.1	plate25.C2.annotation	DAKCFMEO_00079
OG0000366	DC3000_protein_12_2025	WP_005765040.1	plate25.C2.annotation	DAKCFMEO_04582, DAKCFMEO_04685
OG0000367	DC3000_protein_12_2025	WP_005765123.1	plate25.C2.annotation	DAKCFMEO_02102, DAKCFMEO_04644
OG0000368	DC3000_protein_12_2025	WP_005765159.1, WP_011105322.1	plate25.C2.annotation	DAKCFMEO_04625
OG0000369	DC3000_protein_12_2025	WP_005765163.1	plate25.C2.annotation	DAKCFMEO_00269, DAKCFMEO_04617
OG0000370	DC3000_protein_12_2025	WP_005765169.1	plate25.C2.annotation	DAKCFMEO_04065, DAKCFMEO_04614
OG0000371	DC3000_protein_12_2025	WP_005765172.1, WP_044389891.1	plate25.C2.annotation	DAKCFMEO_04613
OG0000372	DC3000_protein_12_2025	WP_005765174.1, WP_010205279.1	plate25.C2.annotation	DAKCFMEO_04610
OG0000373	DC3000_protein_12_2025	WP_005765215.1, WP_005770249.1	plate25.C2.annotation	DAKCFMEO_04570
OG0000374	DC3000_protein_12_2025	WP_005765251.1, WP_161797809.1	plate25.C2.annotation	DAKCFMEO_04548
OG0000375	DC3000_protein_12_2025	WP_005765436.1, WP_005768204.1	plate25.C2.annotation	DAKCFMEO_01293
OG0000376	DC3000_protein_12_2025	WP_005765639.1, WP_011103329.1	plate25.C2.annotation	DAKCFMEO_00803
OG0000377	DC3000_protein_12_2025	WP_005765656.1, WP_011104927.1	plate25.C2.annotation	DAKCFMEO_00785
OG0000378	DC3000_protein_12_2025	WP_005765721.1	plate25.C2.annotation	DAKCFMEO_00730, DAKCFMEO_02439
OG0000379	DC3000_protein_12_2025	WP_005765726.1	plate25.C2.annotation	DAKCFMEO_00725, DAKCFMEO_03046
OG0000380	DC3000_protein_12_2025	WP_005765730.1, WP_011104103.1	plate25.C2.annotation	DAKCFMEO_00722
OG0000381	DC3000_protein_12_2025	WP_005765876.1	plate25.C2.annotation	DAKCFMEO_03053, DAKCFMEO_03260
OG0000382	DC3000_protein_12_2025	WP_005766003.1, WP_011105084.1	plate25.C2.annotation	DAKCFMEO_03179
OG0000383	DC3000_protein_12_2025	WP_005766014.1	plate25.C2.annotation	DAKCFMEO_00917, DAKCFMEO_03171
OG0000384	DC3000_protein_12_2025	WP_005766018.1	plate25.C2.annotation	DAKCFMEO_01230, DAKCFMEO_03165
OG0000385	DC3000_protein_12_2025	WP_005766202.1, WP_046463388.1	plate25.C2.annotation	DAKCFMEO_04091
OG0000386	DC3000_protein_12_2025	WP_005766318.1, WP_007247551.1	plate25.C2.annotation	DAKCFMEO_00957
OG0000387	DC3000_protein_12_2025	WP_005766467.1	plate25.C2.annotation	DAKCFMEO_00470, DAKCFMEO_01389
OG0000388	DC3000_protein_12_2025	WP_005766548.1	plate25.C2.annotation	DAKCFMEO_00412, DAKCFMEO_01924
OG0000389	DC3000_protein_12_2025	WP_005766631.1	plate25.C2.annotation	DAKCFMEO_01801, DAKCFMEO_02241
OG0000390	DC3000_protein_12_2025	WP_005766893.1	plate25.C2.annotation	DAKCFMEO_02600, DAKCFMEO_04311
OG0000391	DC3000_protein_12_2025	WP_005766903.1	plate25.C2.annotation	DAKCFMEO_01055, DAKCFMEO_02593
OG0000392	DC3000_protein_12_2025	WP_005766948.1, WP_005769733.1	plate25.C2.annotation	DAKCFMEO_02568
OG0000393	DC3000_protein_12_2025	WP_005766956.1	plate25.C2.annotation	DAKCFMEO_02560, DAKCFMEO_02561
OG0000394	DC3000_protein_12_2025	WP_005767033.1, WP_011103777.1	plate25.C2.annotation	DAKCFMEO_02506
OG0000395	DC3000_protein_12_2025	WP_005767052.1, WP_011105587.1	plate25.C2.annotation	DAKCFMEO_05175
OG0000396	DC3000_protein_12_2025	WP_005767090.1, WP_011103995.1	plate25.C2.annotation	DAKCFMEO_05189
OG0000397	DC3000_protein_12_2025	WP_005767207.1, WP_011104529.1	plate25.C2.annotation	DAKCFMEO_02818
OG0000398	DC3000_protein_12_2025	WP_005767347.1	plate25.C2.annotation	DAKCFMEO_00994, DAKCFMEO_01451
OG0000399	DC3000_protein_12_2025	WP_005767365.1	plate25.C2.annotation	DAKCFMEO_01492, DAKCFMEO_04216
OG0000400	DC3000_protein_12_2025	WP_005767375.1, WP_011103852.1	plate25.C2.annotation	DAKCFMEO_02652
OG0000401	DC3000_protein_12_2025	WP_005767735.1	plate25.C2.annotation	DAKCFMEO_04055, DAKCFMEO_04507
OG0000402	DC3000_protein_12_2025	WP_005767814.1, WP_011103921.1	plate25.C2.annotation	DAKCFMEO_02445
OG0000403	DC3000_protein_12_2025	WP_005767816.1	plate25.C2.annotation	DAKCFMEO_02447, DAKCFMEO_03915
OG0000404	DC3000_protein_12_2025	WP_005767827.1	plate25.C2.annotation	DAKCFMEO_02454, DAKCFMEO_03047
OG0000405	DC3000_protein_12_2025	WP_005768139.1	plate25.C2.annotation	DAKCFMEO_01903, DAKCFMEO_02225
OG0000406	DC3000_protein_12_2025	WP_005768186.1	plate25.C2.annotation	DAKCFMEO_01302, DAKCFMEO_02895
OG0000407	DC3000_protein_12_2025	WP_005768269.1, WP_011105005.1	plate25.C2.annotation	DAKCFMEO_00424
OG0000408	DC3000_protein_12_2025	WP_005768387.1, WP_046464040.1	plate25.C2.annotation	DAKCFMEO_01604
OG0000409	DC3000_protein_12_2025	WP_005768414.1	plate25.C2.annotation	DAKCFMEO_01961, DAKCFMEO_01962
OG0000410	DC3000_protein_12_2025	WP_005768464.1	plate25.C2.annotation	DAKCFMEO_01777, DAKCFMEO_05126
OG0000411	DC3000_protein_12_2025	WP_005768488.1	plate25.C2.annotation	DAKCFMEO_00757, DAKCFMEO_01996
OG0000412	DC3000_protein_12_2025	WP_005768549.1, WP_007243709.1	plate25.C2.annotation	DAKCFMEO_01694
OG0000413	DC3000_protein_12_2025	WP_005768639.1	plate25.C2.annotation	DAKCFMEO_02767, DAKCFMEO_05293
OG0000414	DC3000_protein_12_2025	WP_005768689.1	plate25.C2.annotation	DAKCFMEO_00292, DAKCFMEO_00967
OG0000415	DC3000_protein_12_2025	WP_005768741.1	plate25.C2.annotation	DAKCFMEO_01340, DAKCFMEO_02784
OG0000416	DC3000_protein_12_2025	WP_005768794.1	plate25.C2.annotation	DAKCFMEO_03396, DAKCFMEO_05266
OG0000417	DC3000_protein_12_2025	WP_005768808.1	plate25.C2.annotation	DAKCFMEO_01090, DAKCFMEO_03410
OG0000418	DC3000_protein_12_2025	WP_005768834.1	plate25.C2.annotation	DAKCFMEO_02783, DAKCFMEO_03424
OG0000419	DC3000_protein_12_2025	WP_005768966.1	plate25.C2.annotation	DAKCFMEO_03545, DAKCFMEO_04074
OG0000420	DC3000_protein_12_2025	WP_005769036.1	plate25.C2.annotation	DAKCFMEO_00131, DAKCFMEO_03579
OG0000421	DC3000_protein_12_2025	WP_005769085.1	plate25.C2.annotation	DAKCFMEO_03089, DAKCFMEO_04284
OG0000422	DC3000_protein_12_2025	WP_005769228.1, WP_046463420.1	plate25.C2.annotation	DAKCFMEO_00601
OG0000423	DC3000_protein_12_2025	WP_005769524.1, WP_011104231.1	plate25.C2.annotation	DAKCFMEO_01867
OG0000424	DC3000_protein_12_2025	WP_005769533.1, WP_011103297.1	plate25.C2.annotation	DAKCFMEO_01863
OG0000425	DC3000_protein_12_2025	WP_005769571.1	plate25.C2.annotation	DAKCFMEO_01836, DAKCFMEO_02082
OG0000426	DC3000_protein_12_2025	WP_005769641.1	plate25.C2.annotation	DAKCFMEO_00637, DAKCFMEO_01138
OG0000427	DC3000_protein_12_2025	WP_005769959.1, WP_011104151.1	plate25.C2.annotation	DAKCFMEO_01169
OG0000428	DC3000_protein_12_2025	WP_005770049.1	plate25.C2.annotation	DAKCFMEO_03381, DAKCFMEO_03699
OG0000429	DC3000_protein_12_2025	WP_005770064.1	plate25.C2.annotation	DAKCFMEO_03688, DAKCFMEO_03838
OG0000430	DC3000_protein_12_2025	WP_005770073.1, WP_046463939.1	plate25.C2.annotation	DAKCFMEO_03682
OG0000431	DC3000_protein_12_2025	WP_005770075.1	plate25.C2.annotation	DAKCFMEO_03681, DAKCFMEO_04451
OG0000433	DC3000_protein_12_2025	WP_005770179.1, WP_011105580.1	plate25.C2.annotation	DAKCFMEO_03076
OG0000434	DC3000_protein_12_2025	WP_005770270.1	plate25.C2.annotation	DAKCFMEO_03817, DAKCFMEO_03843
OG0000435	DC3000_protein_12_2025	WP_005770289.1	plate25.C2.annotation	DAKCFMEO_00256, DAKCFMEO_04061
OG0000436	DC3000_protein_12_2025	WP_005770637.1	plate25.C2.annotation	DAKCFMEO_02219, DAKCFMEO_04241
OG0000437	DC3000_protein_12_2025	WP_005770825.1	plate25.C2.annotation	DAKCFMEO_00922, DAKCFMEO_01624
OG0000438	DC3000_protein_12_2025	WP_005770918.1, WP_011103586.1	plate25.C2.annotation	DAKCFMEO_03209
OG0000439	DC3000_protein_12_2025	WP_005770934.1, WP_011103480.1	plate25.C2.annotation	DAKCFMEO_02741
OG0000440	DC3000_protein_12_2025	WP_005770956.1	plate25.C2.annotation	DAKCFMEO_00912, DAKCFMEO_01738
OG0000441	DC3000_protein_12_2025	WP_005771011.1, WP_011104275.1	plate25.C2.annotation	DAKCFMEO_03355
OG0000442	DC3000_protein_12_2025	WP_005771069.1	plate25.C2.annotation	DAKCFMEO_02007, DAKCFMEO_04068
OG0000443	DC3000_protein_12_2025	WP_005771391.1	plate25.C2.annotation	DAKCFMEO_02894, DAKCFMEO_03457
OG0000444	DC3000_protein_12_2025	WP_005771461.1, WP_011103923.1	plate25.C2.annotation	DAKCFMEO_00708
OG0000446	DC3000_protein_12_2025	WP_007243883.1	plate25.C2.annotation	DAKCFMEO_02781, DAKCFMEO_03907
OG0000447	DC3000_protein_12_2025	WP_007244060.1	plate25.C2.annotation	DAKCFMEO_02754, DAKCFMEO_04784
OG0000448	DC3000_protein_12_2025	WP_007244314.1	plate25.C2.annotation	DAKCFMEO_00449, DAKCFMEO_02620
OG0000449	DC3000_protein_12_2025	WP_007244356.1, WP_011103659.1	plate25.C2.annotation	DAKCFMEO_02559
OG0000450	DC3000_protein_12_2025	WP_007244528.1, WP_011103465.1	plate25.C2.annotation	DAKCFMEO_02942
OG0000451	DC3000_protein_12_2025	WP_007244552.1, WP_011104360.1	plate25.C2.annotation	DAKCFMEO_02176
OG0000452	DC3000_protein_12_2025	WP_007244820.1	plate25.C2.annotation	DAKCFMEO_01072, DAKCFMEO_01463
OG0000453	DC3000_protein_12_2025	WP_007244871.1, WP_011104978.1	plate25.C2.annotation	DAKCFMEO_00340
OG0000454	DC3000_protein_12_2025	WP_007244951.1	plate25.C2.annotation	DAKCFMEO_01244, DAKCFMEO_02891
OG0000455	DC3000_protein_12_2025	WP_007245011.1, WP_032710417.1	plate25.C2.annotation	DAKCFMEO_01591
OG0000456	DC3000_protein_12_2025	WP_007245081.1	plate25.C2.annotation	DAKCFMEO_01671, DAKCFMEO_04506
OG0000457	DC3000_protein_12_2025	WP_007245396.1	plate25.C2.annotation	DAKCFMEO_01063, DAKCFMEO_03223
OG0000458	DC3000_protein_12_2025	WP_007245492.1	plate25.C2.annotation	DAKCFMEO_03576, DAKCFMEO_03793
OG0000459	DC3000_protein_12_2025	WP_007245539.1	plate25.C2.annotation	DAKCFMEO_03691, DAKCFMEO_03835
OG0000460	DC3000_protein_12_2025	WP_007245542.1	plate25.C2.annotation	DAKCFMEO_03382, DAKCFMEO_03700
OG0000461	DC3000_protein_12_2025	WP_007245619.1, WP_011105400.1	plate25.C2.annotation	DAKCFMEO_02088
OG0000462	DC3000_protein_12_2025	WP_007245738.1, WP_011103613.1	plate25.C2.annotation	DAKCFMEO_04393
OG0000463	DC3000_protein_12_2025	WP_007245786.1, WP_044390721.1	plate25.C2.annotation	DAKCFMEO_03137
OG0000464	DC3000_protein_12_2025	WP_007245803.1, WP_024666158.1	plate25.C2.annotation	DAKCFMEO_04145
OG0000465	DC3000_protein_12_2025	WP_007245922.1, WP_165442256.1	plate25.C2.annotation	DAKCFMEO_00932
OG0000466	DC3000_protein_12_2025	WP_007245994.1	plate25.C2.annotation	DAKCFMEO_01093, DAKCFMEO_03864
OG0000467	DC3000_protein_12_2025	WP_007245995.1	plate25.C2.annotation	DAKCFMEO_01094, DAKCFMEO_03865
OG0000468	DC3000_protein_12_2025	WP_007246058.1	plate25.C2.annotation	DAKCFMEO_01446, DAKCFMEO_03888
OG0000469	DC3000_protein_12_2025	WP_007246092.1	plate25.C2.annotation	DAKCFMEO_01648, DAKCFMEO_03876
OG0000470	DC3000_protein_12_2025	WP_007246323.1, WP_011103558.1	plate25.C2.annotation	DAKCFMEO_02707
OG0000471	DC3000_protein_12_2025	WP_007246342.1	plate25.C2.annotation	DAKCFMEO_00951, DAKCFMEO_02684
OG0000472	DC3000_protein_12_2025	WP_007246356.1	plate25.C2.annotation	DAKCFMEO_00806, DAKCFMEO_03927
OG0000473	DC3000_protein_12_2025	WP_007246357.1	plate25.C2.annotation	DAKCFMEO_00804, DAKCFMEO_04054
OG0000474	DC3000_protein_12_2025	WP_007246688.1	plate25.C2.annotation	DAKCFMEO_01371, DAKCFMEO_03878
OG0000475	DC3000_protein_12_2025	WP_007246697.1	plate25.C2.annotation	DAKCFMEO_00918, DAKCFMEO_03942
OG0000476	DC3000_protein_12_2025	WP_007246986.1	plate25.C2.annotation	DAKCFMEO_03023, DAKCFMEO_04735
OG0000477	DC3000_protein_12_2025	WP_007247160.1	plate25.C2.annotation	DAKCFMEO_00154, DAKCFMEO_02061
OG0000478	DC3000_protein_12_2025	WP_007249558.1, WP_161797763.1	plate25.C2.annotation	DAKCFMEO_00894
OG0000479	DC3000_protein_12_2025	WP_010205787.1	plate25.C2.annotation	DAKCFMEO_02759, DAKCFMEO_03825
OG0000480	DC3000_protein_12_2025	WP_010208319.1, WP_161633100.1	plate25.C2.annotation	DAKCFMEO_01866
OG0000481	DC3000_protein_12_2025	WP_010213774.1, WP_011105481.1	plate25.C2.annotation	DAKCFMEO_01628
OG0000482	DC3000_protein_12_2025	WP_011102950.1, WP_046463612.1	plate25.C2.annotation	DAKCFMEO_01276
OG0000483	DC3000_protein_12_2025	WP_011102956.1, WP_046463616.1	plate25.C2.annotation	DAKCFMEO_01283
OG0000484	DC3000_protein_12_2025	WP_011102981.1, WP_011105171.1	plate25.C2.annotation	DAKCFMEO_01835
OG0000485	DC3000_protein_12_2025	WP_011102988.1, WP_011104361.1	plate25.C2.annotation	DAKCFMEO_01855
OG0000486	DC3000_protein_12_2025	WP_011102994.1	plate25.C2.annotation	DAKCFMEO_01269, DAKCFMEO_01875
OG0000487	DC3000_protein_12_2025	WP_011102995.1, WP_052746244.1	plate25.C2.annotation	DAKCFMEO_01877
OG0000488	DC3000_protein_12_2025	WP_011103021.1, WP_011105123.1	plate25.C2.annotation	DAKCFMEO_01307
OG0000489	DC3000_protein_12_2025	WP_011103033.1, WP_011104299.1	plate25.C2.annotation	DAKCFMEO_03968
OG0000490	DC3000_protein_12_2025	WP_011103046.1, WP_046463731.1	plate25.C2.annotation	DAKCFMEO_02006
OG0000491	DC3000_protein_12_2025	WP_011103051.1	plate25.C2.annotation	DAKCFMEO_02015, DAKCFMEO_03890
OG0000492	DC3000_protein_12_2025	WP_011103108.1, WP_011103996.1	plate25.C2.annotation	DAKCFMEO_05122
OG0000493	DC3000_protein_12_2025	WP_011103110.1	plate25.C2.annotation	DAKCFMEO_04722, DAKCFMEO_05120
OG0000494	DC3000_protein_12_2025	WP_011103124.1	plate25.C2.annotation	DAKCFMEO_00965, DAKCFMEO_02151
OG0000495	DC3000_protein_12_2025	WP_011103148.1	plate25.C2.annotation	DAKCFMEO_01776, DAKCFMEO_02940
OG0000496	DC3000_protein_12_2025	WP_011103156.1, WP_011104714.1	plate25.C2.annotation	DAKCFMEO_01150
OG0000499	DC3000_protein_12_2025	WP_011103229.1	plate25.C2.annotation	DAKCFMEO_03546, DAKCFMEO_03886
OG0000500	DC3000_protein_12_2025	WP_011103230.1, WP_052746256.1	plate25.C2.annotation	DAKCFMEO_02041
OG0000501	DC3000_protein_12_2025	WP_011103268.1	plate25.C2.annotation	DAKCFMEO_03686, DAKCFMEO_03873
OG0000502	DC3000_protein_12_2025	WP_011103281.1	plate25.C2.annotation	DAKCFMEO_00598, DAKCFMEO_05123
OG0000503	DC3000_protein_12_2025	WP_011103381.1, WP_011105557.1	plate25.C2.annotation	DAKCFMEO_01217
OG0000504	DC3000_protein_12_2025	WP_011103397.1	plate25.C2.annotation	DAKCFMEO_00911, DAKCFMEO_01740
OG0000505	DC3000_protein_12_2025	WP_011103398.1	plate25.C2.annotation	DAKCFMEO_01737, DAKCFMEO_04048
OG0000506	DC3000_protein_12_2025	WP_011103413.1	plate25.C2.annotation	DAKCFMEO_03449, DAKCFMEO_05251
OG0000507	DC3000_protein_12_2025	WP_011103418.1, WP_161797786.1	plate25.C2.annotation	DAKCFMEO_02064
OG0000509	DC3000_protein_12_2025	WP_011103434.1	plate25.C2.annotation	DAKCFMEO_01202, DAKCFMEO_03430
OG0000510	DC3000_protein_12_2025	WP_011103474.1, WP_011103476.1	plate25.C2.annotation	DAKCFMEO_02748
OG0000512	DC3000_protein_12_2025	WP_011103535.1	plate25.C2.annotation	DAKCFMEO_01084, DAKCFMEO_01468
OG0000513	DC3000_protein_12_2025	WP_011103539.1	plate25.C2.annotation	DAKCFMEO_04376, DAKCFMEO_04418
OG0000514	DC3000_protein_12_2025	WP_011103548.1, WP_011104109.1	plate25.C2.annotation	DAKCFMEO_03351
OG0000515	DC3000_protein_12_2025	WP_011103608.1, WP_044393500.1	plate25.C2.annotation	DAKCFMEO_00067
OG0000516	DC3000_protein_12_2025	WP_011103700.1	plate25.C2.annotation	DAKCFMEO_02332, DAKCFMEO_03025
OG0000517	DC3000_protein_12_2025	WP_011103704.1, WP_046463414.1	plate25.C2.annotation	DAKCFMEO_00161
OG0000518	DC3000_protein_12_2025	WP_011103755.1	plate25.C2.annotation	DAKCFMEO_00060, DAKCFMEO_02463
OG0000519	DC3000_protein_12_2025	WP_011103760.1, WP_011104130.1	plate25.C2.annotation	DAKCFMEO_02472
OG0000520	DC3000_protein_12_2025	WP_011103763.1	plate25.C2.annotation	DAKCFMEO_02480, DAKCFMEO_03311
OG0000521	DC3000_protein_12_2025	WP_011103803.1	plate25.C2.annotation	DAKCFMEO_02577, DAKCFMEO_02580
OG0000522	DC3000_protein_12_2025	WP_011103825.1, WP_011104883.1	plate25.C2.annotation	DAKCFMEO_00124
OG0000524	DC3000_protein_12_2025	WP_011103899.1	plate25.C2.annotation	DAKCFMEO_00675, DAKCFMEO_02998
OG0000525	DC3000_protein_12_2025	WP_011103905.1	plate25.C2.annotation	DAKCFMEO_00680, DAKCFMEO_00681
OG0000526	DC3000_protein_12_2025	WP_011103908.1, WP_011104759.1	plate25.C2.annotation	DAKCFMEO_00685
OG0000527	DC3000_protein_12_2025	WP_011103928.1	plate25.C2.annotation	DAKCFMEO_00716, DAKCFMEO_04619
OG0000528	DC3000_protein_12_2025	WP_011103983.1	plate25.C2.annotation	DAKCFMEO_03310, DAKCFMEO_03849
OG0000529	DC3000_protein_12_2025	WP_011103984.1	plate25.C2.annotation	DAKCFMEO_03309, DAKCFMEO_03850
OG0000530	DC3000_protein_12_2025	WP_011103986.1	plate25.C2.annotation	DAKCFMEO_00255, DAKCFMEO_03860
OG0000531	DC3000_protein_12_2025	WP_011103994.1, WP_163004347.1	plate25.C2.annotation	DAKCFMEO_02292
OG0000532	DC3000_protein_12_2025	WP_011104025.1, WP_046463280.1	plate25.C2.annotation	DAKCFMEO_00905
OG0000533	DC3000_protein_12_2025	WP_011104028.1	plate25.C2.annotation	DAKCFMEO_00919, DAKCFMEO_03094
OG0000534	DC3000_protein_12_2025	WP_011104099.1	plate25.C2.annotation	DAKCFMEO_00888, DAKCFMEO_01054
OG0000535	DC3000_protein_12_2025	WP_011104133.1, WP_011104435.1	plate25.C2.annotation	DAKCFMEO_01100
OG0000536	DC3000_protein_12_2025	WP_011104138.1	plate25.C2.annotation	DAKCFMEO_01115, DAKCFMEO_03811
OG0000537	DC3000_protein_12_2025	WP_011104146.1	plate25.C2.annotation	DAKCFMEO_01129, DAKCFMEO_01823
OG0000538	DC3000_protein_12_2025	WP_011104158.1	plate25.C2.annotation	DAKCFMEO_01188, DAKCFMEO_04589
OG0000539	DC3000_protein_12_2025	WP_011104203.1	plate25.C2.annotation	DAKCFMEO_01339, DAKCFMEO_03786
OG0000540	DC3000_protein_12_2025	WP_011104237.1	plate25.C2.annotation	DAKCFMEO_03063, DAKCFMEO_03325
OG0000541	DC3000_protein_12_2025	WP_011104239.1, WP_011105472.1	plate25.C2.annotation	DAKCFMEO_05264
OG0000542	DC3000_protein_12_2025	WP_011104257.1, WP_011105583.1	plate25.C2.annotation	DAKCFMEO_02900
OG0000543	DC3000_protein_12_2025	WP_011104292.1	plate25.C2.annotation	DAKCFMEO_03953, DAKCFMEO_04047
OG0000544	DC3000_protein_12_2025	WP_011104296.1, WP_011104943.1	plate25.C2.annotation	DAKCFMEO_03964
OG0000545	DC3000_protein_12_2025	WP_011104306.1, WP_011104433.1	plate25.C2.annotation	DAKCFMEO_03042
OG0000546	DC3000_protein_12_2025	WP_011104364.1	plate25.C2.annotation	DAKCFMEO_04059, DAKCFMEO_04459
OG0000547	DC3000_protein_12_2025	WP_011104398.1	plate25.C2.annotation	DAKCFMEO_00849, DAKCFMEO_04108
OG0000548	DC3000_protein_12_2025	WP_011104401.1	plate25.C2.annotation	DAKCFMEO_00331, DAKCFMEO_04117
OG0000549	DC3000_protein_12_2025	WP_011104419.1	plate25.C2.annotation	DAKCFMEO_00656, DAKCFMEO_01002
OG0000550	DC3000_protein_12_2025	WP_011104454.1	plate25.C2.annotation	DAKCFMEO_00944, DAKCFMEO_04075
OG0000551	DC3000_protein_12_2025	WP_011104457.1, WP_161797816.1	plate25.C2.annotation	DAKCFMEO_00939
OG0000552	DC3000_protein_12_2025	WP_011104476.1	plate25.C2.annotation	DAKCFMEO_01430, DAKCFMEO_02257
OG0000554	DC3000_protein_12_2025	WP_011104494.1	plate25.C2.annotation	DAKCFMEO_01448, DAKCFMEO_03887
OG0000555	DC3000_protein_12_2025	WP_011104506.1	plate25.C2.annotation	DAKCFMEO_01509, DAKCFMEO_03079
OG0000556	DC3000_protein_12_2025	WP_011104568.1	plate25.C2.annotation	DAKCFMEO_03398, DAKCFMEO_04726
OG0000557	DC3000_protein_12_2025	WP_011104570.1	plate25.C2.annotation	DAKCFMEO_03827, DAKCFMEO_04724
OG0000558	DC3000_protein_12_2025	WP_011104583.1	plate25.C2.annotation	DAKCFMEO_01144, DAKCFMEO_03946
OG0000559	DC3000_protein_12_2025	WP_011104585.1	plate25.C2.annotation	DAKCFMEO_03815, DAKCFMEO_04702
OG0000560	DC3000_protein_12_2025	WP_011104627.1	plate25.C2.annotation	DAKCFMEO_02660, DAKCFMEO_04560
OG0000561	DC3000_protein_12_2025	WP_011104648.1, WP_011106957.1	plate25.C2.annotation	DAKCFMEO_04532
OG0000562	DC3000_protein_12_2025	WP_011104677.1	plate25.C2.annotation	DAKCFMEO_02671, DAKCFMEO_04408
OG0000563	DC3000_protein_12_2025	WP_011104685.1	plate25.C2.annotation	DAKCFMEO_00783, DAKCFMEO_04373
OG0000564	DC3000_protein_12_2025	WP_011104686.1	plate25.C2.annotation	DAKCFMEO_00239, DAKCFMEO_04371
OG0000565	DC3000_protein_12_2025	WP_011104699.1	plate25.C2.annotation	DAKCFMEO_00782, DAKCFMEO_04333
OG0000566	DC3000_protein_12_2025	WP_011104719.1, WP_046463642.1	plate25.C2.annotation	DAKCFMEO_03394
OG0000567	DC3000_protein_12_2025	WP_011104724.1	plate25.C2.annotation	DAKCFMEO_00361, DAKCFMEO_04294
OG0000568	DC3000_protein_12_2025	WP_011104753.1, WP_044392855.1	plate25.C2.annotation	DAKCFMEO_04230
OG0000569	DC3000_protein_12_2025	WP_011104756.1	plate25.C2.annotation	DAKCFMEO_00386, DAKCFMEO_04227
OG0000570	DC3000_protein_12_2025	WP_011104765.1	plate25.C2.annotation	DAKCFMEO_04052, DAKCFMEO_04188
OG0000571	DC3000_protein_12_2025	WP_011104785.1, WP_011105582.1	plate25.C2.annotation	DAKCFMEO_04167
OG0000572	DC3000_protein_12_2025	WP_011104887.1	plate25.C2.annotation	DAKCFMEO_00140, DAKCFMEO_01500
OG0000573	DC3000_protein_12_2025	WP_011104888.1	plate25.C2.annotation	DAKCFMEO_00146, DAKCFMEO_01894
OG0000574	DC3000_protein_12_2025	WP_011104896.1, WP_011104929.1	plate25.C2.annotation	DAKCFMEO_00177
OG0000575	DC3000_protein_12_2025	WP_011104920.1	plate25.C2.annotation	DAKCFMEO_00251, DAKCFMEO_01435
OG0000576	DC3000_protein_12_2025	WP_011104945.1, WP_011105063.1	plate25.C2.annotation	DAKCFMEO_00272
OG0000577	DC3000_protein_12_2025	WP_011105053.1	plate25.C2.annotation	DAKCFMEO_00936, DAKCFMEO_04758
OG0000578	DC3000_protein_12_2025	WP_011105108.1	plate25.C2.annotation	DAKCFMEO_00038, DAKCFMEO_00581
OG0000579	DC3000_protein_12_2025	WP_011105140.1, WP_011105168.1	plate25.C2.annotation	DAKCFMEO_04797
OG0000580	DC3000_protein_12_2025	WP_011105217.1, WP_046463779.1	plate25.C2.annotation	DAKCFMEO_04827
OG0000581	DC3000_protein_12_2025	WP_011105235.1, WP_011105522.1	plate25.C2.annotation	DAKCFMEO_01588
OG0000582	DC3000_protein_12_2025	WP_011105240.1	plate25.C2.annotation	DAKCFMEO_00010, DAKCFMEO_04894
OG0000583	DC3000_protein_12_2025	WP_011105258.1, WP_046463768.1	plate25.C2.annotation	DAKCFMEO_04934
OG0000584	DC3000_protein_12_2025	WP_011105278.1, WP_011105452.1	plate25.C2.annotation	DAKCFMEO_04430
OG0000585	DC3000_protein_12_2025	WP_011105298.1	plate25.C2.annotation	DAKCFMEO_02127, DAKCFMEO_03797
OG0000586	DC3000_protein_12_2025	WP_011105299.1	plate25.C2.annotation	DAKCFMEO_02098, DAKCFMEO_02126
OG0000587	DC3000_protein_12_2025	WP_011105335.1	plate25.C2.annotation	DAKCFMEO_05066, DAKCFMEO_05068
OG0000588	DC3000_protein_12_2025	WP_011105361.1	plate25.C2.annotation	DAKCFMEO_04415, DAKCFMEO_05149
OG0000589	DC3000_protein_12_2025	WP_011105460.1	plate25.C2.annotation	DAKCFMEO_05238, DAKCFMEO_05239
OG0000590	DC3000_protein_12_2025	WP_011105473.1, WP_046463847.1	plate25.C2.annotation	DAKCFMEO_05265
OG0000591	DC3000_protein_12_2025	WP_011105494.1	plate25.C2.annotation	DAKCFMEO_01153, DAKCFMEO_01639
OG0000592	DC3000_protein_12_2025	WP_011105501.1	plate25.C2.annotation	DAKCFMEO_04792, DAKCFMEO_05296
OG0000593	DC3000_protein_12_2025	WP_011105531.1, WP_011105533.1	plate25.C2.annotation	DAKCFMEO_01573
OG0000594	DC3000_protein_12_2025	WP_011105535.1	plate25.C2.annotation	DAKCFMEO_01566, DAKCFMEO_04327
OG0000595	DC3000_protein_12_2025	WP_011105556.1	plate25.C2.annotation	DAKCFMEO_01216, DAKCFMEO_04742
OG0000596	DC3000_protein_12_2025	WP_017698872.1, WP_046463324.1	plate25.C2.annotation	DAKCFMEO_02145
OG0000598	DC3000_protein_12_2025	WP_046463281.1, WP_046463912.1	plate25.C2.annotation	DAKCFMEO_04043
OG0000599	DC3000_protein_12_2025	WP_046463318.1	plate25.C2.annotation	DAKCFMEO_00267, DAKCFMEO_02096
OG0000600	DC3000_protein_12_2025	WP_046463321.1	plate25.C2.annotation	DAKCFMEO_00992, DAKCFMEO_01442
OG0000601	DC3000_protein_12_2025	WP_046463355.1	plate25.C2.annotation	DAKCFMEO_02750, DAKCFMEO_04557
OG0000602	DC3000_protein_12_2025	WP_046463438.1	plate25.C2.annotation	DAKCFMEO_00726, DAKCFMEO_04051
OG0000603	DC3000_protein_12_2025	WP_046463459.1	plate25.C2.annotation	DAKCFMEO_04150, DAKCFMEO_04746
OG0000604	DC3000_protein_12_2025	WP_046463487.1	plate25.C2.annotation	DAKCFMEO_03533, DAKCFMEO_04603
OG0000605	DC3000_protein_12_2025	WP_046463561.1	plate25.C2.annotation	DAKCFMEO_00678, DAKCFMEO_00684
OG0000606	DC3000_protein_12_2025	WP_046463592.1	plate25.C2.annotation	DAKCFMEO_00101, DAKCFMEO_02489
OG0000607	DC3000_protein_12_2025	WP_046463652.1	plate25.C2.annotation	DAKCFMEO_04918, DAKCFMEO_04922
OG0000608	DC3000_protein_12_2025	WP_046463677.1	plate25.C2.annotation	DAKCFMEO_03842, DAKCFMEO_03857
OG0000609	DC3000_protein_12_2025	WP_046463781.1, WP_161797798.1	plate25.C2.annotation	DAKCFMEO_01233
OG0000610	DC3000_protein_12_2025	WP_046463848.1	plate25.C2.annotation	DAKCFMEO_02001, DAKCFMEO_02002
OG0000611	DC3000_protein_12_2025	WP_046463904.1	plate25.C2.annotation	DAKCFMEO_00948, DAKCFMEO_04078
OG0000612	DC3000_protein_12_2025	WP_046463956.1	plate25.C2.annotation	DAKCFMEO_02848, DAKCFMEO_04666
OG0000613	DC3000_protein_12_2025	WP_159229446.1, WP_164923175.1	plate25.C2.annotation	DAKCFMEO_00352
OG0000614	DC3000_protein_12_2025	WP_159250468.1, WP_164923169.1	plate25.C2.annotation	DAKCFMEO_01886
OG0000615	DC3000_protein_12_2025	WP_161797781.1	plate25.C2.annotation	DAKCFMEO_02048, DAKCFMEO_03967
OG0000622	DC3000_protein_12_2025	WP_002551315.1	plate25.C2.annotation	DAKCFMEO_01263
OG0000623	DC3000_protein_12_2025	WP_002551397.1	plate25.C2.annotation	DAKCFMEO_05162
OG0000624	DC3000_protein_12_2025	WP_002551454.1	plate25.C2.annotation	DAKCFMEO_05211
OG0000625	DC3000_protein_12_2025	WP_002551500.1	plate25.C2.annotation	DAKCFMEO_01837
OG0000626	DC3000_protein_12_2025	WP_002551508.1	plate25.C2.annotation	DAKCFMEO_01845
OG0000627	DC3000_protein_12_2025	WP_002551514.1	plate25.C2.annotation	DAKCFMEO_01851
OG0000628	DC3000_protein_12_2025	WP_002551515.1	plate25.C2.annotation	DAKCFMEO_01852
OG0000629	DC3000_protein_12_2025	WP_002551560.1	plate25.C2.annotation	DAKCFMEO_01956
OG0000630	DC3000_protein_12_2025	WP_002551568.1	plate25.C2.annotation	DAKCFMEO_01967
OG0000631	DC3000_protein_12_2025	WP_002551573.1	plate25.C2.annotation	DAKCFMEO_01972
OG0000632	DC3000_protein_12_2025	WP_002551616.1	plate25.C2.annotation	DAKCFMEO_05096
OG0000633	DC3000_protein_12_2025	WP_002551711.1	plate25.C2.annotation	DAKCFMEO_02133
OG0000634	DC3000_protein_12_2025	WP_002551738.1	plate25.C2.annotation	DAKCFMEO_05002
OG0000635	DC3000_protein_12_2025	WP_002551819.1	plate25.C2.annotation	DAKCFMEO_04892
OG0000636	DC3000_protein_12_2025	WP_002551828.1	plate25.C2.annotation	DAKCFMEO_04881
OG0000637	DC3000_protein_12_2025	WP_002551829.1	plate25.C2.annotation	DAKCFMEO_04880
OG0000638	DC3000_protein_12_2025	WP_002551877.1	plate25.C2.annotation	DAKCFMEO_02868
OG0000639	DC3000_protein_12_2025	WP_002551946.1	plate25.C2.annotation	DAKCFMEO_02807
OG0000640	DC3000_protein_12_2025	WP_002551953.1	plate25.C2.annotation	DAKCFMEO_02800
OG0000641	DC3000_protein_12_2025	WP_002551972.1	plate25.C2.annotation	DAKCFMEO_00541
OG0000642	DC3000_protein_12_2025	WP_002552060.1	plate25.C2.annotation	DAKCFMEO_01662
OG0000643	DC3000_protein_12_2025	WP_002552075.1	plate25.C2.annotation	DAKCFMEO_01647
OG0000644	DC3000_protein_12_2025	WP_002552145.1	plate25.C2.annotation	DAKCFMEO_03443
OG0000645	DC3000_protein_12_2025	WP_002552194.1	plate25.C2.annotation	DAKCFMEO_03389
OG0000646	DC3000_protein_12_2025	WP_002552279.1	plate25.C2.annotation	DAKCFMEO_03291
OG0000647	DC3000_protein_12_2025	WP_002552468.1	plate25.C2.annotation	DAKCFMEO_03331
OG0000648	DC3000_protein_12_2025	WP_002552482.1	plate25.C2.annotation	DAKCFMEO_03346
OG0000649	DC3000_protein_12_2025	WP_002552524.1	plate25.C2.annotation	DAKCFMEO_03261
OG0000650	DC3000_protein_12_2025	WP_002552552.1	plate25.C2.annotation	DAKCFMEO_04200
OG0000651	DC3000_protein_12_2025	WP_002552554.1	plate25.C2.annotation	DAKCFMEO_04202
OG0000652	DC3000_protein_12_2025	WP_002552611.1	plate25.C2.annotation	DAKCFMEO_04157
OG0000653	DC3000_protein_12_2025	WP_002552653.1	plate25.C2.annotation	DAKCFMEO_04191
OG0000654	DC3000_protein_12_2025	WP_002552688.1	plate25.C2.annotation	DAKCFMEO_04245
OG0000655	DC3000_protein_12_2025	WP_002552729.1	plate25.C2.annotation	DAKCFMEO_04341
OG0000656	DC3000_protein_12_2025	WP_002552734.1	plate25.C2.annotation	DAKCFMEO_04350
OG0000657	DC3000_protein_12_2025	WP_002552737.1	plate25.C2.annotation	DAKCFMEO_04353
OG0000658	DC3000_protein_12_2025	WP_002552818.1	plate25.C2.annotation	DAKCFMEO_04534
OG0000659	DC3000_protein_12_2025	WP_002552981.1	plate25.C2.annotation	DAKCFMEO_00650
OG0000660	DC3000_protein_12_2025	WP_002553016.1	plate25.C2.annotation	DAKCFMEO_00710
OG0000661	DC3000_protein_12_2025	WP_002553018.1	plate25.C2.annotation	DAKCFMEO_00712
OG0000662	DC3000_protein_12_2025	WP_002553160.1	plate25.C2.annotation	DAKCFMEO_00813
OG0000663	DC3000_protein_12_2025	WP_002553161.1	plate25.C2.annotation	DAKCFMEO_00814
OG0000664	DC3000_protein_12_2025	WP_002553164.1	plate25.C2.annotation	DAKCFMEO_00817
OG0000665	DC3000_protein_12_2025	WP_002553665.1	plate25.C2.annotation	DAKCFMEO_03718
OG0000666	DC3000_protein_12_2025	WP_002553978.1	plate25.C2.annotation	DAKCFMEO_01496
OG0000667	DC3000_protein_12_2025	WP_002554011.1	plate25.C2.annotation	DAKCFMEO_01530
OG0000668	DC3000_protein_12_2025	WP_002554012.1	plate25.C2.annotation	DAKCFMEO_01531
OG0000669	DC3000_protein_12_2025	WP_002554100.1	plate25.C2.annotation	DAKCFMEO_04682
OG0000670	DC3000_protein_12_2025	WP_002554262.1	plate25.C2.annotation	DAKCFMEO_02556
OG0000671	DC3000_protein_12_2025	WP_002554277.1	plate25.C2.annotation	DAKCFMEO_02541
OG0000672	DC3000_protein_12_2025	WP_002554288.1	plate25.C2.annotation	DAKCFMEO_02531
OG0000673	DC3000_protein_12_2025	WP_002554291.1	plate25.C2.annotation	DAKCFMEO_02528
OG0000674	DC3000_protein_12_2025	WP_002554297.1	plate25.C2.annotation	DAKCFMEO_02522
OG0000675	DC3000_protein_12_2025	WP_002554310.1	plate25.C2.annotation	DAKCFMEO_02509
OG0000676	DC3000_protein_12_2025	WP_002554316.1	plate25.C2.annotation	DAKCFMEO_02504
OG0000677	DC3000_protein_12_2025	WP_002554423.1	plate25.C2.annotation	DAKCFMEO_02406
OG0000678	DC3000_protein_12_2025	WP_002554426.1	plate25.C2.annotation	DAKCFMEO_02400
OG0000679	DC3000_protein_12_2025	WP_002554476.1	plate25.C2.annotation	DAKCFMEO_04319
OG0000680	DC3000_protein_12_2025	WP_002554553.1	plate25.C2.annotation	DAKCFMEO_02327
OG0000681	DC3000_protein_12_2025	WP_002554561.1	plate25.C2.annotation	DAKCFMEO_02318
OG0000682	DC3000_protein_12_2025	WP_002554562.1	plate25.C2.annotation	DAKCFMEO_02317
OG0000683	DC3000_protein_12_2025	WP_002554651.1	plate25.C2.annotation	DAKCFMEO_03124
OG0000684	DC3000_protein_12_2025	WP_002554721.1	plate25.C2.annotation	DAKCFMEO_03190
OG0000685	DC3000_protein_12_2025	WP_002554728.1	plate25.C2.annotation	DAKCFMEO_03197
OG0000686	DC3000_protein_12_2025	WP_002554851.1	plate25.C2.annotation	DAKCFMEO_00159
OG0000687	DC3000_protein_12_2025	WP_002555064.1	plate25.C2.annotation	DAKCFMEO_00416
OG0000688	DC3000_protein_12_2025	WP_002555108.1	plate25.C2.annotation	DAKCFMEO_00463
OG0000689	DC3000_protein_12_2025	WP_002555109.1	plate25.C2.annotation	DAKCFMEO_00464
OG0000690	DC3000_protein_12_2025	WP_002555121.1	plate25.C2.annotation	DAKCFMEO_01679
OG0000691	DC3000_protein_12_2025	WP_002555142.1	plate25.C2.annotation	DAKCFMEO_01701
OG0000692	DC3000_protein_12_2025	WP_002555214.1	plate25.C2.annotation	DAKCFMEO_00545
OG0000693	DC3000_protein_12_2025	WP_002555356.1	plate25.C2.annotation	DAKCFMEO_03650
OG0000694	DC3000_protein_12_2025	WP_002555369.1	plate25.C2.annotation	DAKCFMEO_03636
OG0000695	DC3000_protein_12_2025	WP_002555375.1	plate25.C2.annotation	DAKCFMEO_03630
OG0000696	DC3000_protein_12_2025	WP_002555427.1	plate25.C2.annotation	DAKCFMEO_03570
OG0000697	DC3000_protein_12_2025	WP_002555464.1	plate25.C2.annotation	DAKCFMEO_03531
OG0000698	DC3000_protein_12_2025	WP_002555465.1	plate25.C2.annotation	DAKCFMEO_03530
OG0000699	DC3000_protein_12_2025	WP_002555466.1	plate25.C2.annotation	DAKCFMEO_03529
OG0000700	DC3000_protein_12_2025	WP_002555467.1	plate25.C2.annotation	DAKCFMEO_03528
OG0000701	DC3000_protein_12_2025	WP_002555469.1	plate25.C2.annotation	DAKCFMEO_03527
OG0000702	DC3000_protein_12_2025	WP_002555470.1	plate25.C2.annotation	DAKCFMEO_03526
OG0000703	DC3000_protein_12_2025	WP_002555471.1	plate25.C2.annotation	DAKCFMEO_03525
OG0000704	DC3000_protein_12_2025	WP_002555473.1	plate25.C2.annotation	DAKCFMEO_03523
OG0000705	DC3000_protein_12_2025	WP_002555475.1	plate25.C2.annotation	DAKCFMEO_03521
OG0000706	DC3000_protein_12_2025	WP_002555476.1	plate25.C2.annotation	DAKCFMEO_03520
OG0000707	DC3000_protein_12_2025	WP_002555478.1	plate25.C2.annotation	DAKCFMEO_03518
OG0000708	DC3000_protein_12_2025	WP_002555479.1	plate25.C2.annotation	DAKCFMEO_03517
OG0000709	DC3000_protein_12_2025	WP_002555480.1	plate25.C2.annotation	DAKCFMEO_03516
OG0000710	DC3000_protein_12_2025	WP_002555481.1	plate25.C2.annotation	DAKCFMEO_03515
OG0000711	DC3000_protein_12_2025	WP_002555482.1	plate25.C2.annotation	DAKCFMEO_03514
OG0000712	DC3000_protein_12_2025	WP_002555485.1	plate25.C2.annotation	DAKCFMEO_03512
OG0000713	DC3000_protein_12_2025	WP_002555488.1	plate25.C2.annotation	DAKCFMEO_03509
OG0000714	DC3000_protein_12_2025	WP_002555489.1	plate25.C2.annotation	DAKCFMEO_03508
OG0000715	DC3000_protein_12_2025	WP_002555491.1	plate25.C2.annotation	DAKCFMEO_03506
OG0000716	DC3000_protein_12_2025	WP_002555494.1	plate25.C2.annotation	DAKCFMEO_03502
OG0000717	DC3000_protein_12_2025	WP_002555500.1	plate25.C2.annotation	DAKCFMEO_03496
OG0000718	DC3000_protein_12_2025	WP_002555565.1	plate25.C2.annotation	DAKCFMEO_02914
OG0000719	DC3000_protein_12_2025	WP_002555698.1	plate25.C2.annotation	DAKCFMEO_02157
OG0000720	DC3000_protein_12_2025	WP_002555721.1	plate25.C2.annotation	DAKCFMEO_05119
OG0000721	DC3000_protein_12_2025	WP_002555745.1	plate25.C2.annotation	DAKCFMEO_05170
OG0000722	DC3000_protein_12_2025	WP_002555770.1	plate25.C2.annotation	DAKCFMEO_05186
OG0000723	DC3000_protein_12_2025	WP_002555777.1	plate25.C2.annotation	DAKCFMEO_05219
OG0000724	DC3000_protein_12_2025	WP_002555808.1	plate25.C2.annotation	DAKCFMEO_01909
OG0000725	DC3000_protein_12_2025	WP_002555947.1	plate25.C2.annotation	DAKCFMEO_05180
OG0000726	DC3000_protein_12_2025	WP_002555987.1	plate25.C2.annotation	DAKCFMEO_01252
OG0000729	DC3000_protein_12_2025	WP_002556144.1	plate25.C2.annotation	DAKCFMEO_01747
OG0000730	DC3000_protein_12_2025	WP_003176422.1	plate25.C2.annotation	DAKCFMEO_03513
OG0000731	DC3000_protein_12_2025	WP_003304675.1	plate25.C2.annotation	DAKCFMEO_00371
OG0000732	DC3000_protein_12_2025	WP_003313553.1	plate25.C2.annotation	DAKCFMEO_00399
OG0000733	DC3000_protein_12_2025	WP_003313577.1	plate25.C2.annotation	DAKCFMEO_00425
OG0000734	DC3000_protein_12_2025	WP_003313894.1	plate25.C2.annotation	DAKCFMEO_03604
OG0000735	DC3000_protein_12_2025	WP_003314637.1	plate25.C2.annotation	DAKCFMEO_02299
OG0000736	DC3000_protein_12_2025	WP_003315067.1	plate25.C2.annotation	DAKCFMEO_02668
OG0000737	DC3000_protein_12_2025	WP_003315128.1	plate25.C2.annotation	DAKCFMEO_02617
OG0000738	DC3000_protein_12_2025	WP_003315315.1	plate25.C2.annotation	DAKCFMEO_04092
OG0000739	DC3000_protein_12_2025	WP_003315600.1	plate25.C2.annotation	DAKCFMEO_00777
OG0000740	DC3000_protein_12_2025	WP_003315798.1	plate25.C2.annotation	DAKCFMEO_04680
OG0000741	DC3000_protein_12_2025	WP_003317099.1	plate25.C2.annotation	DAKCFMEO_03524
OG0000742	DC3000_protein_12_2025	WP_003317112.1	plate25.C2.annotation	DAKCFMEO_03497
OG0000743	DC3000_protein_12_2025	WP_003317113.1	plate25.C2.annotation	DAKCFMEO_03495
OG0000744	DC3000_protein_12_2025	WP_003317208.1	plate25.C2.annotation	DAKCFMEO_04878
OG0000745	DC3000_protein_12_2025	WP_003317532.1	plate25.C2.annotation	DAKCFMEO_03082
OG0000746	DC3000_protein_12_2025	WP_003318204.1	plate25.C2.annotation	DAKCFMEO_03404
OG0000747	DC3000_protein_12_2025	WP_003340324.1	plate25.C2.annotation	DAKCFMEO_01574
OG0000752	DC3000_protein_12_2025	WP_003344603.1	plate25.C2.annotation	DAKCFMEO_00537
OG0000753	DC3000_protein_12_2025	WP_003346101.1	plate25.C2.annotation	DAKCFMEO_00752
OG0000754	DC3000_protein_12_2025	WP_003363851.1	plate25.C2.annotation	DAKCFMEO_00304
OG0000755	DC3000_protein_12_2025	WP_003365425.1	plate25.C2.annotation	DAKCFMEO_02749
OG0000756	DC3000_protein_12_2025	WP_003367017.1	plate25.C2.annotation	DAKCFMEO_00812
OG0000757	DC3000_protein_12_2025	WP_003368676.1	plate25.C2.annotation	DAKCFMEO_04778
OG0000758	DC3000_protein_12_2025	WP_003373184.1	plate25.C2.annotation	DAKCFMEO_04732
OG0000759	DC3000_protein_12_2025	WP_003373273.1	plate25.C2.annotation	DAKCFMEO_02343
OG0000760	DC3000_protein_12_2025	WP_003373291.1	plate25.C2.annotation	DAKCFMEO_02334
OG0000761	DC3000_protein_12_2025	WP_003373297.1	plate25.C2.annotation	DAKCFMEO_02331
OG0000762	DC3000_protein_12_2025	WP_003373331.1	plate25.C2.annotation	DAKCFMEO_00755
OG0000763	DC3000_protein_12_2025	WP_003373338.1	plate25.C2.annotation	DAKCFMEO_00759
OG0000764	DC3000_protein_12_2025	WP_003373339.1	plate25.C2.annotation	DAKCFMEO_00760
OG0000765	DC3000_protein_12_2025	WP_003373489.1	plate25.C2.annotation	DAKCFMEO_04035
OG0000766	DC3000_protein_12_2025	WP_003375722.1	plate25.C2.annotation	DAKCFMEO_01482
OG0000767	DC3000_protein_12_2025	WP_003375857.1	plate25.C2.annotation	DAKCFMEO_03005
OG0000768	DC3000_protein_12_2025	WP_003375863.1	plate25.C2.annotation	DAKCFMEO_03001
OG0000769	DC3000_protein_12_2025	WP_003375894.1	plate25.C2.annotation	DAKCFMEO_02985
OG0000770	DC3000_protein_12_2025	WP_003375907.1	plate25.C2.annotation	DAKCFMEO_02979
OG0000771	DC3000_protein_12_2025	WP_003375919.1	plate25.C2.annotation	DAKCFMEO_02973
OG0000772	DC3000_protein_12_2025	WP_003375928.1	plate25.C2.annotation	DAKCFMEO_02967
OG0000773	DC3000_protein_12_2025	WP_003375972.1	plate25.C2.annotation	DAKCFMEO_03302
OG0000774	DC3000_protein_12_2025	WP_003376021.1	plate25.C2.annotation	DAKCFMEO_02729
OG0000775	DC3000_protein_12_2025	WP_003376036.1	plate25.C2.annotation	DAKCFMEO_02735
OG0000776	DC3000_protein_12_2025	WP_003376052.1	plate25.C2.annotation	DAKCFMEO_02742
OG0000777	DC3000_protein_12_2025	WP_003376124.1	plate25.C2.annotation	DAKCFMEO_04526
OG0000778	DC3000_protein_12_2025	WP_003376162.1	plate25.C2.annotation	DAKCFMEO_04485
OG0000779	DC3000_protein_12_2025	WP_003376205.1	plate25.C2.annotation	DAKCFMEO_04379
OG0000780	DC3000_protein_12_2025	WP_003376227.1	plate25.C2.annotation	DAKCFMEO_04367
OG0000781	DC3000_protein_12_2025	WP_003376264.1	plate25.C2.annotation	DAKCFMEO_04343
OG0000782	DC3000_protein_12_2025	WP_003376266.1	plate25.C2.annotation	DAKCFMEO_04342
OG0000783	DC3000_protein_12_2025	WP_003376303.1	plate25.C2.annotation	DAKCFMEO_04318
OG0000784	DC3000_protein_12_2025	WP_003376376.1	plate25.C2.annotation	DAKCFMEO_04858
OG0000785	DC3000_protein_12_2025	WP_003376387.1	plate25.C2.annotation	DAKCFMEO_04852
OG0000786	DC3000_protein_12_2025	WP_003376398.1	plate25.C2.annotation	DAKCFMEO_04845
OG0000787	DC3000_protein_12_2025	WP_003376420.1	plate25.C2.annotation	DAKCFMEO_04834
OG0000788	DC3000_protein_12_2025	WP_003376558.1	plate25.C2.annotation	DAKCFMEO_03610
OG0000789	DC3000_protein_12_2025	WP_003376569.1	plate25.C2.annotation	DAKCFMEO_03615
OG0000790	DC3000_protein_12_2025	WP_003376591.1	plate25.C2.annotation	DAKCFMEO_04813
OG0000791	DC3000_protein_12_2025	WP_003376593.1	plate25.C2.annotation	DAKCFMEO_04812
OG0000792	DC3000_protein_12_2025	WP_003376603.1	plate25.C2.annotation	DAKCFMEO_04804
OG0000793	DC3000_protein_12_2025	WP_003376607.1	plate25.C2.annotation	DAKCFMEO_04802
OG0000794	DC3000_protein_12_2025	WP_003376614.1	plate25.C2.annotation	DAKCFMEO_04799
OG0000795	DC3000_protein_12_2025	WP_003376691.1	plate25.C2.annotation	DAKCFMEO_03960
OG0000796	DC3000_protein_12_2025	WP_003376717.1	plate25.C2.annotation	DAKCFMEO_03973
OG0000797	DC3000_protein_12_2025	WP_003376859.1	plate25.C2.annotation	DAKCFMEO_00828
OG0000798	DC3000_protein_12_2025	WP_003376912.1	plate25.C2.annotation	DAKCFMEO_03824
OG0000799	DC3000_protein_12_2025	WP_003376994.1	plate25.C2.annotation	DAKCFMEO_01045
OG0000800	DC3000_protein_12_2025	WP_003377005.1	plate25.C2.annotation	DAKCFMEO_01053
OG0000801	DC3000_protein_12_2025	WP_003377107.1	plate25.C2.annotation	DAKCFMEO_04914
OG0000802	DC3000_protein_12_2025	WP_003377111.1	plate25.C2.annotation	DAKCFMEO_04924
OG0000803	DC3000_protein_12_2025	WP_003377120.1	plate25.C2.annotation	DAKCFMEO_04935
OG0000804	DC3000_protein_12_2025	WP_003377131.1	plate25.C2.annotation	DAKCFMEO_04945
OG0000805	DC3000_protein_12_2025	WP_003377196.1	plate25.C2.annotation	DAKCFMEO_05001
OG0000806	DC3000_protein_12_2025	WP_003377199.1	plate25.C2.annotation	DAKCFMEO_05003
OG0000807	DC3000_protein_12_2025	WP_003377205.1	plate25.C2.annotation	DAKCFMEO_05006
OG0000808	DC3000_protein_12_2025	WP_003377212.1	plate25.C2.annotation	DAKCFMEO_05012
OG0000809	DC3000_protein_12_2025	WP_003377215.1	plate25.C2.annotation	DAKCFMEO_05015
OG0000810	DC3000_protein_12_2025	WP_003377217.1	plate25.C2.annotation	DAKCFMEO_05017
OG0000811	DC3000_protein_12_2025	WP_003377258.1	plate25.C2.annotation	DAKCFMEO_02046
OG0000812	DC3000_protein_12_2025	WP_003377314.1	plate25.C2.annotation	DAKCFMEO_02845
OG0000813	DC3000_protein_12_2025	WP_003377457.1	plate25.C2.annotation	DAKCFMEO_02802
OG0000814	DC3000_protein_12_2025	WP_003377470.1	plate25.C2.annotation	DAKCFMEO_01713
OG0000815	DC3000_protein_12_2025	WP_003377471.1	plate25.C2.annotation	DAKCFMEO_01706
OG0000816	DC3000_protein_12_2025	WP_003377479.1	plate25.C2.annotation	DAKCFMEO_01699
OG0000817	DC3000_protein_12_2025	WP_003377482.1	plate25.C2.annotation	DAKCFMEO_01697
OG0000818	DC3000_protein_12_2025	WP_003377487.1	plate25.C2.annotation	DAKCFMEO_01692
OG0000819	DC3000_protein_12_2025	WP_003377503.1	plate25.C2.annotation	DAKCFMEO_01682
OG0000820	DC3000_protein_12_2025	WP_003377505.1	plate25.C2.annotation	DAKCFMEO_01681
OG0000821	DC3000_protein_12_2025	WP_003377508.1	plate25.C2.annotation	DAKCFMEO_01678
OG0000822	DC3000_protein_12_2025	WP_003377527.1	plate25.C2.annotation	DAKCFMEO_00461
OG0000823	DC3000_protein_12_2025	WP_003377531.1	plate25.C2.annotation	DAKCFMEO_00459
OG0000824	DC3000_protein_12_2025	WP_003377535.1	plate25.C2.annotation	DAKCFMEO_00455
OG0000825	DC3000_protein_12_2025	WP_003377548.1	plate25.C2.annotation	DAKCFMEO_00447
OG0000826	DC3000_protein_12_2025	WP_003377550.1	plate25.C2.annotation	DAKCFMEO_00446
OG0000827	DC3000_protein_12_2025	WP_003377554.1	plate25.C2.annotation	DAKCFMEO_00444
OG0000828	DC3000_protein_12_2025	WP_003377556.1	plate25.C2.annotation	DAKCFMEO_00443
OG0000829	DC3000_protein_12_2025	WP_003377572.1	plate25.C2.annotation	DAKCFMEO_00435
OG0000830	DC3000_protein_12_2025	WP_003377577.1	plate25.C2.annotation	DAKCFMEO_00432
OG0000831	DC3000_protein_12_2025	WP_003377590.1	plate25.C2.annotation	DAKCFMEO_00427
OG0000832	DC3000_protein_12_2025	WP_003377592.1	plate25.C2.annotation	DAKCFMEO_00426
OG0000833	DC3000_protein_12_2025	WP_003377598.1	plate25.C2.annotation	DAKCFMEO_00421
OG0000834	DC3000_protein_12_2025	WP_003377605.1	plate25.C2.annotation	DAKCFMEO_00417
OG0000835	DC3000_protein_12_2025	WP_003377610.1	plate25.C2.annotation	DAKCFMEO_00411
OG0000836	DC3000_protein_12_2025	WP_003377649.1	plate25.C2.annotation	DAKCFMEO_00392
OG0000837	DC3000_protein_12_2025	WP_003377651.1	plate25.C2.annotation	DAKCFMEO_00390
OG0000838	DC3000_protein_12_2025	WP_003377653.1	plate25.C2.annotation	DAKCFMEO_00389
OG0000839	DC3000_protein_12_2025	WP_003377687.1	plate25.C2.annotation	DAKCFMEO_03264
OG0000840	DC3000_protein_12_2025	WP_003377703.1	plate25.C2.annotation	DAKCFMEO_03251
OG0000841	DC3000_protein_12_2025	WP_003377717.1	plate25.C2.annotation	DAKCFMEO_03245
OG0000842	DC3000_protein_12_2025	WP_003377783.1	plate25.C2.annotation	DAKCFMEO_03205
OG0000843	DC3000_protein_12_2025	WP_003377785.1	plate25.C2.annotation	DAKCFMEO_03204
OG0000844	DC3000_protein_12_2025	WP_003377787.1	plate25.C2.annotation	DAKCFMEO_03867
OG0000845	DC3000_protein_12_2025	WP_003377825.1	plate25.C2.annotation	DAKCFMEO_03183
OG0000846	DC3000_protein_12_2025	WP_003377829.1	plate25.C2.annotation	DAKCFMEO_03181
OG0000847	DC3000_protein_12_2025	WP_003377831.1	plate25.C2.annotation	DAKCFMEO_03180
OG0000848	DC3000_protein_12_2025	WP_003377835.1	plate25.C2.annotation	DAKCFMEO_03178
OG0000849	DC3000_protein_12_2025	WP_003377838.1	plate25.C2.annotation	DAKCFMEO_03176
OG0000850	DC3000_protein_12_2025	WP_003377871.1	plate25.C2.annotation	DAKCFMEO_01266
OG0000851	DC3000_protein_12_2025	WP_003377879.1	plate25.C2.annotation	DAKCFMEO_01261
OG0000852	DC3000_protein_12_2025	WP_003377883.1	plate25.C2.annotation	DAKCFMEO_01257
OG0000853	DC3000_protein_12_2025	WP_003377884.1	plate25.C2.annotation	DAKCFMEO_01256
OG0000854	DC3000_protein_12_2025	WP_003377888.1	plate25.C2.annotation	DAKCFMEO_01253
OG0000855	DC3000_protein_12_2025	WP_003377895.1	plate25.C2.annotation	DAKCFMEO_01249
OG0000856	DC3000_protein_12_2025	WP_003377898.1	plate25.C2.annotation	DAKCFMEO_01247
OG0000857	DC3000_protein_12_2025	WP_003377907.1	plate25.C2.annotation	DAKCFMEO_01997
OG0000858	DC3000_protein_12_2025	WP_003377974.1	plate25.C2.annotation	DAKCFMEO_01834
OG0000859	DC3000_protein_12_2025	WP_003377979.1	plate25.C2.annotation	DAKCFMEO_01838
OG0000860	DC3000_protein_12_2025	WP_003378039.1	plate25.C2.annotation	DAKCFMEO_01874
OG0000861	DC3000_protein_12_2025	WP_003378068.1	plate25.C2.annotation	DAKCFMEO_04673
OG0000862	DC3000_protein_12_2025	WP_003378113.1	plate25.C2.annotation	DAKCFMEO_04645
OG0000863	DC3000_protein_12_2025	WP_003378210.1	plate25.C2.annotation	DAKCFMEO_04562
OG0000864	DC3000_protein_12_2025	WP_003378219.1	plate25.C2.annotation	DAKCFMEO_04556
OG0000865	DC3000_protein_12_2025	WP_003378325.1	plate25.C2.annotation	DAKCFMEO_01200
OG0000866	DC3000_protein_12_2025	WP_003378342.1	plate25.C2.annotation	DAKCFMEO_01552
OG0000867	DC3000_protein_12_2025	WP_003378385.1	plate25.C2.annotation	DAKCFMEO_01576
OG0000868	DC3000_protein_12_2025	WP_003378389.1	plate25.C2.annotation	DAKCFMEO_01579
OG0000869	DC3000_protein_12_2025	WP_003378397.1	plate25.C2.annotation	DAKCFMEO_01585
OG0000870	DC3000_protein_12_2025	WP_003378472.1	plate25.C2.annotation	DAKCFMEO_00217
OG0000871	DC3000_protein_12_2025	WP_003378493.1	plate25.C2.annotation	DAKCFMEO_00226
OG0000872	DC3000_protein_12_2025	WP_003378499.1	plate25.C2.annotation	DAKCFMEO_00229
OG0000873	DC3000_protein_12_2025	WP_003378513.1	plate25.C2.annotation	DAKCFMEO_00238
OG0000874	DC3000_protein_12_2025	WP_003378608.1	plate25.C2.annotation	DAKCFMEO_02628
OG0000875	DC3000_protein_12_2025	WP_003378609.1	plate25.C2.annotation	DAKCFMEO_02627
OG0000876	DC3000_protein_12_2025	WP_003378612.1	plate25.C2.annotation	DAKCFMEO_02624
OG0000877	DC3000_protein_12_2025	WP_003378621.1	plate25.C2.annotation	DAKCFMEO_02616
OG0000878	DC3000_protein_12_2025	WP_003378637.1	plate25.C2.annotation	DAKCFMEO_02606
OG0000879	DC3000_protein_12_2025	WP_003378639.1	plate25.C2.annotation	DAKCFMEO_02605
OG0000880	DC3000_protein_12_2025	WP_003378641.1	plate25.C2.annotation	DAKCFMEO_02604
OG0000881	DC3000_protein_12_2025	WP_003378666.1	plate25.C2.annotation	DAKCFMEO_02589
OG0000882	DC3000_protein_12_2025	WP_003378668.1	plate25.C2.annotation	DAKCFMEO_02587
OG0000883	DC3000_protein_12_2025	WP_003378725.1	plate25.C2.annotation	DAKCFMEO_02552
OG0000884	DC3000_protein_12_2025	WP_003378730.1	plate25.C2.annotation	DAKCFMEO_02548
OG0000885	DC3000_protein_12_2025	WP_003378731.1	plate25.C2.annotation	DAKCFMEO_02547
OG0000886	DC3000_protein_12_2025	WP_003378749.1	plate25.C2.annotation	DAKCFMEO_02538
OG0000887	DC3000_protein_12_2025	WP_003378750.1	plate25.C2.annotation	DAKCFMEO_02537
OG0000888	DC3000_protein_12_2025	WP_003378759.1	plate25.C2.annotation	DAKCFMEO_02129
OG0000889	DC3000_protein_12_2025	WP_003378760.1	plate25.C2.annotation	DAKCFMEO_02128
OG0000890	DC3000_protein_12_2025	WP_003378783.1	plate25.C2.annotation	DAKCFMEO_02116
OG0000891	DC3000_protein_12_2025	WP_003378849.1	plate25.C2.annotation	DAKCFMEO_05106
OG0000892	DC3000_protein_12_2025	WP_003378855.1	plate25.C2.annotation	DAKCFMEO_05057
OG0000893	DC3000_protein_12_2025	WP_003378857.1	plate25.C2.annotation	DAKCFMEO_05059
OG0000894	DC3000_protein_12_2025	WP_003378861.1	plate25.C2.annotation	DAKCFMEO_05063
OG0000895	DC3000_protein_12_2025	WP_003378882.1	plate25.C2.annotation	DAKCFMEO_05074
OG0000896	DC3000_protein_12_2025	WP_003378893.1	plate25.C2.annotation	DAKCFMEO_05080
OG0000897	DC3000_protein_12_2025	WP_003378929.1	plate25.C2.annotation	DAKCFMEO_02300
OG0000898	DC3000_protein_12_2025	WP_003378990.1	plate25.C2.annotation	DAKCFMEO_03129
OG0000899	DC3000_protein_12_2025	WP_003379024.1	plate25.C2.annotation	DAKCFMEO_03032
OG0000900	DC3000_protein_12_2025	WP_003379028.1	plate25.C2.annotation	DAKCFMEO_03028
OG0000901	DC3000_protein_12_2025	WP_003379038.1	plate25.C2.annotation	DAKCFMEO_04165
OG0000902	DC3000_protein_12_2025	WP_003379089.1	plate25.C2.annotation	DAKCFMEO_03591
OG0000903	DC3000_protein_12_2025	WP_003379121.1	plate25.C2.annotation	DAKCFMEO_03577
OG0000904	DC3000_protein_12_2025	WP_003379129.1	plate25.C2.annotation	DAKCFMEO_03573
OG0000905	DC3000_protein_12_2025	WP_003379141.1	plate25.C2.annotation	DAKCFMEO_03566
OG0000906	DC3000_protein_12_2025	WP_003379143.1	plate25.C2.annotation	DAKCFMEO_03565
OG0000907	DC3000_protein_12_2025	WP_003379241.1	plate25.C2.annotation	DAKCFMEO_03407
OG0000908	DC3000_protein_12_2025	WP_003379278.1	plate25.C2.annotation	DAKCFMEO_03380
OG0000909	DC3000_protein_12_2025	WP_003379302.1	plate25.C2.annotation	DAKCFMEO_02787
OG0000910	DC3000_protein_12_2025	WP_003379415.1	plate25.C2.annotation	DAKCFMEO_02223
OG0000911	DC3000_protein_12_2025	WP_003379418.1	plate25.C2.annotation	DAKCFMEO_02226
OG0000912	DC3000_protein_12_2025	WP_003379468.1	plate25.C2.annotation	DAKCFMEO_01296
OG0000913	DC3000_protein_12_2025	WP_003379548.1	plate25.C2.annotation	DAKCFMEO_03925
OG0000914	DC3000_protein_12_2025	WP_003379718.1	plate25.C2.annotation	DAKCFMEO_00548
OG0000915	DC3000_protein_12_2025	WP_003379721.1	plate25.C2.annotation	DAKCFMEO_00551
OG0000916	DC3000_protein_12_2025	WP_003379759.1	plate25.C2.annotation	DAKCFMEO_00658
OG0000917	DC3000_protein_12_2025	WP_003379830.1	plate25.C2.annotation	DAKCFMEO_00705
OG0000918	DC3000_protein_12_2025	WP_003379873.1	plate25.C2.annotation	DAKCFMEO_05028
OG0000919	DC3000_protein_12_2025	WP_003379876.1	plate25.C2.annotation	DAKCFMEO_05024
OG0000920	DC3000_protein_12_2025	WP_003379926.1	plate25.C2.annotation	DAKCFMEO_02962
OG0000921	DC3000_protein_12_2025	WP_003379931.1	plate25.C2.annotation	DAKCFMEO_04969
OG0000922	DC3000_protein_12_2025	WP_003379947.1	plate25.C2.annotation	DAKCFMEO_04964
OG0000923	DC3000_protein_12_2025	WP_003380033.1	plate25.C2.annotation	DAKCFMEO_02212
OG0000924	DC3000_protein_12_2025	WP_003380046.1	plate25.C2.annotation	DAKCFMEO_01952
OG0000925	DC3000_protein_12_2025	WP_003380053.1	plate25.C2.annotation	DAKCFMEO_01955
OG0000926	DC3000_protein_12_2025	WP_003380079.1	plate25.C2.annotation	DAKCFMEO_01971
OG0000927	DC3000_protein_12_2025	WP_003380111.1	plate25.C2.annotation	DAKCFMEO_01539
OG0000928	DC3000_protein_12_2025	WP_003380113.1	plate25.C2.annotation	DAKCFMEO_01538
OG0000929	DC3000_protein_12_2025	WP_003380115.1	plate25.C2.annotation	DAKCFMEO_01537
OG0000930	DC3000_protein_12_2025	WP_003380120.1	plate25.C2.annotation	DAKCFMEO_01533
OG0000931	DC3000_protein_12_2025	WP_003380132.1	plate25.C2.annotation	DAKCFMEO_01525
OG0000932	DC3000_protein_12_2025	WP_003380135.1	plate25.C2.annotation	DAKCFMEO_01522
OG0000933	DC3000_protein_12_2025	WP_003380148.1	plate25.C2.annotation	DAKCFMEO_01517
OG0000934	DC3000_protein_12_2025	WP_003380192.1	plate25.C2.annotation	DAKCFMEO_02189
OG0000935	DC3000_protein_12_2025	WP_003380207.1	plate25.C2.annotation	DAKCFMEO_05113
OG0000936	DC3000_protein_12_2025	WP_003380209.1	plate25.C2.annotation	DAKCFMEO_01982
OG0000937	DC3000_protein_12_2025	WP_003380226.1	plate25.C2.annotation	DAKCFMEO_01992
OG0000938	DC3000_protein_12_2025	WP_003380232.1	plate25.C2.annotation	DAKCFMEO_01816
OG0000939	DC3000_protein_12_2025	WP_003380235.1	plate25.C2.annotation	DAKCFMEO_01813
OG0000940	DC3000_protein_12_2025	WP_003380252.1	plate25.C2.annotation	DAKCFMEO_05158
OG0000941	DC3000_protein_12_2025	WP_003380253.1	plate25.C2.annotation	DAKCFMEO_05159
OG0000942	DC3000_protein_12_2025	WP_003380289.1	plate25.C2.annotation	DAKCFMEO_03482
OG0000943	DC3000_protein_12_2025	WP_003380294.1	plate25.C2.annotation	DAKCFMEO_03479
OG0000944	DC3000_protein_12_2025	WP_003380298.1	plate25.C2.annotation	DAKCFMEO_03477
OG0000945	DC3000_protein_12_2025	WP_003380309.1	plate25.C2.annotation	DAKCFMEO_03471
OG0000946	DC3000_protein_12_2025	WP_003380333.1	plate25.C2.annotation	DAKCFMEO_01757
OG0000947	DC3000_protein_12_2025	WP_003380356.1	plate25.C2.annotation	DAKCFMEO_01749
OG0000948	DC3000_protein_12_2025	WP_003380430.1	plate25.C2.annotation	DAKCFMEO_04096
OG0000949	DC3000_protein_12_2025	WP_003380432.1	plate25.C2.annotation	DAKCFMEO_04095
OG0000950	DC3000_protein_12_2025	WP_003380455.1	plate25.C2.annotation	DAKCFMEO_04080
OG0000951	DC3000_protein_12_2025	WP_003380539.1	plate25.C2.annotation	DAKCFMEO_01018
OG0000952	DC3000_protein_12_2025	WP_003380592.1	plate25.C2.annotation	DAKCFMEO_03333
OG0000953	DC3000_protein_12_2025	WP_003380594.1	plate25.C2.annotation	DAKCFMEO_03335
OG0000954	DC3000_protein_12_2025	WP_003380601.1	plate25.C2.annotation	DAKCFMEO_03338
OG0000955	DC3000_protein_12_2025	WP_003380603.1	plate25.C2.annotation	DAKCFMEO_03340
OG0000956	DC3000_protein_12_2025	WP_003380604.1	plate25.C2.annotation	DAKCFMEO_03341
OG0000957	DC3000_protein_12_2025	WP_003380613.1	plate25.C2.annotation	DAKCFMEO_03350
OG0000958	DC3000_protein_12_2025	WP_003380618.1	plate25.C2.annotation	DAKCFMEO_03354
OG0000959	DC3000_protein_12_2025	WP_003380623.1	plate25.C2.annotation	DAKCFMEO_03359
OG0000960	DC3000_protein_12_2025	WP_003380633.1	plate25.C2.annotation	DAKCFMEO_03365
OG0000961	DC3000_protein_12_2025	WP_003380690.1	plate25.C2.annotation	DAKCFMEO_04908
OG0000962	DC3000_protein_12_2025	WP_003380698.1	plate25.C2.annotation	DAKCFMEO_04899
OG0000963	DC3000_protein_12_2025	WP_003380701.1	plate25.C2.annotation	DAKCFMEO_04896
OG0000964	DC3000_protein_12_2025	WP_003380723.1	plate25.C2.annotation	DAKCFMEO_04877
OG0000965	DC3000_protein_12_2025	WP_003380836.1	plate25.C2.annotation	DAKCFMEO_04713
OG0000966	DC3000_protein_12_2025	WP_003380850.1	plate25.C2.annotation	DAKCFMEO_04704
OG0000967	DC3000_protein_12_2025	WP_003380890.1	plate25.C2.annotation	DAKCFMEO_04677
OG0000968	DC3000_protein_12_2025	WP_003380907.1	plate25.C2.annotation	DAKCFMEO_00315
OG0000969	DC3000_protein_12_2025	WP_003380941.1	plate25.C2.annotation	DAKCFMEO_00348
OG0000970	DC3000_protein_12_2025	WP_003380977.1	plate25.C2.annotation	DAKCFMEO_00380
OG0000971	DC3000_protein_12_2025	WP_003381003.1	plate25.C2.annotation	DAKCFMEO_04223
OG0000972	DC3000_protein_12_2025	WP_003381064.1	plate25.C2.annotation	DAKCFMEO_04269
OG0000973	DC3000_protein_12_2025	WP_003381088.1	plate25.C2.annotation	DAKCFMEO_04255
OG0000974	DC3000_protein_12_2025	WP_003381096.1	plate25.C2.annotation	DAKCFMEO_04249
OG0000975	DC3000_protein_12_2025	WP_003381112.1	plate25.C2.annotation	DAKCFMEO_04236
OG0000976	DC3000_protein_12_2025	WP_003381155.1	plate25.C2.annotation	DAKCFMEO_01433
OG0000977	DC3000_protein_12_2025	WP_003381177.1	plate25.C2.annotation	DAKCFMEO_01444
OG0000978	DC3000_protein_12_2025	WP_003381207.1	plate25.C2.annotation	DAKCFMEO_00506
OG0000979	DC3000_protein_12_2025	WP_003381213.1	plate25.C2.annotation	DAKCFMEO_00508
OG0000980	DC3000_protein_12_2025	WP_003381223.1	plate25.C2.annotation	DAKCFMEO_02886
OG0000981	DC3000_protein_12_2025	WP_003381266.1	plate25.C2.annotation	DAKCFMEO_00519
OG0000982	DC3000_protein_12_2025	WP_003381292.1	plate25.C2.annotation	DAKCFMEO_00532
OG0000983	DC3000_protein_12_2025	WP_003381304.1	plate25.C2.annotation	DAKCFMEO_00539
OG0000984	DC3000_protein_12_2025	WP_003381306.1	plate25.C2.annotation	DAKCFMEO_00542
OG0000985	DC3000_protein_12_2025	WP_003381308.1	plate25.C2.annotation	DAKCFMEO_00543
OG0000986	DC3000_protein_12_2025	WP_003381390.1	plate25.C2.annotation	DAKCFMEO_05094
OG0000987	DC3000_protein_12_2025	WP_003381486.1	plate25.C2.annotation	DAKCFMEO_00102
OG0000988	DC3000_protein_12_2025	WP_003381490.1	plate25.C2.annotation	DAKCFMEO_00105
OG0000989	DC3000_protein_12_2025	WP_003381499.1	plate25.C2.annotation	DAKCFMEO_00113
OG0000990	DC3000_protein_12_2025	WP_003381502.1	plate25.C2.annotation	DAKCFMEO_00115
OG0000991	DC3000_protein_12_2025	WP_003381525.1	plate25.C2.annotation	DAKCFMEO_00135
OG0000992	DC3000_protein_12_2025	WP_003381534.1	plate25.C2.annotation	DAKCFMEO_00142
OG0000993	DC3000_protein_12_2025	WP_003381535.1	plate25.C2.annotation	DAKCFMEO_00143
OG0000994	DC3000_protein_12_2025	WP_003381559.1	plate25.C2.annotation	DAKCFMEO_02243
OG0000995	DC3000_protein_12_2025	WP_003381567.1	plate25.C2.annotation	DAKCFMEO_02252
OG0000996	DC3000_protein_12_2025	WP_003381582.1	plate25.C2.annotation	DAKCFMEO_02265
OG0000997	DC3000_protein_12_2025	WP_003381583.1	plate25.C2.annotation	DAKCFMEO_02266
OG0000998	DC3000_protein_12_2025	WP_003381585.1	plate25.C2.annotation	DAKCFMEO_02268
OG0000999	DC3000_protein_12_2025	WP_003381589.1	plate25.C2.annotation	DAKCFMEO_02271
OG0001000	DC3000_protein_12_2025	WP_003381628.1	plate25.C2.annotation	DAKCFMEO_00298
OG0001001	DC3000_protein_12_2025	WP_003381648.1	plate25.C2.annotation	DAKCFMEO_00285
OG0001002	DC3000_protein_12_2025	WP_003381663.1	plate25.C2.annotation	DAKCFMEO_00274
OG0001003	DC3000_protein_12_2025	WP_003381744.1	plate25.C2.annotation	DAKCFMEO_00568
OG0001004	DC3000_protein_12_2025	WP_003381839.1	plate25.C2.annotation	DAKCFMEO_01369
OG0001005	DC3000_protein_12_2025	WP_003382001.1	plate25.C2.annotation	DAKCFMEO_00649
OG0001006	DC3000_protein_12_2025	WP_003382004.1	plate25.C2.annotation	DAKCFMEO_00646
OG0001007	DC3000_protein_12_2025	WP_003382006.1	plate25.C2.annotation	DAKCFMEO_00644
OG0001008	DC3000_protein_12_2025	WP_003382072.1	plate25.C2.annotation	DAKCFMEO_05167
OG0001009	DC3000_protein_12_2025	WP_003382074.1	plate25.C2.annotation	DAKCFMEO_05169
OG0001010	DC3000_protein_12_2025	WP_003382085.1	plate25.C2.annotation	DAKCFMEO_05179
OG0001011	DC3000_protein_12_2025	WP_003382104.1	plate25.C2.annotation	DAKCFMEO_02018
OG0001012	DC3000_protein_12_2025	WP_003382140.1	plate25.C2.annotation	DAKCFMEO_02521
OG0001013	DC3000_protein_12_2025	WP_003382141.1	plate25.C2.annotation	DAKCFMEO_02523
OG0001014	DC3000_protein_12_2025	WP_003382144.1	plate25.C2.annotation	DAKCFMEO_02526
OG0001015	DC3000_protein_12_2025	WP_003382274.1	plate25.C2.annotation	DAKCFMEO_01665
OG0001016	DC3000_protein_12_2025	WP_003382315.1	plate25.C2.annotation	DAKCFMEO_02013
OG0001017	DC3000_protein_12_2025	WP_003382340.1	plate25.C2.annotation	DAKCFMEO_02918
OG0001018	DC3000_protein_12_2025	WP_003382364.1	plate25.C2.annotation	DAKCFMEO_02152
OG0001019	DC3000_protein_12_2025	WP_003382372.1	plate25.C2.annotation	DAKCFMEO_02162
OG0001020	DC3000_protein_12_2025	WP_003382373.1	plate25.C2.annotation	DAKCFMEO_02164
OG0001021	DC3000_protein_12_2025	WP_003382379.1	plate25.C2.annotation	DAKCFMEO_02168
OG0001022	DC3000_protein_12_2025	WP_003382396.1	plate25.C2.annotation	DAKCFMEO_00818
OG0001023	DC3000_protein_12_2025	WP_003382398.1	plate25.C2.annotation	DAKCFMEO_00815
OG0001024	DC3000_protein_12_2025	WP_003382460.1	plate25.C2.annotation	DAKCFMEO_00739
OG0001025	DC3000_protein_12_2025	WP_003382465.1	plate25.C2.annotation	DAKCFMEO_00736
OG0001026	DC3000_protein_12_2025	WP_003382467.1	plate25.C2.annotation	DAKCFMEO_00735
OG0001027	DC3000_protein_12_2025	WP_003382474.1	plate25.C2.annotation	DAKCFMEO_00731
OG0001028	DC3000_protein_12_2025	WP_003382487.1	plate25.C2.annotation	DAKCFMEO_00719
OG0001029	DC3000_protein_12_2025	WP_003382493.1	plate25.C2.annotation	DAKCFMEO_00713
OG0001030	DC3000_protein_12_2025	WP_003382526.1	plate25.C2.annotation	DAKCFMEO_00051
OG0001031	DC3000_protein_12_2025	WP_003382533.1	plate25.C2.annotation	DAKCFMEO_00044
OG0001032	DC3000_protein_12_2025	WP_003382657.1	plate25.C2.annotation	DAKCFMEO_03791
OG0001033	DC3000_protein_12_2025	WP_003382687.1	plate25.C2.annotation	DAKCFMEO_02502
OG0001034	DC3000_protein_12_2025	WP_003382700.1	plate25.C2.annotation	DAKCFMEO_02490
OG0001035	DC3000_protein_12_2025	WP_003382703.1	plate25.C2.annotation	DAKCFMEO_02488
OG0001036	DC3000_protein_12_2025	WP_003382829.1	plate25.C2.annotation	DAKCFMEO_01191
OG0001037	DC3000_protein_12_2025	WP_003382842.1	plate25.C2.annotation	DAKCFMEO_01182
OG0001038	DC3000_protein_12_2025	WP_003382929.1	plate25.C2.annotation	DAKCFMEO_04298
OG0001039	DC3000_protein_12_2025	WP_003382943.1	plate25.C2.annotation	DAKCFMEO_04290
OG0001040	DC3000_protein_12_2025	WP_003382947.1	plate25.C2.annotation	DAKCFMEO_04287
OG0001041	DC3000_protein_12_2025	WP_003382959.1	plate25.C2.annotation	DAKCFMEO_02665
OG0001042	DC3000_protein_12_2025	WP_003382960.1	plate25.C2.annotation	DAKCFMEO_02666
OG0001043	DC3000_protein_12_2025	WP_003382970.1	plate25.C2.annotation	DAKCFMEO_01723
OG0001044	DC3000_protein_12_2025	WP_003382984.1	plate25.C2.annotation	DAKCFMEO_02679
OG0001045	DC3000_protein_12_2025	WP_003383046.1	plate25.C2.annotation	DAKCFMEO_04540
OG0001046	DC3000_protein_12_2025	WP_003383085.1	plate25.C2.annotation	DAKCFMEO_02658
OG0001047	DC3000_protein_12_2025	WP_003383123.1	plate25.C2.annotation	DAKCFMEO_01605
OG0001048	DC3000_protein_12_2025	WP_003383126.1	plate25.C2.annotation	DAKCFMEO_01602
OG0001049	DC3000_protein_12_2025	WP_003383132.1	plate25.C2.annotation	DAKCFMEO_01598
OG0001050	DC3000_protein_12_2025	WP_003383136.1	plate25.C2.annotation	DAKCFMEO_01596
OG0001051	DC3000_protein_12_2025	WP_003383141.1	plate25.C2.annotation	DAKCFMEO_01592
OG0001052	DC3000_protein_12_2025	WP_003383143.1	plate25.C2.annotation	DAKCFMEO_01590
OG0001053	DC3000_protein_12_2025	WP_003383161.1	plate25.C2.annotation	DAKCFMEO_05111
OG0001054	DC3000_protein_12_2025	WP_003383172.1	plate25.C2.annotation	DAKCFMEO_03707
OG0001055	DC3000_protein_12_2025	WP_003383227.1	plate25.C2.annotation	DAKCFMEO_00497
OG0001056	DC3000_protein_12_2025	WP_003383242.1	plate25.C2.annotation	DAKCFMEO_00486
OG0001057	DC3000_protein_12_2025	WP_003383265.1	plate25.C2.annotation	DAKCFMEO_05230
OG0001058	DC3000_protein_12_2025	WP_003383332.1	plate25.C2.annotation	DAKCFMEO_04144
OG0001059	DC3000_protein_12_2025	WP_003383369.1	plate25.C2.annotation	DAKCFMEO_02905
OG0001060	DC3000_protein_12_2025	WP_003383427.1	plate25.C2.annotation	DAKCFMEO_01321
OG0001061	DC3000_protein_12_2025	WP_003383453.1	plate25.C2.annotation	DAKCFMEO_01328
OG0001062	DC3000_protein_12_2025	WP_003395104.1	plate25.C2.annotation	DAKCFMEO_04759
OG0001063	DC3000_protein_12_2025	WP_003395253.1	plate25.C2.annotation	DAKCFMEO_00317
OG0001064	DC3000_protein_12_2025	WP_003400010.1	plate25.C2.annotation	DAKCFMEO_04779
OG0001065	DC3000_protein_12_2025	WP_003405083.1	plate25.C2.annotation	DAKCFMEO_01515
OG0001066	DC3000_protein_12_2025	WP_003406089.1	plate25.C2.annotation	DAKCFMEO_00686
OG0001067	DC3000_protein_12_2025	WP_003410180.1	plate25.C2.annotation	DAKCFMEO_01122
OG0001068	DC3000_protein_12_2025	WP_003411662.1	plate25.C2.annotation	DAKCFMEO_01536
OG0001069	DC3000_protein_12_2025	WP_003412391.1	plate25.C2.annotation	DAKCFMEO_02546
OG0001070	DC3000_protein_12_2025	WP_003422343.1	plate25.C2.annotation	DAKCFMEO_04887
OG0001071	DC3000_protein_12_2025	WP_003425462.1	plate25.C2.annotation	DAKCFMEO_00048
OG0001072	DC3000_protein_12_2025	WP_003426596.1	plate25.C2.annotation	DAKCFMEO_03537
OG0001073	DC3000_protein_12_2025	WP_004396234.1	plate25.C2.annotation	DAKCFMEO_03761
OG0001074	DC3000_protein_12_2025	WP_004396268.1	plate25.C2.annotation	DAKCFMEO_03734
OG0001075	DC3000_protein_12_2025	WP_004396332.1	plate25.C2.annotation	DAKCFMEO_03710
OG0001076	DC3000_protein_12_2025	WP_004396490.1	plate25.C2.annotation	DAKCFMEO_00160
OG0001077	DC3000_protein_12_2025	WP_004396504.1	plate25.C2.annotation	DAKCFMEO_00166
OG0001078	DC3000_protein_12_2025	WP_004396514.1	plate25.C2.annotation	DAKCFMEO_00168
OG0001079	DC3000_protein_12_2025	WP_004396522.1	plate25.C2.annotation	DAKCFMEO_00171
OG0001080	DC3000_protein_12_2025	WP_004396544.1	plate25.C2.annotation	DAKCFMEO_02384
OG0001081	DC3000_protein_12_2025	WP_004396551.1	plate25.C2.annotation	DAKCFMEO_02387
OG0001082	DC3000_protein_12_2025	WP_004396553.1	plate25.C2.annotation	DAKCFMEO_02389
OG0001083	DC3000_protein_12_2025	WP_004396554.1	plate25.C2.annotation	DAKCFMEO_02390
OG0001084	DC3000_protein_12_2025	WP_004397026.1	plate25.C2.annotation	DAKCFMEO_03532
OG0001085	DC3000_protein_12_2025	WP_004397049.1	plate25.C2.annotation	DAKCFMEO_03510
OG0001086	DC3000_protein_12_2025	WP_004397052.1	plate25.C2.annotation	DAKCFMEO_03507
OG0001087	DC3000_protein_12_2025	WP_004397077.1	plate25.C2.annotation	DAKCFMEO_03503
OG0001088	DC3000_protein_12_2025	WP_004397078.1	plate25.C2.annotation	DAKCFMEO_03501
OG0001089	DC3000_protein_12_2025	WP_004397081.1	plate25.C2.annotation	DAKCFMEO_03498
OG0001090	DC3000_protein_12_2025	WP_004397145.1	plate25.C2.annotation	DAKCFMEO_05209
OG0001091	DC3000_protein_12_2025	WP_004397172.1	plate25.C2.annotation	DAKCFMEO_05201
OG0001092	DC3000_protein_12_2025	WP_004397208.1	plate25.C2.annotation	DAKCFMEO_05192
OG0001093	DC3000_protein_12_2025	WP_004397257.1	plate25.C2.annotation	DAKCFMEO_00577
OG0001094	DC3000_protein_12_2025	WP_004397570.1	plate25.C2.annotation	DAKCFMEO_03153
OG0001095	DC3000_protein_12_2025	WP_004397588.1	plate25.C2.annotation	DAKCFMEO_03161
OG0001096	DC3000_protein_12_2025	WP_004397594.1	plate25.C2.annotation	DAKCFMEO_03164
OG0001097	DC3000_protein_12_2025	WP_004397843.1	plate25.C2.annotation	DAKCFMEO_02349
OG0001098	DC3000_protein_12_2025	WP_004397849.1	plate25.C2.annotation	DAKCFMEO_02346
OG0001100	DC3000_protein_12_2025	WP_004656644.1	plate25.C2.annotation	DAKCFMEO_01677
OG0001101	DC3000_protein_12_2025	WP_004657364.1	plate25.C2.annotation	DAKCFMEO_02347
OG0001106	DC3000_protein_12_2025	WP_004879420.1	plate25.C2.annotation	DAKCFMEO_04206
OG0001107	DC3000_protein_12_2025	WP_004880039.1	plate25.C2.annotation	DAKCFMEO_02882
OG0001108	DC3000_protein_12_2025	WP_004882435.1	plate25.C2.annotation	DAKCFMEO_01246
OG0001109	DC3000_protein_12_2025	WP_004883670.1	plate25.C2.annotation	DAKCFMEO_03511
OG0001110	DC3000_protein_12_2025	WP_005613236.1	plate25.C2.annotation	DAKCFMEO_01830
OG0001111	DC3000_protein_12_2025	WP_005613239.1	plate25.C2.annotation	DAKCFMEO_01831
OG0001112	DC3000_protein_12_2025	WP_005613323.1	plate25.C2.annotation	DAKCFMEO_01842
OG0001113	DC3000_protein_12_2025	WP_005613459.1	plate25.C2.annotation	DAKCFMEO_02227
OG0001114	DC3000_protein_12_2025	WP_005613564.1	plate25.C2.annotation	DAKCFMEO_01251
OG0001115	DC3000_protein_12_2025	WP_005613652.1	plate25.C2.annotation	DAKCFMEO_01998
OG0001116	DC3000_protein_12_2025	WP_005613653.1	plate25.C2.annotation	DAKCFMEO_01999
OG0001117	DC3000_protein_12_2025	WP_005613713.1	plate25.C2.annotation	DAKCFMEO_02045
OG0001118	DC3000_protein_12_2025	WP_005613805.1	plate25.C2.annotation	DAKCFMEO_02184
OG0001119	DC3000_protein_12_2025	WP_005613810.1	plate25.C2.annotation	DAKCFMEO_02187
OG0001120	DC3000_protein_12_2025	WP_005613930.1	plate25.C2.annotation	DAKCFMEO_02178
OG0001121	DC3000_protein_12_2025	WP_005613956.1	plate25.C2.annotation	DAKCFMEO_05025
OG0001122	DC3000_protein_12_2025	WP_005613959.1	plate25.C2.annotation	DAKCFMEO_05023
OG0001123	DC3000_protein_12_2025	WP_005613972.1	plate25.C2.annotation	DAKCFMEO_02950
OG0001124	DC3000_protein_12_2025	WP_005614032.1	plate25.C2.annotation	DAKCFMEO_02911
OG0001125	DC3000_protein_12_2025	WP_005614033.1	plate25.C2.annotation	DAKCFMEO_02910
OG0001126	DC3000_protein_12_2025	WP_005614111.1	plate25.C2.annotation	DAKCFMEO_02870
OG0001127	DC3000_protein_12_2025	WP_005614128.1	plate25.C2.annotation	DAKCFMEO_02867
OG0001128	DC3000_protein_12_2025	WP_005614129.1	plate25.C2.annotation	DAKCFMEO_02866
OG0001129	DC3000_protein_12_2025	WP_005614160.1	plate25.C2.annotation	DAKCFMEO_02826
OG0001130	DC3000_protein_12_2025	WP_005614181.1	plate25.C2.annotation	DAKCFMEO_02809
OG0001131	DC3000_protein_12_2025	WP_005614195.1	plate25.C2.annotation	DAKCFMEO_02799
OG0001132	DC3000_protein_12_2025	WP_005614296.1	plate25.C2.annotation	DAKCFMEO_03534
OG0001133	DC3000_protein_12_2025	WP_005614373.1	plate25.C2.annotation	DAKCFMEO_03561
OG0001134	DC3000_protein_12_2025	WP_005614458.1	plate25.C2.annotation	DAKCFMEO_03672
OG0001135	DC3000_protein_12_2025	WP_005614495.1	plate25.C2.annotation	DAKCFMEO_03685
OG0001136	DC3000_protein_12_2025	WP_005614499.1	plate25.C2.annotation	DAKCFMEO_03687
OG0001137	DC3000_protein_12_2025	WP_005614782.1	plate25.C2.annotation	DAKCFMEO_00511
OG0001138	DC3000_protein_12_2025	WP_005614818.1	plate25.C2.annotation	DAKCFMEO_00487
OG0001139	DC3000_protein_12_2025	WP_005614892.1	plate25.C2.annotation	DAKCFMEO_01660
OG0001140	DC3000_protein_12_2025	WP_005614914.1	plate25.C2.annotation	DAKCFMEO_01652
OG0001141	DC3000_protein_12_2025	WP_005614924.1	plate25.C2.annotation	DAKCFMEO_01646
OG0001142	DC3000_protein_12_2025	WP_005615033.1	plate25.C2.annotation	DAKCFMEO_01744
OG0001143	DC3000_protein_12_2025	WP_005615192.1	plate25.C2.annotation	DAKCFMEO_03438
OG0001144	DC3000_protein_12_2025	WP_005615366.1	plate25.C2.annotation	DAKCFMEO_02752
OG0001145	DC3000_protein_12_2025	WP_005615404.1	plate25.C2.annotation	DAKCFMEO_02736
OG0001146	DC3000_protein_12_2025	WP_005615457.1	plate25.C2.annotation	DAKCFMEO_03294
OG0001147	DC3000_protein_12_2025	WP_005615493.1	plate25.C2.annotation	DAKCFMEO_02980
OG0001148	DC3000_protein_12_2025	WP_005615514.1	plate25.C2.annotation	DAKCFMEO_02989
OG0001149	DC3000_protein_12_2025	WP_005615650.1	plate25.C2.annotation	DAKCFMEO_01769
OG0001150	DC3000_protein_12_2025	WP_005615731.1	plate25.C2.annotation	DAKCFMEO_01462
OG0001151	DC3000_protein_12_2025	WP_005615771.1	plate25.C2.annotation	DAKCFMEO_03344
OG0001152	DC3000_protein_12_2025	WP_005615845.1	plate25.C2.annotation	DAKCFMEO_03272
OG0001153	DC3000_protein_12_2025	WP_005615949.1	plate25.C2.annotation	DAKCFMEO_03211
OG0001154	DC3000_protein_12_2025	WP_005615972.1	plate25.C2.annotation	DAKCFMEO_03199
OG0001155	DC3000_protein_12_2025	WP_005616022.1	plate25.C2.annotation	DAKCFMEO_03168
OG0001156	DC3000_protein_12_2025	WP_005616041.1	plate25.C2.annotation	DAKCFMEO_03156
OG0001157	DC3000_protein_12_2025	WP_005616090.1	plate25.C2.annotation	DAKCFMEO_03126
OG0001158	DC3000_protein_12_2025	WP_005616197.1	plate25.C2.annotation	DAKCFMEO_00054
OG0001159	DC3000_protein_12_2025	WP_005616222.1	plate25.C2.annotation	DAKCFMEO_00036
OG0001160	DC3000_protein_12_2025	WP_005616372.1	plate25.C2.annotation	DAKCFMEO_02264
OG0001161	DC3000_protein_12_2025	WP_005616381.1	plate25.C2.annotation	DAKCFMEO_02270
OG0001162	DC3000_protein_12_2025	WP_005616461.1	plate25.C2.annotation	DAKCFMEO_02314
OG0001163	DC3000_protein_12_2025	WP_005616463.1	plate25.C2.annotation	DAKCFMEO_02316
OG0001164	DC3000_protein_12_2025	WP_005616592.1	plate25.C2.annotation	DAKCFMEO_04502
OG0001165	DC3000_protein_12_2025	WP_005616608.1	plate25.C2.annotation	DAKCFMEO_04514
OG0001166	DC3000_protein_12_2025	WP_005616613.1	plate25.C2.annotation	DAKCFMEO_02396
OG0001167	DC3000_protein_12_2025	WP_005616754.1	plate25.C2.annotation	DAKCFMEO_02499
OG0001168	DC3000_protein_12_2025	WP_005616835.1	plate25.C2.annotation	DAKCFMEO_02532
OG0001169	DC3000_protein_12_2025	WP_005616857.1	plate25.C2.annotation	DAKCFMEO_02544
OG0001170	DC3000_protein_12_2025	WP_005616977.1	plate25.C2.annotation	DAKCFMEO_02613
OG0001171	DC3000_protein_12_2025	WP_005617003.1	plate25.C2.annotation	DAKCFMEO_02626
OG0001172	DC3000_protein_12_2025	WP_005617011.1	plate25.C2.annotation	DAKCFMEO_02631
OG0001173	DC3000_protein_12_2025	WP_005617022.1	plate25.C2.annotation	DAKCFMEO_02636
OG0001174	DC3000_protein_12_2025	WP_005617091.1	plate25.C2.annotation	DAKCFMEO_00820
OG0001175	DC3000_protein_12_2025	WP_005617102.1	plate25.C2.annotation	DAKCFMEO_02681
OG0001176	DC3000_protein_12_2025	WP_005617103.1	plate25.C2.annotation	DAKCFMEO_02683
OG0001177	DC3000_protein_12_2025	WP_005617237.1	plate25.C2.annotation	DAKCFMEO_00627
OG0001178	DC3000_protein_12_2025	WP_005617294.1	plate25.C2.annotation	DAKCFMEO_00651
OG0001179	DC3000_protein_12_2025	WP_005617305.1	plate25.C2.annotation	DAKCFMEO_02625
OG0001180	DC3000_protein_12_2025	WP_005617338.1	plate25.C2.annotation	DAKCFMEO_00706
OG0001181	DC3000_protein_12_2025	WP_005617365.1	plate25.C2.annotation	DAKCFMEO_00720
OG0001182	DC3000_protein_12_2025	WP_005617455.1	plate25.C2.annotation	DAKCFMEO_00779
OG0001183	DC3000_protein_12_2025	WP_005617470.1	plate25.C2.annotation	DAKCFMEO_00792
OG0001184	DC3000_protein_12_2025	WP_005617488.1	plate25.C2.annotation	DAKCFMEO_00835
OG0001185	DC3000_protein_12_2025	WP_005617534.1	plate25.C2.annotation	DAKCFMEO_00903
OG0001186	DC3000_protein_12_2025	WP_005617589.1	plate25.C2.annotation	DAKCFMEO_01351
OG0001187	DC3000_protein_12_2025	WP_005617613.1	plate25.C2.annotation	DAKCFMEO_01337
OG0001188	DC3000_protein_12_2025	WP_005617714.1	plate25.C2.annotation	DAKCFMEO_01378
OG0001189	DC3000_protein_12_2025	WP_005618719.1	plate25.C2.annotation	DAKCFMEO_00663
OG0001190	DC3000_protein_12_2025	WP_005618859.1	plate25.C2.annotation	DAKCFMEO_01409
OG0001191	DC3000_protein_12_2025	WP_005618952.1	plate25.C2.annotation	DAKCFMEO_01507
OG0001192	DC3000_protein_12_2025	WP_005619059.1	plate25.C2.annotation	DAKCFMEO_01532
OG0001193	DC3000_protein_12_2025	WP_005619067.1	plate25.C2.annotation	DAKCFMEO_01541
OG0001194	DC3000_protein_12_2025	WP_005619235.1	plate25.C2.annotation	DAKCFMEO_04691
OG0001195	DC3000_protein_12_2025	WP_005619360.1	plate25.C2.annotation	DAKCFMEO_04591
OG0001196	DC3000_protein_12_2025	WP_005619395.1	plate25.C2.annotation	DAKCFMEO_04553
OG0001197	DC3000_protein_12_2025	WP_005619515.1	plate25.C2.annotation	DAKCFMEO_04377
OG0001198	DC3000_protein_12_2025	WP_005619689.1	plate25.C2.annotation	DAKCFMEO_04264
OG0001199	DC3000_protein_12_2025	WP_005619727.1	plate25.C2.annotation	DAKCFMEO_04240
OG0001200	DC3000_protein_12_2025	WP_005619831.1	plate25.C2.annotation	DAKCFMEO_04153
OG0001201	DC3000_protein_12_2025	WP_005619852.1	plate25.C2.annotation	DAKCFMEO_04162
OG0001202	DC3000_protein_12_2025	WP_005619903.1	plate25.C2.annotation	DAKCFMEO_04476
OG0001203	DC3000_protein_12_2025	WP_005619926.1	plate25.C2.annotation	DAKCFMEO_00075
OG0001204	DC3000_protein_12_2025	WP_005619982.1	plate25.C2.annotation	DAKCFMEO_00110
OG0001205	DC3000_protein_12_2025	WP_005619985.1	plate25.C2.annotation	DAKCFMEO_00112
OG0001206	DC3000_protein_12_2025	WP_005620033.1	plate25.C2.annotation	DAKCFMEO_00155
OG0001207	DC3000_protein_12_2025	WP_005620091.1	plate25.C2.annotation	DAKCFMEO_00212
OG0001208	DC3000_protein_12_2025	WP_005620106.1	plate25.C2.annotation	DAKCFMEO_00219
OG0001209	DC3000_protein_12_2025	WP_005620206.1	plate25.C2.annotation	DAKCFMEO_00299
OG0001210	DC3000_protein_12_2025	WP_005620274.1	plate25.C2.annotation	DAKCFMEO_00375
OG0001211	DC3000_protein_12_2025	WP_005620303.1	plate25.C2.annotation	DAKCFMEO_00405
OG0001212	DC3000_protein_12_2025	WP_005620308.1	plate25.C2.annotation	DAKCFMEO_00409
OG0001213	DC3000_protein_12_2025	WP_005620321.1	plate25.C2.annotation	DAKCFMEO_00422
OG0001214	DC3000_protein_12_2025	WP_005620333.1	plate25.C2.annotation	DAKCFMEO_00437
OG0001215	DC3000_protein_12_2025	WP_005620338.1	plate25.C2.annotation	DAKCFMEO_00442
OG0001216	DC3000_protein_12_2025	WP_005620402.1	plate25.C2.annotation	DAKCFMEO_01683
OG0001217	DC3000_protein_12_2025	WP_005620411.1	plate25.C2.annotation	DAKCFMEO_01691
OG0001218	DC3000_protein_12_2025	WP_005620437.1	plate25.C2.annotation	DAKCFMEO_01704
OG0001219	DC3000_protein_12_2025	WP_005620479.1	plate25.C2.annotation	DAKCFMEO_01808
OG0001220	DC3000_protein_12_2025	WP_005620645.1	plate25.C2.annotation	DAKCFMEO_04814
OG0001221	DC3000_protein_12_2025	WP_005620823.1	plate25.C2.annotation	DAKCFMEO_04879
OG0001222	DC3000_protein_12_2025	WP_005620859.1	plate25.C2.annotation	DAKCFMEO_04882
OG0001223	DC3000_protein_12_2025	WP_005620970.1	plate25.C2.annotation	DAKCFMEO_04982
OG0001224	DC3000_protein_12_2025	WP_005621029.1	plate25.C2.annotation	DAKCFMEO_04999
OG0001225	DC3000_protein_12_2025	WP_005621194.1	plate25.C2.annotation	DAKCFMEO_05100
OG0001226	DC3000_protein_12_2025	WP_005621218.1	plate25.C2.annotation	DAKCFMEO_05062
OG0001227	DC3000_protein_12_2025	WP_005621372.1	plate25.C2.annotation	DAKCFMEO_01973
OG0001228	DC3000_protein_12_2025	WP_005621407.1	plate25.C2.annotation	DAKCFMEO_01949
OG0001229	DC3000_protein_12_2025	WP_005621582.1	plate25.C2.annotation	DAKCFMEO_05199
OG0001230	DC3000_protein_12_2025	WP_005621585.1	plate25.C2.annotation	DAKCFMEO_05200
OG0001231	DC3000_protein_12_2025	WP_005621742.1	plate25.C2.annotation	DAKCFMEO_05263
OG0001232	DC3000_protein_12_2025	WP_005621857.1	plate25.C2.annotation	DAKCFMEO_01577
OG0001233	DC3000_protein_12_2025	WP_005621919.1	plate25.C2.annotation	DAKCFMEO_01550
OG0001234	DC3000_protein_12_2025	WP_005731386.1	plate25.C2.annotation	DAKCFMEO_02399
OG0001235	DC3000_protein_12_2025	WP_005736179.1	plate25.C2.annotation	DAKCFMEO_03157
OG0001236	DC3000_protein_12_2025	WP_005736188.1	plate25.C2.annotation	DAKCFMEO_03167
OG0001237	DC3000_protein_12_2025	WP_005736309.1	plate25.C2.annotation	DAKCFMEO_03330
OG0001238	DC3000_protein_12_2025	WP_005736422.1	plate25.C2.annotation	DAKCFMEO_02978
OG0001239	DC3000_protein_12_2025	WP_005736458.1	plate25.C2.annotation	DAKCFMEO_02726
OG0001240	DC3000_protein_12_2025	WP_005736511.1	plate25.C2.annotation	DAKCFMEO_02790
OG0001241	DC3000_protein_12_2025	WP_005736521.1	plate25.C2.annotation	DAKCFMEO_03376
OG0001242	DC3000_protein_12_2025	WP_005736538.1	plate25.C2.annotation	DAKCFMEO_03402
OG0001243	DC3000_protein_12_2025	WP_005736543.1	plate25.C2.annotation	DAKCFMEO_03409
OG0001244	DC3000_protein_12_2025	WP_005736551.1	plate25.C2.annotation	DAKCFMEO_03417
OG0001245	DC3000_protein_12_2025	WP_005736559.1	plate25.C2.annotation	DAKCFMEO_03426
OG0001246	DC3000_protein_12_2025	WP_005736691.1	plate25.C2.annotation	DAKCFMEO_00546
OG0001247	DC3000_protein_12_2025	WP_005736753.1	plate25.C2.annotation	DAKCFMEO_03607
OG0001248	DC3000_protein_12_2025	WP_005736842.1	plate25.C2.annotation	DAKCFMEO_04867
OG0001249	DC3000_protein_12_2025	WP_005736856.1	plate25.C2.annotation	DAKCFMEO_04891
OG0001250	DC3000_protein_12_2025	WP_005736885.1	plate25.C2.annotation	DAKCFMEO_04926
OG0001251	DC3000_protein_12_2025	WP_005736892.1	plate25.C2.annotation	DAKCFMEO_04936
OG0001252	DC3000_protein_12_2025	WP_005736950.1	plate25.C2.annotation	DAKCFMEO_05004
OG0001253	DC3000_protein_12_2025	WP_005736951.1	plate25.C2.annotation	DAKCFMEO_05007
OG0001254	DC3000_protein_12_2025	WP_005737007.1	plate25.C2.annotation	DAKCFMEO_05147
OG0001255	DC3000_protein_12_2025	WP_005737044.1	plate25.C2.annotation	DAKCFMEO_01959
OG0001256	DC3000_protein_12_2025	WP_005737104.1	plate25.C2.annotation	DAKCFMEO_02024
OG0001257	DC3000_protein_12_2025	WP_005737150.1	plate25.C2.annotation	DAKCFMEO_05225
OG0001258	DC3000_protein_12_2025	WP_005737390.1	plate25.C2.annotation	DAKCFMEO_05112
OG0001259	DC3000_protein_12_2025	WP_005737391.1	plate25.C2.annotation	DAKCFMEO_02139
OG0001260	DC3000_protein_12_2025	WP_005737430.1	plate25.C2.annotation	DAKCFMEO_04963
OG0001261	DC3000_protein_12_2025	WP_005737440.1	plate25.C2.annotation	DAKCFMEO_05041
OG0001262	DC3000_protein_12_2025	WP_005737465.1	plate25.C2.annotation	DAKCFMEO_04972
OG0001263	DC3000_protein_12_2025	WP_005737718.1	plate25.C2.annotation	DAKCFMEO_01187
OG0001264	DC3000_protein_12_2025	WP_005737770.1	plate25.C2.annotation	DAKCFMEO_01121
OG0001265	DC3000_protein_12_2025	WP_005737860.1	plate25.C2.annotation	DAKCFMEO_04094
OG0001266	DC3000_protein_12_2025	WP_005737926.1	plate25.C2.annotation	DAKCFMEO_04021
OG0001267	DC3000_protein_12_2025	WP_005737927.1	plate25.C2.annotation	DAKCFMEO_04019
OG0001268	DC3000_protein_12_2025	WP_005737978.1	plate25.C2.annotation	DAKCFMEO_00769
OG0001269	DC3000_protein_12_2025	WP_005738001.1	plate25.C2.annotation	DAKCFMEO_00738
OG0001270	DC3000_protein_12_2025	WP_005738027.1	plate25.C2.annotation	DAKCFMEO_00693
OG0001271	DC3000_protein_12_2025	WP_005738079.1	plate25.C2.annotation	DAKCFMEO_00653
OG0001272	DC3000_protein_12_2025	WP_005738085.1	plate25.C2.annotation	DAKCFMEO_00643
OG0001273	DC3000_protein_12_2025	WP_005738107.1	plate25.C2.annotation	DAKCFMEO_00610
OG0001274	DC3000_protein_12_2025	WP_005738376.1	plate25.C2.annotation	DAKCFMEO_02632
OG0001275	DC3000_protein_12_2025	WP_005738377.1	plate25.C2.annotation	DAKCFMEO_02633
OG0001276	DC3000_protein_12_2025	WP_005738493.1	plate25.C2.annotation	DAKCFMEO_01381
OG0001277	DC3000_protein_12_2025	WP_005738602.1	plate25.C2.annotation	DAKCFMEO_01933
OG0001278	DC3000_protein_12_2025	WP_005738807.1	plate25.C2.annotation	DAKCFMEO_00773
OG0001279	DC3000_protein_12_2025	WP_005738829.1	plate25.C2.annotation	DAKCFMEO_00811
OG0001280	DC3000_protein_12_2025	WP_005739010.1	plate25.C2.annotation	DAKCFMEO_02254
OG0001281	DC3000_protein_12_2025	WP_005739017.1	plate25.C2.annotation	DAKCFMEO_02244
OG0001282	DC3000_protein_12_2025	WP_005739040.1	plate25.C2.annotation	DAKCFMEO_00403
OG0001283	DC3000_protein_12_2025	WP_005739059.1	plate25.C2.annotation	DAKCFMEO_00431
OG0001284	DC3000_protein_12_2025	WP_005739097.1	plate25.C2.annotation	DAKCFMEO_01687
OG0001285	DC3000_protein_12_2025	WP_005739136.1	plate25.C2.annotation	DAKCFMEO_00149
OG0001286	DC3000_protein_12_2025	WP_005739198.1	plate25.C2.annotation	DAKCFMEO_00233
OG0001287	DC3000_protein_12_2025	WP_005739341.1	plate25.C2.annotation	DAKCFMEO_03977
OG0001288	DC3000_protein_12_2025	WP_005739372.1	plate25.C2.annotation	DAKCFMEO_03950
OG0001289	DC3000_protein_12_2025	WP_005739483.1	plate25.C2.annotation	DAKCFMEO_00284
OG0001290	DC3000_protein_12_2025	WP_005739559.1	plate25.C2.annotation	DAKCFMEO_05067
OG0001291	DC3000_protein_12_2025	WP_005739631.1	plate25.C2.annotation	DAKCFMEO_02180
OG0001292	DC3000_protein_12_2025	WP_005739655.1	plate25.C2.annotation	DAKCFMEO_01571
OG0001293	DC3000_protein_12_2025	WP_005739694.1	plate25.C2.annotation	DAKCFMEO_01220
OG0001294	DC3000_protein_12_2025	WP_005739770.1	plate25.C2.annotation	DAKCFMEO_04125
OG0001295	DC3000_protein_12_2025	WP_005739807.1	plate25.C2.annotation	DAKCFMEO_02832
OG0001296	DC3000_protein_12_2025	WP_005739815.1	plate25.C2.annotation	DAKCFMEO_02842
OG0001297	DC3000_protein_12_2025	WP_005740060.1	plate25.C2.annotation	DAKCFMEO_04335
OG0001298	DC3000_protein_12_2025	WP_005740065.1	plate25.C2.annotation	DAKCFMEO_04339
OG0001299	DC3000_protein_12_2025	WP_005740131.1	plate25.C2.annotation	DAKCFMEO_00089
OG0001300	DC3000_protein_12_2025	WP_005740134.1	plate25.C2.annotation	DAKCFMEO_00088
OG0001301	DC3000_protein_12_2025	WP_005740210.1	plate25.C2.annotation	DAKCFMEO_04478
OG0001302	DC3000_protein_12_2025	WP_005740539.1	plate25.C2.annotation	DAKCFMEO_00047
OG0001303	DC3000_protein_12_2025	WP_005740596.1	plate25.C2.annotation	DAKCFMEO_04512
OG0001304	DC3000_protein_12_2025	WP_005740605.1	plate25.C2.annotation	DAKCFMEO_04505
OG0001306	DC3000_protein_12_2025	WP_005760598.1	plate25.C2.annotation	DAKCFMEO_04745
OG0001308	DC3000_protein_12_2025	WP_005760695.1	plate25.C2.annotation	DAKCFMEO_01549
OG0001309	DC3000_protein_12_2025	WP_005760710.1	plate25.C2.annotation	DAKCFMEO_04275
OG0001310	DC3000_protein_12_2025	WP_005762368.1	plate25.C2.annotation	DAKCFMEO_03819
OG0001311	DC3000_protein_12_2025	WP_005762396.1	plate25.C2.annotation	DAKCFMEO_03807
OG0001312	DC3000_protein_12_2025	WP_005762406.1	plate25.C2.annotation	DAKCFMEO_03803
OG0001313	DC3000_protein_12_2025	WP_005762408.1	plate25.C2.annotation	DAKCFMEO_03802
OG0001314	DC3000_protein_12_2025	WP_005762418.1	plate25.C2.annotation	DAKCFMEO_03792
OG0001315	DC3000_protein_12_2025	WP_005762447.1	plate25.C2.annotation	DAKCFMEO_03778
OG0001316	DC3000_protein_12_2025	WP_005762465.1	plate25.C2.annotation	DAKCFMEO_03770
OG0001317	DC3000_protein_12_2025	WP_005762472.1	plate25.C2.annotation	DAKCFMEO_03767
OG0001318	DC3000_protein_12_2025	WP_005762474.1	plate25.C2.annotation	DAKCFMEO_03766
OG0001319	DC3000_protein_12_2025	WP_005762476.1	plate25.C2.annotation	DAKCFMEO_03765
OG0001320	DC3000_protein_12_2025	WP_005762486.1	plate25.C2.annotation	DAKCFMEO_03759
OG0001321	DC3000_protein_12_2025	WP_005762487.1	plate25.C2.annotation	DAKCFMEO_03758
OG0001322	DC3000_protein_12_2025	WP_005762491.1	plate25.C2.annotation	DAKCFMEO_03754
OG0001323	DC3000_protein_12_2025	WP_005762514.1	plate25.C2.annotation	DAKCFMEO_03740
OG0001324	DC3000_protein_12_2025	WP_005762534.1	plate25.C2.annotation	DAKCFMEO_03730
OG0001325	DC3000_protein_12_2025	WP_005762543.1	plate25.C2.annotation	DAKCFMEO_03726
OG0001326	DC3000_protein_12_2025	WP_005762545.1	plate25.C2.annotation	DAKCFMEO_03725
OG0001327	DC3000_protein_12_2025	WP_005762555.1	plate25.C2.annotation	DAKCFMEO_03722
OG0001328	DC3000_protein_12_2025	WP_005762564.1	plate25.C2.annotation	DAKCFMEO_03716
OG0001329	DC3000_protein_12_2025	WP_005762569.1	plate25.C2.annotation	DAKCFMEO_03712
OG0001330	DC3000_protein_12_2025	WP_005762572.1	plate25.C2.annotation	DAKCFMEO_03709
OG0001331	DC3000_protein_12_2025	WP_005762574.1	plate25.C2.annotation	DAKCFMEO_01193
OG0001332	DC3000_protein_12_2025	WP_005762577.1	plate25.C2.annotation	DAKCFMEO_01192
OG0001333	DC3000_protein_12_2025	WP_005762579.1	plate25.C2.annotation	DAKCFMEO_01190
OG0001334	DC3000_protein_12_2025	WP_005762586.1	plate25.C2.annotation	DAKCFMEO_01186
OG0001335	DC3000_protein_12_2025	WP_005762602.1	plate25.C2.annotation	DAKCFMEO_01177
OG0001336	DC3000_protein_12_2025	WP_005762604.1	plate25.C2.annotation	DAKCFMEO_01176
OG0001337	DC3000_protein_12_2025	WP_005762606.1	plate25.C2.annotation	DAKCFMEO_01172
OG0001338	DC3000_protein_12_2025	WP_005762608.1	plate25.C2.annotation	DAKCFMEO_01171
OG0001339	DC3000_protein_12_2025	WP_005762615.1	plate25.C2.annotation	DAKCFMEO_01166
OG0001340	DC3000_protein_12_2025	WP_005762617.1	plate25.C2.annotation	DAKCFMEO_01165
OG0001341	DC3000_protein_12_2025	WP_005762619.1	plate25.C2.annotation	DAKCFMEO_01164
OG0001342	DC3000_protein_12_2025	WP_005762621.1	plate25.C2.annotation	DAKCFMEO_01163
OG0001343	DC3000_protein_12_2025	WP_005762629.1	plate25.C2.annotation	DAKCFMEO_04398
OG0001344	DC3000_protein_12_2025	WP_005762644.1	plate25.C2.annotation	DAKCFMEO_01125
OG0001345	DC3000_protein_12_2025	WP_005762646.1	plate25.C2.annotation	DAKCFMEO_01124
OG0001346	DC3000_protein_12_2025	WP_005762667.1	plate25.C2.annotation	DAKCFMEO_01114
OG0001347	DC3000_protein_12_2025	WP_005762680.1	plate25.C2.annotation	DAKCFMEO_01109
OG0001348	DC3000_protein_12_2025	WP_005762684.1	plate25.C2.annotation	DAKCFMEO_01105
OG0001349	DC3000_protein_12_2025	WP_005762690.1	plate25.C2.annotation	DAKCFMEO_01102
OG0001350	DC3000_protein_12_2025	WP_005762697.1	plate25.C2.annotation	DAKCFMEO_01099
OG0001351	DC3000_protein_12_2025	WP_005762699.1	plate25.C2.annotation	DAKCFMEO_01098
OG0001352	DC3000_protein_12_2025	WP_005762701.1	plate25.C2.annotation	DAKCFMEO_01096
OG0001353	DC3000_protein_12_2025	WP_005762703.1	plate25.C2.annotation	DAKCFMEO_01095
OG0001354	DC3000_protein_12_2025	WP_005762776.1	plate25.C2.annotation	DAKCFMEO_01041
OG0001355	DC3000_protein_12_2025	WP_005762782.1	plate25.C2.annotation	DAKCFMEO_01036
OG0001356	DC3000_protein_12_2025	WP_005762784.1	plate25.C2.annotation	DAKCFMEO_01035
OG0001357	DC3000_protein_12_2025	WP_005762799.1	plate25.C2.annotation	DAKCFMEO_04419
OG0001358	DC3000_protein_12_2025	WP_005762801.1	plate25.C2.annotation	DAKCFMEO_01108
OG0001359	DC3000_protein_12_2025	WP_005762812.1	plate25.C2.annotation	DAKCFMEO_01623
OG0001360	DC3000_protein_12_2025	WP_005762856.1	plate25.C2.annotation	DAKCFMEO_00885
OG0001361	DC3000_protein_12_2025	WP_005762859.1	plate25.C2.annotation	DAKCFMEO_00883
OG0001362	DC3000_protein_12_2025	WP_005762866.1	plate25.C2.annotation	DAKCFMEO_00879
OG0001363	DC3000_protein_12_2025	WP_005762867.1	plate25.C2.annotation	DAKCFMEO_00878
OG0001364	DC3000_protein_12_2025	WP_005762869.1	plate25.C2.annotation	DAKCFMEO_00876
OG0001365	DC3000_protein_12_2025	WP_005762883.1	plate25.C2.annotation	DAKCFMEO_01383
OG0001366	DC3000_protein_12_2025	WP_005762885.1	plate25.C2.annotation	DAKCFMEO_01384
OG0001367	DC3000_protein_12_2025	WP_005762887.1	plate25.C2.annotation	DAKCFMEO_01385
OG0001368	DC3000_protein_12_2025	WP_005762889.1	plate25.C2.annotation	DAKCFMEO_01386
OG0001369	DC3000_protein_12_2025	WP_005762891.1	plate25.C2.annotation	DAKCFMEO_01388
OG0001370	DC3000_protein_12_2025	WP_005762940.1	plate25.C2.annotation	DAKCFMEO_04987
OG0001371	DC3000_protein_12_2025	WP_005762944.1	plate25.C2.annotation	DAKCFMEO_04985
OG0001372	DC3000_protein_12_2025	WP_005762949.1	plate25.C2.annotation	DAKCFMEO_04983
OG0001373	DC3000_protein_12_2025	WP_005762952.1	plate25.C2.annotation	DAKCFMEO_04981
OG0001374	DC3000_protein_12_2025	WP_005762954.1	plate25.C2.annotation	DAKCFMEO_04979
OG0001375	DC3000_protein_12_2025	WP_005762956.1	plate25.C2.annotation	DAKCFMEO_04978
OG0001376	DC3000_protein_12_2025	WP_005762959.1	plate25.C2.annotation	DAKCFMEO_04955
OG0001377	DC3000_protein_12_2025	WP_005762965.1	plate25.C2.annotation	DAKCFMEO_04949
OG0001378	DC3000_protein_12_2025	WP_005762970.1	plate25.C2.annotation	DAKCFMEO_04943
OG0001379	DC3000_protein_12_2025	WP_005762973.1	plate25.C2.annotation	DAKCFMEO_04940
OG0001380	DC3000_protein_12_2025	WP_005762975.1	plate25.C2.annotation	DAKCFMEO_04938
OG0001381	DC3000_protein_12_2025	WP_005762979.1	plate25.C2.annotation	DAKCFMEO_04932
OG0001382	DC3000_protein_12_2025	WP_005762987.1	plate25.C2.annotation	DAKCFMEO_04917
OG0001383	DC3000_protein_12_2025	WP_005762992.1	plate25.C2.annotation	DAKCFMEO_04911
OG0001384	DC3000_protein_12_2025	WP_005763001.1	plate25.C2.annotation	DAKCFMEO_04903
OG0001385	DC3000_protein_12_2025	WP_005763003.1	plate25.C2.annotation	DAKCFMEO_04902
OG0001386	DC3000_protein_12_2025	WP_005763005.1	plate25.C2.annotation	DAKCFMEO_04901
OG0001387	DC3000_protein_12_2025	WP_005763007.1	plate25.C2.annotation	DAKCFMEO_04900
OG0001388	DC3000_protein_12_2025	WP_005763015.1	plate25.C2.annotation	DAKCFMEO_04895
OG0001389	DC3000_protein_12_2025	WP_005763025.1	plate25.C2.annotation	DAKCFMEO_04889
OG0001390	DC3000_protein_12_2025	WP_005763027.1	plate25.C2.annotation	DAKCFMEO_04888
OG0001391	DC3000_protein_12_2025	WP_005763035.1	plate25.C2.annotation	DAKCFMEO_04876
OG0001392	DC3000_protein_12_2025	WP_005763045.1	plate25.C2.annotation	DAKCFMEO_04871
OG0001393	DC3000_protein_12_2025	WP_005763059.1	plate25.C2.annotation	DAKCFMEO_04861
OG0001394	DC3000_protein_12_2025	WP_005763065.1	plate25.C2.annotation	DAKCFMEO_04857
OG0001395	DC3000_protein_12_2025	WP_005763069.1	plate25.C2.annotation	DAKCFMEO_04855
OG0001396	DC3000_protein_12_2025	WP_005763077.1	plate25.C2.annotation	DAKCFMEO_04851
OG0001397	DC3000_protein_12_2025	WP_005763080.1	plate25.C2.annotation	DAKCFMEO_04849
OG0001398	DC3000_protein_12_2025	WP_005763098.1	plate25.C2.annotation	DAKCFMEO_04840
OG0001399	DC3000_protein_12_2025	WP_005763104.1	plate25.C2.annotation	DAKCFMEO_04837
OG0001400	DC3000_protein_12_2025	WP_005763106.1	plate25.C2.annotation	DAKCFMEO_04836
OG0001401	DC3000_protein_12_2025	WP_005763108.1	plate25.C2.annotation	DAKCFMEO_04835
OG0001402	DC3000_protein_12_2025	WP_005763115.1	plate25.C2.annotation	DAKCFMEO_04832
OG0001403	DC3000_protein_12_2025	WP_005763119.1	plate25.C2.annotation	DAKCFMEO_04828
OG0001404	DC3000_protein_12_2025	WP_005763123.1	plate25.C2.annotation	DAKCFMEO_04826
OG0001405	DC3000_protein_12_2025	WP_005763127.1	plate25.C2.annotation	DAKCFMEO_03616
OG0001406	DC3000_protein_12_2025	WP_005763130.1	plate25.C2.annotation	DAKCFMEO_03618
OG0001407	DC3000_protein_12_2025	WP_005763134.1	plate25.C2.annotation	DAKCFMEO_03620
OG0001408	DC3000_protein_12_2025	WP_005763136.1	plate25.C2.annotation	DAKCFMEO_03621
OG0001409	DC3000_protein_12_2025	WP_005763150.1	plate25.C2.annotation	DAKCFMEO_03626
OG0001410	DC3000_protein_12_2025	WP_005763161.1	plate25.C2.annotation	DAKCFMEO_03631
OG0001411	DC3000_protein_12_2025	WP_005763174.1	plate25.C2.annotation	DAKCFMEO_03638
OG0001412	DC3000_protein_12_2025	WP_005763178.1	plate25.C2.annotation	DAKCFMEO_03640
OG0001413	DC3000_protein_12_2025	WP_005763182.1	plate25.C2.annotation	DAKCFMEO_03642
OG0001414	DC3000_protein_12_2025	WP_005763190.1	plate25.C2.annotation	DAKCFMEO_03646
OG0001415	DC3000_protein_12_2025	WP_005763193.1	plate25.C2.annotation	DAKCFMEO_03647
OG0001416	DC3000_protein_12_2025	WP_005763203.1	plate25.C2.annotation	DAKCFMEO_03655
OG0001417	DC3000_protein_12_2025	WP_005763213.1	plate25.C2.annotation	DAKCFMEO_03660
OG0001418	DC3000_protein_12_2025	WP_005763215.1	plate25.C2.annotation	DAKCFMEO_03661
OG0001419	DC3000_protein_12_2025	WP_005763217.1	plate25.C2.annotation	DAKCFMEO_03662
OG0001420	DC3000_protein_12_2025	WP_005763225.1	plate25.C2.annotation	DAKCFMEO_03600
OG0001421	DC3000_protein_12_2025	WP_005763231.1	plate25.C2.annotation	DAKCFMEO_03603
OG0001422	DC3000_protein_12_2025	WP_005763243.1	plate25.C2.annotation	DAKCFMEO_03611
OG0001423	DC3000_protein_12_2025	WP_005763246.1	plate25.C2.annotation	DAKCFMEO_03613
OG0001424	DC3000_protein_12_2025	WP_005763254.1	plate25.C2.annotation	DAKCFMEO_04822
OG0001425	DC3000_protein_12_2025	WP_005763270.1	plate25.C2.annotation	DAKCFMEO_04815
OG0001426	DC3000_protein_12_2025	WP_005763279.1	plate25.C2.annotation	DAKCFMEO_04808
OG0001427	DC3000_protein_12_2025	WP_005763284.1	plate25.C2.annotation	DAKCFMEO_04806
OG0001428	DC3000_protein_12_2025	WP_005763292.1	plate25.C2.annotation	DAKCFMEO_04801
OG0001429	DC3000_protein_12_2025	WP_005763294.1	plate25.C2.annotation	DAKCFMEO_04800
OG0001430	DC3000_protein_12_2025	WP_005763322.1	plate25.C2.annotation	DAKCFMEO_02052
OG0001431	DC3000_protein_12_2025	WP_005763424.1	plate25.C2.annotation	DAKCFMEO_05160
OG0001432	DC3000_protein_12_2025	WP_005763440.1	plate25.C2.annotation	DAKCFMEO_01980
OG0001433	DC3000_protein_12_2025	WP_005763446.1	plate25.C2.annotation	DAKCFMEO_01983
OG0001434	DC3000_protein_12_2025	WP_005763448.1	plate25.C2.annotation	DAKCFMEO_01984
OG0001435	DC3000_protein_12_2025	WP_005763452.1	plate25.C2.annotation	DAKCFMEO_01986
OG0001436	DC3000_protein_12_2025	WP_005763453.1	plate25.C2.annotation	DAKCFMEO_01987
OG0001437	DC3000_protein_12_2025	WP_005763455.1	plate25.C2.annotation	DAKCFMEO_01988
OG0001438	DC3000_protein_12_2025	WP_005763456.1	plate25.C2.annotation	DAKCFMEO_01989
OG0001439	DC3000_protein_12_2025	WP_005763459.1	plate25.C2.annotation	DAKCFMEO_01990
OG0001440	DC3000_protein_12_2025	WP_005763462.1	plate25.C2.annotation	DAKCFMEO_01991
OG0001441	DC3000_protein_12_2025	WP_005763465.1	plate25.C2.annotation	DAKCFMEO_01993
OG0001442	DC3000_protein_12_2025	WP_005763490.1	plate25.C2.annotation	DAKCFMEO_02185
OG0001443	DC3000_protein_12_2025	WP_005763493.1	plate25.C2.annotation	DAKCFMEO_02188
OG0001444	DC3000_protein_12_2025	WP_005763495.1	plate25.C2.annotation	DAKCFMEO_02190
OG0001445	DC3000_protein_12_2025	WP_005763524.1	plate25.C2.annotation	DAKCFMEO_02143
OG0001446	DC3000_protein_12_2025	WP_005763543.1	plate25.C2.annotation	DAKCFMEO_02148
OG0001447	DC3000_protein_12_2025	WP_005763550.1	plate25.C2.annotation	DAKCFMEO_02153
OG0001448	DC3000_protein_12_2025	WP_005763555.1	plate25.C2.annotation	DAKCFMEO_02158
OG0001449	DC3000_protein_12_2025	WP_005763560.1	plate25.C2.annotation	DAKCFMEO_02161
OG0001450	DC3000_protein_12_2025	WP_005763563.1	plate25.C2.annotation	DAKCFMEO_02165
OG0001451	DC3000_protein_12_2025	WP_005763565.1	plate25.C2.annotation	DAKCFMEO_02166
OG0001452	DC3000_protein_12_2025	WP_005763567.1	plate25.C2.annotation	DAKCFMEO_02167
OG0001453	DC3000_protein_12_2025	WP_005763589.1	plate25.C2.annotation	DAKCFMEO_04961
OG0001454	DC3000_protein_12_2025	WP_005763591.1	plate25.C2.annotation	DAKCFMEO_04960
OG0001455	DC3000_protein_12_2025	WP_005763601.1	plate25.C2.annotation	DAKCFMEO_04975
OG0001456	DC3000_protein_12_2025	WP_005763607.1	plate25.C2.annotation	DAKCFMEO_05047
OG0001457	DC3000_protein_12_2025	WP_005763611.1	plate25.C2.annotation	DAKCFMEO_05044
OG0001458	DC3000_protein_12_2025	WP_005763613.1	plate25.C2.annotation	DAKCFMEO_05043
OG0001459	DC3000_protein_12_2025	WP_005763614.1	plate25.C2.annotation	DAKCFMEO_05042
OG0001460	DC3000_protein_12_2025	WP_005763618.1	plate25.C2.annotation	DAKCFMEO_05040
OG0001461	DC3000_protein_12_2025	WP_005763630.1	plate25.C2.annotation	DAKCFMEO_05036
OG0001462	DC3000_protein_12_2025	WP_005763636.1	plate25.C2.annotation	DAKCFMEO_05031
OG0001463	DC3000_protein_12_2025	WP_005763638.1	plate25.C2.annotation	DAKCFMEO_05030
OG0001464	DC3000_protein_12_2025	WP_005763640.1	plate25.C2.annotation	DAKCFMEO_05029
OG0001465	DC3000_protein_12_2025	WP_005763645.1	plate25.C2.annotation	DAKCFMEO_05022
OG0001466	DC3000_protein_12_2025	WP_005763647.1	plate25.C2.annotation	DAKCFMEO_05052
OG0001467	DC3000_protein_12_2025	WP_005763651.1	plate25.C2.annotation	DAKCFMEO_05054
OG0001468	DC3000_protein_12_2025	WP_005763655.1	plate25.C2.annotation	DAKCFMEO_04973
OG0001469	DC3000_protein_12_2025	WP_005763658.1	plate25.C2.annotation	DAKCFMEO_04974
OG0001470	DC3000_protein_12_2025	WP_005763669.1	plate25.C2.annotation	DAKCFMEO_02945
OG0001471	DC3000_protein_12_2025	WP_005763674.1	plate25.C2.annotation	DAKCFMEO_02951
OG0001472	DC3000_protein_12_2025	WP_005763676.1	plate25.C2.annotation	DAKCFMEO_02953
OG0001473	DC3000_protein_12_2025	WP_005763685.1	plate25.C2.annotation	DAKCFMEO_02961
OG0001474	DC3000_protein_12_2025	WP_005763688.1	plate25.C2.annotation	DAKCFMEO_02963
OG0001475	DC3000_protein_12_2025	WP_005763692.1	plate25.C2.annotation	DAKCFMEO_04970
OG0001476	DC3000_protein_12_2025	WP_005763694.1	plate25.C2.annotation	DAKCFMEO_04968
OG0001477	DC3000_protein_12_2025	WP_005763699.1	plate25.C2.annotation	DAKCFMEO_04965
OG0001478	DC3000_protein_12_2025	WP_005763705.1	plate25.C2.annotation	DAKCFMEO_02938
OG0001479	DC3000_protein_12_2025	WP_005763732.1	plate25.C2.annotation	DAKCFMEO_02936
OG0001480	DC3000_protein_12_2025	WP_005763735.1	plate25.C2.annotation	DAKCFMEO_02935
OG0001481	DC3000_protein_12_2025	WP_005763737.1	plate25.C2.annotation	DAKCFMEO_02933
OG0001482	DC3000_protein_12_2025	WP_005763739.1	plate25.C2.annotation	DAKCFMEO_02932
OG0001483	DC3000_protein_12_2025	WP_005763742.1	plate25.C2.annotation	DAKCFMEO_02931
OG0001484	DC3000_protein_12_2025	WP_005763744.1	plate25.C2.annotation	DAKCFMEO_02930
OG0001485	DC3000_protein_12_2025	WP_005763753.1	plate25.C2.annotation	DAKCFMEO_02927
OG0001486	DC3000_protein_12_2025	WP_005763757.1	plate25.C2.annotation	DAKCFMEO_02925
OG0001487	DC3000_protein_12_2025	WP_005763760.1	plate25.C2.annotation	DAKCFMEO_02924
OG0001488	DC3000_protein_12_2025	WP_005763762.1	plate25.C2.annotation	DAKCFMEO_02923
OG0001489	DC3000_protein_12_2025	WP_005763768.1	plate25.C2.annotation	DAKCFMEO_02921
OG0001490	DC3000_protein_12_2025	WP_005763772.1	plate25.C2.annotation	DAKCFMEO_02919
OG0001491	DC3000_protein_12_2025	WP_005763797.1	plate25.C2.annotation	DAKCFMEO_02913
OG0001492	DC3000_protein_12_2025	WP_005763799.1	plate25.C2.annotation	DAKCFMEO_02912
OG0001493	DC3000_protein_12_2025	WP_005763801.1	plate25.C2.annotation	DAKCFMEO_02909
OG0001494	DC3000_protein_12_2025	WP_005763807.1	plate25.C2.annotation	DAKCFMEO_02906
OG0001495	DC3000_protein_12_2025	WP_005763809.1	plate25.C2.annotation	DAKCFMEO_02904
OG0001496	DC3000_protein_12_2025	WP_005763811.1	plate25.C2.annotation	DAKCFMEO_01905
OG0001497	DC3000_protein_12_2025	WP_005763812.1	plate25.C2.annotation	DAKCFMEO_01242
OG0001498	DC3000_protein_12_2025	WP_005763843.1	plate25.C2.annotation	DAKCFMEO_03044
OG0001499	DC3000_protein_12_2025	WP_005763898.1	plate25.C2.annotation	DAKCFMEO_01486
OG0001501	DC3000_protein_12_2025	WP_005763915.1	plate25.C2.annotation	DAKCFMEO_01477
OG0001502	DC3000_protein_12_2025	WP_005763938.1	plate25.C2.annotation	DAKCFMEO_04795
OG0001503	DC3000_protein_12_2025	WP_005763940.1	plate25.C2.annotation	DAKCFMEO_04479
OG0001504	DC3000_protein_12_2025	WP_005763950.1	plate25.C2.annotation	DAKCFMEO_01766
OG0001505	DC3000_protein_12_2025	WP_005763952.1	plate25.C2.annotation	DAKCFMEO_01767
OG0001506	DC3000_protein_12_2025	WP_005763959.1	plate25.C2.annotation	DAKCFMEO_01770
OG0001507	DC3000_protein_12_2025	WP_005763961.1	plate25.C2.annotation	DAKCFMEO_01771
OG0001508	DC3000_protein_12_2025	WP_005763967.1	plate25.C2.annotation	DAKCFMEO_01773
OG0001509	DC3000_protein_12_2025	WP_005763992.1	plate25.C2.annotation	DAKCFMEO_03019
OG0001510	DC3000_protein_12_2025	WP_005764019.1	plate25.C2.annotation	DAKCFMEO_03012
OG0001511	DC3000_protein_12_2025	WP_005764026.1	plate25.C2.annotation	DAKCFMEO_03006
OG0001512	DC3000_protein_12_2025	WP_005764038.1	plate25.C2.annotation	DAKCFMEO_02995
OG0001513	DC3000_protein_12_2025	WP_005764043.1	plate25.C2.annotation	DAKCFMEO_02991
OG0001514	DC3000_protein_12_2025	WP_005764045.1	plate25.C2.annotation	DAKCFMEO_02988
OG0001515	DC3000_protein_12_2025	WP_005764046.1	plate25.C2.annotation	DAKCFMEO_02987
OG0001516	DC3000_protein_12_2025	WP_005764047.1	plate25.C2.annotation	DAKCFMEO_02986
OG0001517	DC3000_protein_12_2025	WP_005764048.1	plate25.C2.annotation	DAKCFMEO_02983
OG0001518	DC3000_protein_12_2025	WP_005764051.1	plate25.C2.annotation	DAKCFMEO_02976
OG0001519	DC3000_protein_12_2025	WP_005764052.1	plate25.C2.annotation	DAKCFMEO_02975
OG0001520	DC3000_protein_12_2025	WP_005764053.1	plate25.C2.annotation	DAKCFMEO_02974
OG0001521	DC3000_protein_12_2025	WP_005764054.1	plate25.C2.annotation	DAKCFMEO_02971
OG0001522	DC3000_protein_12_2025	WP_005764067.1	plate25.C2.annotation	DAKCFMEO_02966
OG0001523	DC3000_protein_12_2025	WP_005764071.1	plate25.C2.annotation	DAKCFMEO_03293
OG0001524	DC3000_protein_12_2025	WP_005764073.1	plate25.C2.annotation	DAKCFMEO_03295
OG0001525	DC3000_protein_12_2025	WP_005764078.1	plate25.C2.annotation	DAKCFMEO_03297
OG0001526	DC3000_protein_12_2025	WP_005764084.1	plate25.C2.annotation	DAKCFMEO_03301
OG0001527	DC3000_protein_12_2025	WP_005764092.1	plate25.C2.annotation	DAKCFMEO_03304
OG0001528	DC3000_protein_12_2025	WP_005764094.1	plate25.C2.annotation	DAKCFMEO_03305
OG0001529	DC3000_protein_12_2025	WP_005764101.1	plate25.C2.annotation	DAKCFMEO_03290
OG0001530	DC3000_protein_12_2025	WP_005764104.1	plate25.C2.annotation	DAKCFMEO_03289
OG0001531	DC3000_protein_12_2025	WP_005764106.1	plate25.C2.annotation	DAKCFMEO_02716
OG0001532	DC3000_protein_12_2025	WP_005764108.1	plate25.C2.annotation	DAKCFMEO_02717
OG0001533	DC3000_protein_12_2025	WP_005764110.1	plate25.C2.annotation	DAKCFMEO_02718
OG0001534	DC3000_protein_12_2025	WP_005764114.1	plate25.C2.annotation	DAKCFMEO_02721
OG0001535	DC3000_protein_12_2025	WP_005764116.1	plate25.C2.annotation	DAKCFMEO_02723
OG0001536	DC3000_protein_12_2025	WP_005764130.1	plate25.C2.annotation	DAKCFMEO_02727
OG0001537	DC3000_protein_12_2025	WP_005764132.1	plate25.C2.annotation	DAKCFMEO_02728
OG0001538	DC3000_protein_12_2025	WP_005764136.1	plate25.C2.annotation	DAKCFMEO_02731
OG0001539	DC3000_protein_12_2025	WP_005764140.1	plate25.C2.annotation	DAKCFMEO_02732
OG0001540	DC3000_protein_12_2025	WP_005764142.1	plate25.C2.annotation	DAKCFMEO_02733
OG0001541	DC3000_protein_12_2025	WP_005764144.1	plate25.C2.annotation	DAKCFMEO_02734
OG0001542	DC3000_protein_12_2025	WP_005764169.1	plate25.C2.annotation	DAKCFMEO_02746
OG0001543	DC3000_protein_12_2025	WP_005764177.1	plate25.C2.annotation	DAKCFMEO_02751
OG0001544	DC3000_protein_12_2025	WP_005764206.1	plate25.C2.annotation	DAKCFMEO_02763
OG0001545	DC3000_protein_12_2025	WP_005764221.1	plate25.C2.annotation	DAKCFMEO_02770
OG0001546	DC3000_protein_12_2025	WP_005764227.1	plate25.C2.annotation	DAKCFMEO_02773
OG0001547	DC3000_protein_12_2025	WP_005764229.1	plate25.C2.annotation	DAKCFMEO_02774
OG0001548	DC3000_protein_12_2025	WP_005764231.1	plate25.C2.annotation	DAKCFMEO_02775
OG0001549	DC3000_protein_12_2025	WP_005764246.1	plate25.C2.annotation	DAKCFMEO_03951
OG0001550	DC3000_protein_12_2025	WP_005764255.1	plate25.C2.annotation	DAKCFMEO_03943
OG0001551	DC3000_protein_12_2025	WP_005764266.1	plate25.C2.annotation	DAKCFMEO_03938
OG0001552	DC3000_protein_12_2025	WP_005764318.1	plate25.C2.annotation	DAKCFMEO_03930
OG0001553	DC3000_protein_12_2025	WP_005764319.1	plate25.C2.annotation	DAKCFMEO_03929
OG0001554	DC3000_protein_12_2025	WP_005764325.1	plate25.C2.annotation	DAKCFMEO_03923
OG0001555	DC3000_protein_12_2025	WP_005764330.1	plate25.C2.annotation	DAKCFMEO_03920
OG0001556	DC3000_protein_12_2025	WP_005764344.1	plate25.C2.annotation	DAKCFMEO_03906
OG0001557	DC3000_protein_12_2025	WP_005764391.1	plate25.C2.annotation	DAKCFMEO_04173
OG0001558	DC3000_protein_12_2025	WP_005764393.1	plate25.C2.annotation	DAKCFMEO_04174
OG0001559	DC3000_protein_12_2025	WP_005764395.1	plate25.C2.annotation	DAKCFMEO_04175
OG0001560	DC3000_protein_12_2025	WP_005764399.1	plate25.C2.annotation	DAKCFMEO_04177
OG0001562	DC3000_protein_12_2025	WP_005764417.1	plate25.C2.annotation	DAKCFMEO_03903
OG0001563	DC3000_protein_12_2025	WP_005764418.1	plate25.C2.annotation	DAKCFMEO_03904
OG0001564	DC3000_protein_12_2025	WP_005764425.1	plate25.C2.annotation	DAKCFMEO_04020
OG0001565	DC3000_protein_12_2025	WP_005764454.1	plate25.C2.annotation	DAKCFMEO_04039
OG0001566	DC3000_protein_12_2025	WP_005764492.1	plate25.C2.annotation	DAKCFMEO_04013
OG0001567	DC3000_protein_12_2025	WP_005764499.1	plate25.C2.annotation	DAKCFMEO_01006
OG0001568	DC3000_protein_12_2025	WP_005764523.1	plate25.C2.annotation	DAKCFMEO_03956
OG0001569	DC3000_protein_12_2025	WP_005764543.1	plate25.C2.annotation	DAKCFMEO_03965
OG0001570	DC3000_protein_12_2025	WP_005764558.1	plate25.C2.annotation	DAKCFMEO_03972
OG0001571	DC3000_protein_12_2025	WP_005764591.1	plate25.C2.annotation	DAKCFMEO_00606
OG0001572	DC3000_protein_12_2025	WP_005764620.1	plate25.C2.annotation	DAKCFMEO_04006
OG0001573	DC3000_protein_12_2025	WP_005764626.1	plate25.C2.annotation	DAKCFMEO_04009
OG0001574	DC3000_protein_12_2025	WP_005764689.1	plate25.C2.annotation	DAKCFMEO_00886
OG0001575	DC3000_protein_12_2025	WP_005764714.1	plate25.C2.annotation	DAKCFMEO_00250
OG0001576	DC3000_protein_12_2025	WP_005764716.1	plate25.C2.annotation	DAKCFMEO_00249
OG0001577	DC3000_protein_12_2025	WP_005764727.1	plate25.C2.annotation	DAKCFMEO_00245
OG0001578	DC3000_protein_12_2025	WP_005764729.1	plate25.C2.annotation	DAKCFMEO_00244
OG0001579	DC3000_protein_12_2025	WP_005764735.1	plate25.C2.annotation	DAKCFMEO_00242
OG0001580	DC3000_protein_12_2025	WP_005764738.1	plate25.C2.annotation	DAKCFMEO_00241
OG0001581	DC3000_protein_12_2025	WP_005764742.1	plate25.C2.annotation	DAKCFMEO_00237
OG0001582	DC3000_protein_12_2025	WP_005764744.1	plate25.C2.annotation	DAKCFMEO_00235
OG0001583	DC3000_protein_12_2025	WP_005764747.1	plate25.C2.annotation	DAKCFMEO_00234
OG0001584	DC3000_protein_12_2025	WP_005764752.1	plate25.C2.annotation	DAKCFMEO_00231
OG0001585	DC3000_protein_12_2025	WP_005764756.1	plate25.C2.annotation	DAKCFMEO_00227
OG0001586	DC3000_protein_12_2025	WP_005764762.1	plate25.C2.annotation	DAKCFMEO_00224
OG0001587	DC3000_protein_12_2025	WP_005764764.1	plate25.C2.annotation	DAKCFMEO_00223
OG0001588	DC3000_protein_12_2025	WP_005764765.1	plate25.C2.annotation	DAKCFMEO_00222
OG0001589	DC3000_protein_12_2025	WP_005764769.1	plate25.C2.annotation	DAKCFMEO_00216
OG0001590	DC3000_protein_12_2025	WP_005764771.1	plate25.C2.annotation	DAKCFMEO_00215
OG0001591	DC3000_protein_12_2025	WP_005764772.1	plate25.C2.annotation	DAKCFMEO_00214
OG0001592	DC3000_protein_12_2025	WP_005764773.1	plate25.C2.annotation	DAKCFMEO_00213
OG0001593	DC3000_protein_12_2025	WP_005764775.1	plate25.C2.annotation	DAKCFMEO_00210
OG0001594	DC3000_protein_12_2025	WP_005764776.1	plate25.C2.annotation	DAKCFMEO_00209
OG0001595	DC3000_protein_12_2025	WP_005764777.1	plate25.C2.annotation	DAKCFMEO_00208
OG0001596	DC3000_protein_12_2025	WP_005764779.1	plate25.C2.annotation	DAKCFMEO_00206
OG0001597	DC3000_protein_12_2025	WP_005764781.1	plate25.C2.annotation	DAKCFMEO_00205
OG0001598	DC3000_protein_12_2025	WP_005764782.1	plate25.C2.annotation	DAKCFMEO_00204
OG0001599	DC3000_protein_12_2025	WP_005764783.1	plate25.C2.annotation	DAKCFMEO_00203
OG0001600	DC3000_protein_12_2025	WP_005764786.1	plate25.C2.annotation	DAKCFMEO_00200
OG0001601	DC3000_protein_12_2025	WP_005764787.1	plate25.C2.annotation	DAKCFMEO_00199
OG0001602	DC3000_protein_12_2025	WP_005764789.1	plate25.C2.annotation	DAKCFMEO_00196
OG0001603	DC3000_protein_12_2025	WP_005764790.1	plate25.C2.annotation	DAKCFMEO_00195
OG0001604	DC3000_protein_12_2025	WP_005764792.1	plate25.C2.annotation	DAKCFMEO_00193
OG0001605	DC3000_protein_12_2025	WP_005764794.1	plate25.C2.annotation	DAKCFMEO_00192
OG0001606	DC3000_protein_12_2025	WP_005764807.1	plate25.C2.annotation	DAKCFMEO_00183
OG0001607	DC3000_protein_12_2025	WP_005764809.1	plate25.C2.annotation	DAKCFMEO_00182
OG0001608	DC3000_protein_12_2025	WP_005764812.1	plate25.C2.annotation	DAKCFMEO_00180
OG0001609	DC3000_protein_12_2025	WP_005764814.1	plate25.C2.annotation	DAKCFMEO_00179
OG0001610	DC3000_protein_12_2025	WP_005764831.1	plate25.C2.annotation	DAKCFMEO_00169
OG0001611	DC3000_protein_12_2025	WP_005764836.1	plate25.C2.annotation	DAKCFMEO_00165
OG0001612	DC3000_protein_12_2025	WP_005764850.1	plate25.C2.annotation	DAKCFMEO_00158
OG0001613	DC3000_protein_12_2025	WP_005764852.1	plate25.C2.annotation	DAKCFMEO_00157
OG0001614	DC3000_protein_12_2025	WP_005764856.1	plate25.C2.annotation	DAKCFMEO_00156
OG0001615	DC3000_protein_12_2025	WP_005764864.1	plate25.C2.annotation	DAKCFMEO_00147
OG0001616	DC3000_protein_12_2025	WP_005764871.1	plate25.C2.annotation	DAKCFMEO_00141
OG0001617	DC3000_protein_12_2025	WP_005764877.1	plate25.C2.annotation	DAKCFMEO_00138
OG0001618	DC3000_protein_12_2025	WP_005764890.1	plate25.C2.annotation	DAKCFMEO_00128
OG0001619	DC3000_protein_12_2025	WP_005764896.1	plate25.C2.annotation	DAKCFMEO_00127
OG0001620	DC3000_protein_12_2025	WP_005764898.1	plate25.C2.annotation	DAKCFMEO_00126
OG0001621	DC3000_protein_12_2025	WP_005764901.1	plate25.C2.annotation	DAKCFMEO_00125
OG0001622	DC3000_protein_12_2025	WP_005764906.1	plate25.C2.annotation	DAKCFMEO_00123
OG0001623	DC3000_protein_12_2025	WP_005764909.1	plate25.C2.annotation	DAKCFMEO_00114
OG0001624	DC3000_protein_12_2025	WP_005764915.1	plate25.C2.annotation	DAKCFMEO_00111
OG0001625	DC3000_protein_12_2025	WP_005764917.1	plate25.C2.annotation	DAKCFMEO_00109
OG0001626	DC3000_protein_12_2025	WP_005764922.1	plate25.C2.annotation	DAKCFMEO_00106
OG0001627	DC3000_protein_12_2025	WP_005764923.1	plate25.C2.annotation	DAKCFMEO_00103
OG0001628	DC3000_protein_12_2025	WP_005764936.1	plate25.C2.annotation	DAKCFMEO_00095
OG0001629	DC3000_protein_12_2025	WP_005764940.1	plate25.C2.annotation	DAKCFMEO_00094
OG0001630	DC3000_protein_12_2025	WP_005764946.1	plate25.C2.annotation	DAKCFMEO_00091
OG0001631	DC3000_protein_12_2025	WP_005764969.1	plate25.C2.annotation	DAKCFMEO_00080
OG0001632	DC3000_protein_12_2025	WP_005764975.1	plate25.C2.annotation	DAKCFMEO_00077
OG0001633	DC3000_protein_12_2025	WP_005764980.1	plate25.C2.annotation	DAKCFMEO_00062
OG0001634	DC3000_protein_12_2025	WP_005765006.1	plate25.C2.annotation	DAKCFMEO_04699
OG0001635	DC3000_protein_12_2025	WP_005765011.1	plate25.C2.annotation	DAKCFMEO_04698
OG0001636	DC3000_protein_12_2025	WP_005765016.1	plate25.C2.annotation	DAKCFMEO_04696
OG0001637	DC3000_protein_12_2025	WP_005765020.1	plate25.C2.annotation	DAKCFMEO_04694
OG0001638	DC3000_protein_12_2025	WP_005765028.1	plate25.C2.annotation	DAKCFMEO_04690
OG0001639	DC3000_protein_12_2025	WP_005765031.1	plate25.C2.annotation	DAKCFMEO_04689
OG0001640	DC3000_protein_12_2025	WP_005765087.1	plate25.C2.annotation	DAKCFMEO_04667
OG0001641	DC3000_protein_12_2025	WP_005765089.1	plate25.C2.annotation	DAKCFMEO_04665
OG0001642	DC3000_protein_12_2025	WP_005765091.1	plate25.C2.annotation	DAKCFMEO_04664
OG0001643	DC3000_protein_12_2025	WP_005765093.1	plate25.C2.annotation	DAKCFMEO_04663
OG0001644	DC3000_protein_12_2025	WP_005765099.1	plate25.C2.annotation	DAKCFMEO_04657
OG0001645	DC3000_protein_12_2025	WP_005765101.1	plate25.C2.annotation	DAKCFMEO_04656
OG0001646	DC3000_protein_12_2025	WP_005765105.1	plate25.C2.annotation	DAKCFMEO_04654
OG0001647	DC3000_protein_12_2025	WP_005765108.1	plate25.C2.annotation	DAKCFMEO_04653
OG0001648	DC3000_protein_12_2025	WP_005765117.1	plate25.C2.annotation	DAKCFMEO_04649
OG0001649	DC3000_protein_12_2025	WP_005765119.1	plate25.C2.annotation	DAKCFMEO_04648
OG0001650	DC3000_protein_12_2025	WP_005765121.1	plate25.C2.annotation	DAKCFMEO_04647
OG0001651	DC3000_protein_12_2025	WP_005765125.1	plate25.C2.annotation	DAKCFMEO_04642
OG0001652	DC3000_protein_12_2025	WP_005765127.1	plate25.C2.annotation	DAKCFMEO_04641
OG0001653	DC3000_protein_12_2025	WP_005765129.1	plate25.C2.annotation	DAKCFMEO_04639
OG0001654	DC3000_protein_12_2025	WP_005765133.1	plate25.C2.annotation	DAKCFMEO_04637
OG0001655	DC3000_protein_12_2025	WP_005765135.1	plate25.C2.annotation	DAKCFMEO_04636
OG0001656	DC3000_protein_12_2025	WP_005765145.1	plate25.C2.annotation	DAKCFMEO_04630
OG0001657	DC3000_protein_12_2025	WP_005765154.1	plate25.C2.annotation	DAKCFMEO_04627
OG0001658	DC3000_protein_12_2025	WP_005765165.1	plate25.C2.annotation	DAKCFMEO_04616
OG0001659	DC3000_protein_12_2025	WP_005765167.1	plate25.C2.annotation	DAKCFMEO_04615
OG0001660	DC3000_protein_12_2025	WP_005765198.1	plate25.C2.annotation	DAKCFMEO_04598
OG0001661	DC3000_protein_12_2025	WP_005765211.1	plate25.C2.annotation	DAKCFMEO_04576
OG0001662	DC3000_protein_12_2025	WP_005765213.1	plate25.C2.annotation	DAKCFMEO_04575
OG0001663	DC3000_protein_12_2025	WP_005765220.1	plate25.C2.annotation	DAKCFMEO_04568
OG0001664	DC3000_protein_12_2025	WP_005765224.1	plate25.C2.annotation	DAKCFMEO_04566
OG0001665	DC3000_protein_12_2025	WP_005765253.1	plate25.C2.annotation	DAKCFMEO_04547
OG0001666	DC3000_protein_12_2025	WP_005765255.1	plate25.C2.annotation	DAKCFMEO_04546
OG0001667	DC3000_protein_12_2025	WP_005765257.1	plate25.C2.annotation	DAKCFMEO_04545
OG0001668	DC3000_protein_12_2025	WP_005765259.1	plate25.C2.annotation	DAKCFMEO_04544
OG0001669	DC3000_protein_12_2025	WP_005765268.1	plate25.C2.annotation	DAKCFMEO_04538
OG0001670	DC3000_protein_12_2025	WP_005765300.1	plate25.C2.annotation	DAKCFMEO_04524
OG0001671	DC3000_protein_12_2025	WP_005765302.1	plate25.C2.annotation	DAKCFMEO_04523
OG0001672	DC3000_protein_12_2025	WP_005765312.1	plate25.C2.annotation	DAKCFMEO_04497
OG0001673	DC3000_protein_12_2025	WP_005765316.1	plate25.C2.annotation	DAKCFMEO_04496
OG0001674	DC3000_protein_12_2025	WP_005765323.1	plate25.C2.annotation	DAKCFMEO_04493
OG0001675	DC3000_protein_12_2025	WP_005765329.1	plate25.C2.annotation	DAKCFMEO_04491
OG0001676	DC3000_protein_12_2025	WP_005765365.1	plate25.C2.annotation	DAKCFMEO_04395
OG0001677	DC3000_protein_12_2025	WP_005765391.1	plate25.C2.annotation	DAKCFMEO_02137
OG0001678	DC3000_protein_12_2025	WP_005765392.1	plate25.C2.annotation	DAKCFMEO_02136
OG0001679	DC3000_protein_12_2025	WP_005765398.1	plate25.C2.annotation	DAKCFMEO_02132
OG0001680	DC3000_protein_12_2025	WP_005765400.1	plate25.C2.annotation	DAKCFMEO_02131
OG0001681	DC3000_protein_12_2025	WP_005765402.1	plate25.C2.annotation	DAKCFMEO_02130
OG0001682	DC3000_protein_12_2025	WP_005765411.1	plate25.C2.annotation	DAKCFMEO_02124
OG0001683	DC3000_protein_12_2025	WP_005765415.1	plate25.C2.annotation	DAKCFMEO_02122
OG0001684	DC3000_protein_12_2025	WP_005765417.1	plate25.C2.annotation	DAKCFMEO_02121
OG0001685	DC3000_protein_12_2025	WP_005765423.1	plate25.C2.annotation	DAKCFMEO_02118
OG0001686	DC3000_protein_12_2025	WP_005765429.1	plate25.C2.annotation	DAKCFMEO_02114
OG0001687	DC3000_protein_12_2025	WP_005765431.1	plate25.C2.annotation	DAKCFMEO_02113
OG0001688	DC3000_protein_12_2025	WP_005765433.1	plate25.C2.annotation	DAKCFMEO_02112
OG0001689	DC3000_protein_12_2025	WP_005765469.1	plate25.C2.annotation	DAKCFMEO_02111
OG0001690	DC3000_protein_12_2025	WP_005765484.1	plate25.C2.annotation	DAKCFMEO_05098
OG0001691	DC3000_protein_12_2025	WP_005765495.1	plate25.C2.annotation	DAKCFMEO_05103
OG0001692	DC3000_protein_12_2025	WP_005765499.1	plate25.C2.annotation	DAKCFMEO_05105
OG0001693	DC3000_protein_12_2025	WP_005765501.1	plate25.C2.annotation	DAKCFMEO_05107
OG0001694	DC3000_protein_12_2025	WP_005765503.1	plate25.C2.annotation	DAKCFMEO_05108
OG0001695	DC3000_protein_12_2025	WP_005765516.1	plate25.C2.annotation	DAKCFMEO_05064
OG0001696	DC3000_protein_12_2025	WP_005765531.1	plate25.C2.annotation	DAKCFMEO_05073
OG0001697	DC3000_protein_12_2025	WP_005765539.1	plate25.C2.annotation	DAKCFMEO_05081
OG0001698	DC3000_protein_12_2025	WP_005765541.1	plate25.C2.annotation	DAKCFMEO_05082
OG0001699	DC3000_protein_12_2025	WP_005765550.1	plate25.C2.annotation	DAKCFMEO_05089
OG0001700	DC3000_protein_12_2025	WP_005765551.1	plate25.C2.annotation	DAKCFMEO_05090
OG0001701	DC3000_protein_12_2025	WP_005765552.1	plate25.C2.annotation	DAKCFMEO_05091
OG0001702	DC3000_protein_12_2025	WP_005765555.1	plate25.C2.annotation	DAKCFMEO_05093
OG0001703	DC3000_protein_12_2025	WP_005765557.1	plate25.C2.annotation	DAKCFMEO_02109
OG0001704	DC3000_protein_12_2025	WP_005765559.1	plate25.C2.annotation	DAKCFMEO_02107
OG0001705	DC3000_protein_12_2025	WP_005765561.1	plate25.C2.annotation	DAKCFMEO_02105
OG0001706	DC3000_protein_12_2025	WP_005765563.1	plate25.C2.annotation	DAKCFMEO_02103
OG0001707	DC3000_protein_12_2025	WP_005765567.1	plate25.C2.annotation	DAKCFMEO_05128
OG0001708	DC3000_protein_12_2025	WP_005765571.1	plate25.C2.annotation	DAKCFMEO_05132
OG0001709	DC3000_protein_12_2025	WP_005765582.1	plate25.C2.annotation	DAKCFMEO_05138
OG0001710	DC3000_protein_12_2025	WP_005765584.1	plate25.C2.annotation	DAKCFMEO_05139
OG0001711	DC3000_protein_12_2025	WP_005765610.1	plate25.C2.annotation	DAKCFMEO_05152
OG0001712	DC3000_protein_12_2025	WP_005765622.1	plate25.C2.annotation	DAKCFMEO_01968
OG0001713	DC3000_protein_12_2025	WP_005765633.1	plate25.C2.annotation	DAKCFMEO_00810
OG0001714	DC3000_protein_12_2025	WP_005765637.1	plate25.C2.annotation	DAKCFMEO_00805
OG0001715	DC3000_protein_12_2025	WP_005765644.1	plate25.C2.annotation	DAKCFMEO_00800
OG0001716	DC3000_protein_12_2025	WP_005765645.1	plate25.C2.annotation	DAKCFMEO_00799
OG0001717	DC3000_protein_12_2025	WP_005765647.1	plate25.C2.annotation	DAKCFMEO_02421
OG0001718	DC3000_protein_12_2025	WP_005765651.1	plate25.C2.annotation	DAKCFMEO_00790
OG0001719	DC3000_protein_12_2025	WP_005765654.1	plate25.C2.annotation	DAKCFMEO_00787
OG0001720	DC3000_protein_12_2025	WP_005765655.1	plate25.C2.annotation	DAKCFMEO_00786
OG0001721	DC3000_protein_12_2025	WP_005765657.1	plate25.C2.annotation	DAKCFMEO_00781
OG0001722	DC3000_protein_12_2025	WP_005765662.1	plate25.C2.annotation	DAKCFMEO_00775
OG0001723	DC3000_protein_12_2025	WP_005765672.1	plate25.C2.annotation	DAKCFMEO_00768
OG0001724	DC3000_protein_12_2025	WP_005765677.1	plate25.C2.annotation	DAKCFMEO_00764
OG0001725	DC3000_protein_12_2025	WP_005765681.1	plate25.C2.annotation	DAKCFMEO_00758
OG0001726	DC3000_protein_12_2025	WP_005765682.1	plate25.C2.annotation	DAKCFMEO_00756
OG0001727	DC3000_protein_12_2025	WP_005765687.1	plate25.C2.annotation	DAKCFMEO_00751
OG0001728	DC3000_protein_12_2025	WP_005765699.1	plate25.C2.annotation	DAKCFMEO_00746
OG0001729	DC3000_protein_12_2025	WP_005765713.1	plate25.C2.annotation	DAKCFMEO_00740
OG0001730	DC3000_protein_12_2025	WP_005765718.1	plate25.C2.annotation	DAKCFMEO_00734
OG0001731	DC3000_protein_12_2025	WP_005765719.1	plate25.C2.annotation	DAKCFMEO_00733
OG0001732	DC3000_protein_12_2025	WP_005765727.1	plate25.C2.annotation	DAKCFMEO_00724
OG0001733	DC3000_protein_12_2025	WP_005765732.1	plate25.C2.annotation	DAKCFMEO_00721
OG0001734	DC3000_protein_12_2025	WP_005765750.1	plate25.C2.annotation	DAKCFMEO_00707
OG0001735	DC3000_protein_12_2025	WP_005765765.1	plate25.C2.annotation	DAKCFMEO_00704
OG0001736	DC3000_protein_12_2025	WP_005765767.1	plate25.C2.annotation	DAKCFMEO_00703
OG0001737	DC3000_protein_12_2025	WP_005765770.1	plate25.C2.annotation	DAKCFMEO_00702
OG0001738	DC3000_protein_12_2025	WP_005765784.1	plate25.C2.annotation	DAKCFMEO_00694
OG0001739	DC3000_protein_12_2025	WP_005765788.1	plate25.C2.annotation	DAKCFMEO_00692
OG0001740	DC3000_protein_12_2025	WP_005765807.1	plate25.C2.annotation	DAKCFMEO_00683
OG0001741	DC3000_protein_12_2025	WP_005765821.1	plate25.C2.annotation	DAKCFMEO_00676
OG0001742	DC3000_protein_12_2025	WP_005765826.1	plate25.C2.annotation	DAKCFMEO_00674
OG0001743	DC3000_protein_12_2025	WP_005765832.1	plate25.C2.annotation	DAKCFMEO_00671
OG0001744	DC3000_protein_12_2025	WP_005765836.1	plate25.C2.annotation	DAKCFMEO_00669
OG0001745	DC3000_protein_12_2025	WP_005765838.1	plate25.C2.annotation	DAKCFMEO_00668
OG0001746	DC3000_protein_12_2025	WP_005765844.1	plate25.C2.annotation	DAKCFMEO_00666
OG0001747	DC3000_protein_12_2025	WP_005765859.1	plate25.C2.annotation	DAKCFMEO_03270
OG0001748	DC3000_protein_12_2025	WP_005765861.1	plate25.C2.annotation	DAKCFMEO_03269
OG0001749	DC3000_protein_12_2025	WP_005765867.1	plate25.C2.annotation	DAKCFMEO_03266
OG0001750	DC3000_protein_12_2025	WP_005765872.1	plate25.C2.annotation	DAKCFMEO_03263
OG0001751	DC3000_protein_12_2025	WP_005765874.1	plate25.C2.annotation	DAKCFMEO_03262
OG0001752	DC3000_protein_12_2025	WP_005765880.1	plate25.C2.annotation	DAKCFMEO_03258
OG0001753	DC3000_protein_12_2025	WP_005765888.1	plate25.C2.annotation	DAKCFMEO_03254
OG0001754	DC3000_protein_12_2025	WP_005765892.1	plate25.C2.annotation	DAKCFMEO_03252
OG0001755	DC3000_protein_12_2025	WP_005765900.1	plate25.C2.annotation	DAKCFMEO_03247
OG0001756	DC3000_protein_12_2025	WP_005765904.1	plate25.C2.annotation	DAKCFMEO_03246
OG0001757	DC3000_protein_12_2025	WP_005765908.1	plate25.C2.annotation	DAKCFMEO_03243
OG0001758	DC3000_protein_12_2025	WP_005765912.1	plate25.C2.annotation	DAKCFMEO_03241
OG0001759	DC3000_protein_12_2025	WP_005765914.1	plate25.C2.annotation	DAKCFMEO_03240
OG0001760	DC3000_protein_12_2025	WP_005765916.1	plate25.C2.annotation	DAKCFMEO_03237
OG0001761	DC3000_protein_12_2025	WP_005765921.1	plate25.C2.annotation	DAKCFMEO_03234
OG0001762	DC3000_protein_12_2025	WP_005765926.1	plate25.C2.annotation	DAKCFMEO_03231
OG0001763	DC3000_protein_12_2025	WP_005765928.1	plate25.C2.annotation	DAKCFMEO_03230
OG0001764	DC3000_protein_12_2025	WP_005765933.1	plate25.C2.annotation	DAKCFMEO_03225
OG0001765	DC3000_protein_12_2025	WP_005765937.1	plate25.C2.annotation	DAKCFMEO_03221
OG0001766	DC3000_protein_12_2025	WP_005765940.1	plate25.C2.annotation	DAKCFMEO_03220
OG0001767	DC3000_protein_12_2025	WP_005765943.1	plate25.C2.annotation	DAKCFMEO_03219
OG0001768	DC3000_protein_12_2025	WP_005765949.1	plate25.C2.annotation	DAKCFMEO_03215
OG0001769	DC3000_protein_12_2025	WP_005765957.1	plate25.C2.annotation	DAKCFMEO_03212
OG0001770	DC3000_protein_12_2025	WP_005765961.1	plate25.C2.annotation	DAKCFMEO_03210
OG0001771	DC3000_protein_12_2025	WP_005765978.1	plate25.C2.annotation	DAKCFMEO_03198
OG0001772	DC3000_protein_12_2025	WP_005765982.1	plate25.C2.annotation	DAKCFMEO_03196
OG0001773	DC3000_protein_12_2025	WP_005765985.1	plate25.C2.annotation	DAKCFMEO_03195
OG0001774	DC3000_protein_12_2025	WP_005765988.1	plate25.C2.annotation	DAKCFMEO_03193
OG0001775	DC3000_protein_12_2025	WP_005765994.1	plate25.C2.annotation	DAKCFMEO_03189
OG0001776	DC3000_protein_12_2025	WP_005765997.1	plate25.C2.annotation	DAKCFMEO_03185
OG0001777	DC3000_protein_12_2025	WP_005766007.1	plate25.C2.annotation	DAKCFMEO_03177
OG0001778	DC3000_protein_12_2025	WP_005766009.1	plate25.C2.annotation	DAKCFMEO_03175
OG0001779	DC3000_protein_12_2025	WP_005766011.1	plate25.C2.annotation	DAKCFMEO_03174
OG0001780	DC3000_protein_12_2025	WP_005766012.1	plate25.C2.annotation	DAKCFMEO_03173
OG0001781	DC3000_protein_12_2025	WP_005766016.1	plate25.C2.annotation	DAKCFMEO_03169
OG0001782	DC3000_protein_12_2025	WP_005766020.1	plate25.C2.annotation	DAKCFMEO_03163
OG0001783	DC3000_protein_12_2025	WP_005766024.1	plate25.C2.annotation	DAKCFMEO_03162
OG0001784	DC3000_protein_12_2025	WP_005766026.1	plate25.C2.annotation	DAKCFMEO_03160
OG0001785	DC3000_protein_12_2025	WP_005766041.1	plate25.C2.annotation	DAKCFMEO_03158
OG0001786	DC3000_protein_12_2025	WP_005766043.1	plate25.C2.annotation	DAKCFMEO_03155
OG0001787	DC3000_protein_12_2025	WP_005766044.1	plate25.C2.annotation	DAKCFMEO_03154
OG0001788	DC3000_protein_12_2025	WP_005766046.1	plate25.C2.annotation	DAKCFMEO_03152
OG0001789	DC3000_protein_12_2025	WP_005766050.1	plate25.C2.annotation	DAKCFMEO_03149
OG0001790	DC3000_protein_12_2025	WP_005766070.1	plate25.C2.annotation	DAKCFMEO_03138
OG0001791	DC3000_protein_12_2025	WP_005766116.1	plate25.C2.annotation	DAKCFMEO_04460
OG0001792	DC3000_protein_12_2025	WP_005766190.1	plate25.C2.annotation	DAKCFMEO_04085
OG0001793	DC3000_protein_12_2025	WP_005766198.1	plate25.C2.annotation	DAKCFMEO_04089
OG0001794	DC3000_protein_12_2025	WP_005766205.1	plate25.C2.annotation	DAKCFMEO_04093
OG0001795	DC3000_protein_12_2025	WP_005766210.1	plate25.C2.annotation	DAKCFMEO_04098
OG0001796	DC3000_protein_12_2025	WP_005766212.1	plate25.C2.annotation	DAKCFMEO_04099
OG0001797	DC3000_protein_12_2025	WP_005766216.1	plate25.C2.annotation	DAKCFMEO_04101
OG0001798	DC3000_protein_12_2025	WP_005766218.1	plate25.C2.annotation	DAKCFMEO_04102
OG0001799	DC3000_protein_12_2025	WP_005766220.1	plate25.C2.annotation	DAKCFMEO_04103
OG0001800	DC3000_protein_12_2025	WP_005766223.1	plate25.C2.annotation	DAKCFMEO_04104
OG0001801	DC3000_protein_12_2025	WP_005766224.1	plate25.C2.annotation	DAKCFMEO_04105
OG0001802	DC3000_protein_12_2025	WP_005766232.1	plate25.C2.annotation	DAKCFMEO_04109
OG0001803	DC3000_protein_12_2025	WP_005766234.1	plate25.C2.annotation	DAKCFMEO_04110
OG0001804	DC3000_protein_12_2025	WP_005766237.1	plate25.C2.annotation	DAKCFMEO_04111
OG0001805	DC3000_protein_12_2025	WP_005766247.1	plate25.C2.annotation	DAKCFMEO_04116
OG0001806	DC3000_protein_12_2025	WP_005766254.1	plate25.C2.annotation	DAKCFMEO_04120
OG0001807	DC3000_protein_12_2025	WP_005766257.1	plate25.C2.annotation	DAKCFMEO_04121
OG0001808	DC3000_protein_12_2025	WP_005766263.1	plate25.C2.annotation	DAKCFMEO_04124
OG0001809	DC3000_protein_12_2025	WP_005766271.1	plate25.C2.annotation	DAKCFMEO_01616
OG0001810	DC3000_protein_12_2025	WP_005766274.1	plate25.C2.annotation	DAKCFMEO_01617
OG0001811	DC3000_protein_12_2025	WP_005766294.1	plate25.C2.annotation	DAKCFMEO_01025
OG0001812	DC3000_protein_12_2025	WP_005766298.1	plate25.C2.annotation	DAKCFMEO_01023
OG0001813	DC3000_protein_12_2025	WP_005766304.1	plate25.C2.annotation	DAKCFMEO_01019
OG0001814	DC3000_protein_12_2025	WP_005766308.1	plate25.C2.annotation	DAKCFMEO_00961
OG0001815	DC3000_protein_12_2025	WP_005766320.1	plate25.C2.annotation	DAKCFMEO_01016
OG0001816	DC3000_protein_12_2025	WP_005766322.1	plate25.C2.annotation	DAKCFMEO_01015
OG0001817	DC3000_protein_12_2025	WP_005766327.1	plate25.C2.annotation	DAKCFMEO_01013
OG0001818	DC3000_protein_12_2025	WP_005766329.1	plate25.C2.annotation	DAKCFMEO_01012
OG0001819	DC3000_protein_12_2025	WP_005766330.1	plate25.C2.annotation	DAKCFMEO_01011
OG0001820	DC3000_protein_12_2025	WP_005766332.1	plate25.C2.annotation	DAKCFMEO_01010
OG0001821	DC3000_protein_12_2025	WP_005766345.1	plate25.C2.annotation	DAKCFMEO_00262
OG0001822	DC3000_protein_12_2025	WP_005766439.1	plate25.C2.annotation	DAKCFMEO_01696
OG0001823	DC3000_protein_12_2025	WP_005766442.1	plate25.C2.annotation	DAKCFMEO_01693
OG0001824	DC3000_protein_12_2025	WP_005766449.1	plate25.C2.annotation	DAKCFMEO_01688
OG0001825	DC3000_protein_12_2025	WP_005766456.1	plate25.C2.annotation	DAKCFMEO_01680
OG0001826	DC3000_protein_12_2025	WP_005766460.1	plate25.C2.annotation	DAKCFMEO_01675
OG0001827	DC3000_protein_12_2025	WP_005766463.1	plate25.C2.annotation	DAKCFMEO_01674
OG0001828	DC3000_protein_12_2025	WP_005766488.1	plate25.C2.annotation	DAKCFMEO_00457
OG0001829	DC3000_protein_12_2025	WP_005766501.1	plate25.C2.annotation	DAKCFMEO_00451
OG0001830	DC3000_protein_12_2025	WP_005766506.1	plate25.C2.annotation	DAKCFMEO_00445
OG0001831	DC3000_protein_12_2025	WP_005766512.1	plate25.C2.annotation	DAKCFMEO_00440
OG0001832	DC3000_protein_12_2025	WP_005766514.1	plate25.C2.annotation	DAKCFMEO_00439
OG0001833	DC3000_protein_12_2025	WP_005766516.1	plate25.C2.annotation	DAKCFMEO_00438
OG0001834	DC3000_protein_12_2025	WP_005766521.1	plate25.C2.annotation	DAKCFMEO_00434
OG0001835	DC3000_protein_12_2025	WP_005766523.1	plate25.C2.annotation	DAKCFMEO_00433
OG0001836	DC3000_protein_12_2025	WP_005766526.1	plate25.C2.annotation	DAKCFMEO_00430
OG0001837	DC3000_protein_12_2025	WP_005766528.1	plate25.C2.annotation	DAKCFMEO_00429
OG0001838	DC3000_protein_12_2025	WP_005766530.1	plate25.C2.annotation	DAKCFMEO_00428
OG0001839	DC3000_protein_12_2025	WP_005766542.1	plate25.C2.annotation	DAKCFMEO_00420
OG0001840	DC3000_protein_12_2025	WP_005766543.1	plate25.C2.annotation	DAKCFMEO_00419
OG0001841	DC3000_protein_12_2025	WP_005766550.1	plate25.C2.annotation	DAKCFMEO_00410
OG0001842	DC3000_protein_12_2025	WP_005766552.1	plate25.C2.annotation	DAKCFMEO_00408
OG0001843	DC3000_protein_12_2025	WP_005766553.1	plate25.C2.annotation	DAKCFMEO_00407
OG0001844	DC3000_protein_12_2025	WP_005766562.1	plate25.C2.annotation	DAKCFMEO_00401
OG0001845	DC3000_protein_12_2025	WP_005766566.1	plate25.C2.annotation	DAKCFMEO_00398
OG0001846	DC3000_protein_12_2025	WP_005766568.1	plate25.C2.annotation	DAKCFMEO_00396
OG0001847	DC3000_protein_12_2025	WP_005766570.1	plate25.C2.annotation	DAKCFMEO_00395
OG0001848	DC3000_protein_12_2025	WP_005766574.1	plate25.C2.annotation	DAKCFMEO_00393
OG0001849	DC3000_protein_12_2025	WP_005766576.1	plate25.C2.annotation	DAKCFMEO_00391
OG0001850	DC3000_protein_12_2025	WP_005766579.1	plate25.C2.annotation	DAKCFMEO_00388
OG0001851	DC3000_protein_12_2025	WP_005766590.1	plate25.C2.annotation	DAKCFMEO_00382
OG0001852	DC3000_protein_12_2025	WP_005766612.1	plate25.C2.annotation	DAKCFMEO_00006
OG0001853	DC3000_protein_12_2025	WP_005766620.1	plate25.C2.annotation	DAKCFMEO_00003
OG0001854	DC3000_protein_12_2025	WP_005766623.1	plate25.C2.annotation	DAKCFMEO_00002
OG0001855	DC3000_protein_12_2025	WP_005766633.1	plate25.C2.annotation	DAKCFMEO_02242
OG0001856	DC3000_protein_12_2025	WP_005766637.1	plate25.C2.annotation	DAKCFMEO_02247
OG0001857	DC3000_protein_12_2025	WP_005766645.1	plate25.C2.annotation	DAKCFMEO_02256
OG0001858	DC3000_protein_12_2025	WP_005766657.1	plate25.C2.annotation	DAKCFMEO_02267
OG0001859	DC3000_protein_12_2025	WP_005766661.1	plate25.C2.annotation	DAKCFMEO_02272
OG0001860	DC3000_protein_12_2025	WP_005766666.1	plate25.C2.annotation	DAKCFMEO_02274
OG0001861	DC3000_protein_12_2025	WP_005766671.1	plate25.C2.annotation	DAKCFMEO_02276
OG0001862	DC3000_protein_12_2025	WP_005766673.1	plate25.C2.annotation	DAKCFMEO_02277
OG0001863	DC3000_protein_12_2025	WP_005766675.1	plate25.C2.annotation	DAKCFMEO_02278
OG0001864	DC3000_protein_12_2025	WP_005766682.1	plate25.C2.annotation	DAKCFMEO_02281
OG0001865	DC3000_protein_12_2025	WP_005766684.1	plate25.C2.annotation	DAKCFMEO_02282
OG0001866	DC3000_protein_12_2025	WP_005766686.1	plate25.C2.annotation	DAKCFMEO_02283
OG0001867	DC3000_protein_12_2025	WP_005766688.1	plate25.C2.annotation	DAKCFMEO_02284
OG0001868	DC3000_protein_12_2025	WP_005766701.1	plate25.C2.annotation	DAKCFMEO_02291
OG0001869	DC3000_protein_12_2025	WP_005766707.1	plate25.C2.annotation	DAKCFMEO_02294
OG0001870	DC3000_protein_12_2025	WP_005766709.1	plate25.C2.annotation	DAKCFMEO_02295
OG0001871	DC3000_protein_12_2025	WP_005766711.1	plate25.C2.annotation	DAKCFMEO_02296
OG0001872	DC3000_protein_12_2025	WP_005766716.1	plate25.C2.annotation	DAKCFMEO_02298
OG0001873	DC3000_protein_12_2025	WP_005766720.1	plate25.C2.annotation	DAKCFMEO_02301
OG0001874	DC3000_protein_12_2025	WP_005766727.1	plate25.C2.annotation	DAKCFMEO_02305
OG0001875	DC3000_protein_12_2025	WP_005766730.1	plate25.C2.annotation	DAKCFMEO_02306
OG0001876	DC3000_protein_12_2025	WP_005766737.1	plate25.C2.annotation	DAKCFMEO_02309
OG0001877	DC3000_protein_12_2025	WP_005766740.1	plate25.C2.annotation	DAKCFMEO_02310
OG0001878	DC3000_protein_12_2025	WP_005766742.1	plate25.C2.annotation	DAKCFMEO_02311
OG0001879	DC3000_protein_12_2025	WP_005766744.1	plate25.C2.annotation	DAKCFMEO_02312
OG0001880	DC3000_protein_12_2025	WP_005766746.1	plate25.C2.annotation	DAKCFMEO_02313
OG0001881	DC3000_protein_12_2025	WP_005766747.1	plate25.C2.annotation	DAKCFMEO_02315
OG0001882	DC3000_protein_12_2025	WP_005766750.1	plate25.C2.annotation	DAKCFMEO_02319
OG0001883	DC3000_protein_12_2025	WP_005766752.1	plate25.C2.annotation	DAKCFMEO_02320
OG0001884	DC3000_protein_12_2025	WP_005766760.1	plate25.C2.annotation	DAKCFMEO_02324
OG0001885	DC3000_protein_12_2025	WP_005766763.1	plate25.C2.annotation	DAKCFMEO_02325
OG0001886	DC3000_protein_12_2025	WP_005766772.1	plate25.C2.annotation	DAKCFMEO_02328
OG0001887	DC3000_protein_12_2025	WP_005766774.1	plate25.C2.annotation	DAKCFMEO_02329
OG0001888	DC3000_protein_12_2025	WP_005766776.1	plate25.C2.annotation	DAKCFMEO_02330
OG0001889	DC3000_protein_12_2025	WP_005766782.1	plate25.C2.annotation	DAKCFMEO_02333
OG0001890	DC3000_protein_12_2025	WP_005766790.1	plate25.C2.annotation	DAKCFMEO_02341
OG0001891	DC3000_protein_12_2025	WP_005766792.1	plate25.C2.annotation	DAKCFMEO_02342
OG0001892	DC3000_protein_12_2025	WP_005766795.1	plate25.C2.annotation	DAKCFMEO_02344
OG0001893	DC3000_protein_12_2025	WP_005766796.1	plate25.C2.annotation	DAKCFMEO_02345
OG0001894	DC3000_protein_12_2025	WP_005766799.1	plate25.C2.annotation	DAKCFMEO_02348
OG0001895	DC3000_protein_12_2025	WP_005766801.1	plate25.C2.annotation	DAKCFMEO_02350
OG0001896	DC3000_protein_12_2025	WP_005766802.1	plate25.C2.annotation	DAKCFMEO_02351
OG0001897	DC3000_protein_12_2025	WP_005766803.1	plate25.C2.annotation	DAKCFMEO_02352
OG0001898	DC3000_protein_12_2025	WP_005766804.1	plate25.C2.annotation	DAKCFMEO_02354
OG0001899	DC3000_protein_12_2025	WP_005766806.1	plate25.C2.annotation	DAKCFMEO_02360
OG0001900	DC3000_protein_12_2025	WP_005766812.1	plate25.C2.annotation	DAKCFMEO_02367
OG0001901	DC3000_protein_12_2025	WP_005766833.1	plate25.C2.annotation	DAKCFMEO_02430
OG0001902	DC3000_protein_12_2025	WP_005766850.1	plate25.C2.annotation	DAKCFMEO_02629
OG0001903	DC3000_protein_12_2025	WP_005766858.1	plate25.C2.annotation	DAKCFMEO_02622
OG0001904	DC3000_protein_12_2025	WP_005766869.1	plate25.C2.annotation	DAKCFMEO_02615
OG0001905	DC3000_protein_12_2025	WP_005766876.1	plate25.C2.annotation	DAKCFMEO_02612
OG0001906	DC3000_protein_12_2025	WP_005766899.1	plate25.C2.annotation	DAKCFMEO_02595
OG0001907	DC3000_protein_12_2025	WP_005766904.1	plate25.C2.annotation	DAKCFMEO_02592
OG0001908	DC3000_protein_12_2025	WP_005766910.1	plate25.C2.annotation	DAKCFMEO_02590
OG0001909	DC3000_protein_12_2025	WP_005766911.1	plate25.C2.annotation	DAKCFMEO_02588
OG0001910	DC3000_protein_12_2025	WP_005766914.1	plate25.C2.annotation	DAKCFMEO_02586
OG0001911	DC3000_protein_12_2025	WP_005766916.1	plate25.C2.annotation	DAKCFMEO_02585
OG0001912	DC3000_protein_12_2025	WP_005766927.1	plate25.C2.annotation	DAKCFMEO_02579
OG0001913	DC3000_protein_12_2025	WP_005766941.1	plate25.C2.annotation	DAKCFMEO_02571
OG0001914	DC3000_protein_12_2025	WP_005766943.1	plate25.C2.annotation	DAKCFMEO_02570
OG0001915	DC3000_protein_12_2025	WP_005766946.1	plate25.C2.annotation	DAKCFMEO_02569
OG0001916	DC3000_protein_12_2025	WP_005766952.1	plate25.C2.annotation	DAKCFMEO_02565
OG0001917	DC3000_protein_12_2025	WP_005766953.1	plate25.C2.annotation	DAKCFMEO_02564
OG0001918	DC3000_protein_12_2025	WP_005766954.1	plate25.C2.annotation	DAKCFMEO_02563
OG0001919	DC3000_protein_12_2025	WP_005766964.1	plate25.C2.annotation	DAKCFMEO_02558
OG0001920	DC3000_protein_12_2025	WP_005766966.1	plate25.C2.annotation	DAKCFMEO_02557
OG0001921	DC3000_protein_12_2025	WP_005766975.1	plate25.C2.annotation	DAKCFMEO_02549
OG0001922	DC3000_protein_12_2025	WP_005766980.1	plate25.C2.annotation	DAKCFMEO_02545
OG0001923	DC3000_protein_12_2025	WP_005766982.1	plate25.C2.annotation	DAKCFMEO_02543
OG0001924	DC3000_protein_12_2025	WP_005766986.1	plate25.C2.annotation	DAKCFMEO_02539
OG0001925	DC3000_protein_12_2025	WP_005766990.1	plate25.C2.annotation	DAKCFMEO_02534
OG0001926	DC3000_protein_12_2025	WP_005767003.1	plate25.C2.annotation	DAKCFMEO_02529
OG0001927	DC3000_protein_12_2025	WP_005767009.1	plate25.C2.annotation	DAKCFMEO_02519
OG0001928	DC3000_protein_12_2025	WP_005767010.1	plate25.C2.annotation	DAKCFMEO_02518
OG0001929	DC3000_protein_12_2025	WP_005767011.1	plate25.C2.annotation	DAKCFMEO_02517
OG0001930	DC3000_protein_12_2025	WP_005767013.1	plate25.C2.annotation	DAKCFMEO_02516
OG0001931	DC3000_protein_12_2025	WP_005767015.1	plate25.C2.annotation	DAKCFMEO_02515
OG0001932	DC3000_protein_12_2025	WP_005767017.1	plate25.C2.annotation	DAKCFMEO_02513
OG0001933	DC3000_protein_12_2025	WP_005767021.1	plate25.C2.annotation	DAKCFMEO_02512
OG0001934	DC3000_protein_12_2025	WP_005767023.1	plate25.C2.annotation	DAKCFMEO_02511
OG0001935	DC3000_protein_12_2025	WP_005767027.1	plate25.C2.annotation	DAKCFMEO_02508
OG0001936	DC3000_protein_12_2025	WP_005767037.1	plate25.C2.annotation	DAKCFMEO_02503
OG0001937	DC3000_protein_12_2025	WP_005767059.1	plate25.C2.annotation	DAKCFMEO_02033
OG0001938	DC3000_protein_12_2025	WP_005767063.1	plate25.C2.annotation	DAKCFMEO_02031
OG0001939	DC3000_protein_12_2025	WP_005767065.1	plate25.C2.annotation	DAKCFMEO_02030
OG0001940	DC3000_protein_12_2025	WP_005767067.1	plate25.C2.annotation	DAKCFMEO_02029
OG0001941	DC3000_protein_12_2025	WP_005767071.1	plate25.C2.annotation	DAKCFMEO_02026
OG0001942	DC3000_protein_12_2025	WP_005767073.1	plate25.C2.annotation	DAKCFMEO_02025
OG0001943	DC3000_protein_12_2025	WP_005767089.1	plate25.C2.annotation	DAKCFMEO_05188
OG0001944	DC3000_protein_12_2025	WP_005767098.1	plate25.C2.annotation	DAKCFMEO_05195
OG0001945	DC3000_protein_12_2025	WP_005767110.1	plate25.C2.annotation	DAKCFMEO_05204
OG0001946	DC3000_protein_12_2025	WP_005767116.1	plate25.C2.annotation	DAKCFMEO_05207
OG0001947	DC3000_protein_12_2025	WP_005767120.1	plate25.C2.annotation	DAKCFMEO_05210
OG0001948	DC3000_protein_12_2025	WP_005767127.1	plate25.C2.annotation	DAKCFMEO_05218
OG0001949	DC3000_protein_12_2025	WP_005767282.1	plate25.C2.annotation	DAKCFMEO_01417
OG0001950	DC3000_protein_12_2025	WP_005767289.1	plate25.C2.annotation	DAKCFMEO_01426
OG0001951	DC3000_protein_12_2025	WP_005767295.1	plate25.C2.annotation	DAKCFMEO_01428
OG0001952	DC3000_protein_12_2025	WP_005767320.1	plate25.C2.annotation	DAKCFMEO_01432
OG0001953	DC3000_protein_12_2025	WP_005767349.1	plate25.C2.annotation	DAKCFMEO_01453
OG0001954	DC3000_protein_12_2025	WP_005767352.1	plate25.C2.annotation	DAKCFMEO_01455
OG0001955	DC3000_protein_12_2025	WP_005767353.1	plate25.C2.annotation	DAKCFMEO_01456
OG0001956	DC3000_protein_12_2025	WP_005767359.1	plate25.C2.annotation	DAKCFMEO_01459
OG0001957	DC3000_protein_12_2025	WP_005767364.1	plate25.C2.annotation	DAKCFMEO_01491
OG0001958	DC3000_protein_12_2025	WP_005767369.1	plate25.C2.annotation	DAKCFMEO_01494
OG0001959	DC3000_protein_12_2025	WP_005767378.1	plate25.C2.annotation	DAKCFMEO_01501
OG0001960	DC3000_protein_12_2025	WP_005767383.1	plate25.C2.annotation	DAKCFMEO_01504
OG0001961	DC3000_protein_12_2025	WP_005767387.1	plate25.C2.annotation	DAKCFMEO_01506
OG0001962	DC3000_protein_12_2025	WP_005767395.1	plate25.C2.annotation	DAKCFMEO_01511
OG0001963	DC3000_protein_12_2025	WP_005767399.1	plate25.C2.annotation	DAKCFMEO_01513
OG0001964	DC3000_protein_12_2025	WP_005767401.1	plate25.C2.annotation	DAKCFMEO_01514
OG0001965	DC3000_protein_12_2025	WP_005767416.1	plate25.C2.annotation	DAKCFMEO_01524
OG0001966	DC3000_protein_12_2025	WP_005767420.1	plate25.C2.annotation	DAKCFMEO_01527
OG0001967	DC3000_protein_12_2025	WP_005767446.1	plate25.C2.annotation	DAKCFMEO_01547
OG0001968	DC3000_protein_12_2025	WP_005767449.1	plate25.C2.annotation	DAKCFMEO_01548
OG0001969	DC3000_protein_12_2025	WP_005767500.1	plate25.C2.annotation	DAKCFMEO_02436
OG0001970	DC3000_protein_12_2025	WP_005767504.1	plate25.C2.annotation	DAKCFMEO_04392
OG0001971	DC3000_protein_12_2025	WP_005767507.1	plate25.C2.annotation	DAKCFMEO_00258
OG0001972	DC3000_protein_12_2025	WP_005767508.1	plate25.C2.annotation	DAKCFMEO_00259
OG0001973	DC3000_protein_12_2025	WP_005767529.1	plate25.C2.annotation	DAKCFMEO_04443
OG0001974	DC3000_protein_12_2025	WP_005767531.1	plate25.C2.annotation	DAKCFMEO_04444
OG0001975	DC3000_protein_12_2025	WP_005767535.1	plate25.C2.annotation	DAKCFMEO_00053
OG0001976	DC3000_protein_12_2025	WP_005767540.1	plate25.C2.annotation	DAKCFMEO_00049
OG0001977	DC3000_protein_12_2025	WP_005767545.1	plate25.C2.annotation	DAKCFMEO_00045
OG0001978	DC3000_protein_12_2025	WP_005767547.1	plate25.C2.annotation	DAKCFMEO_00043
OG0001979	DC3000_protein_12_2025	WP_005767549.1	plate25.C2.annotation	DAKCFMEO_00042
OG0001980	DC3000_protein_12_2025	WP_005767564.1	plate25.C2.annotation	DAKCFMEO_00034
OG0001981	DC3000_protein_12_2025	WP_005767567.1	plate25.C2.annotation	DAKCFMEO_00033
OG0001982	DC3000_protein_12_2025	WP_005767572.1	plate25.C2.annotation	DAKCFMEO_00030
OG0001983	DC3000_protein_12_2025	WP_005767592.1	plate25.C2.annotation	DAKCFMEO_00020
OG0001984	DC3000_protein_12_2025	WP_005767596.1	plate25.C2.annotation	DAKCFMEO_04197
OG0001985	DC3000_protein_12_2025	WP_005767600.1	plate25.C2.annotation	DAKCFMEO_04199
OG0001986	DC3000_protein_12_2025	WP_005767605.1	plate25.C2.annotation	DAKCFMEO_04203
OG0001987	DC3000_protein_12_2025	WP_005767607.1	plate25.C2.annotation	DAKCFMEO_04204
OG0001988	DC3000_protein_12_2025	WP_005767612.1	plate25.C2.annotation	DAKCFMEO_04207
OG0001989	DC3000_protein_12_2025	WP_005767614.1	plate25.C2.annotation	DAKCFMEO_04208
OG0001990	DC3000_protein_12_2025	WP_005767637.1	plate25.C2.annotation	DAKCFMEO_04221
OG0001991	DC3000_protein_12_2025	WP_005767643.1	plate25.C2.annotation	DAKCFMEO_00019
OG0001992	DC3000_protein_12_2025	WP_005767663.1	plate25.C2.annotation	DAKCFMEO_03029
OG0001993	DC3000_protein_12_2025	WP_005767670.1	plate25.C2.annotation	DAKCFMEO_03036
OG0001994	DC3000_protein_12_2025	WP_005767686.1	plate25.C2.annotation	DAKCFMEO_02371
OG0001995	DC3000_protein_12_2025	WP_005767688.1	plate25.C2.annotation	DAKCFMEO_02374
OG0001996	DC3000_protein_12_2025	WP_005767689.1	plate25.C2.annotation	DAKCFMEO_02375
OG0001997	DC3000_protein_12_2025	WP_005767690.1	plate25.C2.annotation	DAKCFMEO_02376
OG0001998	DC3000_protein_12_2025	WP_005767692.1	plate25.C2.annotation	DAKCFMEO_02379
OG0001999	DC3000_protein_12_2025	WP_005767695.1	plate25.C2.annotation	DAKCFMEO_02381
OG0002000	DC3000_protein_12_2025	WP_005767699.1	plate25.C2.annotation	DAKCFMEO_02383
OG0002001	DC3000_protein_12_2025	WP_005767701.1	plate25.C2.annotation	DAKCFMEO_02385
OG0002002	DC3000_protein_12_2025	WP_005767703.1	plate25.C2.annotation	DAKCFMEO_02386
OG0002003	DC3000_protein_12_2025	WP_005767709.1	plate25.C2.annotation	DAKCFMEO_02388
OG0002004	DC3000_protein_12_2025	WP_005767714.1	plate25.C2.annotation	DAKCFMEO_02391
OG0002005	DC3000_protein_12_2025	WP_005767716.1	plate25.C2.annotation	DAKCFMEO_02392
OG0002006	DC3000_protein_12_2025	WP_005767718.1	plate25.C2.annotation	DAKCFMEO_02393
OG0002007	DC3000_protein_12_2025	WP_005767720.1	plate25.C2.annotation	DAKCFMEO_02394
OG0002008	DC3000_protein_12_2025	WP_005767723.1	plate25.C2.annotation	DAKCFMEO_02395
OG0002009	DC3000_protein_12_2025	WP_005767727.1	plate25.C2.annotation	DAKCFMEO_04500
OG0002010	DC3000_protein_12_2025	WP_005767729.1	plate25.C2.annotation	DAKCFMEO_04503
OG0002011	DC3000_protein_12_2025	WP_005767731.1	plate25.C2.annotation	DAKCFMEO_04504
OG0002012	DC3000_protein_12_2025	WP_005767739.1	plate25.C2.annotation	DAKCFMEO_04510
OG0002013	DC3000_protein_12_2025	WP_005767754.1	plate25.C2.annotation	DAKCFMEO_04518
OG0002014	DC3000_protein_12_2025	WP_005767756.1	plate25.C2.annotation	DAKCFMEO_04519
OG0002015	DC3000_protein_12_2025	WP_005767763.1	plate25.C2.annotation	DAKCFMEO_02405
OG0002016	DC3000_protein_12_2025	WP_005767798.1	plate25.C2.annotation	DAKCFMEO_02412
OG0002017	DC3000_protein_12_2025	WP_005767805.1	plate25.C2.annotation	DAKCFMEO_00070
OG0002018	DC3000_protein_12_2025	WP_005767820.1	plate25.C2.annotation	DAKCFMEO_02452
OG0002019	DC3000_protein_12_2025	WP_005767834.1	plate25.C2.annotation	DAKCFMEO_02456
OG0002020	DC3000_protein_12_2025	WP_005767836.1	plate25.C2.annotation	DAKCFMEO_02457
OG0002021	DC3000_protein_12_2025	WP_005767839.1	plate25.C2.annotation	DAKCFMEO_02459
OG0002022	DC3000_protein_12_2025	WP_005767841.1	plate25.C2.annotation	DAKCFMEO_02460
OG0002023	DC3000_protein_12_2025	WP_005767847.1	plate25.C2.annotation	DAKCFMEO_02464
OG0002024	DC3000_protein_12_2025	WP_005767853.1	plate25.C2.annotation	DAKCFMEO_02467
OG0002025	DC3000_protein_12_2025	WP_005767873.1	plate25.C2.annotation	DAKCFMEO_02798
OG0002026	DC3000_protein_12_2025	WP_005767875.1	plate25.C2.annotation	DAKCFMEO_02801
OG0002027	DC3000_protein_12_2025	WP_005767882.1	plate25.C2.annotation	DAKCFMEO_02805
OG0002028	DC3000_protein_12_2025	WP_005767884.1	plate25.C2.annotation	DAKCFMEO_02806
OG0002029	DC3000_protein_12_2025	WP_005767887.1	plate25.C2.annotation	DAKCFMEO_02808
OG0002030	DC3000_protein_12_2025	WP_005767891.1	plate25.C2.annotation	DAKCFMEO_02811
OG0002031	DC3000_protein_12_2025	WP_005767895.1	plate25.C2.annotation	DAKCFMEO_02813
OG0002032	DC3000_protein_12_2025	WP_005768018.1	plate25.C2.annotation	DAKCFMEO_02827
OG0002033	DC3000_protein_12_2025	WP_005768022.1	plate25.C2.annotation	DAKCFMEO_02829
OG0002034	DC3000_protein_12_2025	WP_005768024.1	plate25.C2.annotation	DAKCFMEO_02830
OG0002035	DC3000_protein_12_2025	WP_005768026.1	plate25.C2.annotation	DAKCFMEO_02831
OG0002036	DC3000_protein_12_2025	WP_005768037.1	plate25.C2.annotation	DAKCFMEO_02835
OG0002037	DC3000_protein_12_2025	WP_005768044.1	plate25.C2.annotation	DAKCFMEO_02843
OG0002038	DC3000_protein_12_2025	WP_005768050.1	plate25.C2.annotation	DAKCFMEO_02846
OG0002039	DC3000_protein_12_2025	WP_005768051.1	plate25.C2.annotation	DAKCFMEO_02847
OG0002040	DC3000_protein_12_2025	WP_005768067.1	plate25.C2.annotation	DAKCFMEO_02856
OG0002041	DC3000_protein_12_2025	WP_005768068.1	plate25.C2.annotation	DAKCFMEO_02857
OG0002042	DC3000_protein_12_2025	WP_005768135.1	plate25.C2.annotation	DAKCFMEO_04067
OG0002043	DC3000_protein_12_2025	WP_005768136.1	plate25.C2.annotation	DAKCFMEO_04798
OG0002044	DC3000_protein_12_2025	WP_005768137.1	plate25.C2.annotation	DAKCFMEO_02222
OG0002045	DC3000_protein_12_2025	WP_005768138.1	plate25.C2.annotation	DAKCFMEO_02224
OG0002046	DC3000_protein_12_2025	WP_005768141.1	plate25.C2.annotation	DAKCFMEO_02228
OG0002047	DC3000_protein_12_2025	WP_005768142.1	plate25.C2.annotation	DAKCFMEO_02229
OG0002048	DC3000_protein_12_2025	WP_005768143.1	plate25.C2.annotation	DAKCFMEO_02230
OG0002049	DC3000_protein_12_2025	WP_005768144.1	plate25.C2.annotation	DAKCFMEO_02232
OG0002050	DC3000_protein_12_2025	WP_005768145.1	plate25.C2.annotation	DAKCFMEO_02233
OG0002051	DC3000_protein_12_2025	WP_005768148.1	plate25.C2.annotation	DAKCFMEO_02235
OG0002052	DC3000_protein_12_2025	WP_005768150.1	plate25.C2.annotation	DAKCFMEO_02236
OG0002053	DC3000_protein_12_2025	WP_005768154.1	plate25.C2.annotation	DAKCFMEO_02238
OG0002054	DC3000_protein_12_2025	WP_005768167.1	plate25.C2.annotation	DAKCFMEO_01308
OG0002055	DC3000_protein_12_2025	WP_005768180.1	plate25.C2.annotation	DAKCFMEO_01303
OG0002056	DC3000_protein_12_2025	WP_005768190.1	plate25.C2.annotation	DAKCFMEO_01300
OG0002057	DC3000_protein_12_2025	WP_005768197.1	plate25.C2.annotation	DAKCFMEO_01298
OG0002058	DC3000_protein_12_2025	WP_005768224.1	plate25.C2.annotation	DAKCFMEO_01267
OG0002059	DC3000_protein_12_2025	WP_005768226.1	plate25.C2.annotation	DAKCFMEO_01265
OG0002060	DC3000_protein_12_2025	WP_005768230.1	plate25.C2.annotation	DAKCFMEO_01262
OG0002061	DC3000_protein_12_2025	WP_005768286.1	plate25.C2.annotation	DAKCFMEO_01213
OG0002062	DC3000_protein_12_2025	WP_005768300.1	plate25.C2.annotation	DAKCFMEO_01205
OG0002063	DC3000_protein_12_2025	WP_005768304.1	plate25.C2.annotation	DAKCFMEO_01203
OG0002064	DC3000_protein_12_2025	WP_005768306.1	plate25.C2.annotation	DAKCFMEO_01201
OG0002065	DC3000_protein_12_2025	WP_005768307.1	plate25.C2.annotation	DAKCFMEO_01198
OG0002066	DC3000_protein_12_2025	WP_005768309.1	plate25.C2.annotation	DAKCFMEO_01196
OG0002067	DC3000_protein_12_2025	WP_005768313.1	plate25.C2.annotation	DAKCFMEO_01551
OG0002068	DC3000_protein_12_2025	WP_005768314.1	plate25.C2.annotation	DAKCFMEO_01553
OG0002069	DC3000_protein_12_2025	WP_005768318.1	plate25.C2.annotation	DAKCFMEO_01555
OG0002070	DC3000_protein_12_2025	WP_005768321.1	plate25.C2.annotation	DAKCFMEO_01558
OG0002071	DC3000_protein_12_2025	WP_005768325.1	plate25.C2.annotation	DAKCFMEO_01559
OG0002072	DC3000_protein_12_2025	WP_005768326.1	plate25.C2.annotation	DAKCFMEO_01560
OG0002073	DC3000_protein_12_2025	WP_005768334.1	plate25.C2.annotation	DAKCFMEO_01567
OG0002074	DC3000_protein_12_2025	WP_005768341.1	plate25.C2.annotation	DAKCFMEO_01572
OG0002075	DC3000_protein_12_2025	WP_005768354.1	plate25.C2.annotation	DAKCFMEO_01581
OG0002076	DC3000_protein_12_2025	WP_005768357.1	plate25.C2.annotation	DAKCFMEO_01582
OG0002077	DC3000_protein_12_2025	WP_005768363.1	plate25.C2.annotation	DAKCFMEO_01587
OG0002078	DC3000_protein_12_2025	WP_005768392.1	plate25.C2.annotation	DAKCFMEO_01607
OG0002079	DC3000_protein_12_2025	WP_005768393.1	plate25.C2.annotation	DAKCFMEO_01608
OG0002080	DC3000_protein_12_2025	WP_005768419.1	plate25.C2.annotation	DAKCFMEO_01960
OG0002081	DC3000_protein_12_2025	WP_005768422.1	plate25.C2.annotation	DAKCFMEO_01958
OG0002082	DC3000_protein_12_2025	WP_005768425.1	plate25.C2.annotation	DAKCFMEO_01957
OG0002083	DC3000_protein_12_2025	WP_005768431.1	plate25.C2.annotation	DAKCFMEO_01948
OG0002084	DC3000_protein_12_2025	WP_005768434.1	plate25.C2.annotation	DAKCFMEO_01946
OG0002085	DC3000_protein_12_2025	WP_005768435.1	plate25.C2.annotation	DAKCFMEO_01945
OG0002086	DC3000_protein_12_2025	WP_005768437.1	plate25.C2.annotation	DAKCFMEO_02213
OG0002087	DC3000_protein_12_2025	WP_005768460.1	plate25.C2.annotation	DAKCFMEO_02193
OG0002088	DC3000_protein_12_2025	WP_005768489.1	plate25.C2.annotation	DAKCFMEO_01995
OG0002089	DC3000_protein_12_2025	WP_005768491.1	plate25.C2.annotation	DAKCFMEO_01923
OG0002090	DC3000_protein_12_2025	WP_005768492.1	plate25.C2.annotation	DAKCFMEO_01922
OG0002091	DC3000_protein_12_2025	WP_005768497.1	plate25.C2.annotation	DAKCFMEO_01919
OG0002092	DC3000_protein_12_2025	WP_005768510.1	plate25.C2.annotation	DAKCFMEO_01913
OG0002093	DC3000_protein_12_2025	WP_005768511.1	plate25.C2.annotation	DAKCFMEO_01912
OG0002094	DC3000_protein_12_2025	WP_005768513.1	plate25.C2.annotation	DAKCFMEO_01911
OG0002095	DC3000_protein_12_2025	WP_005768515.1	plate25.C2.annotation	DAKCFMEO_01908
OG0002096	DC3000_protein_12_2025	WP_005768530.1	plate25.C2.annotation	DAKCFMEO_01906
OG0002097	DC3000_protein_12_2025	WP_005768580.1	plate25.C2.annotation	DAKCFMEO_00377
OG0002098	DC3000_protein_12_2025	WP_005768585.1	plate25.C2.annotation	DAKCFMEO_00372
OG0002099	DC3000_protein_12_2025	WP_005768589.1	plate25.C2.annotation	DAKCFMEO_00369
OG0002100	DC3000_protein_12_2025	WP_005768596.1	plate25.C2.annotation	DAKCFMEO_00364
OG0002101	DC3000_protein_12_2025	WP_005768608.1	plate25.C2.annotation	DAKCFMEO_00347
OG0002102	DC3000_protein_12_2025	WP_005768620.1	plate25.C2.annotation	DAKCFMEO_00339
OG0002103	DC3000_protein_12_2025	WP_005768622.1	plate25.C2.annotation	DAKCFMEO_00338
OG0002104	DC3000_protein_12_2025	WP_005768625.1	plate25.C2.annotation	DAKCFMEO_00337
OG0002105	DC3000_protein_12_2025	WP_005768657.1	plate25.C2.annotation	DAKCFMEO_00313
OG0002106	DC3000_protein_12_2025	WP_005768668.1	plate25.C2.annotation	DAKCFMEO_00309
OG0002107	DC3000_protein_12_2025	WP_005768670.1	plate25.C2.annotation	DAKCFMEO_00308
OG0002108	DC3000_protein_12_2025	WP_005768677.1	plate25.C2.annotation	DAKCFMEO_00303
OG0002109	DC3000_protein_12_2025	WP_005768681.1	plate25.C2.annotation	DAKCFMEO_00296
OG0002110	DC3000_protein_12_2025	WP_005768685.1	plate25.C2.annotation	DAKCFMEO_00294
OG0002111	DC3000_protein_12_2025	WP_005768695.1	plate25.C2.annotation	DAKCFMEO_00289
OG0002112	DC3000_protein_12_2025	WP_005768700.1	plate25.C2.annotation	DAKCFMEO_00286
OG0002113	DC3000_protein_12_2025	WP_005768735.1	plate25.C2.annotation	DAKCFMEO_02777
OG0002114	DC3000_protein_12_2025	WP_005768738.1	plate25.C2.annotation	DAKCFMEO_02780
OG0002115	DC3000_protein_12_2025	WP_005768743.1	plate25.C2.annotation	DAKCFMEO_02785
OG0002116	DC3000_protein_12_2025	WP_005768750.1	plate25.C2.annotation	DAKCFMEO_02788
OG0002117	DC3000_protein_12_2025	WP_005768752.1	plate25.C2.annotation	DAKCFMEO_02789
OG0002118	DC3000_protein_12_2025	WP_005768760.1	plate25.C2.annotation	DAKCFMEO_02794
OG0002119	DC3000_protein_12_2025	WP_005768796.1	plate25.C2.annotation	DAKCFMEO_03397
OG0002120	DC3000_protein_12_2025	WP_005768797.1	plate25.C2.annotation	DAKCFMEO_03399
OG0002121	DC3000_protein_12_2025	WP_005768799.1	plate25.C2.annotation	DAKCFMEO_03400
OG0002122	DC3000_protein_12_2025	WP_005768804.1	plate25.C2.annotation	DAKCFMEO_03405
OG0002123	DC3000_protein_12_2025	WP_005768806.1	plate25.C2.annotation	DAKCFMEO_03408
OG0002124	DC3000_protein_12_2025	WP_005768811.1	plate25.C2.annotation	DAKCFMEO_03411
OG0002125	DC3000_protein_12_2025	WP_005768815.1	plate25.C2.annotation	DAKCFMEO_03413
OG0002126	DC3000_protein_12_2025	WP_005768817.1	plate25.C2.annotation	DAKCFMEO_03414
OG0002127	DC3000_protein_12_2025	WP_005768818.1	plate25.C2.annotation	DAKCFMEO_03415
OG0002128	DC3000_protein_12_2025	WP_005768820.1	plate25.C2.annotation	DAKCFMEO_03416
OG0002129	DC3000_protein_12_2025	WP_005768822.1	plate25.C2.annotation	DAKCFMEO_03418
OG0002130	DC3000_protein_12_2025	WP_005768824.1	plate25.C2.annotation	DAKCFMEO_03419
OG0002131	DC3000_protein_12_2025	WP_005768828.1	plate25.C2.annotation	DAKCFMEO_03421
OG0002132	DC3000_protein_12_2025	WP_005768830.1	plate25.C2.annotation	DAKCFMEO_03422
OG0002133	DC3000_protein_12_2025	WP_005768832.1	plate25.C2.annotation	DAKCFMEO_03423
OG0002134	DC3000_protein_12_2025	WP_005768836.1	plate25.C2.annotation	DAKCFMEO_03425
OG0002135	DC3000_protein_12_2025	WP_005768839.1	plate25.C2.annotation	DAKCFMEO_03427
OG0002136	DC3000_protein_12_2025	WP_005768840.1	plate25.C2.annotation	DAKCFMEO_03428
OG0002137	DC3000_protein_12_2025	WP_005768843.1	plate25.C2.annotation	DAKCFMEO_03429
OG0002138	DC3000_protein_12_2025	WP_005768852.1	plate25.C2.annotation	DAKCFMEO_03433
OG0002139	DC3000_protein_12_2025	WP_005768855.1	plate25.C2.annotation	DAKCFMEO_03434
OG0002140	DC3000_protein_12_2025	WP_005768866.1	plate25.C2.annotation	DAKCFMEO_03440
OG0002141	DC3000_protein_12_2025	WP_005768868.1	plate25.C2.annotation	DAKCFMEO_03441
OG0002142	DC3000_protein_12_2025	WP_005768871.1	plate25.C2.annotation	DAKCFMEO_03444
OG0002143	DC3000_protein_12_2025	WP_005768873.1	plate25.C2.annotation	DAKCFMEO_03446
OG0002144	DC3000_protein_12_2025	WP_005768914.1	plate25.C2.annotation	DAKCFMEO_03488
OG0002145	DC3000_protein_12_2025	WP_005768916.1	plate25.C2.annotation	DAKCFMEO_03489
OG0002146	DC3000_protein_12_2025	WP_005768918.1	plate25.C2.annotation	DAKCFMEO_03494
OG0002147	DC3000_protein_12_2025	WP_005768921.1	plate25.C2.annotation	DAKCFMEO_03499
OG0002148	DC3000_protein_12_2025	WP_005768927.1	plate25.C2.annotation	DAKCFMEO_03504
OG0002149	DC3000_protein_12_2025	WP_005768935.1	plate25.C2.annotation	DAKCFMEO_03519
OG0002150	DC3000_protein_12_2025	WP_005768939.1	plate25.C2.annotation	DAKCFMEO_03522
OG0002151	DC3000_protein_12_2025	WP_005768946.1	plate25.C2.annotation	DAKCFMEO_03535
OG0002152	DC3000_protein_12_2025	WP_005768949.1	plate25.C2.annotation	DAKCFMEO_03536
OG0002153	DC3000_protein_12_2025	WP_005768957.1	plate25.C2.annotation	DAKCFMEO_03540
OG0002154	DC3000_protein_12_2025	WP_005768959.1	plate25.C2.annotation	DAKCFMEO_03541
OG0002155	DC3000_protein_12_2025	WP_005768960.1	plate25.C2.annotation	DAKCFMEO_03542
OG0002156	DC3000_protein_12_2025	WP_005768962.1	plate25.C2.annotation	DAKCFMEO_03543
OG0002157	DC3000_protein_12_2025	WP_005768991.1	plate25.C2.annotation	DAKCFMEO_03550
OG0002158	DC3000_protein_12_2025	WP_005768994.1	plate25.C2.annotation	DAKCFMEO_03552
OG0002159	DC3000_protein_12_2025	WP_005768999.1	plate25.C2.annotation	DAKCFMEO_03556
OG0002160	DC3000_protein_12_2025	WP_005769001.1	plate25.C2.annotation	DAKCFMEO_03557
OG0002161	DC3000_protein_12_2025	WP_005769004.1	plate25.C2.annotation	DAKCFMEO_03558
OG0002162	DC3000_protein_12_2025	WP_005769006.1	plate25.C2.annotation	DAKCFMEO_03559
OG0002163	DC3000_protein_12_2025	WP_005769010.1	plate25.C2.annotation	DAKCFMEO_03562
OG0002164	DC3000_protein_12_2025	WP_005769026.1	plate25.C2.annotation	DAKCFMEO_03574
OG0002166	DC3000_protein_12_2025	WP_005769073.1	plate25.C2.annotation	DAKCFMEO_04278
OG0002167	DC3000_protein_12_2025	WP_005769084.1	plate25.C2.annotation	DAKCFMEO_04283
OG0002168	DC3000_protein_12_2025	WP_005769102.1	plate25.C2.annotation	DAKCFMEO_04293
OG0002169	DC3000_protein_12_2025	WP_005769107.1	plate25.C2.annotation	DAKCFMEO_04296
OG0002170	DC3000_protein_12_2025	WP_005769126.1	plate25.C2.annotation	DAKCFMEO_04304
OG0002171	DC3000_protein_12_2025	WP_005769128.1	plate25.C2.annotation	DAKCFMEO_04305
OG0002172	DC3000_protein_12_2025	WP_005769130.1	plate25.C2.annotation	DAKCFMEO_04306
OG0002173	DC3000_protein_12_2025	WP_005769135.1	plate25.C2.annotation	DAKCFMEO_04309
OG0002174	DC3000_protein_12_2025	WP_005769138.1	plate25.C2.annotation	DAKCFMEO_04310
OG0002175	DC3000_protein_12_2025	WP_005769148.1	plate25.C2.annotation	DAKCFMEO_04315
OG0002176	DC3000_protein_12_2025	WP_005769151.1	plate25.C2.annotation	DAKCFMEO_04316
OG0002177	DC3000_protein_12_2025	WP_005769188.1	plate25.C2.annotation	DAKCFMEO_04334
OG0002178	DC3000_protein_12_2025	WP_005769192.1	plate25.C2.annotation	DAKCFMEO_04337
OG0002179	DC3000_protein_12_2025	WP_005769193.1	plate25.C2.annotation	DAKCFMEO_04338
OG0002180	DC3000_protein_12_2025	WP_005769235.1	plate25.C2.annotation	DAKCFMEO_00597
OG0002181	DC3000_protein_12_2025	WP_005769238.1	plate25.C2.annotation	DAKCFMEO_00596
OG0002182	DC3000_protein_12_2025	WP_005769243.1	plate25.C2.annotation	DAKCFMEO_00594
OG0002183	DC3000_protein_12_2025	WP_005769256.1	plate25.C2.annotation	DAKCFMEO_00540
OG0002184	DC3000_protein_12_2025	WP_005769257.1	plate25.C2.annotation	DAKCFMEO_00538
OG0002185	DC3000_protein_12_2025	WP_005769258.1	plate25.C2.annotation	DAKCFMEO_00536
OG0002186	DC3000_protein_12_2025	WP_005769259.1	plate25.C2.annotation	DAKCFMEO_00535
OG0002187	DC3000_protein_12_2025	WP_005769261.1	plate25.C2.annotation	DAKCFMEO_00533
OG0002188	DC3000_protein_12_2025	WP_005769262.1	plate25.C2.annotation	DAKCFMEO_00531
OG0002189	DC3000_protein_12_2025	WP_005769263.1	plate25.C2.annotation	DAKCFMEO_00530
OG0002190	DC3000_protein_12_2025	WP_005769271.1	plate25.C2.annotation	DAKCFMEO_03984
OG0002191	DC3000_protein_12_2025	WP_005769277.1	plate25.C2.annotation	DAKCFMEO_00521
OG0002192	DC3000_protein_12_2025	WP_005769279.1	plate25.C2.annotation	DAKCFMEO_00520
OG0002193	DC3000_protein_12_2025	WP_005769281.1	plate25.C2.annotation	DAKCFMEO_03119
OG0002195	DC3000_protein_12_2025	WP_005769341.1	plate25.C2.annotation	DAKCFMEO_01784
OG0002196	DC3000_protein_12_2025	WP_005769363.1	plate25.C2.annotation	DAKCFMEO_01807
OG0002197	DC3000_protein_12_2025	WP_005769371.1	plate25.C2.annotation	DAKCFMEO_04761
OG0002198	DC3000_protein_12_2025	WP_005769381.1	plate25.C2.annotation	DAKCFMEO_04766
OG0002199	DC3000_protein_12_2025	WP_005769384.1	plate25.C2.annotation	DAKCFMEO_04768
OG0002200	DC3000_protein_12_2025	WP_005769400.1	plate25.C2.annotation	DAKCFMEO_04776
OG0002201	DC3000_protein_12_2025	WP_005769407.1	plate25.C2.annotation	DAKCFMEO_04997
OG0002202	DC3000_protein_12_2025	WP_005769417.1	plate25.C2.annotation	DAKCFMEO_05005
OG0002203	DC3000_protein_12_2025	WP_005769424.1	plate25.C2.annotation	DAKCFMEO_05010
OG0002204	DC3000_protein_12_2025	WP_005769426.1	plate25.C2.annotation	DAKCFMEO_05011
OG0002205	DC3000_protein_12_2025	WP_005769432.1	plate25.C2.annotation	DAKCFMEO_05014
OG0002206	DC3000_protein_12_2025	WP_005769461.1	plate25.C2.annotation	DAKCFMEO_02216
OG0002207	DC3000_protein_12_2025	WP_005769463.1	plate25.C2.annotation	DAKCFMEO_02215
OG0002208	DC3000_protein_12_2025	WP_005769469.1	plate25.C2.annotation	DAKCFMEO_01938
OG0002209	DC3000_protein_12_2025	WP_005769473.1	plate25.C2.annotation	DAKCFMEO_01936
OG0002210	DC3000_protein_12_2025	WP_005769477.1	plate25.C2.annotation	DAKCFMEO_01934
OG0002211	DC3000_protein_12_2025	WP_005769478.1	plate25.C2.annotation	DAKCFMEO_01932
OG0002212	DC3000_protein_12_2025	WP_005769504.1	plate25.C2.annotation	DAKCFMEO_01879
OG0002213	DC3000_protein_12_2025	WP_005769514.1	plate25.C2.annotation	DAKCFMEO_01873
OG0002214	DC3000_protein_12_2025	WP_005769516.1	plate25.C2.annotation	DAKCFMEO_01872
OG0002215	DC3000_protein_12_2025	WP_005769528.1	plate25.C2.annotation	DAKCFMEO_01865
OG0002216	DC3000_protein_12_2025	WP_005769531.1	plate25.C2.annotation	DAKCFMEO_01864
OG0002217	DC3000_protein_12_2025	WP_005769534.1	plate25.C2.annotation	DAKCFMEO_01861
OG0002218	DC3000_protein_12_2025	WP_005769538.1	plate25.C2.annotation	DAKCFMEO_01859
OG0002219	DC3000_protein_12_2025	WP_005769539.1	plate25.C2.annotation	DAKCFMEO_01858
OG0002220	DC3000_protein_12_2025	WP_005769547.1	plate25.C2.annotation	DAKCFMEO_01856
OG0002221	DC3000_protein_12_2025	WP_005769553.1	plate25.C2.annotation	DAKCFMEO_01854
OG0002222	DC3000_protein_12_2025	WP_005769555.1	plate25.C2.annotation	DAKCFMEO_01849
OG0002223	DC3000_protein_12_2025	WP_005769563.1	plate25.C2.annotation	DAKCFMEO_01844
OG0002224	DC3000_protein_12_2025	WP_005769565.1	plate25.C2.annotation	DAKCFMEO_01841
OG0002225	DC3000_protein_12_2025	WP_005769567.1	plate25.C2.annotation	DAKCFMEO_01840
OG0002226	DC3000_protein_12_2025	WP_005769579.1	plate25.C2.annotation	DAKCFMEO_01829
OG0002227	DC3000_protein_12_2025	WP_005769583.1	plate25.C2.annotation	DAKCFMEO_01827
OG0002228	DC3000_protein_12_2025	WP_005769602.1	plate25.C2.annotation	DAKCFMEO_00662
OG0002229	DC3000_protein_12_2025	WP_005769608.1	plate25.C2.annotation	DAKCFMEO_00660
OG0002230	DC3000_protein_12_2025	WP_005769610.1	plate25.C2.annotation	DAKCFMEO_00659
OG0002231	DC3000_protein_12_2025	WP_005769613.1	plate25.C2.annotation	DAKCFMEO_00657
OG0002232	DC3000_protein_12_2025	WP_005769615.1	plate25.C2.annotation	DAKCFMEO_00655
OG0002233	DC3000_protein_12_2025	WP_005769616.1	plate25.C2.annotation	DAKCFMEO_00654
OG0002234	DC3000_protein_12_2025	WP_005769618.1	plate25.C2.annotation	DAKCFMEO_00652
OG0002235	DC3000_protein_12_2025	WP_005769620.1	plate25.C2.annotation	DAKCFMEO_05241
OG0002236	DC3000_protein_12_2025	WP_005769624.1	plate25.C2.annotation	DAKCFMEO_00648
OG0002237	DC3000_protein_12_2025	WP_005769626.1	plate25.C2.annotation	DAKCFMEO_00647
OG0002238	DC3000_protein_12_2025	WP_005769628.1	plate25.C2.annotation	DAKCFMEO_00645
OG0002239	DC3000_protein_12_2025	WP_005769631.1	plate25.C2.annotation	DAKCFMEO_00642
OG0002240	DC3000_protein_12_2025	WP_005769634.1	plate25.C2.annotation	DAKCFMEO_00641
OG0002241	DC3000_protein_12_2025	WP_005769636.1	plate25.C2.annotation	DAKCFMEO_00640
OG0002242	DC3000_protein_12_2025	WP_005769643.1	plate25.C2.annotation	DAKCFMEO_00636
OG0002243	DC3000_protein_12_2025	WP_005769647.1	plate25.C2.annotation	DAKCFMEO_00634
OG0002244	DC3000_protein_12_2025	WP_005769649.1	plate25.C2.annotation	DAKCFMEO_00633
OG0002245	DC3000_protein_12_2025	WP_005769651.1	plate25.C2.annotation	DAKCFMEO_00632
OG0002246	DC3000_protein_12_2025	WP_005769653.1	plate25.C2.annotation	DAKCFMEO_00631
OG0002247	DC3000_protein_12_2025	WP_005769658.1	plate25.C2.annotation	DAKCFMEO_00628
OG0002248	DC3000_protein_12_2025	WP_005769662.1	plate25.C2.annotation	DAKCFMEO_00623
OG0002249	DC3000_protein_12_2025	WP_005769669.1	plate25.C2.annotation	DAKCFMEO_00617
OG0002250	DC3000_protein_12_2025	WP_005769670.1	plate25.C2.annotation	DAKCFMEO_00616
OG0002251	DC3000_protein_12_2025	WP_005769671.1	plate25.C2.annotation	DAKCFMEO_00615
OG0002252	DC3000_protein_12_2025	WP_005769676.1	plate25.C2.annotation	DAKCFMEO_02715
OG0002253	DC3000_protein_12_2025	WP_005769679.1	plate25.C2.annotation	DAKCFMEO_02713
OG0002254	DC3000_protein_12_2025	WP_005769683.1	plate25.C2.annotation	DAKCFMEO_02711
OG0002258	DC3000_protein_12_2025	WP_005769867.1	plate25.C2.annotation	DAKCFMEO_05261
OG0002259	DC3000_protein_12_2025	WP_005769869.1	plate25.C2.annotation	DAKCFMEO_05260
OG0002260	DC3000_protein_12_2025	WP_005769871.1	plate25.C2.annotation	DAKCFMEO_05259
OG0002261	DC3000_protein_12_2025	WP_005769873.1	plate25.C2.annotation	DAKCFMEO_05258
OG0002262	DC3000_protein_12_2025	WP_005769875.1	plate25.C2.annotation	DAKCFMEO_05257
OG0002263	DC3000_protein_12_2025	WP_005769877.1	plate25.C2.annotation	DAKCFMEO_05256
OG0002264	DC3000_protein_12_2025	WP_005769977.1	plate25.C2.annotation	DAKCFMEO_01788
OG0002265	DC3000_protein_12_2025	WP_005769982.1	plate25.C2.annotation	DAKCFMEO_00253
OG0002266	DC3000_protein_12_2025	WP_005769995.1	plate25.C2.annotation	DAKCFMEO_02889
OG0002267	DC3000_protein_12_2025	WP_005769998.1	plate25.C2.annotation	DAKCFMEO_02888
OG0002268	DC3000_protein_12_2025	WP_005770000.1	plate25.C2.annotation	DAKCFMEO_02887
OG0002269	DC3000_protein_12_2025	WP_005770005.1	plate25.C2.annotation	DAKCFMEO_02885
OG0002270	DC3000_protein_12_2025	WP_005770009.1	plate25.C2.annotation	DAKCFMEO_02883
OG0002271	DC3000_protein_12_2025	WP_005770011.1	plate25.C2.annotation	DAKCFMEO_02881
OG0002272	DC3000_protein_12_2025	WP_005770014.1	plate25.C2.annotation	DAKCFMEO_00509
OG0002273	DC3000_protein_12_2025	WP_005770015.1	plate25.C2.annotation	DAKCFMEO_03003
OG0002274	DC3000_protein_12_2025	WP_005770017.1	plate25.C2.annotation	DAKCFMEO_00505
OG0002275	DC3000_protein_12_2025	WP_005770019.1	plate25.C2.annotation	DAKCFMEO_00504
OG0002276	DC3000_protein_12_2025	WP_005770041.1	plate25.C2.annotation	DAKCFMEO_03704
OG0002277	DC3000_protein_12_2025	WP_005770069.1	plate25.C2.annotation	DAKCFMEO_03684
OG0002278	DC3000_protein_12_2025	WP_005770077.1	plate25.C2.annotation	DAKCFMEO_03680
OG0002279	DC3000_protein_12_2025	WP_005770079.1	plate25.C2.annotation	DAKCFMEO_03679
OG0002280	DC3000_protein_12_2025	WP_005770081.1	plate25.C2.annotation	DAKCFMEO_03678
OG0002281	DC3000_protein_12_2025	WP_005770085.1	plate25.C2.annotation	DAKCFMEO_03676
OG0002282	DC3000_protein_12_2025	WP_005770090.1	plate25.C2.annotation	DAKCFMEO_03673
OG0002283	DC3000_protein_12_2025	WP_005770099.1	plate25.C2.annotation	DAKCFMEO_03668
OG0002284	DC3000_protein_12_2025	WP_005770108.1	plate25.C2.annotation	DAKCFMEO_03597
OG0002285	DC3000_protein_12_2025	WP_005770109.1	plate25.C2.annotation	DAKCFMEO_03596
OG0002286	DC3000_protein_12_2025	WP_005770111.1	plate25.C2.annotation	DAKCFMEO_03595
OG0002287	DC3000_protein_12_2025	WP_005770114.1	plate25.C2.annotation	DAKCFMEO_03594
OG0002288	DC3000_protein_12_2025	WP_005770116.1	plate25.C2.annotation	DAKCFMEO_03593
OG0002289	DC3000_protein_12_2025	WP_005770118.1	plate25.C2.annotation	DAKCFMEO_03592
OG0002290	DC3000_protein_12_2025	WP_005770120.1	plate25.C2.annotation	DAKCFMEO_03590
OG0002291	DC3000_protein_12_2025	WP_005770129.1	plate25.C2.annotation	DAKCFMEO_03587
OG0002292	DC3000_protein_12_2025	WP_005770132.1	plate25.C2.annotation	DAKCFMEO_03585
OG0002293	DC3000_protein_12_2025	WP_005770134.1	plate25.C2.annotation	DAKCFMEO_03582
OG0002294	DC3000_protein_12_2025	WP_005770159.1	plate25.C2.annotation	DAKCFMEO_00553
OG0002295	DC3000_protein_12_2025	WP_005770161.1	plate25.C2.annotation	DAKCFMEO_00554
OG0002296	DC3000_protein_12_2025	WP_005770183.1	plate25.C2.annotation	DAKCFMEO_00559
OG0002297	DC3000_protein_12_2025	WP_005770185.1	plate25.C2.annotation	DAKCFMEO_00561
OG0002298	DC3000_protein_12_2025	WP_005770186.1	plate25.C2.annotation	DAKCFMEO_00562
OG0002299	DC3000_protein_12_2025	WP_005770187.1	plate25.C2.annotation	DAKCFMEO_00563
OG0002300	DC3000_protein_12_2025	WP_005770190.1	plate25.C2.annotation	DAKCFMEO_00566
OG0002301	DC3000_protein_12_2025	WP_005770191.1	plate25.C2.annotation	DAKCFMEO_00567
OG0002302	DC3000_protein_12_2025	WP_005770220.1	plate25.C2.annotation	DAKCFMEO_00576
OG0002303	DC3000_protein_12_2025	WP_005770225.1	plate25.C2.annotation	DAKCFMEO_00578
OG0002304	DC3000_protein_12_2025	WP_005770235.1	plate25.C2.annotation	DAKCFMEO_00583
OG0002305	DC3000_protein_12_2025	WP_005770243.1	plate25.C2.annotation	DAKCFMEO_04789
OG0002306	DC3000_protein_12_2025	WP_005770245.1	plate25.C2.annotation	DAKCFMEO_04790
OG0002307	DC3000_protein_12_2025	WP_005770293.1	plate25.C2.annotation	DAKCFMEO_01005
OG0002308	DC3000_protein_12_2025	WP_005770316.1	plate25.C2.annotation	DAKCFMEO_00834
OG0002309	DC3000_protein_12_2025	WP_005770393.1	plate25.C2.annotation	DAKCFMEO_04171
OG0002310	DC3000_protein_12_2025	WP_005770403.1	plate25.C2.annotation	DAKCFMEO_04163
OG0002311	DC3000_protein_12_2025	WP_005770416.1	plate25.C2.annotation	DAKCFMEO_04154
OG0002312	DC3000_protein_12_2025	WP_005770425.1	plate25.C2.annotation	DAKCFMEO_04148
OG0002313	DC3000_protein_12_2025	WP_005770431.1	plate25.C2.annotation	DAKCFMEO_04141
OG0002314	DC3000_protein_12_2025	WP_005770433.1	plate25.C2.annotation	DAKCFMEO_04140
OG0002315	DC3000_protein_12_2025	WP_005770435.1	plate25.C2.annotation	DAKCFMEO_04139
OG0002316	DC3000_protein_12_2025	WP_005770437.1	plate25.C2.annotation	DAKCFMEO_04138
OG0002317	DC3000_protein_12_2025	WP_005770439.1	plate25.C2.annotation	DAKCFMEO_04134
OG0002318	DC3000_protein_12_2025	WP_005770446.1	plate25.C2.annotation	DAKCFMEO_04132
OG0002319	DC3000_protein_12_2025	WP_005770450.1	plate25.C2.annotation	DAKCFMEO_04131
OG0002320	DC3000_protein_12_2025	WP_005770452.1	plate25.C2.annotation	DAKCFMEO_04130
OG0002321	DC3000_protein_12_2025	WP_005770454.1	plate25.C2.annotation	DAKCFMEO_04129
OG0002322	DC3000_protein_12_2025	WP_005770456.1	plate25.C2.annotation	DAKCFMEO_04128
OG0002323	DC3000_protein_12_2025	WP_005770458.1	plate25.C2.annotation	DAKCFMEO_04127
OG0002324	DC3000_protein_12_2025	WP_005770460.1	plate25.C2.annotation	DAKCFMEO_04126
OG0002325	DC3000_protein_12_2025	WP_005770464.1	plate25.C2.annotation	DAKCFMEO_04183
OG0002326	DC3000_protein_12_2025	WP_005770465.1	plate25.C2.annotation	DAKCFMEO_04184
OG0002327	DC3000_protein_12_2025	WP_005770467.1	plate25.C2.annotation	DAKCFMEO_04185
OG0002328	DC3000_protein_12_2025	WP_005770474.1	plate25.C2.annotation	DAKCFMEO_04190
OG0002329	DC3000_protein_12_2025	WP_005770490.1	plate25.C2.annotation	DAKCFMEO_01644
OG0002330	DC3000_protein_12_2025	WP_005770492.1	plate25.C2.annotation	DAKCFMEO_01645
OG0002331	DC3000_protein_12_2025	WP_005770496.1	plate25.C2.annotation	DAKCFMEO_01649
OG0002332	DC3000_protein_12_2025	WP_005770497.1	plate25.C2.annotation	DAKCFMEO_01650
OG0002333	DC3000_protein_12_2025	WP_005770507.1	plate25.C2.annotation	DAKCFMEO_01659
OG0002334	DC3000_protein_12_2025	WP_005770519.1	plate25.C2.annotation	DAKCFMEO_01667
OG0002335	DC3000_protein_12_2025	WP_005770545.1	plate25.C2.annotation	DAKCFMEO_00481
OG0002336	DC3000_protein_12_2025	WP_005770547.1	plate25.C2.annotation	DAKCFMEO_00482
OG0002337	DC3000_protein_12_2025	WP_005770558.1	plate25.C2.annotation	DAKCFMEO_00489
OG0002338	DC3000_protein_12_2025	WP_005770562.1	plate25.C2.annotation	DAKCFMEO_00491
OG0002339	DC3000_protein_12_2025	WP_005770566.1	plate25.C2.annotation	DAKCFMEO_00493
OG0002340	DC3000_protein_12_2025	WP_005770572.1	plate25.C2.annotation	DAKCFMEO_00496
OG0002341	DC3000_protein_12_2025	WP_005770586.1	plate25.C2.annotation	DAKCFMEO_04270
OG0002342	DC3000_protein_12_2025	WP_005770588.1	plate25.C2.annotation	DAKCFMEO_04268
OG0002343	DC3000_protein_12_2025	WP_005770594.1	plate25.C2.annotation	DAKCFMEO_04265
OG0002344	DC3000_protein_12_2025	WP_005770596.1	plate25.C2.annotation	DAKCFMEO_04263
OG0002345	DC3000_protein_12_2025	WP_005770603.1	plate25.C2.annotation	DAKCFMEO_04258
OG0002346	DC3000_protein_12_2025	WP_005770607.1	plate25.C2.annotation	DAKCFMEO_04257
OG0002347	DC3000_protein_12_2025	WP_005770613.1	plate25.C2.annotation	DAKCFMEO_04254
OG0002348	DC3000_protein_12_2025	WP_005770616.1	plate25.C2.annotation	DAKCFMEO_04253
OG0002349	DC3000_protein_12_2025	WP_005770618.1	plate25.C2.annotation	DAKCFMEO_04252
OG0002350	DC3000_protein_12_2025	WP_005770635.1	plate25.C2.annotation	DAKCFMEO_04242
OG0002351	DC3000_protein_12_2025	WP_005770639.1	plate25.C2.annotation	DAKCFMEO_04239
OG0002352	DC3000_protein_12_2025	WP_005770641.1	plate25.C2.annotation	DAKCFMEO_04238
OG0002353	DC3000_protein_12_2025	WP_005770642.1	plate25.C2.annotation	DAKCFMEO_04237
OG0002354	DC3000_protein_12_2025	WP_005770644.1	plate25.C2.annotation	DAKCFMEO_04235
OG0002355	DC3000_protein_12_2025	WP_005770645.1	plate25.C2.annotation	DAKCFMEO_04234
OG0002356	DC3000_protein_12_2025	WP_005770653.1	plate25.C2.annotation	DAKCFMEO_04225
OG0002357	DC3000_protein_12_2025	WP_005770654.1	plate25.C2.annotation	DAKCFMEO_04196
OG0002358	DC3000_protein_12_2025	WP_005770684.1	plate25.C2.annotation	DAKCFMEO_02695
OG0002359	DC3000_protein_12_2025	WP_005770686.1	plate25.C2.annotation	DAKCFMEO_02694
OG0002360	DC3000_protein_12_2025	WP_005770688.1	plate25.C2.annotation	DAKCFMEO_02693
OG0002361	DC3000_protein_12_2025	WP_005770693.1	plate25.C2.annotation	DAKCFMEO_02691
OG0002362	DC3000_protein_12_2025	WP_005770697.1	plate25.C2.annotation	DAKCFMEO_02689
OG0002363	DC3000_protein_12_2025	WP_005770721.1	plate25.C2.annotation	DAKCFMEO_02678
OG0002364	DC3000_protein_12_2025	WP_005770745.1	plate25.C2.annotation	DAKCFMEO_00822
OG0002365	DC3000_protein_12_2025	WP_005770751.1	plate25.C2.annotation	DAKCFMEO_04351
OG0002366	DC3000_protein_12_2025	WP_005770753.1	plate25.C2.annotation	DAKCFMEO_04352
OG0002367	DC3000_protein_12_2025	WP_005770757.1	plate25.C2.annotation	DAKCFMEO_04354
OG0002368	DC3000_protein_12_2025	WP_005770759.1	plate25.C2.annotation	DAKCFMEO_04355
OG0002369	DC3000_protein_12_2025	WP_005770766.1	plate25.C2.annotation	DAKCFMEO_04360
OG0002370	DC3000_protein_12_2025	WP_005770768.1	plate25.C2.annotation	DAKCFMEO_04362
OG0002371	DC3000_protein_12_2025	WP_005770770.1	plate25.C2.annotation	DAKCFMEO_04364
OG0002372	DC3000_protein_12_2025	WP_005770771.1	plate25.C2.annotation	DAKCFMEO_04365
OG0002373	DC3000_protein_12_2025	WP_005770773.1	plate25.C2.annotation	DAKCFMEO_04366
OG0002374	DC3000_protein_12_2025	WP_005770776.1	plate25.C2.annotation	DAKCFMEO_04368
OG0002375	DC3000_protein_12_2025	WP_005770780.1	plate25.C2.annotation	DAKCFMEO_04370
OG0002376	DC3000_protein_12_2025	WP_005770788.1	plate25.C2.annotation	DAKCFMEO_04374
OG0002377	DC3000_protein_12_2025	WP_005770811.1	plate25.C2.annotation	DAKCFMEO_01412
OG0002378	DC3000_protein_12_2025	WP_005770813.1	plate25.C2.annotation	DAKCFMEO_01411
OG0002379	DC3000_protein_12_2025	WP_005770815.1	plate25.C2.annotation	DAKCFMEO_01410
OG0002380	DC3000_protein_12_2025	WP_005770829.1	plate25.C2.annotation	DAKCFMEO_00924
OG0002381	DC3000_protein_12_2025	WP_005770839.1	plate25.C2.annotation	DAKCFMEO_00929
OG0002382	DC3000_protein_12_2025	WP_005770885.1	plate25.C2.annotation	DAKCFMEO_01066
OG0002383	DC3000_protein_12_2025	WP_005770888.1	plate25.C2.annotation	DAKCFMEO_01065
OG0002384	DC3000_protein_12_2025	WP_005770915.1	plate25.C2.annotation	DAKCFMEO_01751
OG0002385	DC3000_protein_12_2025	WP_005770938.1	plate25.C2.annotation	DAKCFMEO_01750
OG0002386	DC3000_protein_12_2025	WP_005770940.1	plate25.C2.annotation	DAKCFMEO_01748
OG0002387	DC3000_protein_12_2025	WP_005770944.1	plate25.C2.annotation	DAKCFMEO_01745
OG0002388	DC3000_protein_12_2025	WP_005770954.1	plate25.C2.annotation	DAKCFMEO_01739
OG0002389	DC3000_protein_12_2025	WP_005770966.1	plate25.C2.annotation	DAKCFMEO_01734
OG0002390	DC3000_protein_12_2025	WP_005771001.1	plate25.C2.annotation	DAKCFMEO_03366
OG0002391	DC3000_protein_12_2025	WP_005771002.1	plate25.C2.annotation	DAKCFMEO_03364
OG0002392	DC3000_protein_12_2025	WP_005771007.1	plate25.C2.annotation	DAKCFMEO_03361
OG0002393	DC3000_protein_12_2025	WP_005771009.1	plate25.C2.annotation	DAKCFMEO_03357
OG0002394	DC3000_protein_12_2025	WP_005771013.1	plate25.C2.annotation	DAKCFMEO_03353
OG0002395	DC3000_protein_12_2025	WP_005771017.1	plate25.C2.annotation	DAKCFMEO_03349
OG0002396	DC3000_protein_12_2025	WP_005771019.1	plate25.C2.annotation	DAKCFMEO_03348
OG0002397	DC3000_protein_12_2025	WP_005771021.1	plate25.C2.annotation	DAKCFMEO_03347
OG0002398	DC3000_protein_12_2025	WP_005771023.1	plate25.C2.annotation	DAKCFMEO_03345
OG0002399	DC3000_protein_12_2025	WP_005771027.1	plate25.C2.annotation	DAKCFMEO_03342
OG0002400	DC3000_protein_12_2025	WP_005771034.1	plate25.C2.annotation	DAKCFMEO_03336
OG0002401	DC3000_protein_12_2025	WP_005771039.1	plate25.C2.annotation	DAKCFMEO_03332
OG0002402	DC3000_protein_12_2025	WP_005771042.1	plate25.C2.annotation	DAKCFMEO_03329
OG0002403	DC3000_protein_12_2025	WP_005771075.1	plate25.C2.annotation	DAKCFMEO_02010
OG0002404	DC3000_protein_12_2025	WP_005771077.1	plate25.C2.annotation	DAKCFMEO_02011
OG0002405	DC3000_protein_12_2025	WP_005771123.1	plate25.C2.annotation	DAKCFMEO_02043
OG0002406	DC3000_protein_12_2025	WP_005771165.1	plate25.C2.annotation	DAKCFMEO_04707
OG0002407	DC3000_protein_12_2025	WP_005771167.1	plate25.C2.annotation	DAKCFMEO_04708
OG0002408	DC3000_protein_12_2025	WP_005771168.1	plate25.C2.annotation	DAKCFMEO_04709
OG0002409	DC3000_protein_12_2025	WP_005771169.1	plate25.C2.annotation	DAKCFMEO_04710
OG0002410	DC3000_protein_12_2025	WP_005771170.1	plate25.C2.annotation	DAKCFMEO_04711
OG0002411	DC3000_protein_12_2025	WP_005771172.1	plate25.C2.annotation	DAKCFMEO_04712
OG0002412	DC3000_protein_12_2025	WP_005771176.1	plate25.C2.annotation	DAKCFMEO_04716
OG0002413	DC3000_protein_12_2025	WP_005771178.1	plate25.C2.annotation	DAKCFMEO_04717
OG0002414	DC3000_protein_12_2025	WP_005771197.1	plate25.C2.annotation	DAKCFMEO_04734
OG0002415	DC3000_protein_12_2025	WP_005771200.1	plate25.C2.annotation	DAKCFMEO_04737
OG0002416	DC3000_protein_12_2025	WP_005771202.1	plate25.C2.annotation	DAKCFMEO_04738
OG0002417	DC3000_protein_12_2025	WP_005771203.1	plate25.C2.annotation	DAKCFMEO_04739
OG0002418	DC3000_protein_12_2025	WP_005771214.1	plate25.C2.annotation	DAKCFMEO_00860
OG0002419	DC3000_protein_12_2025	WP_005771221.1	plate25.C2.annotation	DAKCFMEO_00863
OG0002420	DC3000_protein_12_2025	WP_005771225.1	plate25.C2.annotation	DAKCFMEO_00866
OG0002421	DC3000_protein_12_2025	WP_005771227.1	plate25.C2.annotation	DAKCFMEO_00867
OG0002422	DC3000_protein_12_2025	WP_005771267.1	plate25.C2.annotation	DAKCFMEO_00906
OG0002423	DC3000_protein_12_2025	WP_005771273.1	plate25.C2.annotation	DAKCFMEO_00908
OG0002424	DC3000_protein_12_2025	WP_005771275.1	plate25.C2.annotation	DAKCFMEO_00909
OG0002425	DC3000_protein_12_2025	WP_005771282.1	plate25.C2.annotation	DAKCFMEO_00896
OG0002426	DC3000_protein_12_2025	WP_005771315.1	plate25.C2.annotation	DAKCFMEO_02641
OG0002427	DC3000_protein_12_2025	WP_005771329.1	plate25.C2.annotation	DAKCFMEO_02653
OG0002428	DC3000_protein_12_2025	WP_005771330.1	plate25.C2.annotation	DAKCFMEO_02654
OG0002429	DC3000_protein_12_2025	WP_005771334.1	plate25.C2.annotation	DAKCFMEO_02656
OG0002430	DC3000_protein_12_2025	WP_005771341.1	plate25.C2.annotation	DAKCFMEO_02662
OG0002431	DC3000_protein_12_2025	WP_005771350.1	plate25.C2.annotation	DAKCFMEO_02669
OG0002432	DC3000_protein_12_2025	WP_005771387.1	plate25.C2.annotation	DAKCFMEO_03462
OG0002433	DC3000_protein_12_2025	WP_005771389.1	plate25.C2.annotation	DAKCFMEO_03459
OG0002434	DC3000_protein_12_2025	WP_005771390.1	plate25.C2.annotation	DAKCFMEO_03458
OG0002435	DC3000_protein_12_2025	WP_005771392.1	plate25.C2.annotation	DAKCFMEO_03456
OG0002436	DC3000_protein_12_2025	WP_005771401.1	plate25.C2.annotation	DAKCFMEO_03448
OG0002437	DC3000_protein_12_2025	WP_005771478.1	plate25.C2.annotation	DAKCFMEO_01755
OG0002438	DC3000_protein_12_2025	WP_005771480.1	plate25.C2.annotation	DAKCFMEO_01756
OG0002439	DC3000_protein_12_2025	WP_005771481.1	plate25.C2.annotation	DAKCFMEO_01758
OG0002440	DC3000_protein_12_2025	WP_005771483.1	plate25.C2.annotation	DAKCFMEO_01759
OG0002441	DC3000_protein_12_2025	WP_005771491.1	plate25.C2.annotation	DAKCFMEO_01761
OG0002442	DC3000_protein_12_2025	WP_005771495.1	plate25.C2.annotation	DAKCFMEO_03468
OG0002443	DC3000_protein_12_2025	WP_005771500.1	plate25.C2.annotation	DAKCFMEO_03472
OG0002444	DC3000_protein_12_2025	WP_005771505.1	plate25.C2.annotation	DAKCFMEO_03476
OG0002445	DC3000_protein_12_2025	WP_005771507.1	plate25.C2.annotation	DAKCFMEO_03478
OG0002446	DC3000_protein_12_2025	WP_005771509.1	plate25.C2.annotation	DAKCFMEO_03480
OG0002447	DC3000_protein_12_2025	WP_005771571.1	plate25.C2.annotation	DAKCFMEO_02498
OG0002448	DC3000_protein_12_2025	WP_005771583.1	plate25.C2.annotation	DAKCFMEO_02493
OG0002449	DC3000_protein_12_2025	WP_005771596.1	plate25.C2.annotation	DAKCFMEO_02487
OG0002450	DC3000_protein_12_2025	WP_005771604.1	plate25.C2.annotation	DAKCFMEO_02483
OG0002451	DC3000_protein_12_2025	WP_005771640.1	plate25.C2.annotation	DAKCFMEO_05304
OG0002452	DC3000_protein_12_2025	WP_005771655.1	plate25.C2.annotation	DAKCFMEO_04780
OG0002453	DC3000_protein_12_2025	WP_005771663.1	plate25.C2.annotation	DAKCFMEO_00550
OG0002454	DC3000_protein_12_2025	WP_005771665.1	plate25.C2.annotation	DAKCFMEO_00552
OG0002455	DC3000_protein_12_2025	WP_005771689.1	plate25.C2.annotation	DAKCFMEO_03275
OG0002456	DC3000_protein_12_2025	WP_005771691.1	plate25.C2.annotation	DAKCFMEO_03276
OG0002457	DC3000_protein_12_2025	WP_005771787.1	plate25.C2.annotation	DAKCFMEO_04993
OG0002460	DC3000_protein_12_2025	WP_005888845.1	plate25.C2.annotation	DAKCFMEO_02050
OG0002463	DC3000_protein_12_2025	WP_007243678.1	plate25.C2.annotation	DAKCFMEO_00404
OG0002464	DC3000_protein_12_2025	WP_007243679.1	plate25.C2.annotation	DAKCFMEO_00406
OG0002465	DC3000_protein_12_2025	WP_007243690.1	plate25.C2.annotation	DAKCFMEO_00441
OG0002466	DC3000_protein_12_2025	WP_007243694.1	plate25.C2.annotation	DAKCFMEO_00454
OG0002467	DC3000_protein_12_2025	WP_007243700.1	plate25.C2.annotation	DAKCFMEO_00469
OG0002468	DC3000_protein_12_2025	WP_007243710.1	plate25.C2.annotation	DAKCFMEO_01695
OG0002469	DC3000_protein_12_2025	WP_007243715.1	plate25.C2.annotation	DAKCFMEO_01705
OG0002470	DC3000_protein_12_2025	WP_007243732.1	plate25.C2.annotation	DAKCFMEO_03719
OG0002471	DC3000_protein_12_2025	WP_007243735.1	plate25.C2.annotation	DAKCFMEO_01780
OG0002472	DC3000_protein_12_2025	WP_007243742.1	plate25.C2.annotation	DAKCFMEO_01797
OG0002473	DC3000_protein_12_2025	WP_007243753.1	plate25.C2.annotation	DAKCFMEO_04769
OG0002474	DC3000_protein_12_2025	WP_007243764.1	plate25.C2.annotation	DAKCFMEO_00547
OG0002475	DC3000_protein_12_2025	WP_007243783.1	plate25.C2.annotation	DAKCFMEO_00564
OG0002476	DC3000_protein_12_2025	WP_007243834.1	plate25.C2.annotation	DAKCFMEO_04811
OG0002477	DC3000_protein_12_2025	WP_007243836.1	plate25.C2.annotation	DAKCFMEO_04817
OG0002478	DC3000_protein_12_2025	WP_007243875.1	plate25.C2.annotation	DAKCFMEO_03924
OG0002479	DC3000_protein_12_2025	WP_007243881.1	plate25.C2.annotation	DAKCFMEO_03910
OG0002480	DC3000_protein_12_2025	WP_007243944.1	plate25.C2.annotation	DAKCFMEO_03801
OG0002481	DC3000_protein_12_2025	WP_007243977.1	plate25.C2.annotation	DAKCFMEO_03748
OG0002482	DC3000_protein_12_2025	WP_007243982.1	plate25.C2.annotation	DAKCFMEO_03743
OG0002483	DC3000_protein_12_2025	WP_007244012.1	plate25.C2.annotation	DAKCFMEO_01184
OG0002484	DC3000_protein_12_2025	WP_007244032.1	plate25.C2.annotation	DAKCFMEO_02724
OG0002485	DC3000_protein_12_2025	WP_007244063.1	plate25.C2.annotation	DAKCFMEO_02758
OG0002486	DC3000_protein_12_2025	WP_007244070.1	plate25.C2.annotation	DAKCFMEO_02768
OG0002487	DC3000_protein_12_2025	WP_007244073.1	plate25.C2.annotation	DAKCFMEO_02771
OG0002488	DC3000_protein_12_2025	WP_007244082.1	plate25.C2.annotation	DAKCFMEO_02792
OG0002489	DC3000_protein_12_2025	WP_007244088.1	plate25.C2.annotation	DAKCFMEO_03375
OG0002490	DC3000_protein_12_2025	WP_007244090.1	plate25.C2.annotation	DAKCFMEO_03378
OG0002491	DC3000_protein_12_2025	WP_007244096.1	plate25.C2.annotation	DAKCFMEO_03386
OG0002492	DC3000_protein_12_2025	WP_007244100.1	plate25.C2.annotation	DAKCFMEO_03392
OG0002493	DC3000_protein_12_2025	WP_007244107.1	plate25.C2.annotation	DAKCFMEO_03401
OG0002494	DC3000_protein_12_2025	WP_007244110.1	plate25.C2.annotation	DAKCFMEO_03412
OG0002495	DC3000_protein_12_2025	WP_007244127.1	plate25.C2.annotation	DAKCFMEO_03450
OG0002496	DC3000_protein_12_2025	WP_007244210.1	plate25.C2.annotation	DAKCFMEO_02663
OG0002497	DC3000_protein_12_2025	WP_007244218.1	plate25.C2.annotation	DAKCFMEO_02648
OG0002499	DC3000_protein_12_2025	WP_007244311.1	plate25.C2.annotation	DAKCFMEO_02634
OG0002500	DC3000_protein_12_2025	WP_007244321.1	plate25.C2.annotation	DAKCFMEO_02611
OG0002501	DC3000_protein_12_2025	WP_007244324.1	plate25.C2.annotation	DAKCFMEO_02602
OG0002502	DC3000_protein_12_2025	WP_007244349.1	plate25.C2.annotation	DAKCFMEO_02567
OG0002503	DC3000_protein_12_2025	WP_007244357.1	plate25.C2.annotation	DAKCFMEO_02555
OG0002504	DC3000_protein_12_2025	WP_007244363.1	plate25.C2.annotation	DAKCFMEO_02542
OG0002505	DC3000_protein_12_2025	WP_007244364.1	plate25.C2.annotation	DAKCFMEO_02540
OG0002506	DC3000_protein_12_2025	WP_007244365.1	plate25.C2.annotation	DAKCFMEO_02536
OG0002507	DC3000_protein_12_2025	WP_007244370.1	plate25.C2.annotation	DAKCFMEO_02527
OG0002508	DC3000_protein_12_2025	WP_007244381.1	plate25.C2.annotation	DAKCFMEO_02510
OG0002509	DC3000_protein_12_2025	WP_007244383.1	plate25.C2.annotation	DAKCFMEO_02505
OG0002510	DC3000_protein_12_2025	WP_007244400.1	plate25.C2.annotation	DAKCFMEO_02485
OG0002511	DC3000_protein_12_2025	WP_007244403.1	plate25.C2.annotation	DAKCFMEO_02482
OG0002512	DC3000_protein_12_2025	WP_007244435.1	plate25.C2.annotation	DAKCFMEO_02840
OG0002513	DC3000_protein_12_2025	WP_007244442.1	plate25.C2.annotation	DAKCFMEO_02852
OG0002514	DC3000_protein_12_2025	WP_007244448.1	plate25.C2.annotation	DAKCFMEO_02859
OG0002515	DC3000_protein_12_2025	WP_007244449.1	plate25.C2.annotation	DAKCFMEO_02861
OG0002516	DC3000_protein_12_2025	WP_007244455.1	plate25.C2.annotation	DAKCFMEO_02869
OG0002517	DC3000_protein_12_2025	WP_007244499.1	plate25.C2.annotation	DAKCFMEO_02929
OG0002518	DC3000_protein_12_2025	WP_007244533.1	plate25.C2.annotation	DAKCFMEO_05053
OG0002519	DC3000_protein_12_2025	WP_007244549.1	plate25.C2.annotation	DAKCFMEO_04959
OG0002520	DC3000_protein_12_2025	WP_007244559.1	plate25.C2.annotation	DAKCFMEO_02159
OG0002521	DC3000_protein_12_2025	WP_007244563.1	plate25.C2.annotation	DAKCFMEO_02149
OG0002522	DC3000_protein_12_2025	WP_007244569.1	plate25.C2.annotation	DAKCFMEO_04984
OG0002523	DC3000_protein_12_2025	WP_007244571.1	plate25.C2.annotation	DAKCFMEO_04980
OG0002524	DC3000_protein_12_2025	WP_007244575.1	plate25.C2.annotation	DAKCFMEO_04957
OG0002525	DC3000_protein_12_2025	WP_007244577.1	plate25.C2.annotation	DAKCFMEO_04953
OG0002526	DC3000_protein_12_2025	WP_007244601.1	plate25.C2.annotation	DAKCFMEO_04910
OG0002527	DC3000_protein_12_2025	WP_007244602.1	plate25.C2.annotation	DAKCFMEO_04909
OG0002528	DC3000_protein_12_2025	WP_007244608.1	plate25.C2.annotation	DAKCFMEO_04898
OG0002529	DC3000_protein_12_2025	WP_007244624.1	plate25.C2.annotation	DAKCFMEO_04856
OG0002530	DC3000_protein_12_2025	WP_007244641.1	plate25.C2.annotation	DAKCFMEO_03617
OG0002531	DC3000_protein_12_2025	WP_007244646.1	plate25.C2.annotation	DAKCFMEO_03627
OG0002532	DC3000_protein_12_2025	WP_007244650.1	plate25.C2.annotation	DAKCFMEO_03633
OG0002533	DC3000_protein_12_2025	WP_007244655.1	plate25.C2.annotation	DAKCFMEO_03641
OG0002534	DC3000_protein_12_2025	WP_007244656.1	plate25.C2.annotation	DAKCFMEO_03643
OG0002535	DC3000_protein_12_2025	WP_007244661.1	plate25.C2.annotation	DAKCFMEO_03652
OG0002536	DC3000_protein_12_2025	WP_007244663.1	plate25.C2.annotation	DAKCFMEO_03657
OG0002537	DC3000_protein_12_2025	WP_007244669.1	plate25.C2.annotation	DAKCFMEO_03599
OG0002538	DC3000_protein_12_2025	WP_007244673.1	plate25.C2.annotation	DAKCFMEO_03606
OG0002539	DC3000_protein_12_2025	WP_007244675.1	plate25.C2.annotation	DAKCFMEO_03608
OG0002540	DC3000_protein_12_2025	WP_007244676.1	plate25.C2.annotation	DAKCFMEO_03612
OG0002541	DC3000_protein_12_2025	WP_007244755.1	plate25.C2.annotation	DAKCFMEO_00670
OG0002542	DC3000_protein_12_2025	WP_007244779.1	plate25.C2.annotation	DAKCFMEO_00626
OG0002543	DC3000_protein_12_2025	WP_007244780.1	plate25.C2.annotation	DAKCFMEO_00624
OG0002544	DC3000_protein_12_2025	WP_007244781.1	plate25.C2.annotation	DAKCFMEO_00620
OG0002545	DC3000_protein_12_2025	WP_007244826.1	plate25.C2.annotation	DAKCFMEO_01478
OG0002546	DC3000_protein_12_2025	WP_007244827.1	plate25.C2.annotation	DAKCFMEO_01480
OG0002547	DC3000_protein_12_2025	WP_007244829.1	plate25.C2.annotation	DAKCFMEO_01483
OG0002548	DC3000_protein_12_2025	WP_007244847.1	plate25.C2.annotation	DAKCFMEO_00999
OG0002549	DC3000_protein_12_2025	WP_007244879.1	plate25.C2.annotation	DAKCFMEO_03004
OG0002550	DC3000_protein_12_2025	WP_007244881.1	plate25.C2.annotation	DAKCFMEO_03000
OG0002551	DC3000_protein_12_2025	WP_007244885.1	plate25.C2.annotation	DAKCFMEO_02996
OG0002552	DC3000_protein_12_2025	WP_007244904.1	plate25.C2.annotation	DAKCFMEO_03292
OG0002553	DC3000_protein_12_2025	WP_007244945.1	plate25.C2.annotation	DAKCFMEO_01259
OG0002554	DC3000_protein_12_2025	WP_007244980.1	plate25.C2.annotation	DAKCFMEO_01199
OG0002555	DC3000_protein_12_2025	WP_007244983.1	plate25.C2.annotation	DAKCFMEO_01195
OG0002556	DC3000_protein_12_2025	WP_007244998.1	plate25.C2.annotation	DAKCFMEO_01570
OG0002557	DC3000_protein_12_2025	WP_007245012.1	plate25.C2.annotation	DAKCFMEO_01594
OG0002558	DC3000_protein_12_2025	WP_007245030.1	plate25.C2.annotation	DAKCFMEO_02465
OG0002559	DC3000_protein_12_2025	WP_007245069.1	plate25.C2.annotation	DAKCFMEO_02404
OG0002560	DC3000_protein_12_2025	WP_007245075.1	plate25.C2.annotation	DAKCFMEO_04515
OG0002561	DC3000_protein_12_2025	WP_007245137.1	plate25.C2.annotation	DAKCFMEO_02307
OG0002562	DC3000_protein_12_2025	WP_007245153.1	plate25.C2.annotation	DAKCFMEO_04279
OG0002563	DC3000_protein_12_2025	WP_007245166.1	plate25.C2.annotation	DAKCFMEO_04295
OG0002564	DC3000_protein_12_2025	WP_007245200.1	plate25.C2.annotation	DAKCFMEO_04329
OG0002565	DC3000_protein_12_2025	WP_007245213.1	plate25.C2.annotation	DAKCFMEO_04349
OG0002566	DC3000_protein_12_2025	WP_007245274.1	plate25.C2.annotation	DAKCFMEO_04542
OG0002567	DC3000_protein_12_2025	WP_007245289.1	plate25.C2.annotation	DAKCFMEO_04563
OG0002568	DC3000_protein_12_2025	WP_007245290.1	plate25.C2.annotation	DAKCFMEO_04564
OG0002569	DC3000_protein_12_2025	WP_007245315.1	plate25.C2.annotation	DAKCFMEO_04626
OG0002570	DC3000_protein_12_2025	WP_007245346.1	plate25.C2.annotation	DAKCFMEO_04672
OG0002571	DC3000_protein_12_2025	WP_007245350.1	plate25.C2.annotation	DAKCFMEO_04676
OG0002572	DC3000_protein_12_2025	WP_007245351.1	plate25.C2.annotation	DAKCFMEO_04679
OG0002573	DC3000_protein_12_2025	WP_007245353.1	plate25.C2.annotation	DAKCFMEO_04681
OG0002574	DC3000_protein_12_2025	WP_007245354.1	plate25.C2.annotation	DAKCFMEO_04683
OG0002575	DC3000_protein_12_2025	WP_007245360.1	plate25.C2.annotation	DAKCFMEO_04693
OG0002576	DC3000_protein_12_2025	WP_007245364.1	plate25.C2.annotation	DAKCFMEO_03905
OG0002577	DC3000_protein_12_2025	WP_007245369.1	plate25.C2.annotation	DAKCFMEO_03267
OG0002578	DC3000_protein_12_2025	WP_007245370.1	plate25.C2.annotation	DAKCFMEO_03265
OG0002579	DC3000_protein_12_2025	WP_007245372.1	plate25.C2.annotation	DAKCFMEO_03259
OG0002580	DC3000_protein_12_2025	WP_007245377.1	plate25.C2.annotation	DAKCFMEO_03253
OG0002581	DC3000_protein_12_2025	WP_007245391.1	plate25.C2.annotation	DAKCFMEO_03233
OG0002582	DC3000_protein_12_2025	WP_007245395.1	plate25.C2.annotation	DAKCFMEO_03224
OG0002583	DC3000_protein_12_2025	WP_007245401.1	plate25.C2.annotation	DAKCFMEO_03214
OG0002584	DC3000_protein_12_2025	WP_007245412.1	plate25.C2.annotation	DAKCFMEO_03201
OG0002585	DC3000_protein_12_2025	WP_007245414.1	plate25.C2.annotation	DAKCFMEO_03191
OG0002586	DC3000_protein_12_2025	WP_007245422.1	plate25.C2.annotation	DAKCFMEO_03170
OG0002587	DC3000_protein_12_2025	WP_007245435.1	plate25.C2.annotation	DAKCFMEO_03143
OG0002588	DC3000_protein_12_2025	WP_007245440.1	plate25.C2.annotation	DAKCFMEO_03135
OG0002589	DC3000_protein_12_2025	WP_007245442.1	plate25.C2.annotation	DAKCFMEO_03131
OG0002590	DC3000_protein_12_2025	WP_007245455.1	plate25.C2.annotation	DAKCFMEO_03505
OG0002591	DC3000_protein_12_2025	WP_007245540.1	plate25.C2.annotation	DAKCFMEO_03692
OG0002592	DC3000_protein_12_2025	WP_007245544.1	plate25.C2.annotation	DAKCFMEO_03703
OG0002593	DC3000_protein_12_2025	WP_007245578.1	plate25.C2.annotation	DAKCFMEO_05087
OG0002594	DC3000_protein_12_2025	WP_007245582.1	plate25.C2.annotation	DAKCFMEO_05077
OG0002595	DC3000_protein_12_2025	WP_007245596.1	plate25.C2.annotation	DAKCFMEO_05104
OG0002596	DC3000_protein_12_2025	WP_007245677.1	plate25.C2.annotation	DAKCFMEO_04222
OG0002597	DC3000_protein_12_2025	WP_007245694.1	plate25.C2.annotation	DAKCFMEO_04198
OG0002598	DC3000_protein_12_2025	WP_007245711.1	plate25.C2.annotation	DAKCFMEO_00041
OG0002599	DC3000_protein_12_2025	WP_007245780.1	plate25.C2.annotation	DAKCFMEO_03034
OG0002600	DC3000_protein_12_2025	WP_007245782.1	plate25.C2.annotation	DAKCFMEO_03030
OG0002601	DC3000_protein_12_2025	WP_007245794.1	plate25.C2.annotation	DAKCFMEO_04160
OG0002602	DC3000_protein_12_2025	WP_007245797.1	plate25.C2.annotation	DAKCFMEO_04156
OG0002603	DC3000_protein_12_2025	WP_007245801.1	plate25.C2.annotation	DAKCFMEO_04149
OG0002604	DC3000_protein_12_2025	WP_007245808.1	plate25.C2.annotation	DAKCFMEO_04133
OG0002605	DC3000_protein_12_2025	WP_007245818.1	plate25.C2.annotation	DAKCFMEO_04194
OG0002606	DC3000_protein_12_2025	WP_007245819.1	plate25.C2.annotation	DAKCFMEO_04195
OG0002608	DC3000_protein_12_2025	WP_007245835.1	plate25.C2.annotation	DAKCFMEO_04233
OG0002609	DC3000_protein_12_2025	WP_007245842.1	plate25.C2.annotation	DAKCFMEO_04247
OG0002610	DC3000_protein_12_2025	WP_007245844.1	plate25.C2.annotation	DAKCFMEO_04251
OG0002611	DC3000_protein_12_2025	WP_007245851.1	plate25.C2.annotation	DAKCFMEO_01613
OG0002612	DC3000_protein_12_2025	WP_007245870.1	plate25.C2.annotation	DAKCFMEO_01017
OG0002613	DC3000_protein_12_2025	WP_007245872.1	plate25.C2.annotation	DAKCFMEO_01014
OG0002614	DC3000_protein_12_2025	WP_007245876.1	plate25.C2.annotation	DAKCFMEO_01001
OG0002615	DC3000_protein_12_2025	WP_007245931.1	plate25.C2.annotation	DAKCFMEO_01406
OG0002616	DC3000_protein_12_2025	WP_007245963.1	plate25.C2.annotation	DAKCFMEO_01622
OG0002617	DC3000_protein_12_2025	WP_007245964.1	plate25.C2.annotation	DAKCFMEO_01621
OG0002618	DC3000_protein_12_2025	WP_007245976.1	plate25.C2.annotation	DAKCFMEO_01048
OG0002619	DC3000_protein_12_2025	WP_007245978.1	plate25.C2.annotation	DAKCFMEO_01051
OG0002620	DC3000_protein_12_2025	WP_007246000.1	plate25.C2.annotation	DAKCFMEO_01101
OG0002621	DC3000_protein_12_2025	WP_007246008.1	plate25.C2.annotation	DAKCFMEO_01113
OG0002622	DC3000_protein_12_2025	WP_007246009.1	plate25.C2.annotation	DAKCFMEO_01116
OG0002623	DC3000_protein_12_2025	WP_007246012.1	plate25.C2.annotation	DAKCFMEO_01119
OG0002624	DC3000_protein_12_2025	WP_007246013.1	plate25.C2.annotation	DAKCFMEO_01120
OG0002625	DC3000_protein_12_2025	WP_007246025.1	plate25.C2.annotation	DAKCFMEO_01546
OG0002626	DC3000_protein_12_2025	WP_007246027.1	plate25.C2.annotation	DAKCFMEO_01540
OG0002627	DC3000_protein_12_2025	WP_007246028.1	plate25.C2.annotation	DAKCFMEO_01535
OG0002628	DC3000_protein_12_2025	WP_007246030.1	plate25.C2.annotation	DAKCFMEO_01526
OG0002629	DC3000_protein_12_2025	WP_007246047.1	plate25.C2.annotation	DAKCFMEO_01493
OG0002630	DC3000_protein_12_2025	WP_007246056.1	plate25.C2.annotation	DAKCFMEO_01449
OG0002631	DC3000_protein_12_2025	WP_007246060.1	plate25.C2.annotation	DAKCFMEO_01443
OG0002632	DC3000_protein_12_2025	WP_007246072.1	plate25.C2.annotation	DAKCFMEO_01434
OG0002633	DC3000_protein_12_2025	WP_007246082.1	plate25.C2.annotation	DAKCFMEO_01429
OG0002634	DC3000_protein_12_2025	WP_007246096.1	plate25.C2.annotation	DAKCFMEO_01654
OG0002635	DC3000_protein_12_2025	WP_007246097.1	plate25.C2.annotation	DAKCFMEO_01657
OG0002636	DC3000_protein_12_2025	WP_007246099.1	plate25.C2.annotation	DAKCFMEO_01661
OG0002637	DC3000_protein_12_2025	WP_007246105.1	plate25.C2.annotation	DAKCFMEO_01668
OG0002638	DC3000_protein_12_2025	WP_007246110.1	plate25.C2.annotation	DAKCFMEO_00474
OG0002639	DC3000_protein_12_2025	WP_007246111.1	plate25.C2.annotation	DAKCFMEO_00476
OG0002640	DC3000_protein_12_2025	WP_007246125.1	plate25.C2.annotation	DAKCFMEO_00495
OG0002641	DC3000_protein_12_2025	WP_007246181.1	plate25.C2.annotation	DAKCFMEO_00276
OG0002642	DC3000_protein_12_2025	WP_007246182.1	plate25.C2.annotation	DAKCFMEO_00277
OG0002643	DC3000_protein_12_2025	WP_007246191.1	plate25.C2.annotation	DAKCFMEO_00290
OG0002644	DC3000_protein_12_2025	WP_007246196.1	plate25.C2.annotation	DAKCFMEO_00295
OG0002645	DC3000_protein_12_2025	WP_007246206.1	plate25.C2.annotation	DAKCFMEO_00316
OG0002646	DC3000_protein_12_2025	WP_007246215.1	plate25.C2.annotation	DAKCFMEO_00333
OG0002647	DC3000_protein_12_2025	WP_007246223.1	plate25.C2.annotation	DAKCFMEO_00350
OG0002648	DC3000_protein_12_2025	WP_007246228.1	plate25.C2.annotation	DAKCFMEO_00370
OG0002649	DC3000_protein_12_2025	WP_007246281.1	plate25.C2.annotation	DAKCFMEO_04079
OG0002650	DC3000_protein_12_2025	WP_007246288.1	plate25.C2.annotation	DAKCFMEO_04086
OG0002651	DC3000_protein_12_2025	WP_007246306.1	plate25.C2.annotation	DAKCFMEO_04112
OG0002652	DC3000_protein_12_2025	WP_007246311.1	plate25.C2.annotation	DAKCFMEO_04118
OG0002653	DC3000_protein_12_2025	WP_007246312.1	plate25.C2.annotation	DAKCFMEO_04119
OG0002654	DC3000_protein_12_2025	WP_007246313.1	plate25.C2.annotation	DAKCFMEO_04122
OG0002655	DC3000_protein_12_2025	WP_007246354.1	plate25.C2.annotation	DAKCFMEO_00808
OG0002656	DC3000_protein_12_2025	WP_007246362.1	plate25.C2.annotation	DAKCFMEO_00794
OG0002657	DC3000_protein_12_2025	WP_007246371.1	plate25.C2.annotation	DAKCFMEO_00774
OG0002658	DC3000_protein_12_2025	WP_007246376.1	plate25.C2.annotation	DAKCFMEO_00767
OG0002659	DC3000_protein_12_2025	WP_007246378.1	plate25.C2.annotation	DAKCFMEO_00763
OG0002660	DC3000_protein_12_2025	WP_007246481.1	plate25.C2.annotation	DAKCFMEO_03999
OG0002661	DC3000_protein_12_2025	WP_007246483.1	plate25.C2.annotation	DAKCFMEO_03995
OG0002662	DC3000_protein_12_2025	WP_007246510.1	plate25.C2.annotation	DAKCFMEO_01843
OG0002663	DC3000_protein_12_2025	WP_007246513.1	plate25.C2.annotation	DAKCFMEO_01839
OG0002664	DC3000_protein_12_2025	WP_007246518.1	plate25.C2.annotation	DAKCFMEO_01832
OG0002665	DC3000_protein_12_2025	WP_007246535.1	plate25.C2.annotation	DAKCFMEO_01914
OG0002666	DC3000_protein_12_2025	WP_007246537.1	plate25.C2.annotation	DAKCFMEO_01920
OG0002667	DC3000_protein_12_2025	WP_007246575.1	plate25.C2.annotation	DAKCFMEO_05253
OG0002668	DC3000_protein_12_2025	WP_007246618.1	plate25.C2.annotation	DAKCFMEO_00174
OG0002669	DC3000_protein_12_2025	WP_007246619.1	plate25.C2.annotation	DAKCFMEO_00172
OG0002670	DC3000_protein_12_2025	WP_007246626.1	plate25.C2.annotation	DAKCFMEO_00162
OG0002671	DC3000_protein_12_2025	WP_007246633.1	plate25.C2.annotation	DAKCFMEO_00148
OG0002672	DC3000_protein_12_2025	WP_007246640.1	plate25.C2.annotation	DAKCFMEO_00134
OG0002673	DC3000_protein_12_2025	WP_007246648.1	plate25.C2.annotation	DAKCFMEO_01320
OG0002674	DC3000_protein_12_2025	WP_007246654.1	plate25.C2.annotation	DAKCFMEO_01327
OG0002675	DC3000_protein_12_2025	WP_007246655.1	plate25.C2.annotation	DAKCFMEO_01329
OG0002676	DC3000_protein_12_2025	WP_007246679.1	plate25.C2.annotation	DAKCFMEO_01355
OG0002677	DC3000_protein_12_2025	WP_007246686.1	plate25.C2.annotation	DAKCFMEO_01366
OG0002678	DC3000_protein_12_2025	WP_007246699.1	plate25.C2.annotation	DAKCFMEO_00914
OG0002679	DC3000_protein_12_2025	WP_007246762.1	plate25.C2.annotation	DAKCFMEO_03985
OG0002680	DC3000_protein_12_2025	WP_007246769.1	plate25.C2.annotation	DAKCFMEO_00529
OG0002681	DC3000_protein_12_2025	WP_007246809.1	plate25.C2.annotation	DAKCFMEO_00220
OG0002682	DC3000_protein_12_2025	WP_007246812.1	plate25.C2.annotation	DAKCFMEO_00225
OG0002683	DC3000_protein_12_2025	WP_007246818.1	plate25.C2.annotation	DAKCFMEO_00243
OG0002684	DC3000_protein_12_2025	WP_007246844.1	plate25.C2.annotation	DAKCFMEO_05205
OG0002685	DC3000_protein_12_2025	WP_007246848.1	plate25.C2.annotation	DAKCFMEO_05208
OG0002686	DC3000_protein_12_2025	WP_007246879.1	plate25.C2.annotation	DAKCFMEO_00873
OG0002687	DC3000_protein_12_2025	WP_007246884.1	plate25.C2.annotation	DAKCFMEO_00862
OG0002688	DC3000_protein_12_2025	WP_007246901.1	plate25.C2.annotation	DAKCFMEO_00826
OG0002689	DC3000_protein_12_2025	WP_007246911.1	plate25.C2.annotation	DAKCFMEO_03848
OG0002690	DC3000_protein_12_2025	WP_007246944.1	plate25.C2.annotation	DAKCFMEO_01399
OG0002691	DC3000_protein_12_2025	WP_007246946.1	plate25.C2.annotation	DAKCFMEO_01401
OG0002692	DC3000_protein_12_2025	WP_007246947.1	plate25.C2.annotation	DAKCFMEO_01402
OG0002693	DC3000_protein_12_2025	WP_007246966.1	plate25.C2.annotation	DAKCFMEO_04705
OG0002694	DC3000_protein_12_2025	WP_007246973.1	plate25.C2.annotation	DAKCFMEO_04718
OG0002695	DC3000_protein_12_2025	WP_007246984.1	plate25.C2.annotation	DAKCFMEO_04730
OG0002696	DC3000_protein_12_2025	WP_007247022.1	plate25.C2.annotation	DAKCFMEO_00082
OG0002697	DC3000_protein_12_2025	WP_007247038.1	plate25.C2.annotation	DAKCFMEO_02192
OG0002698	DC3000_protein_12_2025	WP_007247039.1	plate25.C2.annotation	DAKCFMEO_02194
OG0002699	DC3000_protein_12_2025	WP_007247040.1	plate25.C2.annotation	DAKCFMEO_02195
OG0002700	DC3000_protein_12_2025	WP_007247044.1	plate25.C2.annotation	DAKCFMEO_02207
OG0002701	DC3000_protein_12_2025	WP_007247057.1	plate25.C2.annotation	DAKCFMEO_05009
OG0002702	DC3000_protein_12_2025	WP_007247086.1	plate25.C2.annotation	DAKCFMEO_03334
OG0002703	DC3000_protein_12_2025	WP_007247126.1	plate25.C2.annotation	DAKCFMEO_03955
OG0002704	DC3000_protein_12_2025	WP_007247147.1	plate25.C2.annotation	DAKCFMEO_03979
OG0002706	DC3000_protein_12_2025	WP_007247176.1	plate25.C2.annotation	DAKCFMEO_01977
OG0002707	DC3000_protein_12_2025	WP_007247212.1	plate25.C2.annotation	DAKCFMEO_01927
OG0002708	DC3000_protein_12_2025	WP_007247213.1	plate25.C2.annotation	DAKCFMEO_01926
OG0002709	DC3000_protein_12_2025	WP_007247215.1	plate25.C2.annotation	DAKCFMEO_01819
OG0002710	DC3000_protein_12_2025	WP_007247222.1	plate25.C2.annotation	DAKCFMEO_01876
OG0002711	DC3000_protein_12_2025	WP_007247319.1	plate25.C2.annotation	DAKCFMEO_01954
OG0002712	DC3000_protein_12_2025	WP_007247332.1	plate25.C2.annotation	DAKCFMEO_05155
OG0002713	DC3000_protein_12_2025	WP_007247340.1	plate25.C2.annotation	DAKCFMEO_02135
OG0002714	DC3000_protein_12_2025	WP_007247360.1	plate25.C2.annotation	DAKCFMEO_02262
OG0002715	DC3000_protein_12_2025	WP_007247432.1	plate25.C2.annotation	DAKCFMEO_05174
OG0002716	DC3000_protein_12_2025	WP_007247460.1	plate25.C2.annotation	DAKCFMEO_05303
OG0002717	DC3000_protein_12_2025	WP_007247479.1	plate25.C2.annotation	DAKCFMEO_03279
OG0002718	DC3000_protein_12_2025	WP_010200894.1	plate25.C2.annotation	DAKCFMEO_01512
OG0002719	DC3000_protein_12_2025	WP_010201143.1	plate25.C2.annotation	DAKCFMEO_02797
OG0002720	DC3000_protein_12_2025	WP_010201208.1	plate25.C2.annotation	DAKCFMEO_03150
OG0002721	DC3000_protein_12_2025	WP_010201647.1	plate25.C2.annotation	DAKCFMEO_01651
OG0002722	DC3000_protein_12_2025	WP_010201804.1	plate25.C2.annotation	DAKCFMEO_01643
OG0002723	DC3000_protein_12_2025	WP_010201831.1	plate25.C2.annotation	DAKCFMEO_02970
OG0002724	DC3000_protein_12_2025	WP_010202254.1	plate25.C2.annotation	DAKCFMEO_04372
OG0002725	DC3000_protein_12_2025	WP_010202721.1	plate25.C2.annotation	DAKCFMEO_04201
OG0002726	DC3000_protein_12_2025	WP_010203307.1	plate25.C2.annotation	DAKCFMEO_03777
OG0002727	DC3000_protein_12_2025	WP_010203323.1	plate25.C2.annotation	DAKCFMEO_03772
OG0002728	DC3000_protein_12_2025	WP_010203608.1	plate25.C2.annotation	DAKCFMEO_00150
OG0002729	DC3000_protein_12_2025	WP_010203924.1	plate25.C2.annotation	DAKCFMEO_02197
OG0002730	DC3000_protein_12_2025	WP_010204046.1	plate25.C2.annotation	DAKCFMEO_03467
OG0002731	DC3000_protein_12_2025	WP_010204183.1	plate25.C2.annotation	DAKCFMEO_03020
OG0002732	DC3000_protein_12_2025	WP_010204340.1	plate25.C2.annotation	DAKCFMEO_02408
OG0002733	DC3000_protein_12_2025	WP_010204398.1	plate25.C2.annotation	DAKCFMEO_00960
OG0002734	DC3000_protein_12_2025	WP_010204432.1	plate25.C2.annotation	DAKCFMEO_04661
OG0002735	DC3000_protein_12_2025	WP_010204647.1	plate25.C2.annotation	DAKCFMEO_02692
OG0002736	DC3000_protein_12_2025	WP_010204659.1	plate25.C2.annotation	DAKCFMEO_04688
OG0002737	DC3000_protein_12_2025	WP_010205374.1	plate25.C2.annotation	DAKCFMEO_02047
OG0002738	DC3000_protein_12_2025	WP_010205456.1	plate25.C2.annotation	DAKCFMEO_02946
OG0002739	DC3000_protein_12_2025	WP_010205556.1	plate25.C2.annotation	DAKCFMEO_01349
OG0002740	DC3000_protein_12_2025	WP_010205558.1	plate25.C2.annotation	DAKCFMEO_01350
OG0002741	DC3000_protein_12_2025	WP_010205561.1	plate25.C2.annotation	DAKCFMEO_01352
OG0002742	DC3000_protein_12_2025	WP_010205950.1	plate25.C2.annotation	DAKCFMEO_05184
OG0002743	DC3000_protein_12_2025	WP_010207011.1	plate25.C2.annotation	DAKCFMEO_02916
OG0002744	DC3000_protein_12_2025	WP_010207498.1	plate25.C2.annotation	DAKCFMEO_00926
OG0002745	DC3000_protein_12_2025	WP_010207549.1	plate25.C2.annotation	DAKCFMEO_05183
OG0002746	DC3000_protein_12_2025	WP_010207837.1	plate25.C2.annotation	DAKCFMEO_00207
OG0002747	DC3000_protein_12_2025	WP_010207872.1	plate25.C2.annotation	DAKCFMEO_02551
OG0002748	DC3000_protein_12_2025	WP_010207888.1	plate25.C2.annotation	DAKCFMEO_02574
OG0002749	DC3000_protein_12_2025	WP_010208311.1	plate25.C2.annotation	DAKCFMEO_01857
OG0002750	DC3000_protein_12_2025	WP_010208878.1	plate25.C2.annotation	DAKCFMEO_04291
OG0002751	DC3000_protein_12_2025	WP_010209025.1	plate25.C2.annotation	DAKCFMEO_05242
OG0002752	DC3000_protein_12_2025	WP_010209286.1	plate25.C2.annotation	DAKCFMEO_03130
OG0002754	DC3000_protein_12_2025	WP_010210634.1	plate25.C2.annotation	DAKCFMEO_00935
OG0002756	DC3000_protein_12_2025	WP_010216200.1	plate25.C2.annotation	DAKCFMEO_05127
OG0002757	DC3000_protein_12_2025	WP_010216538.1	plate25.C2.annotation	DAKCFMEO_03822
OG0002758	DC3000_protein_12_2025	WP_010216700.1	plate25.C2.annotation	DAKCFMEO_04749
OG0002759	DC3000_protein_12_2025	WP_010217367.1	plate25.C2.annotation	DAKCFMEO_02854
OG0002760	DC3000_protein_12_2025	WP_010218977.1	plate25.C2.annotation	DAKCFMEO_00336
OG0002761	DC3000_protein_12_2025	WP_010219162.1	plate25.C2.annotation	DAKCFMEO_01104
OG0002762	DC3000_protein_12_2025	WP_010219554.1	plate25.C2.annotation	DAKCFMEO_00311
OG0002763	DC3000_protein_12_2025	WP_010220797.1	plate25.C2.annotation	DAKCFMEO_00933
OG0002764	DC3000_protein_12_2025	WP_010428875.1	plate25.C2.annotation	DAKCFMEO_03917
OG0002765	DC3000_protein_12_2025	WP_011102932.1	plate25.C2.annotation	DAKCFMEO_01264
OG0002767	DC3000_protein_12_2025	WP_011102951.1	plate25.C2.annotation	DAKCFMEO_01277
OG0002768	DC3000_protein_12_2025	WP_011102952.1	plate25.C2.annotation	DAKCFMEO_01278
OG0002769	DC3000_protein_12_2025	WP_011102953.1	plate25.C2.annotation	DAKCFMEO_01279
OG0002770	DC3000_protein_12_2025	WP_011102954.1	plate25.C2.annotation	DAKCFMEO_01280
OG0002771	DC3000_protein_12_2025	WP_011102955.1	plate25.C2.annotation	DAKCFMEO_01281
OG0002772	DC3000_protein_12_2025	WP_011102957.1	plate25.C2.annotation	DAKCFMEO_01285
OG0002773	DC3000_protein_12_2025	WP_011102958.1	plate25.C2.annotation	DAKCFMEO_01286
OG0002774	DC3000_protein_12_2025	WP_011102959.1	plate25.C2.annotation	DAKCFMEO_01287
OG0002776	DC3000_protein_12_2025	WP_011102975.1	plate25.C2.annotation	DAKCFMEO_01885
OG0002777	DC3000_protein_12_2025	WP_011102978.1	plate25.C2.annotation	DAKCFMEO_01825
OG0002778	DC3000_protein_12_2025	WP_011102979.1	plate25.C2.annotation	DAKCFMEO_01828
OG0002779	DC3000_protein_12_2025	WP_011102980.1	plate25.C2.annotation	DAKCFMEO_01833
OG0002780	DC3000_protein_12_2025	WP_011102984.1	plate25.C2.annotation	DAKCFMEO_01847
OG0002781	DC3000_protein_12_2025	WP_011102991.1	plate25.C2.annotation	DAKCFMEO_01868
OG0002782	DC3000_protein_12_2025	WP_011102992.1	plate25.C2.annotation	DAKCFMEO_01870
OG0002783	DC3000_protein_12_2025	WP_011102993.1	plate25.C2.annotation	DAKCFMEO_01871
OG0002784	DC3000_protein_12_2025	WP_011102996.1	plate25.C2.annotation	DAKCFMEO_01822
OG0002785	DC3000_protein_12_2025	WP_011102997.1	plate25.C2.annotation	DAKCFMEO_01821
OG0002786	DC3000_protein_12_2025	WP_011102998.1	plate25.C2.annotation	DAKCFMEO_01820
OG0002787	DC3000_protein_12_2025	WP_011103000.1	plate25.C2.annotation	DAKCFMEO_01925
OG0002788	DC3000_protein_12_2025	WP_011103001.1	plate25.C2.annotation	DAKCFMEO_01928
OG0002789	DC3000_protein_12_2025	WP_011103002.1	plate25.C2.annotation	DAKCFMEO_01929
OG0002790	DC3000_protein_12_2025	WP_011103004.1	plate25.C2.annotation	DAKCFMEO_01931
OG0002791	DC3000_protein_12_2025	WP_011103006.1	plate25.C2.annotation	DAKCFMEO_01935
OG0002792	DC3000_protein_12_2025	WP_011103008.1	plate25.C2.annotation	DAKCFMEO_01944
OG0002793	DC3000_protein_12_2025	WP_011103010.1	plate25.C2.annotation	DAKCFMEO_02218
OG0002794	DC3000_protein_12_2025	WP_011103011.1	plate25.C2.annotation	DAKCFMEO_02221
OG0002795	DC3000_protein_12_2025	WP_011103012.1	plate25.C2.annotation	DAKCFMEO_04464
OG0002796	DC3000_protein_12_2025	WP_011103014.1	plate25.C2.annotation	DAKCFMEO_02231
OG0002797	DC3000_protein_12_2025	WP_011103015.1	plate25.C2.annotation	DAKCFMEO_02237
OG0002798	DC3000_protein_12_2025	WP_011103017.1	plate25.C2.annotation	DAKCFMEO_01310
OG0002799	DC3000_protein_12_2025	WP_011103018.1	plate25.C2.annotation	DAKCFMEO_01309
OG0002801	DC3000_protein_12_2025	WP_011103022.1	plate25.C2.annotation	DAKCFMEO_01306
OG0002802	DC3000_protein_12_2025	WP_011103024.1	plate25.C2.annotation	DAKCFMEO_01304
OG0002803	DC3000_protein_12_2025	WP_011103025.1	plate25.C2.annotation	DAKCFMEO_01301
OG0002804	DC3000_protein_12_2025	WP_011103027.1	plate25.C2.annotation	DAKCFMEO_01297
OG0002805	DC3000_protein_12_2025	WP_011103028.1	plate25.C2.annotation	DAKCFMEO_01295
OG0002806	DC3000_protein_12_2025	WP_011103029.1	plate25.C2.annotation	DAKCFMEO_01294
OG0002807	DC3000_protein_12_2025	WP_011103037.1	plate25.C2.annotation	DAKCFMEO_01915
OG0002808	DC3000_protein_12_2025	WP_011103038.1	plate25.C2.annotation	DAKCFMEO_01916
OG0002809	DC3000_protein_12_2025	WP_011103040.1	plate25.C2.annotation	DAKCFMEO_01918
OG0002810	DC3000_protein_12_2025	WP_011103041.1	plate25.C2.annotation	DAKCFMEO_01921
OG0002811	DC3000_protein_12_2025	WP_011103042.1	plate25.C2.annotation	DAKCFMEO_01818
OG0002812	DC3000_protein_12_2025	WP_011103045.1	plate25.C2.annotation	DAKCFMEO_02004
OG0002813	DC3000_protein_12_2025	WP_011103048.1	plate25.C2.annotation	DAKCFMEO_02008
OG0002814	DC3000_protein_12_2025	WP_011103049.1	plate25.C2.annotation	DAKCFMEO_02009
OG0002815	DC3000_protein_12_2025	WP_011103050.1	plate25.C2.annotation	DAKCFMEO_02012
OG0002816	DC3000_protein_12_2025	WP_011103052.1	plate25.C2.annotation	DAKCFMEO_02016
OG0002817	DC3000_protein_12_2025	WP_011103056.1	plate25.C2.annotation	DAKCFMEO_05181
OG0002819	DC3000_protein_12_2025	WP_011103092.1	plate25.C2.annotation	DAKCFMEO_05157
OG0002820	DC3000_protein_12_2025	WP_011103093.1	plate25.C2.annotation	DAKCFMEO_05156
OG0002821	DC3000_protein_12_2025	WP_011103094.1	plate25.C2.annotation	DAKCFMEO_01979
OG0002822	DC3000_protein_12_2025	WP_011103095.1	plate25.C2.annotation	DAKCFMEO_01981
OG0002823	DC3000_protein_12_2025	WP_011103099.1	plate25.C2.annotation	DAKCFMEO_01817
OG0002824	DC3000_protein_12_2025	WP_011103100.1	plate25.C2.annotation	DAKCFMEO_01815
OG0002825	DC3000_protein_12_2025	WP_011103101.1	plate25.C2.annotation	DAKCFMEO_01812
OG0002826	DC3000_protein_12_2025	WP_011103103.1	plate25.C2.annotation	DAKCFMEO_02182
OG0002827	DC3000_protein_12_2025	WP_011103104.1	plate25.C2.annotation	DAKCFMEO_02183
OG0002828	DC3000_protein_12_2025	WP_011103107.1	plate25.C2.annotation	DAKCFMEO_05124
OG0002829	DC3000_protein_12_2025	WP_011103109.1	plate25.C2.annotation	DAKCFMEO_05121
OG0002830	DC3000_protein_12_2025	WP_011103111.1	plate25.C2.annotation	DAKCFMEO_05118
OG0002831	DC3000_protein_12_2025	WP_011103113.1	plate25.C2.annotation	DAKCFMEO_05117
OG0002832	DC3000_protein_12_2025	WP_011103115.1	plate25.C2.annotation	DAKCFMEO_05115
OG0002833	DC3000_protein_12_2025	WP_011103118.1	plate25.C2.annotation	DAKCFMEO_02140
OG0002834	DC3000_protein_12_2025	WP_011103119.1	plate25.C2.annotation	DAKCFMEO_02142
OG0002835	DC3000_protein_12_2025	WP_011103122.1	plate25.C2.annotation	DAKCFMEO_05275
OG0002836	DC3000_protein_12_2025	WP_011103123.1	plate25.C2.annotation	DAKCFMEO_02147
OG0002837	DC3000_protein_12_2025	WP_011103125.1	plate25.C2.annotation	DAKCFMEO_02154
OG0002838	DC3000_protein_12_2025	WP_011103126.1	plate25.C2.annotation	DAKCFMEO_02160
OG0002839	DC3000_protein_12_2025	WP_011103127.1	plate25.C2.annotation	DAKCFMEO_02169
OG0002840	DC3000_protein_12_2025	WP_011103128.1	plate25.C2.annotation	DAKCFMEO_02170
OG0002841	DC3000_protein_12_2025	WP_011103131.1	plate25.C2.annotation	DAKCFMEO_02173
OG0002842	DC3000_protein_12_2025	WP_011103132.1	plate25.C2.annotation	DAKCFMEO_02174
OG0002843	DC3000_protein_12_2025	WP_011103134.1	plate25.C2.annotation	DAKCFMEO_04976
OG0002844	DC3000_protein_12_2025	WP_011103135.1	plate25.C2.annotation	DAKCFMEO_02179
OG0002845	DC3000_protein_12_2025	WP_011103137.1	plate25.C2.annotation	DAKCFMEO_05038
OG0002846	DC3000_protein_12_2025	WP_011103140.1	plate25.C2.annotation	DAKCFMEO_05026
OG0002847	DC3000_protein_12_2025	WP_011103141.1	plate25.C2.annotation	DAKCFMEO_05055
OG0002848	DC3000_protein_12_2025	WP_011103143.1	plate25.C2.annotation	DAKCFMEO_02944
OG0002849	DC3000_protein_12_2025	WP_011103144.1	plate25.C2.annotation	DAKCFMEO_02960
OG0002851	DC3000_protein_12_2025	WP_011103158.1	plate25.C2.annotation	DAKCFMEO_02928
OG0002852	DC3000_protein_12_2025	WP_011103159.1	plate25.C2.annotation	DAKCFMEO_02926
OG0002853	DC3000_protein_12_2025	WP_011103160.1	plate25.C2.annotation	DAKCFMEO_02922
OG0002854	DC3000_protein_12_2025	WP_011103161.1	plate25.C2.annotation	DAKCFMEO_02920
OG0002855	DC3000_protein_12_2025	WP_011103171.1	plate25.C2.annotation	DAKCFMEO_03040
OG0002856	DC3000_protein_12_2025	WP_011103181.1	plate25.C2.annotation	DAKCFMEO_02865
OG0002857	DC3000_protein_12_2025	WP_011103182.1	plate25.C2.annotation	DAKCFMEO_02864
OG0002858	DC3000_protein_12_2025	WP_011103183.1	plate25.C2.annotation	DAKCFMEO_02863
OG0002859	DC3000_protein_12_2025	WP_011103184.1	plate25.C2.annotation	DAKCFMEO_02862
OG0002860	DC3000_protein_12_2025	WP_011103185.1	plate25.C2.annotation	DAKCFMEO_02860
OG0002861	DC3000_protein_12_2025	WP_011103186.1	plate25.C2.annotation	DAKCFMEO_02858
OG0002862	DC3000_protein_12_2025	WP_011103187.1	plate25.C2.annotation	DAKCFMEO_02855
OG0002863	DC3000_protein_12_2025	WP_011103191.1	plate25.C2.annotation	DAKCFMEO_02850
OG0002864	DC3000_protein_12_2025	WP_011103195.1	plate25.C2.annotation	DAKCFMEO_02844
OG0002865	DC3000_protein_12_2025	WP_011103197.1	plate25.C2.annotation	DAKCFMEO_02838
OG0002866	DC3000_protein_12_2025	WP_011103203.1	plate25.C2.annotation	DAKCFMEO_02828
OG0002867	DC3000_protein_12_2025	WP_011103204.1	plate25.C2.annotation	DAKCFMEO_02825
OG0002868	DC3000_protein_12_2025	WP_011103205.1	plate25.C2.annotation	DAKCFMEO_02824
OG0002869	DC3000_protein_12_2025	WP_011103215.1	plate25.C2.annotation	DAKCFMEO_02812
OG0002870	DC3000_protein_12_2025	WP_011103216.1	plate25.C2.annotation	DAKCFMEO_02810
OG0002871	DC3000_protein_12_2025	WP_011103217.1	plate25.C2.annotation	DAKCFMEO_02803
OG0002872	DC3000_protein_12_2025	WP_011103219.1	plate25.C2.annotation	DAKCFMEO_03487
OG0002873	DC3000_protein_12_2025	WP_011103220.1	plate25.C2.annotation	DAKCFMEO_03500
OG0002874	DC3000_protein_12_2025	WP_011103224.1	plate25.C2.annotation	DAKCFMEO_03539
OG0002875	DC3000_protein_12_2025	WP_011103225.1	plate25.C2.annotation	DAKCFMEO_03544
OG0002876	DC3000_protein_12_2025	WP_011103226.1	plate25.C2.annotation	DAKCFMEO_00498
OG0002877	DC3000_protein_12_2025	WP_011103227.1	plate25.C2.annotation	DAKCFMEO_02057
OG0002878	DC3000_protein_12_2025	WP_011103233.1	plate25.C2.annotation	DAKCFMEO_03560
OG0002879	DC3000_protein_12_2025	WP_011103234.1	plate25.C2.annotation	DAKCFMEO_03564
OG0002880	DC3000_protein_12_2025	WP_011103235.1	plate25.C2.annotation	DAKCFMEO_03567
OG0002881	DC3000_protein_12_2025	WP_011103236.1	plate25.C2.annotation	DAKCFMEO_03568
OG0002882	DC3000_protein_12_2025	WP_011103238.1	plate25.C2.annotation	DAKCFMEO_03571
OG0002883	DC3000_protein_12_2025	WP_011103239.1	plate25.C2.annotation	DAKCFMEO_03572
OG0002884	DC3000_protein_12_2025	WP_011103240.1	plate25.C2.annotation	DAKCFMEO_03575
OG0002886	DC3000_protein_12_2025	WP_011103249.1	plate25.C2.annotation	DAKCFMEO_03282
OG0002887	DC3000_protein_12_2025	WP_011103253.1	plate25.C2.annotation	DAKCFMEO_03584
OG0002888	DC3000_protein_12_2025	WP_011103255.1	plate25.C2.annotation	DAKCFMEO_03588
OG0002889	DC3000_protein_12_2025	WP_011103256.1	plate25.C2.annotation	DAKCFMEO_03589
OG0002890	DC3000_protein_12_2025	WP_011103257.1	plate25.C2.annotation	DAKCFMEO_03598
OG0002891	DC3000_protein_12_2025	WP_011103258.1	plate25.C2.annotation	DAKCFMEO_03665
OG0002892	DC3000_protein_12_2025	WP_011103259.1	plate25.C2.annotation	DAKCFMEO_03666
OG0002893	DC3000_protein_12_2025	WP_011103261.1	plate25.C2.annotation	DAKCFMEO_03669
OG0002894	DC3000_protein_12_2025	WP_011103262.1	plate25.C2.annotation	DAKCFMEO_03670
OG0002895	DC3000_protein_12_2025	WP_011103263.1	plate25.C2.annotation	DAKCFMEO_03671
OG0002896	DC3000_protein_12_2025	WP_011103267.1	plate25.C2.annotation	DAKCFMEO_03683
OG0002897	DC3000_protein_12_2025	WP_011103269.1	plate25.C2.annotation	DAKCFMEO_03689
OG0002898	DC3000_protein_12_2025	WP_011103270.1	plate25.C2.annotation	DAKCFMEO_03695
OG0002899	DC3000_protein_12_2025	WP_011103272.1	plate25.C2.annotation	DAKCFMEO_03701
OG0002900	DC3000_protein_12_2025	WP_011103273.1	plate25.C2.annotation	DAKCFMEO_03705
OG0002901	DC3000_protein_12_2025	WP_011103275.1	plate25.C2.annotation	DAKCFMEO_00609
OG0002902	DC3000_protein_12_2025	WP_011103276.1	plate25.C2.annotation	DAKCFMEO_00608
OG0002903	DC3000_protein_12_2025	WP_011103277.1	plate25.C2.annotation	DAKCFMEO_00607
OG0002904	DC3000_protein_12_2025	WP_011103280.1	plate25.C2.annotation	DAKCFMEO_00599
OG0002905	DC3000_protein_12_2025	WP_011103282.1	plate25.C2.annotation	DAKCFMEO_00595
OG0002906	DC3000_protein_12_2025	WP_011103283.1	plate25.C2.annotation	DAKCFMEO_00593
OG0002907	DC3000_protein_12_2025	WP_011103284.1	plate25.C2.annotation	DAKCFMEO_00592
OG0002908	DC3000_protein_12_2025	WP_011103285.1	plate25.C2.annotation	DAKCFMEO_00591
OG0002909	DC3000_protein_12_2025	WP_011103287.1	plate25.C2.annotation	DAKCFMEO_00590
OG0002910	DC3000_protein_12_2025	WP_011103288.1	plate25.C2.annotation	DAKCFMEO_00589
OG0002911	DC3000_protein_12_2025	WP_011103289.1	plate25.C2.annotation	DAKCFMEO_00587
OG0002912	DC3000_protein_12_2025	WP_011103291.1	plate25.C2.annotation	DAKCFMEO_00534
OG0002913	DC3000_protein_12_2025	WP_011103292.1	plate25.C2.annotation	DAKCFMEO_00528
OG0002914	DC3000_protein_12_2025	WP_011103293.1	plate25.C2.annotation	DAKCFMEO_00527
OG0002915	DC3000_protein_12_2025	WP_011103294.1	plate25.C2.annotation	DAKCFMEO_00526
OG0002916	DC3000_protein_12_2025	WP_011103295.1	plate25.C2.annotation	DAKCFMEO_00525
OG0002917	DC3000_protein_12_2025	WP_011103299.1	plate25.C2.annotation	DAKCFMEO_04448
OG0002918	DC3000_protein_12_2025	WP_011103300.1	plate25.C2.annotation	DAKCFMEO_04447
OG0002919	DC3000_protein_12_2025	WP_011103301.1	plate25.C2.annotation	DAKCFMEO_00522
OG0002920	DC3000_protein_12_2025	WP_011103303.1	plate25.C2.annotation	DAKCFMEO_00518
OG0002921	DC3000_protein_12_2025	WP_011103304.1	plate25.C2.annotation	DAKCFMEO_03118
OG0002923	DC3000_protein_12_2025	WP_011103337.1	plate25.C2.annotation	DAKCFMEO_01790
OG0002924	DC3000_protein_12_2025	WP_011103345.1	plate25.C2.annotation	DAKCFMEO_02884
OG0002925	DC3000_protein_12_2025	WP_011103349.1	plate25.C2.annotation	DAKCFMEO_00503
OG0002926	DC3000_protein_12_2025	WP_011103350.1	plate25.C2.annotation	DAKCFMEO_00502
OG0002927	DC3000_protein_12_2025	WP_011103353.1	plate25.C2.annotation	DAKCFMEO_03581
OG0002928	DC3000_protein_12_2025	WP_011103355.1	plate25.C2.annotation	DAKCFMEO_00494
OG0002929	DC3000_protein_12_2025	WP_011103356.1	plate25.C2.annotation	DAKCFMEO_00492
OG0002930	DC3000_protein_12_2025	WP_011103358.1	plate25.C2.annotation	DAKCFMEO_00488
OG0002931	DC3000_protein_12_2025	WP_011103359.1	plate25.C2.annotation	DAKCFMEO_00483
OG0002932	DC3000_protein_12_2025	WP_011103361.1	plate25.C2.annotation	DAKCFMEO_00480
OG0002933	DC3000_protein_12_2025	WP_011103362.1	plate25.C2.annotation	DAKCFMEO_00479
OG0002934	DC3000_protein_12_2025	WP_011103363.1	plate25.C2.annotation	DAKCFMEO_00478
OG0002935	DC3000_protein_12_2025	WP_011103365.1	plate25.C2.annotation	DAKCFMEO_00475
OG0002936	DC3000_protein_12_2025	WP_011103366.1	plate25.C2.annotation	DAKCFMEO_00473
OG0002937	DC3000_protein_12_2025	WP_011103367.1	plate25.C2.annotation	DAKCFMEO_01673
OG0002938	DC3000_protein_12_2025	WP_011103368.1	plate25.C2.annotation	DAKCFMEO_01672
OG0002939	DC3000_protein_12_2025	WP_011103369.1	plate25.C2.annotation	DAKCFMEO_01670
OG0002940	DC3000_protein_12_2025	WP_011103370.1	plate25.C2.annotation	DAKCFMEO_01666
OG0002941	DC3000_protein_12_2025	WP_011103371.1	plate25.C2.annotation	DAKCFMEO_01664
OG0002942	DC3000_protein_12_2025	WP_011103372.1	plate25.C2.annotation	DAKCFMEO_01658
OG0002943	DC3000_protein_12_2025	WP_011103373.1	plate25.C2.annotation	DAKCFMEO_01655
OG0002944	DC3000_protein_12_2025	WP_011103375.1	plate25.C2.annotation	DAKCFMEO_01653
OG0002945	DC3000_protein_12_2025	WP_011103377.1	plate25.C2.annotation	DAKCFMEO_03483
OG0002946	DC3000_protein_12_2025	WP_011103378.1	plate25.C2.annotation	DAKCFMEO_03481
OG0002947	DC3000_protein_12_2025	WP_011103380.1	plate25.C2.annotation	DAKCFMEO_03475
OG0002948	DC3000_protein_12_2025	WP_011103382.1	plate25.C2.annotation	DAKCFMEO_03470
OG0002949	DC3000_protein_12_2025	WP_011103387.1	plate25.C2.annotation	DAKCFMEO_01753
OG0002950	DC3000_protein_12_2025	WP_011103393.1	plate25.C2.annotation	DAKCFMEO_01746
OG0002951	DC3000_protein_12_2025	WP_011103395.1	plate25.C2.annotation	DAKCFMEO_01742
OG0002952	DC3000_protein_12_2025	WP_011103396.1	plate25.C2.annotation	DAKCFMEO_01741
OG0002953	DC3000_protein_12_2025	WP_011103399.1	plate25.C2.annotation	DAKCFMEO_01736
OG0002954	DC3000_protein_12_2025	WP_011103404.1	plate25.C2.annotation	DAKCFMEO_03464
OG0002955	DC3000_protein_12_2025	WP_011103405.1	plate25.C2.annotation	DAKCFMEO_03463
OG0002956	DC3000_protein_12_2025	WP_011103417.1	plate25.C2.annotation	DAKCFMEO_03060
OG0002957	DC3000_protein_12_2025	WP_011103428.1	plate25.C2.annotation	DAKCFMEO_03445
OG0002958	DC3000_protein_12_2025	WP_011103429.1	plate25.C2.annotation	DAKCFMEO_03439
OG0002959	DC3000_protein_12_2025	WP_011103430.1	plate25.C2.annotation	DAKCFMEO_03437
OG0002960	DC3000_protein_12_2025	WP_011103431.1	plate25.C2.annotation	DAKCFMEO_03436
OG0002961	DC3000_protein_12_2025	WP_011103433.1	plate25.C2.annotation	DAKCFMEO_03431
OG0002962	DC3000_protein_12_2025	WP_011103436.1	plate25.C2.annotation	DAKCFMEO_03420
OG0002963	DC3000_protein_12_2025	WP_011103440.1	plate25.C2.annotation	DAKCFMEO_03403
OG0002964	DC3000_protein_12_2025	WP_011103441.1	plate25.C2.annotation	DAKCFMEO_03395
OG0002965	DC3000_protein_12_2025	WP_011103443.1	plate25.C2.annotation	DAKCFMEO_03393
OG0002966	DC3000_protein_12_2025	WP_011103444.1	plate25.C2.annotation	DAKCFMEO_03391
OG0002967	DC3000_protein_12_2025	WP_011103445.1	plate25.C2.annotation	DAKCFMEO_03390
OG0002968	DC3000_protein_12_2025	WP_011103446.1	plate25.C2.annotation	DAKCFMEO_03388
OG0002969	DC3000_protein_12_2025	WP_011103449.1	plate25.C2.annotation	DAKCFMEO_03384
OG0002970	DC3000_protein_12_2025	WP_011103450.1	plate25.C2.annotation	DAKCFMEO_03383
OG0002971	DC3000_protein_12_2025	WP_011103454.1	plate25.C2.annotation	DAKCFMEO_03379
OG0002972	DC3000_protein_12_2025	WP_011103456.1	plate25.C2.annotation	DAKCFMEO_03374
OG0002973	DC3000_protein_12_2025	WP_011103457.1	plate25.C2.annotation	DAKCFMEO_02793
OG0002974	DC3000_protein_12_2025	WP_011103458.1	plate25.C2.annotation	DAKCFMEO_02782
OG0002975	DC3000_protein_12_2025	WP_011103459.1	plate25.C2.annotation	DAKCFMEO_02779
OG0002976	DC3000_protein_12_2025	WP_011103464.1	plate25.C2.annotation	DAKCFMEO_02769
OG0002977	DC3000_protein_12_2025	WP_011103468.1	plate25.C2.annotation	DAKCFMEO_02761
OG0002978	DC3000_protein_12_2025	WP_011103471.1	plate25.C2.annotation	DAKCFMEO_02756
OG0002979	DC3000_protein_12_2025	WP_011103475.1	plate25.C2.annotation	DAKCFMEO_00120
OG0002980	DC3000_protein_12_2025	WP_011103477.1	plate25.C2.annotation	DAKCFMEO_02747
OG0002981	DC3000_protein_12_2025	WP_011103481.1	plate25.C2.annotation	DAKCFMEO_02739
OG0002982	DC3000_protein_12_2025	WP_011103482.1	plate25.C2.annotation	DAKCFMEO_02738
OG0002983	DC3000_protein_12_2025	WP_011103483.1	plate25.C2.annotation	DAKCFMEO_02737
OG0002984	DC3000_protein_12_2025	WP_011103488.1	plate25.C2.annotation	DAKCFMEO_02722
OG0002985	DC3000_protein_12_2025	WP_011103493.1	plate25.C2.annotation	DAKCFMEO_03307
OG0002986	DC3000_protein_12_2025	WP_011103494.1	plate25.C2.annotation	DAKCFMEO_03303
OG0002987	DC3000_protein_12_2025	WP_011103496.1	plate25.C2.annotation	DAKCFMEO_03296
OG0002988	DC3000_protein_12_2025	WP_011103499.1	plate25.C2.annotation	DAKCFMEO_02977
OG0002989	DC3000_protein_12_2025	WP_011103501.1	plate25.C2.annotation	DAKCFMEO_02990
OG0002990	DC3000_protein_12_2025	WP_011103503.1	plate25.C2.annotation	DAKCFMEO_02994
OG0002991	DC3000_protein_12_2025	WP_011103508.1	plate25.C2.annotation	DAKCFMEO_03014
OG0002992	DC3000_protein_12_2025	WP_011103509.1	plate25.C2.annotation	DAKCFMEO_03015
OG0002993	DC3000_protein_12_2025	WP_011103511.1	plate25.C2.annotation	DAKCFMEO_03016
OG0002994	DC3000_protein_12_2025	WP_011103513.1	plate25.C2.annotation	DAKCFMEO_03018
OG0002995	DC3000_protein_12_2025	WP_011103515.1	plate25.C2.annotation	DAKCFMEO_04791
OG0002996	DC3000_protein_12_2025	WP_011103517.1	plate25.C2.annotation	DAKCFMEO_02892
OG0002997	DC3000_protein_12_2025	WP_011103523.1	plate25.C2.annotation	DAKCFMEO_01772
OG0002998	DC3000_protein_12_2025	WP_011103524.1	plate25.C2.annotation	DAKCFMEO_01768
OG0002999	DC3000_protein_12_2025	WP_011103525.1	plate25.C2.annotation	DAKCFMEO_01765
OG0003000	DC3000_protein_12_2025	WP_011103527.1	plate25.C2.annotation	DAKCFMEO_01291
OG0003001	DC3000_protein_12_2025	WP_011103528.1	plate25.C2.annotation	DAKCFMEO_04465
OG0003002	DC3000_protein_12_2025	WP_011103532.1	plate25.C2.annotation	DAKCFMEO_01473
OG0003003	DC3000_protein_12_2025	WP_011103537.1	plate25.C2.annotation	DAKCFMEO_01466
OG0003004	DC3000_protein_12_2025	WP_011103538.1	plate25.C2.annotation	DAKCFMEO_01461
OG0003005	DC3000_protein_12_2025	WP_011103544.1	plate25.C2.annotation	DAKCFMEO_03322
OG0003006	DC3000_protein_12_2025	WP_011103546.1	plate25.C2.annotation	DAKCFMEO_03343
OG0003007	DC3000_protein_12_2025	WP_011103549.1	plate25.C2.annotation	DAKCFMEO_03352
OG0003008	DC3000_protein_12_2025	WP_011103550.1	plate25.C2.annotation	DAKCFMEO_03356
OG0003009	DC3000_protein_12_2025	WP_011103551.1	plate25.C2.annotation	DAKCFMEO_03358
OG0003011	DC3000_protein_12_2025	WP_011103560.1	plate25.C2.annotation	DAKCFMEO_03280
OG0003012	DC3000_protein_12_2025	WP_011103562.1	plate25.C2.annotation	DAKCFMEO_03277
OG0003013	DC3000_protein_12_2025	WP_011103564.1	plate25.C2.annotation	DAKCFMEO_03274
OG0003014	DC3000_protein_12_2025	WP_011103566.1	plate25.C2.annotation	DAKCFMEO_03273
OG0003015	DC3000_protein_12_2025	WP_011103567.1	plate25.C2.annotation	DAKCFMEO_03268
OG0003016	DC3000_protein_12_2025	WP_011103569.1	plate25.C2.annotation	DAKCFMEO_03257
OG0003017	DC3000_protein_12_2025	WP_011103574.1	plate25.C2.annotation	DAKCFMEO_03250
OG0003018	DC3000_protein_12_2025	WP_011103575.1	plate25.C2.annotation	DAKCFMEO_03249
OG0003020	DC3000_protein_12_2025	WP_011103578.1	plate25.C2.annotation	DAKCFMEO_03244
OG0003021	DC3000_protein_12_2025	WP_011103579.1	plate25.C2.annotation	DAKCFMEO_03242
OG0003022	DC3000_protein_12_2025	WP_011103581.1	plate25.C2.annotation	DAKCFMEO_03232
OG0003023	DC3000_protein_12_2025	WP_011103582.1	plate25.C2.annotation	DAKCFMEO_03228
OG0003024	DC3000_protein_12_2025	WP_011103583.1	plate25.C2.annotation	DAKCFMEO_03226
OG0003025	DC3000_protein_12_2025	WP_011103587.1	plate25.C2.annotation	DAKCFMEO_03208
OG0003026	DC3000_protein_12_2025	WP_011103588.1	plate25.C2.annotation	DAKCFMEO_03207
OG0003027	DC3000_protein_12_2025	WP_011103589.1	plate25.C2.annotation	DAKCFMEO_03206
OG0003028	DC3000_protein_12_2025	WP_011103590.1	plate25.C2.annotation	DAKCFMEO_03203
OG0003029	DC3000_protein_12_2025	WP_011103591.1	plate25.C2.annotation	DAKCFMEO_03202
OG0003030	DC3000_protein_12_2025	WP_011103592.1	plate25.C2.annotation	DAKCFMEO_03194
OG0003031	DC3000_protein_12_2025	WP_011103593.1	plate25.C2.annotation	DAKCFMEO_03192
OG0003032	DC3000_protein_12_2025	WP_011103594.1	plate25.C2.annotation	DAKCFMEO_03187
OG0003033	DC3000_protein_12_2025	WP_011103595.1	plate25.C2.annotation	DAKCFMEO_03186
OG0003034	DC3000_protein_12_2025	WP_011103596.1	plate25.C2.annotation	DAKCFMEO_03184
OG0003035	DC3000_protein_12_2025	WP_011103598.1	plate25.C2.annotation	DAKCFMEO_03172
OG0003036	DC3000_protein_12_2025	WP_011103605.1	plate25.C2.annotation	DAKCFMEO_00068
OG0003037	DC3000_protein_12_2025	WP_011103606.1	plate25.C2.annotation	DAKCFMEO_03321
OG0003038	DC3000_protein_12_2025	WP_011103609.1	plate25.C2.annotation	DAKCFMEO_00066
OG0003039	DC3000_protein_12_2025	WP_011103610.1	plate25.C2.annotation	DAKCFMEO_00065
OG0003040	DC3000_protein_12_2025	WP_011103611.1	plate25.C2.annotation	DAKCFMEO_00064
OG0003041	DC3000_protein_12_2025	WP_011103614.1	plate25.C2.annotation	DAKCFMEO_04445
OG0003042	DC3000_protein_12_2025	WP_011103617.1	plate25.C2.annotation	DAKCFMEO_00052
OG0003043	DC3000_protein_12_2025	WP_011103623.1	plate25.C2.annotation	DAKCFMEO_00037
OG0003044	DC3000_protein_12_2025	WP_011103625.1	plate25.C2.annotation	DAKCFMEO_00035
OG0003045	DC3000_protein_12_2025	WP_011103626.1	plate25.C2.annotation	DAKCFMEO_00032
OG0003046	DC3000_protein_12_2025	WP_011103627.1	plate25.C2.annotation	DAKCFMEO_00031
OG0003047	DC3000_protein_12_2025	WP_011103628.1	plate25.C2.annotation	DAKCFMEO_00029
OG0003048	DC3000_protein_12_2025	WP_011103631.1	plate25.C2.annotation	DAKCFMEO_00024
OG0003049	DC3000_protein_12_2025	WP_011103632.1	plate25.C2.annotation	DAKCFMEO_00023
OG0003050	DC3000_protein_12_2025	WP_011103637.1	plate25.C2.annotation	DAKCFMEO_04209
OG0003051	DC3000_protein_12_2025	WP_011103640.1	plate25.C2.annotation	DAKCFMEO_04212
OG0003052	DC3000_protein_12_2025	WP_011103641.1	plate25.C2.annotation	DAKCFMEO_04213
OG0003053	DC3000_protein_12_2025	WP_011103642.1	plate25.C2.annotation	DAKCFMEO_04214
OG0003054	DC3000_protein_12_2025	WP_011103643.1	plate25.C2.annotation	DAKCFMEO_04215
OG0003055	DC3000_protein_12_2025	WP_011103644.1	plate25.C2.annotation	DAKCFMEO_04220
OG0003056	DC3000_protein_12_2025	WP_011103665.1	plate25.C2.annotation	DAKCFMEO_02239
OG0003057	DC3000_protein_12_2025	WP_011103669.1	plate25.C2.annotation	DAKCFMEO_02249
OG0003058	DC3000_protein_12_2025	WP_011103670.1	plate25.C2.annotation	DAKCFMEO_02250
OG0003059	DC3000_protein_12_2025	WP_011103671.1	plate25.C2.annotation	DAKCFMEO_02253
OG0003060	DC3000_protein_12_2025	WP_011103672.1	plate25.C2.annotation	DAKCFMEO_02255
OG0003061	DC3000_protein_12_2025	WP_011103673.1	plate25.C2.annotation	DAKCFMEO_02259
OG0003062	DC3000_protein_12_2025	WP_011103674.1	plate25.C2.annotation	DAKCFMEO_02261
OG0003063	DC3000_protein_12_2025	WP_011103676.1	plate25.C2.annotation	DAKCFMEO_02263
OG0003064	DC3000_protein_12_2025	WP_011103677.1	plate25.C2.annotation	DAKCFMEO_02269
OG0003065	DC3000_protein_12_2025	WP_011103680.1	plate25.C2.annotation	DAKCFMEO_02279
OG0003066	DC3000_protein_12_2025	WP_011103681.1	plate25.C2.annotation	DAKCFMEO_02280
OG0003067	DC3000_protein_12_2025	WP_011103682.1	plate25.C2.annotation	DAKCFMEO_02285
OG0003068	DC3000_protein_12_2025	WP_011103684.1	plate25.C2.annotation	DAKCFMEO_02287
OG0003069	DC3000_protein_12_2025	WP_011103689.1	plate25.C2.annotation	DAKCFMEO_02297
OG0003070	DC3000_protein_12_2025	WP_011103690.1	plate25.C2.annotation	DAKCFMEO_02302
OG0003071	DC3000_protein_12_2025	WP_011103691.1	plate25.C2.annotation	DAKCFMEO_02304
OG0003072	DC3000_protein_12_2025	WP_011103692.1	plate25.C2.annotation	DAKCFMEO_02308
OG0003073	DC3000_protein_12_2025	WP_011103695.1	plate25.C2.annotation	DAKCFMEO_02321
OG0003074	DC3000_protein_12_2025	WP_011103696.1	plate25.C2.annotation	DAKCFMEO_02322
OG0003075	DC3000_protein_12_2025	WP_011103697.1	plate25.C2.annotation	DAKCFMEO_02323
OG0003076	DC3000_protein_12_2025	WP_011103699.1	plate25.C2.annotation	DAKCFMEO_02326
OG0003077	DC3000_protein_12_2025	WP_011103701.1	plate25.C2.annotation	DAKCFMEO_02335
OG0003078	DC3000_protein_12_2025	WP_011103706.1	plate25.C2.annotation	DAKCFMEO_02369
OG0003079	DC3000_protein_12_2025	WP_011103707.1	plate25.C2.annotation	DAKCFMEO_02370
OG0003080	DC3000_protein_12_2025	WP_011103708.1	plate25.C2.annotation	DAKCFMEO_02372
OG0003081	DC3000_protein_12_2025	WP_011103709.1	plate25.C2.annotation	DAKCFMEO_02378
OG0003082	DC3000_protein_12_2025	WP_011103710.1	plate25.C2.annotation	DAKCFMEO_02380
OG0003083	DC3000_protein_12_2025	WP_011103711.1	plate25.C2.annotation	DAKCFMEO_02382
OG0003084	DC3000_protein_12_2025	WP_011103715.1	plate25.C2.annotation	DAKCFMEO_04509
OG0003085	DC3000_protein_12_2025	WP_011103718.1	plate25.C2.annotation	DAKCFMEO_04513
OG0003086	DC3000_protein_12_2025	WP_011103720.1	plate25.C2.annotation	DAKCFMEO_04517
OG0003087	DC3000_protein_12_2025	WP_011103722.1	plate25.C2.annotation	DAKCFMEO_02397
OG0003088	DC3000_protein_12_2025	WP_011103723.1	plate25.C2.annotation	DAKCFMEO_02398
OG0003089	DC3000_protein_12_2025	WP_011103730.1	plate25.C2.annotation	DAKCFMEO_04825
OG0003090	DC3000_protein_12_2025	WP_011103731.1	plate25.C2.annotation	DAKCFMEO_02424
OG0003091	DC3000_protein_12_2025	WP_011103732.1	plate25.C2.annotation	DAKCFMEO_02422
OG0003092	DC3000_protein_12_2025	WP_011103734.1	plate25.C2.annotation	DAKCFMEO_00838
OG0003093	DC3000_protein_12_2025	WP_011103735.1	plate25.C2.annotation	DAKCFMEO_00837
OG0003094	DC3000_protein_12_2025	WP_011103737.1	plate25.C2.annotation	DAKCFMEO_03935
OG0003095	DC3000_protein_12_2025	WP_011103740.1	plate25.C2.annotation	DAKCFMEO_02443
OG0003096	DC3000_protein_12_2025	WP_011103748.1	plate25.C2.annotation	DAKCFMEO_02453
OG0003097	DC3000_protein_12_2025	WP_011103750.1	plate25.C2.annotation	DAKCFMEO_02455
OG0003098	DC3000_protein_12_2025	WP_011103752.1	plate25.C2.annotation	DAKCFMEO_02458
OG0003099	DC3000_protein_12_2025	WP_011103753.1	plate25.C2.annotation	DAKCFMEO_02461
OG0003100	DC3000_protein_12_2025	WP_011103756.1	plate25.C2.annotation	DAKCFMEO_02466
OG0003101	DC3000_protein_12_2025	WP_011103757.1	plate25.C2.annotation	DAKCFMEO_02468
OG0003102	DC3000_protein_12_2025	WP_011103759.1	plate25.C2.annotation	DAKCFMEO_02471
OG0003104	DC3000_protein_12_2025	WP_011103766.1	plate25.C2.annotation	DAKCFMEO_02486
OG0003105	DC3000_protein_12_2025	WP_011103771.1	plate25.C2.annotation	DAKCFMEO_02492
OG0003106	DC3000_protein_12_2025	WP_011103773.1	plate25.C2.annotation	DAKCFMEO_02496
OG0003107	DC3000_protein_12_2025	WP_011103775.1	plate25.C2.annotation	DAKCFMEO_00997
OG0003108	DC3000_protein_12_2025	WP_011103779.1	plate25.C2.annotation	DAKCFMEO_02514
OG0003109	DC3000_protein_12_2025	WP_011103781.1	plate25.C2.annotation	DAKCFMEO_02520
OG0003110	DC3000_protein_12_2025	WP_011103783.1	plate25.C2.annotation	DAKCFMEO_02525
OG0003111	DC3000_protein_12_2025	WP_011103785.1	plate25.C2.annotation	DAKCFMEO_02533
OG0003112	DC3000_protein_12_2025	WP_011103786.1	plate25.C2.annotation	DAKCFMEO_02535
OG0003113	DC3000_protein_12_2025	WP_011103790.1	plate25.C2.annotation	DAKCFMEO_02550
OG0003114	DC3000_protein_12_2025	WP_011103791.1	plate25.C2.annotation	DAKCFMEO_02553
OG0003115	DC3000_protein_12_2025	WP_011103794.1	plate25.C2.annotation	DAKCFMEO_02562
OG0003116	DC3000_protein_12_2025	WP_011103795.1	plate25.C2.annotation	DAKCFMEO_02566
OG0003117	DC3000_protein_12_2025	WP_011103796.1	plate25.C2.annotation	DAKCFMEO_02572
OG0003118	DC3000_protein_12_2025	WP_011103797.1	plate25.C2.annotation	DAKCFMEO_02573
OG0003119	DC3000_protein_12_2025	WP_011103806.1	plate25.C2.annotation	DAKCFMEO_02584
OG0003120	DC3000_protein_12_2025	WP_011103811.1	plate25.C2.annotation	DAKCFMEO_02597
OG0003121	DC3000_protein_12_2025	WP_011103812.1	plate25.C2.annotation	DAKCFMEO_02601
OG0003122	DC3000_protein_12_2025	WP_011103814.1	plate25.C2.annotation	DAKCFMEO_02607
OG0003123	DC3000_protein_12_2025	WP_011103816.1	plate25.C2.annotation	DAKCFMEO_02610
OG0003124	DC3000_protein_12_2025	WP_011103818.1	plate25.C2.annotation	DAKCFMEO_02614
OG0003125	DC3000_protein_12_2025	WP_011103819.1	plate25.C2.annotation	DAKCFMEO_02618
OG0003126	DC3000_protein_12_2025	WP_011103820.1	plate25.C2.annotation	DAKCFMEO_02619
OG0003127	DC3000_protein_12_2025	WP_011103821.1	plate25.C2.annotation	DAKCFMEO_02623
OG0003128	DC3000_protein_12_2025	WP_011103822.1	plate25.C2.annotation	DAKCFMEO_02630
OG0003129	DC3000_protein_12_2025	WP_011103824.1	plate25.C2.annotation	DAKCFMEO_02637
OG0003134	DC3000_protein_12_2025	WP_011103847.1	plate25.C2.annotation	DAKCFMEO_02642
OG0003135	DC3000_protein_12_2025	WP_011103848.1	plate25.C2.annotation	DAKCFMEO_02645
OG0003136	DC3000_protein_12_2025	WP_011103849.1	plate25.C2.annotation	DAKCFMEO_02646
OG0003137	DC3000_protein_12_2025	WP_011103850.1	plate25.C2.annotation	DAKCFMEO_02647
OG0003138	DC3000_protein_12_2025	WP_011103851.1	plate25.C2.annotation	DAKCFMEO_02649
OG0003139	DC3000_protein_12_2025	WP_011103855.1	plate25.C2.annotation	DAKCFMEO_02667
OG0003140	DC3000_protein_12_2025	WP_011103856.1	plate25.C2.annotation	DAKCFMEO_02672
OG0003141	DC3000_protein_12_2025	WP_011103861.1	plate25.C2.annotation	DAKCFMEO_02677
OG0003142	DC3000_protein_12_2025	WP_011103863.1	plate25.C2.annotation	DAKCFMEO_02682
OG0003143	DC3000_protein_12_2025	WP_011103866.1	plate25.C2.annotation	DAKCFMEO_02690
OG0003144	DC3000_protein_12_2025	WP_011103869.1	plate25.C2.annotation	DAKCFMEO_02697
OG0003145	DC3000_protein_12_2025	WP_011103875.1	plate25.C2.annotation	DAKCFMEO_02704
OG0003146	DC3000_protein_12_2025	WP_011103877.1	plate25.C2.annotation	DAKCFMEO_02706
OG0003147	DC3000_protein_12_2025	WP_011103878.1	plate25.C2.annotation	DAKCFMEO_02708
OG0003148	DC3000_protein_12_2025	WP_011103880.1	plate25.C2.annotation	DAKCFMEO_02712
OG0003149	DC3000_protein_12_2025	WP_011103884.1	plate25.C2.annotation	DAKCFMEO_00618
OG0003150	DC3000_protein_12_2025	WP_011103885.1	plate25.C2.annotation	DAKCFMEO_00619
OG0003151	DC3000_protein_12_2025	WP_011103886.1	plate25.C2.annotation	DAKCFMEO_00621
OG0003152	DC3000_protein_12_2025	WP_011103887.1	plate25.C2.annotation	DAKCFMEO_00625
OG0003153	DC3000_protein_12_2025	WP_011103889.1	plate25.C2.annotation	DAKCFMEO_00629
OG0003154	DC3000_protein_12_2025	WP_011103890.1	plate25.C2.annotation	DAKCFMEO_00635
OG0003155	DC3000_protein_12_2025	WP_011103893.1	plate25.C2.annotation	DAKCFMEO_00661
OG0003156	DC3000_protein_12_2025	WP_011103894.1	plate25.C2.annotation	DAKCFMEO_00665
OG0003157	DC3000_protein_12_2025	WP_011103900.1	plate25.C2.annotation	DAKCFMEO_00677
OG0003158	DC3000_protein_12_2025	WP_011103902.1	plate25.C2.annotation	DAKCFMEO_00679
OG0003159	DC3000_protein_12_2025	WP_011103906.1	plate25.C2.annotation	DAKCFMEO_00682
OG0003160	DC3000_protein_12_2025	WP_011103910.1	plate25.C2.annotation	DAKCFMEO_00687
OG0003161	DC3000_protein_12_2025	WP_011103912.1	plate25.C2.annotation	DAKCFMEO_00689
OG0003162	DC3000_protein_12_2025	WP_011103913.1	plate25.C2.annotation	DAKCFMEO_00690
OG0003163	DC3000_protein_12_2025	WP_011103914.1	plate25.C2.annotation	DAKCFMEO_00691
OG0003164	DC3000_protein_12_2025	WP_011103916.1	plate25.C2.annotation	DAKCFMEO_00696
OG0003165	DC3000_protein_12_2025	WP_011103917.1	plate25.C2.annotation	DAKCFMEO_00700
OG0003166	DC3000_protein_12_2025	WP_011103918.1	plate25.C2.annotation	DAKCFMEO_00701
OG0003167	DC3000_protein_12_2025	WP_011103924.1	plate25.C2.annotation	DAKCFMEO_00709
OG0003168	DC3000_protein_12_2025	WP_011103925.1	plate25.C2.annotation	DAKCFMEO_00711
OG0003169	DC3000_protein_12_2025	WP_011103929.1	plate25.C2.annotation	DAKCFMEO_00718
OG0003170	DC3000_protein_12_2025	WP_011103932.1	plate25.C2.annotation	DAKCFMEO_00728
OG0003171	DC3000_protein_12_2025	WP_011103934.1	plate25.C2.annotation	DAKCFMEO_00732
OG0003172	DC3000_protein_12_2025	WP_011103935.1	plate25.C2.annotation	DAKCFMEO_00737
OG0003173	DC3000_protein_12_2025	WP_011103938.1	plate25.C2.annotation	DAKCFMEO_00742
OG0003174	DC3000_protein_12_2025	WP_011103940.1	plate25.C2.annotation	DAKCFMEO_00744
OG0003175	DC3000_protein_12_2025	WP_011103941.1	plate25.C2.annotation	DAKCFMEO_00747
OG0003176	DC3000_protein_12_2025	WP_011103942.1	plate25.C2.annotation	DAKCFMEO_00748
OG0003177	DC3000_protein_12_2025	WP_011103955.1	plate25.C2.annotation	DAKCFMEO_00761
OG0003178	DC3000_protein_12_2025	WP_011103957.1	plate25.C2.annotation	DAKCFMEO_00765
OG0003179	DC3000_protein_12_2025	WP_011103958.1	plate25.C2.annotation	DAKCFMEO_00766
OG0003180	DC3000_protein_12_2025	WP_011103961.1	plate25.C2.annotation	DAKCFMEO_00772
OG0003181	DC3000_protein_12_2025	WP_011103962.1	plate25.C2.annotation	DAKCFMEO_00776
OG0003182	DC3000_protein_12_2025	WP_011103963.1	plate25.C2.annotation	DAKCFMEO_00778
OG0003183	DC3000_protein_12_2025	WP_011103964.1	plate25.C2.annotation	DAKCFMEO_00780
OG0003184	DC3000_protein_12_2025	WP_011103965.1	plate25.C2.annotation	DAKCFMEO_00788
OG0003185	DC3000_protein_12_2025	WP_011103966.1	plate25.C2.annotation	DAKCFMEO_00789
OG0003186	DC3000_protein_12_2025	WP_011103970.1	plate25.C2.annotation	DAKCFMEO_00802
OG0003187	DC3000_protein_12_2025	WP_011103972.1	plate25.C2.annotation	DAKCFMEO_00816
OG0003188	DC3000_protein_12_2025	WP_011103979.1	plate25.C2.annotation	DAKCFMEO_03844
OG0003189	DC3000_protein_12_2025	WP_011103980.1	plate25.C2.annotation	DAKCFMEO_03845
OG0003190	DC3000_protein_12_2025	WP_011103982.1	plate25.C2.annotation	DAKCFMEO_03847
OG0003191	DC3000_protein_12_2025	WP_011103987.1	plate25.C2.annotation	DAKCFMEO_01004
OG0003192	DC3000_protein_12_2025	WP_011103989.1	plate25.C2.annotation	DAKCFMEO_00824
OG0003193	DC3000_protein_12_2025	WP_011103990.1	plate25.C2.annotation	DAKCFMEO_00827
OG0003194	DC3000_protein_12_2025	WP_011103993.1	plate25.C2.annotation	DAKCFMEO_00836
OG0003195	DC3000_protein_12_2025	WP_011104008.1	plate25.C2.annotation	DAKCFMEO_00859
OG0003196	DC3000_protein_12_2025	WP_011104011.1	plate25.C2.annotation	DAKCFMEO_00868
OG0003197	DC3000_protein_12_2025	WP_011104012.1	plate25.C2.annotation	DAKCFMEO_00870
OG0003198	DC3000_protein_12_2025	WP_011104013.1	plate25.C2.annotation	DAKCFMEO_00871
OG0003199	DC3000_protein_12_2025	WP_011104014.1	plate25.C2.annotation	DAKCFMEO_00872
OG0003201	DC3000_protein_12_2025	WP_011104020.1	plate25.C2.annotation	DAKCFMEO_00900
OG0003202	DC3000_protein_12_2025	WP_011104022.1	plate25.C2.annotation	DAKCFMEO_00901
OG0003203	DC3000_protein_12_2025	WP_011104023.1	plate25.C2.annotation	DAKCFMEO_00902
OG0003204	DC3000_protein_12_2025	WP_011104024.1	plate25.C2.annotation	DAKCFMEO_00904
OG0003205	DC3000_protein_12_2025	WP_011104026.1	plate25.C2.annotation	DAKCFMEO_00907
OG0003206	DC3000_protein_12_2025	WP_011104027.1	plate25.C2.annotation	DAKCFMEO_00916
OG0003207	DC3000_protein_12_2025	WP_011104029.1	plate25.C2.annotation	DAKCFMEO_01405
OG0003208	DC3000_protein_12_2025	WP_011104033.1	plate25.C2.annotation	DAKCFMEO_01368
OG0003209	DC3000_protein_12_2025	WP_011104034.1	plate25.C2.annotation	DAKCFMEO_01365
OG0003210	DC3000_protein_12_2025	WP_011104035.1	plate25.C2.annotation	DAKCFMEO_01364
OG0003211	DC3000_protein_12_2025	WP_011104036.1	plate25.C2.annotation	DAKCFMEO_01363
OG0003212	DC3000_protein_12_2025	WP_011104038.1	plate25.C2.annotation	DAKCFMEO_04461
OG0003213	DC3000_protein_12_2025	WP_011104041.1	plate25.C2.annotation	DAKCFMEO_01353
OG0003214	DC3000_protein_12_2025	WP_011104044.1	plate25.C2.annotation	DAKCFMEO_01347
OG0003215	DC3000_protein_12_2025	WP_011104045.1	plate25.C2.annotation	DAKCFMEO_01346
OG0003216	DC3000_protein_12_2025	WP_011104047.1	plate25.C2.annotation	DAKCFMEO_01343
OG0003217	DC3000_protein_12_2025	WP_011104050.1	plate25.C2.annotation	DAKCFMEO_01336
OG0003218	DC3000_protein_12_2025	WP_011104051.1	plate25.C2.annotation	DAKCFMEO_01335
OG0003219	DC3000_protein_12_2025	WP_011104052.1	plate25.C2.annotation	DAKCFMEO_01334
OG0003220	DC3000_protein_12_2025	WP_011104053.1	plate25.C2.annotation	DAKCFMEO_01333
OG0003221	DC3000_protein_12_2025	WP_011104054.1	plate25.C2.annotation	DAKCFMEO_01332
OG0003222	DC3000_protein_12_2025	WP_011104055.1	plate25.C2.annotation	DAKCFMEO_01331
OG0003223	DC3000_protein_12_2025	WP_011104057.1	plate25.C2.annotation	DAKCFMEO_01326
OG0003224	DC3000_protein_12_2025	WP_011104058.1	plate25.C2.annotation	DAKCFMEO_01325
OG0003225	DC3000_protein_12_2025	WP_011104060.1	plate25.C2.annotation	DAKCFMEO_01323
OG0003226	DC3000_protein_12_2025	WP_011104063.1	plate25.C2.annotation	DAKCFMEO_01319
OG0003227	DC3000_protein_12_2025	WP_011104064.1	plate25.C2.annotation	DAKCFMEO_01318
OG0003228	DC3000_protein_12_2025	WP_011104065.1	plate25.C2.annotation	DAKCFMEO_01316
OG0003229	DC3000_protein_12_2025	WP_011104080.1	plate25.C2.annotation	DAKCFMEO_01403
OG0003230	DC3000_protein_12_2025	WP_011104081.1	plate25.C2.annotation	DAKCFMEO_01400
OG0003231	DC3000_protein_12_2025	WP_011104082.1	plate25.C2.annotation	DAKCFMEO_01398
OG0003232	DC3000_protein_12_2025	WP_011104083.1	plate25.C2.annotation	DAKCFMEO_01397
OG0003233	DC3000_protein_12_2025	WP_011104084.1	plate25.C2.annotation	DAKCFMEO_01396
OG0003234	DC3000_protein_12_2025	WP_011104085.1	plate25.C2.annotation	DAKCFMEO_01395
OG0003235	DC3000_protein_12_2025	WP_011104086.1	plate25.C2.annotation	DAKCFMEO_01394
OG0003236	DC3000_protein_12_2025	WP_011104087.1	plate25.C2.annotation	DAKCFMEO_01393
OG0003237	DC3000_protein_12_2025	WP_011104088.1	plate25.C2.annotation	DAKCFMEO_01392
OG0003238	DC3000_protein_12_2025	WP_011104089.1	plate25.C2.annotation	DAKCFMEO_01391
OG0003239	DC3000_protein_12_2025	WP_011104090.1	plate25.C2.annotation	DAKCFMEO_01390
OG0003240	DC3000_protein_12_2025	WP_011104091.1	plate25.C2.annotation	DAKCFMEO_01387
OG0003241	DC3000_protein_12_2025	WP_011104093.1	plate25.C2.annotation	DAKCFMEO_01379
OG0003242	DC3000_protein_12_2025	WP_011104094.1	plate25.C2.annotation	DAKCFMEO_01377
OG0003243	DC3000_protein_12_2025	WP_011104098.1	plate25.C2.annotation	DAKCFMEO_00887
OG0003244	DC3000_protein_12_2025	WP_011104102.1	plate25.C2.annotation	DAKCFMEO_00891
OG0003245	DC3000_protein_12_2025	WP_011104111.1	plate25.C2.annotation	DAKCFMEO_01034
OG0003246	DC3000_protein_12_2025	WP_011104112.1	plate25.C2.annotation	DAKCFMEO_01038
OG0003247	DC3000_protein_12_2025	WP_011104113.1	plate25.C2.annotation	DAKCFMEO_01040
OG0003248	DC3000_protein_12_2025	WP_011104114.1	plate25.C2.annotation	DAKCFMEO_01042
OG0003249	DC3000_protein_12_2025	WP_011104120.1	plate25.C2.annotation	DAKCFMEO_01044
OG0003250	DC3000_protein_12_2025	WP_011104121.1	plate25.C2.annotation	DAKCFMEO_01046
OG0003251	DC3000_protein_12_2025	WP_011104122.1	plate25.C2.annotation	DAKCFMEO_01050
OG0003252	DC3000_protein_12_2025	WP_011104123.1	plate25.C2.annotation	DAKCFMEO_01052
OG0003254	DC3000_protein_12_2025	WP_011104134.1	plate25.C2.annotation	DAKCFMEO_01103
OG0003255	DC3000_protein_12_2025	WP_011104136.1	plate25.C2.annotation	DAKCFMEO_01110
OG0003256	DC3000_protein_12_2025	WP_011104137.1	plate25.C2.annotation	DAKCFMEO_01112
OG0003257	DC3000_protein_12_2025	WP_011104140.1	plate25.C2.annotation	DAKCFMEO_01118
OG0003258	DC3000_protein_12_2025	WP_011104144.1	plate25.C2.annotation	DAKCFMEO_01127
OG0003259	DC3000_protein_12_2025	WP_011104145.1	plate25.C2.annotation	DAKCFMEO_01128
OG0003260	DC3000_protein_12_2025	WP_011104147.1	plate25.C2.annotation	DAKCFMEO_01130
OG0003261	DC3000_protein_12_2025	WP_011104148.1	plate25.C2.annotation	DAKCFMEO_01131
OG0003262	DC3000_protein_12_2025	WP_011104152.1	plate25.C2.annotation	DAKCFMEO_01178
OG0003263	DC3000_protein_12_2025	WP_011104154.1	plate25.C2.annotation	DAKCFMEO_01180
OG0003264	DC3000_protein_12_2025	WP_011104155.1	plate25.C2.annotation	DAKCFMEO_01181
OG0003265	DC3000_protein_12_2025	WP_011104156.1	plate25.C2.annotation	DAKCFMEO_01183
OG0003266	DC3000_protein_12_2025	WP_011104157.1	plate25.C2.annotation	DAKCFMEO_01185
OG0003267	DC3000_protein_12_2025	WP_011104161.1	plate25.C2.annotation	DAKCFMEO_03715
OG0003268	DC3000_protein_12_2025	WP_011104162.1	plate25.C2.annotation	DAKCFMEO_03717
OG0003269	DC3000_protein_12_2025	WP_011104163.1	plate25.C2.annotation	DAKCFMEO_03720
OG0003270	DC3000_protein_12_2025	WP_011104164.1	plate25.C2.annotation	DAKCFMEO_03721
OG0003271	DC3000_protein_12_2025	WP_011104166.1	plate25.C2.annotation	DAKCFMEO_03724
OG0003272	DC3000_protein_12_2025	WP_011104167.1	plate25.C2.annotation	DAKCFMEO_03727
OG0003273	DC3000_protein_12_2025	WP_011104169.1	plate25.C2.annotation	DAKCFMEO_03729
OG0003274	DC3000_protein_12_2025	WP_011104170.1	plate25.C2.annotation	DAKCFMEO_03731
OG0003275	DC3000_protein_12_2025	WP_011104175.1	plate25.C2.annotation	DAKCFMEO_03738
OG0003276	DC3000_protein_12_2025	WP_011104176.1	plate25.C2.annotation	DAKCFMEO_03739
OG0003277	DC3000_protein_12_2025	WP_011104178.1	plate25.C2.annotation	DAKCFMEO_03744
OG0003278	DC3000_protein_12_2025	WP_011104179.1	plate25.C2.annotation	DAKCFMEO_03745
OG0003279	DC3000_protein_12_2025	WP_011104183.1	plate25.C2.annotation	DAKCFMEO_03752
OG0003280	DC3000_protein_12_2025	WP_011104188.1	plate25.C2.annotation	DAKCFMEO_03763
OG0003281	DC3000_protein_12_2025	WP_011104189.1	plate25.C2.annotation	DAKCFMEO_03768
OG0003282	DC3000_protein_12_2025	WP_011104191.1	plate25.C2.annotation	DAKCFMEO_03773
OG0003283	DC3000_protein_12_2025	WP_011104192.1	plate25.C2.annotation	DAKCFMEO_03774
OG0003284	DC3000_protein_12_2025	WP_011104195.1	plate25.C2.annotation	DAKCFMEO_03776
OG0003285	DC3000_protein_12_2025	WP_011104197.1	plate25.C2.annotation	DAKCFMEO_03780
OG0003286	DC3000_protein_12_2025	WP_011104198.1	plate25.C2.annotation	DAKCFMEO_03781
OG0003287	DC3000_protein_12_2025	WP_011104204.1	plate25.C2.annotation	DAKCFMEO_03787
OG0003288	DC3000_protein_12_2025	WP_011104205.1	plate25.C2.annotation	DAKCFMEO_03788
OG0003289	DC3000_protein_12_2025	WP_011104206.1	plate25.C2.annotation	DAKCFMEO_03789
OG0003290	DC3000_protein_12_2025	WP_011104207.1	plate25.C2.annotation	DAKCFMEO_03790
OG0003291	DC3000_protein_12_2025	WP_011104208.1	plate25.C2.annotation	DAKCFMEO_03804
OG0003292	DC3000_protein_12_2025	WP_011104209.1	plate25.C2.annotation	DAKCFMEO_03806
OG0003293	DC3000_protein_12_2025	WP_011104210.1	plate25.C2.annotation	DAKCFMEO_03808
OG0003295	DC3000_protein_12_2025	WP_011104238.1	plate25.C2.annotation	DAKCFMEO_01498
OG0003296	DC3000_protein_12_2025	WP_011104241.1	plate25.C2.annotation	DAKCFMEO_04389
OG0003297	DC3000_protein_12_2025	WP_011104242.1	plate25.C2.annotation	DAKCFMEO_04388
OG0003298	DC3000_protein_12_2025	WP_011104259.1	plate25.C2.annotation	DAKCFMEO_00940
OG0003299	DC3000_protein_12_2025	WP_011104261.1	plate25.C2.annotation	DAKCFMEO_03909
OG0003300	DC3000_protein_12_2025	WP_011104262.1	plate25.C2.annotation	DAKCFMEO_03911
OG0003301	DC3000_protein_12_2025	WP_011104263.1	plate25.C2.annotation	DAKCFMEO_03912
OG0003302	DC3000_protein_12_2025	WP_011104264.1	plate25.C2.annotation	DAKCFMEO_03921
OG0003303	DC3000_protein_12_2025	WP_011104265.1	plate25.C2.annotation	DAKCFMEO_03922
OG0003304	DC3000_protein_12_2025	WP_011104268.1	plate25.C2.annotation	DAKCFMEO_03932
OG0003305	DC3000_protein_12_2025	WP_011104279.1	plate25.C2.annotation	DAKCFMEO_00327
OG0003306	DC3000_protein_12_2025	WP_011104280.1	plate25.C2.annotation	DAKCFMEO_01804
OG0003307	DC3000_protein_12_2025	WP_011104284.1	plate25.C2.annotation	DAKCFMEO_03940
OG0003308	DC3000_protein_12_2025	WP_011104287.1	plate25.C2.annotation	DAKCFMEO_03947
OG0003309	DC3000_protein_12_2025	WP_011104288.1	plate25.C2.annotation	DAKCFMEO_03948
OG0003310	DC3000_protein_12_2025	WP_011104290.1	plate25.C2.annotation	DAKCFMEO_03949
OG0003311	DC3000_protein_12_2025	WP_011104294.1	plate25.C2.annotation	DAKCFMEO_03958
OG0003312	DC3000_protein_12_2025	WP_011104300.1	plate25.C2.annotation	DAKCFMEO_03969
OG0003313	DC3000_protein_12_2025	WP_011104304.1	plate25.C2.annotation	DAKCFMEO_03974
OG0003314	DC3000_protein_12_2025	WP_011104305.1	plate25.C2.annotation	DAKCFMEO_03975
OG0003315	DC3000_protein_12_2025	WP_011104308.1	plate25.C2.annotation	DAKCFMEO_03978
OG0003316	DC3000_protein_12_2025	WP_011104311.1	plate25.C2.annotation	DAKCFMEO_00604
OG0003317	DC3000_protein_12_2025	WP_011104312.1	plate25.C2.annotation	DAKCFMEO_00605
OG0003318	DC3000_protein_12_2025	WP_011104314.1	plate25.C2.annotation	DAKCFMEO_03992
OG0003319	DC3000_protein_12_2025	WP_011104317.1	plate25.C2.annotation	DAKCFMEO_03997
OG0003320	DC3000_protein_12_2025	WP_011104318.1	plate25.C2.annotation	DAKCFMEO_03998
OG0003321	DC3000_protein_12_2025	WP_011104319.1	plate25.C2.annotation	DAKCFMEO_04000
OG0003322	DC3000_protein_12_2025	WP_011104320.1	plate25.C2.annotation	DAKCFMEO_04001
OG0003323	DC3000_protein_12_2025	WP_011104322.1	plate25.C2.annotation	DAKCFMEO_04003
OG0003324	DC3000_protein_12_2025	WP_011104323.1	plate25.C2.annotation	DAKCFMEO_04004
OG0003325	DC3000_protein_12_2025	WP_011104324.1	plate25.C2.annotation	DAKCFMEO_04005
OG0003326	DC3000_protein_12_2025	WP_011104325.1	plate25.C2.annotation	DAKCFMEO_04007
OG0003327	DC3000_protein_12_2025	WP_011104327.1	plate25.C2.annotation	DAKCFMEO_02053
OG0003328	DC3000_protein_12_2025	WP_011104333.1	plate25.C2.annotation	DAKCFMEO_03902
OG0003329	DC3000_protein_12_2025	WP_011104336.1	plate25.C2.annotation	DAKCFMEO_04026
OG0003330	DC3000_protein_12_2025	WP_011104341.1	plate25.C2.annotation	DAKCFMEO_04036
OG0003331	DC3000_protein_12_2025	WP_011104342.1	plate25.C2.annotation	DAKCFMEO_04037
OG0003332	DC3000_protein_12_2025	WP_011104343.1	plate25.C2.annotation	DAKCFMEO_04038
OG0003333	DC3000_protein_12_2025	WP_011104344.1	plate25.C2.annotation	DAKCFMEO_04041
OG0003334	DC3000_protein_12_2025	WP_011104349.1	plate25.C2.annotation	DAKCFMEO_04011
OG0003335	DC3000_protein_12_2025	WP_011104350.1	plate25.C2.annotation	DAKCFMEO_04012
OG0003336	DC3000_protein_12_2025	WP_011104365.1	plate25.C2.annotation	DAKCFMEO_04794
OG0003337	DC3000_protein_12_2025	WP_011104368.1	plate25.C2.annotation	DAKCFMEO_03107
OG0003338	DC3000_protein_12_2025	WP_011104371.1	plate25.C2.annotation	DAKCFMEO_04062
OG0003339	DC3000_protein_12_2025	WP_011104374.1	plate25.C2.annotation	DAKCFMEO_04016
OG0003340	DC3000_protein_12_2025	WP_011104391.1	plate25.C2.annotation	DAKCFMEO_04088
OG0003341	DC3000_protein_12_2025	WP_011104393.1	plate25.C2.annotation	DAKCFMEO_04097
OG0003342	DC3000_protein_12_2025	WP_011104394.1	plate25.C2.annotation	DAKCFMEO_04100
OG0003343	DC3000_protein_12_2025	WP_011104396.1	plate25.C2.annotation	DAKCFMEO_04106
OG0003344	DC3000_protein_12_2025	WP_011104397.1	plate25.C2.annotation	DAKCFMEO_04107
OG0003345	DC3000_protein_12_2025	WP_011104399.1	plate25.C2.annotation	DAKCFMEO_04113
OG0003346	DC3000_protein_12_2025	WP_011104402.1	plate25.C2.annotation	DAKCFMEO_04123
OG0003347	DC3000_protein_12_2025	WP_011104404.1	plate25.C2.annotation	DAKCFMEO_01614
OG0003348	DC3000_protein_12_2025	WP_011104405.1	plate25.C2.annotation	DAKCFMEO_01615
OG0003349	DC3000_protein_12_2025	WP_011104406.1	plate25.C2.annotation	DAKCFMEO_01618
OG0003350	DC3000_protein_12_2025	WP_011104407.1	plate25.C2.annotation	DAKCFMEO_01620
OG0003351	DC3000_protein_12_2025	WP_011104408.1	plate25.C2.annotation	DAKCFMEO_01031
OG0003352	DC3000_protein_12_2025	WP_011104410.1	plate25.C2.annotation	DAKCFMEO_01026
OG0003353	DC3000_protein_12_2025	WP_011104412.1	plate25.C2.annotation	DAKCFMEO_01021
OG0003354	DC3000_protein_12_2025	WP_011104413.1	plate25.C2.annotation	DAKCFMEO_01020
OG0003355	DC3000_protein_12_2025	WP_011104417.1	plate25.C2.annotation	DAKCFMEO_01009
OG0003356	DC3000_protein_12_2025	WP_011104420.1	plate25.C2.annotation	DAKCFMEO_00261
OG0003357	DC3000_protein_12_2025	WP_011104421.1	plate25.C2.annotation	DAKCFMEO_00263
OG0003358	DC3000_protein_12_2025	WP_011104422.1	plate25.C2.annotation	DAKCFMEO_00264
OG0003359	DC3000_protein_12_2025	WP_011104423.1	plate25.C2.annotation	DAKCFMEO_00265
OG0003360	DC3000_protein_12_2025	WP_011104424.1	plate25.C2.annotation	DAKCFMEO_00266
OG0003361	DC3000_protein_12_2025	WP_011104427.1	plate25.C2.annotation	DAKCFMEO_00996
OG0003362	DC3000_protein_12_2025	WP_011104434.1	plate25.C2.annotation	DAKCFMEO_03840
OG0003363	DC3000_protein_12_2025	WP_011104447.1	plate25.C2.annotation	DAKCFMEO_00974
OG0003364	DC3000_protein_12_2025	WP_011104448.1	plate25.C2.annotation	DAKCFMEO_00964
OG0003365	DC3000_protein_12_2025	WP_011104449.1	plate25.C2.annotation	DAKCFMEO_00268
OG0003366	DC3000_protein_12_2025	WP_011104453.1	plate25.C2.annotation	DAKCFMEO_00945
OG0003367	DC3000_protein_12_2025	WP_011104455.1	plate25.C2.annotation	DAKCFMEO_00943
OG0003368	DC3000_protein_12_2025	WP_011104456.1	plate25.C2.annotation	DAKCFMEO_00942
OG0003369	DC3000_protein_12_2025	WP_011104458.1	plate25.C2.annotation	DAKCFMEO_00934
OG0003370	DC3000_protein_12_2025	WP_011104459.1	plate25.C2.annotation	DAKCFMEO_00931
OG0003371	DC3000_protein_12_2025	WP_011104460.1	plate25.C2.annotation	DAKCFMEO_00930
OG0003372	DC3000_protein_12_2025	WP_011104461.1	plate25.C2.annotation	DAKCFMEO_00923
OG0003373	DC3000_protein_12_2025	WP_011104464.1	plate25.C2.annotation	DAKCFMEO_00921
OG0003374	DC3000_protein_12_2025	WP_011104465.1	plate25.C2.annotation	DAKCFMEO_00920
OG0003375	DC3000_protein_12_2025	WP_011104467.1	plate25.C2.annotation	DAKCFMEO_01414
OG0003376	DC3000_protein_12_2025	WP_011104468.1	plate25.C2.annotation	DAKCFMEO_01415
OG0003377	DC3000_protein_12_2025	WP_011104472.1	plate25.C2.annotation	DAKCFMEO_01419
OG0003378	DC3000_protein_12_2025	WP_011104473.1	plate25.C2.annotation	DAKCFMEO_01423
OG0003379	DC3000_protein_12_2025	WP_011104474.1	plate25.C2.annotation	DAKCFMEO_01424
OG0003380	DC3000_protein_12_2025	WP_011104483.1	plate25.C2.annotation	DAKCFMEO_04403
OG0003381	DC3000_protein_12_2025	WP_011104489.1	plate25.C2.annotation	DAKCFMEO_01439
OG0003382	DC3000_protein_12_2025	WP_011104490.1	plate25.C2.annotation	DAKCFMEO_01441
OG0003383	DC3000_protein_12_2025	WP_011104492.1	plate25.C2.annotation	DAKCFMEO_01445
OG0003384	DC3000_protein_12_2025	WP_011104493.1	plate25.C2.annotation	DAKCFMEO_01447
OG0003385	DC3000_protein_12_2025	WP_011104495.1	plate25.C2.annotation	DAKCFMEO_01457
OG0003386	DC3000_protein_12_2025	WP_011104496.1	plate25.C2.annotation	DAKCFMEO_01458
OG0003387	DC3000_protein_12_2025	WP_011104498.1	plate25.C2.annotation	DAKCFMEO_01490
OG0003388	DC3000_protein_12_2025	WP_011104501.1	plate25.C2.annotation	DAKCFMEO_00512
OG0003389	DC3000_protein_12_2025	WP_011104502.1	plate25.C2.annotation	DAKCFMEO_01502
OG0003390	DC3000_protein_12_2025	WP_011104503.1	plate25.C2.annotation	DAKCFMEO_01503
OG0003391	DC3000_protein_12_2025	WP_011104504.1	plate25.C2.annotation	DAKCFMEO_01505
OG0003392	DC3000_protein_12_2025	WP_011104505.1	plate25.C2.annotation	DAKCFMEO_01508
OG0003393	DC3000_protein_12_2025	WP_011104507.1	plate25.C2.annotation	DAKCFMEO_01510
OG0003394	DC3000_protein_12_2025	WP_011104508.1	plate25.C2.annotation	DAKCFMEO_01516
OG0003395	DC3000_protein_12_2025	WP_011104510.1	plate25.C2.annotation	DAKCFMEO_01521
OG0003396	DC3000_protein_12_2025	WP_011104511.1	plate25.C2.annotation	DAKCFMEO_01523
OG0003397	DC3000_protein_12_2025	WP_011104512.1	plate25.C2.annotation	DAKCFMEO_01528
OG0003398	DC3000_protein_12_2025	WP_011104513.1	plate25.C2.annotation	DAKCFMEO_01529
OG0003399	DC3000_protein_12_2025	WP_011104514.1	plate25.C2.annotation	DAKCFMEO_01534
OG0003400	DC3000_protein_12_2025	WP_011104515.1	plate25.C2.annotation	DAKCFMEO_01542
OG0003401	DC3000_protein_12_2025	WP_011104516.1	plate25.C2.annotation	DAKCFMEO_01543
OG0003402	DC3000_protein_12_2025	WP_011104517.1	plate25.C2.annotation	DAKCFMEO_01544
OG0003403	DC3000_protein_12_2025	WP_011104518.1	plate25.C2.annotation	DAKCFMEO_01545
OG0003405	DC3000_protein_12_2025	WP_011104554.1	plate25.C2.annotation	DAKCFMEO_04755
OG0003406	DC3000_protein_12_2025	WP_011104555.1	plate25.C2.annotation	DAKCFMEO_04754
OG0003407	DC3000_protein_12_2025	WP_011104557.1	plate25.C2.annotation	DAKCFMEO_04751
OG0003408	DC3000_protein_12_2025	WP_011104559.1	plate25.C2.annotation	DAKCFMEO_04748
OG0003409	DC3000_protein_12_2025	WP_011104560.1	plate25.C2.annotation	DAKCFMEO_04747
OG0003410	DC3000_protein_12_2025	WP_011104561.1	plate25.C2.annotation	DAKCFMEO_04744
OG0003411	DC3000_protein_12_2025	WP_011104562.1	plate25.C2.annotation	DAKCFMEO_04743
OG0003412	DC3000_protein_12_2025	WP_011104563.1	plate25.C2.annotation	DAKCFMEO_04741
OG0003413	DC3000_protein_12_2025	WP_011104564.1	plate25.C2.annotation	DAKCFMEO_04740
OG0003414	DC3000_protein_12_2025	WP_011104565.1	plate25.C2.annotation	DAKCFMEO_04731
OG0003415	DC3000_protein_12_2025	WP_011104566.1	plate25.C2.annotation	DAKCFMEO_04728
OG0003416	DC3000_protein_12_2025	WP_011104567.1	plate25.C2.annotation	DAKCFMEO_04727
OG0003417	DC3000_protein_12_2025	WP_011104571.1	plate25.C2.annotation	DAKCFMEO_04723
OG0003418	DC3000_protein_12_2025	WP_011104572.1	plate25.C2.annotation	DAKCFMEO_04721
OG0003419	DC3000_protein_12_2025	WP_011104573.1	plate25.C2.annotation	DAKCFMEO_04720
OG0003420	DC3000_protein_12_2025	WP_011104574.1	plate25.C2.annotation	DAKCFMEO_04719
OG0003421	DC3000_protein_12_2025	WP_011104575.1	plate25.C2.annotation	DAKCFMEO_04715
OG0003422	DC3000_protein_12_2025	WP_011104576.1	plate25.C2.annotation	DAKCFMEO_04714
OG0003423	DC3000_protein_12_2025	WP_011104587.1	plate25.C2.annotation	DAKCFMEO_04697
OG0003424	DC3000_protein_12_2025	WP_011104589.1	plate25.C2.annotation	DAKCFMEO_04692
OG0003425	DC3000_protein_12_2025	WP_011104590.1	plate25.C2.annotation	DAKCFMEO_04686
OG0003426	DC3000_protein_12_2025	WP_011104591.1	plate25.C2.annotation	DAKCFMEO_04684
OG0003427	DC3000_protein_12_2025	WP_011104593.1	plate25.C2.annotation	DAKCFMEO_04678
OG0003428	DC3000_protein_12_2025	WP_011104595.1	plate25.C2.annotation	DAKCFMEO_04675
OG0003429	DC3000_protein_12_2025	WP_011104596.1	plate25.C2.annotation	DAKCFMEO_04674
OG0003430	DC3000_protein_12_2025	WP_011104597.1	plate25.C2.annotation	DAKCFMEO_04671
OG0003431	DC3000_protein_12_2025	WP_011104598.1	plate25.C2.annotation	DAKCFMEO_04670
OG0003432	DC3000_protein_12_2025	WP_011104600.1	plate25.C2.annotation	DAKCFMEO_04660
OG0003433	DC3000_protein_12_2025	WP_011104601.1	plate25.C2.annotation	DAKCFMEO_04659
OG0003434	DC3000_protein_12_2025	WP_011104602.1	plate25.C2.annotation	DAKCFMEO_04658
OG0003435	DC3000_protein_12_2025	WP_011104603.1	plate25.C2.annotation	DAKCFMEO_04655
OG0003436	DC3000_protein_12_2025	WP_011104606.1	plate25.C2.annotation	DAKCFMEO_04638
OG0003437	DC3000_protein_12_2025	WP_011104608.1	plate25.C2.annotation	DAKCFMEO_04632
OG0003438	DC3000_protein_12_2025	WP_011104610.1	plate25.C2.annotation	DAKCFMEO_04628
OG0003439	DC3000_protein_12_2025	WP_011104612.1	plate25.C2.annotation	DAKCFMEO_04618
OG0003440	DC3000_protein_12_2025	WP_011104619.1	plate25.C2.annotation	DAKCFMEO_04602
OG0003441	DC3000_protein_12_2025	WP_011104620.1	plate25.C2.annotation	DAKCFMEO_04594
OG0003442	DC3000_protein_12_2025	WP_011104622.1	plate25.C2.annotation	DAKCFMEO_04592
OG0003443	DC3000_protein_12_2025	WP_011104623.1	plate25.C2.annotation	DAKCFMEO_04578
OG0003444	DC3000_protein_12_2025	WP_011104624.1	plate25.C2.annotation	DAKCFMEO_04567
OG0003445	DC3000_protein_12_2025	WP_011104625.1	plate25.C2.annotation	DAKCFMEO_04565
OG0003446	DC3000_protein_12_2025	WP_011104633.1	plate25.C2.annotation	DAKCFMEO_04558
OG0003447	DC3000_protein_12_2025	WP_011104635.1	plate25.C2.annotation	DAKCFMEO_04555
OG0003448	DC3000_protein_12_2025	WP_011104636.1	plate25.C2.annotation	DAKCFMEO_04554
OG0003449	DC3000_protein_12_2025	WP_011104638.1	plate25.C2.annotation	DAKCFMEO_04551
OG0003450	DC3000_protein_12_2025	WP_011104639.1	plate25.C2.annotation	DAKCFMEO_04549
OG0003451	DC3000_protein_12_2025	WP_011104640.1	plate25.C2.annotation	DAKCFMEO_04543
OG0003452	DC3000_protein_12_2025	WP_011104642.1	plate25.C2.annotation	DAKCFMEO_04539
OG0003453	DC3000_protein_12_2025	WP_011104643.1	plate25.C2.annotation	DAKCFMEO_04537
OG0003454	DC3000_protein_12_2025	WP_011104644.1	plate25.C2.annotation	DAKCFMEO_04536
OG0003455	DC3000_protein_12_2025	WP_011104646.1	plate25.C2.annotation	DAKCFMEO_04535
OG0003456	DC3000_protein_12_2025	WP_011104647.1	plate25.C2.annotation	DAKCFMEO_04533
OG0003457	DC3000_protein_12_2025	WP_011104649.1	plate25.C2.annotation	DAKCFMEO_04531
OG0003459	DC3000_protein_12_2025	WP_011104651.1	plate25.C2.annotation	DAKCFMEO_04529
OG0003460	DC3000_protein_12_2025	WP_011104652.1	plate25.C2.annotation	DAKCFMEO_04528
OG0003461	DC3000_protein_12_2025	WP_011104653.1	plate25.C2.annotation	DAKCFMEO_04527
OG0003462	DC3000_protein_12_2025	WP_011104654.1	plate25.C2.annotation	DAKCFMEO_04525
OG0003463	DC3000_protein_12_2025	WP_011104655.1	plate25.C2.annotation	DAKCFMEO_04522
OG0003464	DC3000_protein_12_2025	WP_011104657.1	plate25.C2.annotation	DAKCFMEO_04520
OG0003465	DC3000_protein_12_2025	WP_011104658.1	plate25.C2.annotation	DAKCFMEO_04498
OG0003466	DC3000_protein_12_2025	WP_011104660.1	plate25.C2.annotation	DAKCFMEO_04495
OG0003467	DC3000_protein_12_2025	WP_011104661.1	plate25.C2.annotation	DAKCFMEO_04494
OG0003468	DC3000_protein_12_2025	WP_011104663.1	plate25.C2.annotation	DAKCFMEO_04490
OG0003469	DC3000_protein_12_2025	WP_011104667.1	plate25.C2.annotation	DAKCFMEO_04483
OG0003470	DC3000_protein_12_2025	WP_011104668.1	plate25.C2.annotation	DAKCFMEO_04482
OG0003471	DC3000_protein_12_2025	WP_011104672.1	plate25.C2.annotation	DAKCFMEO_03466
OG0003472	DC3000_protein_12_2025	WP_011104675.1	plate25.C2.annotation	DAKCFMEO_04399
OG0003473	DC3000_protein_12_2025	WP_011104683.1	plate25.C2.annotation	DAKCFMEO_04375
OG0003474	DC3000_protein_12_2025	WP_011104687.1	plate25.C2.annotation	DAKCFMEO_04369
OG0003475	DC3000_protein_12_2025	WP_011104690.1	plate25.C2.annotation	DAKCFMEO_04363
OG0003476	DC3000_protein_12_2025	WP_011104695.1	plate25.C2.annotation	DAKCFMEO_03455
OG0003477	DC3000_protein_12_2025	WP_011104696.1	plate25.C2.annotation	DAKCFMEO_04344
OG0003478	DC3000_protein_12_2025	WP_011104697.1	plate25.C2.annotation	DAKCFMEO_04340
OG0003479	DC3000_protein_12_2025	WP_011104700.1	plate25.C2.annotation	DAKCFMEO_04332
OG0003480	DC3000_protein_12_2025	WP_011104701.1	plate25.C2.annotation	DAKCFMEO_04330
OG0003481	DC3000_protein_12_2025	WP_011104702.1	plate25.C2.annotation	DAKCFMEO_04328
OG0003483	DC3000_protein_12_2025	WP_011104706.1	plate25.C2.annotation	DAKCFMEO_04322
OG0003484	DC3000_protein_12_2025	WP_011104707.1	plate25.C2.annotation	DAKCFMEO_04320
OG0003485	DC3000_protein_12_2025	WP_011104708.1	plate25.C2.annotation	DAKCFMEO_04317
OG0003486	DC3000_protein_12_2025	WP_011104709.1	plate25.C2.annotation	DAKCFMEO_04314
OG0003487	DC3000_protein_12_2025	WP_011104710.1	plate25.C2.annotation	DAKCFMEO_04313
OG0003488	DC3000_protein_12_2025	WP_011104711.1	plate25.C2.annotation	DAKCFMEO_04312
OG0003489	DC3000_protein_12_2025	WP_011104717.1	plate25.C2.annotation	DAKCFMEO_04302
OG0003490	DC3000_protein_12_2025	WP_011104720.1	plate25.C2.annotation	DAKCFMEO_04300
OG0003491	DC3000_protein_12_2025	WP_011104723.1	plate25.C2.annotation	DAKCFMEO_04297
OG0003492	DC3000_protein_12_2025	WP_011104725.1	plate25.C2.annotation	DAKCFMEO_04292
OG0003493	DC3000_protein_12_2025	WP_011104727.1	plate25.C2.annotation	DAKCFMEO_04288
OG0003494	DC3000_protein_12_2025	WP_011104731.1	plate25.C2.annotation	DAKCFMEO_04285
OG0003495	DC3000_protein_12_2025	WP_011104732.1	plate25.C2.annotation	DAKCFMEO_04282
OG0003496	DC3000_protein_12_2025	WP_011104733.1	plate25.C2.annotation	DAKCFMEO_04281
OG0003497	DC3000_protein_12_2025	WP_011104734.1	plate25.C2.annotation	DAKCFMEO_04280
OG0003498	DC3000_protein_12_2025	WP_011104736.1	plate25.C2.annotation	DAKCFMEO_04267
OG0003499	DC3000_protein_12_2025	WP_011104737.1	plate25.C2.annotation	DAKCFMEO_04266
OG0003500	DC3000_protein_12_2025	WP_011104738.1	plate25.C2.annotation	DAKCFMEO_04261
OG0003501	DC3000_protein_12_2025	WP_011104739.1	plate25.C2.annotation	DAKCFMEO_04260
OG0003502	DC3000_protein_12_2025	WP_011104740.1	plate25.C2.annotation	DAKCFMEO_04259
OG0003503	DC3000_protein_12_2025	WP_011104741.1	plate25.C2.annotation	DAKCFMEO_04488
OG0003504	DC3000_protein_12_2025	WP_011104742.1	plate25.C2.annotation	DAKCFMEO_04256
OG0003505	DC3000_protein_12_2025	WP_011104745.1	plate25.C2.annotation	DAKCFMEO_04244
OG0003506	DC3000_protein_12_2025	WP_011104746.1	plate25.C2.annotation	DAKCFMEO_04243
OG0003507	DC3000_protein_12_2025	WP_011104749.1	plate25.C2.annotation	DAKCFMEO_04232
OG0003508	DC3000_protein_12_2025	WP_011104750.1	plate25.C2.annotation	DAKCFMEO_00351
OG0003509	DC3000_protein_12_2025	WP_011104754.1	plate25.C2.annotation	DAKCFMEO_04229
OG0003510	DC3000_protein_12_2025	WP_011104755.1	plate25.C2.annotation	DAKCFMEO_04228
OG0003511	DC3000_protein_12_2025	WP_011104757.1	plate25.C2.annotation	DAKCFMEO_04226
OG0003512	DC3000_protein_12_2025	WP_011104763.1	plate25.C2.annotation	DAKCFMEO_04193
OG0003513	DC3000_protein_12_2025	WP_011104764.1	plate25.C2.annotation	DAKCFMEO_04189
OG0003514	DC3000_protein_12_2025	WP_011104766.1	plate25.C2.annotation	DAKCFMEO_04187
OG0003515	DC3000_protein_12_2025	WP_011104774.1	plate25.C2.annotation	DAKCFMEO_04146
OG0003516	DC3000_protein_12_2025	WP_011104777.1	plate25.C2.annotation	DAKCFMEO_04152
OG0003517	DC3000_protein_12_2025	WP_011104778.1	plate25.C2.annotation	DAKCFMEO_04155
OG0003518	DC3000_protein_12_2025	WP_011104780.1	plate25.C2.annotation	DAKCFMEO_04158
OG0003519	DC3000_protein_12_2025	WP_011104782.1	plate25.C2.annotation	DAKCFMEO_04161
OG0003520	DC3000_protein_12_2025	WP_011104783.1	plate25.C2.annotation	DAKCFMEO_04164
OG0003521	DC3000_protein_12_2025	WP_011104784.1	plate25.C2.annotation	DAKCFMEO_04166
OG0003522	DC3000_protein_12_2025	WP_011104801.1	plate25.C2.annotation	DAKCFMEO_03033
OG0003523	DC3000_protein_12_2025	WP_011104802.1	plate25.C2.annotation	DAKCFMEO_03035
OG0003524	DC3000_protein_12_2025	WP_011104803.1	plate25.C2.annotation	DAKCFMEO_03037
OG0003525	DC3000_protein_12_2025	WP_011104809.1	plate25.C2.annotation	DAKCFMEO_03122
OG0003526	DC3000_protein_12_2025	WP_011104810.1	plate25.C2.annotation	DAKCFMEO_03123
OG0003527	DC3000_protein_12_2025	WP_011104811.1	plate25.C2.annotation	DAKCFMEO_03125
OG0003528	DC3000_protein_12_2025	WP_011104812.1	plate25.C2.annotation	DAKCFMEO_03132
OG0003529	DC3000_protein_12_2025	WP_011104813.1	plate25.C2.annotation	DAKCFMEO_03133
OG0003530	DC3000_protein_12_2025	WP_011104814.1	plate25.C2.annotation	DAKCFMEO_03134
OG0003531	DC3000_protein_12_2025	WP_011104815.1	plate25.C2.annotation	DAKCFMEO_03139
OG0003532	DC3000_protein_12_2025	WP_011104816.1	plate25.C2.annotation	DAKCFMEO_03141
OG0003533	DC3000_protein_12_2025	WP_011104817.1	plate25.C2.annotation	DAKCFMEO_03142
OG0003534	DC3000_protein_12_2025	WP_011104818.1	plate25.C2.annotation	DAKCFMEO_03144
OG0003535	DC3000_protein_12_2025	WP_011104819.1	plate25.C2.annotation	DAKCFMEO_03147
OG0003536	DC3000_protein_12_2025	WP_011104820.1	plate25.C2.annotation	DAKCFMEO_03148
OG0003537	DC3000_protein_12_2025	WP_011104834.1	plate25.C2.annotation	DAKCFMEO_03151
OG0003539	DC3000_protein_12_2025	WP_011104855.1	plate25.C2.annotation	DAKCFMEO_03166
OG0003540	DC3000_protein_12_2025	WP_011104861.1	plate25.C2.annotation	DAKCFMEO_04477
OG0003541	DC3000_protein_12_2025	WP_011104866.1	plate25.C2.annotation	DAKCFMEO_04468
OG0003542	DC3000_protein_12_2025	WP_011104870.1	plate25.C2.annotation	DAKCFMEO_00083
OG0003543	DC3000_protein_12_2025	WP_011104871.1	plate25.C2.annotation	DAKCFMEO_00084
OG0003545	DC3000_protein_12_2025	WP_011104877.1	plate25.C2.annotation	DAKCFMEO_00090
OG0003546	DC3000_protein_12_2025	WP_011104881.1	plate25.C2.annotation	DAKCFMEO_00107
OG0003547	DC3000_protein_12_2025	WP_011104884.1	plate25.C2.annotation	DAKCFMEO_00132
OG0003548	DC3000_protein_12_2025	WP_011104885.1	plate25.C2.annotation	DAKCFMEO_00133
OG0003549	DC3000_protein_12_2025	WP_011104892.1	plate25.C2.annotation	DAKCFMEO_00163
OG0003550	DC3000_protein_12_2025	WP_011104894.1	plate25.C2.annotation	DAKCFMEO_00170
OG0003551	DC3000_protein_12_2025	WP_011104897.1	plate25.C2.annotation	DAKCFMEO_00178
OG0003552	DC3000_protein_12_2025	WP_011104899.1	plate25.C2.annotation	DAKCFMEO_00186
OG0003553	DC3000_protein_12_2025	WP_011104901.1	plate25.C2.annotation	DAKCFMEO_00188
OG0003554	DC3000_protein_12_2025	WP_011104905.1	plate25.C2.annotation	DAKCFMEO_00194
OG0003555	DC3000_protein_12_2025	WP_011104908.1	plate25.C2.annotation	DAKCFMEO_00201
OG0003556	DC3000_protein_12_2025	WP_011104910.1	plate25.C2.annotation	DAKCFMEO_00211
OG0003557	DC3000_protein_12_2025	WP_011104911.1	plate25.C2.annotation	DAKCFMEO_00218
OG0003558	DC3000_protein_12_2025	WP_011104912.1	plate25.C2.annotation	DAKCFMEO_00221
OG0003559	DC3000_protein_12_2025	WP_011104913.1	plate25.C2.annotation	DAKCFMEO_00228
OG0003560	DC3000_protein_12_2025	WP_011104914.1	plate25.C2.annotation	DAKCFMEO_00232
OG0003561	DC3000_protein_12_2025	WP_011104915.1	plate25.C2.annotation	DAKCFMEO_00236
OG0003562	DC3000_protein_12_2025	WP_011104916.1	plate25.C2.annotation	DAKCFMEO_00240
OG0003563	DC3000_protein_12_2025	WP_011104917.1	plate25.C2.annotation	DAKCFMEO_00246
OG0003564	DC3000_protein_12_2025	WP_011104919.1	plate25.C2.annotation	DAKCFMEO_00248
OG0003565	DC3000_protein_12_2025	WP_011104926.1	plate25.C2.annotation	DAKCFMEO_03892
OG0003567	DC3000_protein_12_2025	WP_011104931.1	plate25.C2.annotation	DAKCFMEO_02428
OG0003568	DC3000_protein_12_2025	WP_011104942.1	plate25.C2.annotation	DAKCFMEO_00270
OG0003569	DC3000_protein_12_2025	WP_011104944.1	plate25.C2.annotation	DAKCFMEO_00271
OG0003570	DC3000_protein_12_2025	WP_011104949.1	plate25.C2.annotation	DAKCFMEO_00279
OG0003571	DC3000_protein_12_2025	WP_011104950.1	plate25.C2.annotation	DAKCFMEO_00280
OG0003572	DC3000_protein_12_2025	WP_011104953.1	plate25.C2.annotation	DAKCFMEO_00288
OG0003573	DC3000_protein_12_2025	WP_011104954.1	plate25.C2.annotation	DAKCFMEO_00306
OG0003574	DC3000_protein_12_2025	WP_011104956.1	plate25.C2.annotation	DAKCFMEO_00310
OG0003575	DC3000_protein_12_2025	WP_011104968.1	plate25.C2.annotation	DAKCFMEO_00312
OG0003576	DC3000_protein_12_2025	WP_011104972.1	plate25.C2.annotation	DAKCFMEO_00321
OG0003577	DC3000_protein_12_2025	WP_011104976.1	plate25.C2.annotation	DAKCFMEO_00334
OG0003578	DC3000_protein_12_2025	WP_011104977.1	plate25.C2.annotation	DAKCFMEO_00335
OG0003579	DC3000_protein_12_2025	WP_011104981.1	plate25.C2.annotation	DAKCFMEO_00344
OG0003580	DC3000_protein_12_2025	WP_011104983.1	plate25.C2.annotation	DAKCFMEO_00346
OG0003581	DC3000_protein_12_2025	WP_011104985.1	plate25.C2.annotation	DAKCFMEO_00349
OG0003582	DC3000_protein_12_2025	WP_011104986.1	plate25.C2.annotation	DAKCFMEO_00355
OG0003583	DC3000_protein_12_2025	WP_011104987.1	plate25.C2.annotation	DAKCFMEO_00356
OG0003584	DC3000_protein_12_2025	WP_011104988.1	plate25.C2.annotation	DAKCFMEO_00357
OG0003585	DC3000_protein_12_2025	WP_011104989.1	plate25.C2.annotation	DAKCFMEO_00365
OG0003586	DC3000_protein_12_2025	WP_011104991.1	plate25.C2.annotation	DAKCFMEO_00374
OG0003588	DC3000_protein_12_2025	WP_011104997.1	plate25.C2.annotation	DAKCFMEO_00381
OG0003589	DC3000_protein_12_2025	WP_011104998.1	plate25.C2.annotation	DAKCFMEO_00383
OG0003590	DC3000_protein_12_2025	WP_011104999.1	plate25.C2.annotation	DAKCFMEO_00385
OG0003591	DC3000_protein_12_2025	WP_011105001.1	plate25.C2.annotation	DAKCFMEO_00387
OG0003592	DC3000_protein_12_2025	WP_011105003.1	plate25.C2.annotation	DAKCFMEO_00394
OG0003593	DC3000_protein_12_2025	WP_011105004.1	plate25.C2.annotation	DAKCFMEO_00400
OG0003594	DC3000_protein_12_2025	WP_011105006.1	plate25.C2.annotation	DAKCFMEO_03473
OG0003595	DC3000_protein_12_2025	WP_011105008.1	plate25.C2.annotation	DAKCFMEO_00436
OG0003596	DC3000_protein_12_2025	WP_011105010.1	plate25.C2.annotation	DAKCFMEO_00450
OG0003597	DC3000_protein_12_2025	WP_011105011.1	plate25.C2.annotation	DAKCFMEO_00452
OG0003598	DC3000_protein_12_2025	WP_011105012.1	plate25.C2.annotation	DAKCFMEO_00453
OG0003599	DC3000_protein_12_2025	WP_011105013.1	plate25.C2.annotation	DAKCFMEO_00456
OG0003600	DC3000_protein_12_2025	WP_011105014.1	plate25.C2.annotation	DAKCFMEO_00458
OG0003601	DC3000_protein_12_2025	WP_011105015.1	plate25.C2.annotation	DAKCFMEO_00460
OG0003602	DC3000_protein_12_2025	WP_011105016.1	plate25.C2.annotation	DAKCFMEO_00466
OG0003603	DC3000_protein_12_2025	WP_011105017.1	plate25.C2.annotation	DAKCFMEO_00467
OG0003604	DC3000_protein_12_2025	WP_011105018.1	plate25.C2.annotation	DAKCFMEO_00468
OG0003605	DC3000_protein_12_2025	WP_011105019.1	plate25.C2.annotation	DAKCFMEO_00471
OG0003606	DC3000_protein_12_2025	WP_011105022.1	plate25.C2.annotation	DAKCFMEO_01689
OG0003607	DC3000_protein_12_2025	WP_011105023.1	plate25.C2.annotation	DAKCFMEO_01690
OG0003608	DC3000_protein_12_2025	WP_011105024.1	plate25.C2.annotation	DAKCFMEO_01698
OG0003609	DC3000_protein_12_2025	WP_011105025.1	plate25.C2.annotation	DAKCFMEO_01700
OG0003610	DC3000_protein_12_2025	WP_011105026.1	plate25.C2.annotation	DAKCFMEO_01702
OG0003611	DC3000_protein_12_2025	WP_011105028.1	plate25.C2.annotation	DAKCFMEO_01703
OG0003612	DC3000_protein_12_2025	WP_011105036.1	plate25.C2.annotation	DAKCFMEO_00842
OG0003613	DC3000_protein_12_2025	WP_011105037.1	plate25.C2.annotation	DAKCFMEO_00841
OG0003614	DC3000_protein_12_2025	WP_011105040.1	plate25.C2.annotation	DAKCFMEO_03045
OG0003615	DC3000_protein_12_2025	WP_011105043.1	plate25.C2.annotation	DAKCFMEO_01781
OG0003616	DC3000_protein_12_2025	WP_011105044.1	plate25.C2.annotation	DAKCFMEO_01782
OG0003617	DC3000_protein_12_2025	WP_011105045.1	plate25.C2.annotation	DAKCFMEO_01783
OG0003618	DC3000_protein_12_2025	WP_011105046.1	plate25.C2.annotation	DAKCFMEO_01785
OG0003619	DC3000_protein_12_2025	WP_011105049.1	plate25.C2.annotation	DAKCFMEO_01795
OG0003620	DC3000_protein_12_2025	WP_011105051.1	plate25.C2.annotation	DAKCFMEO_01802
OG0003621	DC3000_protein_12_2025	WP_011105052.1	plate25.C2.annotation	DAKCFMEO_01806
OG0003622	DC3000_protein_12_2025	WP_011105055.1	plate25.C2.annotation	DAKCFMEO_04760
OG0003623	DC3000_protein_12_2025	WP_011105060.1	plate25.C2.annotation	DAKCFMEO_04770
OG0003625	DC3000_protein_12_2025	WP_011105067.1	plate25.C2.annotation	DAKCFMEO_04781
OG0003626	DC3000_protein_12_2025	WP_011105068.1	plate25.C2.annotation	DAKCFMEO_04782
OG0003627	DC3000_protein_12_2025	WP_011105075.1	plate25.C2.annotation	DAKCFMEO_00555
OG0003628	DC3000_protein_12_2025	WP_011105092.1	plate25.C2.annotation	DAKCFMEO_00556
OG0003629	DC3000_protein_12_2025	WP_011105095.1	plate25.C2.annotation	DAKCFMEO_00558
OG0003630	DC3000_protein_12_2025	WP_011105096.1	plate25.C2.annotation	DAKCFMEO_00560
OG0003631	DC3000_protein_12_2025	WP_011105097.1	plate25.C2.annotation	DAKCFMEO_00565
OG0003632	DC3000_protein_12_2025	WP_011105098.1	plate25.C2.annotation	DAKCFMEO_00569
OG0003633	DC3000_protein_12_2025	WP_011105099.1	plate25.C2.annotation	DAKCFMEO_00570
OG0003634	DC3000_protein_12_2025	WP_011105101.1	plate25.C2.annotation	DAKCFMEO_00571
OG0003635	DC3000_protein_12_2025	WP_011105104.1	plate25.C2.annotation	DAKCFMEO_00574
OG0003636	DC3000_protein_12_2025	WP_011105105.1	plate25.C2.annotation	DAKCFMEO_00575
OG0003637	DC3000_protein_12_2025	WP_011105107.1	plate25.C2.annotation	DAKCFMEO_00580
OG0003638	DC3000_protein_12_2025	WP_011105109.1	plate25.C2.annotation	DAKCFMEO_00582
OG0003639	DC3000_protein_12_2025	WP_011105110.1	plate25.C2.annotation	DAKCFMEO_04783
OG0003640	DC3000_protein_12_2025	WP_011105112.1	plate25.C2.annotation	DAKCFMEO_04787
OG0003641	DC3000_protein_12_2025	WP_011105169.1	plate25.C2.annotation	DAKCFMEO_02049
OG0003642	DC3000_protein_12_2025	WP_011105170.1	plate25.C2.annotation	DAKCFMEO_03757
OG0003643	DC3000_protein_12_2025	WP_011105173.1	plate25.C2.annotation	DAKCFMEO_04323
OG0003644	DC3000_protein_12_2025	WP_011105175.1	plate25.C2.annotation	DAKCFMEO_02890
OG0003645	DC3000_protein_12_2025	WP_011105180.1	plate25.C2.annotation	DAKCFMEO_00071
OG0003646	DC3000_protein_12_2025	WP_011105183.1	plate25.C2.annotation	DAKCFMEO_04807
OG0003647	DC3000_protein_12_2025	WP_011105185.1	plate25.C2.annotation	DAKCFMEO_04816
OG0003648	DC3000_protein_12_2025	WP_011105186.1	plate25.C2.annotation	DAKCFMEO_04818
OG0003649	DC3000_protein_12_2025	WP_011105187.1	plate25.C2.annotation	DAKCFMEO_04819
OG0003650	DC3000_protein_12_2025	WP_011105188.1	plate25.C2.annotation	DAKCFMEO_04820
OG0003651	DC3000_protein_12_2025	WP_011105190.1	plate25.C2.annotation	DAKCFMEO_04821
OG0003652	DC3000_protein_12_2025	WP_011105191.1	plate25.C2.annotation	DAKCFMEO_04823
OG0003653	DC3000_protein_12_2025	WP_011105192.1	plate25.C2.annotation	DAKCFMEO_04824
OG0003654	DC3000_protein_12_2025	WP_011105195.1	plate25.C2.annotation	DAKCFMEO_03601
OG0003655	DC3000_protein_12_2025	WP_011105196.1	plate25.C2.annotation	DAKCFMEO_03664
OG0003656	DC3000_protein_12_2025	WP_011105198.1	plate25.C2.annotation	DAKCFMEO_03659
OG0003657	DC3000_protein_12_2025	WP_011105200.1	plate25.C2.annotation	DAKCFMEO_03658
OG0003658	DC3000_protein_12_2025	WP_011105201.1	plate25.C2.annotation	DAKCFMEO_03656
OG0003659	DC3000_protein_12_2025	WP_011105203.1	plate25.C2.annotation	DAKCFMEO_03651
OG0003660	DC3000_protein_12_2025	WP_011105204.1	plate25.C2.annotation	DAKCFMEO_03649
OG0003661	DC3000_protein_12_2025	WP_011105206.1	plate25.C2.annotation	DAKCFMEO_03639
OG0003662	DC3000_protein_12_2025	WP_011105207.1	plate25.C2.annotation	DAKCFMEO_03637
OG0003663	DC3000_protein_12_2025	WP_011105208.1	plate25.C2.annotation	DAKCFMEO_03632
OG0003664	DC3000_protein_12_2025	WP_011105209.1	plate25.C2.annotation	DAKCFMEO_03629
OG0003665	DC3000_protein_12_2025	WP_011105210.1	plate25.C2.annotation	DAKCFMEO_03628
OG0003666	DC3000_protein_12_2025	WP_011105212.1	plate25.C2.annotation	DAKCFMEO_03625
OG0003667	DC3000_protein_12_2025	WP_011105215.1	plate25.C2.annotation	DAKCFMEO_03622
OG0003668	DC3000_protein_12_2025	WP_011105216.1	plate25.C2.annotation	DAKCFMEO_03619
OG0003669	DC3000_protein_12_2025	WP_011105219.1	plate25.C2.annotation	DAKCFMEO_04831
OG0003670	DC3000_protein_12_2025	WP_011105220.1	plate25.C2.annotation	DAKCFMEO_04833
OG0003671	DC3000_protein_12_2025	WP_011105221.1	plate25.C2.annotation	DAKCFMEO_04838
OG0003672	DC3000_protein_12_2025	WP_011105222.1	plate25.C2.annotation	DAKCFMEO_04839
OG0003673	DC3000_protein_12_2025	WP_011105224.1	plate25.C2.annotation	DAKCFMEO_04846
OG0003674	DC3000_protein_12_2025	WP_011105225.1	plate25.C2.annotation	DAKCFMEO_04847
OG0003675	DC3000_protein_12_2025	WP_011105226.1	plate25.C2.annotation	DAKCFMEO_04848
OG0003676	DC3000_protein_12_2025	WP_011105228.1	plate25.C2.annotation	DAKCFMEO_04853
OG0003677	DC3000_protein_12_2025	WP_011105229.1	plate25.C2.annotation	DAKCFMEO_04859
OG0003678	DC3000_protein_12_2025	WP_011105232.1	plate25.C2.annotation	DAKCFMEO_04873
OG0003679	DC3000_protein_12_2025	WP_011105233.1	plate25.C2.annotation	DAKCFMEO_04874
OG0003680	DC3000_protein_12_2025	WP_011105234.1	plate25.C2.annotation	DAKCFMEO_04875
OG0003681	DC3000_protein_12_2025	WP_011105236.1	plate25.C2.annotation	DAKCFMEO_04883
OG0003682	DC3000_protein_12_2025	WP_011105237.1	plate25.C2.annotation	DAKCFMEO_04886
OG0003683	DC3000_protein_12_2025	WP_011105238.1	plate25.C2.annotation	DAKCFMEO_04890
OG0003684	DC3000_protein_12_2025	WP_011105239.1	plate25.C2.annotation	DAKCFMEO_04893
OG0003685	DC3000_protein_12_2025	WP_011105241.1	plate25.C2.annotation	DAKCFMEO_04897
OG0003686	DC3000_protein_12_2025	WP_011105242.1	plate25.C2.annotation	DAKCFMEO_04904
OG0003687	DC3000_protein_12_2025	WP_011105243.1	plate25.C2.annotation	DAKCFMEO_04906
OG0003688	DC3000_protein_12_2025	WP_011105244.1	plate25.C2.annotation	DAKCFMEO_04907
OG0003689	DC3000_protein_12_2025	WP_011105246.1	plate25.C2.annotation	DAKCFMEO_04912
OG0003690	DC3000_protein_12_2025	WP_011105248.1	plate25.C2.annotation	DAKCFMEO_04915
OG0003691	DC3000_protein_12_2025	WP_011105254.1	plate25.C2.annotation	DAKCFMEO_04927
OG0003692	DC3000_protein_12_2025	WP_011105255.1	plate25.C2.annotation	DAKCFMEO_04928
OG0003693	DC3000_protein_12_2025	WP_011105257.1	plate25.C2.annotation	DAKCFMEO_04933
OG0003694	DC3000_protein_12_2025	WP_011105259.1	plate25.C2.annotation	DAKCFMEO_04939
OG0003695	DC3000_protein_12_2025	WP_011105261.1	plate25.C2.annotation	DAKCFMEO_04941
OG0003696	DC3000_protein_12_2025	WP_011105263.1	plate25.C2.annotation	DAKCFMEO_04944
OG0003697	DC3000_protein_12_2025	WP_011105266.1	plate25.C2.annotation	DAKCFMEO_04948
OG0003698	DC3000_protein_12_2025	WP_011105267.1	plate25.C2.annotation	DAKCFMEO_04952
OG0003699	DC3000_protein_12_2025	WP_011105268.1	plate25.C2.annotation	DAKCFMEO_04954
OG0003700	DC3000_protein_12_2025	WP_011105271.1	plate25.C2.annotation	DAKCFMEO_04988
OG0003701	DC3000_protein_12_2025	WP_011105272.1	plate25.C2.annotation	DAKCFMEO_04991
OG0003702	DC3000_protein_12_2025	WP_011105279.1	plate25.C2.annotation	DAKCFMEO_04995
OG0003703	DC3000_protein_12_2025	WP_011105280.1	plate25.C2.annotation	DAKCFMEO_04998
OG0003704	DC3000_protein_12_2025	WP_011105281.1	plate25.C2.annotation	DAKCFMEO_05000
OG0003705	DC3000_protein_12_2025	WP_011105285.1	plate25.C2.annotation	DAKCFMEO_05013
OG0003706	DC3000_protein_12_2025	WP_011105287.1	plate25.C2.annotation	DAKCFMEO_05020
OG0003707	DC3000_protein_12_2025	WP_011105288.1	plate25.C2.annotation	DAKCFMEO_05021
OG0003708	DC3000_protein_12_2025	WP_011105291.1	plate25.C2.annotation	DAKCFMEO_05050
OG0003709	DC3000_protein_12_2025	WP_011105293.1	plate25.C2.annotation	DAKCFMEO_02138
OG0003710	DC3000_protein_12_2025	WP_011105295.1	plate25.C2.annotation	DAKCFMEO_02134
OG0003711	DC3000_protein_12_2025	WP_011105300.1	plate25.C2.annotation	DAKCFMEO_02125
OG0003712	DC3000_protein_12_2025	WP_011105301.1	plate25.C2.annotation	DAKCFMEO_02123
OG0003713	DC3000_protein_12_2025	WP_011105302.1	plate25.C2.annotation	DAKCFMEO_02120
OG0003714	DC3000_protein_12_2025	WP_011105304.1	plate25.C2.annotation	DAKCFMEO_02117
OG0003715	DC3000_protein_12_2025	WP_011105305.1	plate25.C2.annotation	DAKCFMEO_02115
OG0003716	DC3000_protein_12_2025	WP_011105311.1	plate25.C2.annotation	DAKCFMEO_01728
OG0003717	DC3000_protein_12_2025	WP_011105319.1	plate25.C2.annotation	DAKCFMEO_02110
OG0003718	DC3000_protein_12_2025	WP_011105323.1	plate25.C2.annotation	DAKCFMEO_04640
OG0003719	DC3000_protein_12_2025	WP_011105326.1	plate25.C2.annotation	DAKCFMEO_05101
OG0003720	DC3000_protein_12_2025	WP_011105328.1	plate25.C2.annotation	DAKCFMEO_05102
OG0003721	DC3000_protein_12_2025	WP_011105329.1	plate25.C2.annotation	DAKCFMEO_05109
OG0003722	DC3000_protein_12_2025	WP_011105330.1	plate25.C2.annotation	DAKCFMEO_05110
OG0003723	DC3000_protein_12_2025	WP_011105332.1	plate25.C2.annotation	DAKCFMEO_05060
OG0003724	DC3000_protein_12_2025	WP_011105333.1	plate25.C2.annotation	DAKCFMEO_05061
OG0003725	DC3000_protein_12_2025	WP_011105336.1	plate25.C2.annotation	DAKCFMEO_05069
OG0003726	DC3000_protein_12_2025	WP_011105337.1	plate25.C2.annotation	DAKCFMEO_05072
OG0003727	DC3000_protein_12_2025	WP_011105338.1	plate25.C2.annotation	DAKCFMEO_05076
OG0003728	DC3000_protein_12_2025	WP_011105339.1	plate25.C2.annotation	DAKCFMEO_05078
OG0003729	DC3000_protein_12_2025	WP_011105340.1	plate25.C2.annotation	DAKCFMEO_05079
OG0003730	DC3000_protein_12_2025	WP_011105341.1	plate25.C2.annotation	DAKCFMEO_05083
OG0003731	DC3000_protein_12_2025	WP_011105344.1	plate25.C2.annotation	DAKCFMEO_05088
OG0003732	DC3000_protein_12_2025	WP_011105345.1	plate25.C2.annotation	DAKCFMEO_05092
OG0003733	DC3000_protein_12_2025	WP_011105347.1	plate25.C2.annotation	DAKCFMEO_05097
OG0003734	DC3000_protein_12_2025	WP_011105349.1	plate25.C2.annotation	DAKCFMEO_02104
OG0003735	DC3000_protein_12_2025	WP_011105353.1	plate25.C2.annotation	DAKCFMEO_05137
OG0003736	DC3000_protein_12_2025	WP_011105355.1	plate25.C2.annotation	DAKCFMEO_05140
OG0003737	DC3000_protein_12_2025	WP_011105360.1	plate25.C2.annotation	DAKCFMEO_05148
OG0003741	DC3000_protein_12_2025	WP_011105376.1	plate25.C2.annotation	DAKCFMEO_05153
OG0003742	DC3000_protein_12_2025	WP_011105378.1	plate25.C2.annotation	DAKCFMEO_01976
OG0003743	DC3000_protein_12_2025	WP_011105379.1	plate25.C2.annotation	DAKCFMEO_01975
OG0003744	DC3000_protein_12_2025	WP_011105380.1	plate25.C2.annotation	DAKCFMEO_01974
OG0003745	DC3000_protein_12_2025	WP_011105381.1	plate25.C2.annotation	DAKCFMEO_01970
OG0003746	DC3000_protein_12_2025	WP_011105382.1	plate25.C2.annotation	DAKCFMEO_01969
OG0003747	DC3000_protein_12_2025	WP_011105384.1	plate25.C2.annotation	DAKCFMEO_01965
OG0003748	DC3000_protein_12_2025	WP_011105385.1	plate25.C2.annotation	DAKCFMEO_01964
OG0003749	DC3000_protein_12_2025	WP_011105390.1	plate25.C2.annotation	DAKCFMEO_01947
OG0003750	DC3000_protein_12_2025	WP_011105392.1	plate25.C2.annotation	DAKCFMEO_02211
OG0003751	DC3000_protein_12_2025	WP_011105393.1	plate25.C2.annotation	DAKCFMEO_02210
OG0003752	DC3000_protein_12_2025	WP_011105394.1	plate25.C2.annotation	DAKCFMEO_02200
OG0003753	DC3000_protein_12_2025	WP_011105395.1	plate25.C2.annotation	DAKCFMEO_02198
OG0003754	DC3000_protein_12_2025	WP_011105396.1	plate25.C2.annotation	DAKCFMEO_02196
OG0003755	DC3000_protein_12_2025	WP_011105399.1	plate25.C2.annotation	DAKCFMEO_02089
OG0003756	DC3000_protein_12_2025	WP_011105401.1	plate25.C2.annotation	DAKCFMEO_02087
OG0003757	DC3000_protein_12_2025	WP_011105402.1	plate25.C2.annotation	DAKCFMEO_02086
OG0003758	DC3000_protein_12_2025	WP_011105403.1	plate25.C2.annotation	DAKCFMEO_02085
OG0003759	DC3000_protein_12_2025	WP_011105404.1	plate25.C2.annotation	DAKCFMEO_02084
OG0003760	DC3000_protein_12_2025	WP_011105406.1	plate25.C2.annotation	DAKCFMEO_05166
OG0003761	DC3000_protein_12_2025	WP_011105407.1	plate25.C2.annotation	DAKCFMEO_05171
OG0003762	DC3000_protein_12_2025	WP_011105408.1	plate25.C2.annotation	DAKCFMEO_05172
OG0003763	DC3000_protein_12_2025	WP_011105411.1	plate25.C2.annotation	DAKCFMEO_05176
OG0003764	DC3000_protein_12_2025	WP_011105412.1	plate25.C2.annotation	DAKCFMEO_05178
OG0003765	DC3000_protein_12_2025	WP_011105414.1	plate25.C2.annotation	DAKCFMEO_02028
OG0003766	DC3000_protein_12_2025	WP_011105418.1	plate25.C2.annotation	DAKCFMEO_02021
OG0003767	DC3000_protein_12_2025	WP_011105420.1	plate25.C2.annotation	DAKCFMEO_05187
OG0003768	DC3000_protein_12_2025	WP_011105421.1	plate25.C2.annotation	DAKCFMEO_05193
OG0003769	DC3000_protein_12_2025	WP_011105422.1	plate25.C2.annotation	DAKCFMEO_05194
OG0003770	DC3000_protein_12_2025	WP_011105423.1	plate25.C2.annotation	DAKCFMEO_05196
OG0003771	DC3000_protein_12_2025	WP_011105424.1	plate25.C2.annotation	DAKCFMEO_05197
OG0003772	DC3000_protein_12_2025	WP_011105425.1	plate25.C2.annotation	DAKCFMEO_05198
OG0003773	DC3000_protein_12_2025	WP_011105426.1	plate25.C2.annotation	DAKCFMEO_05202
OG0003774	DC3000_protein_12_2025	WP_011105427.1	plate25.C2.annotation	DAKCFMEO_05203
OG0003775	DC3000_protein_12_2025	WP_011105432.1	plate25.C2.annotation	DAKCFMEO_05215
OG0003776	DC3000_protein_12_2025	WP_011105433.1	plate25.C2.annotation	DAKCFMEO_05217
OG0003777	DC3000_protein_12_2025	WP_011105437.1	plate25.C2.annotation	DAKCFMEO_05223
OG0003778	DC3000_protein_12_2025	WP_011105441.1	plate25.C2.annotation	DAKCFMEO_05226
OG0003779	DC3000_protein_12_2025	WP_011105442.1	plate25.C2.annotation	DAKCFMEO_05228
OG0003780	DC3000_protein_12_2025	WP_011105443.1	plate25.C2.annotation	DAKCFMEO_05229
OG0003781	DC3000_protein_12_2025	WP_011105444.1	plate25.C2.annotation	DAKCFMEO_05231
OG0003782	DC3000_protein_12_2025	WP_011105445.1	plate25.C2.annotation	DAKCFMEO_05234
OG0003783	DC3000_protein_12_2025	WP_011105453.1	plate25.C2.annotation	DAKCFMEO_04431
OG0003784	DC3000_protein_12_2025	WP_011105455.1	plate25.C2.annotation	DAKCFMEO_04433
OG0003785	DC3000_protein_12_2025	WP_011105462.1	plate25.C2.annotation	DAKCFMEO_05240
OG0003786	DC3000_protein_12_2025	WP_011105463.1	plate25.C2.annotation	DAKCFMEO_05246
OG0003787	DC3000_protein_12_2025	WP_011105465.1	plate25.C2.annotation	DAKCFMEO_05248
OG0003788	DC3000_protein_12_2025	WP_011105466.1	plate25.C2.annotation	DAKCFMEO_05249
OG0003789	DC3000_protein_12_2025	WP_011105468.1	plate25.C2.annotation	DAKCFMEO_05255
OG0003790	DC3000_protein_12_2025	WP_011105483.1	plate25.C2.annotation	DAKCFMEO_01630
OG0003791	DC3000_protein_12_2025	WP_011105503.1	plate25.C2.annotation	DAKCFMEO_04793
OG0003792	DC3000_protein_12_2025	WP_011105504.1	plate25.C2.annotation	DAKCFMEO_05298
OG0003793	DC3000_protein_12_2025	WP_011105507.1	plate25.C2.annotation	DAKCFMEO_05302
OG0003794	DC3000_protein_12_2025	WP_011105509.1	plate25.C2.annotation	DAKCFMEO_05305
OG0003795	DC3000_protein_12_2025	WP_011105510.1	plate25.C2.annotation	DAKCFMEO_05306
OG0003796	DC3000_protein_12_2025	WP_011105511.1	plate25.C2.annotation	DAKCFMEO_01612
OG0003797	DC3000_protein_12_2025	WP_011105512.1	plate25.C2.annotation	DAKCFMEO_01611
OG0003798	DC3000_protein_12_2025	WP_011105513.1	plate25.C2.annotation	DAKCFMEO_01610
OG0003799	DC3000_protein_12_2025	WP_011105514.1	plate25.C2.annotation	DAKCFMEO_01606
OG0003800	DC3000_protein_12_2025	WP_011105515.1	plate25.C2.annotation	DAKCFMEO_01603
OG0003801	DC3000_protein_12_2025	WP_011105516.1	plate25.C2.annotation	DAKCFMEO_01601
OG0003802	DC3000_protein_12_2025	WP_011105519.1	plate25.C2.annotation	DAKCFMEO_01597
OG0003803	DC3000_protein_12_2025	WP_011105520.1	plate25.C2.annotation	DAKCFMEO_01595
OG0003804	DC3000_protein_12_2025	WP_011105527.1	plate25.C2.annotation	DAKCFMEO_01578
OG0003805	DC3000_protein_12_2025	WP_011105529.1	plate25.C2.annotation	DAKCFMEO_01575
OG0003806	DC3000_protein_12_2025	WP_011105534.1	plate25.C2.annotation	DAKCFMEO_01569
OG0003807	DC3000_protein_12_2025	WP_011105536.1	plate25.C2.annotation	DAKCFMEO_01565
OG0003808	DC3000_protein_12_2025	WP_011105537.1	plate25.C2.annotation	DAKCFMEO_01564
OG0003809	DC3000_protein_12_2025	WP_011105538.1	plate25.C2.annotation	DAKCFMEO_01563
OG0003810	DC3000_protein_12_2025	WP_011105540.1	plate25.C2.annotation	DAKCFMEO_01561
OG0003811	DC3000_protein_12_2025	WP_011105543.1	plate25.C2.annotation	DAKCFMEO_01194
OG0003812	DC3000_protein_12_2025	WP_011105544.1	plate25.C2.annotation	DAKCFMEO_01197
OG0003813	DC3000_protein_12_2025	WP_011105547.1	plate25.C2.annotation	DAKCFMEO_01204
OG0003814	DC3000_protein_12_2025	WP_011105548.1	plate25.C2.annotation	DAKCFMEO_01206
OG0003815	DC3000_protein_12_2025	WP_011105549.1	plate25.C2.annotation	DAKCFMEO_01207
OG0003816	DC3000_protein_12_2025	WP_011105550.1	plate25.C2.annotation	DAKCFMEO_01208
OG0003817	DC3000_protein_12_2025	WP_011105551.1	plate25.C2.annotation	DAKCFMEO_01209
OG0003818	DC3000_protein_12_2025	WP_011105552.1	plate25.C2.annotation	DAKCFMEO_01210
OG0003819	DC3000_protein_12_2025	WP_011105553.1	plate25.C2.annotation	DAKCFMEO_01211
OG0003820	DC3000_protein_12_2025	WP_011105554.1	plate25.C2.annotation	DAKCFMEO_01212
OG0003821	DC3000_protein_12_2025	WP_011105555.1	plate25.C2.annotation	DAKCFMEO_01215
OG0003822	DC3000_protein_12_2025	WP_011105558.1	plate25.C2.annotation	DAKCFMEO_01218
OG0003823	DC3000_protein_12_2025	WP_011105559.1	plate25.C2.annotation	DAKCFMEO_01219
OG0003824	DC3000_protein_12_2025	WP_011105560.1	plate25.C2.annotation	DAKCFMEO_01221
OG0003825	DC3000_protein_12_2025	WP_011105565.1	plate25.C2.annotation	DAKCFMEO_01231
OG0003826	DC3000_protein_12_2025	WP_011105566.1	plate25.C2.annotation	DAKCFMEO_01232
OG0003827	DC3000_protein_12_2025	WP_011105568.1	plate25.C2.annotation	DAKCFMEO_01234
OG0003828	DC3000_protein_12_2025	WP_011105569.1	plate25.C2.annotation	DAKCFMEO_01235
OG0003829	DC3000_protein_12_2025	WP_011105570.1	plate25.C2.annotation	DAKCFMEO_01236
OG0003830	DC3000_protein_12_2025	WP_011105589.1	plate25.C2.annotation	DAKCFMEO_01243
OG0003831	DC3000_protein_12_2025	WP_011105590.1	plate25.C2.annotation	DAKCFMEO_01245
OG0003832	DC3000_protein_12_2025	WP_011105591.1	plate25.C2.annotation	DAKCFMEO_01248
OG0003833	DC3000_protein_12_2025	WP_011105592.1	plate25.C2.annotation	DAKCFMEO_01250
OG0003834	DC3000_protein_12_2025	WP_011105593.1	plate25.C2.annotation	DAKCFMEO_01254
OG0003835	DC3000_protein_12_2025	WP_011105594.1	plate25.C2.annotation	DAKCFMEO_01258
OG0003836	DC3000_protein_12_2025	WP_011105595.1	plate25.C2.annotation	DAKCFMEO_01260
OG0003837	DC3000_protein_12_2025	WP_011106959.1	plate25.C2.annotation	DAKCFMEO_03052
OG0003850	DC3000_protein_12_2025	WP_017682472.1	plate25.C2.annotation	DAKCFMEO_02507
OG0003851	DC3000_protein_12_2025	WP_017682720.1	plate25.C2.annotation	DAKCFMEO_00402
OG0003852	DC3000_protein_12_2025	WP_017684227.1	plate25.C2.annotation	DAKCFMEO_01663
OG0003853	DC3000_protein_12_2025	WP_017709633.1	plate25.C2.annotation	DAKCFMEO_00749
OG0003854	DC3000_protein_12_2025	WP_020306396.1	plate25.C2.annotation	DAKCFMEO_02290
OG0003855	DC3000_protein_12_2025	WP_024419631.1	plate25.C2.annotation	DAKCFMEO_01684
OG0003856	DC3000_protein_12_2025	WP_024656430.1	plate25.C2.annotation	DAKCFMEO_05154
OG0003857	DC3000_protein_12_2025	WP_024657440.1	plate25.C2.annotation	DAKCFMEO_03236
OG0003858	DC3000_protein_12_2025	WP_024658065.1	plate25.C2.annotation	DAKCFMEO_01599
OG0003859	DC3000_protein_12_2025	WP_024666025.1	plate25.C2.annotation	DAKCFMEO_02032
OG0003860	DC3000_protein_12_2025	WP_024666072.1	plate25.C2.annotation	DAKCFMEO_03749
OG0003861	DC3000_protein_12_2025	WP_024666082.1	plate25.C2.annotation	DAKCFMEO_03775
OG0003862	DC3000_protein_12_2025	WP_024666223.1	plate25.C2.annotation	DAKCFMEO_00549
OG0003863	DC3000_protein_12_2025	WP_024666240.1	plate25.C2.annotation	DAKCFMEO_03957
OG0003864	DC3000_protein_12_2025	WP_024666348.1	plate25.C2.annotation	DAKCFMEO_01440
OG0003865	DC3000_protein_12_2025	WP_024666650.1	plate25.C2.annotation	DAKCFMEO_01029
OG0003866	DC3000_protein_12_2025	WP_024666974.1	plate25.C2.annotation	DAKCFMEO_00699
OG0003867	DC3000_protein_12_2025	WP_024667101.1	plate25.C2.annotation	DAKCFMEO_02899
OG0003868	DC3000_protein_12_2025	WP_024667176.1	plate25.C2.annotation	DAKCFMEO_02849
OG0003869	DC3000_protein_12_2025	WP_024667238.1	plate25.C2.annotation	DAKCFMEO_03586
OG0003870	DC3000_protein_12_2025	WP_024667376.1	plate25.C2.annotation	DAKCFMEO_00040
OG0003871	DC3000_protein_12_2025	WP_024667446.1	plate25.C2.annotation	DAKCFMEO_02635
OG0003872	DC3000_protein_12_2025	WP_024667462.1	plate25.C2.annotation	DAKCFMEO_02594
OG0003873	DC3000_protein_12_2025	WP_024667547.1	plate25.C2.annotation	DAKCFMEO_01600
OG0003875	DC3000_protein_12_2025	WP_024667847.1	plate25.C2.annotation	DAKCFMEO_05045
OG0003876	DC3000_protein_12_2025	WP_024667894.1	plate25.C2.annotation	DAKCFMEO_04387
OG0003877	DC3000_protein_12_2025	WP_024667998.1	plate25.C2.annotation	DAKCFMEO_02491
OG0003878	DC3000_protein_12_2025	WP_024668184.1	plate25.C2.annotation	DAKCFMEO_03283
OG0003879	DC3000_protein_12_2025	WP_024668366.1	plate25.C2.annotation	DAKCFMEO_00490
OG0003880	DC3000_protein_12_2025	WP_032606863.1	plate25.C2.annotation	DAKCFMEO_02497
OG0003881	DC3000_protein_12_2025	WP_032606961.1	plate25.C2.annotation	DAKCFMEO_03474
OG0003882	DC3000_protein_12_2025	WP_032608868.1	plate25.C2.annotation	DAKCFMEO_02500
OG0003883	DC3000_protein_12_2025	WP_032621684.1	plate25.C2.annotation	DAKCFMEO_03308
OG0003884	DC3000_protein_12_2025	WP_032621927.1	plate25.C2.annotation	DAKCFMEO_03553
OG0003885	DC3000_protein_12_2025	WP_032622185.1	plate25.C2.annotation	DAKCFMEO_00275
OG0003886	DC3000_protein_12_2025	WP_032622187.1	plate25.C2.annotation	DAKCFMEO_00230
OG0003887	DC3000_protein_12_2025	WP_032622221.1	plate25.C2.annotation	DAKCFMEO_04607
OG0003888	DC3000_protein_12_2025	WP_032639333.1	plate25.C2.annotation	DAKCFMEO_00673
OG0003889	DC3000_protein_12_2025	WP_032640254.1	plate25.C2.annotation	DAKCFMEO_03013
OG0003890	DC3000_protein_12_2025	WP_032710461.1	plate25.C2.annotation	DAKCFMEO_00152
OG0003891	DC3000_protein_12_2025	WP_032710497.1	plate25.C2.annotation	DAKCFMEO_04577
OG0003893	DC3000_protein_12_2025	WP_032710559.1	plate25.C2.annotation	DAKCFMEO_04090
OG0003894	DC3000_protein_12_2025	WP_032710582.1	plate25.C2.annotation	DAKCFMEO_01676
OG0003895	DC3000_protein_12_2025	WP_032710620.1	plate25.C2.annotation	DAKCFMEO_02596
OG0003897	DC3000_protein_12_2025	WP_032710978.1	plate25.C2.annotation	DAKCFMEO_00925
OG0003898	DC3000_protein_12_2025	WP_032710981.1	plate25.C2.annotation	DAKCFMEO_01754
OG0003899	DC3000_protein_12_2025	WP_044389725.1	plate25.C2.annotation	DAKCFMEO_03760
OG0003900	DC3000_protein_12_2025	WP_044389757.1	plate25.C2.annotation	DAKCFMEO_03723
OG0003901	DC3000_protein_12_2025	WP_044389985.1	plate25.C2.annotation	DAKCFMEO_04034
OG0003902	DC3000_protein_12_2025	WP_044390087.1	plate25.C2.annotation	DAKCFMEO_02524
OG0003903	DC3000_protein_12_2025	WP_044390137.1	plate25.C2.annotation	DAKCFMEO_02696
OG0003904	DC3000_protein_12_2025	WP_044390144.1	plate25.C2.annotation	DAKCFMEO_02705
OG0003905	DC3000_protein_12_2025	WP_044390159.1	plate25.C2.annotation	DAKCFMEO_02608
OG0003906	DC3000_protein_12_2025	WP_044390357.1	plate25.C2.annotation	DAKCFMEO_04725
OG0003907	DC3000_protein_12_2025	WP_044390490.1	plate25.C2.annotation	DAKCFMEO_05058
OG0003908	DC3000_protein_12_2025	WP_044390572.1	plate25.C2.annotation	DAKCFMEO_02414
OG0003909	DC3000_protein_12_2025	WP_044390643.1	plate25.C2.annotation	DAKCFMEO_00164
OG0003910	DC3000_protein_12_2025	WP_044390753.1	plate25.C2.annotation	DAKCFMEO_03182
OG0003911	DC3000_protein_12_2025	WP_044390979.1	plate25.C2.annotation	DAKCFMEO_02968
OG0003912	DC3000_protein_12_2025	WP_044391022.1	plate25.C2.annotation	DAKCFMEO_04172
OG0003913	DC3000_protein_12_2025	WP_044391804.1	plate25.C2.annotation	DAKCFMEO_03623
OG0003914	DC3000_protein_12_2025	WP_044392483.1	plate25.C2.annotation	DAKCFMEO_04159
OG0003915	DC3000_protein_12_2025	WP_044392586.1	plate25.C2.annotation	DAKCFMEO_02038
OG0003916	DC3000_protein_12_2025	WP_044392641.1	plate25.C2.annotation	DAKCFMEO_01884
OG0003917	DC3000_protein_12_2025	WP_044392676.1	plate25.C2.annotation	DAKCFMEO_01883
OG0003918	DC3000_protein_12_2025	WP_044392708.1	plate25.C2.annotation	DAKCFMEO_01518
OG0003919	DC3000_protein_12_2025	WP_044392753.1	plate25.C2.annotation	DAKCFMEO_04321
OG0003920	DC3000_protein_12_2025	WP_044392973.1	plate25.C2.annotation	DAKCFMEO_01609
OG0003921	DC3000_protein_12_2025	WP_044393109.1	plate25.C2.annotation	DAKCFMEO_04762
OG0003922	DC3000_protein_12_2025	WP_044393213.1	plate25.C2.annotation	DAKCFMEO_01322
OG0003923	DC3000_protein_12_2025	WP_044393593.1	plate25.C2.annotation	DAKCFMEO_05164
OG0003924	DC3000_protein_12_2025	WP_044393613.1	plate25.C2.annotation	DAKCFMEO_04469
OG0003925	DC3000_protein_12_2025	WP_044393666.1	plate25.C2.annotation	DAKCFMEO_02273
OG0003926	DC3000_protein_12_2025	WP_044393841.1	plate25.C2.annotation	DAKCFMEO_04336
OG0003927	DC3000_protein_12_2025	WP_046463279.1	plate25.C2.annotation	DAKCFMEO_00499
OG0003928	DC3000_protein_12_2025	WP_046463288.1	plate25.C2.annotation	DAKCFMEO_04486
OG0003929	DC3000_protein_12_2025	WP_046463289.1	plate25.C2.annotation	DAKCFMEO_04492
OG0003930	DC3000_protein_12_2025	WP_046463290.1	plate25.C2.annotation	DAKCFMEO_04521
OG0003931	DC3000_protein_12_2025	WP_046463295.1	plate25.C2.annotation	DAKCFMEO_02725
OG0003932	DC3000_protein_12_2025	WP_046463296.1	plate25.C2.annotation	DAKCFMEO_03298
OG0003933	DC3000_protein_12_2025	WP_046463297.1	plate25.C2.annotation	DAKCFMEO_02730
OG0003934	DC3000_protein_12_2025	WP_046463305.1	plate25.C2.annotation	DAKCFMEO_02433
OG0003935	DC3000_protein_12_2025	WP_046463307.1	plate25.C2.annotation	DAKCFMEO_04378
OG0003936	DC3000_protein_12_2025	WP_046463311.1	plate25.C2.annotation	DAKCFMEO_02709
OG0003937	DC3000_protein_12_2025	WP_046463313.1	plate25.C2.annotation	DAKCFMEO_01619
OG0003938	DC3000_protein_12_2025	WP_046463314.1	plate25.C2.annotation	DAKCFMEO_01028
OG0003939	DC3000_protein_12_2025	WP_046463315.1	plate25.C2.annotation	DAKCFMEO_01024
OG0003940	DC3000_protein_12_2025	WP_046463316.1	plate25.C2.annotation	DAKCFMEO_00962
OG0003941	DC3000_protein_12_2025	WP_046463326.1	plate25.C2.annotation	DAKCFMEO_01418
OG0003942	DC3000_protein_12_2025	WP_046463327.1	plate25.C2.annotation	DAKCFMEO_01425
OG0003943	DC3000_protein_12_2025	WP_046463328.1	plate25.C2.annotation	DAKCFMEO_01930
OG0003944	DC3000_protein_12_2025	WP_046463329.1	plate25.C2.annotation	DAKCFMEO_01937
OG0003945	DC3000_protein_12_2025	WP_046463335.1	plate25.C2.annotation	DAKCFMEO_04307
OG0003946	DC3000_protein_12_2025	WP_046463336.1	plate25.C2.annotation	DAKCFMEO_04301
OG0003947	DC3000_protein_12_2025	WP_046463337.1	plate25.C2.annotation	DAKCFMEO_04299
OG0003948	DC3000_protein_12_2025	WP_046463338.1	plate25.C2.annotation	DAKCFMEO_04289
OG0003949	DC3000_protein_12_2025	WP_046463346.1	plate25.C2.annotation	DAKCFMEO_04788
OG0003950	DC3000_protein_12_2025	WP_046463347.1	plate25.C2.annotation	DAKCFMEO_04786
OG0003951	DC3000_protein_12_2025	WP_046463348.1	plate25.C2.annotation	DAKCFMEO_00579
OG0003953	DC3000_protein_12_2025	WP_046463381.1	plate25.C2.annotation	DAKCFMEO_03696
OG0003954	DC3000_protein_12_2025	WP_046463383.1	plate25.C2.annotation	DAKCFMEO_03667
OG0003955	DC3000_protein_12_2025	WP_046463386.1	plate25.C2.annotation	DAKCFMEO_03674
OG0003956	DC3000_protein_12_2025	WP_046463392.1	plate25.C2.annotation	DAKCFMEO_01798
OG0003957	DC3000_protein_12_2025	WP_046463393.1	plate25.C2.annotation	DAKCFMEO_01796
OG0003958	DC3000_protein_12_2025	WP_046463394.1	plate25.C2.annotation	DAKCFMEO_00840
OG0003959	DC3000_protein_12_2025	WP_046463395.1	plate25.C2.annotation	DAKCFMEO_04772
OG0003960	DC3000_protein_12_2025	WP_046463396.1	plate25.C2.annotation	DAKCFMEO_01786
OG0003961	DC3000_protein_12_2025	WP_046463402.1	plate25.C2.annotation	DAKCFMEO_02757
OG0003962	DC3000_protein_12_2025	WP_046463403.1	plate25.C2.annotation	DAKCFMEO_02772
OG0003963	DC3000_protein_12_2025	WP_046463409.1	plate25.C2.annotation	DAKCFMEO_03976
OG0003964	DC3000_protein_12_2025	WP_046463410.1	plate25.C2.annotation	DAKCFMEO_03990
OG0003965	DC3000_protein_12_2025	WP_046463411.1	plate25.C2.annotation	DAKCFMEO_04002
OG0003966	DC3000_protein_12_2025	WP_046463415.1	plate25.C2.annotation	DAKCFMEO_00190
OG0003967	DC3000_protein_12_2025	WP_046463422.1	plate25.C2.annotation	DAKCFMEO_00345
OG0003969	DC3000_protein_12_2025	WP_046463429.1	plate25.C2.annotation	DAKCFMEO_00136
OG0003970	DC3000_protein_12_2025	WP_046463430.1	plate25.C2.annotation	DAKCFMEO_00130
OG0003971	DC3000_protein_12_2025	WP_046463431.1	plate25.C2.annotation	DAKCFMEO_00093
OG0003972	DC3000_protein_12_2025	WP_046463435.1	plate25.C2.annotation	DAKCFMEO_00695
OG0003973	DC3000_protein_12_2025	WP_046463439.1	plate25.C2.annotation	DAKCFMEO_00741
OG0003974	DC3000_protein_12_2025	WP_046463447.1	plate25.C2.annotation	DAKCFMEO_03121
OG0003975	DC3000_protein_12_2025	WP_046463454.1	plate25.C2.annotation	DAKCFMEO_02582
OG0003976	DC3000_protein_12_2025	WP_046463458.1	plate25.C2.annotation	DAKCFMEO_04186
OG0003977	DC3000_protein_12_2025	WP_046463461.1	plate25.C2.annotation	DAKCFMEO_04168
OG0003978	DC3000_protein_12_2025	WP_046463479.1	plate25.C2.annotation	DAKCFMEO_03952
OG0003979	DC3000_protein_12_2025	WP_046463480.1	plate25.C2.annotation	DAKCFMEO_03936
OG0003980	DC3000_protein_12_2025	WP_046463492.1	plate25.C2.annotation	DAKCFMEO_04604
OG0003981	DC3000_protein_12_2025	WP_046463498.1	plate25.C2.annotation	DAKCFMEO_01162
OG0003982	DC3000_protein_12_2025	WP_046463499.1	plate25.C2.annotation	DAKCFMEO_01179
OG0003983	DC3000_protein_12_2025	WP_046463502.1	plate25.C2.annotation	DAKCFMEO_03732
OG0003984	DC3000_protein_12_2025	WP_046463503.1	plate25.C2.annotation	DAKCFMEO_03756
OG0003985	DC3000_protein_12_2025	WP_046463504.1	plate25.C2.annotation	DAKCFMEO_03769
OG0003986	DC3000_protein_12_2025	WP_046463506.1	plate25.C2.annotation	DAKCFMEO_03779
OG0003987	DC3000_protein_12_2025	WP_046463508.1	plate25.C2.annotation	DAKCFMEO_03728
OG0003988	DC3000_protein_12_2025	WP_046463516.1	plate25.C2.annotation	DAKCFMEO_03971
OG0003989	DC3000_protein_12_2025	WP_046463517.1	plate25.C2.annotation	DAKCFMEO_03970
OG0003990	DC3000_protein_12_2025	WP_046463519.1	plate25.C2.annotation	DAKCFMEO_03963
OG0003991	DC3000_protein_12_2025	WP_046463531.1	plate25.C2.annotation	DAKCFMEO_03785
OG0003992	DC3000_protein_12_2025	WP_046463551.1	plate25.C2.annotation	DAKCFMEO_03653
OG0003993	DC3000_protein_12_2025	WP_046463552.1	plate25.C2.annotation	DAKCFMEO_03663
OG0003994	DC3000_protein_12_2025	WP_046463553.1	plate25.C2.annotation	DAKCFMEO_04439
OG0003995	DC3000_protein_12_2025	WP_046463556.1	plate25.C2.annotation	DAKCFMEO_04417
OG0003996	DC3000_protein_12_2025	WP_046463559.1	plate25.C2.annotation	DAKCFMEO_00667
OG0003997	DC3000_protein_12_2025	WP_046463563.1	plate25.C2.annotation	DAKCFMEO_04706
OG0003998	DC3000_protein_12_2025	WP_046463565.1	plate25.C2.annotation	DAKCFMEO_04750
OG0003999	DC3000_protein_12_2025	WP_046463567.1	plate25.C2.annotation	DAKCFMEO_00639
OG0004000	DC3000_protein_12_2025	WP_046463568.1	plate25.C2.annotation	DAKCFMEO_00477
OG0004002	DC3000_protein_12_2025	WP_046463591.1	plate25.C2.annotation	DAKCFMEO_03983
OG0004003	DC3000_protein_12_2025	WP_046463594.1	plate25.C2.annotation	DAKCFMEO_01324
OG0004004	DC3000_protein_12_2025	WP_046463596.1	plate25.C2.annotation	DAKCFMEO_03751
OG0004005	DC3000_protein_12_2025	WP_046463602.1	plate25.C2.annotation	DAKCFMEO_05116
OG0004006	DC3000_protein_12_2025	WP_046463633.1	plate25.C2.annotation	DAKCFMEO_01305
OG0004007	DC3000_protein_12_2025	WP_046463655.1	plate25.C2.annotation	DAKCFMEO_04913
OG0004008	DC3000_protein_12_2025	WP_046463668.1	plate25.C2.annotation	DAKCFMEO_00314
OG0004010	DC3000_protein_12_2025	WP_046463673.1	plate25.C2.annotation	DAKCFMEO_00307
OG0004011	DC3000_protein_12_2025	WP_046463676.1	plate25.C2.annotation	DAKCFMEO_00273
OG0004012	DC3000_protein_12_2025	WP_046463701.1	plate25.C2.annotation	DAKCFMEO_01846
OG0004013	DC3000_protein_12_2025	WP_046463702.1	plate25.C2.annotation	DAKCFMEO_01848
OG0004014	DC3000_protein_12_2025	WP_046463718.1	plate25.C2.annotation	DAKCFMEO_05206
OG0004015	DC3000_protein_12_2025	WP_046463732.1	plate25.C2.annotation	DAKCFMEO_04541
OG0004016	DC3000_protein_12_2025	WP_046463733.1	plate25.C2.annotation	DAKCFMEO_04550
OG0004017	DC3000_protein_12_2025	WP_046463773.1	plate25.C2.annotation	DAKCFMEO_04084
OG0004018	DC3000_protein_12_2025	WP_046463775.1	plate25.C2.annotation	DAKCFMEO_04114
OG0004020	DC3000_protein_12_2025	WP_046463793.1	plate25.C2.annotation	DAKCFMEO_04942
OG0004021	DC3000_protein_12_2025	WP_046463799.1	plate25.C2.annotation	DAKCFMEO_00254
OG0004022	DC3000_protein_12_2025	WP_046463817.1	plate25.C2.annotation	DAKCFMEO_02081
OG0004023	DC3000_protein_12_2025	WP_046463820.1	plate25.C2.annotation	DAKCFMEO_03323
OG0004025	DC3000_protein_12_2025	WP_046463872.1	plate25.C2.annotation	DAKCFMEO_02119
OG0004026	DC3000_protein_12_2025	WP_046463876.1	plate25.C2.annotation	DAKCFMEO_05065
OG0004027	DC3000_protein_12_2025	WP_046463880.1	plate25.C2.annotation	DAKCFMEO_05150
OG0004028	DC3000_protein_12_2025	WP_046463890.1	plate25.C2.annotation	DAKCFMEO_02172
OG0004029	DC3000_protein_12_2025	WP_046463891.1	plate25.C2.annotation	DAKCFMEO_02171
OG0004030	DC3000_protein_12_2025	WP_046463894.1	plate25.C2.annotation	DAKCFMEO_05019
OG0004031	DC3000_protein_12_2025	WP_046463895.1	plate25.C2.annotation	DAKCFMEO_04994
OG0004032	DC3000_protein_12_2025	WP_046463903.1	plate25.C2.annotation	DAKCFMEO_00949
OG0004033	DC3000_protein_12_2025	WP_046463906.1	plate25.C2.annotation	DAKCFMEO_01413
OG0004034	DC3000_protein_12_2025	WP_046463915.1	plate25.C2.annotation	DAKCFMEO_02444
OG0004035	DC3000_protein_12_2025	WP_046463917.1	plate25.C2.annotation	DAKCFMEO_00839
OG0004036	DC3000_protein_12_2025	WP_046463918.1	plate25.C2.annotation	DAKCFMEO_02423
OG0004037	DC3000_protein_12_2025	WP_046463922.1	plate25.C2.annotation	DAKCFMEO_02339
OG0004038	DC3000_protein_12_2025	WP_046463924.1	plate25.C2.annotation	DAKCFMEO_02240
OG0004039	DC3000_protein_12_2025	WP_046463925.1	plate25.C2.annotation	DAKCFMEO_00001
OG0004040	DC3000_protein_12_2025	WP_046463928.1	plate25.C2.annotation	DAKCFMEO_04224
OG0004041	DC3000_protein_12_2025	WP_046463929.1	plate25.C2.annotation	DAKCFMEO_04211
OG0004042	DC3000_protein_12_2025	WP_046463930.1	plate25.C2.annotation	DAKCFMEO_00025
OG0004043	DC3000_protein_12_2025	WP_046463932.1	plate25.C2.annotation	DAKCFMEO_00063
OG0004044	DC3000_protein_12_2025	WP_046463952.1	plate25.C2.annotation	DAKCFMEO_02833
OG0004045	DC3000_protein_12_2025	WP_046463953.1	plate25.C2.annotation	DAKCFMEO_02837
OG0004046	DC3000_protein_12_2025	WP_046463955.1	plate25.C2.annotation	DAKCFMEO_02841
OG0004047	DC3000_protein_12_2025	WP_046463957.1	plate25.C2.annotation	DAKCFMEO_02853
OG0004048	DC3000_protein_12_2025	WP_046463963.1	plate25.C2.annotation	DAKCFMEO_02851
OG0004050	DC3000_protein_12_2025	WP_046464003.1	plate25.C2.annotation	DAKCFMEO_00771
OG0004051	DC3000_protein_12_2025	WP_046464006.1	plate25.C2.annotation	DAKCFMEO_00823
OG0004052	DC3000_protein_12_2025	WP_046464008.1	plate25.C2.annotation	DAKCFMEO_02575
OG0004053	DC3000_protein_12_2025	WP_046464012.1	plate25.C2.annotation	DAKCFMEO_01625
OG0004054	DC3000_protein_12_2025	WP_046464026.1	plate25.C2.annotation	DAKCFMEO_01589
OG0004055	DC3000_protein_12_2025	WP_046464027.1	plate25.C2.annotation	DAKCFMEO_01583
OG0004056	DC3000_protein_12_2025	WP_046464039.1	plate25.C2.annotation	DAKCFMEO_02680
OG0004057	DC3000_protein_12_2025	WP_046464043.1	plate25.C2.annotation	DAKCFMEO_02664
OG0004058	DC3000_protein_12_2025	WP_052507194.1	plate25.C2.annotation	DAKCFMEO_01887
OG0004059	DC3000_protein_12_2025	WP_052746254.1	plate25.C2.annotation	DAKCFMEO_01891
OG0004061	DC3000_protein_12_2025	WP_057443127.1	plate25.C2.annotation	DAKCFMEO_03746
OG0004062	DC3000_protein_12_2025	WP_057443174.1	plate25.C2.annotation	DAKCFMEO_04246
OG0004063	DC3000_protein_12_2025	WP_057443183.1	plate25.C2.annotation	DAKCFMEO_02908
OG0004064	DC3000_protein_12_2025	WP_057443202.1	plate25.C2.annotation	DAKCFMEO_05247
OG0004065	DC3000_protein_12_2025	WP_057443217.1	plate25.C2.annotation	DAKCFMEO_03085
OG0004066	DC3000_protein_12_2025	WP_057443274.1	plate25.C2.annotation	DAKCFMEO_02591
OG0004067	DC3000_protein_12_2025	WP_057443298.1	plate25.C2.annotation	DAKCFMEO_02093
OG0004068	DC3000_protein_12_2025	WP_074842212.1	plate25.C2.annotation	DAKCFMEO_00462
OG0004069	DC3000_protein_12_2025	WP_074843309.1	plate25.C2.annotation	DAKCFMEO_02003
OG0004070	DC3000_protein_12_2025	WP_074845927.1	plate25.C2.annotation	DAKCFMEO_01743
OG0004071	DC3000_protein_12_2025	WP_080546580.1	plate25.C2.annotation	DAKCFMEO_03278
OG0004072	DC3000_protein_12_2025	WP_080898547.1	plate25.C2.annotation	DAKCFMEO_03784
OG0004073	DC3000_protein_12_2025	WP_080898792.1	plate25.C2.annotation	DAKCFMEO_00807
OG0004075	DC3000_protein_12_2025	WP_080946567.1	plate25.C2.annotation	DAKCFMEO_03959
OG0004076	DC3000_protein_12_2025	WP_080946587.1	plate25.C2.annotation	DAKCFMEO_04916
OG0004077	DC3000_protein_12_2025	WP_080946637.1	plate25.C2.annotation	DAKCFMEO_01901
OG0004078	DC3000_protein_12_2025	WP_081011124.1	plate25.C2.annotation	DAKCFMEO_02108
OG0004079	DC3000_protein_12_2025	WP_086000462.1	plate25.C2.annotation	DAKCFMEO_03432
OG0004080	DC3000_protein_12_2025	WP_096059895.1	plate25.C2.annotation	DAKCFMEO_03238
OG0004081	DC3000_protein_12_2025	WP_149032149.1	plate25.C2.annotation	DAKCFMEO_04593
OG0004084	DC3000_protein_12_2025	WP_161458274.1	plate25.C2.annotation	DAKCFMEO_03602
OG0004085	DC3000_protein_12_2025	WP_161633151.1	plate25.C2.annotation	DAKCFMEO_04271
OG0004086	DC3000_protein_12_2025	WP_161797764.1	plate25.C2.annotation	DAKCFMEO_02217
OG0004088	DC3000_protein_12_2025	WP_161797770.1	plate25.C2.annotation	DAKCFMEO_03255
OG0004089	DC3000_protein_12_2025	WP_161797771.1	plate25.C2.annotation	DAKCFMEO_00418
OG0004090	DC3000_protein_12_2025	WP_161797773.1	plate25.C2.annotation	DAKCFMEO_00688
OG0004091	DC3000_protein_12_2025	WP_161797774.1	plate25.C2.annotation	DAKCFMEO_00723
OG0004092	DC3000_protein_12_2025	WP_161797778.1	plate25.C2.annotation	DAKCFMEO_04176
OG0004093	DC3000_protein_12_2025	WP_161797783.1	plate25.C2.annotation	DAKCFMEO_02434
OG0004094	DC3000_protein_12_2025	WP_161797784.1	plate25.C2.annotation	DAKCFMEO_04803
OG0004096	DC3000_protein_12_2025	WP_161797789.1	plate25.C2.annotation	DAKCFMEO_01354
OG0004097	DC3000_protein_12_2025	WP_161797790.1	plate25.C2.annotation	DAKCFMEO_03435
OG0004098	DC3000_protein_12_2025	WP_161797805.1	plate25.C2.annotation	DAKCFMEO_05037
OG0004099	DC3000_protein_12_2025	WP_161797807.1	plate25.C2.annotation	DAKCFMEO_03362
OG0004100	DC3000_protein_12_2025	WP_161797808.1	plate25.C2.annotation	DAKCFMEO_04516
OG0004101	DC3000_protein_12_2025	WP_161797811.1	plate25.C2.annotation	DAKCFMEO_02303
OG0004102	DC3000_protein_12_2025	WP_161797812.1	plate25.C2.annotation	DAKCFMEO_02286
OG0004103	DC3000_protein_12_2025	WP_161797814.1	plate25.C2.annotation	DAKCFMEO_00026
OG0004104	DC3000_protein_12_2025	WP_161797817.1	plate25.C2.annotation	DAKCFMEO_01888
OG0004105	DC3000_protein_12_2025	WP_161797820.1	plate25.C2.annotation	DAKCFMEO_02576
OG0004106	DC3000_protein_12_2025	WP_161797821.1	plate25.C2.annotation	DAKCFMEO_02191
OG0004107	DC3000_protein_12_2025	WP_162491766.1	plate25.C2.annotation	DAKCFMEO_03363
OG0004108	DC3000_protein_12_2025	WP_162491836.1	plate25.C2.annotation	DAKCFMEO_04467
OG0004109	DC3000_protein_12_2025	WP_162839066.1	plate25.C2.annotation	DAKCFMEO_00397
OG0004110	DC3000_protein_12_2025	WP_162839068.1	plate25.C2.annotation	DAKCFMEO_00890
