WP_002551315.1,DAKCFMEO_01263,100.0,44,44,44,1.5e-17,82.0,1,1
WP_002551397.1,DAKCFMEO_05162,95.0,60,60,60,8.0e-25,106.7,1,1
WP_002551454.1,DAKCFMEO_05211,99.0,197,197,197,2.6e-112,399.1,1,1
WP_002551500.1,DAKCFMEO_01837,96.6,87,87,87,7.2e-43,167.2,1,1
WP_002551508.1,DAKCFMEO_01845,94.4,301,301,301,3.3e-159,555.4,1,1
WP_002551514.1,DAKCFMEO_01851,100.0,77,77,77,5.1e-40,157.5,1,1
WP_002551515.1,DAKCFMEO_01852,98.0,51,51,51,3.4e-24,104.4,1,1
WP_002551560.1,DAKCFMEO_01956,99.3,419,419,419,1.2e-236,813.1,1,1
WP_002551568.1,DAKCFMEO_01967,97.8,135,135,134,1.3e-67,250.0,1,1.00746
WP_002551573.1,DAKCFMEO_01972,92.8,69,69,69,1.2e-27,116.3,1,1
WP_002551616.1,DAKCFMEO_05096,96.4,84,84,84,1.7e-41,162.5,1,1
WP_002551711.1,DAKCFMEO_02133,95.4,131,131,131,2.3e-69,255.8,1,1
WP_002551738.1,DAKCFMEO_05002,94.1,135,136,136,2.4e-69,255.8,0.992647,0.992647
WP_002551819.1,DAKCFMEO_04892,100.0,86,86,86,1.9e-43,169.1,1,1
WP_002551828.1,DAKCFMEO_04881,99.1,109,141,141,8.1e-60,224.2,0.77305,0.77305
WP_002551829.1,DAKCFMEO_04880,100.0,76,76,76,6.1e-38,150.6,1,1
WP_002551844.1,DAKCFMEO_04866,98.7,304,304,304,1.9e-162,566.2,1,1
WP_002551877.1,DAKCFMEO_02868,100.0,71,71,71,2.7e-32,131.7,1,1
WP_002551946.1,DAKCFMEO_02807,99.2,264,264,264,3.2e-150,525.4,1,1
WP_002551953.1,DAKCFMEO_02800,98.3,116,116,116,8.4e-63,233.8,1,1
WP_002551972.1,DAKCFMEO_00541,100.0,91,91,91,1.0e-47,183.3,1,1
WP_002552060.1,DAKCFMEO_01662,98.3,58,58,58,4.4e-28,117.5,1,1
WP_002552075.1,DAKCFMEO_01647,98.8,163,163,163,7.9e-83,300.8,1,1
WP_002552145.1,DAKCFMEO_03443,100.0,310,313,310,7.1e-173,600.9,0.990415,1
WP_002552194.1,DAKCFMEO_03389,98.4,127,127,127,1.7e-69,256.1,1,1
WP_002552279.1,DAKCFMEO_03291,96.8,93,93,93,2.4e-44,172.2,1,1
WP_002552468.1,DAKCFMEO_03331,100.0,111,111,111,2.3e-57,215.7,1,1
WP_002552482.1,DAKCFMEO_03346,100.0,141,141,141,1.6e-71,263.1,1,1
WP_002552524.1,DAKCFMEO_03261,99.1,116,116,116,3.3e-59,221.9,1,1
WP_002552552.1,DAKCFMEO_04200,96.1,103,103,103,2.2e-51,195.7,1,1
WP_002552554.1,DAKCFMEO_04202,97.1,35,52,52,4.2e-14,70.9,0.673077,0.673077
WP_002552611.1,DAKCFMEO_04157,95.2,124,124,124,2.9e-69,255.4,1,1
WP_002552653.1,DAKCFMEO_04191,98.8,84,84,84,7.7e-42,163.7,1,1
WP_002552688.1,DAKCFMEO_04245,100.0,60,60,60,1.2e-28,119.4,1,1
WP_002552729.1,DAKCFMEO_04341,96.2,286,288,289,1.6e-158,553.1,0.993056,0.989619
WP_002552734.1,DAKCFMEO_04350,100.0,213,213,213,3.3e-121,428.7,1,1
WP_002552737.1,DAKCFMEO_04353,98.9,90,90,90,3.7e-42,164.9,1,1
WP_002552818.1,DAKCFMEO_04534,99.1,108,108,108,3.6e-52,198.4,1,1
WP_002552853.1,DAKCFMEO_02621,90.5,63,63,63,1.5e-26,112.5,1,1
WP_002552981.1,DAKCFMEO_00650,99.7,388,388,388,9.5e-220,756.9,1,1
WP_002553016.1,DAKCFMEO_00710,90.3,93,93,93,1.2e-46,179.9,1,1
WP_002553018.1,DAKCFMEO_00712,100.0,83,83,83,8.8e-14,70.5,1,1
WP_002553156.1,DAKCFMEO_00809,95.7,70,70,70,2.6e-35,141.7,1,1
WP_002553160.1,DAKCFMEO_00813,100.0,64,64,64,1.2e-29,122.9,1,1
WP_002553161.1,DAKCFMEO_00814,100.0,118,118,118,5.4e-57,214.5,1,1
WP_002553164.1,DAKCFMEO_00817,100.0,100,100,100,2.9e-51,195.3,1,1
WP_002553665.1,DAKCFMEO_03718,98.5,197,197,197,1.4e-113,403.3,1,1
WP_002553918.1,DAKCFMEO_01408,99.6,259,259,259,1.9e-147,516.2,1,1
WP_002553978.1,DAKCFMEO_01496,97.8,223,223,223,3.7e-115,408.7,1,1
WP_002554011.1,DAKCFMEO_01530,100.0,137,137,137,2.5e-74,272.3,1,1
WP_002554012.1,DAKCFMEO_01531,97.3,224,224,224,2.0e-129,456.1,1,1
WP_002554100.1,DAKCFMEO_04682,96.5,202,202,202,7.6e-112,397.5,1,1
WP_002554157.1,DAKCFMEO_04624,100.0,62,62,62,3.2e-29,121.3,1,1
WP_002554192.1,DAKCFMEO_04561,97.4,231,229,231,5.1e-128,451.4,1.00873,1
WP_002554262.1,DAKCFMEO_02556,100.0,159,159,159,3.7e-85,308.5,1,1
WP_002554277.1,DAKCFMEO_02541,93.3,89,89,89,1.7e-39,156.0,1,1
WP_002554288.1,DAKCFMEO_02531,93.3,149,149,149,4.7e-74,271.6,1,1
WP_002554291.1,DAKCFMEO_02528,99.7,338,338,338,6.2e-183,634.4,1,1
WP_002554297.1,DAKCFMEO_02522,90.8,98,98,98,6.7e-45,174.1,1,1
WP_002554310.1,DAKCFMEO_02509,100.0,262,262,262,1.3e-143,503.4,1,1
WP_002554316.1,DAKCFMEO_02504,97.9,146,146,146,3.0e-73,268.9,1,1
WP_002554423.1,DAKCFMEO_02406,99.0,105,108,105,1.6e-52,199.5,0.972222,1
WP_002554426.1,DAKCFMEO_02400,100.0,62,62,62,4.2e-29,120.9,1,1
WP_002554476.1,DAKCFMEO_04319,99.7,319,319,319,6.3e-177,614.4,1,1
WP_002554489.1,DAKCFMEO_04303,97.5,236,237,237,8.9e-128,450.7,0.995781,0.995781
WP_002554553.1,DAKCFMEO_02327,97.1,68,68,68,1.1e-33,136.3,1,1
WP_002554561.1,DAKCFMEO_02318,100.0,97,98,98,2.8e-51,195.3,0.989796,0.989796
WP_002554562.1,DAKCFMEO_02317,97.9,563,563,561,4.8e-313,1067.4,1,1.00357
WP_002554651.1,DAKCFMEO_03124,95.2,166,166,165,5.7e-81,294.7,1,1.00606
WP_002554655.1,DAKCFMEO_03128,97.4,231,231,231,2.3e-120,426.0,1,1
WP_002554721.1,DAKCFMEO_03190,100.0,167,167,167,1.5e-84,306.6,1,1
WP_002554728.1,DAKCFMEO_03197,98.4,247,247,247,2.1e-135,476.1,1,1
WP_002554837.1,DAKCFMEO_00145,100.0,69,69,69,2.0e-35,142.1,1,1
WP_002554843.1,DAKCFMEO_00151,99.5,208,208,208,3.5e-112,398.7,1,1
WP_002554851.1,DAKCFMEO_00159,94.9,156,156,156,2.2e-82,299.3,1,1
WP_002554971.1,DAKCFMEO_00305,94.4,126,126,126,8.2e-64,237.3,1,1
WP_002555020.1,DAKCFMEO_00368,98.7,227,227,227,5.9e-129,454.5,1,1
WP_002555064.1,DAKCFMEO_00416,97.7,130,130,130,1.8e-66,246.1,1,1
WP_002555108.1,DAKCFMEO_00463,100.0,345,345,345,6.3e-191,661.0,1,1
WP_002555109.1,DAKCFMEO_00464,97.9,95,95,95,1.4e-47,183.0,1,1
WP_002555121.1,DAKCFMEO_01679,100.0,89,89,89,2.7e-45,175.3,1,1
WP_002555142.1,DAKCFMEO_01701,99.2,122,135,122,1.4e-64,240.0,0.903704,1
WP_002555214.1,DAKCFMEO_00545,96.2,80,80,80,8.1e-41,160.2,1,1
WP_002555356.1,DAKCFMEO_03650,99.0,97,97,97,1.7e-48,186.0,1,1
WP_002555369.1,DAKCFMEO_03636,96.0,150,150,150,2.0e-80,292.7,1,1
WP_002555370.1,DAKCFMEO_03635,93.4,152,151,152,5.3e-57,214.9,1.00662,1
WP_002555375.1,DAKCFMEO_03630,100.0,106,106,106,5.0e-54,204.5,1,1
WP_002555427.1,DAKCFMEO_03570,100.0,158,158,158,1.1e-81,297.0,1,1
WP_002555464.1,DAKCFMEO_03531,99.7,333,333,333,1.5e-184,639.8,1,1
WP_002555465.1,DAKCFMEO_03530,100.0,206,206,206,1.7e-114,406.4,1,1
WP_002555466.1,DAKCFMEO_03529,100.0,129,129,129,2.1e-70,259.2,1,1
WP_002555467.1,DAKCFMEO_03528,99.2,118,118,118,4.2e-62,231.5,1,1
WP_002555469.1,DAKCFMEO_03527,99.8,444,444,444,3.0e-246,845.1,1,1
WP_002555470.1,DAKCFMEO_03526,98.6,144,144,144,5.0e-73,268.1,1,1
WP_002555471.1,DAKCFMEO_03525,98.3,58,58,58,8.8e-29,119.8,1,1
WP_002555473.1,DAKCFMEO_03523,100.0,116,116,116,3.1e-57,215.3,1,1
WP_002555475.1,DAKCFMEO_03521,98.5,130,130,130,2.0e-65,242.7,1,1
WP_002555476.1,DAKCFMEO_03520,100.0,101,101,101,2.2e-51,195.7,1,1
WP_002555478.1,DAKCFMEO_03518,100.0,104,104,104,4.9e-54,204.5,1,1
WP_002555479.1,DAKCFMEO_03517,100.0,122,122,122,6.1e-64,237.7,1,1
WP_002555480.1,DAKCFMEO_03516,100.0,88,88,88,4.6e-45,174.5,1,1
WP_002555481.1,DAKCFMEO_03515,100.0,63,63,63,2.8e-28,118.2,1,1
WP_002555482.1,DAKCFMEO_03514,100.0,137,137,137,8.1e-73,267.3,1,1
WP_002555485.1,DAKCFMEO_03512,100.0,110,110,110,2.0e-53,202.6,1,1
WP_002555488.1,DAKCFMEO_03509,100.0,99,99,99,9.1e-50,190.3,1,1
WP_002555489.1,DAKCFMEO_03508,98.0,200,200,200,3.6e-106,378.6,1,1
WP_002555491.1,DAKCFMEO_03506,99.0,103,103,103,2.7e-52,198.7,1,1
WP_002555494.1,DAKCFMEO_03502,100.0,123,123,123,1.6e-67,249.6,1,1
WP_002555500.1,DAKCFMEO_03496,97.9,143,143,143,3.8e-73,268.5,1,1
WP_002555565.1,DAKCFMEO_02914,94.3,53,53,53,9.6e-22,96.3,1,1
WP_002555698.1,DAKCFMEO_02157,98.5,396,396,396,7.4e-220,757.3,1,1
WP_002555721.1,DAKCFMEO_05119,99.2,478,478,478,1.8e-276,945.7,1,1
WP_002555745.1,DAKCFMEO_05170,100.0,159,159,159,1.8e-95,342.8,1,1
WP_002555770.1,DAKCFMEO_05186,100.0,71,71,71,5.2e-31,127.5,1,1
WP_002555777.1,DAKCFMEO_05219,95.6,90,90,90,1.7e-47,182.6,1,1
WP_002555808.1,DAKCFMEO_01909,100.0,112,112,112,1.6e-58,219.5,1,1
WP_002555947.1,DAKCFMEO_05180,100.0,162,162,162,8.1e-88,317.4,1,1
WP_002555987.1,DAKCFMEO_01252,100.0,85,85,85,4.7e-39,154.5,1,1
WP_002556012.1,DAKCFMEO_02674,60.0,60,66,64,4.5e-13,67.8,0.909091,0.9375
WP_002556144.1,DAKCFMEO_01747,90.4,156,160,159,4.7e-80,291.6,0.975,0.981132
WP_003176422.1,DAKCFMEO_03513,100.0,228,228,228,3.0e-128,452.2,1,1
WP_003304675.1,DAKCFMEO_00371,99.0,97,97,97,5.8e-49,187.6,1,1
WP_003313553.1,DAKCFMEO_00399,99.2,360,360,360,5.4e-201,694.5,1,1
WP_003313577.1,DAKCFMEO_00425,99.0,305,305,305,1.2e-177,616.7,1,1
WP_003313894.1,DAKCFMEO_03604,100.0,155,155,155,6.3e-90,324.3,1,1
WP_003314356.1,DAKCFMEO_03136,98.7,157,157,157,8.1e-85,307.4,1,1
WP_003314637.1,DAKCFMEO_02299,98.3,175,175,175,1.8e-88,319.7,1,1
WP_003315067.1,DAKCFMEO_02668,99.4,161,161,161,9.8e-86,310.5,1,1
WP_003315128.1,DAKCFMEO_02617,95.7,92,92,92,4.3e-46,177.9,1,1
WP_003315315.1,DAKCFMEO_04092,96.1,279,279,279,5.2e-159,554.7,1,1
WP_003315600.1,DAKCFMEO_00777,95.9,74,74,74,3.6e-35,141.4,1,1
WP_003315798.1,DAKCFMEO_04680,97.4,77,77,77,8.1e-38,150.2,1,1
WP_003317099.1,DAKCFMEO_03524,98.8,166,166,166,1.1e-87,317.0,1,1
WP_003317112.1,DAKCFMEO_03497,97.0,231,231,231,1.0e-120,427.2,1,1
WP_003317113.1,DAKCFMEO_03495,100.0,177,177,177,5.3e-101,361.3,1,1
WP_003317208.1,DAKCFMEO_04878,99.3,148,148,148,1.0e-73,270.4,1,1
WP_003317528.1,DAKCFMEO_03086,98.4,126,126,126,1.8e-71,262.7,1,1
WP_003317531.1,DAKCFMEO_03084,99.3,298,298,298,3.2e-167,582.0,1,1
WP_003317532.1,DAKCFMEO_03082,99.5,200,200,200,8.9e-113,400.6,1,1
WP_003317533.1,DAKCFMEO_03081,99.4,181,181,181,2.4e-104,372.5,1,1
WP_003318100.1,DAKCFMEO_01994,100.0,301,301,301,1.8e-170,592.8,1,1
WP_003318204.1,DAKCFMEO_03404,78.3,60,60,60,2.0e-23,102.1,1,1
WP_003319037.1,DAKCFMEO_00074,31.5,149,200,190,1.4e-17,84.3,0.745,0.784211
WP_003340324.1,DAKCFMEO_01574,98.2,163,163,163,3.4e-86,312.0,1,1
WP_003344603.1,DAKCFMEO_00537,100.0,92,92,92,2.0e-43,169.1,1,1
WP_003346101.1,DAKCFMEO_00752,97.4,114,114,114,6.5e-60,224.2,1,1
WP_003363851.1,DAKCFMEO_00304,98.9,283,283,283,3.6e-168,585.1,1,1
WP_003365425.1,DAKCFMEO_02749,86.4,66,66,66,4.5e-29,120.9,1,1
WP_003367017.1,DAKCFMEO_00812,99.4,177,177,177,4.1e-93,335.1,1,1
WP_003368676.1,DAKCFMEO_04778,98.2,385,385,389,7.5e-217,747.3,1,0.989717
WP_003373184.1,DAKCFMEO_04732,98.3,233,233,233,3.8e-131,461.8,1,1
WP_003373273.1,DAKCFMEO_02343,98.2,562,562,556,8.5e-286,976.9,1,1.01079
WP_003373291.1,DAKCFMEO_02334,90.1,141,157,159,4.5e-67,248.4,0.898089,0.886792
WP_003373297.1,DAKCFMEO_02331,100.0,189,189,189,8.5e-105,374.0,1,1
WP_003373331.1,DAKCFMEO_00755,68.0,128,130,132,2.3e-45,176.0,0.984615,0.969697
WP_003373338.1,DAKCFMEO_00759,94.6,130,130,130,5.5e-63,234.6,1,1
WP_003373339.1,DAKCFMEO_00760,89.4,104,104,104,7.6e-15,74.3,1,1
WP_003373363.1,DAKCFMEO_02144,85.0,107,109,110,1.4e-46,179.9,0.981651,0.972727
WP_003373489.1,DAKCFMEO_04035,98.9,91,91,91,3.0e-47,181.8,1,1
WP_003375709.1,DAKCFMEO_01469,73.7,217,217,217,2.1e-83,303.1,1,1
WP_003375712.1,DAKCFMEO_01470,53.6,84,88,86,6.2e-18,84.3,0.954545,0.976744
WP_003375716.1,DAKCFMEO_01472,54.7,349,359,361,2.7e-99,356.7,0.972145,0.966759
WP_003375846.1,DAKCFMEO_03011,98.0,295,295,295,2.3e-157,549.3,1,1
WP_003375849.1,DAKCFMEO_03010,94.5,110,110,110,3.1e-51,195.3,1,1
WP_003375857.1,DAKCFMEO_03005,90.6,298,298,298,1.2e-145,510.4,1,1
WP_003375863.1,DAKCFMEO_03001,81.6,76,74,76,3.9e-29,121.3,1.02703,1
WP_003375894.1,DAKCFMEO_02985,96.5,489,489,489,4.2e-281,961.1,1,1
WP_003375897.1,DAKCFMEO_02984,98.3,288,288,288,5.7e-153,534.6,1,1
WP_003375907.1,DAKCFMEO_02979,96.0,302,302,302,8.9e-165,573.9,1,1
WP_003375919.1,DAKCFMEO_02973,98.8,333,333,333,5.7e-189,654.4,1,1
WP_003375928.1,DAKCFMEO_02967,87.9,149,152,156,8.7e-76,277.3,0.980263,0.955128
WP_003375972.1,DAKCFMEO_03302,76.7,373,375,373,1.4e-154,540.4,0.994667,1
WP_003376021.1,DAKCFMEO_02729,98.7,464,464,464,2.9e-271,928.3,1,1
WP_003376036.1,DAKCFMEO_02735,91.3,470,470,470,2.7e-237,815.5,1,1
WP_003376052.1,DAKCFMEO_02742,92.3,222,222,222,8.4e-112,397.5,1,1
WP_003376124.1,DAKCFMEO_04526,91.1,291,288,291,4.2e-148,518.5,1.01042,1
WP_003376162.1,DAKCFMEO_04485,98.2,338,338,338,5.2e-198,684.5,1,1
WP_003376205.1,DAKCFMEO_04379,95.0,202,202,202,1.6e-109,389.8,1,1
WP_003376227.1,DAKCFMEO_04367,91.4,70,71,70,3.6e-32,131.3,0.985915,1
WP_003376264.1,DAKCFMEO_04343,91.1,90,90,90,2.6e-43,168.7,1,1
WP_003376266.1,DAKCFMEO_04342,98.1,266,266,266,5.1e-148,518.1,1,1
WP_003376303.1,DAKCFMEO_04318,96.8,314,314,314,1.6e-169,589.7,1,1
WP_003376366.1,DAKCFMEO_04864,97.6,291,291,291,1.6e-163,569.7,1,1
WP_003376376.1,DAKCFMEO_04858,97.1,205,205,205,5.9e-112,397.9,1,1
WP_003376387.1,DAKCFMEO_04852,92.7,179,179,177,2.0e-87,316.2,1,1.0113
WP_003376398.1,DAKCFMEO_04845,94.8,421,421,421,8.4e-230,790.4,1,1
WP_003376420.1,DAKCFMEO_04834,95.8,286,286,286,3.6e-155,542.0,1,1
WP_003376558.1,DAKCFMEO_03610,97.2,386,386,386,6.4e-216,744.2,1,1
WP_003376569.1,DAKCFMEO_03615,92.2,51,51,51,3.0e-20,91.3,1,1
WP_003376591.1,DAKCFMEO_04813,97.2,108,108,108,1.1e-56,213.4,1,1
WP_003376593.1,DAKCFMEO_04812,95.6,182,182,182,7.0e-56,211.5,1,1
WP_003376603.1,DAKCFMEO_04804,97.1,487,487,487,6.7e-279,953.7,1,1
WP_003376607.1,DAKCFMEO_04802,96.9,159,159,159,4.1e-84,305.1,1,1
WP_003376614.1,DAKCFMEO_04799,94.2,139,139,139,2.0e-71,262.7,1,1
WP_003376691.1,DAKCFMEO_03960,89.0,82,86,82,4.8e-39,154.5,0.953488,1
WP_003376717.1,DAKCFMEO_03973,89.4,321,321,321,7.7e-167,580.9,1,1
WP_003376859.1,DAKCFMEO_00828,92.5,146,146,146,6.6e-73,267.7,1,1
WP_003376912.1,DAKCFMEO_03824,70.8,216,222,236,8.5e-80,291.2,0.972973,0.915254
WP_003376950.1,DAKCFMEO_00893,92.0,201,201,201,6.9e-105,374.4,1,1
WP_003376994.1,DAKCFMEO_01045,93.1,289,289,289,8.6e-133,467.6,1,1
WP_003377005.1,DAKCFMEO_01053,96.0,321,321,321,8.3e-169,587.4,1,1
WP_003377107.1,DAKCFMEO_04914,99.1,633,634,634,0.0e+00,1262.3,0.998423,0.998423
WP_003377111.1,DAKCFMEO_04924,98.0,150,150,150,1.0e-84,307.0,1,1
WP_003377112.1,DAKCFMEO_04925,85.4,205,205,205,3.5e-104,372.1,1,1
WP_003377120.1,DAKCFMEO_04935,93.7,318,318,320,4.1e-176,611.7,1,0.99375
WP_003377131.1,DAKCFMEO_04945,99.3,585,585,585,0.0e+00,1205.7,1,1
WP_003377141.1,DAKCFMEO_04956,98.0,881,881,881,0.0e+00,1781.9,1,1
WP_003377196.1,DAKCFMEO_05001,97.5,121,121,121,3.6e-64,238.4,1,1
WP_003377199.1,DAKCFMEO_05003,96.8,317,319,319,9.4e-181,627.1,0.99373,0.99373
WP_003377205.1,DAKCFMEO_05006,91.7,145,146,146,2.4e-75,275.8,0.993151,0.993151
WP_003377212.1,DAKCFMEO_05012,95.9,344,344,344,4.2e-187,648.3,1,1
WP_003377215.1,DAKCFMEO_05015,92.9,196,196,196,3.6e-90,325.5,1,1
WP_003377217.1,DAKCFMEO_05017,97.1,206,206,206,3.6e-125,441.8,1,1
WP_003377258.1,DAKCFMEO_02046,87.1,224,224,224,7.7e-113,401.0,1,1
WP_003377314.1,DAKCFMEO_02845,94.8,344,344,344,1.8e-193,669.5,1,1
WP_003377457.1,DAKCFMEO_02802,90.1,142,142,142,1.4e-72,266.5,1,1
WP_003377470.1,DAKCFMEO_01713,72.8,92,94,95,2.4e-31,129.0,0.978723,0.968421
WP_003377471.1,DAKCFMEO_01706,96.2,160,160,160,1.1e-86,313.5,1,1
WP_003377479.1,DAKCFMEO_01699,95.7,187,187,187,1.6e-95,343.2,1,1
WP_003377482.1,DAKCFMEO_01697,98.4,380,380,379,1.7e-173,603.2,1,1.00264
WP_003377487.1,DAKCFMEO_01692,94.1,102,103,102,2.7e-49,188.7,0.990291,1
WP_003377503.1,DAKCFMEO_01682,94.3,844,841,844,0.0e+00,1350.1,1.00357,1
WP_003377505.1,DAKCFMEO_01681,92.0,138,138,138,1.1e-64,240.4,1,1
WP_003377508.1,DAKCFMEO_01678,97.9,701,701,701,0.0e+00,1317.8,1,1
WP_003377527.1,DAKCFMEO_00461,97.5,163,163,163,3.4e-86,312.0,1,1
WP_003377531.1,DAKCFMEO_00459,98.8,485,485,485,2.1e-272,932.2,1,1
WP_003377535.1,DAKCFMEO_00455,97.7,173,173,173,4.4e-92,331.6,1,1
WP_003377548.1,DAKCFMEO_00447,90.0,90,90,90,2.4e-41,162.2,1,1
WP_003377550.1,DAKCFMEO_00446,95.4,285,285,285,1.4e-156,546.6,1,1
WP_003377554.1,DAKCFMEO_00444,99.0,102,102,102,7.7e-52,197.2,1,1
WP_003377556.1,DAKCFMEO_00443,94.7,489,497,489,6.4e-261,894.0,0.983903,1
WP_003377572.1,DAKCFMEO_00435,93.5,155,155,155,3.4e-75,275.4,1,1
WP_003377577.1,DAKCFMEO_00432,89.9,79,79,79,2.2e-38,152.1,1,1
WP_003377590.1,DAKCFMEO_00427,95.6,386,386,386,2.1e-211,729.2,1,1
WP_003377592.1,DAKCFMEO_00426,96.0,252,252,252,2.0e-141,496.1,1,1
WP_003377598.1,DAKCFMEO_00421,92.3,209,209,231,1.4e-113,403.3,1,0.904762
WP_003377605.1,DAKCFMEO_00417,98.6,142,142,142,2.7e-79,288.9,1,1
WP_003377610.1,DAKCFMEO_00411,92.0,138,137,138,9.9e-71,260.4,1.0073,1
WP_003377649.1,DAKCFMEO_00392,98.6,418,418,418,9.0e-232,797.0,1,1
WP_003377651.1,DAKCFMEO_00390,98.7,303,303,303,2.7e-169,589.0,1,1
WP_003377653.1,DAKCFMEO_00389,94.7,151,151,151,2.4e-78,285.8,1,1
WP_003377687.1,DAKCFMEO_03264,97.6,85,85,85,1.9e-43,169.1,1,1
WP_003377703.1,DAKCFMEO_03251,98.3,180,180,180,5.8e-103,367.9,1,1
WP_003377717.1,DAKCFMEO_03245,89.8,177,178,178,3.3e-90,325.5,0.994382,0.994382
WP_003377783.1,DAKCFMEO_03205,94.2,344,344,344,3.1e-182,632.1,1,1
WP_003377785.1,DAKCFMEO_03204,93.0,115,115,115,1.6e-61,229.6,1,1
WP_003377787.1,DAKCFMEO_03867,62.3,69,76,74,4.7e-22,97.8,0.907895,0.932432
WP_003377815.1,DAKCFMEO_03188,95.9,146,146,146,1.6e-79,289.7,1,1
WP_003377825.1,DAKCFMEO_03183,96.5,315,315,315,2.1e-177,615.9,1,1
WP_003377829.1,DAKCFMEO_03181,98.7,543,543,543,0.0e+00,1077.8,1,1
WP_003377831.1,DAKCFMEO_03180,97.9,281,281,281,5.8e-158,551.2,1,1
WP_003377835.1,DAKCFMEO_03178,97.8,92,92,118,3.1e-44,171.8,1,0.779661
WP_003377838.1,DAKCFMEO_03176,94.3,298,298,298,8.8e-165,573.9,1,1
WP_003377871.1,DAKCFMEO_01266,97.8,367,367,367,5.0e-210,724.5,1,1
WP_003377879.1,DAKCFMEO_01261,96.3,81,81,81,3.2e-45,174.9,1,1
WP_003377883.1,DAKCFMEO_01257,89.0,218,214,218,1.4e-111,396.7,1.01869,1
WP_003377884.1,DAKCFMEO_01256,97.7,263,263,263,1.2e-144,506.9,1,1
WP_003377885.1,DAKCFMEO_01255,96.2,290,290,290,2.4e-151,529.3,1,1
WP_003377888.1,DAKCFMEO_01253,99.0,289,289,289,2.0e-161,562.8,1,1
WP_003377895.1,DAKCFMEO_01249,99.2,514,514,514,1.1e-287,983.0,1,1
WP_003377898.1,DAKCFMEO_01247,98.7,459,459,459,2.2e-260,892.1,1,1
WP_003377907.1,DAKCFMEO_01997,90.2,132,135,135,1.9e-66,246.1,0.977778,0.977778
WP_003377974.1,DAKCFMEO_01834,90.6,245,245,245,3.6e-132,465.3,1,1
WP_003377979.1,DAKCFMEO_01838,88.8,214,214,206,2.9e-101,362.5,1,1.03883
WP_003378039.1,DAKCFMEO_01874,97.4,189,189,189,1.6e-95,343.2,1,1
WP_003378068.1,DAKCFMEO_04673,79.1,148,153,146,7.9e-61,227.6,0.96732,1.0137
WP_003378076.1,DAKCFMEO_04669,97.1,307,308,309,2.0e-167,582.8,0.996753,0.993528
WP_003378111.1,DAKCFMEO_04646,87.6,225,225,225,4.1e-114,405.2,1,1
WP_003378113.1,DAKCFMEO_04645,82.6,46,47,46,6.9e-16,76.6,0.978723,1
WP_003378210.1,DAKCFMEO_04562,94.0,201,201,201,4.6e-101,361.7,1,1
WP_003378216.1,DAKCFMEO_04559,91.9,221,222,221,8.4e-120,424.1,0.995495,1
WP_003378219.1,DAKCFMEO_04556,100.0,69,69,69,5.4e-33,134.0,1,1
WP_003378280.1,DAKCFMEO_01226,89.2,74,74,74,1.9e-36,145.6,1,1
WP_003378325.1,DAKCFMEO_01200,91.9,173,173,173,1.1e-90,327.0,1,1
WP_003378342.1,DAKCFMEO_01552,95.7,161,161,161,5.4e-84,304.7,1,1
WP_003378385.1,DAKCFMEO_01576,96.3,81,81,81,1.9e-37,149.1,1,1
WP_003378389.1,DAKCFMEO_01579,98.5,133,133,133,4.8e-70,258.1,1,1
WP_003378397.1,DAKCFMEO_01585,96.9,254,253,254,1.2e-133,470.3,1.00395,1
WP_003378472.1,DAKCFMEO_00217,94.7,227,227,227,1.8e-122,433.0,1,1
WP_003378493.1,DAKCFMEO_00226,99.5,193,193,193,2.4e-107,382.5,1,1
WP_003378499.1,DAKCFMEO_00229,98.8,84,84,84,7.5e-45,173.7,1,1
WP_003378513.1,DAKCFMEO_00238,96.5,228,230,230,9.6e-135,473.8,0.991304,0.991304
WP_003378608.1,DAKCFMEO_02628,91.3,276,276,276,6.5e-146,511.1,1,1
WP_003378609.1,DAKCFMEO_02627,99.4,319,319,319,2.6e-183,635.6,1,1
WP_003378612.1,DAKCFMEO_02624,88.5,78,78,78,3.2e-34,138.3,1,1
WP_003378621.1,DAKCFMEO_02616,69.9,239,240,240,5.2e-99,355.1,0.995833,0.995833
WP_003378637.1,DAKCFMEO_02606,97.4,196,196,196,8.5e-108,384.0,1,1
WP_003378639.1,DAKCFMEO_02605,66.0,106,105,106,2.2e-33,136.0,1.00952,1
WP_003378641.1,DAKCFMEO_02604,93.5,185,185,185,2.1e-100,359.4,1,1
WP_003378666.1,DAKCFMEO_02589,96.8,93,93,93,2.1e-48,185.7,1,1
WP_003378668.1,DAKCFMEO_02587,80.7,57,56,59,1.5e-20,92.4,1.01786,0.966102
WP_003378725.1,DAKCFMEO_02552,95.1,246,246,246,4.2e-128,451.8,1,1
WP_003378730.1,DAKCFMEO_02548,97.6,124,128,124,1.9e-63,236.1,0.96875,1
WP_003378731.1,DAKCFMEO_02547,99.6,246,246,246,3.5e-135,475.3,1,1
WP_003378749.1,DAKCFMEO_02538,93.5,153,152,153,5.8e-72,264.6,1.00658,1
WP_003378750.1,DAKCFMEO_02537,97.2,322,322,322,4.0e-179,621.7,1,1
WP_003378759.1,DAKCFMEO_02129,96.9,192,192,192,1.9e-104,372.9,1,1
WP_003378760.1,DAKCFMEO_02128,92.3,182,182,182,2.3e-99,355.9,1,1
WP_003378783.1,DAKCFMEO_02116,93.9,99,99,99,3.9e-53,201.4,1,1
WP_003378849.1,DAKCFMEO_05106,81.7,175,175,175,1.7e-83,303.1,1,1
WP_003378855.1,DAKCFMEO_05057,97.9,422,422,422,2.6e-239,822.0,1,1
WP_003378857.1,DAKCFMEO_05059,98.6,73,75,73,8.4e-40,156.8,0.973333,1
WP_003378861.1,DAKCFMEO_05063,98.9,176,176,176,2.4e-93,335.9,1,1
WP_003378882.1,DAKCFMEO_05074,88.0,92,92,92,2.1e-40,159.1,1,1
WP_003378884.1,DAKCFMEO_05075,97.3,256,256,256,1.5e-144,506.5,1,1
WP_003378893.1,DAKCFMEO_05080,79.4,97,91,97,5.4e-33,134.4,1.06593,1
WP_003378929.1,DAKCFMEO_02300,93.8,97,97,97,1.5e-49,189.5,1,1
WP_003378990.1,DAKCFMEO_03129,94.2,155,155,155,1.0e-79,290.4,1,1
WP_003379024.1,DAKCFMEO_03032,96.8,187,187,187,6.6e-102,364.4,1,1
WP_003379025.1,DAKCFMEO_03031,96.6,292,292,292,6.4e-160,557.8,1,1
WP_003379028.1,DAKCFMEO_03028,97.9,236,236,236,2.2e-134,472.6,1,1
WP_003379038.1,DAKCFMEO_04165,90.7,97,97,97,2.4e-47,182.2,1,1
WP_003379089.1,DAKCFMEO_03591,96.2,209,209,209,4.5e-115,408.3,1,1
WP_003379121.1,DAKCFMEO_03577,96.3,81,81,81,1.2e-36,146.4,1,1
WP_003379129.1,DAKCFMEO_03573,97.6,205,205,205,1.3e-114,406.8,1,1
WP_003379141.1,DAKCFMEO_03566,99.4,154,154,165,5.7e-83,301.2,1,0.933333
WP_003379143.1,DAKCFMEO_03565,89.9,149,149,149,2.8e-71,262.3,1,1
WP_003379146.1,DAKCFMEO_03563,93.4,290,290,290,3.7e-152,531.9,1,1
WP_003379241.1,DAKCFMEO_03407,95.6,68,68,68,5.1e-36,144.1,1,1
WP_003379266.1,DAKCFMEO_03387,95.6,360,360,360,2.0e-203,702.6,1,1
WP_003379278.1,DAKCFMEO_03380,96.5,229,229,234,1.4e-117,416.8,1,0.978632
WP_003379302.1,DAKCFMEO_02787,96.7,123,123,123,1.3e-61,229.9,1,1
WP_003379415.1,DAKCFMEO_02223,84.4,77,77,77,3.9e-32,131.3,1,1
WP_003379418.1,DAKCFMEO_02226,87.8,74,74,74,7.1e-31,127.1,1,1
WP_003379468.1,DAKCFMEO_01296,99.0,315,315,337,6.6e-187,647.5,1,0.934718
WP_003379548.1,DAKCFMEO_03925,88.6,236,236,236,2.4e-117,416.0,1,1
WP_003379555.1,DAKCFMEO_01953,30.6,265,277,261,1.0e-18,88.6,0.956679,1.01533
WP_003379656.1,DAKCFMEO_01792,80.9,162,166,195,6.4e-72,264.6,0.975904,0.830769
WP_003379718.1,DAKCFMEO_00548,98.8,161,162,168,1.3e-82,300.1,0.993827,0.958333
WP_003379721.1,DAKCFMEO_00551,97.5,162,162,162,9.5e-81,293.9,1,1
WP_003379759.1,DAKCFMEO_00658,98.8,171,171,171,1.1e-100,360.1,1,1
WP_003379830.1,DAKCFMEO_00705,85.3,109,109,109,1.5e-50,193.0,1,1
WP_003379873.1,DAKCFMEO_05028,98.6,284,284,284,2.9e-157,548.9,1,1
WP_003379876.1,DAKCFMEO_05024,86.4,66,66,66,1.6e-26,112.5,1,1
WP_003379921.1,DAKCFMEO_02958,98.7,396,399,399,6.8e-229,787.3,0.992481,0.992481
WP_003379926.1,DAKCFMEO_02962,92.8,97,98,98,1.7e-56,212.6,0.989796,0.989796
WP_003379931.1,DAKCFMEO_04969,97.5,281,281,281,2.9e-149,522.3,1,1
WP_003379947.1,DAKCFMEO_04964,82.0,100,100,100,5.0e-40,157.9,1,1
WP_003380009.1,DAKCFMEO_02091,97.9,283,283,283,5.8e-150,524.6,1,1
WP_003380033.1,DAKCFMEO_02212,95.9,246,246,246,2.3e-134,472.6,1,1
WP_003380046.1,DAKCFMEO_01952,95.0,221,221,221,2.1e-110,392.9,1,1
WP_003380053.1,DAKCFMEO_01955,93.6,109,109,109,5.5e-56,211.1,1,1
WP_003380079.1,DAKCFMEO_01971,97.2,109,109,109,1.2e-55,209.9,1,1
WP_003380111.1,DAKCFMEO_01539,99.0,102,102,102,3.6e-49,188.3,1,1
WP_003380113.1,DAKCFMEO_01538,96.4,169,169,169,1.3e-83,303.5,1,1
WP_003380115.1,DAKCFMEO_01537,97.8,182,182,182,4.6e-92,331.6,1,1
WP_003380120.1,DAKCFMEO_01533,97.0,165,165,165,2.5e-92,332.4,1,1
WP_003380132.1,DAKCFMEO_01525,98.5,456,456,456,2.0e-261,895.6,1,1
WP_003380135.1,DAKCFMEO_01522,88.5,148,148,148,1.6e-74,273.1,1,1
WP_003380148.1,DAKCFMEO_01517,99.2,120,120,120,2.4e-65,242.3,1,1
WP_003380192.1,DAKCFMEO_02189,91.6,95,95,95,2.5e-49,188.7,1,1
WP_003380207.1,DAKCFMEO_05113,95.9,484,484,484,6.0e-272,930.6,1,1
WP_003380209.1,DAKCFMEO_01982,92.5,106,106,106,9.7e-50,190.3,1,1
WP_003380226.1,DAKCFMEO_01992,98.4,246,246,246,3.8e-137,481.9,1,1
WP_003380235.1,DAKCFMEO_01813,99.1,448,448,448,1.7e-252,865.9,1,1
WP_003380252.1,DAKCFMEO_05158,97.9,326,326,326,2.4e-184,639.0,1,1
WP_003380253.1,DAKCFMEO_05159,96.9,290,290,290,3.4e-153,535.4,1,1
WP_003380289.1,DAKCFMEO_03482,96.9,229,235,233,2.7e-124,439.1,0.974468,0.982833
WP_003380294.1,DAKCFMEO_03479,92.7,151,151,150,3.4e-80,292.0,1,1.00667
WP_003380298.1,DAKCFMEO_03477,96.2,212,212,212,2.9e-122,432.2,1,1
WP_003380309.1,DAKCFMEO_03471,96.2,239,239,239,3.5e-132,465.3,1,1
WP_003380333.1,DAKCFMEO_01757,100.0,135,135,135,4.5e-68,251.5,1,1
WP_003380356.1,DAKCFMEO_01749,87.2,149,149,149,3.3e-72,265.4,1,1
WP_003380430.1,DAKCFMEO_04096,88.3,60,60,59,4.4e-23,100.9,1,1.01695
WP_003380432.1,DAKCFMEO_04095,90.0,100,101,101,2.4e-50,192.2,0.990099,0.990099
WP_003380444.1,DAKCFMEO_04087,97.3,187,187,187,1.7e-105,376.3,1,1
WP_003380449.1,DAKCFMEO_04083,95.8,120,120,120,2.8e-61,228.8,1,1
WP_003380455.1,DAKCFMEO_04080,96.3,1063,1063,1063,0.0e+00,1959.5,1,1
WP_003380539.1,DAKCFMEO_01018,95.2,84,84,84,3.5e-42,164.9,1,1
WP_003380560.1,DAKCFMEO_01030,97.4,155,155,155,1.7e-82,299.7,1,1
WP_003380592.1,DAKCFMEO_03333,96.7,303,303,303,1.2e-158,553.5,1,1
WP_003380594.1,DAKCFMEO_03335,98.2,271,271,271,1.3e-151,530.0,1,1
WP_003380601.1,DAKCFMEO_03338,98.0,150,163,150,1.3e-80,293.5,0.920245,1
WP_003380603.1,DAKCFMEO_03340,99.2,128,128,128,1.3e-69,256.5,1,1
WP_003380604.1,DAKCFMEO_03341,98.1,107,107,107,9.8e-58,216.9,1,1
WP_003380613.1,DAKCFMEO_03350,98.1,369,369,369,1.2e-203,703.4,1,1
WP_003380618.1,DAKCFMEO_03354,98.6,489,489,489,1.7e-269,922.5,1,1
WP_003380623.1,DAKCFMEO_03359,96.6,556,556,556,0.0e+00,1088.2,1,1
WP_003380633.1,DAKCFMEO_03365,98.6,489,489,489,2.2e-253,869.0,1,1
WP_003380690.1,DAKCFMEO_04908,95.0,404,404,404,9.0e-213,733.8,1,1
WP_003380698.1,DAKCFMEO_04899,96.1,203,203,203,1.4e-108,386.7,1,1
WP_003380701.1,DAKCFMEO_04896,91.7,156,156,156,1.5e-83,303.1,1,1
WP_003380723.1,DAKCFMEO_04877,95.3,464,464,464,2.3e-252,865.5,1,1
WP_003380836.1,DAKCFMEO_04713,97.4,114,114,114,4.0e-57,214.9,1,1
WP_003380850.1,DAKCFMEO_04704,97.8,134,134,134,7.9e-73,267.3,1,1
WP_003380853.1,DAKCFMEO_04703,97.9,341,341,341,7.7e-173,600.9,1,1
WP_003380890.1,DAKCFMEO_04677,93.4,76,78,78,2.2e-38,152.1,0.974359,0.974359
WP_003380907.1,DAKCFMEO_00315,99.0,483,483,483,2.9e-274,938.3,1,1
WP_003380941.1,DAKCFMEO_00348,93.3,193,193,193,1.5e-109,389.8,1,1
WP_003380966.1,DAKCFMEO_00367,95.6,429,429,429,1.0e-235,810.1,1,1
WP_003380977.1,DAKCFMEO_00380,96.2,159,159,159,1.9e-81,296.2,1,1
WP_003381003.1,DAKCFMEO_04223,86.1,144,144,144,8.5e-65,240.7,1,1
WP_003381023.1,DAKCFMEO_04205,87.9,58,64,65,1.9e-24,105.5,0.90625,0.892308
WP_003381064.1,DAKCFMEO_04269,99.2,502,502,502,4.0e-295,1007.7,1,1
WP_003381088.1,DAKCFMEO_04255,90.7,118,118,118,2.6e-59,222.2,1,1
WP_003381096.1,DAKCFMEO_04249,98.7,78,78,78,5.0e-35,141.0,1,1
WP_003381112.1,DAKCFMEO_04236,96.7,61,61,61,5.4e-29,120.6,1,1
WP_003381155.1,DAKCFMEO_01433,96.0,227,227,227,4.9e-123,434.9,1,1
WP_003381177.1,DAKCFMEO_01444,91.1,203,203,203,4.7e-101,361.7,1,1
WP_003381207.1,DAKCFMEO_00506,91.3,69,69,69,1.5e-35,142.5,1,1
WP_003381213.1,DAKCFMEO_00508,94.7,209,209,209,2.7e-112,399.1,1,1
WP_003381223.1,DAKCFMEO_02886,92.7,179,179,179,6.8e-88,317.8,1,1
WP_003381266.1,DAKCFMEO_00519,98.8,320,320,320,9.1e-184,637.1,1,1
WP_003381292.1,DAKCFMEO_00532,96.8,158,158,158,1.8e-84,306.2,1,1
WP_003381304.1,DAKCFMEO_00539,97.6,372,372,373,1.9e-201,696.0,1,0.997319
WP_003381306.1,DAKCFMEO_00542,99.0,103,103,103,2.8e-54,205.3,1,1
WP_003381308.1,DAKCFMEO_00543,96.3,322,322,322,8.6e-174,604.0,1,1
WP_003381368.1,DAKCFMEO_05130,93.7,222,222,222,1.1e-111,397.1,1,1
WP_003381390.1,DAKCFMEO_05094,97.6,336,336,336,3.9e-193,668.3,1,1
WP_003381481.1,DAKCFMEO_00096,97.7,307,307,307,3.7e-150,525.4,1,1
WP_003381484.1,DAKCFMEO_00098,94.9,255,255,255,3.5e-138,485.3,1,1
WP_003381486.1,DAKCFMEO_00102,88.1,226,226,226,8.0e-118,417.5,1,1
WP_003381490.1,DAKCFMEO_00105,81.8,154,154,154,3.0e-39,156.0,1,1
WP_003381499.1,DAKCFMEO_00113,85.4,199,252,252,6.9e-78,285.0,0.789683,0.789683
WP_003381502.1,DAKCFMEO_00115,92.7,165,165,165,1.8e-87,316.2,1,1
WP_003381514.1,DAKCFMEO_00129,91.3,218,217,218,1.0e-114,407.1,1.00461,1
WP_003381525.1,DAKCFMEO_00135,96.9,260,260,260,2.6e-144,505.8,1,1
WP_003381535.1,DAKCFMEO_00143,98.9,188,188,188,2.1e-108,386.0,1,1
WP_003381559.1,DAKCFMEO_02243,96.0,225,225,225,5.9e-121,427.9,1,1
WP_003381567.1,DAKCFMEO_02252,92.5,200,201,201,1.0e-103,370.5,0.995025,0.995025
WP_003381582.1,DAKCFMEO_02265,96.6,59,59,59,1.2e-28,119.4,1,1
WP_003381583.1,DAKCFMEO_02266,94.5,237,237,237,4.1e-125,441.8,1,1
WP_003381585.1,DAKCFMEO_02268,98.3,352,352,352,9.0e-201,693.7,1,1
WP_003381589.1,DAKCFMEO_02271,98.7,234,234,234,9.1e-133,467.2,1,1
WP_003381628.1,DAKCFMEO_00298,90.6,64,65,65,8.4e-28,116.7,0.984615,0.984615
WP_003381648.1,DAKCFMEO_00285,72.4,76,79,75,4.7e-25,107.8,0.962025,1.01333
WP_003381663.1,DAKCFMEO_00274,92.2,205,205,205,8.0e-109,387.5,1,1
WP_003381744.1,DAKCFMEO_00568,94.5,55,55,55,1.5e-25,109.0,1,1
WP_003381839.1,DAKCFMEO_01369,94.7,302,302,302,2.8e-166,578.9,1,1
WP_003381855.1,DAKCFMEO_01356,94.6,74,74,74,1.6e-38,152.5,1,1
WP_003382001.1,DAKCFMEO_00649,96.7,478,478,478,1.0e-263,903.3,1,1
WP_003382004.1,DAKCFMEO_00646,96.2,234,234,234,5.2e-136,478.0,1,1
WP_003382006.1,DAKCFMEO_00644,98.4,122,122,122,9.4e-65,240.4,1,1
WP_003382014.1,DAKCFMEO_00638,97.7,479,479,479,1.0e-271,929.9,1,1
WP_003382072.1,DAKCFMEO_05167,97.8,270,270,270,2.5e-158,552.4,1,1
WP_003382074.1,DAKCFMEO_05169,98.7,759,759,759,0.0e+00,1459.9,1,1
WP_003382082.1,DAKCFMEO_05177,95.5,221,221,221,8.1e-123,434.1,1,1
WP_003382085.1,DAKCFMEO_05179,95.8,409,409,409,3.9e-224,771.5,1,1
WP_003382103.1,DAKCFMEO_02020,98.7,452,452,452,6.4e-268,917.1,1,1
WP_003382104.1,DAKCFMEO_02018,98.5,458,458,458,2.0e-272,932.2,1,1
WP_003382140.1,DAKCFMEO_02521,89.8,128,129,128,2.5e-60,225.7,0.992248,1
WP_003382141.1,DAKCFMEO_02523,97.6,491,491,491,5.3e-276,944.1,1,1
WP_003382144.1,DAKCFMEO_02526,94.5,109,109,109,1.2e-50,193.4,1,1
WP_003382274.1,DAKCFMEO_01665,95.7,467,467,467,5.8e-256,877.5,1,1
WP_003382315.1,DAKCFMEO_02013,93.2,103,103,103,1.7e-54,206.1,1,1
WP_003382340.1,DAKCFMEO_02918,90.8,98,98,98,6.9e-42,164.1,1,1
WP_003382360.1,DAKCFMEO_02150,96.4,224,224,224,4.1e-122,431.8,1,1
WP_003382364.1,DAKCFMEO_02152,87.2,133,133,133,3.8e-59,221.9,1,1
WP_003382372.1,DAKCFMEO_02162,81.6,76,77,77,7.1e-34,137.1,0.987013,0.987013
WP_003382373.1,DAKCFMEO_02164,86.1,108,108,108,6.6e-54,204.1,1,1
WP_003382379.1,DAKCFMEO_02168,98.5,325,325,346,3.7e-193,668.3,1,0.939306
WP_003382396.1,DAKCFMEO_00818,94.9,118,118,118,1.2e-61,229.9,1,1
WP_003382398.1,DAKCFMEO_00815,98.2,338,338,338,1.3e-196,679.9,1,1
WP_003382419.1,DAKCFMEO_00798,93.9,66,66,82,1.1e-32,132.9,1,0.804878
WP_003382460.1,DAKCFMEO_00739,93.3,344,344,344,8.8e-185,640.6,1,1
WP_003382465.1,DAKCFMEO_00736,93.9,82,82,82,1.0e-38,153.3,1,1
WP_003382467.1,DAKCFMEO_00735,94.0,331,331,331,4.4e-181,628.2,1,1
WP_003382474.1,DAKCFMEO_00731,98.2,272,272,272,1.0e-151,530.4,1,1
WP_003382487.1,DAKCFMEO_00719,98.1,324,324,324,7.8e-183,634.0,1,1
WP_003382491.1,DAKCFMEO_00714,97.5,358,358,358,2.8e-202,698.7,1,1
WP_003382493.1,DAKCFMEO_00713,87.4,95,95,93,1.2e-43,169.9,1,1.02151
WP_003382526.1,DAKCFMEO_00051,88.4,242,242,242,7.0e-128,451.1,1,1
WP_003382533.1,DAKCFMEO_00044,92.1,126,126,126,1.2e-65,243.4,1,1
WP_003382657.1,DAKCFMEO_03791,95.9,295,295,295,6.9e-170,590.9,1,1
WP_003382687.1,DAKCFMEO_02502,98.9,275,275,275,9.6e-158,550.4,1,1
WP_003382703.1,DAKCFMEO_02488,89.7,68,68,69,5.5e-30,124.0,1,0.985507
WP_003382726.1,DAKCFMEO_04192,95.6,270,270,270,5.6e-142,498.0,1,1
WP_003382736.1,DAKCFMEO_04182,93.5,216,217,217,3.3e-121,428.7,0.995392,0.995392
WP_003382778.1,DAKCFMEO_01111,91.9,161,161,161,1.2e-83,303.5,1,1
WP_003382829.1,DAKCFMEO_01191,89.5,105,105,105,7.4e-50,190.7,1,1
WP_003382842.1,DAKCFMEO_01182,96.0,125,125,125,2.6e-62,232.3,1,1
WP_003382856.1,DAKCFMEO_01170,93.0,440,440,440,3.8e-241,828.2,1,1
WP_003382858.1,DAKCFMEO_01168,97.1,277,277,277,6.9e-148,517.7,1,1
WP_003382929.1,DAKCFMEO_04298,97.9,141,141,141,3.2e-64,238.8,1,1
WP_003382943.1,DAKCFMEO_04290,96.5,86,86,86,7.6e-45,173.7,1,1
WP_003382947.1,DAKCFMEO_04287,99.0,296,296,296,3.0e-173,602.1,1,1
WP_003382959.1,DAKCFMEO_02665,88.4,233,233,233,8.5e-123,434.1,1,1
WP_003382960.1,DAKCFMEO_02666,90.8,98,99,99,1.6e-46,179.5,0.989899,0.989899
WP_003382970.1,DAKCFMEO_01723,58.8,80,83,81,2.0e-18,85.9,0.963855,0.987654
WP_003382984.1,DAKCFMEO_02679,93.5,153,154,154,7.9e-77,280.8,0.993506,0.993506
WP_003383046.1,DAKCFMEO_04540,90.6,106,107,107,1.4e-51,196.4,0.990654,0.990654
WP_003383085.1,DAKCFMEO_02658,97.0,232,232,232,8.2e-126,444.1,1,1
WP_003383089.1,DAKCFMEO_02655,95.8,240,240,240,6.9e-136,477.6,1,1
WP_003383123.1,DAKCFMEO_01605,91.5,71,71,71,8.0e-32,130.2,1,1
WP_003383126.1,DAKCFMEO_01602,91.6,107,107,106,3.6e-44,171.8,1,1.00943
WP_003383132.1,DAKCFMEO_01598,95.6,91,91,99,8.9e-44,170.2,1,0.919192
WP_003383136.1,DAKCFMEO_01596,98.1,54,55,55,2.4e-31,128.3,0.981818,0.981818
WP_003383141.1,DAKCFMEO_01592,99.1,229,229,229,1.1e-130,460.3,1,1
WP_003383143.1,DAKCFMEO_01590,97.5,446,446,446,6.4e-252,864.0,1,1
WP_003383161.1,DAKCFMEO_05111,94.0,151,151,151,3.9e-84,305.1,1,1
WP_003383172.1,DAKCFMEO_03707,93.3,448,448,448,1.3e-252,866.3,1,1
WP_003383227.1,DAKCFMEO_00497,84.7,183,181,183,5.7e-82,298.1,1.01105,1
WP_003383242.1,DAKCFMEO_00486,96.5,344,344,344,1.4e-185,643.3,1,1
WP_003383243.1,DAKCFMEO_00485,93.2,191,191,191,9.8e-101,360.5,1,1
WP_003383244.1,DAKCFMEO_00484,92.2,192,192,192,6.0e-98,351.3,1,1
WP_003383265.1,DAKCFMEO_05230,95.6,229,229,229,4.7e-118,418.3,1,1
WP_003383332.1,DAKCFMEO_04144,95.5,312,312,312,9.5e-178,617.1,1,1
WP_003383369.1,DAKCFMEO_02905,93.5,153,153,153,8.2e-74,270.8,1,1
WP_003383427.1,DAKCFMEO_01321,94.5,73,75,75,3.8e-32,131.3,0.973333,0.973333
WP_003383453.1,DAKCFMEO_01328,98.1,264,264,264,8.1e-138,484.2,1,1
WP_003395104.1,DAKCFMEO_04759,98.4,187,187,187,6.2e-100,357.8,1,1
WP_003395253.1,DAKCFMEO_00317,98.4,507,507,507,2.5e-292,998.4,1,1
WP_003400010.1,DAKCFMEO_04779,98.2,217,217,217,1.4e-108,386.7,1,1
WP_003405083.1,DAKCFMEO_01515,98.6,72,72,72,1.9e-36,145.6,1,1
WP_003409202.1,DAKCFMEO_03370,74.8,512,517,492,4.5e-225,775.0,0.990329,1.04065
WP_003411662.1,DAKCFMEO_01536,99.7,335,335,335,1.8e-190,659.4,1,1
WP_003412391.1,DAKCFMEO_02546,100.0,277,277,277,7.7e-155,540.8,1,1
WP_003413692.1,DAKCFMEO_03319,38.9,162,174,176,3.2e-26,112.8,0.931034,0.920455
WP_003422343.1,DAKCFMEO_04887,97.4,429,430,430,7.5e-250,857.1,0.997674,0.997674
WP_003425025.1,DAKCFMEO_01356,55.1,69,74,74,1.2e-19,89.7,0.932432,0.932432
WP_003425026.1,DAKCFMEO_02083,40.3,129,144,148,5.8e-21,95.1,0.895833,0.871622
WP_003425052.1,DAKCFMEO_03092,85.9,213,247,320,1.0e-97,350.9,0.862348,0.665625
WP_003425054.1,DAKCFMEO_03080,78.6,103,107,117,2.3e-46,179.1,0.962617,0.880342
WP_003425060.1,DAKCFMEO_03080,42.3,104,107,117,9.6e-21,94.0,0.971963,0.888889
WP_003425065.1,DAKCFMEO_03087,99.1,320,320,320,4.5e-183,634.8,1,1
WP_003425462.1,DAKCFMEO_00048,98.3,59,59,59,2.4e-26,111.7,1,1
WP_003426596.1,DAKCFMEO_03537,94.8,134,189,184,7.5e-69,254.6,0.708995,0.728261
WP_004396234.1,DAKCFMEO_03761,95.4,283,283,283,1.1e-156,547.0,1,1
WP_004396268.1,DAKCFMEO_03734,88.6,166,166,166,1.2e-78,287.0,1,1
WP_004396332.1,DAKCFMEO_03710,96.4,552,552,552,0.0e+00,1095.9,1,1
WP_004396490.1,DAKCFMEO_00160,97.2,108,108,108,2.4e-56,212.2,1,1
WP_004396504.1,DAKCFMEO_00166,90.0,289,285,289,1.9e-145,509.6,1.01404,1
WP_004396514.1,DAKCFMEO_00168,96.4,251,251,251,5.7e-133,468.0,1,1
WP_004396522.1,DAKCFMEO_00171,97.6,248,248,248,1.5e-133,469.9,1,1
WP_004396544.1,DAKCFMEO_02384,95.1,225,225,225,1.7e-120,426.4,1,1
WP_004396551.1,DAKCFMEO_02387,92.4,198,198,211,7.5e-104,370.9,1,0.938389
WP_004396553.1,DAKCFMEO_02389,97.6,209,209,209,5.1e-119,421.4,1,1
WP_004396554.1,DAKCFMEO_02390,98.5,272,272,272,1.9e-142,499.6,1,1
WP_004397026.1,DAKCFMEO_03532,99.2,128,128,128,3.6e-67,248.4,1,1
WP_004397049.1,DAKCFMEO_03510,98.9,274,274,274,4.4e-155,541.6,1,1
WP_004397052.1,DAKCFMEO_03507,98.6,211,211,211,3.5e-115,408.7,1,1
WP_004397077.1,DAKCFMEO_03503,99.4,156,156,156,4.9e-82,298.1,1,1
WP_004397078.1,DAKCFMEO_03501,99.6,1399,1399,1399,0.0e+00,2727.6,1,1
WP_004397081.1,DAKCFMEO_03498,98.2,166,166,166,1.3e-80,293.5,1,1
WP_004397145.1,DAKCFMEO_05209,96.5,86,86,86,2.5e-43,168.7,1,1
WP_004397172.1,DAKCFMEO_05201,97.1,137,137,137,6.4e-70,257.7,1,1
WP_004397208.1,DAKCFMEO_05192,95.3,212,212,212,4.7e-120,424.9,1,1
WP_004397257.1,DAKCFMEO_00577,92.2,296,296,296,2.9e-152,532.3,1,1
WP_004397570.1,DAKCFMEO_03153,90.7,236,236,236,1.7e-123,436.4,1,1
WP_004397588.1,DAKCFMEO_03161,92.0,138,138,138,1.8e-67,249.6,1,1
WP_004397594.1,DAKCFMEO_03164,98.0,353,354,354,1.4e-193,669.8,0.997175,0.997175
WP_004397843.1,DAKCFMEO_02349,94.4,161,161,161,3.3e-89,322.0,1,1
WP_004397849.1,DAKCFMEO_02346,96.9,295,295,295,2.1e-158,552.7,1,1
WP_004407132.1,DAKCFMEO_02817,52.1,167,180,170,7.9e-44,171.4,0.927778,0.982353
WP_004655323.1,DAKCFMEO_01862,99.4,162,162,162,1.4e-87,316.6,1,1
WP_004656644.1,DAKCFMEO_01677,86.3,117,117,117,1.4e-41,163.3,1,1
WP_004657364.1,DAKCFMEO_02347,98.0,403,403,446,2.3e-240,825.5,1,0.903587
WP_004879420.1,DAKCFMEO_04206,100.0,75,75,75,2.5e-39,155.2,1,1
WP_004880039.1,DAKCFMEO_02882,100.0,122,122,122,3.4e-62,231.9,1,1
WP_004882435.1,DAKCFMEO_01246,99.3,141,141,141,9.8e-74,270.4,1,1
WP_004883670.1,DAKCFMEO_03511,100.0,91,91,91,9.2e-49,186.8,1,1
WP_005613236.1,DAKCFMEO_01830,93.2,250,248,250,3.4e-61,229.6,1.00806,1
WP_005613239.1,DAKCFMEO_01831,97.1,139,141,139,1.6e-71,263.1,0.985816,1
WP_005613323.1,DAKCFMEO_01842,99.6,259,259,259,2.3e-153,535.8,1,1
WP_005613459.1,DAKCFMEO_02227,81.9,72,71,72,5.4e-28,117.5,1.01408,1
WP_005613564.1,DAKCFMEO_01251,99.4,156,156,156,2.1e-45,176.4,1,1
WP_005613652.1,DAKCFMEO_01998,94.3,300,300,300,8.8e-165,573.9,1,1
WP_005613653.1,DAKCFMEO_01999,96.9,514,514,513,1.6e-299,1022.3,1,1.00195
WP_005613713.1,DAKCFMEO_02045,94.2,156,156,156,2.4e-81,295.8,1,1
WP_005613805.1,DAKCFMEO_02184,93.8,291,291,291,2.8e-163,568.9,1,1
WP_005613810.1,DAKCFMEO_02187,96.7,211,211,211,4.8e-117,414.8,1,1
WP_005613930.1,DAKCFMEO_02178,97.7,346,346,346,2.3e-201,695.7,1,1
WP_005613956.1,DAKCFMEO_05025,88.1,126,126,126,6.3e-56,211.1,1,1
WP_005613959.1,DAKCFMEO_05023,98.5,264,264,264,5.2e-145,508.1,1,1
WP_005613972.1,DAKCFMEO_02950,89.8,167,167,167,1.1e-84,307.0,1,1
WP_005614032.1,DAKCFMEO_02911,75.0,88,98,104,2.5e-36,145.6,0.897959,0.846154
WP_005614033.1,DAKCFMEO_02910,98.0,249,251,251,1.8e-147,516.2,0.992032,0.992032
WP_005614111.1,DAKCFMEO_02870,97.9,616,616,616,0.0e+00,1094.0,1,1
WP_005614128.1,DAKCFMEO_02867,96.2,341,341,341,5.3e-190,657.9,1,1
WP_005614129.1,DAKCFMEO_02866,92.6,189,189,189,3.9e-94,338.6,1,1
WP_005614160.1,DAKCFMEO_02826,92.8,97,98,98,1.1e-47,183.3,0.989796,0.989796
WP_005614181.1,DAKCFMEO_02809,81.8,214,214,214,5.4e-100,358.2,1,1
WP_005614190.1,DAKCFMEO_02804,91.5,258,258,258,2.4e-134,472.6,1,1
WP_005614195.1,DAKCFMEO_02799,89.0,364,364,364,3.0e-191,662.1,1,1
WP_005614296.1,DAKCFMEO_03534,95.5,154,154,154,6.1e-85,307.8,1,1
WP_005614373.1,DAKCFMEO_03561,67.4,138,140,140,3.2e-56,212.2,0.985714,0.985714
WP_005614429.1,DAKCFMEO_03583,97.1,175,175,175,9.9e-100,357.1,1,1
WP_005614458.1,DAKCFMEO_03672,77.2,92,92,92,3.8e-34,138.3,1,1
WP_005614495.1,DAKCFMEO_03685,96.5,317,317,317,4.5e-183,634.8,1,1
WP_005614499.1,DAKCFMEO_03687,96.7,364,364,364,2.2e-210,725.7,1,1
WP_005614629.1,DAKCFMEO_00517,92.8,853,854,854,0.0e+00,1506.9,0.998829,0.998829
WP_005614782.1,DAKCFMEO_00511,93.8,432,432,432,1.0e-230,793.5,1,1
WP_005614818.1,DAKCFMEO_00487,98.0,149,149,149,1.5e-80,293.1,1,1
WP_005614892.1,DAKCFMEO_01660,95.2,146,146,146,5.2e-78,284.6,1,1
WP_005614914.1,DAKCFMEO_01652,95.9,773,773,773,0.0e+00,1494.2,1,1
WP_005614924.1,DAKCFMEO_01646,99.1,338,338,338,2.3e-193,669.1,1,1
WP_005615033.1,DAKCFMEO_01744,94.7,170,170,202,3.4e-89,322.0,1,0.841584
WP_005615192.1,DAKCFMEO_03438,96.9,425,425,425,9.1e-224,770.4,1,1
WP_005615366.1,DAKCFMEO_02752,92.9,312,315,315,4.2e-165,575.1,0.990476,0.990476
WP_005615404.1,DAKCFMEO_02736,92.5,494,493,493,2.0e-278,952.2,1.00203,1.00203
WP_005615457.1,DAKCFMEO_03294,78.7,127,129,129,4.8e-51,194.9,0.984496,0.984496
WP_005615493.1,DAKCFMEO_02980,92.9,281,281,281,2.0e-150,526.2,1,1
WP_005615514.1,DAKCFMEO_02989,91.7,156,156,156,3.2e-73,268.9,1,1
WP_005615570.1,DAKCFMEO_03009,98.4,183,210,212,4.8e-101,361.7,0.871429,0.863208
WP_005615650.1,DAKCFMEO_01769,90.4,228,228,228,4.7e-126,444.9,1,1
WP_005615731.1,DAKCFMEO_01462,32.3,359,368,369,1.2e-38,155.2,0.975543,0.9729
WP_005615771.1,DAKCFMEO_03344,96.5,113,113,113,1.4e-62,233.0,1,1
WP_005615845.1,DAKCFMEO_03272,93.7,174,174,174,7.6e-76,277.7,1,1
WP_005615949.1,DAKCFMEO_03211,93.7,269,269,269,1.5e-150,526.6,1,1
WP_005615972.1,DAKCFMEO_03199,99.2,247,247,247,4.0e-139,488.4,1,1
WP_005616022.1,DAKCFMEO_03168,95.8,336,335,336,3.0e-177,615.5,1.00299,1
WP_005616037.1,DAKCFMEO_03159,94.0,215,215,215,6.4e-109,387.9,1,1
WP_005616041.1,DAKCFMEO_03156,99.6,259,259,259,3.2e-155,542.0,1,1
WP_005616090.1,DAKCFMEO_03126,99.7,356,356,356,5.5e-89,322.4,1,1
WP_005616197.1,DAKCFMEO_00054,95.3,445,445,445,1.9e-232,799.3,1,1
WP_005616222.1,DAKCFMEO_00036,85.5,145,145,147,2.2e-68,252.7,1,0.986395
WP_005616363.1,DAKCFMEO_02260,94.7,300,300,300,1.8e-162,566.2,1,1
WP_005616372.1,DAKCFMEO_02264,84.7,177,179,180,8.4e-70,257.7,0.988827,0.983333
WP_005616381.1,DAKCFMEO_02270,84.6,357,357,357,5.4e-161,561.6,1,1
WP_005616461.1,DAKCFMEO_02314,98.1,364,364,364,5.8e-203,701.0,1,1
WP_005616463.1,DAKCFMEO_02316,96.1,229,229,229,8.6e-120,424.1,1,1
WP_005616592.1,DAKCFMEO_04502,95.8,118,118,118,3.8e-63,235.0,1,1
WP_005616608.1,DAKCFMEO_04514,94.5,347,343,347,6.5e-188,651.0,1.01166,1
WP_005616613.1,DAKCFMEO_02396,93.5,169,170,170,5.0e-88,318.2,0.994118,0.994118
WP_005616754.1,DAKCFMEO_02499,76.4,106,104,103,6.2e-33,134.4,1.01923,1.02913
WP_005616835.1,DAKCFMEO_02532,78.0,100,100,100,5.6e-39,154.5,1,1
WP_005616857.1,DAKCFMEO_02544,96.2,709,709,709,0.0e+00,1263.4,1,1
WP_005616977.1,DAKCFMEO_02613,92.6,204,204,204,1.4e-108,386.7,1,1
WP_005617003.1,DAKCFMEO_02626,98.7,469,469,469,1.0e-276,946.4,1,1
WP_005617011.1,DAKCFMEO_02631,95.7,323,323,323,5.0e-182,631.3,1,1
WP_005617091.1,DAKCFMEO_00820,78.8,85,85,85,6.6e-33,134.0,1,1
WP_005617102.1,DAKCFMEO_02681,93.2,222,222,222,1.9e-111,396.4,1,1
WP_005617103.1,DAKCFMEO_02683,87.4,175,174,175,1.8e-85,309.7,1.00575,1
WP_005617237.1,DAKCFMEO_00627,99.0,382,382,382,1.1e-225,776.5,1,1
WP_005617294.1,DAKCFMEO_00651,97.6,293,293,293,1.5e-164,573.2,1,1
WP_005617305.1,DAKCFMEO_02625,95.6,113,113,113,5.9e-61,227.6,1,1
WP_005617338.1,DAKCFMEO_00706,94.9,157,157,157,1.2e-85,310.1,1,1
WP_005617359.1,DAKCFMEO_00717,95.0,298,306,302,9.7e-159,553.9,0.973856,0.986755
WP_005617365.1,DAKCFMEO_00720,94.2,243,244,244,4.7e-140,491.5,0.995902,0.995902
WP_005617455.1,DAKCFMEO_00779,98.9,179,179,179,4.1e-101,361.7,1,1
WP_005617470.1,DAKCFMEO_00792,78.5,79,85,80,5.8e-29,120.9,0.929412,0.9875
WP_005617488.1,DAKCFMEO_00835,96.7,210,210,210,3.3e-110,392.1,1,1
WP_005617534.1,DAKCFMEO_00903,96.6,59,60,60,7.7e-28,116.7,0.983333,0.983333
WP_005617589.1,DAKCFMEO_01351,86.6,67,67,67,2.6e-24,105.1,1,1
WP_005617613.1,DAKCFMEO_01337,76.5,102,106,105,2.2e-41,162.5,0.962264,0.971429
WP_005617711.1,DAKCFMEO_01382,97.7,305,305,305,2.8e-158,552.4,1,1
WP_005617714.1,DAKCFMEO_01378,98.4,186,186,186,7.1e-104,370.9,1,1
WP_005617775.1,DAKCFMEO_01033,82.4,301,301,301,9.9e-140,490.7,1,1
WP_005618719.1,DAKCFMEO_00663,87.8,147,147,147,2.1e-74,272.7,1,1
WP_005618859.1,DAKCFMEO_01409,97.6,294,294,294,2.8e-155,542.3,1,1
WP_005618920.1,DAKCFMEO_01450,94.4,143,143,143,8.2e-76,277.3,1,1
WP_005618952.1,DAKCFMEO_01507,93.8,464,464,464,1.9e-251,862.4,1,1
WP_005619059.1,DAKCFMEO_01532,95.1,593,593,593,0.0e+00,1185.6,1,1
WP_005619067.1,DAKCFMEO_01541,96.7,510,510,510,3.0e-274,938.3,1,1
WP_005619235.1,DAKCFMEO_04691,95.0,302,302,302,5.1e-160,558.1,1,1
WP_005619360.1,DAKCFMEO_04591,93.2,383,383,383,4.6e-190,658.3,1,1
WP_005619395.1,DAKCFMEO_04553,84.1,277,277,277,1.2e-118,420.6,1,1
WP_005619515.1,DAKCFMEO_04377,92.7,273,273,273,3.0e-151,528.9,1,1
WP_005619689.1,DAKCFMEO_04264,92.7,205,206,206,2.9e-106,379.0,0.995146,0.995146
WP_005619727.1,DAKCFMEO_04240,97.8,317,318,319,1.1e-176,613.6,0.996855,0.99373
WP_005619831.1,DAKCFMEO_04153,95.3,258,262,262,3.7e-151,528.5,0.984733,0.984733
WP_005619852.1,DAKCFMEO_04162,94.6,149,149,149,8.2e-87,313.9,1,1
WP_005619903.1,DAKCFMEO_04476,92.7,410,410,409,1.3e-238,819.7,1,1.00244
WP_005619926.1,DAKCFMEO_00075,94.3,244,244,244,2.8e-132,465.7,1,1
WP_005619982.1,DAKCFMEO_00110,91.6,154,154,154,7.4e-75,274.2,1,1
WP_005619985.1,DAKCFMEO_00112,93.6,343,343,340,1.4e-193,669.8,1,1.00882
WP_005620033.1,DAKCFMEO_00155,99.0,405,405,405,3.1e-237,815.1,1,1
WP_005620091.1,DAKCFMEO_00212,97.5,805,805,805,0.0e+00,1552.0,1,1
WP_005620106.1,DAKCFMEO_00219,98.3,229,229,229,1.2e-124,440.3,1,1
WP_005620205.1,DAKCFMEO_00297,98.2,280,280,280,5.6e-153,534.6,1,1
WP_005620206.1,DAKCFMEO_00299,95.9,490,490,490,4.2e-265,907.9,1,1
WP_005620274.1,DAKCFMEO_00375,91.6,335,335,335,3.0e-185,642.1,1,1
WP_005620303.1,DAKCFMEO_00405,96.7,151,151,151,2.8e-82,298.9,1,1
WP_005620308.1,DAKCFMEO_00409,98.0,197,197,197,1.5e-104,373.2,1,1
WP_005620321.1,DAKCFMEO_00422,93.9,147,147,144,3.3e-72,265.4,1,1.02083
WP_005620333.1,DAKCFMEO_00437,98.5,269,269,269,3.8e-151,528.5,1,1
WP_005620338.1,DAKCFMEO_00442,98.3,241,241,241,2.5e-133,469.2,1,1
WP_005620402.1,DAKCFMEO_01683,99.6,493,493,493,4.6e-251,861.3,1,1
WP_005620411.1,DAKCFMEO_01691,96.3,215,216,216,1.4e-116,413.3,0.99537,0.99537
WP_005620437.1,DAKCFMEO_01704,91.6,143,144,144,1.1e-75,276.9,0.993056,0.993056
WP_005620479.1,DAKCFMEO_01808,97.4,303,303,303,1.6e-169,589.7,1,1
WP_005620645.1,DAKCFMEO_04814,95.9,442,442,442,1.4e-251,862.8,1,1
WP_005620804.1,DAKCFMEO_04868,94.3,300,301,301,2.3e-168,585.9,0.996678,0.996678
WP_005620808.1,DAKCFMEO_04870,93.8,275,275,275,1.0e-146,513.8,1,1
WP_005620823.1,DAKCFMEO_04879,93.0,298,298,298,8.0e-150,524.2,1,1
WP_005620859.1,DAKCFMEO_04882,97.2,247,250,253,3.6e-135,475.3,0.988,0.976285
WP_005620970.1,DAKCFMEO_04982,96.1,152,152,152,2.7e-85,308.9,1,1
WP_005621029.1,DAKCFMEO_04999,94.3,680,680,680,1.1e-250,860.5,1,1
WP_005621066.1,DAKCFMEO_05016,97.4,379,379,379,3.1e-223,768.5,1,1
WP_005621194.1,DAKCFMEO_05100,97.7,472,472,472,1.7e-279,955.7,1,1
WP_005621218.1,DAKCFMEO_05062,91.8,231,231,231,2.2e-107,382.9,1,1
WP_005621372.1,DAKCFMEO_01973,88.0,184,184,184,2.7e-92,332.4,1,1
WP_005621407.1,DAKCFMEO_01949,97.8,500,500,500,8.9e-287,979.9,1,1
WP_005621582.1,DAKCFMEO_05199,96.4,165,164,163,4.5e-86,311.6,1.0061,1.01227
WP_005621585.1,DAKCFMEO_05200,97.6,82,83,85,1.2e-42,166.4,0.987952,0.964706
WP_005621857.1,DAKCFMEO_01577,81.9,177,177,177,4.0e-80,292.0,1,1
WP_005621919.1,DAKCFMEO_01550,93.1,130,130,130,5.2e-61,228.0,1,1
WP_005731386.1,DAKCFMEO_02399,98.0,410,410,410,2.9e-219,755.4,1,1
WP_005736179.1,DAKCFMEO_03157,97.4,308,308,308,4.7e-169,588.2,1,1
WP_005736188.1,DAKCFMEO_03167,93.5,107,107,107,8.9e-59,220.3,1,1
WP_005736309.1,DAKCFMEO_03330,96.8,371,371,377,4.1e-220,758.1,1,0.984085
WP_005736419.1,DAKCFMEO_02982,91.6,453,453,453,6.7e-257,880.6,1,1
WP_005736422.1,DAKCFMEO_02978,95.6,428,428,428,1.7e-238,819.3,1,1
WP_005736458.1,DAKCFMEO_02726,91.2,148,148,149,3.4e-77,282.0,1,0.993289
WP_005736511.1,DAKCFMEO_02790,98.4,320,320,320,4.7e-180,624.8,1,1
WP_005736521.1,DAKCFMEO_03376,91.9,161,161,161,5.0e-82,298.1,1,1
WP_005736538.1,DAKCFMEO_03402,92.3,209,209,209,5.5e-113,401.4,1,1
WP_005736543.1,DAKCFMEO_03409,80.5,77,77,77,3.9e-32,131.3,1,1
WP_005736551.1,DAKCFMEO_03417,99.1,212,212,212,5.0e-114,404.8,1,1
WP_005736559.1,DAKCFMEO_03426,85.0,140,140,141,1.0e-70,260.4,1,0.992908
WP_005736691.1,DAKCFMEO_00546,92.2,205,205,205,3.5e-104,372.1,1,1
WP_005736753.1,DAKCFMEO_03607,96.4,335,335,335,1.5e-192,666.4,1,1
WP_005736842.1,DAKCFMEO_04867,90.5,380,380,378,3.5e-198,685.3,1,1.00529
WP_005736856.1,DAKCFMEO_04891,97.0,433,433,433,2.4e-240,825.5,1,1
WP_005736885.1,DAKCFMEO_04926,89.9,248,248,248,6.9e-131,461.1,1,1
WP_005736892.1,DAKCFMEO_04936,96.2,473,474,473,1.8e-257,882.5,0.99789,1
WP_005736950.1,DAKCFMEO_05004,96.3,300,300,300,1.9e-159,556.2,1,1
WP_005736951.1,DAKCFMEO_05007,95.9,170,170,170,3.7e-91,328.6,1,1
WP_005736952.1,DAKCFMEO_05008,98.5,333,334,334,5.9e-186,644.4,0.997006,0.997006
WP_005737007.1,DAKCFMEO_05147,97.9,288,288,288,1.7e-157,549.7,1,1
WP_005737044.1,DAKCFMEO_01959,93.2,222,222,222,3.2e-127,448.7,1,1
WP_005737104.1,DAKCFMEO_02024,98.4,380,380,380,1.3e-216,746.5,1,1
WP_005737150.1,DAKCFMEO_05225,78.3,161,161,161,1.4e-68,253.4,1,1
WP_005737152.1,DAKCFMEO_05227,96.1,257,257,257,1.8e-137,483.0,1,1
WP_005737390.1,DAKCFMEO_05112,92.1,604,606,606,0.0e+00,1126.3,0.9967,0.9967
WP_005737391.1,DAKCFMEO_02139,97.4,272,274,273,1.2e-144,506.9,0.992701,0.996337
WP_005737430.1,DAKCFMEO_04963,88.2,85,88,86,3.0e-36,145.2,0.965909,0.988372
WP_005737440.1,DAKCFMEO_05041,98.1,159,159,159,7.4e-86,310.8,1,1
WP_005737465.1,DAKCFMEO_04972,97.0,197,197,197,3.2e-107,382.1,1,1
WP_005737718.1,DAKCFMEO_01187,93.4,259,259,259,7.2e-139,487.6,1,1
WP_005737770.1,DAKCFMEO_01121,73.3,60,60,60,5.9e-20,90.5,1,1
WP_005737860.1,DAKCFMEO_04094,81.2,117,117,116,5.3e-49,188.0,1,1.00862
WP_005737926.1,DAKCFMEO_04021,98.5,195,214,195,3.6e-104,372.1,0.911215,1
WP_005737927.1,DAKCFMEO_04019,98.9,186,186,186,9.9e-98,350.5,1,1
WP_005737978.1,DAKCFMEO_00769,96.2,132,132,132,8.6e-72,263.8,1,1
WP_005738001.1,DAKCFMEO_00738,98.3,175,196,175,5.2e-97,348.2,0.892857,1
WP_005738027.1,DAKCFMEO_00693,96.7,305,305,305,1.5e-167,583.2,1,1
WP_005738085.1,DAKCFMEO_00643,97.6,124,124,128,2.6e-62,232.3,1,0.96875
WP_005738107.1,DAKCFMEO_00610,94.5,493,493,493,1.8e-284,972.2,1,1
WP_005738213.1,DAKCFMEO_01407,97.7,309,309,309,2.7e-169,589.0,1,1
WP_005738376.1,DAKCFMEO_02632,85.6,229,229,229,4.2e-106,378.6,1,1
WP_005738493.1,DAKCFMEO_01381,98.4,506,506,506,8.4e-301,1026.5,1,1
WP_005738602.1,DAKCFMEO_01933,86.5,156,157,166,1.9e-78,286.2,0.993631,0.939759
WP_005738807.1,DAKCFMEO_00773,95.4,635,635,635,0.0e+00,1230.3,1,1
WP_005738829.1,DAKCFMEO_00811,98.0,640,640,640,0.0e+00,1284.6,1,1
WP_005739010.1,DAKCFMEO_02254,89.0,155,155,155,1.1e-78,287.0,1,1
WP_005739017.1,DAKCFMEO_02244,91.5,448,448,448,2.4e-230,792.3,1,1
WP_005739040.1,DAKCFMEO_00403,96.9,97,97,97,7.8e-46,177.2,1,1
WP_005739059.1,DAKCFMEO_00431,97.4,421,421,421,6.2e-233,800.8,1,1
WP_005739097.1,DAKCFMEO_01687,87.6,251,251,251,2.9e-121,429.1,1,1
WP_005739136.1,DAKCFMEO_00149,92.9,212,212,212,6.6e-114,404.4,1,1
WP_005739198.1,DAKCFMEO_00233,98.7,223,223,223,3.5e-118,418.7,1,1
WP_005739341.1,DAKCFMEO_03977,96.9,225,226,226,7.7e-121,427.6,0.995575,0.995575
WP_005739372.1,DAKCFMEO_03950,98.6,276,276,276,7.1e-161,560.8,1,1
WP_005739483.1,DAKCFMEO_00284,96.1,207,207,207,6.8e-116,411.0,1,1
WP_005739535.1,DAKCFMEO_00366,91.6,226,226,226,1.7e-120,426.4,1,1
WP_005739559.1,DAKCFMEO_05067,96.1,285,285,285,9.3e-164,570.5,1,1
WP_005739631.1,DAKCFMEO_02180,99.0,397,402,446,2.4e-234,805.4,0.987562,0.890135
WP_005739655.1,DAKCFMEO_01571,98.3,474,474,474,2.4e-265,908.7,1,1
WP_005739694.1,DAKCFMEO_01220,94.2,433,434,433,6.4e-233,800.8,0.997696,1
WP_005739770.1,DAKCFMEO_04125,91.8,319,320,320,1.1e-168,587.0,0.996875,0.996875
WP_005739807.1,DAKCFMEO_02832,96.1,129,129,129,1.0e-64,240.4,1,1
WP_005739815.1,DAKCFMEO_02842,97.3,224,224,224,3.9e-125,441.8,1,1
WP_005739842.1,DAKCFMEO_02039,95.5,133,133,133,1.8e-61,229.6,1,1
WP_005739846.1,DAKCFMEO_02036,97.2,355,355,355,4.5e-192,664.8,1,1
WP_005739890.1,DAKCFMEO_01910,98.9,445,445,445,1.2e-245,843.2,1,1
WP_005739893.1,DAKCFMEO_01907,91.1,101,101,101,1.5e-47,183.0,1,1
WP_005740056.1,DAKCFMEO_04331,88.2,161,162,161,5.1e-74,271.6,0.993827,1
WP_005740060.1,DAKCFMEO_04335,94.6,167,167,167,4.9e-88,318.2,1,1
WP_005740065.1,DAKCFMEO_04339,97.5,364,364,364,2.6e-203,702.2,1,1
WP_005740131.1,DAKCFMEO_00089,94.2,52,51,52,5.0e-20,90.5,1.01961,1
WP_005740134.1,DAKCFMEO_00088,96.2,156,156,156,8.3e-82,297.4,1,1
WP_005740210.1,DAKCFMEO_04478,82.9,146,146,146,1.7e-65,243.0,1,1
WP_005740380.1,DAKCFMEO_02675,46.2,91,91,93,1.2e-19,90.1,1,0.978495
WP_005740539.1,DAKCFMEO_00047,97.1,278,278,278,2.2e-157,549.3,1,1
WP_005740596.1,DAKCFMEO_04512,96.1,330,330,329,9.7e-181,627.1,1,1.00304
WP_005740602.1,DAKCFMEO_04508,96.9,229,229,230,3.9e-120,425.2,1,0.995652
WP_005740605.1,DAKCFMEO_04505,81.8,88,88,88,4.3e-35,141.4,1,1
WP_005760598.1,DAKCFMEO_04745,78.0,168,170,170,2.6e-73,269.2,0.988235,0.988235
WP_005760695.1,DAKCFMEO_01549,96.6,118,118,118,7.2e-70,257.3,1,1
WP_005760706.1,DAKCFMEO_01554,30.4,135,139,135,2.0e-18,86.7,0.971223,1
WP_005760710.1,DAKCFMEO_04275,89.1,202,274,276,3.1e-100,359.4,0.737226,0.731884
WP_005762368.1,DAKCFMEO_03819,65.6,256,257,255,7.5e-88,318.2,0.996109,1.00392
WP_005762396.1,DAKCFMEO_03807,74.0,173,173,176,3.0e-64,239.2,1,0.982955
WP_005762406.1,DAKCFMEO_03803,87.9,306,306,306,4.7e-145,508.4,1,1
WP_005762408.1,DAKCFMEO_03802,90.4,324,324,324,1.6e-159,556.6,1,1
WP_005762416.1,DAKCFMEO_03800,88.6,316,316,316,8.2e-153,534.3,1,1
WP_005762418.1,DAKCFMEO_03792,72.2,349,363,363,6.8e-143,501.5,0.961433,0.961433
WP_005762447.1,DAKCFMEO_03778,91.3,206,206,207,2.3e-108,386.0,1,0.995169
WP_005762461.1,DAKCFMEO_03771,79.1,359,359,359,3.9e-175,608.6,1,1
WP_005762465.1,DAKCFMEO_03770,88.6,88,88,90,2.0e-40,159.1,1,0.977778
WP_005762472.1,DAKCFMEO_03767,87.6,395,411,401,9.8e-207,713.8,0.961071,0.985037
WP_005762474.1,DAKCFMEO_03766,93.3,253,254,260,5.4e-139,488.0,0.996063,0.973077
WP_005762476.1,DAKCFMEO_03765,93.0,128,128,128,7.8e-70,257.3,1,1
WP_005762478.1,DAKCFMEO_03764,93.9,263,263,263,2.8e-138,485.7,1,1
WP_005762486.1,DAKCFMEO_03759,88.4,147,147,147,1.2e-69,256.9,1,1
WP_005762487.1,DAKCFMEO_03758,92.9,141,141,141,5.0e-78,284.6,1,1
WP_005762491.1,DAKCFMEO_03754,75.5,233,233,233,2.3e-99,356.3,1,1
WP_005762514.1,DAKCFMEO_03740,89.5,248,248,248,6.9e-123,434.5,1,1
WP_005762525.1,DAKCFMEO_03735,84.9,438,433,438,1.8e-190,659.8,1.01155,1
WP_005762534.1,DAKCFMEO_03730,83.4,223,223,223,1.9e-111,396.4,1,1
WP_005762543.1,DAKCFMEO_03726,92.2,309,309,311,1.4e-160,560.1,1,0.993569
WP_005762545.1,DAKCFMEO_03725,92.1,126,130,130,1.1e-58,220.3,0.969231,0.969231
WP_005762555.1,DAKCFMEO_03722,92.9,535,535,535,6.8e-293,1000.3,1,1
WP_005762564.1,DAKCFMEO_03716,85.2,770,770,767,0.0e+00,1371.7,1,1.00391
WP_005762569.1,DAKCFMEO_03712,76.3,359,366,366,4.9e-157,548.5,0.980874,0.980874
WP_005762572.1,DAKCFMEO_03709,94.5,164,164,164,1.0e-90,327.0,1,1
WP_005762574.1,DAKCFMEO_01193,89.7,341,340,341,7.0e-158,551.2,1.00294,1
WP_005762577.1,DAKCFMEO_01192,74.6,236,236,236,8.4e-102,364.4,1,1
WP_005762579.1,DAKCFMEO_01190,87.0,355,355,355,3.6e-189,655.2,1,1
WP_005762581.1,DAKCFMEO_01189,93.7,255,255,255,5.4e-131,461.5,1,1
WP_005762586.1,DAKCFMEO_01186,87.4,278,278,278,2.3e-151,529.3,1,1
WP_005762602.1,DAKCFMEO_01177,79.7,118,119,121,2.3e-47,182.6,0.991597,0.975207
WP_005762604.1,DAKCFMEO_01176,76.0,437,440,443,3.9e-193,668.7,0.993182,0.986456
WP_005762606.1,DAKCFMEO_01172,70.7,256,261,259,5.1e-108,385.2,0.980843,0.988417
WP_005762608.1,DAKCFMEO_01171,94.7,301,301,316,7.8e-169,587.4,1,0.952532
WP_005762615.1,DAKCFMEO_01166,91.9,493,493,493,2.7e-272,931.8,1,1
WP_005762617.1,DAKCFMEO_01165,83.2,493,493,493,3.5e-243,835.1,1,1
WP_005762619.1,DAKCFMEO_01164,85.5,311,312,312,7.1e-157,547.7,0.996795,0.996795
WP_005762621.1,DAKCFMEO_01163,71.5,186,184,184,3.5e-63,235.7,1.01087,1.01087
WP_005762626.1,DAKCFMEO_01161,87.8,353,358,354,2.5e-182,632.5,0.986034,0.997175
WP_005762628.1,DAKCFMEO_01159,78.2,119,128,120,5.3e-50,191.4,0.929688,0.991667
WP_005762629.1,DAKCFMEO_04398,90.9,353,353,353,3.9e-188,651.7,1,1
WP_005762644.1,DAKCFMEO_01125,94.7,169,169,169,4.2e-87,315.1,1,1
WP_005762646.1,DAKCFMEO_01124,84.5,206,221,222,2.7e-94,339.3,0.932127,0.927928
WP_005762667.1,DAKCFMEO_01114,96.4,196,196,196,7.7e-109,387.5,1,1
WP_005762680.1,DAKCFMEO_01109,92.5,187,187,187,7.6e-106,377.5,1,1
WP_005762682.1,DAKCFMEO_01107,90.4,94,96,96,1.2e-46,179.9,0.979167,0.979167
WP_005762684.1,DAKCFMEO_01105,90.3,341,341,341,6.5e-180,624.4,1,1
WP_005762690.1,DAKCFMEO_01102,91.4,384,384,384,1.3e-197,683.3,1,1
WP_005762697.1,DAKCFMEO_01099,91.9,283,292,292,1.6e-150,526.6,0.969178,0.969178
WP_005762699.1,DAKCFMEO_01098,83.6,463,463,463,7.4e-227,780.8,1,1
WP_005762701.1,DAKCFMEO_01096,85.3,191,194,194,9.9e-101,360.5,0.984536,0.984536
WP_005762703.1,DAKCFMEO_01095,64.7,207,207,207,2.8e-77,282.7,1,1
WP_005762709.1,DAKCFMEO_01092,88.4,327,327,327,1.9e-168,586.3,1,1
WP_005762712.1,DAKCFMEO_01091,88.7,222,225,226,4.7e-110,391.7,0.986667,0.982301
WP_005762766.1,DAKCFMEO_01951,33.2,208,262,215,1.5e-19,91.3,0.793893,0.967442
WP_005762770.1,DAKCFMEO_02336,37.1,267,290,284,1.3e-40,161.4,0.92069,0.940141
WP_005762776.1,DAKCFMEO_01041,80.7,280,280,280,4.3e-137,481.9,1,1
WP_005762782.1,DAKCFMEO_01036,89.7,146,146,146,1.4e-67,250.0,1,1
WP_005762784.1,DAKCFMEO_01035,87.5,144,177,182,4.4e-63,235.3,0.813559,0.791209
WP_005762795.1,DAKCFMEO_01792,44.1,152,165,195,2.3e-34,139.8,0.921212,0.779487
WP_005762801.1,DAKCFMEO_01108,75.6,131,167,131,4.6e-54,205.3,0.784431,1
WP_005762812.1,DAKCFMEO_01623,78.3,152,152,152,2.1e-69,256.1,1,1
WP_005762818.1,DAKCFMEO_00899,35.0,841,832,800,3.6e-115,410.6,1.01082,1.05125
WP_005762824.1,DAKCFMEO_02588,33.1,489,593,592,1.2e-56,215.7,0.824621,0.826014
WP_005762826.1,DAKCFMEO_04937,35.2,492,581,600,1.5e-64,241.9,0.846816,0.82
WP_005762856.1,DAKCFMEO_00885,78.4,111,111,111,9.9e-45,173.7,1,1
WP_005762859.1,DAKCFMEO_00883,93.9,345,345,345,5.7e-200,691.0,1,1
WP_005762863.1,DAKCFMEO_00880,98.4,446,446,445,1.5e-253,869.4,1,1.00225
WP_005762866.1,DAKCFMEO_00879,93.0,227,227,227,5.7e-47,182.2,1,1
WP_005762867.1,DAKCFMEO_00878,93.4,301,306,301,6.5e-163,567.8,0.98366,1
WP_005762869.1,DAKCFMEO_00876,97.0,201,201,205,8.4e-111,394.0,1,0.980488
WP_005762877.1,DAKCFMEO_01380,95.0,302,302,302,3.3e-159,555.4,1,1
WP_005762883.1,DAKCFMEO_01383,94.7,302,302,302,5.8e-156,544.7,1,1
WP_005762885.1,DAKCFMEO_01384,93.7,333,333,333,8.6e-177,614.0,1,1
WP_005762887.1,DAKCFMEO_01385,91.6,335,337,336,1.9e-179,622.9,0.994065,0.997024
WP_005762889.1,DAKCFMEO_01386,90.0,472,475,475,5.2e-260,891.0,0.993684,0.993684
WP_005762891.1,DAKCFMEO_01388,88.3,503,507,507,2.6e-265,908.7,0.99211,0.99211
WP_005762940.1,DAKCFMEO_04987,96.0,495,495,495,2.6e-262,898.7,1,1
WP_005762942.1,DAKCFMEO_04986,78.0,223,223,223,5.5e-103,368.2,1,1
WP_005762944.1,DAKCFMEO_04985,88.2,709,712,709,0.0e+00,1255.7,0.995787,1
WP_005762949.1,DAKCFMEO_04983,76.5,98,98,98,3.2e-39,155.2,1,1
WP_005762952.1,DAKCFMEO_04981,77.9,249,251,251,3.4e-109,389.0,0.992032,0.992032
WP_005762954.1,DAKCFMEO_04979,94.9,391,392,401,3.5e-222,765.0,0.997449,0.975062
WP_005762956.1,DAKCFMEO_04978,98.7,459,459,459,6.8e-257,880.6,1,1
WP_005762959.1,DAKCFMEO_04955,91.6,985,985,985,0.0e+00,1776.9,1,1
WP_005762965.1,DAKCFMEO_04949,81.4,253,253,259,2.7e-122,432.6,1,0.976834
WP_005762970.1,DAKCFMEO_04943,87.2,298,298,298,1.8e-154,539.7,1,1
WP_005762973.1,DAKCFMEO_04940,90.2,256,257,256,4.0e-142,498.4,0.996109,1
WP_005762975.1,DAKCFMEO_04938,84.0,212,212,212,1.7e-101,363.2,1,1
WP_005762979.1,DAKCFMEO_04932,86.4,110,110,110,9.4e-48,183.7,1,1
WP_005762981.1,DAKCFMEO_04929,93.7,479,479,479,9.9e-251,860.1,1,1
WP_005762992.1,DAKCFMEO_04911,98.8,750,751,751,0.0e+00,1463.0,0.998668,0.998668
WP_005763001.1,DAKCFMEO_04903,97.2,283,283,283,1.6e-152,533.1,1,1
WP_005763003.1,DAKCFMEO_04902,87.4,341,341,340,8.5e-164,570.9,1,1.00294
WP_005763005.1,DAKCFMEO_04901,95.9,343,343,343,1.4e-190,659.8,1,1
WP_005763007.1,DAKCFMEO_04900,93.2,177,178,177,5.2e-96,344.7,0.994382,1
WP_005763015.1,DAKCFMEO_04895,95.1,471,471,472,2.5e-246,845.5,1,0.997881
WP_005763025.1,DAKCFMEO_04889,95.8,289,289,289,1.1e-122,434.1,1,1
WP_005763027.1,DAKCFMEO_04888,98.0,395,395,395,1.1e-223,770.0,1,1
WP_005763035.1,DAKCFMEO_04876,97.7,771,771,771,0.0e+00,1553.9,1,1
WP_005763045.1,DAKCFMEO_04871,86.5,148,148,148,9.7e-72,263.8,1,1
WP_005763051.1,DAKCFMEO_04869,94.3,406,407,407,1.6e-230,792.7,0.997543,0.997543
WP_005763054.1,DAKCFMEO_04865,94.7,432,437,433,1.8e-227,782.7,0.988558,0.997691
WP_005763057.1,DAKCFMEO_04862,96.1,254,254,254,2.8e-143,502.3,1,1
WP_005763059.1,DAKCFMEO_04861,82.5,401,404,443,2.5e-202,699.1,0.992574,0.905192
WP_005763065.1,DAKCFMEO_04857,91.1,224,224,224,1.4e-111,396.7,1,1
WP_005763069.1,DAKCFMEO_04855,96.7,210,210,210,9.4e-113,400.6,1,1
WP_005763077.1,DAKCFMEO_04851,92.0,112,112,112,1.1e-56,213.4,1,1
WP_005763080.1,DAKCFMEO_04849,88.3,77,77,75,3.0e-32,131.7,1,1.02667
WP_005763092.1,DAKCFMEO_04844,92.6,312,314,313,1.4e-165,576.6,0.993631,0.996805
WP_005763096.1,DAKCFMEO_04841,98.4,566,566,566,0.0e+00,1140.2,1,1
WP_005763098.1,DAKCFMEO_04840,96.1,102,102,102,6.9e-53,200.7,1,1
WP_005763104.1,DAKCFMEO_04837,98.0,100,100,100,1.7e-51,196.1,1,1
WP_005763106.1,DAKCFMEO_04836,89.7,281,281,281,5.0e-154,538.1,1,1
WP_005763108.1,DAKCFMEO_04835,99.1,232,232,232,9.3e-130,457.2,1,1
WP_005763115.1,DAKCFMEO_04832,94.5,529,529,529,3.4e-268,918.3,1,1
WP_005763119.1,DAKCFMEO_04828,77.2,457,457,457,8.4e-199,687.6,1,1
WP_005763123.1,DAKCFMEO_04826,83.0,153,153,153,3.7e-74,271.9,1,1
WP_005763127.1,DAKCFMEO_03616,86.5,237,246,238,2.9e-121,429.1,0.963415,0.995798
WP_005763130.1,DAKCFMEO_03618,92.5,400,400,400,1.8e-221,762.7,1,1
WP_005763134.1,DAKCFMEO_03620,98.1,208,208,208,7.9e-112,397.5,1,1
WP_005763136.1,DAKCFMEO_03621,97.1,243,243,244,7.7e-135,474.2,1,0.995902
WP_005763150.1,DAKCFMEO_03626,94.9,197,198,198,5.6e-99,354.8,0.994949,0.994949
WP_005763161.1,DAKCFMEO_03631,94.4,337,337,337,2.1e-183,636.0,1,1
WP_005763178.1,DAKCFMEO_03640,80.5,293,294,294,2.7e-126,446.0,0.996599,0.996599
WP_005763182.1,DAKCFMEO_03642,93.8,418,418,418,2.1e-225,775.8,1,1
WP_005763186.1,DAKCFMEO_03644,85.0,419,419,416,5.9e-199,688.0,1,1.00721
WP_005763190.1,DAKCFMEO_03646,53.2,62,68,63,7.5e-11,60.5,0.911765,0.984127
WP_005763193.1,DAKCFMEO_03647,94.1,135,135,135,4.8e-70,258.1,1,1
WP_005763203.1,DAKCFMEO_03655,98.0,637,637,637,0.0e+00,1249.6,1,1
WP_005763213.1,DAKCFMEO_03660,74.4,254,260,258,5.6e-99,355.1,0.976923,0.984496
WP_005763215.1,DAKCFMEO_03661,62.6,155,156,156,3.2e-49,189.1,0.99359,0.99359
WP_005763217.1,DAKCFMEO_03662,76.2,151,151,151,9.0e-57,214.2,1,1
WP_005763225.1,DAKCFMEO_03600,92.8,223,223,223,5.3e-122,431.4,1,1
WP_005763231.1,DAKCFMEO_03603,90.6,128,128,128,8.7e-61,227.3,1,1
WP_005763243.1,DAKCFMEO_03611,85.7,91,91,103,1.9e-41,162.5,1,0.883495
WP_005763246.1,DAKCFMEO_03613,97.0,335,335,335,6.6e-193,667.5,1,1
WP_005763248.1,DAKCFMEO_03614,95.5,442,445,442,5.2e-246,844.3,0.993258,1
WP_005763254.1,DAKCFMEO_04822,79.6,201,201,201,6.7e-76,278.1,1,1
WP_005763270.1,DAKCFMEO_04815,94.7,340,340,340,5.5e-187,647.9,1,1
WP_005763279.1,DAKCFMEO_04808,95.1,205,205,209,8.9e-108,384.0,1,0.980861
WP_005763284.1,DAKCFMEO_04806,79.2,663,668,664,2.5e-313,1068.5,0.992515,0.998494
WP_005763294.1,DAKCFMEO_04800,91.9,297,297,297,1.7e-147,516.5,1,1
WP_005763322.1,DAKCFMEO_02052,77.0,443,446,446,7.4e-208,717.6,0.993274,0.993274
WP_005763415.1,DAKCFMEO_05165,91.6,332,332,328,3.5e-170,592.0,1,1.0122
WP_005763424.1,DAKCFMEO_05160,96.3,273,273,273,3.5e-144,505.4,1,1
WP_005763440.1,DAKCFMEO_01980,88.9,360,360,360,3.4e-187,648.7,1,1
WP_005763446.1,DAKCFMEO_01983,94.6,594,594,594,0.0e+00,1109.7,1,1
WP_005763448.1,DAKCFMEO_01984,60.0,115,115,115,6.2e-34,137.9,1,1
WP_005763452.1,DAKCFMEO_01986,93.6,455,455,455,2.6e-245,842.0,1,1
WP_005763453.1,DAKCFMEO_01987,96.9,382,382,382,5.9e-222,764.2,1,1
WP_005763455.1,DAKCFMEO_01988,97.0,432,432,432,4.0e-243,834.7,1,1
WP_005763456.1,DAKCFMEO_01989,88.8,529,529,529,7.7e-281,960.3,1,1
WP_005763459.1,DAKCFMEO_01990,96.1,127,127,127,5.2e-66,244.6,1,1
WP_005763462.1,DAKCFMEO_01991,95.7,773,773,773,0.0e+00,1433.3,1,1
WP_005763465.1,DAKCFMEO_01993,97.2,436,436,436,3.5e-247,848.2,1,1
WP_005763472.1,DAKCFMEO_01814,87.5,281,279,281,1.1e-129,457.2,1.00717,1
WP_005763490.1,DAKCFMEO_02185,92.6,215,214,215,9.6e-113,400.6,1.00467,1
WP_005763493.1,DAKCFMEO_02188,94.9,921,921,921,0.0e+00,1688.3,1,1
WP_005763495.1,DAKCFMEO_02190,90.2,316,316,316,3.7e-169,588.6,1,1
WP_005763515.1,DAKCFMEO_05114,94.9,468,468,468,1.6e-269,922.5,1,1
WP_005763521.1,DAKCFMEO_02141,90.2,438,438,435,7.7e-234,803.9,1,1.0069
WP_005763524.1,DAKCFMEO_02143,95.2,417,419,418,7.4e-218,750.7,0.995227,0.997608
WP_005763528.1,DAKCFMEO_02146,83.9,441,441,441,7.2e-224,770.8,1,1
WP_005763543.1,DAKCFMEO_02148,80.9,425,422,425,2.1e-172,599.7,1.00711,1
WP_005763550.1,DAKCFMEO_02153,81.3,107,136,135,4.0e-40,158.7,0.786765,0.792593
WP_005763555.1,DAKCFMEO_02158,92.7,331,331,331,1.0e-177,617.1,1,1
WP_005763560.1,DAKCFMEO_02161,96.1,387,387,387,1.0e-205,710.3,1,1
WP_005763563.1,DAKCFMEO_02165,97.2,354,354,354,9.0e-201,693.7,1,1
WP_005763565.1,DAKCFMEO_02166,86.2,138,139,139,8.8e-67,247.3,0.992806,0.992806
WP_005763567.1,DAKCFMEO_02167,87.5,136,136,136,4.4e-63,235.0,1,1
WP_005763583.1,DAKCFMEO_02177,97.3,366,366,366,1.8e-215,742.7,1,1
WP_005763587.1,DAKCFMEO_04962,72.0,75,76,76,2.9e-27,115.2,0.986842,0.986842
WP_005763589.1,DAKCFMEO_04961,97.1,278,278,278,5.0e-162,564.7,1,1
WP_005763591.1,DAKCFMEO_04960,92.6,215,215,215,5.3e-119,421.4,1,1
WP_005763597.1,DAKCFMEO_04977,90.9,464,470,470,1.1e-238,820.1,0.987234,0.987234
WP_005763601.1,DAKCFMEO_04975,88.3,480,480,480,1.3e-250,859.8,1,1
WP_005763607.1,DAKCFMEO_05047,95.7,398,398,398,1.6e-225,776.2,1,1
WP_005763611.1,DAKCFMEO_05044,96.3,270,270,270,2.5e-150,525.8,1,1
WP_005763613.1,DAKCFMEO_05043,83.9,112,112,112,1.8e-49,189.5,1,1
WP_005763614.1,DAKCFMEO_05042,98.8,83,83,84,4.6e-47,181.0,1,0.988095
WP_005763618.1,DAKCFMEO_05040,81.5,475,475,475,4.9e-226,778.1,1,1
WP_005763620.1,DAKCFMEO_05039,81.3,219,220,220,1.5e-100,360.1,0.995455,0.995455
WP_005763630.1,DAKCFMEO_05036,92.8,194,194,194,1.8e-105,376.3,1,1
WP_005763632.1,DAKCFMEO_05035,84.7,497,497,487,3.9e-234,805.1,1,1.02053
WP_005763634.1,DAKCFMEO_05034,93.8,450,450,450,3.4e-245,841.6,1,1
WP_005763636.1,DAKCFMEO_05031,83.8,513,513,507,6.9e-202,698.0,1,1.01183
WP_005763638.1,DAKCFMEO_05030,98.7,223,223,223,5.3e-122,431.4,1,1
WP_005763640.1,DAKCFMEO_05029,91.6,344,344,344,6.6e-172,597.8,1,1
WP_005763645.1,DAKCFMEO_05022,94.7,244,244,244,2.0e-138,486.1,1,1
WP_005763647.1,DAKCFMEO_05052,93.5,352,352,352,1.8e-196,679.5,1,1
WP_005763651.1,DAKCFMEO_05054,86.9,459,459,459,5.6e-227,781.2,1,1
WP_005763655.1,DAKCFMEO_04973,98.4,490,490,490,1.3e-277,949.5,1,1
WP_005763658.1,DAKCFMEO_04974,97.7,563,568,566,0.0e+00,1144.4,0.991197,0.9947
WP_005763669.1,DAKCFMEO_02945,74.1,58,60,59,2.7e-20,91.7,0.966667,0.983051
WP_005763674.1,DAKCFMEO_02951,90.8,295,299,297,2.2e-160,559.3,0.986622,0.993266
WP_005763676.1,DAKCFMEO_02953,77.0,187,187,188,2.8e-68,252.7,1,0.994681
WP_005763678.1,DAKCFMEO_02952,42.5,280,332,356,3.7e-47,183.3,0.843373,0.786517
WP_005763680.1,DAKCFMEO_02959,95.1,285,285,285,6.0e-163,567.8,1,1
WP_005763685.1,DAKCFMEO_02961,96.4,1006,1006,1006,0.0e+00,1988.0,1,1
WP_005763688.1,DAKCFMEO_02963,99.8,416,416,416,8.6e-251,860.1,1,1
WP_005763690.1,DAKCFMEO_02964,96.2,417,417,417,1.1e-234,806.6,1,1
WP_005763692.1,DAKCFMEO_04970,96.7,392,392,392,3.1e-218,751.9,1,1
WP_005763694.1,DAKCFMEO_04968,93.0,315,315,315,5.1e-171,594.7,1,1
WP_005763696.1,DAKCFMEO_04967,98.1,367,367,367,1.8e-207,716.1,1,1
WP_005763699.1,DAKCFMEO_04965,88.3,77,77,77,1.3e-27,116.3,1,1
WP_005763703.1,DAKCFMEO_02939,94.4,644,644,655,0.0e+00,1212.6,1,0.983206
WP_005763705.1,DAKCFMEO_02938,86.4,147,148,147,1.4e-65,243.4,0.993243,1
WP_005763731.1,DAKCFMEO_02937,92.1,723,725,725,0.0e+00,1357.0,0.997241,0.997241
WP_005763732.1,DAKCFMEO_02936,84.3,172,172,175,1.5e-76,280.0,1,0.982857
WP_005763735.1,DAKCFMEO_02935,87.1,294,295,295,9.7e-148,517.3,0.99661,0.99661
WP_005763737.1,DAKCFMEO_02933,96.6,324,324,324,4.1e-192,664.8,1,1
WP_005763739.1,DAKCFMEO_02932,82.3,339,339,339,6.5e-156,544.7,1,1
WP_005763742.1,DAKCFMEO_02931,95.5,333,333,333,1.9e-184,639.4,1,1
WP_005763744.1,DAKCFMEO_02930,89.3,289,289,289,3.4e-137,482.3,1,1
WP_005763753.1,DAKCFMEO_02927,89.2,277,277,277,2.6e-155,542.3,1,1
WP_005763757.1,DAKCFMEO_02925,80.6,253,254,254,5.5e-107,381.7,0.996063,0.996063
WP_005763760.1,DAKCFMEO_02924,78.9,242,244,246,7.1e-96,344.7,0.991803,0.98374
WP_005763762.1,DAKCFMEO_02923,94.3,352,352,352,7.6e-192,664.1,1,1
WP_005763768.1,DAKCFMEO_02921,92.1,240,243,247,1.8e-128,453.0,0.987654,0.97166
WP_005763772.1,DAKCFMEO_02919,85.8,226,226,227,5.4e-106,378.3,1,0.995595
WP_005763797.1,DAKCFMEO_02913,84.6,610,610,610,0.0e+00,1091.3,1,1
WP_005763799.1,DAKCFMEO_02912,94.5,383,389,386,3.2e-223,768.5,0.984576,0.992228
WP_005763801.1,DAKCFMEO_02909,98.0,303,303,303,4.7e-182,631.3,1,1
WP_005763805.1,DAKCFMEO_02907,79.7,261,268,263,5.2e-124,438.3,0.973881,0.992395
WP_005763807.1,DAKCFMEO_02906,96.4,559,559,559,0.0e+00,1134.8,1,1
WP_005763809.1,DAKCFMEO_02904,92.2,358,358,355,1.4e-185,643.3,1,1.00845
WP_005763843.1,DAKCFMEO_03044,58.8,279,281,300,2.7e-91,329.7,0.992883,0.93
WP_005763855.1,DAKCFMEO_01464,36.3,333,330,309,2.8e-47,183.7,1.00909,1.07767
WP_005763862.1,DAKCFMEO_01465,65.5,446,449,451,2.9e-164,572.8,0.993318,0.988914
WP_005763879.1,DAKCFMEO_01471,49.0,255,264,265,4.0e-68,252.7,0.965909,0.962264
WP_005763897.1,DAKCFMEO_01485,61.3,248,268,263,3.8e-74,272.7,0.925373,0.942966
WP_005763898.1,DAKCFMEO_01486,33.9,124,124,119,1.6e-11,63.5,1,1.04202
WP_005763906.1,DAKCFMEO_01489,59.5,274,302,312,2.3e-88,320.1,0.907285,0.878205
WP_005763910.1,DAKCFMEO_04361,53.0,349,495,533,1.8e-98,354.4,0.705051,0.654784
WP_005763915.1,DAKCFMEO_01477,58.9,124,129,132,6.5e-40,157.9,0.96124,0.939394
WP_005763930.1,DAKCFMEO_03315,80.1,301,314,315,3.8e-142,498.8,0.958599,0.955556
WP_005763938.1,DAKCFMEO_04795,75.0,52,53,53,1.6e-13,68.9,0.981132,0.981132
WP_005763940.1,DAKCFMEO_04479,85.6,208,208,208,4.9e-106,378.3,1,1
WP_005763950.1,DAKCFMEO_01766,87.8,370,370,369,5.8e-174,604.7,1,1.00271
WP_005763952.1,DAKCFMEO_01767,92.8,306,306,306,1.0e-160,560.5,1,1
WP_005763959.1,DAKCFMEO_01770,86.3,504,511,511,1.2e-251,863.2,0.986301,0.986301
WP_005763961.1,DAKCFMEO_01771,80.8,224,225,225,6.1e-102,364.8,0.995556,0.995556
WP_005763967.1,DAKCFMEO_01773,87.7,228,228,228,2.1e-113,402.9,1,1
WP_005763992.1,DAKCFMEO_03019,74.8,393,395,395,1.7e-155,543.5,0.994937,0.994937
WP_005764019.1,DAKCFMEO_03012,82.3,294,294,299,3.9e-141,495.4,1,0.983278
WP_005764024.1,DAKCFMEO_03007,85.6,313,313,313,6.0e-156,544.7,1,1
WP_005764026.1,DAKCFMEO_03006,84.0,169,169,169,2.1e-78,286.2,1,1
WP_005764030.1,DAKCFMEO_03002,85.2,250,250,250,6.3e-124,438.0,1,1
WP_005764038.1,DAKCFMEO_02995,43.4,129,125,128,1.9e-20,93.2,1.032,1.00781
WP_005764042.1,DAKCFMEO_02992,95.1,224,225,225,2.2e-120,426.0,0.995556,0.995556
WP_005764043.1,DAKCFMEO_02991,86.1,454,454,454,1.1e-219,756.9,1,1
WP_005764045.1,DAKCFMEO_02988,93.7,79,79,98,9.5e-42,163.3,1,0.806122
WP_005764046.1,DAKCFMEO_02987,96.4,224,224,223,3.4e-121,428.7,1,1.00448
WP_005764047.1,DAKCFMEO_02986,89.9,237,237,237,5.8e-119,421.4,1,1
WP_005764048.1,DAKCFMEO_02983,89.0,290,291,291,5.8e-161,561.2,0.996564,0.996564
WP_005764049.1,DAKCFMEO_02981,93.8,386,386,386,2.4e-207,715.7,1,1
WP_005764051.1,DAKCFMEO_02976,94.7,245,245,245,8.6e-134,470.7,1,1
WP_005764052.1,DAKCFMEO_02975,91.0,321,321,321,3.8e-174,605.1,1,1
WP_005764053.1,DAKCFMEO_02974,95.2,608,608,608,0.0e+00,1158.7,1,1
WP_005764054.1,DAKCFMEO_02971,86.0,172,172,172,1.8e-77,283.1,1,1
WP_005764059.1,DAKCFMEO_02969,84.6,857,857,857,0.0e+00,1372.8,1,1
WP_005764067.1,DAKCFMEO_02966,72.7,110,118,110,7.3e-46,177.6,0.932203,1
WP_005764071.1,DAKCFMEO_03293,90.0,568,576,571,3.8e-289,988.0,0.986111,0.994746
WP_005764073.1,DAKCFMEO_03295,81.9,701,705,705,0.0e+00,1136.7,0.994326,0.994326
WP_005764078.1,DAKCFMEO_03297,94.3,954,954,954,0.0e+00,1817.0,1,1
WP_005764082.1,DAKCFMEO_03299,95.7,70,70,70,2.6e-35,141.7,1,1
WP_005764084.1,DAKCFMEO_03301,87.8,353,353,353,5.3e-177,614.8,1,1
WP_005764092.1,DAKCFMEO_03304,94.4,142,142,142,8.7e-78,283.9,1,1
WP_005764094.1,DAKCFMEO_03305,80.5,149,141,149,1.9e-56,213.0,1.05674,1
WP_005764101.1,DAKCFMEO_03290,96.4,333,333,333,1.5e-189,656.4,1,1
WP_005764104.1,DAKCFMEO_03289,89.7,116,116,116,3.6e-58,218.4,1,1
WP_005764106.1,DAKCFMEO_02716,83.9,310,310,310,5.9e-156,544.7,1,1
WP_005764108.1,DAKCFMEO_02717,80.6,98,105,117,1.3e-38,153.3,0.933333,0.837607
WP_005764110.1,DAKCFMEO_02718,90.2,163,163,163,1.4e-84,306.6,1,1
WP_005764112.1,DAKCFMEO_02719,92.2,409,409,410,1.4e-208,719.9,1,0.997561
WP_005764114.1,DAKCFMEO_02721,93.7,365,365,365,2.1e-200,692.6,1,1
WP_005764116.1,DAKCFMEO_02723,94.2,342,342,342,2.3e-185,642.5,1,1
WP_005764130.1,DAKCFMEO_02727,81.5,81,81,81,2.7e-36,145.2,1,1
WP_005764132.1,DAKCFMEO_02728,90.5,158,161,161,7.0e-76,277.7,0.981366,0.981366
WP_005764136.1,DAKCFMEO_02731,91.9,259,259,259,5.3e-134,471.5,1,1
WP_005764140.1,DAKCFMEO_02732,95.0,438,438,438,2.8e-244,838.6,1,1
WP_005764142.1,DAKCFMEO_02733,96.6,493,493,493,8.0e-280,956.8,1,1
WP_005764144.1,DAKCFMEO_02734,93.1,390,390,390,6.0e-206,711.1,1,1
WP_005764153.1,DAKCFMEO_02740,96.3,518,518,518,4.0e-290,991.1,1,1
WP_005764169.1,DAKCFMEO_02746,86.4,154,154,154,4.1e-73,268.5,1,1
WP_005764177.1,DAKCFMEO_02751,80.0,475,498,496,4.1e-215,741.9,0.953815,0.957661
WP_005764184.1,DAKCFMEO_02755,85.8,289,291,292,3.6e-147,515.4,0.993127,0.989726
WP_005764194.1,DAKCFMEO_02760,83.4,325,325,325,2.6e-154,539.3,1,1
WP_005764200.1,DAKCFMEO_02762,93.6,141,142,142,3.2e-72,265.4,0.992958,0.992958
WP_005764206.1,DAKCFMEO_02763,80.0,110,110,110,3.7e-44,171.8,1,1
WP_005764221.1,DAKCFMEO_02770,93.1,87,88,90,7.6e-40,157.1,0.988636,0.966667
WP_005764227.1,DAKCFMEO_02773,92.7,668,706,706,0.0e+00,1274.6,0.946176,0.946176
WP_005764229.1,DAKCFMEO_02774,80.1,654,654,654,5.6e-297,1014.2,1,1
WP_005764231.1,DAKCFMEO_02775,83.1,290,290,290,1.7e-144,506.5,1,1
WP_005764246.1,DAKCFMEO_03951,84.0,162,162,162,9.0e-71,260.8,1,1
WP_005764255.1,DAKCFMEO_03943,60.2,113,114,120,6.8e-33,134.4,0.991228,0.941667
WP_005764266.1,DAKCFMEO_03938,93.4,290,290,290,3.7e-160,558.5,1,1
WP_005764268.1,DAKCFMEO_03937,95.1,324,324,324,5.2e-179,621.3,1,1
WP_005764287.1,DAKCFMEO_02449,30.6,206,302,301,2.1e-12,67.8,0.682119,0.684385
WP_005764289.1,DAKCFMEO_03635,31.8,151,145,152,4.5e-13,68.9,1.04138,0.993421
WP_005764297.1,DAKCFMEO_03937,37.9,311,323,324,4.3e-48,186.4,0.962848,0.959877
WP_005764318.1,DAKCFMEO_03930,92.6,297,299,300,1.1e-154,540.4,0.993311,0.99
WP_005764319.1,DAKCFMEO_03929,74.8,230,230,227,5.1e-88,318.5,1,1.01322
WP_005764325.1,DAKCFMEO_03923,90.6,351,354,354,2.9e-199,688.7,0.991525,0.991525
WP_005764330.1,DAKCFMEO_03920,96.7,182,182,182,2.1e-100,359.4,1,1
WP_005764344.1,DAKCFMEO_03906,89.1,339,339,339,5.5e-139,488.4,1,1
WP_005764391.1,DAKCFMEO_04173,92.6,394,395,432,1.3e-216,746.5,0.997468,0.912037
WP_005764393.1,DAKCFMEO_04174,88.8,437,438,438,3.2e-240,825.1,0.997717,0.997717
WP_005764395.1,DAKCFMEO_04175,93.1,333,333,333,1.3e-172,600.1,1,1
WP_005764399.1,DAKCFMEO_04177,93.1,378,378,378,4.2e-196,678.3,1,1
WP_005764409.1,DAKCFMEO_00899,39.5,820,816,800,1.9e-132,468.0,1.0049,1.025
WP_005764417.1,DAKCFMEO_03903,69.7,307,307,306,3.8e-131,462.2,1,1.00327
WP_005764418.1,DAKCFMEO_03904,83.0,389,389,389,2.9e-200,692.2,1,1
WP_005764420.1,DAKCFMEO_03901,81.3,289,289,289,3.7e-128,452.2,1,1
WP_005764422.1,DAKCFMEO_03900,73.9,291,291,291,5.8e-121,428.3,1,1
WP_005764425.1,DAKCFMEO_04020,96.9,607,607,607,0.0e+00,1169.5,1,1
WP_005764441.1,DAKCFMEO_04029,95.0,340,340,341,8.4e-188,650.6,1,0.997067
WP_005764454.1,DAKCFMEO_04039,77.8,500,500,500,2.2e-232,799.3,1,1
WP_005764458.1,DAKCFMEO_04042,97.7,304,304,304,4.3e-167,581.6,1,1
WP_005764492.1,DAKCFMEO_04013,88.9,262,262,262,1.1e-134,473.8,1,1
WP_005764495.1,DAKCFMEO_04014,85.7,308,308,308,2.4e-149,522.7,1,1
WP_005764499.1,DAKCFMEO_01006,40.8,142,177,178,1.4e-29,124.0,0.80226,0.797753
WP_005764509.1,DAKCFMEO_00998,37.7,332,344,337,5.0e-55,209.5,0.965116,0.985163
WP_005764515.1,DAKCFMEO_02091,45.3,278,321,283,2.0e-58,220.7,0.866044,0.982332
WP_005764523.1,DAKCFMEO_03956,86.8,493,493,493,6.2e-248,850.9,1,1
WP_005764534.1,DAKCFMEO_03961,91.5,201,201,201,8.1e-106,377.5,1,1
WP_005764536.1,DAKCFMEO_03962,96.2,316,317,317,5.1e-179,621.3,0.996845,0.996845
WP_005764543.1,DAKCFMEO_03965,95.3,214,214,214,5.8e-110,391.3,1,1
WP_005764558.1,DAKCFMEO_03972,87.7,130,130,130,4.4e-68,251.5,1,1
WP_005764591.1,DAKCFMEO_00606,91.0,210,212,215,2.9e-109,389.0,0.990566,0.976744
WP_005764602.1,DAKCFMEO_03996,89.5,390,404,400,1.6e-193,669.8,0.965347,0.975
WP_005764620.1,DAKCFMEO_04006,81.4,515,522,518,4.1e-234,805.1,0.98659,0.994208
WP_005764624.1,DAKCFMEO_04008,70.5,542,542,542,2.5e-178,619.8,1,1
WP_005764626.1,DAKCFMEO_04009,74.3,136,142,142,1.5e-53,203.4,0.957746,0.957746
WP_005764689.1,DAKCFMEO_00886,66.4,140,146,146,7.1e-51,194.5,0.958904,0.958904
WP_005764714.1,DAKCFMEO_00250,83.0,230,230,230,1.1e-111,397.1,1,1
WP_005764716.1,DAKCFMEO_00249,80.0,55,77,73,4.6e-25,107.8,0.714286,0.753425
WP_005764727.1,DAKCFMEO_00245,93.2,205,205,207,3.7e-114,405.2,1,0.990338
WP_005764729.1,DAKCFMEO_00244,95.0,241,241,241,4.5e-135,474.9,1,1
WP_005764735.1,DAKCFMEO_00242,95.6,271,271,271,9.8e-139,487.3,1,1
WP_005764738.1,DAKCFMEO_00241,92.0,352,355,357,1.4e-185,643.3,0.991549,0.985994
WP_005764742.1,DAKCFMEO_00237,93.6,344,344,344,2.6e-184,639.0,1,1
WP_005764744.1,DAKCFMEO_00235,90.1,152,152,152,1.8e-73,269.6,1,1
WP_005764747.1,DAKCFMEO_00234,94.5,325,325,325,1.4e-179,623.2,1,1
WP_005764752.1,DAKCFMEO_00231,89.0,273,273,273,7.6e-139,487.6,1,1
WP_005764756.1,DAKCFMEO_00227,95.4,538,538,538,1.5e-308,1052.4,1,1
WP_005764762.1,DAKCFMEO_00224,76.2,319,318,318,2.4e-136,479.6,1.00314,1.00314
WP_005764764.1,DAKCFMEO_00223,94.4,479,479,477,3.5e-256,878.2,1,1.00419
WP_005764765.1,DAKCFMEO_00222,98.3,598,598,598,0.0e+00,1156.4,1,1
WP_005764769.1,DAKCFMEO_00216,96.7,246,246,246,4.4e-130,458.4,1,1
WP_005764771.1,DAKCFMEO_00215,95.6,319,319,319,8.5e-190,657.1,1,1
WP_005764772.1,DAKCFMEO_00214,92.3,247,247,247,9.3e-128,450.7,1,1
WP_005764773.1,DAKCFMEO_00213,81.5,130,130,130,1.5e-60,226.5,1,1
WP_005764775.1,DAKCFMEO_00210,88.9,784,784,784,0.0e+00,1342.4,1,1
WP_005764776.1,DAKCFMEO_00209,92.8,291,291,287,1.2e-155,543.5,1,1.01394
WP_005764777.1,DAKCFMEO_00208,76.4,140,140,140,7.5e-58,217.6,1,1
WP_005764779.1,DAKCFMEO_00206,84.6,456,457,459,8.3e-215,740.7,0.997812,0.993464
WP_005764781.1,DAKCFMEO_00205,98.3,293,293,293,1.1e-178,620.2,1,1
WP_005764782.1,DAKCFMEO_00204,96.6,446,446,446,4.0e-238,818.1,1,1
WP_005764783.1,DAKCFMEO_00203,93.3,252,253,253,7.5e-133,467.6,0.996047,0.996047
WP_005764784.1,DAKCFMEO_00202,93.2,249,249,270,1.4e-128,453.4,1,0.922222
WP_005764786.1,DAKCFMEO_00200,91.5,330,335,339,1.7e-180,626.3,0.985075,0.973451
WP_005764787.1,DAKCFMEO_00199,95.7,398,398,398,1.4e-229,789.6,1,1
WP_005764789.1,DAKCFMEO_00196,92.0,75,75,98,1.0e-37,149.8,1,0.765306
WP_005764790.1,DAKCFMEO_00195,78.0,218,219,219,1.2e-97,350.5,0.995434,0.995434
WP_005764792.1,DAKCFMEO_00193,84.6,195,199,193,1.2e-93,337.0,0.979899,1.01036
WP_005764794.1,DAKCFMEO_00192,88.2,995,1039,1003,0.0e+00,1780.4,0.957652,0.992024
WP_005764807.1,DAKCFMEO_00183,90.3,93,93,93,2.2e-45,175.6,1,1
WP_005764809.1,DAKCFMEO_00182,84.8,363,363,363,5.1e-175,608.2,1,1
WP_005764810.1,DAKCFMEO_00181,79.7,133,136,136,1.1e-56,213.8,0.977941,0.977941
WP_005764812.1,DAKCFMEO_00180,97.0,305,305,305,3.2e-170,592.0,1,1
WP_005764831.1,DAKCFMEO_00169,92.0,513,512,513,1.4e-282,966.1,1.00195,1
WP_005764834.1,DAKCFMEO_00167,98.4,501,501,501,1.1e-297,1016.1,1,1
WP_005764836.1,DAKCFMEO_00165,90.4,156,156,156,7.1e-73,267.7,1,1
WP_005764850.1,DAKCFMEO_00158,95.1,226,225,226,2.3e-125,442.6,1.00444,1
WP_005764852.1,DAKCFMEO_00157,90.5,347,347,347,2.1e-181,629.4,1,1
WP_005764856.1,DAKCFMEO_00156,94.0,301,301,300,8.3e-163,567.4,1,1.00333
WP_005764864.1,DAKCFMEO_00147,95.0,682,682,680,0.0e+00,1320.1,1,1.00294
WP_005764871.1,DAKCFMEO_00141,80.6,217,218,218,1.8e-103,369.8,0.995413,0.995413
WP_005764877.1,DAKCFMEO_00138,90.6,372,372,372,6.4e-197,681.0,1,1
WP_005764880.1,DAKCFMEO_00137,97.9,236,236,236,1.7e-131,463.0,1,1
WP_005764890.1,DAKCFMEO_00128,62.7,75,83,83,2.3e-22,99.0,0.903614,0.903614
WP_005764896.1,DAKCFMEO_00127,83.5,109,109,109,2.4e-51,195.7,1,1
WP_005764898.1,DAKCFMEO_00126,74.2,163,164,163,6.9e-71,261.2,0.993902,1
WP_005764901.1,DAKCFMEO_00125,68.8,170,183,200,3.0e-54,206.1,0.928962,0.85
WP_005764906.1,DAKCFMEO_00123,96.2,156,157,157,8.3e-90,323.9,0.993631,0.993631
WP_005764909.1,DAKCFMEO_00114,85.7,91,91,113,2.9e-42,165.2,1,0.80531
WP_005764915.1,DAKCFMEO_00111,90.7,312,319,317,5.2e-171,594.7,0.978056,0.984227
WP_005764917.1,DAKCFMEO_00109,98.5,714,714,714,0.0e+00,1417.9,1,1
WP_005764919.1,DAKCFMEO_00108,91.9,382,382,382,8.0e-211,727.2,1,1
WP_005764922.1,DAKCFMEO_00106,90.7,215,215,215,1.1e-116,413.7,1,1
WP_005764923.1,DAKCFMEO_00103,95.3,537,537,537,2.4e-298,1018.5,1,1
WP_005764926.1,DAKCFMEO_00099,97.4,233,233,233,3.1e-125,442.2,1,1
WP_005764931.1,DAKCFMEO_00097,91.2,421,421,421,4.4e-210,724.9,1,1
WP_005764936.1,DAKCFMEO_00095,96.3,374,374,374,8.9e-207,713.8,1,1
WP_005764940.1,DAKCFMEO_00094,85.0,100,101,101,1.7e-43,169.5,0.990099,0.990099
WP_005764944.1,DAKCFMEO_00092,90.3,452,469,456,1.1e-235,810.1,0.963753,0.991228
WP_005764946.1,DAKCFMEO_00091,97.0,948,948,948,0.0e+00,1820.8,1,1
WP_005764969.1,DAKCFMEO_00080,92.5,187,187,187,3.5e-95,342.0,1,1
WP_005764971.1,DAKCFMEO_00079,88.5,262,262,262,3.5e-141,495.4,1,1
WP_005764975.1,DAKCFMEO_00077,76.0,104,104,104,1.7e-43,169.5,1,1
WP_005764980.1,DAKCFMEO_00062,90.1,283,292,292,5.8e-145,508.1,0.969178,0.969178
WP_005765006.1,DAKCFMEO_04699,90.0,339,339,339,5.7e-176,611.3,1,1
WP_005765011.1,DAKCFMEO_04698,90.4,335,336,336,3.9e-177,615.1,0.997024,0.997024
WP_005765016.1,DAKCFMEO_04696,87.5,273,276,275,4.2e-137,481.9,0.98913,0.992727
WP_005765020.1,DAKCFMEO_04694,84.8,269,269,269,1.0e-135,477.2,1,1
WP_005765028.1,DAKCFMEO_04690,86.9,336,332,336,8.0e-159,554.3,1.01205,1
WP_005765031.1,DAKCFMEO_04689,88.1,419,416,420,2.7e-212,732.3,1.00721,0.997619
WP_005765040.1,DAKCFMEO_04685,96.3,245,246,246,1.7e-137,483.0,0.995935,0.995935
WP_005765087.1,DAKCFMEO_04667,64.1,142,143,143,2.8e-44,172.6,0.993007,0.993007
WP_005765089.1,DAKCFMEO_04665,82.3,220,220,220,8.9e-98,350.9,1,1
WP_005765091.1,DAKCFMEO_04664,88.3,309,305,310,1.1e-154,540.4,1.01311,0.996774
WP_005765093.1,DAKCFMEO_04663,86.6,478,478,478,3.6e-237,815.1,1,1
WP_005765099.1,DAKCFMEO_04657,85.1,395,405,407,2.8e-206,712.2,0.975309,0.970516
WP_005765101.1,DAKCFMEO_04656,79.8,366,366,366,2.0e-179,622.9,1,1
WP_005765105.1,DAKCFMEO_04654,93.0,273,273,273,9.9e-155,540.4,1,1
WP_005765108.1,DAKCFMEO_04653,88.3,471,471,472,5.3e-233,801.2,1,0.997881
WP_005765115.1,DAKCFMEO_04651,85.0,379,386,386,1.1e-183,637.1,0.981865,0.981865
WP_005765117.1,DAKCFMEO_04649,76.2,302,305,310,3.6e-137,482.3,0.990164,0.974194
WP_005765119.1,DAKCFMEO_04648,57.4,94,103,99,1.1e-26,113.6,0.912621,0.949495
WP_005765121.1,DAKCFMEO_04647,94.6,404,405,404,6.4e-227,780.8,0.997531,1
WP_005765123.1,DAKCFMEO_04644,81.4,311,311,311,1.4e-152,533.5,1,1
WP_005765125.1,DAKCFMEO_04642,84.6,371,366,371,1.2e-195,676.8,1.01366,1
WP_005765127.1,DAKCFMEO_04641,86.9,199,204,202,2.2e-98,352.8,0.97549,0.985149
WP_005765129.1,DAKCFMEO_04639,81.2,431,431,428,6.4e-209,721.1,1,1.00701
WP_005765133.1,DAKCFMEO_04637,85.3,259,265,262,4.1e-121,428.7,0.977358,0.98855
WP_005765135.1,DAKCFMEO_04636,94.7,357,363,358,7.6e-203,700.7,0.983471,0.997207
WP_005765137.1,DAKCFMEO_04635,74.9,211,211,211,7.8e-91,327.8,1,1
WP_005765139.1,DAKCFMEO_04633,92.6,499,499,499,1.6e-272,932.6,1,1
WP_005765145.1,DAKCFMEO_04630,94.8,135,135,135,5.2e-64,238.0,1,1
WP_005765147.1,DAKCFMEO_04629,83.5,723,725,727,0.0e+00,1241.9,0.997241,0.994498
WP_005765154.1,DAKCFMEO_04627,89.6,338,338,338,2.1e-167,582.8,1,1
WP_005765159.1,DAKCFMEO_04625,98.2,450,450,450,1.6e-239,822.8,1,1
WP_005765163.1,DAKCFMEO_04617,66.7,75,86,92,1.4e-17,83.2,0.872093,0.815217
WP_005765165.1,DAKCFMEO_04616,85.2,155,160,160,1.4e-79,290.0,0.96875,0.96875
WP_005765167.1,DAKCFMEO_04615,80.6,309,314,314,2.4e-149,522.7,0.984076,0.984076
WP_005765169.1,DAKCFMEO_04614,69.2,143,154,146,1.3e-55,210.3,0.928571,0.979452
WP_005765172.1,DAKCFMEO_04613,92.3,700,706,704,0.0e+00,1308.9,0.991501,0.994318
WP_005765174.1,DAKCFMEO_04610,68.2,173,173,174,2.3e-64,239.6,1,0.994253
WP_005765176.1,DAKCFMEO_04609,76.8,207,207,205,1.3e-82,300.4,1,1.00976
WP_005765198.1,DAKCFMEO_04598,84.1,69,69,76,2.3e-31,128.6,1,0.907895
WP_005765211.1,DAKCFMEO_04576,90.0,370,371,371,1.2e-200,693.3,0.997305,0.997305
WP_005765213.1,DAKCFMEO_04575,95.0,481,481,481,2.0e-243,835.9,1,1
WP_005765215.1,DAKCFMEO_04570,72.6,376,383,392,1.2e-161,563.9,0.981723,0.959184
WP_005765220.1,DAKCFMEO_04568,92.6,284,284,284,1.4e-143,503.4,1,1
WP_005765224.1,DAKCFMEO_04566,91.6,440,440,436,2.6e-234,805.4,1,1.00917
WP_005765251.1,DAKCFMEO_04548,80.3,178,178,178,1.7e-86,313.2,1,1
WP_005765253.1,DAKCFMEO_04547,91.6,655,657,657,0.0e+00,1192.6,0.996956,0.996956
WP_005765255.1,DAKCFMEO_04546,85.7,154,157,155,9.6e-70,257.3,0.980892,0.993548
WP_005765257.1,DAKCFMEO_04545,82.5,57,58,58,8.0e-22,96.7,0.982759,0.982759
WP_005765259.1,DAKCFMEO_04544,88.4,258,267,264,2.7e-133,469.2,0.966292,0.977273
WP_005765268.1,DAKCFMEO_04538,92.5,293,294,294,5.3e-154,538.1,0.996599,0.996599
WP_005765300.1,DAKCFMEO_04524,85.8,218,219,219,8.9e-98,350.9,0.995434,0.995434
WP_005765302.1,DAKCFMEO_04523,88.6,484,484,484,1.5e-251,862.8,1,1
WP_005765312.1,DAKCFMEO_04497,81.2,117,117,117,4.5e-56,211.5,1,1
WP_005765316.1,DAKCFMEO_04496,96.1,309,309,309,4.4e-183,634.8,1,1
WP_005765323.1,DAKCFMEO_04493,90.6,170,170,174,1.4e-90,326.6,1,0.977011
WP_005765329.1,DAKCFMEO_04491,95.0,261,261,261,8.3e-151,527.3,1,1
WP_005765365.1,DAKCFMEO_04395,85.2,142,142,142,9.9e-66,243.8,1,1
WP_005765391.1,DAKCFMEO_02137,85.8,429,429,429,3.8e-201,695.3,1,1
WP_005765392.1,DAKCFMEO_02136,97.2,212,212,212,3.8e-122,431.8,1,1
WP_005765398.1,DAKCFMEO_02132,97.7,469,469,469,2.4e-270,925.2,1,1
WP_005765400.1,DAKCFMEO_02131,92.9,281,281,281,1.7e-157,549.7,1,1
WP_005765402.1,DAKCFMEO_02130,88.2,634,629,634,9.1e-220,757.7,1.00795,1
WP_005765411.1,DAKCFMEO_02124,93.6,204,204,214,8.8e-108,384.0,1,0.953271
WP_005765415.1,DAKCFMEO_02122,63.0,254,254,254,7.7e-85,308.1,1,1
WP_005765417.1,DAKCFMEO_02121,55.5,119,141,131,3.3e-29,122.5,0.843972,0.908397
WP_005765423.1,DAKCFMEO_02118,87.6,266,266,266,1.1e-126,447.2,1,1
WP_005765429.1,DAKCFMEO_02114,98.0,558,558,558,0.0e+00,1100.5,1,1
WP_005765431.1,DAKCFMEO_02113,59.7,124,130,159,7.3e-39,154.5,0.953846,0.779874
WP_005765433.1,DAKCFMEO_02112,93.8,259,259,259,4.2e-139,488.4,1,1
WP_005765463.1,DAKCFMEO_04250,31.0,339,398,414,1.5e-31,131.7,0.851759,0.818841
WP_005765466.1,DAKCFMEO_04248,42.0,238,242,247,1.9e-40,160.6,0.983471,0.963563
WP_005765469.1,DAKCFMEO_02111,88.4,293,297,294,4.2e-143,501.9,0.986532,0.996599
WP_005765484.1,DAKCFMEO_05098,97.2,354,354,355,7.4e-203,700.7,1,0.997183
WP_005765495.1,DAKCFMEO_05103,96.7,367,367,387,3.3e-206,711.8,1,0.94832
WP_005765499.1,DAKCFMEO_05105,92.9,701,701,709,0.0e+00,1226.5,1,0.988717
WP_005765501.1,DAKCFMEO_05107,90.8,207,207,207,1.9e-105,376.3,1,1
WP_005765503.1,DAKCFMEO_05108,88.8,187,208,192,2.1e-88,319.7,0.899038,0.973958
WP_005765516.1,DAKCFMEO_05064,97.1,445,445,445,7.8e-242,830.5,1,1
WP_005765531.1,DAKCFMEO_05073,78.7,141,148,157,5.4e-38,151.8,0.952703,0.898089
WP_005765539.1,DAKCFMEO_05081,79.9,154,153,151,5.3e-57,214.9,1.00654,1.01987
WP_005765541.1,DAKCFMEO_05082,95.9,266,266,266,2.3e-140,492.7,1,1
WP_005765550.1,DAKCFMEO_05089,89.0,145,145,145,8.3e-68,250.8,1,1
WP_005765551.1,DAKCFMEO_05090,90.1,323,323,323,1.1e-181,630.2,1,1
WP_005765552.1,DAKCFMEO_05091,96.2,816,816,816,0.0e+00,1581.6,1,1
WP_005765555.1,DAKCFMEO_05093,82.5,445,449,445,5.3e-214,738.0,0.991091,1
WP_005765557.1,DAKCFMEO_02109,89.4,454,454,454,5.3e-246,844.3,1,1
WP_005765559.1,DAKCFMEO_02107,86.8,197,206,205,2.6e-99,355.9,0.956311,0.960976
WP_005765561.1,DAKCFMEO_02105,93.2,177,177,177,2.0e-92,332.8,1,1
WP_005765563.1,DAKCFMEO_02103,85.6,236,235,234,7.8e-116,411.0,1.00426,1.00855
WP_005765567.1,DAKCFMEO_05128,91.5,330,332,332,1.1e-171,597.0,0.993976,0.993976
WP_005765569.1,DAKCFMEO_05129,85.4,268,268,265,1.4e-124,440.3,1,1.01132
WP_005765571.1,DAKCFMEO_05132,75.9,232,239,242,1.7e-105,376.7,0.970711,0.958678
WP_005765582.1,DAKCFMEO_05138,89.0,374,376,376,6.5e-189,654.4,0.994681,0.994681
WP_005765584.1,DAKCFMEO_05139,93.5,214,214,214,2.7e-107,382.5,1,1
WP_005765592.1,DAKCFMEO_05143,83.6,372,372,372,2.2e-165,576.2,1,1
WP_005765610.1,DAKCFMEO_05152,87.7,316,316,316,7.2e-157,547.7,1,1
WP_005765622.1,DAKCFMEO_01968,87.2,149,149,149,5.5e-75,274.6,1,1
WP_005765633.1,DAKCFMEO_00810,77.2,101,101,102,1.4e-37,149.8,1,0.990196
WP_005765637.1,DAKCFMEO_00805,94.0,134,134,134,3.2e-66,245.4,1,1
WP_005765639.1,DAKCFMEO_00803,85.5,338,338,338,8.7e-161,560.8,1,1
WP_005765644.1,DAKCFMEO_00800,89.3,319,319,319,2.6e-154,539.3,1,1
WP_005765645.1,DAKCFMEO_00799,77.0,74,74,74,5.6e-28,117.5,1,1
WP_005765647.1,DAKCFMEO_02421,51.3,234,233,325,1.1e-64,241.1,1.00429,0.72
WP_005765650.1,DAKCFMEO_00793,95.1,263,263,263,1.3e-148,520.0,1,1
WP_005765651.1,DAKCFMEO_00790,66.2,65,65,65,2.3e-17,82.0,1,1
WP_005765654.1,DAKCFMEO_00787,85.2,128,129,130,2.2e-56,212.6,0.992248,0.984615
WP_005765655.1,DAKCFMEO_00786,90.3,62,62,62,3.1e-24,104.8,1,1
WP_005765656.1,DAKCFMEO_00785,91.3,600,602,603,2.4e-302,1031.9,0.996678,0.995025
WP_005765657.1,DAKCFMEO_00781,94.5,308,308,308,5.9e-172,597.8,1,1
WP_005765662.1,DAKCFMEO_00775,90.1,284,284,284,4.2e-148,518.5,1,1
WP_005765672.1,DAKCFMEO_00768,88.5,453,453,453,7.0e-230,790.8,1,1
WP_005765677.1,DAKCFMEO_00764,88.3,308,309,309,2.2e-150,526.2,0.996764,0.996764
WP_005765681.1,DAKCFMEO_00758,93.6,110,118,113,4.7e-53,201.4,0.932203,0.973451
WP_005765682.1,DAKCFMEO_00756,97.7,440,443,443,1.7e-260,892.5,0.993228,0.993228
WP_005765687.1,DAKCFMEO_00751,93.9,488,488,489,2.5e-265,908.7,1,0.997955
WP_005765699.1,DAKCFMEO_00746,95.3,191,191,191,2.8e-95,342.4,1,1
WP_005765713.1,DAKCFMEO_00740,89.3,252,253,289,7.1e-123,434.5,0.996047,0.871972
WP_005765718.1,DAKCFMEO_00734,87.7,162,162,162,5.2e-87,314.7,1,1
WP_005765719.1,DAKCFMEO_00733,85.2,330,330,328,5.9e-170,591.3,1,1.0061
WP_005765721.1,DAKCFMEO_00730,87.5,393,396,401,2.0e-196,679.5,0.992424,0.98005
WP_005765726.1,DAKCFMEO_00725,83.6,183,183,178,6.8e-83,301.2,1,1.02809
WP_005765727.1,DAKCFMEO_00724,95.3,510,513,512,9.2e-271,926.8,0.994152,0.996094
WP_005765730.1,DAKCFMEO_00722,79.6,447,447,448,1.3e-209,723.4,1,0.997768
WP_005765732.1,DAKCFMEO_00721,95.6,205,205,205,5.9e-112,397.9,1,1
WP_005765750.1,DAKCFMEO_00707,93.9,838,838,838,0.0e+00,1452.6,1,1
WP_005765765.1,DAKCFMEO_00704,85.3,102,102,102,8.8e-48,183.7,1,1
WP_005765767.1,DAKCFMEO_00703,87.5,144,144,144,3.2e-64,238.8,1,1
WP_005765770.1,DAKCFMEO_00702,81.7,481,473,481,7.3e-222,764.2,1.01691,1
WP_005765784.1,DAKCFMEO_00694,86.2,318,327,318,9.3e-160,557.4,0.972477,1
WP_005765788.1,DAKCFMEO_00692,92.4,92,92,92,2.8e-45,175.3,1,1
WP_005765807.1,DAKCFMEO_00683,40.9,164,161,165,7.1e-28,118.2,1.01863,0.993939
WP_005765821.1,DAKCFMEO_00676,74.7,249,251,257,4.9e-100,358.6,0.992032,0.968872
WP_005765826.1,DAKCFMEO_00674,61.5,374,370,374,6.4e-141,495.0,1.01081,1
WP_005765832.1,DAKCFMEO_00671,45.3,645,667,666,3.1e-141,496.9,0.967016,0.968468
WP_005765836.1,DAKCFMEO_00669,84.6,350,344,351,8.6e-164,570.9,1.01744,0.997151
WP_005765838.1,DAKCFMEO_00668,96.0,349,349,349,4.5e-176,611.7,1,1
WP_005765844.1,DAKCFMEO_00666,81.0,284,284,284,1.2e-134,473.8,1,1
WP_005765859.1,DAKCFMEO_03270,92.3,155,155,155,3.6e-77,282.0,1,1
WP_005765861.1,DAKCFMEO_03269,96.4,393,393,393,2.5e-215,742.3,1,1
WP_005765867.1,DAKCFMEO_03266,72.6,270,270,270,4.3e-102,365.5,1,1
WP_005765872.1,DAKCFMEO_03263,95.5,179,179,179,2.7e-100,359.0,1,1
WP_005765874.1,DAKCFMEO_03262,98.0,250,250,250,1.3e-140,493.4,1,1
WP_005765876.1,DAKCFMEO_03260,93.3,298,298,298,4.8e-163,568.2,1,1
WP_005765880.1,DAKCFMEO_03258,97.0,434,434,434,2.7e-239,822.0,1,1
WP_005765888.1,DAKCFMEO_03254,77.7,220,220,220,6.2e-91,328.2,1,1
WP_005765892.1,DAKCFMEO_03252,64.9,279,279,292,3.3e-105,375.9,1,0.955479
WP_005765900.1,DAKCFMEO_03247,87.1,249,248,250,3.2e-96,345.9,1.00403,0.996
WP_005765904.1,DAKCFMEO_03246,85.9,540,540,540,2.3e-179,623.2,1,1
WP_005765908.1,DAKCFMEO_03243,91.3,229,229,229,6.6e-120,424.5,1,1
WP_005765912.1,DAKCFMEO_03241,85.4,336,336,336,2.5e-160,559.3,1,1
WP_005765914.1,DAKCFMEO_03240,93.1,334,334,334,4.3e-176,611.7,1,1
WP_005765916.1,DAKCFMEO_03237,98.4,500,500,533,1.5e-286,979.2,1,0.938086
WP_005765921.1,DAKCFMEO_03234,96.9,425,425,425,1.7e-241,829.3,1,1
WP_005765926.1,DAKCFMEO_03231,79.2,260,260,260,2.3e-105,376.3,1,1
WP_005765928.1,DAKCFMEO_03230,93.4,137,137,137,8.4e-62,230.7,1,1
WP_005765933.1,DAKCFMEO_03225,92.0,224,224,224,2.5e-116,412.5,1,1
WP_005765937.1,DAKCFMEO_03221,86.9,229,229,229,1.1e-119,423.7,1,1
WP_005765940.1,DAKCFMEO_03220,84.1,207,207,206,2.4e-97,349.4,1,1.00485
WP_005765943.1,DAKCFMEO_03219,89.8,264,269,264,2.5e-134,472.6,0.981413,1
WP_005765949.1,DAKCFMEO_03215,92.1,229,229,229,1.8e-109,389.8,1,1
WP_005765957.1,DAKCFMEO_03212,89.6,125,125,125,3.5e-67,248.4,1,1
WP_005765961.1,DAKCFMEO_03210,96.3,383,383,383,1.4e-218,753.1,1,1
WP_005765976.1,DAKCFMEO_03200,93.1,260,260,260,4.2e-147,515.0,1,1
WP_005765978.1,DAKCFMEO_03198,88.6,289,287,289,6.3e-136,478.0,1.00697,1
WP_005765982.1,DAKCFMEO_03196,83.8,185,185,185,2.5e-77,282.7,1,1
WP_005765985.1,DAKCFMEO_03195,96.4,251,251,251,1.2e-138,486.9,1,1
WP_005765988.1,DAKCFMEO_03193,90.4,396,396,396,8.3e-203,700.7,1,1
WP_005765994.1,DAKCFMEO_03189,89.5,351,351,351,1.7e-122,433.7,1,1
WP_005765997.1,DAKCFMEO_03185,89.4,217,217,217,1.8e-106,379.8,1,1
WP_005766003.1,DAKCFMEO_03179,94.9,428,428,428,1.3e-230,793.1,1,1
WP_005766007.1,DAKCFMEO_03177,93.2,236,236,236,1.3e-126,446.8,1,1
WP_005766009.1,DAKCFMEO_03175,97.0,370,370,370,3.5e-211,728.4,1,1
WP_005766011.1,DAKCFMEO_03174,92.5,279,281,282,2.9e-157,548.9,0.992883,0.989362
WP_005766012.1,DAKCFMEO_03173,96.8,157,157,157,2.4e-84,305.8,1,1
WP_005766014.1,DAKCFMEO_03171,94.8,249,249,249,3.8e-137,481.9,1,1
WP_005766016.1,DAKCFMEO_03169,89.6,288,288,288,3.6e-131,462.2,1,1
WP_005766018.1,DAKCFMEO_03165,76.2,160,166,160,6.0e-62,231.5,0.963855,1
WP_005766020.1,DAKCFMEO_03163,89.3,140,155,140,4.0e-68,251.9,0.903226,1
WP_005766024.1,DAKCFMEO_03162,85.9,369,373,372,8.4e-189,654.1,0.989276,0.991935
WP_005766026.1,DAKCFMEO_03160,89.4,236,236,236,2.6e-127,449.1,1,1
WP_005766041.1,DAKCFMEO_03158,95.9,121,121,121,1.6e-56,213.0,1,1
WP_005766043.1,DAKCFMEO_03155,87.8,230,230,235,1.3e-120,426.8,1,0.978723
WP_005766044.1,DAKCFMEO_03154,95.4,152,153,153,1.3e-79,290.0,0.993464,0.993464
WP_005766046.1,DAKCFMEO_03152,70.6,143,146,147,4.3e-56,211.8,0.979452,0.972789
WP_005766050.1,DAKCFMEO_03149,95.4,631,631,631,0.0e+00,1167.1,1,1
WP_005766070.1,DAKCFMEO_03138,80.9,68,68,68,2.2e-26,112.1,1,1
WP_005766100.1,DAKCFMEO_02235,32.2,304,317,316,8.0e-31,129.0,0.958991,0.962025
WP_005766116.1,DAKCFMEO_04460,85.7,392,395,401,2.0e-172,599.7,0.992405,0.977556
WP_005766129.1,DAKCFMEO_03866,40.1,269,326,303,2.3e-49,190.7,0.825153,0.887789
WP_005766145.1,DAKCFMEO_03761,34.6,217,290,283,3.5e-25,110.2,0.748276,0.766784
WP_005766150.1,DAKCFMEO_03762,38.1,202,221,220,9.5e-31,128.3,0.914027,0.918182
WP_005766190.1,DAKCFMEO_04085,87.3,173,173,173,5.0e-88,318.2,1,1
WP_005766198.1,DAKCFMEO_04089,63.0,332,336,335,2.8e-50,193.7,0.988095,0.991045
WP_005766202.1,DAKCFMEO_04091,91.4,452,452,452,5.8e-245,840.9,1,1
WP_005766205.1,DAKCFMEO_04093,96.8,93,93,93,3.0e-47,181.8,1,1
WP_005766210.1,DAKCFMEO_04098,86.4,604,605,606,0.0e+00,1092.8,0.998347,0.9967
WP_005766212.1,DAKCFMEO_04099,79.7,266,272,276,3.3e-118,419.1,0.977941,0.963768
WP_005766216.1,DAKCFMEO_04101,92.3,324,324,324,7.3e-173,600.9,1,1
WP_005766218.1,DAKCFMEO_04102,85.7,56,57,57,7.4e-20,90.1,0.982456,0.982456
WP_005766220.1,DAKCFMEO_04103,87.7,163,163,163,6.6e-82,297.7,1,1
WP_005766223.1,DAKCFMEO_04104,93.1,523,529,530,6.5e-296,1010.4,0.988658,0.986792
WP_005766224.1,DAKCFMEO_04105,83.6,605,604,605,8.5e-308,1050.0,1.00166,1
WP_005766232.1,DAKCFMEO_04109,94.5,727,727,727,0.0e+00,1440.6,1,1
WP_005766234.1,DAKCFMEO_04110,79.5,337,337,345,6.2e-159,554.7,1,0.976812
WP_005766237.1,DAKCFMEO_04111,77.0,257,257,257,5.9e-117,414.8,1,1
WP_005766247.1,DAKCFMEO_04116,84.6,319,319,319,1.2e-156,547.0,1,1
WP_005766254.1,DAKCFMEO_04120,93.1,276,276,276,1.8e-143,503.1,1,1
WP_005766257.1,DAKCFMEO_04121,88.8,187,187,187,4.6e-95,341.7,1,1
WP_005766263.1,DAKCFMEO_04124,93.2,88,88,88,5.1e-44,171.0,1,1
WP_005766271.1,DAKCFMEO_01616,94.6,354,354,353,2.6e-179,622.5,1,1.00283
WP_005766274.1,DAKCFMEO_01617,90.2,61,61,61,2.0e-23,102.1,1,1
WP_005766294.1,DAKCFMEO_01025,81.1,180,181,181,4.5e-79,288.5,0.994475,0.994475
WP_005766298.1,DAKCFMEO_01023,94.0,234,234,234,2.9e-123,435.6,1,1
WP_005766304.1,DAKCFMEO_01019,81.8,159,159,159,8.8e-71,260.8,1,1
WP_005766308.1,DAKCFMEO_00961,53.5,101,118,111,4.3e-22,98.6,0.855932,0.90991
WP_005766318.1,DAKCFMEO_00957,76.9,446,453,453,3.5e-181,629.0,0.984547,0.984547
WP_005766320.1,DAKCFMEO_01016,82.8,116,116,116,8.1e-50,190.7,1,1
WP_005766322.1,DAKCFMEO_01015,88.2,356,356,355,2.9e-183,635.6,1,1.00282
WP_005766327.1,DAKCFMEO_01013,91.3,161,209,161,1.4e-76,280.4,0.770335,1
WP_005766329.1,DAKCFMEO_01012,95.1,204,204,204,5.5e-110,391.3,1,1
WP_005766330.1,DAKCFMEO_01011,90.3,559,559,558,4.3e-282,964.5,1,1.00179
WP_005766332.1,DAKCFMEO_01010,82.6,207,207,207,4.3e-94,338.6,1,1
WP_005766345.1,DAKCFMEO_00262,82.3,79,86,85,2.2e-31,129.0,0.918605,0.929412
WP_005766439.1,DAKCFMEO_01696,96.6,267,267,267,4.5e-144,505.0,1,1
WP_005766442.1,DAKCFMEO_01693,97.5,158,158,158,9.3e-81,293.9,1,1
WP_005766449.1,DAKCFMEO_01688,96.2,447,447,447,3.5e-250,858.2,1,1
WP_005766456.1,DAKCFMEO_01680,97.4,305,305,305,4.0e-173,601.7,1,1
WP_005766460.1,DAKCFMEO_01675,85.3,992,987,992,0.0e+00,1660.6,1.00507,1
WP_005766463.1,DAKCFMEO_01674,89.9,337,338,338,9.9e-181,627.1,0.997041,0.997041
WP_005766467.1,DAKCFMEO_00470,86.6,313,316,313,1.8e-147,516.5,0.990506,1
WP_005766477.1,DAKCFMEO_00465,97.1,483,483,483,1.5e-270,926.0,1,1
WP_005766488.1,DAKCFMEO_00457,89.7,281,281,281,6.2e-144,504.6,1,1
WP_005766501.1,DAKCFMEO_00451,92.8,153,153,153,7.1e-78,284.3,1,1
WP_005766506.1,DAKCFMEO_00445,81.8,154,154,154,8.2e-66,244.2,1,1
WP_005766512.1,DAKCFMEO_00440,82.1,190,190,190,8.5e-89,320.9,1,1
WP_005766514.1,DAKCFMEO_00439,77.7,179,179,179,6.6e-75,274.6,1,1
WP_005766516.1,DAKCFMEO_00438,91.0,324,324,324,1.4e-163,570.1,1,1
WP_005766521.1,DAKCFMEO_00434,86.6,217,216,217,2.0e-102,366.3,1.00463,1
WP_005766523.1,DAKCFMEO_00433,85.1,101,101,101,4.9e-43,167.9,1,1
WP_005766526.1,DAKCFMEO_00430,99.0,210,211,211,2.7e-112,399.1,0.995261,0.995261
WP_005766528.1,DAKCFMEO_00429,97.5,447,448,448,4.0e-246,844.7,0.997768,0.997768
WP_005766530.1,DAKCFMEO_00428,91.7,350,350,350,1.3e-188,653.3,1,1
WP_005766542.1,DAKCFMEO_00420,91.5,449,449,449,1.4e-238,819.7,1,1
WP_005766543.1,DAKCFMEO_00419,95.3,339,364,339,6.0e-192,664.5,0.931319,1
WP_005766548.1,DAKCFMEO_00412,97.1,205,205,205,4.1e-113,401.7,1,1
WP_005766550.1,DAKCFMEO_00410,96.4,192,192,192,3.5e-98,352.1,1,1
WP_005766552.1,DAKCFMEO_00408,82.8,128,128,124,3.4e-57,215.3,1,1.03226
WP_005766553.1,DAKCFMEO_00407,92.2,604,604,604,0.0e+00,1079.3,1,1
WP_005766562.1,DAKCFMEO_00401,91.5,484,487,487,2.9e-258,885.2,0.99384,0.99384
WP_005766566.1,DAKCFMEO_00398,92.0,448,448,448,3.4e-237,815.1,1,1
WP_005766568.1,DAKCFMEO_00396,93.8,356,356,356,2.1e-189,656.0,1,1
WP_005766570.1,DAKCFMEO_00395,96.3,486,486,486,9.3e-273,933.3,1,1
WP_005766574.1,DAKCFMEO_00393,94.0,285,289,287,2.8e-152,532.3,0.986159,0.993031
WP_005766576.1,DAKCFMEO_00391,99.2,395,395,395,9.1e-218,750.4,1,1
WP_005766579.1,DAKCFMEO_00388,96.4,913,913,912,0.0e+00,1729.1,1,1.0011
WP_005766590.1,DAKCFMEO_00382,94.2,677,678,678,0.0e+00,1242.3,0.998525,0.998525
WP_005766595.1,DAKCFMEO_00379,90.6,276,276,276,8.5e-138,484.2,1,1
WP_005766612.1,DAKCFMEO_00006,93.7,415,415,415,2.9e-214,738.8,1,1
WP_005766620.1,DAKCFMEO_00003,97.8,970,970,970,0.0e+00,1890.9,1,1
WP_005766623.1,DAKCFMEO_00002,95.9,245,245,262,9.2e-136,477.2,1,0.935115
WP_005766631.1,DAKCFMEO_02241,94.7,262,262,262,8.6e-148,517.3,1,1
WP_005766633.1,DAKCFMEO_02242,78.1,114,116,114,6.5e-47,181.0,0.982759,1
WP_005766635.1,DAKCFMEO_02246,99.1,450,450,450,2.1e-242,832.4,1,1
WP_005766637.1,DAKCFMEO_02247,91.5,164,164,164,1.1e-89,323.6,1,1
WP_005766645.1,DAKCFMEO_02256,89.7,145,145,145,2.6e-77,282.3,1,1
WP_005766657.1,DAKCFMEO_02267,91.7,216,216,216,2.8e-112,399.1,1,1
WP_005766661.1,DAKCFMEO_02272,87.8,254,254,254,4.3e-136,478.4,1,1
WP_005766666.1,DAKCFMEO_02274,86.2,181,181,180,5.1e-83,301.6,1,1.00556
WP_005766669.1,DAKCFMEO_02275,94.8,442,442,442,2.6e-253,868.6,1,1
WP_005766671.1,DAKCFMEO_02276,97.0,203,203,203,1.9e-110,392.9,1,1
WP_005766673.1,DAKCFMEO_02277,91.4,431,431,431,2.1e-228,785.8,1,1
WP_005766675.1,DAKCFMEO_02278,92.6,216,216,216,8.7e-114,404.1,1,1
WP_005766682.1,DAKCFMEO_02281,94.8,484,486,486,6.2e-269,920.6,0.995885,0.995885
WP_005766684.1,DAKCFMEO_02282,91.3,173,173,173,2.3e-85,309.3,1,1
WP_005766686.1,DAKCFMEO_02283,90.3,350,350,350,5.1e-180,624.8,1,1
WP_005766688.1,DAKCFMEO_02284,85.7,189,190,190,1.5e-93,336.7,0.994737,0.994737
WP_005766701.1,DAKCFMEO_02291,72.3,101,101,101,3.5e-33,135.2,1,1
WP_005766707.1,DAKCFMEO_02294,48.7,78,104,104,3.4e-15,75.5,0.75,0.75
WP_005766709.1,DAKCFMEO_02295,81.3,198,199,200,4.3e-91,328.6,0.994975,0.99
WP_005766711.1,DAKCFMEO_02296,87.1,318,320,319,4.2e-157,548.5,0.99375,0.996865
WP_005766716.1,DAKCFMEO_02298,95.7,464,464,464,1.8e-257,882.5,1,1
WP_005766720.1,DAKCFMEO_02301,95.2,314,317,316,2.9e-166,578.9,0.990536,0.993671
WP_005766727.1,DAKCFMEO_02305,89.1,258,261,261,1.5e-139,490.0,0.988506,0.988506
WP_005766730.1,DAKCFMEO_02306,75.2,307,308,308,3.6e-129,455.7,0.996753,0.996753
WP_005766737.1,DAKCFMEO_02309,97.4,232,232,232,5.8e-132,464.5,1,1
WP_005766740.1,DAKCFMEO_02310,93.4,441,443,450,3.6e-223,768.5,0.995485,0.98
WP_005766742.1,DAKCFMEO_02311,93.6,358,358,358,5.0e-191,661.4,1,1
WP_005766744.1,DAKCFMEO_02312,99.0,886,928,928,0.0e+00,1616.3,0.954741,0.954741
WP_005766746.1,DAKCFMEO_02313,96.1,361,361,361,1.1e-206,713.4,1,1
WP_005766747.1,DAKCFMEO_02315,77.1,538,538,545,9.8e-231,793.9,1,0.987156
WP_005766750.1,DAKCFMEO_02319,47.5,80,80,83,7.9e-12,63.9,1,0.963855
WP_005766752.1,DAKCFMEO_02320,74.2,480,480,476,1.5e-211,729.9,1,1.0084
WP_005766760.1,DAKCFMEO_02324,63.6,110,109,110,3.1e-27,115.5,1.00917,1
WP_005766763.1,DAKCFMEO_02325,65.6,186,189,206,1.7e-65,243.4,0.984127,0.902913
WP_005766772.1,DAKCFMEO_02328,74.4,160,160,160,1.8e-63,236.5,1,1
WP_005766774.1,DAKCFMEO_02329,74.6,134,134,128,1.2e-47,183.7,1,1.04688
WP_005766776.1,DAKCFMEO_02330,70.9,378,378,377,7.0e-167,581.3,1,1.00265
WP_005766782.1,DAKCFMEO_02333,96.4,139,139,139,2.2e-73,269.2,1,1
WP_005766790.1,DAKCFMEO_02341,96.2,448,448,448,9.2e-259,886.7,1,1
WP_005766792.1,DAKCFMEO_02342,92.1,253,253,253,9.2e-139,487.3,1,1
WP_005766795.1,DAKCFMEO_02344,83.9,254,255,255,2.5e-128,452.6,0.996078,0.996078
WP_005766796.1,DAKCFMEO_02345,66.2,219,220,223,7.6e-89,321.2,0.995455,0.982063
WP_005766799.1,DAKCFMEO_02348,86.9,130,131,131,2.8e-70,258.8,0.992366,0.992366
WP_005766801.1,DAKCFMEO_02350,83.4,781,783,787,0.0e+00,1276.5,0.997446,0.992376
WP_005766802.1,DAKCFMEO_02351,91.2,294,296,296,4.2e-159,555.1,0.993243,0.993243
WP_005766803.1,DAKCFMEO_02352,90.0,160,160,160,1.5e-81,296.6,1,1
WP_005766804.1,DAKCFMEO_02354,91.8,256,256,256,2.3e-129,456.1,1,1
WP_005766806.1,DAKCFMEO_02360,90.8,240,240,240,5.3e-128,451.4,1,1
WP_005766812.1,DAKCFMEO_02367,83.5,388,397,391,6.8e-189,654.4,0.97733,0.992327
WP_005766833.1,DAKCFMEO_02430,77.6,161,167,167,2.2e-72,266.2,0.964072,0.964072
WP_005766850.1,DAKCFMEO_02629,83.9,124,123,124,6.0e-51,194.5,1.00813,1
WP_005766858.1,DAKCFMEO_02622,95.5,286,286,286,2.7e-163,568.9,1,1
WP_005766869.1,DAKCFMEO_02615,81.5,227,227,227,5.6e-103,368.2,1,1
WP_005766876.1,DAKCFMEO_02612,86.1,389,394,387,3.2e-191,662.1,0.98731,1.00517
WP_005766893.1,DAKCFMEO_02600,90.0,200,200,200,3.5e-109,388.7,1,1
WP_005766899.1,DAKCFMEO_02595,85.7,336,335,336,1.5e-168,586.6,1.00299,1
WP_005766903.1,DAKCFMEO_02593,95.8,453,454,454,1.3e-244,839.7,0.997797,0.997797
WP_005766904.1,DAKCFMEO_02592,94.5,55,55,55,3.6e-24,104.4,1,1
WP_005766910.1,DAKCFMEO_02590,88.9,180,180,180,3.4e-95,342.0,1,1
WP_005766911.1,DAKCFMEO_02588,85.6,589,589,592,4.3e-280,958.0,1,0.994932
WP_005766914.1,DAKCFMEO_02586,86.2,378,380,383,3.6e-195,675.2,0.994737,0.986945
WP_005766916.1,DAKCFMEO_02585,84.5,84,84,84,8.8e-38,150.2,1,1
WP_005766927.1,DAKCFMEO_02579,55.6,162,178,175,4.0e-48,185.7,0.910112,0.925714
WP_005766941.1,DAKCFMEO_02571,77.2,57,63,59,9.0e-19,86.7,0.904762,0.966102
WP_005766943.1,DAKCFMEO_02570,77.7,323,325,325,2.4e-152,532.7,0.993846,0.993846
WP_005766946.1,DAKCFMEO_02569,86.7,83,83,81,2.9e-33,135.2,1,1.02469
WP_005766948.1,DAKCFMEO_02568,85.3,150,150,150,3.2e-70,258.8,1,1
WP_005766952.1,DAKCFMEO_02565,80.6,820,823,817,0.0e+00,1297.3,0.996355,1.00367
WP_005766953.1,DAKCFMEO_02564,71.0,62,67,72,9.6e-19,86.7,0.925373,0.861111
WP_005766954.1,DAKCFMEO_02563,85.0,227,227,227,3.3e-111,395.6,1,1
WP_005766956.1,DAKCFMEO_02561,67.3,98,155,154,4.5e-27,115.5,0.632258,0.636364
WP_005766964.1,DAKCFMEO_02558,91.2,182,182,182,3.8e-94,338.6,1,1
WP_005766966.1,DAKCFMEO_02557,91.7,133,133,133,4.8e-62,231.5,1,1
WP_005766970.1,DAKCFMEO_02554,98.9,262,262,262,1.5e-144,506.5,1,1
WP_005766975.1,DAKCFMEO_02549,96.9,261,261,261,2.3e-140,492.7,1,1
WP_005766980.1,DAKCFMEO_02545,97.5,442,442,442,4.1e-243,834.7,1,1
WP_005766982.1,DAKCFMEO_02543,90.7,378,378,378,6.9e-191,661.0,1,1
WP_005766986.1,DAKCFMEO_02539,86.0,136,146,136,1.9e-59,223.0,0.931507,1
WP_005766990.1,DAKCFMEO_02534,73.7,118,118,118,4.0e-44,171.8,1,1
WP_005767000.1,DAKCFMEO_02530,95.8,452,452,452,3.5e-250,858.2,1,1
WP_005767003.1,DAKCFMEO_02529,88.0,274,272,274,5.3e-116,411.8,1.00735,1
WP_005767009.1,DAKCFMEO_02519,84.6,130,130,130,1.4e-53,203.4,1,1
WP_005767010.1,DAKCFMEO_02518,62.1,282,282,282,8.0e-75,275.0,1,1
WP_005767011.1,DAKCFMEO_02517,94.5,308,308,308,3.6e-169,588.6,1,1
WP_005767013.1,DAKCFMEO_02516,74.2,968,968,968,0.0e+00,1428.3,1,1
WP_005767015.1,DAKCFMEO_02515,81.3,1191,1191,1190,0.0e+00,2002.3,1,1.00084
WP_005767017.1,DAKCFMEO_02513,81.6,686,686,685,2.8e-275,942.2,1,1.00146
WP_005767021.1,DAKCFMEO_02512,91.5,414,416,413,3.3e-202,698.7,0.995192,1.00242
WP_005767023.1,DAKCFMEO_02511,99.2,369,369,369,5.5e-201,694.5,1,1
WP_005767027.1,DAKCFMEO_02508,97.6,246,246,246,9.6e-133,467.2,1,1
WP_005767033.1,DAKCFMEO_02506,91.9,442,441,442,1.4e-222,766.5,1.00227,1
WP_005767037.1,DAKCFMEO_02503,97.0,135,135,135,2.4e-69,255.8,1,1
WP_005767052.1,DAKCFMEO_05175,80.8,302,301,302,1.6e-137,483.4,1.00332,1
WP_005767059.1,DAKCFMEO_02033,86.2,145,145,145,8.9e-70,257.3,1,1
WP_005767063.1,DAKCFMEO_02031,91.7,252,252,252,4.7e-127,448.4,1,1
WP_005767065.1,DAKCFMEO_02030,66.7,57,63,63,1.1e-13,69.7,0.904762,0.904762
WP_005767067.1,DAKCFMEO_02029,87.5,312,313,313,1.1e-165,577.0,0.996805,0.996805
WP_005767071.1,DAKCFMEO_02026,97.3,292,293,293,1.5e-153,536.6,0.996587,0.996587
WP_005767073.1,DAKCFMEO_02025,96.1,306,306,306,2.9e-163,568.9,1,1
WP_005767078.1,DAKCFMEO_02022,97.8,365,365,365,1.0e-207,716.8,1,1
WP_005767089.1,DAKCFMEO_05188,97.4,265,265,265,1.2e-144,506.9,1,1
WP_005767090.1,DAKCFMEO_05189,94.7,321,321,321,1.6e-172,599.7,1,1
WP_005767098.1,DAKCFMEO_05195,87.0,261,261,261,1.9e-126,446.4,1,1
WP_005767110.1,DAKCFMEO_05204,96.2,445,445,443,2.0e-237,815.8,1,1.00451
WP_005767116.1,DAKCFMEO_05207,97.3,256,256,256,1.7e-140,493.0,1,1
WP_005767120.1,DAKCFMEO_05210,93.9,212,212,212,8.0e-120,424.1,1,1
WP_005767127.1,DAKCFMEO_05218,94.1,355,355,355,2.8e-202,698.7,1,1
WP_005767187.1,DAKCFMEO_05233,73.8,107,104,107,2.4e-40,159.1,1.02885,1
WP_005767282.1,DAKCFMEO_01417,95.0,300,300,301,9.5e-159,553.9,1,0.996678
WP_005767285.1,DAKCFMEO_01420,84.3,541,541,541,2.7e-220,759.2,1,1
WP_005767289.1,DAKCFMEO_01426,97.9,235,237,237,2.4e-125,442.6,0.991561,0.991561
WP_005767295.1,DAKCFMEO_01428,94.4,450,450,450,1.5e-256,879.4,1,1
WP_005767301.1,DAKCFMEO_02144,86.0,107,109,110,2.5e-45,175.6,0.981651,0.972727
WP_005767320.1,DAKCFMEO_01432,89.4,311,311,311,2.0e-143,503.1,1,1
WP_005767347.1,DAKCFMEO_01451,95.5,400,400,400,4.3e-199,688.3,1,1
WP_005767351.1,DAKCFMEO_01454,91.1,913,913,913,0.0e+00,1681.0,1,1
WP_005767352.1,DAKCFMEO_01455,86.0,214,214,214,2.9e-101,362.5,1,1
WP_005767359.1,DAKCFMEO_01459,95.6,527,527,527,3.9e-293,1001.1,1,1
WP_005767364.1,DAKCFMEO_01491,88.4,449,456,449,4.5e-221,761.5,0.984649,1
WP_005767365.1,DAKCFMEO_01492,89.4,445,445,445,4.0e-222,765.0,1,1
WP_005767369.1,DAKCFMEO_01494,60.6,127,127,144,1.2e-41,163.7,1,0.881944
WP_005767375.1,DAKCFMEO_02652,67.4,414,433,430,1.4e-155,543.9,0.95612,0.962791
WP_005767378.1,DAKCFMEO_01501,87.7,130,130,130,2.5e-63,235.7,1,1
WP_005767383.1,DAKCFMEO_01504,82.9,111,111,111,1.0e-49,190.3,1,1
WP_005767387.1,DAKCFMEO_01506,89.2,332,332,332,1.5e-181,629.8,1,1
WP_005767395.1,DAKCFMEO_01511,96.6,207,207,207,6.2e-109,387.9,1,1
WP_005767399.1,DAKCFMEO_01513,90.7,205,229,229,6.0e-113,401.4,0.895197,0.895197
WP_005767401.1,DAKCFMEO_01514,95.7,235,235,235,1.7e-134,473.0,1,1
WP_005767416.1,DAKCFMEO_01524,92.7,206,206,206,5.2e-108,384.8,1,1
WP_005767420.1,DAKCFMEO_01527,82.0,139,143,140,2.3e-62,232.6,0.972028,0.992857
WP_005767446.1,DAKCFMEO_01547,84.2,101,101,101,2.9e-43,168.7,1,1
WP_005767449.1,DAKCFMEO_01548,64.7,102,102,102,6.7e-32,131.0,1,1
WP_005767480.1,DAKCFMEO_04471,94.2,414,414,414,7.3e-226,777.3,1,1
WP_005767488.1,DAKCFMEO_04475,92.1,229,229,229,4.0e-117,415.2,1,1
WP_005767500.1,DAKCFMEO_02436,72.2,97,97,98,1.9e-39,156.0,1,0.989796
WP_005767504.1,DAKCFMEO_04392,75.6,197,202,200,2.9e-79,289.3,0.975248,0.985
WP_005767507.1,DAKCFMEO_00258,94.9,389,389,389,4.1e-223,768.1,1,1
WP_005767508.1,DAKCFMEO_00259,57.0,286,291,288,8.5e-88,318.2,0.982818,0.993056
WP_005767529.1,DAKCFMEO_04443,92.7,234,234,234,1.1e-125,443.7,1,1
WP_005767531.1,DAKCFMEO_04444,85.2,310,310,310,2.4e-149,522.7,1,1
WP_005767535.1,DAKCFMEO_00053,48.0,125,100,124,3.0e-24,105.5,1.25,1.00806
WP_005767540.1,DAKCFMEO_00049,87.0,169,171,170,1.9e-79,289.7,0.988304,0.994118
WP_005767545.1,DAKCFMEO_00045,88.7,133,134,137,1.1e-66,246.9,0.992537,0.970803
WP_005767549.1,DAKCFMEO_00042,93.2,322,323,329,1.9e-157,549.7,0.996904,0.978723
WP_005767564.1,DAKCFMEO_00034,80.5,389,391,391,4.4e-180,625.2,0.994885,0.994885
WP_005767567.1,DAKCFMEO_00033,81.6,396,403,403,1.8e-184,639.8,0.98263,0.98263
WP_005767572.1,DAKCFMEO_00030,69.3,101,102,102,2.9e-35,142.1,0.990196,0.990196
WP_005767577.1,DAKCFMEO_00028,88.8,437,438,438,1.7e-217,749.6,0.997717,0.997717
WP_005767592.1,DAKCFMEO_00020,63.8,199,199,196,1.4e-62,233.8,1,1.01531
WP_005767596.1,DAKCFMEO_04197,92.2,270,270,270,2.2e-146,512.7,1,1
WP_005767600.1,DAKCFMEO_04199,92.3,284,284,284,7.6e-150,524.2,1,1
WP_005767605.1,DAKCFMEO_04203,79.0,124,125,125,1.7e-53,203.0,0.992,0.992
WP_005767607.1,DAKCFMEO_04204,91.4,268,271,270,6.6e-143,501.1,0.98893,0.992593
WP_005767612.1,DAKCFMEO_04207,97.2,397,398,398,4.4e-228,784.6,0.997487,0.997487
WP_005767614.1,DAKCFMEO_04208,92.8,581,582,582,0.0e+00,1089.3,0.998282,0.998282
WP_005767637.1,DAKCFMEO_04221,93.8,195,195,195,1.3e-105,376.7,1,1
WP_005767663.1,DAKCFMEO_03029,93.7,252,252,252,6.3e-140,491.1,1,1
WP_005767670.1,DAKCFMEO_03036,96.6,477,477,477,1.6e-221,763.1,1,1
WP_005767686.1,DAKCFMEO_02371,92.4,301,301,301,1.6e-161,563.1,1,1
WP_005767688.1,DAKCFMEO_02374,89.8,285,285,284,3.4e-134,472.2,1,1.00352
WP_005767689.1,DAKCFMEO_02375,83.8,277,270,277,2.0e-123,436.4,1.02593,1
WP_005767690.1,DAKCFMEO_02376,87.0,100,100,100,7.8e-49,187.2,1,1
WP_005767692.1,DAKCFMEO_02379,85.4,103,103,103,2.7e-49,188.7,1,1
WP_005767695.1,DAKCFMEO_02381,88.7,186,186,186,1.6e-92,333.2,1,1
WP_005767699.1,DAKCFMEO_02383,60.9,156,154,156,9.9e-11,61.2,1.01299,1
WP_005767701.1,DAKCFMEO_02385,59.1,137,137,135,8.7e-35,141.0,1,1.01481
WP_005767703.1,DAKCFMEO_02386,86.9,99,99,99,2.0e-44,172.6,1,1
WP_005767709.1,DAKCFMEO_02388,93.7,287,287,287,2.0e-161,562.8,1,1
WP_005767714.1,DAKCFMEO_02391,91.5,260,257,261,3.1e-134,472.2,1.01167,0.996169
WP_005767716.1,DAKCFMEO_02392,92.1,63,63,63,3.6e-28,117.9,1,1
WP_005767718.1,DAKCFMEO_02393,87.5,409,408,407,9.4e-202,697.2,1.00245,1.00491
WP_005767720.1,DAKCFMEO_02394,94.5,469,469,469,5.7e-251,860.9,1,1
WP_005767723.1,DAKCFMEO_02395,97.1,137,137,137,2.7e-68,252.3,1,1
WP_005767725.1,DAKCFMEO_04499,92.9,366,399,411,1.2e-188,653.7,0.917293,0.890511
WP_005767727.1,DAKCFMEO_04500,89.5,57,59,59,5.6e-23,100.5,0.966102,0.966102
WP_005767729.1,DAKCFMEO_04503,92.5,265,265,265,1.6e-149,523.1,1,1
WP_005767731.1,DAKCFMEO_04504,91.5,516,521,519,6.5e-280,957.2,0.990403,0.99422
WP_005767735.1,DAKCFMEO_04507,95.7,258,258,258,5.3e-142,498.0,1,1
WP_005767739.1,DAKCFMEO_04510,91.1,370,370,370,3.5e-203,701.8,1,1
WP_005767754.1,DAKCFMEO_04518,97.9,95,95,105,3.5e-51,194.9,1,0.904762
WP_005767756.1,DAKCFMEO_04519,89.3,335,335,337,5.8e-173,601.3,1,0.994065
WP_005767763.1,DAKCFMEO_02405,96.9,480,480,480,8.1e-237,813.9,1,1
WP_005767792.1,DAKCFMEO_03933,51.1,333,333,333,1.7e-92,334.0,1,1
WP_005767796.1,DAKCFMEO_03538,80.2,359,360,363,1.1e-169,590.5,0.997222,0.988981
WP_005767798.1,DAKCFMEO_02412,67.8,199,199,199,1.6e-77,283.5,1,1
WP_005767805.1,DAKCFMEO_00070,76.5,102,107,102,6.4e-41,161.0,0.953271,1
WP_005767814.1,DAKCFMEO_02445,92.2,243,243,243,1.8e-123,436.4,1,1
WP_005767816.1,DAKCFMEO_02447,89.5,411,411,407,3.6e-217,748.4,1,1.00983
WP_005767820.1,DAKCFMEO_02452,95.3,296,296,296,3.1e-154,538.9,1,1
WP_005767827.1,DAKCFMEO_02454,94.5,385,385,385,1.8e-218,752.7,1,1
WP_005767830.1,DAKCFMEO_01878,55.2,290,308,306,2.5e-90,326.6,0.941558,0.947712
WP_005767834.1,DAKCFMEO_02456,97.7,301,303,301,4.9e-171,594.7,0.993399,1
WP_005767836.1,DAKCFMEO_02457,94.3,442,442,442,1.5e-229,789.6,1,1
WP_005767839.1,DAKCFMEO_02459,91.6,415,415,415,2.8e-225,775.4,1,1
WP_005767841.1,DAKCFMEO_02460,94.8,496,496,496,9.5e-273,933.3,1,1
WP_005767847.1,DAKCFMEO_02464,87.4,87,87,88,4.6e-21,94.7,1,0.988636
WP_005767853.1,DAKCFMEO_02467,80.6,206,206,206,2.7e-88,319.3,1,1
WP_005767873.1,DAKCFMEO_02798,91.4,475,474,475,8.0e-245,840.5,1.00211,1
WP_005767875.1,DAKCFMEO_02801,97.1,344,344,344,1.1e-195,676.8,1,1
WP_005767882.1,DAKCFMEO_02805,97.3,112,112,112,3.6e-63,235.0,1,1
WP_005767884.1,DAKCFMEO_02806,94.0,215,215,215,3.5e-115,408.7,1,1
WP_005767887.1,DAKCFMEO_02808,98.6,140,140,140,7.2e-77,280.8,1,1
WP_005767891.1,DAKCFMEO_02811,86.7,278,278,278,5.4e-132,464.9,1,1
WP_005767895.1,DAKCFMEO_02813,94.5,199,199,199,8.6e-108,384.0,1,1
WP_005768018.1,DAKCFMEO_02827,86.1,115,115,115,5.2e-57,214.5,1,1
WP_005768022.1,DAKCFMEO_02829,87.3,55,62,61,1.1e-24,106.3,0.887097,0.901639
WP_005768024.1,DAKCFMEO_02830,82.7,196,196,196,2.8e-95,342.4,1,1
WP_005768026.1,DAKCFMEO_02831,79.2,77,112,112,4.3e-32,131.7,0.6875,0.6875
WP_005768035.1,DAKCFMEO_02834,92.1,203,203,203,1.6e-109,389.8,1,1
WP_005768037.1,DAKCFMEO_02835,72.8,81,82,85,4.3e-29,121.3,0.987805,0.952941
WP_005768044.1,DAKCFMEO_02843,97.0,271,273,274,9.0e-140,490.7,0.992674,0.989051
WP_005768050.1,DAKCFMEO_02846,98.1,374,374,374,1.9e-212,732.6,1,1
WP_005768051.1,DAKCFMEO_02847,97.1,209,209,209,6.9e-108,384.4,1,1
WP_005768067.1,DAKCFMEO_02856,94.0,268,268,268,4.4e-147,515.0,1,1
WP_005768068.1,DAKCFMEO_02857,93.7,126,126,126,3.0e-66,245.4,1,1
WP_005768135.1,DAKCFMEO_04067,89.8,568,578,584,6.0e-287,980.7,0.982699,0.972603
WP_005768137.1,DAKCFMEO_02222,75.4,114,114,137,1.2e-50,193.4,1,0.832117
WP_005768138.1,DAKCFMEO_02224,89.5,143,143,143,7.4e-69,254.2,1,1
WP_005768139.1,DAKCFMEO_02225,97.3,333,333,333,2.2e-188,652.5,1,1
WP_005768141.1,DAKCFMEO_02228,95.4,108,108,108,9.9e-50,190.3,1,1
WP_005768142.1,DAKCFMEO_02229,91.8,318,318,318,4.8e-169,588.2,1,1
WP_005768143.1,DAKCFMEO_02230,96.1,409,409,409,4.5e-236,811.2,1,1
WP_005768144.1,DAKCFMEO_02232,74.9,171,171,158,2.4e-50,193.0,1,1.08228
WP_005768145.1,DAKCFMEO_02233,79.0,272,274,274,1.4e-129,456.8,0.992701,0.992701
WP_005768148.1,DAKCFMEO_02235,87.7,316,316,316,9.3e-165,573.9,1,1
WP_005768150.1,DAKCFMEO_02236,93.0,501,501,501,7.3e-289,986.9,1,1
WP_005768154.1,DAKCFMEO_02238,71.4,105,105,105,1.1e-37,150.2,1,1
WP_005768167.1,DAKCFMEO_01308,97.7,303,304,304,3.9e-184,638.3,0.996711,0.996711
WP_005768180.1,DAKCFMEO_01303,95.8,168,168,168,1.8e-90,326.2,1,1
WP_005768186.1,DAKCFMEO_01302,95.5,314,314,314,6.4e-174,604.4,1,1
WP_005768190.1,DAKCFMEO_01300,93.0,457,457,457,1.3e-239,823.2,1,1
WP_005768197.1,DAKCFMEO_01298,97.6,295,295,295,2.2e-168,585.9,1,1
WP_005768204.1,DAKCFMEO_01293,94.9,256,256,256,3.9e-145,508.4,1,1
WP_005768224.1,DAKCFMEO_01267,97.3,805,805,805,0.0e+00,1567.0,1,1
WP_005768226.1,DAKCFMEO_01265,96.2,367,367,367,4.8e-197,681.4,1,1
WP_005768230.1,DAKCFMEO_01262,94.0,133,133,156,6.2e-70,257.7,1,0.852564
WP_005768286.1,DAKCFMEO_01213,96.3,539,539,539,0.0e+00,1094.0,1,1
WP_005768300.1,DAKCFMEO_01205,96.5,311,345,342,2.7e-133,469.5,0.901449,0.909357
WP_005768304.1,DAKCFMEO_01203,91.4,641,641,641,3.1e-292,998.4,1,1
WP_005768306.1,DAKCFMEO_01201,93.1,479,479,479,5.0e-263,901.0,1,1
WP_005768307.1,DAKCFMEO_01198,78.8,132,132,129,1.8e-53,203.0,1,1.02326
WP_005768309.1,DAKCFMEO_01196,81.0,216,216,216,1.3e-101,363.6,1,1
WP_005768313.1,DAKCFMEO_01551,95.5,288,288,288,1.7e-160,559.7,1,1
WP_005768314.1,DAKCFMEO_01553,93.2,588,587,588,1.1e-280,959.9,1.0017,1
WP_005768316.1,DAKCFMEO_01554,96.3,135,135,135,8.0e-73,267.3,1,1
WP_005768318.1,DAKCFMEO_01555,82.1,280,280,280,2.0e-126,446.4,1,1
WP_005768321.1,DAKCFMEO_01558,98.3,288,288,288,5.2e-154,538.1,1,1
WP_005768325.1,DAKCFMEO_01559,75.4,61,61,73,1.8e-19,89.0,1,0.835616
WP_005768326.1,DAKCFMEO_01560,91.1,314,316,316,8.7e-163,567.4,0.993671,0.993671
WP_005768334.1,DAKCFMEO_01567,92.6,403,403,403,3.8e-211,728.4,1,1
WP_005768336.1,DAKCFMEO_01568,92.1,291,290,291,2.4e-151,529.3,1.00345,1
WP_005768341.1,DAKCFMEO_01572,96.0,301,303,301,4.4e-164,571.6,0.993399,1
WP_005768354.1,DAKCFMEO_01581,94.6,332,332,332,2.0e-178,619.4,1,1
WP_005768357.1,DAKCFMEO_01582,90.0,761,761,761,0.0e+00,1360.1,1,1
WP_005768363.1,DAKCFMEO_01587,90.0,299,297,298,7.4e-148,517.7,1.00673,1.00336
WP_005768387.1,DAKCFMEO_01603,47.6,103,105,101,1.4e-11,63.5,0.980952,1.0198
WP_005768392.1,DAKCFMEO_01607,97.9,484,484,484,5.8e-259,887.5,1,1
WP_005768393.1,DAKCFMEO_01608,95.3,106,107,107,8.3e-49,187.2,0.990654,0.990654
WP_005768419.1,DAKCFMEO_01960,98.7,448,449,449,1.9e-264,905.6,0.997773,0.997773
WP_005768422.1,DAKCFMEO_01958,92.5,322,322,322,7.7e-183,634.0,1,1
WP_005768425.1,DAKCFMEO_01957,98.4,487,488,488,1.2e-291,996.1,0.997951,0.997951
WP_005768426.1,DAKCFMEO_01953,96.2,261,261,261,2.3e-140,492.7,1,1
WP_005768429.1,DAKCFMEO_01950,97.5,244,244,244,6.1e-132,464.5,1,1
WP_005768431.1,DAKCFMEO_01948,98.2,736,736,736,0.0e+00,1394.4,1,1
WP_005768434.1,DAKCFMEO_01946,92.7,220,220,219,6.8e-114,404.4,1,1.00457
WP_005768435.1,DAKCFMEO_01945,87.8,222,222,222,1.9e-108,386.3,1,1
WP_005768437.1,DAKCFMEO_02213,91.8,352,352,352,2.2e-191,662.5,1,1
WP_005768450.1,DAKCFMEO_02199,89.5,257,257,257,3.8e-124,438.7,1,1
WP_005768460.1,DAKCFMEO_02193,92.8,265,264,265,8.1e-138,484.2,1.00379,1
WP_005768464.1,DAKCFMEO_05126,97.3,664,664,664,0.0e+00,1288.5,1,1
WP_005768479.1,DAKCFMEO_02083,92.6,148,148,148,1.7e-76,279.6,1,1
WP_005768488.1,DAKCFMEO_01996,87.6,259,260,260,2.4e-134,472.6,0.996154,0.996154
WP_005768489.1,DAKCFMEO_01995,96.8,158,158,158,9.6e-86,310.5,1,1
WP_005768491.1,DAKCFMEO_01923,90.1,91,91,91,4.2e-41,161.4,1,1
WP_005768492.1,DAKCFMEO_01922,91.5,82,82,82,3.3e-37,148.3,1,1
WP_005768497.1,DAKCFMEO_01919,91.8,110,110,110,1.0e-54,206.8,1,1
WP_005768510.1,DAKCFMEO_01913,90.4,230,230,230,1.1e-122,433.7,1,1
WP_005768511.1,DAKCFMEO_01912,74.3,109,109,109,1.8e-35,142.9,1,1
WP_005768513.1,DAKCFMEO_01911,91.4,140,141,150,3.6e-76,278.5,0.992908,0.933333
WP_005768515.1,DAKCFMEO_01908,98.6,70,93,88,4.3e-33,134.8,0.752688,0.795455
WP_005768530.1,DAKCFMEO_01906,65.9,205,207,207,9.7e-78,284.3,0.990338,0.990338
WP_005768541.1,DAKCFMEO_02260,34.9,312,372,300,9.0e-42,165.6,0.83871,1.04
WP_005768580.1,DAKCFMEO_00377,93.0,516,516,516,6.2e-267,914.1,1,1
WP_005768585.1,DAKCFMEO_00372,79.3,164,164,164,5.5e-60,224.9,1,1
WP_005768589.1,DAKCFMEO_00369,85.5,235,247,269,1.1e-117,417.2,0.951417,0.873606
WP_005768596.1,DAKCFMEO_00364,78.7,75,75,75,6.7e-29,120.6,1,1
WP_005768608.1,DAKCFMEO_00347,87.0,200,200,200,2.4e-94,339.3,1,1
WP_005768620.1,DAKCFMEO_00339,93.0,199,199,199,2.5e-107,382.5,1,1
WP_005768622.1,DAKCFMEO_00338,89.9,268,268,263,3.8e-135,475.3,1,1.01901
WP_005768625.1,DAKCFMEO_00337,96.4,251,251,251,2.1e-143,502.7,1,1
WP_005768657.1,DAKCFMEO_00313,64.2,81,119,81,2.8e-29,122.5,0.680672,1
WP_005768668.1,DAKCFMEO_00309,70.0,530,530,529,1.1e-215,743.8,1,1.00189
WP_005768670.1,DAKCFMEO_00308,82.5,326,326,326,1.5e-154,540.0,1,1
WP_005768677.1,DAKCFMEO_00303,82.7,52,69,57,1.4e-20,92.8,0.753623,0.912281
WP_005768681.1,DAKCFMEO_00296,98.6,285,285,285,1.3e-165,576.6,1,1
WP_005768685.1,DAKCFMEO_00294,95.2,399,399,400,1.7e-216,746.1,1,0.9975
WP_005768689.1,DAKCFMEO_00292,90.5,486,486,486,1.0e-242,833.6,1,1
WP_005768691.1,DAKCFMEO_00291,84.9,1051,1044,1051,0.0e+00,1723.0,1.0067,1
WP_005768695.1,DAKCFMEO_00289,89.0,219,223,217,4.2e-111,395.2,0.982063,1.00922
WP_005768700.1,DAKCFMEO_00286,66.1,56,56,56,4.4e-17,80.9,1,1
WP_005768708.1,DAKCFMEO_00281,52.2,542,546,546,8.6e-158,551.6,0.992674,0.992674
WP_005768735.1,DAKCFMEO_02777,83.1,267,267,267,8.8e-132,464.2,1,1
WP_005768738.1,DAKCFMEO_02780,82.7,150,150,150,1.6e-69,256.5,1,1
WP_005768741.1,DAKCFMEO_02784,90.0,190,190,189,1.4e-94,340.1,1,1.00529
WP_005768743.1,DAKCFMEO_02785,86.0,236,236,236,8.9e-112,397.5,1,1
WP_005768747.1,DAKCFMEO_02786,92.5,186,187,186,6.0e-95,341.3,0.994652,1
WP_005768750.1,DAKCFMEO_02788,93.9,98,98,98,1.5e-49,189.5,1,1
WP_005768752.1,DAKCFMEO_02789,92.9,112,113,113,6.1e-58,217.6,0.99115,0.99115
WP_005768762.1,DAKCFMEO_03373,85.5,406,403,414,1.4e-205,709.9,1.00744,0.980676
WP_005768794.1,DAKCFMEO_03396,90.4,560,560,560,1.9e-309,1055.4,1,1
WP_005768796.1,DAKCFMEO_03397,93.8,210,210,209,8.5e-106,377.5,1,1.00478
WP_005768797.1,DAKCFMEO_03399,94.0,332,332,332,8.8e-182,630.6,1,1
WP_005768799.1,DAKCFMEO_03400,96.9,194,194,194,4.9e-100,358.2,1,1
WP_005768804.1,DAKCFMEO_03405,93.0,387,387,387,1.6e-214,739.6,1,1
WP_005768806.1,DAKCFMEO_03408,94.3,194,193,194,7.1e-99,354.4,1.00518,1
WP_005768808.1,DAKCFMEO_03410,94.4,502,502,502,8.7e-274,936.8,1,1
WP_005768811.1,DAKCFMEO_03411,93.0,298,298,298,2.2e-160,559.3,1,1
WP_005768815.1,DAKCFMEO_03413,94.2,277,277,275,3.8e-138,485.3,1,1.00727
WP_005768817.1,DAKCFMEO_03414,95.8,95,95,95,4.3e-49,188.0,1,1
WP_005768818.1,DAKCFMEO_03415,82.9,164,164,164,8.8e-74,270.8,1,1
WP_005768820.1,DAKCFMEO_03416,98.4,185,185,185,8.9e-107,380.6,1,1
WP_005768822.1,DAKCFMEO_03418,94.3,424,425,425,2.7e-223,768.8,0.997647,0.997647
WP_005768824.1,DAKCFMEO_03419,93.8,340,340,340,2.3e-193,669.1,1,1
WP_005768828.1,DAKCFMEO_03421,91.5,328,328,328,2.5e-181,629.0,1,1
WP_005768830.1,DAKCFMEO_03422,90.1,71,71,71,1.9e-33,135.6,1,1
WP_005768832.1,DAKCFMEO_03423,92.4,317,318,320,6.7e-179,620.9,0.996855,0.990625
WP_005768834.1,DAKCFMEO_03424,88.1,302,302,300,1.3e-155,543.5,1,1.00667
WP_005768836.1,DAKCFMEO_03425,85.7,476,482,482,6.2e-253,867.5,0.987552,0.987552
WP_005768839.1,DAKCFMEO_03427,86.5,266,262,266,3.5e-125,442.2,1.01527,1
WP_005768840.1,DAKCFMEO_03428,91.1,415,415,415,2.5e-234,805.4,1,1
WP_005768843.1,DAKCFMEO_03429,90.6,266,266,266,5.3e-145,508.1,1,1
WP_005768852.1,DAKCFMEO_03433,94.8,135,135,172,6.3e-78,284.3,1,0.784884
WP_005768855.1,DAKCFMEO_03434,85.6,263,275,271,6.1e-128,451.4,0.956364,0.97048
WP_005768866.1,DAKCFMEO_03440,95.6,205,205,205,9.5e-118,417.2,1,1
WP_005768868.1,DAKCFMEO_03441,94.6,278,282,282,2.8e-152,532.3,0.985816,0.985816
WP_005768871.1,DAKCFMEO_03444,86.8,204,203,204,4.8e-98,351.7,1.00493,1
WP_005768873.1,DAKCFMEO_03446,97.5,366,366,366,2.3e-207,715.7,1,1
WP_005768914.1,DAKCFMEO_03488,76.2,248,249,249,5.7e-109,388.3,0.995984,0.995984
WP_005768916.1,DAKCFMEO_03489,79.6,142,142,142,1.9e-61,229.6,1,1
WP_005768918.1,DAKCFMEO_03494,95.1,122,122,122,8.6e-50,190.7,1,1
WP_005768921.1,DAKCFMEO_03499,82.6,121,121,121,1.1e-44,173.7,1,1
WP_005768927.1,DAKCFMEO_03504,98.7,701,701,701,0.0e+00,1376.7,1,1
WP_005768935.1,DAKCFMEO_03519,98.3,179,179,179,8.0e-97,347.4,1,1
WP_005768939.1,DAKCFMEO_03522,98.9,177,177,177,4.1e-93,335.1,1,1
WP_005768946.1,DAKCFMEO_03535,98.2,944,944,944,0.0e+00,1867.0,1,1
WP_005768949.1,DAKCFMEO_03536,94.0,464,464,464,1.2e-240,826.6,1,1
WP_005768957.1,DAKCFMEO_03540,78.7,253,253,253,3.6e-111,395.6,1,1
WP_005768959.1,DAKCFMEO_03541,78.6,370,368,372,5.2e-167,581.6,1.00543,0.994624
WP_005768960.1,DAKCFMEO_03542,91.6,297,297,297,2.6e-148,519.2,1,1
WP_005768962.1,DAKCFMEO_03543,84.1,296,297,297,7.5e-140,491.1,0.996633,0.996633
WP_005768966.1,DAKCFMEO_03545,86.7,376,376,404,7.9e-195,674.1,1,0.930693
WP_005768982.1,DAKCFMEO_03885,70.1,134,134,146,2.6e-47,182.6,1,0.917808
WP_005768984.1,DAKCFMEO_03884,64.3,230,230,228,3.7e-70,259.2,1,1.00877
WP_005768991.1,DAKCFMEO_03550,84.5,271,272,272,2.2e-138,486.1,0.996324,0.996324
WP_005768994.1,DAKCFMEO_03552,89.7,767,767,762,0.0e+00,1213.4,1,1.00656
WP_005768999.1,DAKCFMEO_03556,89.9,228,228,228,4.7e-118,418.3,1,1
WP_005769001.1,DAKCFMEO_03557,90.2,173,174,173,2.5e-87,315.8,0.994253,1
WP_005769004.1,DAKCFMEO_03558,95.0,421,421,421,8.7e-227,780.4,1,1
WP_005769006.1,DAKCFMEO_03559,94.5,236,236,236,1.5e-122,433.3,1,1
WP_005769010.1,DAKCFMEO_03562,79.5,117,118,117,1.1e-49,190.3,0.991525,1
WP_005769026.1,DAKCFMEO_03574,84.6,136,138,139,1.6e-60,226.5,0.985507,0.978417
WP_005769036.1,DAKCFMEO_03579,90.7,280,280,280,1.2e-152,533.5,1,1
WP_005769073.1,DAKCFMEO_04278,85.8,346,346,346,1.6e-170,593.2,1,1
WP_005769084.1,DAKCFMEO_04283,88.1,402,402,402,1.3e-187,650.2,1,1
WP_005769085.1,DAKCFMEO_04284,92.2,425,426,426,4.5e-215,741.5,0.997653,0.997653
WP_005769102.1,DAKCFMEO_04293,87.6,217,217,217,3.3e-105,375.6,1,1
WP_005769107.1,DAKCFMEO_04296,88.3,341,341,341,9.7e-176,610.5,1,1
WP_005769126.1,DAKCFMEO_04304,98.3,580,580,580,0.0e+00,1119.0,1,1
WP_005769128.1,DAKCFMEO_04305,97.7,435,435,437,2.1e-244,839.0,1,0.995423
WP_005769130.1,DAKCFMEO_04306,91.8,330,330,330,4.5e-186,644.8,1,1
WP_005769135.1,DAKCFMEO_04309,81.8,390,390,390,2.8e-195,675.6,1,1
WP_005769138.1,DAKCFMEO_04310,86.7,60,60,60,3.7e-22,97.8,1,1
WP_005769148.1,DAKCFMEO_04315,84.6,572,572,572,2.7e-255,875.5,1,1
WP_005769151.1,DAKCFMEO_04316,86.6,352,352,352,8.5e-175,607.4,1,1
WP_005769163.1,DAKCFMEO_04597,39.8,123,134,136,1.6e-25,110.2,0.91791,0.904412
WP_005769165.1,DAKCFMEO_04597,43.0,114,136,136,6.9e-24,104.8,0.838235,0.838235
WP_005769188.1,DAKCFMEO_04334,91.3,242,248,253,3.1e-131,462.2,0.975806,0.956522
WP_005769192.1,DAKCFMEO_04337,96.5,460,460,460,1.0e-265,909.8,1,1
WP_005769193.1,DAKCFMEO_04338,86.0,616,617,619,9.3e-310,1056.6,0.998379,0.995153
WP_005769204.1,DAKCFMEO_04345,96.8,283,284,284,3.2e-156,545.4,0.996479,0.996479
WP_005769228.1,DAKCFMEO_00601,89.8,313,314,323,4.8e-161,561.6,0.996815,0.96904
WP_005769235.1,DAKCFMEO_00597,86.7,444,448,455,4.9e-220,758.1,0.991071,0.975824
WP_005769238.1,DAKCFMEO_00596,83.5,255,254,255,2.6e-117,416.0,1.00394,1
WP_005769243.1,DAKCFMEO_00594,83.9,254,255,255,2.2e-108,386.3,0.996078,0.996078
WP_005769256.1,DAKCFMEO_00540,96.1,407,407,407,2.6e-220,758.8,1,1
WP_005769257.1,DAKCFMEO_00538,91.0,156,156,156,9.5e-78,283.9,1,1
WP_005769258.1,DAKCFMEO_00536,96.5,512,512,512,2.3e-274,938.7,1,1
WP_005769259.1,DAKCFMEO_00535,96.1,308,308,316,1.6e-169,589.7,1,0.974684
WP_005769261.1,DAKCFMEO_00533,88.3,162,173,171,1.1e-82,300.4,0.936416,0.947368
WP_005769262.1,DAKCFMEO_00531,97.1,315,315,315,4.7e-177,614.8,1,1
WP_005769263.1,DAKCFMEO_00530,75.2,165,166,166,2.0e-65,243.0,0.993976,0.993976
WP_005769271.1,DAKCFMEO_03984,76.8,142,147,147,8.7e-57,214.2,0.965986,0.965986
WP_005769277.1,DAKCFMEO_00521,83.2,531,531,530,4.0e-245,841.6,1,1.00189
WP_005769279.1,DAKCFMEO_00520,96.5,340,340,340,1.1e-187,650.2,1,1
WP_005769281.1,DAKCFMEO_03119,65.6,459,485,473,2.3e-162,566.6,0.946392,0.970402
WP_005769285.1,DAKCFMEO_05299,35.1,222,217,229,2.2e-24,107.1,1.02304,0.969432
WP_005769341.1,DAKCFMEO_01784,95.6,315,315,315,1.1e-165,577.0,1,1
WP_005769363.1,DAKCFMEO_01807,92.2,461,461,460,1.1e-243,836.6,1,1.00217
WP_005769371.1,DAKCFMEO_04761,90.3,238,237,238,2.5e-114,406.0,1.00422,1
WP_005769381.1,DAKCFMEO_04766,93.0,459,459,459,6.1e-250,857.4,1,1
WP_005769383.1,DAKCFMEO_04767,93.8,531,531,531,3.2e-295,1008.1,1,1
WP_005769384.1,DAKCFMEO_04768,98.5,336,336,336,1.1e-184,640.2,1,1
WP_005769400.1,DAKCFMEO_04776,96.9,387,387,387,1.1e-220,760.0,1,1
WP_005769407.1,DAKCFMEO_04997,92.3,156,156,162,1.2e-77,283.5,1,0.962963
WP_005769417.1,DAKCFMEO_05005,92.6,190,190,190,1.2e-101,363.6,1,1
WP_005769424.1,DAKCFMEO_05010,90.3,134,134,134,2.7e-73,268.9,1,1
WP_005769426.1,DAKCFMEO_05011,85.0,213,212,227,5.4e-100,358.2,1.00472,0.938326
WP_005769432.1,DAKCFMEO_05014,93.0,272,272,272,2.7e-136,479.2,1,1
WP_005769461.1,DAKCFMEO_02216,93.5,93,95,95,3.0e-50,191.8,0.978947,0.978947
WP_005769469.1,DAKCFMEO_01938,91.9,197,197,197,4.2e-99,355.1,1,1
WP_005769473.1,DAKCFMEO_01936,64.2,159,162,156,2.6e-54,206.1,0.981481,1.01923
WP_005769477.1,DAKCFMEO_01934,92.4,224,224,224,1.5e-116,413.3,1,1
WP_005769478.1,DAKCFMEO_01932,58.9,175,175,171,4.1e-53,202.2,1,1.02339
WP_005769504.1,DAKCFMEO_01879,94.1,658,658,658,0.0e+00,1136.3,1,1
WP_005769505.1,DAKCFMEO_01878,92.8,305,306,306,9.0e-165,573.9,0.996732,0.996732
WP_005769514.1,DAKCFMEO_01873,89.7,437,439,439,5.0e-225,774.6,0.995444,0.995444
WP_005769516.1,DAKCFMEO_01872,83.3,293,294,294,8.2e-147,514.2,0.996599,0.996599
WP_005769524.1,DAKCFMEO_01867,50.0,140,107,140,4.1e-32,131.7,1.30841,1
WP_005769528.1,DAKCFMEO_01865,84.6,356,357,357,2.5e-174,605.9,0.997199,0.997199
WP_005769531.1,DAKCFMEO_01864,92.3,117,117,117,8.2e-58,217.2,1,1
WP_005769533.1,DAKCFMEO_01863,92.8,433,433,433,2.8e-236,812.0,1,1
WP_005769534.1,DAKCFMEO_01861,89.7,117,117,135,6.5e-63,234.2,1,0.866667
WP_005769536.1,DAKCFMEO_01860,89.9,437,437,437,3.4e-234,805.1,1,1
WP_005769538.1,DAKCFMEO_01859,70.7,82,83,83,6.7e-30,124.0,0.987952,0.987952
WP_005769539.1,DAKCFMEO_01858,91.1,473,473,473,9.7e-259,886.7,1,1
WP_005769547.1,DAKCFMEO_01856,84.2,379,382,381,8.3e-176,610.9,0.992147,0.994751
WP_005769553.1,DAKCFMEO_01854,93.2,117,121,123,5.1e-63,234.6,0.966942,0.95122
WP_005769555.1,DAKCFMEO_01849,90.2,224,224,224,1.2e-110,393.7,1,1
WP_005769563.1,DAKCFMEO_01844,71.0,207,210,214,3.3e-73,269.2,0.985714,0.96729
WP_005769565.1,DAKCFMEO_01841,63.1,122,122,122,4.7e-40,158.3,1,1
WP_005769567.1,DAKCFMEO_01840,99.2,240,240,240,3.0e-131,462.2,1,1
WP_005769571.1,DAKCFMEO_01836,98.7,701,701,701,0.0e+00,1367.8,1,1
WP_005769579.1,DAKCFMEO_01829,98.0,307,307,307,2.2e-171,595.9,1,1
WP_005769583.1,DAKCFMEO_01827,93.8,465,465,465,4.8e-250,857.8,1,1
WP_005769588.1,DAKCFMEO_01824,97.7,435,435,435,1.3e-230,793.1,1,1
WP_005769602.1,DAKCFMEO_00662,80.1,151,151,151,9.2e-62,230.7,1,1
WP_005769608.1,DAKCFMEO_00660,95.9,341,341,341,3.2e-179,622.1,1,1
WP_005769610.1,DAKCFMEO_00659,81.3,641,641,641,2.7e-280,958.7,1,1
WP_005769613.1,DAKCFMEO_00657,93.1,404,407,405,6.7e-216,744.2,0.992629,0.997531
WP_005769615.1,DAKCFMEO_00655,83.4,241,242,244,3.6e-116,412.1,0.995868,0.987705
WP_005769616.1,DAKCFMEO_00654,96.7,635,635,635,0.0e+00,1203.0,1,1
WP_005769618.1,DAKCFMEO_00652,90.4,437,437,437,6.5e-217,747.7,1,1
WP_005769620.1,DAKCFMEO_05241,54.9,182,191,189,1.3e-57,217.2,0.95288,0.962963
WP_005769624.1,DAKCFMEO_00648,91.6,406,406,405,6.8e-176,611.3,1,1.00247
WP_005769626.1,DAKCFMEO_00647,99.4,943,943,943,0.0e+00,1907.9,1,1
WP_005769628.1,DAKCFMEO_00645,97.5,590,590,590,0.0e+00,1156.0,1,1
WP_005769631.1,DAKCFMEO_00642,98.8,429,429,429,4.0e-251,861.3,1,1
WP_005769634.1,DAKCFMEO_00641,87.1,201,201,201,1.5e-104,373.2,1,1
WP_005769636.1,DAKCFMEO_00640,89.4,85,85,85,1.6e-42,166.0,1,1
WP_005769641.1,DAKCFMEO_00637,91.9,271,271,271,2.7e-136,479.2,1,1
WP_005769643.1,DAKCFMEO_00636,76.9,117,117,116,4.1e-41,161.8,1,1.00862
WP_005769647.1,DAKCFMEO_00634,96.4,309,309,309,6.3e-158,551.2,1,1
WP_005769649.1,DAKCFMEO_00633,98.8,249,249,249,2.0e-125,443.0,1,1
WP_005769651.1,DAKCFMEO_00632,96.4,551,551,551,0.0e+00,1115.9,1,1
WP_005769653.1,DAKCFMEO_00631,89.7,292,297,312,1.3e-144,506.9,0.983165,0.935897
WP_005769658.1,DAKCFMEO_00628,95.6,436,436,436,8.7e-238,817.0,1,1
WP_005769662.1,DAKCFMEO_00623,94.4,360,360,360,2.9e-194,672.2,1,1
WP_005769669.1,DAKCFMEO_00617,89.7,145,147,147,1.5e-72,266.5,0.986395,0.986395
WP_005769670.1,DAKCFMEO_00616,89.9,317,317,326,3.1e-168,585.5,1,0.972393
WP_005769671.1,DAKCFMEO_00615,90.6,149,153,153,2.0e-80,292.7,0.973856,0.973856
WP_005769676.1,DAKCFMEO_02715,96.3,671,671,671,0.0e+00,1263.4,1,1
WP_005769683.1,DAKCFMEO_02711,87.9,390,390,390,2.0e-177,616.3,1,1
WP_005769685.1,DAKCFMEO_02710,88.4,657,656,655,0.0e+00,1096.3,1.00152,1.00305
WP_005769699.1,DAKCFMEO_02703,83.8,748,743,748,0.0e+00,1256.1,1.00673,1
WP_005769733.1,DAKCFMEO_02568,38.7,142,139,150,1.4e-19,90.5,1.02158,0.946667
WP_005769867.1,DAKCFMEO_05261,88.8,278,278,278,2.4e-140,492.7,1,1
WP_005769869.1,DAKCFMEO_05260,94.9,293,293,293,6.8e-162,564.3,1,1
WP_005769871.1,DAKCFMEO_05259,76.4,148,146,148,4.9e-60,224.9,1.0137,1
WP_005769873.1,DAKCFMEO_05258,94.1,220,220,220,7.5e-121,427.6,1,1
WP_005769875.1,DAKCFMEO_05257,93.1,188,188,188,1.3e-94,340.1,1,1
WP_005769877.1,DAKCFMEO_05256,88.2,280,280,280,2.6e-142,499.2,1,1
WP_005769959.1,DAKCFMEO_01169,30.4,296,320,310,2.3e-25,110.9,0.925,0.954839
WP_005769977.1,DAKCFMEO_01788,79.2,207,207,207,3.0e-87,315.8,1,1
WP_005769982.1,DAKCFMEO_00253,88.0,166,166,166,4.2e-84,305.1,1,1
WP_005769995.1,DAKCFMEO_02889,93.9,358,358,358,2.4e-185,642.5,1,1
WP_005769998.1,DAKCFMEO_02888,68.3,167,168,177,3.1e-66,245.7,0.994048,0.943503
WP_005770000.1,DAKCFMEO_02887,90.0,269,269,269,8.5e-143,500.7,1,1
WP_005770005.1,DAKCFMEO_02885,86.1,552,551,552,6.4e-145,508.8,1.00181,1
WP_005770009.1,DAKCFMEO_02883,72.0,93,96,96,1.1e-31,130.2,0.96875,0.96875
WP_005770011.1,DAKCFMEO_02881,84.4,403,404,405,3.8e-179,622.1,0.997525,0.995062
WP_005770014.1,DAKCFMEO_00509,93.8,176,177,181,6.1e-97,347.8,0.99435,0.972376
WP_005770015.1,DAKCFMEO_03003,58.4,101,108,107,3.3e-29,122.1,0.935185,0.943925
WP_005770017.1,DAKCFMEO_00505,77.8,207,207,207,1.0e-87,317.4,1,1
WP_005770019.1,DAKCFMEO_00504,88.3,290,290,290,6.4e-152,531.2,1,1
WP_005770041.1,DAKCFMEO_03704,92.3,220,218,220,1.3e-117,416.8,1.00917,1
WP_005770049.1,DAKCFMEO_03699,99.4,308,308,308,8.5e-163,567.4,1,1
WP_005770064.1,DAKCFMEO_03688,92.0,263,263,263,2.6e-136,479.2,1,1
WP_005770069.1,DAKCFMEO_03684,85.7,230,230,230,2.0e-108,386.3,1,1
WP_005770073.1,DAKCFMEO_03682,89.9,337,337,337,4.5e-173,601.7,1,1
WP_005770075.1,DAKCFMEO_03681,91.2,398,398,398,5.0e-200,691.4,1,1
WP_005770077.1,DAKCFMEO_03680,83.1,65,65,65,5.1e-25,107.5,1,1
WP_005770079.1,DAKCFMEO_03679,82.5,126,126,126,1.2e-54,206.8,1,1
WP_005770081.1,DAKCFMEO_03678,86.2,731,732,732,0.0e+00,1216.1,0.998634,0.998634
WP_005770083.1,DAKCFMEO_03677,90.2,133,133,133,4.2e-66,245.0,1,1
WP_005770085.1,DAKCFMEO_03676,98.9,272,298,298,3.2e-151,528.9,0.912752,0.912752
WP_005770090.1,DAKCFMEO_03673,75.8,483,465,483,2.2e-210,726.1,1.03871,1
WP_005770099.1,DAKCFMEO_03668,90.1,101,101,101,3.0e-48,185.3,1,1
WP_005770108.1,DAKCFMEO_03597,90.3,238,238,238,5.1e-115,408.3,1,1
WP_005770109.1,DAKCFMEO_03596,90.8,120,120,120,6.2e-53,201.1,1,1
WP_005770111.1,DAKCFMEO_03595,84.1,151,151,151,4.0e-73,268.5,1,1
WP_005770114.1,DAKCFMEO_03594,93.2,575,575,575,2.7e-146,513.5,1,1
WP_005770116.1,DAKCFMEO_03593,89.7,213,213,213,7.8e-107,380.9,1,1
WP_005770118.1,DAKCFMEO_03592,83.0,94,94,98,2.8e-40,158.7,1,0.959184
WP_005770120.1,DAKCFMEO_03590,93.3,449,449,449,4.2e-251,861.3,1,1
WP_005770129.1,DAKCFMEO_03587,85.3,292,287,292,1.2e-139,490.3,1.01742,1
WP_005770132.1,DAKCFMEO_03585,92.0,213,215,215,1.0e-106,380.6,0.990698,0.990698
WP_005770134.1,DAKCFMEO_03582,87.7,244,243,245,1.3e-126,446.8,1.00412,0.995918
WP_005770159.1,DAKCFMEO_00553,76.1,117,117,117,5.5e-38,151.4,1,1
WP_005770161.1,DAKCFMEO_00554,83.5,164,165,166,8.8e-74,270.8,0.993939,0.987952
WP_005770183.1,DAKCFMEO_00559,95.1,325,325,325,3.5e-175,608.6,1,1
WP_005770185.1,DAKCFMEO_00561,96.4,691,691,691,0.0e+00,1295.4,1,1
WP_005770186.1,DAKCFMEO_00562,80.3,122,122,122,3.7e-53,201.8,1,1
WP_005770187.1,DAKCFMEO_00563,96.9,455,455,455,1.3e-252,866.3,1,1
WP_005770190.1,DAKCFMEO_00566,80.5,77,77,77,4.3e-31,127.9,1,1
WP_005770191.1,DAKCFMEO_00567,90.6,374,374,374,1.5e-193,669.8,1,1
WP_005770220.1,DAKCFMEO_00576,93.3,419,427,419,7.8e-215,740.7,0.981265,1
WP_005770225.1,DAKCFMEO_00578,93.9,329,329,329,1.4e-184,639.8,1,1
WP_005770235.1,DAKCFMEO_00583,84.8,421,424,425,6.3e-209,721.1,0.992925,0.990588
WP_005770243.1,DAKCFMEO_04789,83.2,220,220,220,9.9e-97,347.4,1,1
WP_005770245.1,DAKCFMEO_04790,79.3,363,380,363,3.0e-170,592.4,0.955263,1
WP_005770270.1,DAKCFMEO_03843,70.8,312,317,313,8.3e-121,427.9,0.984227,0.996805
WP_005770289.1,DAKCFMEO_00256,77.2,101,111,103,4.3e-40,158.3,0.90991,0.980583
WP_005770293.1,DAKCFMEO_01005,75.9,145,148,148,2.3e-57,216.1,0.97973,0.97973
WP_005770308.1,DAKCFMEO_00830,95.9,245,245,245,2.5e-133,469.2,1,1
WP_005770310.1,DAKCFMEO_00831,93.4,377,380,379,8.2e-192,664.1,0.992105,0.994723
WP_005770312.1,DAKCFMEO_00832,96.0,300,300,300,1.7e-155,543.1,1,1
WP_005770316.1,DAKCFMEO_00834,92.1,382,382,382,2.7e-211,728.8,1,1
WP_005770393.1,DAKCFMEO_04171,84.0,156,160,156,3.7e-77,282.0,0.975,1
WP_005770403.1,DAKCFMEO_04163,88.8,197,197,197,4.0e-105,375.2,1,1
WP_005770416.1,DAKCFMEO_04154,83.1,160,158,160,4.6e-72,265.0,1.01266,1
WP_005770425.1,DAKCFMEO_04148,98.2,281,281,281,2.6e-158,552.4,1,1
WP_005770431.1,DAKCFMEO_04141,94.2,1156,1157,1157,0.0e+00,2122.8,0.999136,0.999136
WP_005770433.1,DAKCFMEO_04140,92.6,621,624,624,0.0e+00,1146.3,0.995192,0.995192
WP_005770435.1,DAKCFMEO_04139,96.8,311,315,324,2.8e-153,535.8,0.987302,0.959877
WP_005770437.1,DAKCFMEO_04138,96.4,306,306,306,2.1e-166,579.3,1,1
WP_005770439.1,DAKCFMEO_04134,71.2,118,131,131,1.5e-44,173.3,0.900763,0.900763
WP_005770446.1,DAKCFMEO_04132,73.5,151,171,178,1.6e-62,233.4,0.883041,0.848315
WP_005770450.1,DAKCFMEO_04131,91.8,257,257,255,3.4e-125,442.2,1,1.00784
WP_005770452.1,DAKCFMEO_04130,91.2,147,150,150,1.9e-75,276.2,0.98,0.98
WP_005770454.1,DAKCFMEO_04129,81.4,113,113,111,2.0e-45,176.0,1,1.01802
WP_005770456.1,DAKCFMEO_04128,93.5,123,123,127,1.7e-61,229.6,1,0.968504
WP_005770458.1,DAKCFMEO_04127,93.4,590,590,590,0.0e+00,1092.0,1,1
WP_005770460.1,DAKCFMEO_04126,96.1,693,704,693,0.0e+00,1296.6,0.984375,1
WP_005770464.1,DAKCFMEO_04183,92.6,326,329,329,4.5e-170,591.7,0.990881,0.990881
WP_005770465.1,DAKCFMEO_04184,95.5,265,265,265,6.7e-140,491.1,1,1
WP_005770467.1,DAKCFMEO_04185,92.1,280,280,280,1.1e-145,510.4,1,1
WP_005770474.1,DAKCFMEO_04190,96.7,211,211,211,9.1e-124,437.2,1,1
WP_005770490.1,DAKCFMEO_01644,94.1,337,337,337,6.8e-190,657.5,1,1
WP_005770492.1,DAKCFMEO_01645,91.2,284,283,285,3.4e-118,419.1,1.00353,0.996491
WP_005770496.1,DAKCFMEO_01649,69.7,142,138,142,1.4e-45,176.8,1.02899,1
WP_005770497.1,DAKCFMEO_01650,86.0,107,109,109,2.9e-49,188.7,0.981651,0.981651
WP_005770507.1,DAKCFMEO_01659,92.3,390,390,390,9.6e-212,730.3,1,1
WP_005770519.1,DAKCFMEO_01667,95.1,266,266,266,2.1e-141,496.1,1,1
WP_005770545.1,DAKCFMEO_00481,92.9,282,282,282,1.0e-146,513.8,1,1
WP_005770547.1,DAKCFMEO_00482,84.0,362,356,362,2.1e-173,602.8,1.01685,1
WP_005770558.1,DAKCFMEO_00489,99.0,197,197,197,1.8e-110,392.9,1,1
WP_005770562.1,DAKCFMEO_00491,94.6,316,316,316,4.6e-172,598.2,1,1
WP_005770566.1,DAKCFMEO_00493,90.5,252,252,252,7.7e-138,484.2,1,1
WP_005770572.1,DAKCFMEO_00496,87.0,332,332,332,1.0e-169,590.5,1,1
WP_005770586.1,DAKCFMEO_04270,97.8,403,403,403,1.4e-226,779.6,1,1
WP_005770588.1,DAKCFMEO_04268,98.5,195,195,195,3.3e-104,372.1,1,1
WP_005770594.1,DAKCFMEO_04265,97.4,306,306,306,1.2e-169,590.1,1,1
WP_005770596.1,DAKCFMEO_04263,94.9,274,274,284,9.0e-156,543.9,1,0.964789
WP_005770603.1,DAKCFMEO_04258,94.5,200,200,200,3.9e-108,385.2,1,1
WP_005770607.1,DAKCFMEO_04257,97.3,219,219,220,5.7e-121,427.9,1,0.995455
WP_005770613.1,DAKCFMEO_04254,91.2,328,328,328,5.3e-171,594.7,1,1
WP_005770616.1,DAKCFMEO_04253,93.8,210,210,210,1.2e-107,383.6,1,1
WP_005770618.1,DAKCFMEO_04252,89.2,344,379,379,3.8e-181,628.6,0.907652,0.907652
WP_005770626.1,DAKCFMEO_04248,95.5,247,247,247,2.7e-127,449.1,1,1
WP_005770635.1,DAKCFMEO_04242,85.8,332,332,332,2.4e-163,569.3,1,1
WP_005770637.1,DAKCFMEO_04241,82.1,218,220,219,1.0e-101,364.0,0.990909,0.995434
WP_005770641.1,DAKCFMEO_04238,85.8,339,339,339,1.8e-174,606.3,1,1
WP_005770642.1,DAKCFMEO_04237,89.3,253,254,254,4.1e-131,461.8,0.996063,0.996063
WP_005770644.1,DAKCFMEO_04235,89.1,331,331,331,1.6e-178,619.8,1,1
WP_005770645.1,DAKCFMEO_04234,97.2,143,143,143,7.4e-69,254.2,1,1
WP_005770647.1,DAKCFMEO_02477,58.0,517,675,691,5.6e-175,609.0,0.765926,0.748191
WP_005770653.1,DAKCFMEO_04225,94.9,136,136,136,1.5e-71,263.1,1,1
WP_005770654.1,DAKCFMEO_04196,83.8,284,284,284,1.6e-144,506.5,1,1
WP_005770684.1,DAKCFMEO_02695,90.6,180,180,180,2.1e-97,349.4,1,1
WP_005770686.1,DAKCFMEO_02694,90.2,112,110,112,8.8e-54,203.8,1.01818,1
WP_005770688.1,DAKCFMEO_02693,84.2,190,190,189,4.0e-86,312.0,1,1.00529
WP_005770693.1,DAKCFMEO_02691,91.4,244,250,254,7.2e-128,451.1,0.976,0.96063
WP_005770697.1,DAKCFMEO_02689,86.7,301,309,302,1.2e-140,493.8,0.97411,0.996689
WP_005770699.1,DAKCFMEO_02688,98.7,75,75,75,1.0e-40,159.8,1,1
WP_005770701.1,DAKCFMEO_02687,93.6,470,470,470,9.0e-257,880.2,1,1
WP_005770721.1,DAKCFMEO_02678,87.4,143,143,143,1.4e-67,250.0,1,1
WP_005770745.1,DAKCFMEO_00822,47.8,159,159,153,6.8e-39,154.8,1,1.03922
WP_005770751.1,DAKCFMEO_04351,99.3,427,427,427,1.3e-241,829.7,1,1
WP_005770753.1,DAKCFMEO_04352,97.9,798,798,798,0.0e+00,1506.5,1,1
WP_005770757.1,DAKCFMEO_04354,94.1,627,627,627,0.0e+00,1125.2,1,1
WP_005770759.1,DAKCFMEO_04355,98.5,264,264,264,9.6e-147,513.8,1,1
WP_005770761.1,DAKCFMEO_04356,95.5,536,536,536,1.0e-288,986.5,1,1
WP_005770766.1,DAKCFMEO_04360,94.4,609,609,635,0.0e+00,1198.7,1,0.959055
WP_005770768.1,DAKCFMEO_04362,82.2,259,259,259,7.7e-125,441.0,1,1
WP_005770770.1,DAKCFMEO_04364,99.3,148,150,150,5.7e-88,317.8,0.986667,0.986667
WP_005770771.1,DAKCFMEO_04365,84.6,259,259,259,1.8e-121,429.9,1,1
WP_005770773.1,DAKCFMEO_04366,82.4,182,184,185,1.4e-91,330.1,0.98913,0.983784
WP_005770776.1,DAKCFMEO_04368,89.1,183,189,186,1.4e-91,330.1,0.968254,0.983871
WP_005770780.1,DAKCFMEO_04370,97.1,383,383,383,4.4e-217,748.0,1,1
WP_005770788.1,DAKCFMEO_04374,94.6,538,538,538,1.6e-286,979.2,1,1
WP_005770794.1,DAKCFMEO_02431,72.9,214,218,214,1.9e-87,316.6,0.981651,1
WP_005770811.1,DAKCFMEO_01412,51.5,97,94,98,4.5e-14,71.6,1.03191,0.989796
WP_005770813.1,DAKCFMEO_01411,90.9,341,341,339,2.8e-175,609.0,1,1.0059
WP_005770815.1,DAKCFMEO_01410,97.0,331,331,331,3.8e-177,615.1,1,1
WP_005770825.1,DAKCFMEO_00922,76.7,163,164,174,6.7e-74,271.2,0.993902,0.936782
WP_005770829.1,DAKCFMEO_00924,80.5,262,263,263,4.6e-117,415.2,0.996198,0.996198
WP_005770837.1,DAKCFMEO_00928,96.7,244,244,244,1.3e-129,456.8,1,1
WP_005770839.1,DAKCFMEO_00929,87.9,240,240,240,1.4e-128,453.4,1,1
WP_005770857.1,DAKCFMEO_00941,91.9,223,224,238,4.8e-115,408.3,0.995536,0.936975
WP_005770871.1,DAKCFMEO_00947,91.2,148,148,148,2.2e-71,262.7,1,1
WP_005770885.1,DAKCFMEO_01066,91.5,141,141,141,1.1e-75,276.9,1,1
WP_005770888.1,DAKCFMEO_01065,73.5,283,291,290,2.3e-117,416.4,0.972509,0.975862
WP_005770915.1,DAKCFMEO_01751,86.0,386,400,387,4.7e-198,684.9,0.965,0.997416
WP_005770932.1,DAKCFMEO_02740,43.3,390,471,518,7.5e-86,312.4,0.828025,0.752896
WP_005770938.1,DAKCFMEO_01750,86.2,152,153,157,1.1e-73,270.4,0.993464,0.968153
WP_005770940.1,DAKCFMEO_01748,90.7,335,334,335,1.5e-168,586.6,1.00299,1
WP_005770944.1,DAKCFMEO_01745,66.4,220,220,218,1.3e-80,293.9,1,1.00917
WP_005770954.1,DAKCFMEO_01739,89.7,175,175,175,4.8e-86,311.6,1,1
WP_005770956.1,DAKCFMEO_01738,90.6,341,341,340,5.7e-176,611.3,1,1.00294
WP_005770966.1,DAKCFMEO_01734,87.0,254,254,254,1.5e-125,443.4,1,1
WP_005771001.1,DAKCFMEO_03366,96.0,525,525,525,3.1e-306,1044.6,1,1
WP_005771002.1,DAKCFMEO_03364,91.8,182,182,182,2.7e-100,359.0,1,1
WP_005771007.1,DAKCFMEO_03361,94.2,274,274,274,1.3e-151,530.0,1,1
WP_005771011.1,DAKCFMEO_03355,92.9,382,382,382,1.4e-215,743.0,1,1
WP_005771013.1,DAKCFMEO_03353,96.1,383,384,383,1.1e-140,494.2,0.997396,1
WP_005771017.1,DAKCFMEO_03349,88.9,333,331,333,7.8e-122,431.4,1.00604,1
WP_005771019.1,DAKCFMEO_03348,87.3,252,252,252,1.0e-121,430.6,1,1
WP_005771021.1,DAKCFMEO_03347,97.4,382,382,382,2.2e-216,745.7,1,1
WP_005771023.1,DAKCFMEO_03345,77.3,66,66,66,1.1e-24,106.3,1,1
WP_005771027.1,DAKCFMEO_03342,94.2,173,173,173,9.2e-90,323.9,1,1
WP_005771029.1,DAKCFMEO_03339,97.8,404,404,404,4.4e-228,784.6,1,1
WP_005771032.1,DAKCFMEO_03337,91.5,258,258,262,1.1e-136,480.3,1,0.984733
WP_005771034.1,DAKCFMEO_03336,91.1,257,257,255,3.6e-130,458.8,1,1.00784
WP_005771039.1,DAKCFMEO_03332,97.6,622,622,622,0.0e+00,1152.1,1,1
WP_005771042.1,DAKCFMEO_03329,96.0,354,354,354,2.7e-197,682.2,1,1
WP_005771069.1,DAKCFMEO_02007,93.7,222,222,222,6.0e-126,444.5,1,1
WP_005771075.1,DAKCFMEO_02010,92.8,318,318,318,1.2e-156,547.0,1,1
WP_005771077.1,DAKCFMEO_02011,87.3,292,292,287,1.5e-140,493.4,1,1.01742
WP_005771123.1,DAKCFMEO_02043,73.8,84,84,84,1.2e-21,96.7,1,1
WP_005771165.1,DAKCFMEO_04707,64.1,78,79,78,4.7e-25,107.8,0.987342,1
WP_005771167.1,DAKCFMEO_04708,89.7,155,155,155,2.2e-74,272.7,1,1
WP_005771168.1,DAKCFMEO_04709,91.3,126,126,126,4.0e-58,218.4,1,1
WP_005771169.1,DAKCFMEO_04710,95.7,92,92,92,2.0e-38,152.5,1,1
WP_005771170.1,DAKCFMEO_04711,89.5,162,162,162,1.8e-79,289.7,1,1
WP_005771172.1,DAKCFMEO_04712,92.5,561,561,561,3.7e-289,988.0,1,1
WP_005771176.1,DAKCFMEO_04716,85.2,189,189,189,2.2e-89,322.8,1,1
WP_005771178.1,DAKCFMEO_04717,81.8,467,467,467,5.3e-209,721.5,1,1
WP_005771197.1,DAKCFMEO_04734,75.3,93,91,93,2.4e-33,135.6,1.02198,1
WP_005771200.1,DAKCFMEO_04737,92.2,193,193,193,2.3e-97,349.4,1,1
WP_005771202.1,DAKCFMEO_04738,84.9,364,364,362,9.4e-177,614.0,1,1.00552
WP_005771203.1,DAKCFMEO_04739,86.1,469,469,469,9.4e-238,817.0,1,1
WP_005771214.1,DAKCFMEO_00860,82.9,492,496,492,1.2e-238,820.1,0.991935,1
WP_005771221.1,DAKCFMEO_00863,68.9,132,132,136,2.1e-46,179.5,1,0.970588
WP_005771225.1,DAKCFMEO_00866,84.8,296,296,291,3.9e-141,495.4,1,1.01718
WP_005771227.1,DAKCFMEO_00867,86.9,291,294,299,6.7e-141,494.6,0.989796,0.973244
WP_005771258.1,DAKCFMEO_01375,92.2,706,703,706,0.0e+00,1322.0,1.00427,1
WP_005771267.1,DAKCFMEO_00906,96.4,277,277,277,3.2e-121,429.1,1,1
WP_005771273.1,DAKCFMEO_00908,93.5,306,306,306,2.9e-163,568.9,1,1
WP_005771275.1,DAKCFMEO_00909,85.4,316,316,316,1.8e-163,569.7,1,1
WP_005771282.1,DAKCFMEO_00896,91.6,273,273,274,4.5e-83,302.4,1,0.99635
WP_005771285.1,DAKCFMEO_00898,96.2,133,133,133,8.7e-64,237.3,1,1
WP_005771315.1,DAKCFMEO_02641,89.6,249,249,249,1.1e-120,427.2,1,1
WP_005771329.1,DAKCFMEO_02653,68.7,323,327,334,8.3e-124,438.0,0.987768,0.967066
WP_005771330.1,DAKCFMEO_02654,97.2,464,464,464,7.3e-267,913.7,1,1
WP_005771334.1,DAKCFMEO_02656,82.1,195,195,195,1.0e-84,307.4,1,1
WP_005771340.1,DAKCFMEO_02659,96.4,414,414,414,4.9e-206,711.4,1,1
WP_005771341.1,DAKCFMEO_02662,91.3,276,276,276,7.7e-147,514.2,1,1
WP_005771350.1,DAKCFMEO_02669,91.3,310,309,311,4.5e-156,545.0,1.00324,0.996785
WP_005771387.1,DAKCFMEO_03462,73.6,299,299,325,3.4e-132,465.7,1,0.92
WP_005771389.1,DAKCFMEO_03459,82.9,129,133,133,6.9e-53,201.1,0.969925,0.969925
WP_005771390.1,DAKCFMEO_03458,92.1,316,316,316,3.1e-160,558.9,1,1
WP_005771391.1,DAKCFMEO_03457,93.6,314,316,314,6.0e-172,597.8,0.993671,1
WP_005771392.1,DAKCFMEO_03456,87.1,364,367,369,1.6e-184,639.8,0.991826,0.98645
WP_005771397.1,DAKCFMEO_03451,86.2,181,181,181,3.0e-91,328.9,1,1
WP_005771401.1,DAKCFMEO_03448,90.7,301,301,301,5.8e-156,544.7,1,1
WP_005771402.1,DAKCFMEO_03447,92.7,357,357,366,7.5e-203,700.7,1,0.97541
WP_005771461.1,DAKCFMEO_03559,36.3,223,230,236,8.1e-25,108.6,0.969565,0.944915
WP_005771478.1,DAKCFMEO_01755,96.1,760,760,759,0.0e+00,1496.9,1,1.00132
WP_005771480.1,DAKCFMEO_01756,85.8,261,261,257,1.5e-64,240.7,1,1.01556
WP_005771481.1,DAKCFMEO_01758,67.2,186,187,187,2.1e-63,236.5,0.994652,0.994652
WP_005771483.1,DAKCFMEO_01759,85.2,520,523,523,7.7e-273,933.7,0.994264,0.994264
WP_005771485.1,DAKCFMEO_02411,90.9,208,208,208,1.9e-110,392.9,1,1
WP_005771489.1,DAKCFMEO_01762,31.2,311,319,298,5.2e-30,126.3,0.974922,1.04362
WP_005771491.1,DAKCFMEO_01761,81.8,340,348,343,3.8e-167,582.0,0.977011,0.991254
WP_005771495.1,DAKCFMEO_03468,77.1,140,145,144,3.9e-65,241.9,0.965517,0.972222
WP_005771500.1,DAKCFMEO_03472,85.9,405,407,402,9.4e-186,644.0,0.995086,1.00746
WP_005771505.1,DAKCFMEO_03476,80.6,541,541,557,4.4e-215,741.9,1,0.971275
WP_005771507.1,DAKCFMEO_03478,80.7,135,135,135,8.6e-59,220.7,1,1
WP_005771509.1,DAKCFMEO_03480,79.2,269,267,269,1.7e-114,406.8,1.00749,1
WP_005771567.1,DAKCFMEO_02501,96.1,308,308,308,1.5e-164,573.2,1,1
WP_005771571.1,DAKCFMEO_02498,81.9,155,155,155,3.2e-65,242.3,1,1
WP_005771583.1,DAKCFMEO_02493,88.8,240,241,241,2.2e-126,446.0,0.995851,0.995851
WP_005771596.1,DAKCFMEO_02487,88.3,231,231,231,6.9e-117,414.5,1,1
WP_005771604.1,DAKCFMEO_02483,96.7,456,457,457,3.7e-263,901.4,0.997812,0.997812
WP_005771635.1,DAKCFMEO_05299,83.3,228,229,229,1.1e-111,397.1,0.995633,0.995633
WP_005771640.1,DAKCFMEO_05304,89.8,315,315,315,1.0e-163,570.5,1,1
WP_005771655.1,DAKCFMEO_04780,93.6,297,297,297,2.0e-161,562.8,1,1
WP_005771663.1,DAKCFMEO_00550,94.9,811,811,811,0.0e+00,1479.2,1,1
WP_005771665.1,DAKCFMEO_00552,95.0,617,617,617,0.0e+00,1199.1,1,1
WP_005771683.1,DAKCFMEO_03271,88.6,70,72,72,1.1e-33,136.3,0.972222,0.972222
WP_005771689.1,DAKCFMEO_03275,93.6,187,187,187,5.1e-102,364.8,1,1
WP_005771691.1,DAKCFMEO_03276,93.1,101,103,103,2.7e-52,198.7,0.980583,0.980583
WP_005771787.1,DAKCFMEO_04993,97.6,580,580,580,0.0e+00,1088.9,1,1
WP_005888835.1,DAKCFMEO_01107,39.2,97,98,96,3.2e-15,75.5,0.989796,1.01042
WP_005894403.1,DAKCFMEO_02685,31.7,224,247,252,7.8e-26,112.1,0.906883,0.888889
WP_007243678.1,DAKCFMEO_00404,95.5,313,313,313,1.5e-170,593.2,1,1
WP_007243679.1,DAKCFMEO_00406,95.5,288,289,289,2.6e-153,535.8,0.99654,0.99654
WP_007243690.1,DAKCFMEO_00441,96.1,181,182,182,1.3e-94,340.1,0.994505,0.994505
WP_007243694.1,DAKCFMEO_00454,94.0,448,448,448,7.8e-242,830.5,1,1
WP_007243700.1,DAKCFMEO_00469,92.1,127,127,127,3.4e-65,241.9,1,1
WP_007243709.1,DAKCFMEO_01694,98.5,1073,1073,1073,0.0e+00,2102.0,1,1
WP_007243710.1,DAKCFMEO_01695,95.2,378,378,378,7.6e-214,737.3,1,1
WP_007243715.1,DAKCFMEO_01705,96.6,467,467,467,5.6e-259,887.5,1,1
WP_007243724.1,DAKCFMEO_01030,32.4,139,143,155,9.2e-19,87.8,0.972028,0.896774
WP_007243725.1,DAKCFMEO_03222,31.9,235,269,277,3.1e-20,93.6,0.873606,0.848375
WP_007243732.1,DAKCFMEO_03719,81.7,427,434,434,8.8e-206,710.7,0.983871,0.983871
WP_007243735.1,DAKCFMEO_01780,92.5,504,504,504,2.4e-271,928.7,1,1
WP_007243742.1,DAKCFMEO_01797,76.1,71,66,71,3.3e-24,104.8,1.07576,1
WP_007243745.1,DAKCFMEO_04757,98.4,249,249,249,1.1e-128,453.8,1,1
WP_007243753.1,DAKCFMEO_04769,97.7,303,303,303,7.6e-164,570.9,1,1
WP_007243764.1,DAKCFMEO_00547,91.2,102,102,102,1.3e-51,196.4,1,1
WP_007243779.1,DAKCFMEO_00557,98.6,417,417,417,5.8e-239,820.8,1,1
WP_007243783.1,DAKCFMEO_00564,92.6,148,148,148,5.9e-69,254.6,1,1
WP_007243826.1,DAKCFMEO_01760,54.8,436,437,437,3.3e-128,453.0,0.997712,0.997712
WP_007243834.1,DAKCFMEO_04811,96.5,427,427,427,6.8e-243,833.9,1,1
WP_007243836.1,DAKCFMEO_04817,97.5,280,280,280,2.5e-153,535.8,1,1
WP_007243868.1,DAKCFMEO_00173,59.0,244,245,244,6.7e-78,285.0,0.995918,1
WP_007243875.1,DAKCFMEO_03924,78.5,316,316,316,1.1e-149,523.9,1,1
WP_007243881.1,DAKCFMEO_03910,82.0,377,393,398,2.8e-187,649.0,0.959288,0.947236
WP_007243883.1,DAKCFMEO_03907,90.3,536,534,535,2.7e-281,961.8,1.00375,1.00187
WP_007243944.1,DAKCFMEO_03801,85.4,485,486,486,5.7e-254,870.9,0.997942,0.997942
WP_007243977.1,DAKCFMEO_03748,84.8,375,377,377,1.9e-185,642.9,0.994695,0.994695
WP_007243982.1,DAKCFMEO_03743,91.1,672,672,673,0.0e+00,1306.2,1,0.998514
WP_007244012.1,DAKCFMEO_01184,90.7,493,494,494,3.1e-255,875.2,0.997976,0.997976
WP_007244032.1,DAKCFMEO_02724,88.1,219,219,219,1.5e-113,403.3,1,1
WP_007244046.1,DAKCFMEO_02743,96.7,483,483,483,1.6e-277,949.1,1,1
WP_007244060.1,DAKCFMEO_02754,88.9,297,300,303,3.0e-152,532.3,0.99,0.980198
WP_007244063.1,DAKCFMEO_02758,79.8,104,114,128,1.1e-38,153.7,0.912281,0.8125
WP_007244070.1,DAKCFMEO_02768,75.5,110,110,109,1.8e-22,99.8,1,1.00917
WP_007244073.1,DAKCFMEO_02771,88.9,415,416,412,6.4e-214,737.6,0.997596,1.00728
WP_007244082.1,DAKCFMEO_02792,93.9,247,253,253,4.9e-132,464.9,0.976285,0.976285
WP_007244088.1,DAKCFMEO_03375,88.3,162,162,162,1.7e-82,299.7,1,1
WP_007244090.1,DAKCFMEO_03378,97.8,696,696,696,0.0e+00,1325.1,1,1
WP_007244096.1,DAKCFMEO_03386,90.9,242,242,247,1.1e-125,443.7,1,0.979757
WP_007244100.1,DAKCFMEO_03392,77.6,392,395,399,1.6e-177,616.7,0.992405,0.982456
WP_007244107.1,DAKCFMEO_03401,87.9,272,272,271,4.7e-133,468.4,1,1.00369
WP_007244110.1,DAKCFMEO_03412,94.5,273,273,273,4.4e-147,515.0,1,1
WP_007244127.1,DAKCFMEO_03450,75.7,300,309,302,2.3e-136,479.6,0.970874,0.993377
WP_007244130.1,DAKCFMEO_03452,93.8,275,275,275,1.3e-130,460.3,1,1
WP_007244158.1,DAKCFMEO_01735,92.2,422,422,422,9.3e-237,813.5,1,1
WP_007244210.1,DAKCFMEO_02663,79.8,89,89,88,1.7e-34,139.4,1,1.01136
WP_007244213.1,DAKCFMEO_02657,92.0,386,416,386,4.9e-198,684.9,0.927885,1
WP_007244218.1,DAKCFMEO_02648,97.7,487,487,487,7.6e-275,940.3,1,1
WP_007244311.1,DAKCFMEO_02634,79.8,104,109,104,8.5e-49,187.2,0.954128,1
WP_007244314.1,DAKCFMEO_02620,83.8,308,305,308,5.2e-128,451.8,1.00984,1
WP_007244321.1,DAKCFMEO_02611,98.1,363,363,363,6.6e-207,714.1,1,1
WP_007244323.1,DAKCFMEO_02603,97.2,181,202,181,7.2e-94,337.8,0.89604,1
WP_007244324.1,DAKCFMEO_02602,87.8,123,125,123,7.2e-60,224.2,0.984,1
WP_007244335.1,DAKCFMEO_02583,92.9,914,914,914,0.0e+00,1723.0,1,1
WP_007244349.1,DAKCFMEO_02567,78.8,471,470,471,7.2e-214,737.6,1.00213,1
WP_007244356.1,DAKCFMEO_02559,91.8,244,244,244,1.2e-124,440.3,1,1
WP_007244357.1,DAKCFMEO_02555,84.7,287,295,287,1.2e-110,394.0,0.972881,1
WP_007244363.1,DAKCFMEO_02542,88.4,258,258,261,4.0e-121,428.7,1,0.988506
WP_007244364.1,DAKCFMEO_02540,96.4,250,250,250,2.2e-121,429.5,1,1
WP_007244365.1,DAKCFMEO_02536,94.6,167,167,166,1.7e-80,293.1,1,1.00602
WP_007244370.1,DAKCFMEO_02527,96.8,594,594,593,5.1e-315,1074.3,1,1.00169
WP_007244381.1,DAKCFMEO_02510,93.5,231,237,238,8.9e-120,424.1,0.974684,0.970588
WP_007244383.1,DAKCFMEO_02505,71.5,221,229,225,2.7e-65,243.0,0.965066,0.982222
WP_007244389.1,DAKCFMEO_02494,89.8,372,372,372,2.6e-198,685.6,1,1
WP_007244400.1,DAKCFMEO_02485,87.5,224,224,224,9.1e-98,350.9,1,1
WP_007244403.1,DAKCFMEO_02482,82.4,289,289,290,6.8e-138,484.6,1,0.996552
WP_007244435.1,DAKCFMEO_02840,94.1,491,493,493,5.2e-271,927.5,0.995943,0.995943
WP_007244442.1,DAKCFMEO_02852,92.4,341,341,341,4.5e-189,654.8,1,1
WP_007244448.1,DAKCFMEO_02859,88.7,106,106,107,6.1e-52,197.6,1,0.990654
WP_007244449.1,DAKCFMEO_02861,94.8,423,423,423,2.2e-230,792.3,1,1
WP_007244455.1,DAKCFMEO_02869,92.8,652,652,651,0.0e+00,1214.1,1,1.00154
WP_007244499.1,DAKCFMEO_02929,97.0,264,264,264,6.9e-137,481.1,1,1
WP_007244528.1,DAKCFMEO_02942,89.5,172,172,172,2.8e-86,312.4,1,1
WP_007244533.1,DAKCFMEO_05053,91.1,169,170,170,2.0e-89,322.8,0.994118,0.994118
WP_007244549.1,DAKCFMEO_04959,92.5,897,897,897,0.0e+00,1635.2,1,1
WP_007244552.1,DAKCFMEO_02176,95.4,432,432,432,1.6e-255,875.9,1,1
WP_007244559.1,DAKCFMEO_02159,94.9,666,665,667,0.0e+00,1284.2,1.0015,0.998501
WP_007244563.1,DAKCFMEO_02149,84.1,408,408,419,3.3e-186,645.6,1,0.973747
WP_007244569.1,DAKCFMEO_04984,89.3,169,174,173,3.4e-84,305.4,0.971264,0.976879
WP_007244571.1,DAKCFMEO_04980,96.3,732,732,732,0.0e+00,1364.4,1,1
WP_007244575.1,DAKCFMEO_04957,89.6,549,548,549,5.1e-203,701.8,1.00182,1
WP_007244577.1,DAKCFMEO_04953,90.1,354,354,354,5.0e-191,661.4,1,1
WP_007244579.1,DAKCFMEO_04950,90.2,244,244,244,9.5e-133,467.2,1,1
WP_007244601.1,DAKCFMEO_04910,96.5,231,231,231,1.0e-123,437.2,1,1
WP_007244602.1,DAKCFMEO_04909,86.9,518,513,518,5.5e-207,714.9,1.00975,1
WP_007244608.1,DAKCFMEO_04898,95.5,358,362,360,1.0e-207,716.8,0.98895,0.994444
WP_007244624.1,DAKCFMEO_04856,98.8,165,166,166,1.8e-95,342.8,0.993976,0.993976
WP_007244641.1,DAKCFMEO_03617,90.7,364,370,370,1.9e-185,642.9,0.983784,0.983784
WP_007244646.1,DAKCFMEO_03627,89.8,929,929,929,0.0e+00,1627.5,1,1
WP_007244650.1,DAKCFMEO_03633,92.5,292,292,292,6.6e-157,547.7,1,1
WP_007244651.1,DAKCFMEO_03634,96.4,447,447,447,2.7e-250,858.6,1,1
WP_007244655.1,DAKCFMEO_03641,71.9,295,295,294,6.3e-115,408.3,1,1.0034
WP_007244656.1,DAKCFMEO_03643,90.9,396,396,396,1.8e-202,699.5,1,1
WP_007244661.1,DAKCFMEO_03652,90.8,444,446,446,1.7e-225,776.2,0.995516,0.995516
WP_007244663.1,DAKCFMEO_03657,83.9,180,180,181,5.4e-85,308.1,1,0.994475
WP_007244669.1,DAKCFMEO_03599,86.3,438,438,438,7.7e-218,750.7,1,1
WP_007244673.1,DAKCFMEO_03606,99.2,367,367,381,1.5e-203,703.0,1,0.963255
WP_007244675.1,DAKCFMEO_03608,94.4,342,342,341,1.1e-184,640.2,1,1.00293
WP_007244676.1,DAKCFMEO_03612,94.5,218,218,218,6.3e-120,424.5,1,1
WP_007244715.1,DAKCFMEO_00727,95.6,297,297,297,1.8e-157,549.7,1,1
WP_007244755.1,DAKCFMEO_00670,90.0,249,249,249,1.2e-127,450.3,1,1
WP_007244776.1,DAKCFMEO_00630,97.4,350,350,350,8.9e-201,693.7,1,1
WP_007244779.1,DAKCFMEO_00626,92.3,209,211,209,6.5e-106,377.9,0.990521,1
WP_007244780.1,DAKCFMEO_00624,97.8,370,370,370,2.8e-213,735.3,1,1
WP_007244781.1,DAKCFMEO_00620,97.0,471,475,474,2.3e-268,918.7,0.991579,0.993671
WP_007244820.1,DAKCFMEO_01463,66.3,698,695,696,1.5e-247,850.1,1.00432,1.00287
WP_007244826.1,DAKCFMEO_01478,35.4,113,119,117,1.4e-17,83.6,0.94958,0.965812
WP_007244827.1,DAKCFMEO_01480,45.7,680,699,671,2.0e-159,557.4,0.972818,1.01341
WP_007244829.1,DAKCFMEO_01483,33.9,189,193,192,1.2e-16,81.3,0.979275,0.984375
WP_007244847.1,DAKCFMEO_00999,91.3,473,473,473,9.5e-238,817.0,1,1
WP_007244871.1,DAKCFMEO_00340,48.4,93,98,104,4.4e-20,91.7,0.94898,0.894231
WP_007244877.1,DAKCFMEO_03008,97.6,670,670,670,0.0e+00,1318.1,1,1
WP_007244879.1,DAKCFMEO_03004,57.8,154,157,189,1.9e-41,163.3,0.980892,0.814815
WP_007244881.1,DAKCFMEO_03000,64.7,334,332,334,3.0e-129,456.1,1.00602,1
WP_007244885.1,DAKCFMEO_02996,87.6,194,194,194,2.4e-94,339.3,1,1
WP_007244904.1,DAKCFMEO_03292,94.6,501,502,502,6.2e-272,930.6,0.998008,0.998008
WP_007244945.1,DAKCFMEO_01259,94.3,456,456,456,1.4e-241,829.7,1,1
WP_007244951.1,DAKCFMEO_01244,93.7,255,255,255,3.1e-134,472.2,1,1
WP_007244964.1,DAKCFMEO_01223,78.6,640,640,637,4.5e-198,685.6,1,1.00471
WP_007244980.1,DAKCFMEO_01199,90.4,408,407,408,6.7e-200,691.0,1.00246,1
WP_007244983.1,DAKCFMEO_01195,86.1,122,123,132,1.4e-60,226.5,0.99187,0.924242
WP_007244998.1,DAKCFMEO_01570,94.8,483,483,483,5.8e-251,860.9,1,1
WP_007245011.1,DAKCFMEO_01591,91.8,428,440,428,4.2e-232,798.1,0.972727,1
WP_007245012.1,DAKCFMEO_01594,92.2,296,296,296,5.5e-159,554.7,1,1
WP_007245030.1,DAKCFMEO_02465,89.3,178,181,181,5.3e-96,344.7,0.983425,0.983425
WP_007245058.1,DAKCFMEO_04069,56.0,268,270,284,1.2e-75,277.7,0.992593,0.943662
WP_007245069.1,DAKCFMEO_02404,73.2,164,163,164,2.1e-64,239.6,1.00613,1
WP_007245075.1,DAKCFMEO_04515,95.9,341,341,341,6.3e-191,661.0,1,1
WP_007245081.1,DAKCFMEO_04506,97.1,651,651,651,0.0e+00,1309.3,1,1
WP_007245106.1,DAKCFMEO_02366,91.0,301,301,302,3.1e-157,548.9,1,0.996689
WP_007245137.1,DAKCFMEO_02307,82.9,246,246,246,1.7e-113,403.3,1,1
WP_007245153.1,DAKCFMEO_04279,69.5,380,377,380,2.4e-159,556.2,1.00796,1
WP_007245166.1,DAKCFMEO_04295,73.8,183,185,188,7.6e-74,271.2,0.989189,0.973404
WP_007245189.1,DAKCFMEO_04597,34.5,116,144,136,1.6e-18,87.0,0.805556,0.852941
WP_007245200.1,DAKCFMEO_04329,96.2,156,156,156,3.2e-89,322.0,1,1
WP_007245213.1,DAKCFMEO_04349,96.8,436,436,436,2.6e-234,805.4,1,1
WP_007245218.1,DAKCFMEO_04361,90.8,533,530,533,4.7e-278,951.0,1.00566,1
WP_007245274.1,DAKCFMEO_04542,70.2,208,212,213,4.3e-81,295.4,0.981132,0.976526
WP_007245289.1,DAKCFMEO_04563,89.8,206,206,206,1.6e-109,389.8,1,1
WP_007245290.1,DAKCFMEO_04564,96.5,256,256,256,1.1e-150,526.9,1,1
WP_007245315.1,DAKCFMEO_04626,84.0,162,162,175,1.1e-76,280.4,1,0.925714
WP_007245346.1,DAKCFMEO_04672,95.3,636,636,636,0.0e+00,1141.3,1,1
WP_007245350.1,DAKCFMEO_04676,97.2,391,391,391,3.3e-220,758.4,1,1
WP_007245351.1,DAKCFMEO_04679,82.7,173,173,173,2.5e-79,289.3,1,1
WP_007245353.1,DAKCFMEO_04681,87.8,156,156,156,1.1e-76,280.4,1,1
WP_007245354.1,DAKCFMEO_04683,94.6,239,238,239,3.6e-121,428.7,1.0042,1
WP_007245360.1,DAKCFMEO_04693,92.9,297,301,299,6.8e-165,574.3,0.986711,0.993311
WP_007245364.1,DAKCFMEO_03905,50.7,296,286,307,2.2e-88,320.1,1.03497,0.964169
WP_007245369.1,DAKCFMEO_03267,78.6,415,415,414,4.0e-184,638.6,1,1.00242
WP_007245370.1,DAKCFMEO_03265,97.6,458,458,458,3.4e-216,745.3,1,1
WP_007245372.1,DAKCFMEO_03259,91.9,246,246,246,1.4e-128,453.4,1,1
WP_007245377.1,DAKCFMEO_03253,85.7,98,98,98,2.0e-41,162.5,1,1
WP_007245391.1,DAKCFMEO_03233,83.7,294,298,300,4.1e-154,538.5,0.986577,0.98
WP_007245395.1,DAKCFMEO_03224,82.5,103,103,103,2.7e-44,172.2,1,1
WP_007245396.1,DAKCFMEO_03223,89.4,284,289,287,1.8e-151,529.6,0.982699,0.989547
WP_007245401.1,DAKCFMEO_03214,92.6,833,833,833,0.0e+00,1538.9,1,1
WP_007245412.1,DAKCFMEO_03201,94.5,899,898,899,0.0e+00,1718.4,1.00111,1
WP_007245414.1,DAKCFMEO_03191,95.2,795,795,795,0.0e+00,1501.9,1,1
WP_007245422.1,DAKCFMEO_03170,96.4,225,225,225,4.1e-122,431.8,1,1
WP_007245435.1,DAKCFMEO_03143,94.0,318,318,318,7.2e-173,600.9,1,1
WP_007245440.1,DAKCFMEO_03135,85.1,114,114,114,3.8e-52,198.4,1,1
WP_007245442.1,DAKCFMEO_03131,97.0,202,202,202,1.9e-107,382.9,1,1
WP_007245455.1,DAKCFMEO_03505,94.7,397,397,397,8.0e-222,763.8,1,1
WP_007245492.1,DAKCFMEO_03576,93.6,295,295,295,5.5e-151,528.1,1,1
WP_007245539.1,DAKCFMEO_03691,90.2,306,306,306,1.4e-157,550.1,1,1
WP_007245540.1,DAKCFMEO_03692,93.7,365,365,363,3.3e-182,632.1,1,1.00551
WP_007245542.1,DAKCFMEO_03700,97.0,366,366,366,3.1e-196,678.7,1,1
WP_007245544.1,DAKCFMEO_03703,84.7,196,197,197,3.4e-96,345.5,0.994924,0.994924
WP_007245546.1,DAKCFMEO_03706,85.6,306,306,306,2.0e-151,529.6,1,1
WP_007245567.1,DAKCFMEO_05131,90.7,247,247,247,5.8e-122,431.4,1,1
WP_007245578.1,DAKCFMEO_05087,94.4,859,859,860,0.0e+00,1642.5,1,0.998837
WP_007245582.1,DAKCFMEO_05077,93.5,539,539,539,1.7e-296,1012.3,1,1
WP_007245596.1,DAKCFMEO_05104,95.1,163,172,163,8.9e-85,307.4,0.947674,1
WP_007245604.1,DAKCFMEO_02984,33.3,279,286,288,2.5e-31,130.6,0.975524,0.96875
WP_007245619.1,DAKCFMEO_02088,31.8,472,515,515,5.4e-61,229.9,0.916505,0.916505
WP_007245677.1,DAKCFMEO_04222,95.3,709,709,709,0.0e+00,1356.7,1,1
WP_007245694.1,DAKCFMEO_04198,96.1,432,432,432,2.7e-247,848.6,1,1
WP_007245711.1,DAKCFMEO_00041,89.9,179,179,179,3.4e-95,342.0,1,1
WP_007245738.1,DAKCFMEO_04393,82.7,249,252,250,3.6e-111,395.6,0.988095,0.996
WP_007245780.1,DAKCFMEO_03034,92.4,356,356,356,4.6e-160,558.5,1,1
WP_007245782.1,DAKCFMEO_03030,95.2,372,372,372,1.2e-203,703.4,1,1
WP_007245794.1,DAKCFMEO_04160,97.0,165,165,166,2.6e-94,339.0,1,0.993976
WP_007245797.1,DAKCFMEO_04156,91.1,158,158,158,2.8e-77,282.3,1,1
WP_007245801.1,DAKCFMEO_04149,95.2,392,392,392,6.5e-216,744.2,1,1
WP_007245803.1,DAKCFMEO_04145,95.4,324,324,324,4.6e-175,608.2,1,1
WP_007245808.1,DAKCFMEO_04133,90.7,396,396,396,1.6e-214,739.6,1,1
WP_007245818.1,DAKCFMEO_04194,93.2,310,310,310,3.1e-173,602.1,1,1
WP_007245819.1,DAKCFMEO_04195,88.0,393,393,394,8.0e-198,684.1,1,0.997462
WP_007245835.1,DAKCFMEO_04233,94.7,225,238,225,6.7e-115,407.9,0.945378,1
WP_007245842.1,DAKCFMEO_04247,96.8,311,312,312,2.9e-166,578.9,0.996795,0.996795
WP_007245844.1,DAKCFMEO_04251,81.9,271,271,271,2.7e-128,452.6,1,1
WP_007245851.1,DAKCFMEO_01613,80.4,184,203,188,3.7e-82,298.9,0.906404,0.978723
WP_007245868.1,DAKCFMEO_00958,82.4,216,216,216,5.0e-101,361.7,1,1
WP_007245870.1,DAKCFMEO_01017,92.4,105,105,105,2.6e-47,182.2,1,1
WP_007245872.1,DAKCFMEO_01014,80.6,98,99,99,2.2e-43,169.1,0.989899,0.989899
WP_007245876.1,DAKCFMEO_01001,80.6,284,287,287,5.2e-130,458.4,0.989547,0.989547
WP_007245914.1,DAKCFMEO_00946,84.3,236,236,232,1.5e-103,370.2,1,1.01724
WP_007245922.1,DAKCFMEO_00932,95.0,301,301,301,7.8e-153,534.3,1,1
WP_007245931.1,DAKCFMEO_01406,88.3,332,332,332,3.5e-178,618.6,1,1
WP_007245963.1,DAKCFMEO_01622,79.6,279,279,279,1.3e-130,460.3,1,1
WP_007245964.1,DAKCFMEO_01621,45.8,83,83,93,2.7e-15,75.5,1,0.892473
WP_007245976.1,DAKCFMEO_01048,93.8,368,382,368,1.4e-210,726.5,0.963351,1
WP_007245978.1,DAKCFMEO_01051,92.0,337,337,337,8.4e-180,624.0,1,1
WP_007245994.1,DAKCFMEO_01093,86.3,738,738,738,0.0e+00,1305.8,1,1
WP_007245995.1,DAKCFMEO_01094,86.6,322,322,322,5.6e-157,548.1,1,1
WP_007246000.1,DAKCFMEO_01101,90.8,294,301,305,5.8e-156,544.7,0.976744,0.963934
WP_007246008.1,DAKCFMEO_01113,88.7,282,282,277,7.1e-140,491.1,1,1.01805
WP_007246009.1,DAKCFMEO_01116,85.2,284,286,288,1.1e-140,493.8,0.993007,0.986111
WP_007246012.1,DAKCFMEO_01119,94.9,311,311,311,7.0e-165,574.3,1,1
WP_007246013.1,DAKCFMEO_01120,85.9,185,186,186,1.5e-85,310.1,0.994624,0.994624
WP_007246020.1,DAKCFMEO_01132,96.0,427,427,427,2.9e-246,845.1,1,1
WP_007246025.1,DAKCFMEO_01546,92.3,222,222,222,1.9e-116,412.9,1,1
WP_007246027.1,DAKCFMEO_01540,98.2,617,617,617,0.0e+00,1184.5,1,1
WP_007246028.1,DAKCFMEO_01535,96.7,905,905,905,0.0e+00,1781.1,1,1
WP_007246030.1,DAKCFMEO_01526,95.9,388,388,388,2.0e-225,775.8,1,1
WP_007246046.1,DAKCFMEO_02438,49.8,283,302,296,9.8e-79,288.1,0.937086,0.956081
WP_007246047.1,DAKCFMEO_01493,87.1,599,599,598,1.8e-289,989.2,1,1.00167
WP_007246056.1,DAKCFMEO_01449,88.9,144,144,144,2.2e-68,252.7,1,1
WP_007246058.1,DAKCFMEO_01446,86.7,240,244,244,2.0e-114,406.4,0.983607,0.983607
WP_007246060.1,DAKCFMEO_01443,68.8,176,175,176,2.2e-62,233.0,1.00571,1
WP_007246072.1,DAKCFMEO_01434,84.7,464,465,465,2.6e-224,772.3,0.997849,0.997849
WP_007246082.1,DAKCFMEO_01429,80.2,217,217,217,9.4e-100,357.5,1,1
WP_007246084.1,DAKCFMEO_01427,96.8,441,441,448,8.2e-244,837.0,1,0.984375
WP_007246092.1,DAKCFMEO_01648,98.3,574,574,574,0.0e+00,1138.3,1,1
WP_007246096.1,DAKCFMEO_01654,88.6,114,114,114,7.5e-24,104.4,1,1
WP_007246097.1,DAKCFMEO_01657,78.0,109,110,118,1.6e-50,193.0,0.990909,0.923729
WP_007246099.1,DAKCFMEO_01661,86.7,294,295,295,2.8e-155,542.3,0.99661,0.99661
WP_007246105.1,DAKCFMEO_01668,80.5,282,283,283,8.2e-128,451.1,0.996466,0.996466
WP_007246110.1,DAKCFMEO_00474,92.0,313,313,313,1.9e-157,549.7,1,1
WP_007246111.1,DAKCFMEO_00476,91.2,329,331,331,1.6e-170,593.2,0.993958,0.993958
WP_007246125.1,DAKCFMEO_00495,86.6,382,382,380,2.3e-194,672.5,1,1.00526
WP_007246155.1,DAKCFMEO_01168,31.7,278,280,277,2.8e-27,117.1,0.992857,1.00361
WP_007246181.1,DAKCFMEO_00276,94.2,774,765,774,0.0e+00,1434.1,1.01176,1
WP_007246182.1,DAKCFMEO_00277,84.3,585,585,585,7.5e-293,1000.3,1,1
WP_007246191.1,DAKCFMEO_00290,85.3,389,386,383,1.4e-175,610.1,1.00777,1.01567
WP_007246194.1,DAKCFMEO_00293,97.2,433,433,433,1.7e-238,819.3,1,1
WP_007246196.1,DAKCFMEO_00295,94.6,259,259,259,6.1e-138,484.6,1,1
WP_007246206.1,DAKCFMEO_00316,80.1,312,312,312,7.1e-149,521.2,1,1
WP_007246215.1,DAKCFMEO_00333,87.8,385,385,385,1.7e-208,719.5,1,1
WP_007246223.1,DAKCFMEO_00350,96.1,388,452,452,2.8e-215,742.3,0.858407,0.858407
WP_007246228.1,DAKCFMEO_00370,98.5,535,547,547,9.8e-287,979.9,0.978062,0.978062
WP_007246230.1,DAKCFMEO_00376,87.5,104,148,118,1.4e-49,190.3,0.702703,0.881356
WP_007246281.1,DAKCFMEO_04079,91.0,413,414,413,3.0e-203,702.2,0.997585,1
WP_007246288.1,DAKCFMEO_04086,96.3,520,520,520,8.4e-288,983.4,1,1
WP_007246306.1,DAKCFMEO_04112,82.5,206,208,207,5.3e-100,358.2,0.990385,0.995169
WP_007246309.1,DAKCFMEO_04115,82.2,202,202,202,5.1e-92,331.6,1,1
WP_007246311.1,DAKCFMEO_04118,77.2,114,114,114,1.0e-49,190.3,1,1
WP_007246312.1,DAKCFMEO_04119,72.7,143,156,146,2.0e-59,223.0,0.916667,0.979452
WP_007246313.1,DAKCFMEO_04122,75.3,178,178,192,6.0e-76,278.1,1,0.927083
WP_007246323.1,DAKCFMEO_02707,93.3,447,447,447,2.3e-249,855.5,1,1
WP_007246342.1,DAKCFMEO_02684,94.4,177,178,178,4.1e-93,335.1,0.994382,0.994382
WP_007246354.1,DAKCFMEO_00808,75.0,112,111,111,3.6e-39,155.2,1.00901,1.00901
WP_007246356.1,DAKCFMEO_00806,91.5,341,341,341,1.2e-181,630.2,1,1
WP_007246357.1,DAKCFMEO_00804,89.5,304,306,306,1.8e-144,506.5,0.993464,0.993464
WP_007246362.1,DAKCFMEO_00794,68.5,73,79,80,2.3e-27,115.5,0.924051,0.9125
WP_007246371.1,DAKCFMEO_00774,91.0,222,223,223,6.9e-114,404.4,0.995516,0.995516
WP_007246376.1,DAKCFMEO_00767,97.0,394,449,394,1.1e-211,730.3,0.877506,1
WP_007246378.1,DAKCFMEO_00763,73.4,79,82,80,2.5e-29,122.1,0.963415,0.9875
WP_007246451.1,DAKCFMEO_04022,80.9,115,120,119,1.9e-49,189.5,0.958333,0.966387
WP_007246481.1,DAKCFMEO_03999,87.9,355,355,355,2.5e-174,605.9,1,1
WP_007246483.1,DAKCFMEO_03995,76.7,146,146,146,1.3e-60,226.9,1,1
WP_007246510.1,DAKCFMEO_01843,95.8,213,213,213,9.5e-113,400.6,1,1
WP_007246513.1,DAKCFMEO_01839,94.1,287,287,287,5.2e-146,511.5,1,1
WP_007246518.1,DAKCFMEO_01832,84.1,320,318,318,1.5e-122,433.7,1.00629,1.00629
WP_007246535.1,DAKCFMEO_01914,91.6,299,299,299,1.6e-158,553.1,1,1
WP_007246537.1,DAKCFMEO_01920,90.4,135,135,135,1.7e-67,249.6,1,1
WP_007246574.1,DAKCFMEO_05254,94.1,461,461,461,6.2e-242,830.9,1,1
WP_007246575.1,DAKCFMEO_05253,90.8,601,602,604,3.8e-300,1024.6,0.998339,0.995033
WP_007246576.1,DAKCFMEO_05252,87.8,181,181,181,3.2e-93,335.5,1,1
WP_007246617.1,DAKCFMEO_00175,94.8,442,442,442,5.7e-237,814.3,1,1
WP_007246618.1,DAKCFMEO_00174,89.2,637,643,638,1.0e-311,1063.1,0.990669,0.998433
WP_007246619.1,DAKCFMEO_00172,96.8,221,221,221,2.4e-114,406.0,1,1
WP_007246626.1,DAKCFMEO_00162,92.8,97,97,97,1.2e-46,179.9,1,1
WP_007246633.1,DAKCFMEO_00148,67.9,274,291,346,7.0e-82,298.5,0.941581,0.791908
WP_007246637.1,DAKCFMEO_00139,97.6,254,254,254,8.3e-140,490.7,1,1
WP_007246640.1,DAKCFMEO_00134,90.9,571,571,567,1.6e-308,1052.4,1,1.00705
WP_007246648.1,DAKCFMEO_01320,85.8,113,113,113,3.7e-55,208.4,1,1
WP_007246654.1,DAKCFMEO_01327,95.9,290,290,290,1.2e-150,526.9,1,1
WP_007246655.1,DAKCFMEO_01329,92.6,95,96,102,8.2e-48,183.7,0.989583,0.931373
WP_007246667.1,DAKCFMEO_01344,95.7,629,629,629,0.0e+00,1231.5,1,1
WP_007246679.1,DAKCFMEO_01355,86.2,472,472,472,6.5e-239,820.8,1,1
WP_007246686.1,DAKCFMEO_01366,93.0,603,603,603,0.0e+00,1089.3,1,1
WP_007246688.1,DAKCFMEO_01371,91.9,270,271,271,7.8e-144,504.2,0.99631,0.99631
WP_007246690.1,DAKCFMEO_00899,91.1,800,800,800,0.0e+00,1433.7,1,1
WP_007246697.1,DAKCFMEO_00918,90.2,132,132,132,1.6e-70,259.6,1,1
WP_007246699.1,DAKCFMEO_00914,86.8,597,598,598,4.1e-286,978.0,0.998328,0.998328
WP_007246762.1,DAKCFMEO_03985,60.1,243,248,244,8.9e-78,284.6,0.979839,0.995902
WP_007246769.1,DAKCFMEO_00529,78.3,161,157,160,1.4e-60,226.9,1.02548,1.00625
WP_007246809.1,DAKCFMEO_00220,76.0,125,125,127,2.1e-51,196.1,1,0.984252
WP_007246812.1,DAKCFMEO_00225,94.9,197,196,197,1.0e-97,350.5,1.0051,1
WP_007246818.1,DAKCFMEO_00243,91.1,258,260,260,5.7e-136,478.0,0.992308,0.992308
WP_007246844.1,DAKCFMEO_05205,88.1,260,260,260,1.6e-130,459.9,1,1
WP_007246848.1,DAKCFMEO_05208,95.9,245,245,245,2.7e-135,475.7,1,1
WP_007246877.1,DAKCFMEO_00875,95.8,288,288,288,1.1e-161,563.5,1,1
WP_007246879.1,DAKCFMEO_00873,96.9,413,413,413,1.7e-238,819.3,1,1
WP_007246884.1,DAKCFMEO_00862,87.3,157,161,160,4.9e-77,281.6,0.975155,0.98125
WP_007246890.1,DAKCFMEO_05183,30.7,192,319,309,3.0e-22,100.5,0.601881,0.621359
WP_007246896.1,DAKCFMEO_00833,94.9,393,393,393,2.7e-214,738.8,1,1
WP_007246901.1,DAKCFMEO_00826,93.5,231,231,231,5.3e-125,441.4,1,1
WP_007246911.1,DAKCFMEO_03848,75.8,331,334,331,1.1e-128,454.1,0.991018,1
WP_007246944.1,DAKCFMEO_01399,88.2,152,154,161,5.3e-73,268.1,0.987013,0.944099
WP_007246946.1,DAKCFMEO_01401,92.7,262,262,262,3.4e-136,478.8,1,1
WP_007246947.1,DAKCFMEO_01402,92.9,336,336,335,2.8e-175,609.0,1,1.00299
WP_007246952.1,DAKCFMEO_01629,62.0,158,163,162,4.6e-51,195.3,0.969325,0.975309
WP_007246961.1,DAKCFMEO_01640,51.5,165,171,175,9.8e-44,171.0,0.964912,0.942857
WP_007246965.1,DAKCFMEO_04701,86.1,309,309,309,2.9e-147,515.8,1,1
WP_007246966.1,DAKCFMEO_04705,54.4,520,533,525,3.1e-136,479.9,0.97561,0.990476
WP_007246973.1,DAKCFMEO_04718,93.2,368,368,368,2.0e-195,676.0,1,1
WP_007246984.1,DAKCFMEO_04730,96.6,472,472,472,1.4e-260,892.9,1,1
WP_007246985.1,DAKCFMEO_04733,88.1,294,296,297,7.2e-143,501.1,0.993243,0.989899
WP_007246986.1,DAKCFMEO_04735,89.6,202,202,202,1.0e-100,360.5,1,1
WP_007247022.1,DAKCFMEO_00082,92.5,374,375,374,1.4e-207,716.5,0.997333,1
WP_007247023.1,DAKCFMEO_00081,94.3,610,610,610,0.0e+00,1130.2,1,1
WP_007247035.1,DAKCFMEO_02090,93.8,276,276,276,7.7e-147,514.2,1,1
WP_007247038.1,DAKCFMEO_02192,93.1,160,160,160,2.4e-84,305.8,1,1
WP_007247039.1,DAKCFMEO_02194,96.9,262,262,262,7.8e-117,414.5,1,1
WP_007247040.1,DAKCFMEO_02195,79.0,238,238,238,3.1e-96,345.9,1,1
WP_007247044.1,DAKCFMEO_02207,64.9,171,162,192,7.1e-60,224.6,1.05556,0.890625
WP_007247057.1,DAKCFMEO_05009,95.5,423,423,423,1.2e-228,786.6,1,1
WP_007247086.1,DAKCFMEO_03334,95.0,179,179,179,3.5e-68,252.3,1,1
WP_007247117.1,DAKCFMEO_02014,88.5,469,469,469,4.8e-242,831.2,1,1
WP_007247126.1,DAKCFMEO_03955,85.1,255,255,255,2.7e-130,459.1,1,1
WP_007247147.1,DAKCFMEO_03979,87.7,351,351,351,1.4e-177,616.7,1,1
WP_007247160.1,DAKCFMEO_02061,86.8,121,121,121,7.9e-56,210.7,1,1
WP_007247176.1,DAKCFMEO_01977,97.0,333,333,333,1.4e-187,649.8,1,1
WP_007247202.1,DAKCFMEO_01939,89.0,210,210,210,1.2e-99,357.1,1,1
WP_007247212.1,DAKCFMEO_01927,90.7,248,248,248,4.6e-127,448.4,1,1
WP_007247213.1,DAKCFMEO_01926,91.1,360,360,360,1.2e-181,630.2,1,1
WP_007247215.1,DAKCFMEO_01819,95.6,413,413,413,1.6e-212,733.0,1,1
WP_007247222.1,DAKCFMEO_01876,79.9,553,554,557,7.1e-261,894.0,0.998195,0.992819
WP_007247319.1,DAKCFMEO_01954,96.6,233,234,234,3.2e-122,432.2,0.995726,0.995726
WP_007247332.1,DAKCFMEO_05155,77.6,330,330,330,3.0e-150,525.8,1,1
WP_007247340.1,DAKCFMEO_02135,97.3,485,485,485,4.7e-232,798.1,1,1
WP_007247360.1,DAKCFMEO_02262,97.7,747,747,747,0.0e+00,1464.5,1,1
WP_007247432.1,DAKCFMEO_05174,97.8,223,223,223,6.4e-120,424.5,1,1
WP_007247460.1,DAKCFMEO_05303,88.4,258,258,258,1.7e-127,449.9,1,1
WP_007247479.1,DAKCFMEO_03279,91.6,166,169,167,5.1e-85,308.1,0.982249,0.994012
WP_007247551.1,DAKCFMEO_00957,42.8,449,458,453,7.3e-94,339.0,0.980349,0.99117
WP_007249558.1,DAKCFMEO_00894,60.0,150,162,162,2.3e-42,166.4,0.925926,0.925926
WP_007249559.1,DAKCFMEO_00893,70.0,200,201,201,1.3e-82,300.4,0.995025,0.995025
WP_007249562.1,DAKCFMEO_02425,41.2,131,129,132,9.1e-18,84.3,1.0155,0.992424
WP_010200894.1,DAKCFMEO_01512,96.5,775,801,774,0.0e+00,1449.9,0.967541,1.00129
WP_010201131.1,DAKCFMEO_04081,90.8,465,465,465,6.2e-234,804.3,1,1
WP_010201143.1,DAKCFMEO_02797,94.5,403,403,403,2.0e-220,759.2,1,1
WP_010201647.1,DAKCFMEO_01651,74.4,234,233,246,6.4e-70,258.5,1.00429,0.95122
WP_010201804.1,DAKCFMEO_01643,88.7,195,210,206,1.6e-96,346.7,0.928571,0.946602
WP_010201831.1,DAKCFMEO_02970,74.2,314,321,316,6.2e-132,464.9,0.978193,0.993671
WP_010202134.1,DAKCFMEO_03690,95.1,324,329,324,5.7e-165,574.7,0.984802,1
WP_010202254.1,DAKCFMEO_04372,94.6,542,559,542,2.3e-283,968.8,0.969589,1
WP_010202721.1,DAKCFMEO_04201,97.1,552,552,552,9.2e-293,1000.0,1,1
WP_010203307.1,DAKCFMEO_03777,93.2,205,205,205,4.9e-106,378.3,1,1
WP_010203323.1,DAKCFMEO_03772,83.1,237,237,237,1.2e-108,387.1,1,1
WP_010203608.1,DAKCFMEO_00150,73.3,60,60,60,1.7e-19,89.0,1,1
WP_010203861.1,DAKCFMEO_00897,92.6,242,242,240,3.4e-114,405.6,1,1.00833
WP_010203924.1,DAKCFMEO_02197,97.0,335,335,366,2.3e-185,642.5,1,0.915301
WP_010204046.1,DAKCFMEO_03467,73.4,395,398,398,2.8e-158,552.7,0.992462,0.992462
WP_010204183.1,DAKCFMEO_03020,90.0,239,239,239,4.9e-118,418.3,1,1
WP_010204340.1,DAKCFMEO_02408,66.2,80,79,80,3.1e-24,105.1,1.01266,1
WP_010204398.1,DAKCFMEO_00960,52.7,74,80,84,7.2e-13,67.4,0.925,0.880952
WP_010204432.1,DAKCFMEO_04661,92.2,258,258,258,2.6e-133,469.2,1,1
WP_010204647.1,DAKCFMEO_02692,94.2,310,310,310,1.2e-164,573.5,1,1
WP_010204659.1,DAKCFMEO_04688,90.8,261,261,261,6.3e-143,501.1,1,1
WP_010205374.1,DAKCFMEO_02047,88.9,99,99,97,4.2e-47,181.4,1,1.02062
WP_010205456.1,DAKCFMEO_02946,88.9,208,209,209,1.4e-105,376.7,0.995215,0.995215
WP_010205556.1,DAKCFMEO_01349,85.6,194,194,194,1.1e-88,320.5,1,1
WP_010205558.1,DAKCFMEO_01350,76.8,164,162,164,4.3e-73,268.5,1.01235,1
WP_010205561.1,DAKCFMEO_01352,70.3,64,66,65,5.0e-20,90.9,0.969697,0.984615
WP_010205787.1,DAKCFMEO_02759,86.2,167,167,167,6.4e-80,291.2,1,1
WP_010205950.1,DAKCFMEO_05184,89.5,210,210,214,1.1e-102,367.1,1,0.981308
WP_010206379.1,DAKCFMEO_04606,78.8,293,293,295,9.6e-132,464.2,1,0.99322
WP_010207011.1,DAKCFMEO_02916,92.1,431,432,449,6.6e-230,790.8,0.997685,0.959911
WP_010207498.1,DAKCFMEO_00926,86.6,335,337,337,3.5e-170,592.0,0.994065,0.994065
WP_010207549.1,DAKCFMEO_05183,86.7,309,309,309,3.6e-161,562.0,1,1
WP_010207837.1,DAKCFMEO_00207,89.8,332,333,359,2.3e-166,579.3,0.996997,0.924791
WP_010207872.1,DAKCFMEO_02551,95.1,390,390,390,3.8e-176,612.1,1,1
WP_010207888.1,DAKCFMEO_02574,75.0,228,229,226,7.9e-97,347.8,0.995633,1.00885
WP_010208255.1,DAKCFMEO_05173,96.0,504,504,504,1.4e-284,972.6,1,1
WP_010208311.1,DAKCFMEO_01857,92.6,526,526,530,7.7e-289,986.9,1,0.992453
WP_010208319.1,DAKCFMEO_01866,94.0,182,182,182,5.5e-93,334.7,1,1
WP_010208763.1,DAKCFMEO_02999,56.6,258,260,257,3.5e-77,282.7,0.992308,1.00389
WP_010208878.1,DAKCFMEO_04291,97.5,278,277,278,1.4e-161,563.1,1.00361,1
WP_010209025.1,DAKCFMEO_05242,90.2,163,164,178,2.1e-83,302.8,0.993902,0.91573
WP_010209286.1,DAKCFMEO_03130,96.0,352,353,352,4.8e-194,671.4,0.997167,1
WP_010209623.1,DAKCFMEO_02673,35.3,133,141,136,1.2e-18,87.4,0.943262,0.977941
WP_010210634.1,DAKCFMEO_00935,95.8,384,384,384,2.5e-228,785.4,1,1
WP_010211386.1,DAKCFMEO_01452,93.6,574,578,578,1.8e-307,1048.9,0.99308,0.99308
WP_010213170.1,DAKCFMEO_04937,94.0,600,600,600,1.5e-312,1065.8,1,1
WP_010213774.1,DAKCFMEO_01628,72.2,443,443,443,1.5e-192,666.8,1,1
WP_010216200.1,DAKCFMEO_05127,94.3,317,317,317,3.9e-171,595.1,1,1
WP_010216538.1,DAKCFMEO_03822,83.8,383,383,383,8.2e-131,461.5,1,1
WP_010216700.1,DAKCFMEO_04749,82.7,313,311,313,5.6e-154,538.1,1.00643,1
WP_010217367.1,DAKCFMEO_02854,92.0,440,440,442,5.9e-226,777.7,1,0.995475
WP_010218671.1,DAKCFMEO_04390,79.1,316,331,316,1.2e-141,497.3,0.954683,1
WP_010218951.1,DAKCFMEO_02092,96.0,322,322,322,5.9e-183,634.4,1,1
WP_010218977.1,DAKCFMEO_00336,80.2,368,368,368,6.3e-181,627.9,1,1
WP_010219162.1,DAKCFMEO_01104,97.5,284,312,284,7.6e-143,501.1,0.910256,1
WP_010219554.1,DAKCFMEO_00311,88.6,351,349,351,1.4e-169,590.1,1.00573,1
WP_010220706.1,DAKCFMEO_00745,90.4,415,415,416,7.5e-239,820.5,1,0.997596
WP_010220797.1,DAKCFMEO_00933,97.4,345,345,345,9.8e-176,610.5,1,1
WP_011102932.1,DAKCFMEO_01264,97.5,511,511,510,2.5e-260,892.1,1,1.00196
WP_011102950.1,DAKCFMEO_01276,92.3,209,209,209,4.2e-113,401.7,1,1
WP_011102951.1,DAKCFMEO_01277,96.3,348,348,348,4.9e-199,688.0,1,1
WP_011102952.1,DAKCFMEO_01278,99.6,240,240,240,1.2e-135,476.9,1,1
WP_011102953.1,DAKCFMEO_01279,98.3,651,651,651,0.0e+00,1276.9,1,1
WP_011102954.1,DAKCFMEO_01280,100.0,311,311,312,2.0e-175,609.4,1,0.996795
WP_011102955.1,DAKCFMEO_01281,99.2,628,628,628,0.0e+00,1240.7,1,1
WP_011102956.1,DAKCFMEO_01283,95.5,245,245,253,1.1e-141,496.9,1,0.968379
WP_011102957.1,DAKCFMEO_01285,97.5,322,322,322,1.4e-176,613.2,1,1
WP_011102958.1,DAKCFMEO_01286,97.0,301,301,301,3.3e-159,555.4,1,1
WP_011102959.1,DAKCFMEO_01287,99.0,518,518,523,2.6e-305,1041.6,1,0.99044
WP_011102975.1,DAKCFMEO_01885,70.3,296,296,296,1.9e-127,449.9,1,1
WP_011102978.1,DAKCFMEO_01825,81.1,132,132,133,1.2e-65,243.4,1,0.992481
WP_011102979.1,DAKCFMEO_01828,95.4,691,691,691,0.0e+00,1303.1,1,1
WP_011102980.1,DAKCFMEO_01833,84.4,282,282,286,5.8e-142,498.0,1,0.986014
WP_011102981.1,DAKCFMEO_01835,94.4,126,126,126,5.3e-63,234.6,1,1
WP_011102984.1,DAKCFMEO_01847,95.4,151,151,151,1.4e-81,296.6,1,1
WP_011102986.1,DAKCFMEO_01850,93.6,528,528,528,1.4e-290,992.6,1,1
WP_011102988.1,DAKCFMEO_01855,88.1,497,497,497,4.4e-254,871.3,1,1
WP_011102991.1,DAKCFMEO_01868,91.5,638,643,640,0.0e+00,1188.3,0.992224,0.996875
WP_011102992.1,DAKCFMEO_01870,83.3,270,272,272,1.9e-118,419.9,0.992647,0.992647
WP_011102993.1,DAKCFMEO_01871,83.7,416,417,417,3.8e-214,738.4,0.997602,0.997602
WP_011102994.1,DAKCFMEO_01875,97.5,669,669,689,0.0e+00,1320.8,1,0.970972
WP_011102995.1,DAKCFMEO_01877,88.9,460,460,460,1.2e-232,800.0,1,1
WP_011102996.1,DAKCFMEO_01822,93.6,547,550,547,9.9e-271,926.8,0.994545,1
WP_011102997.1,DAKCFMEO_01821,84.7,459,459,459,3.4e-232,798.5,1,1
WP_011102998.1,DAKCFMEO_01820,88.7,362,395,393,9.2e-186,644.0,0.916456,0.92112
WP_011103000.1,DAKCFMEO_01925,95.9,464,464,464,4.9e-263,901.0,1,1
WP_011103001.1,DAKCFMEO_01928,90.7,313,313,313,1.2e-159,557.0,1,1
WP_011103002.1,DAKCFMEO_01929,86.4,258,258,258,5.0e-124,438.3,1,1
WP_011103004.1,DAKCFMEO_01931,91.5,412,414,414,4.9e-206,711.4,0.995169,0.995169
WP_011103008.1,DAKCFMEO_01944,88.1,631,632,632,4.3e-310,1057.7,0.998418,0.998418
WP_011103010.1,DAKCFMEO_02218,94.5,181,181,182,1.9e-82,299.7,1,0.994505
WP_011103011.1,DAKCFMEO_02221,84.9,350,351,351,5.3e-177,614.8,0.997151,0.997151
WP_011103012.1,DAKCFMEO_04464,69.9,143,143,145,5.1e-54,204.9,1,0.986207
WP_011103014.1,DAKCFMEO_02231,95.9,270,270,270,1.9e-142,499.6,1,1
WP_011103015.1,DAKCFMEO_02237,86.0,308,308,308,3.5e-156,545.4,1,1
WP_011103017.1,DAKCFMEO_01310,90.0,522,522,522,2.6e-260,892.1,1,1
WP_011103018.1,DAKCFMEO_01309,90.1,272,274,273,2.6e-139,489.2,0.992701,0.996337
WP_011103021.1,DAKCFMEO_01307,89.8,325,325,325,7.1e-168,584.3,1,1
WP_011103022.1,DAKCFMEO_01306,81.1,185,185,185,1.6e-84,306.6,1,1
WP_011103024.1,DAKCFMEO_01304,89.4,341,341,341,8.8e-177,614.0,1,1
WP_011103025.1,DAKCFMEO_01301,95.2,438,448,436,4.6e-242,831.2,0.977679,1.00459
WP_011103027.1,DAKCFMEO_01297,94.0,183,183,183,3.2e-101,362.1,1,1
WP_011103028.1,DAKCFMEO_01295,96.2,684,684,684,0.0e+00,1275.4,1,1
WP_011103029.1,DAKCFMEO_01294,90.2,183,183,184,1.5e-95,343.2,1,0.994565
WP_011103031.1,DAKCFMEO_01917,35.1,416,412,415,4.2e-48,186.8,1.00971,1.00241
WP_011103034.1,DAKCFMEO_03800,30.2,275,311,316,3.9e-30,126.7,0.884244,0.870253
WP_011103037.1,DAKCFMEO_01915,95.1,244,244,244,7.0e-128,451.1,1,1
WP_011103038.1,DAKCFMEO_01916,94.2,276,276,276,5.3e-156,544.7,1,1
WP_011103039.1,DAKCFMEO_01917,94.9,415,415,415,3.2e-229,788.5,1,1
WP_011103040.1,DAKCFMEO_01918,87.8,49,48,49,5.8e-18,83.6,1.02083,1
WP_011103041.1,DAKCFMEO_01921,89.1,948,948,948,0.0e+00,1733.4,1,1
WP_011103042.1,DAKCFMEO_01818,94.4,443,443,443,1.7e-228,786.2,1,1
WP_011103045.1,DAKCFMEO_02004,81.0,237,237,237,2.6e-111,396.0,1,1
WP_011103046.1,DAKCFMEO_02006,80.7,285,285,285,3.4e-134,472.2,1,1
WP_011103048.1,DAKCFMEO_02008,94.1,424,424,431,6.7e-235,807.4,1,0.983759
WP_011103049.1,DAKCFMEO_02009,94.5,545,545,545,1.6e-305,1042.3,1,1
WP_011103050.1,DAKCFMEO_02012,91.7,613,613,613,0.0e+00,1093.2,1,1
WP_011103051.1,DAKCFMEO_02015,88.5,384,384,384,2.2e-200,692.6,1,1
WP_011103052.1,DAKCFMEO_02016,92.7,385,385,385,2.3e-210,725.7,1,1
WP_011103053.1,DAKCFMEO_02017,93.8,485,485,485,2.8e-245,842.0,1,1
WP_011103055.1,DAKCFMEO_05182,94.0,434,434,434,8.4e-241,827.0,1,1
WP_011103056.1,DAKCFMEO_05181,83.9,218,218,218,5.0e-109,388.3,1,1
WP_011103057.1,DAKCFMEO_00700,32.4,373,498,434,5.2e-37,150.2,0.748996,0.859447
WP_011103058.1,DAKCFMEO_02034,94.5,526,527,527,2.4e-282,965.3,0.998102,0.998102
WP_011103059.1,DAKCFMEO_02035,92.9,340,340,340,1.9e-187,649.4,1,1
WP_011103085.1,DAKCFMEO_02079,97.1,480,480,480,1.2e-269,922.9,1,1
WP_011103086.1,DAKCFMEO_02080,96.7,426,426,426,6.1e-236,810.8,1,1
WP_011103090.1,DAKCFMEO_05163,79.2,638,643,643,9.4e-297,1013.4,0.992224,0.992224
WP_011103091.1,DAKCFMEO_05161,94.7,338,338,336,5.4e-187,647.9,1,1.00595
WP_011103092.1,DAKCFMEO_05157,86.1,173,174,174,2.2e-83,302.8,0.994253,0.994253
WP_011103093.1,DAKCFMEO_05156,67.5,234,234,234,1.1e-88,320.9,1,1
WP_011103094.1,DAKCFMEO_01979,93.7,537,538,538,3.9e-280,958.0,0.998141,0.998141
WP_011103095.1,DAKCFMEO_01981,88.3,128,128,128,1.3e-59,223.4,1,1
WP_011103096.1,DAKCFMEO_01985,94.8,154,159,155,8.8e-79,287.3,0.968553,0.993548
WP_011103099.1,DAKCFMEO_01817,89.0,155,155,154,1.4e-76,280.0,1,1.00649
WP_011103100.1,DAKCFMEO_01815,55.8,95,95,94,1.0e-21,97.1,1,1.01064
WP_011103101.1,DAKCFMEO_01812,88.2,595,595,595,1.4e-294,1006.1,1,1
WP_011103103.1,DAKCFMEO_02182,84.4,256,259,259,7.7e-133,467.6,0.988417,0.988417
WP_011103104.1,DAKCFMEO_02183,73.5,701,677,696,8.7e-253,867.5,1.03545,1.00718
WP_011103107.1,DAKCFMEO_05124,84.5,348,348,348,6.4e-167,581.3,1,1
WP_011103108.1,DAKCFMEO_05122,93.1,437,441,441,3.4e-237,815.1,0.99093,0.99093
WP_011103109.1,DAKCFMEO_05121,92.0,311,311,311,2.3e-163,569.3,1,1
WP_011103110.1,DAKCFMEO_05120,97.7,345,345,345,1.4e-198,686.4,1,1
WP_011103111.1,DAKCFMEO_05118,99.4,361,361,361,7.8e-200,690.6,1,1
WP_011103113.1,DAKCFMEO_05117,79.9,204,210,207,3.4e-94,339.0,0.971429,0.985507
WP_011103115.1,DAKCFMEO_05115,85.9,184,185,185,1.2e-82,300.4,0.994595,0.994595
WP_011103118.1,DAKCFMEO_02140,93.4,257,257,257,1.1e-131,463.8,1,1
WP_011103119.1,DAKCFMEO_02142,87.2,298,299,307,1.1e-154,540.4,0.996656,0.970684
WP_011103122.1,DAKCFMEO_05275,44.8,201,195,193,1.5e-43,170.6,1.03077,1.04145
WP_011103123.1,DAKCFMEO_02147,94.6,1048,1053,1050,0.0e+00,1863.2,0.995252,0.998095
WP_011103124.1,DAKCFMEO_02151,77.5,463,463,463,1.3e-204,706.8,1,1
WP_011103125.1,DAKCFMEO_02154,69.1,560,561,560,4.9e-233,801.6,0.998217,1
WP_011103126.1,DAKCFMEO_02160,95.4,347,347,349,3.9e-196,678.3,1,0.994269
WP_011103127.1,DAKCFMEO_02169,96.0,176,176,176,7.4e-103,367.5,1,1
WP_011103128.1,DAKCFMEO_02170,98.5,686,686,686,0.0e+00,1401.0,1,1
WP_011103131.1,DAKCFMEO_02173,85.4,268,265,268,5.7e-123,434.9,1.01132,1
WP_011103132.1,DAKCFMEO_02174,52.7,431,598,422,5.0e-127,449.5,0.720736,1.02133
WP_011103134.1,DAKCFMEO_04976,85.0,441,441,441,3.4e-221,761.9,1,1
WP_011103135.1,DAKCFMEO_02179,83.9,248,248,248,4.3e-117,415.2,1,1
WP_011103137.1,DAKCFMEO_05038,81.8,285,285,285,1.8e-143,503.1,1,1
WP_011103140.1,DAKCFMEO_05026,88.1,236,236,259,3.0e-123,435.6,1,0.911197
WP_011103141.1,DAKCFMEO_05055,88.5,461,462,462,6.0e-221,761.1,0.997835,0.997835
WP_011103142.1,DAKCFMEO_02943,83.1,325,330,327,2.6e-157,549.3,0.984848,0.993884
WP_011103143.1,DAKCFMEO_02944,94.7,377,377,377,4.8e-208,718.0,1,1
WP_011103144.1,DAKCFMEO_02960,88.1,210,210,210,1.4e-95,343.6,1,1
WP_011103145.1,DAKCFMEO_04966,83.9,541,541,541,3.2e-213,735.7,1,1
WP_011103148.1,DAKCFMEO_02940,89.5,237,237,237,1.9e-122,433.0,1,1
WP_011103158.1,DAKCFMEO_02928,89.9,347,347,343,5.2e-177,614.8,1,1.01166
WP_011103159.1,DAKCFMEO_02926,82.9,638,638,634,0.0e+00,1115.1,1,1.00631
WP_011103160.1,DAKCFMEO_02922,91.2,396,396,396,2.8e-211,728.8,1,1
WP_011103161.1,DAKCFMEO_02920,83.6,268,269,269,2.9e-127,449.1,0.996283,0.996283
WP_011103162.1,DAKCFMEO_02917,95.7,601,601,601,0.0e+00,1187.9,1,1
WP_011103167.1,DAKCFMEO_02915,92.7,592,592,592,0.0e+00,1111.3,1,1
WP_011103171.1,DAKCFMEO_03040,69.5,429,432,429,8.2e-172,597.8,0.993056,1
WP_011103181.1,DAKCFMEO_02865,96.6,117,117,117,3.2e-62,231.9,1,1
WP_011103182.1,DAKCFMEO_02864,89.6,173,174,175,7.1e-90,324.3,0.994253,0.988571
WP_011103183.1,DAKCFMEO_02863,91.9,405,409,410,3.3e-223,768.5,0.99022,0.987805
WP_011103184.1,DAKCFMEO_02862,96.3,520,520,520,3.5e-310,1057.7,1,1
WP_011103185.1,DAKCFMEO_02860,98.9,640,640,640,0.0e+00,1266.1,1,1
WP_011103186.1,DAKCFMEO_02858,81.7,300,300,300,3.7e-147,515.4,1,1
WP_011103187.1,DAKCFMEO_02855,93.0,329,329,329,1.9e-176,612.8,1,1
WP_011103191.1,DAKCFMEO_02850,78.3,254,255,255,2.2e-116,412.9,0.996078,0.996078
WP_011103195.1,DAKCFMEO_02844,95.9,415,415,415,4.4e-223,768.1,1,1
WP_011103197.1,DAKCFMEO_02838,84.0,643,640,643,0.0e+00,1084.7,1.00469,1
WP_011103203.1,DAKCFMEO_02828,93.8,498,498,498,5.6e-273,934.1,1,1
WP_011103204.1,DAKCFMEO_02825,66.3,841,714,842,6.7e-211,728.4,1.17787,0.998812
WP_011103215.1,DAKCFMEO_02812,96.3,348,349,353,2.1e-186,646.0,0.997135,0.985836
WP_011103216.1,DAKCFMEO_02810,81.8,231,231,230,2.2e-107,382.9,1,1.00435
WP_011103217.1,DAKCFMEO_02803,58.8,311,310,299,4.8e-97,349.0,1.00323,1.04013
WP_011103219.1,DAKCFMEO_03487,76.2,319,319,319,1.5e-141,496.9,1,1
WP_011103220.1,DAKCFMEO_03500,99.1,1357,1357,1357,0.0e+00,2647.5,1,1
WP_011103224.1,DAKCFMEO_03539,68.4,247,247,251,2.6e-101,362.8,1,0.984064
WP_011103225.1,DAKCFMEO_03544,67.6,435,478,436,1.6e-171,597.0,0.910042,0.997706
WP_011103226.1,DAKCFMEO_00498,34.5,145,173,143,2.9e-19,89.7,0.83815,1.01399
WP_011103227.1,DAKCFMEO_02057,88.3,256,256,256,3.4e-125,442.2,1,1
WP_011103229.1,DAKCFMEO_03546,90.0,768,768,762,0.0e+00,1390.9,1,1.00787
WP_011103232.1,DAKCFMEO_03554,87.7,309,309,309,3.8e-155,542.0,1,1
WP_011103233.1,DAKCFMEO_03560,88.2,195,195,195,1.5e-93,336.7,1,1
WP_011103234.1,DAKCFMEO_03564,85.3,217,217,218,7.4e-105,374.4,1,0.995413
WP_011103235.1,DAKCFMEO_03567,90.3,381,381,381,6.5e-197,681.0,1,1
WP_011103236.1,DAKCFMEO_03568,95.9,220,220,220,1.3e-117,416.8,1,1
WP_011103237.1,DAKCFMEO_03569,96.7,363,363,363,1.9e-201,696.0,1,1
WP_011103238.1,DAKCFMEO_03571,94.5,165,165,165,5.0e-85,308.1,1,1
WP_011103239.1,DAKCFMEO_03572,84.6,319,321,321,1.6e-151,530.0,0.993769,0.993769
WP_011103240.1,DAKCFMEO_03575,95.4,631,631,631,0.0e+00,1201.0,1,1
WP_011103241.1,DAKCFMEO_03578,89.4,387,388,388,2.9e-208,718.8,0.997423,0.997423
WP_011103253.1,DAKCFMEO_03584,87.3,268,269,270,5.0e-143,501.5,0.996283,0.992593
WP_011103255.1,DAKCFMEO_03588,97.0,464,464,464,6.4e-255,874.0,1,1
WP_011103256.1,DAKCFMEO_03589,97.8,506,506,506,3.0e-290,991.5,1,1
WP_011103257.1,DAKCFMEO_03598,91.3,196,196,196,9.4e-99,354.0,1,1
WP_011103258.1,DAKCFMEO_03665,81.3,187,187,187,2.9e-89,322.4,1,1
WP_011103259.1,DAKCFMEO_03666,78.8,212,212,207,5.1e-90,325.1,1,1.02415
WP_011103261.1,DAKCFMEO_03669,74.4,285,285,285,1.2e-126,447.2,1,1
WP_011103262.1,DAKCFMEO_03670,87.4,451,451,451,2.2e-228,785.8,1,1
WP_011103263.1,DAKCFMEO_03671,93.4,425,425,425,7.2e-229,787.3,1,1
WP_011103267.1,DAKCFMEO_03683,88.0,301,307,301,2.2e-150,526.2,0.980456,1
WP_011103268.1,DAKCFMEO_03686,90.0,319,321,322,6.8e-179,620.9,0.993769,0.990683
WP_011103269.1,DAKCFMEO_03689,88.5,322,322,322,8.1e-156,544.3,1,1
WP_011103270.1,DAKCFMEO_03695,94.5,451,451,451,3.8e-252,864.8,1,1
WP_011103272.1,DAKCFMEO_01770,37.0,508,517,511,7.0e-77,282.7,0.982592,0.994129
WP_011103273.1,DAKCFMEO_03705,92.0,465,465,465,1.4e-241,829.7,1,1
WP_011103274.1,DAKCFMEO_03708,95.8,497,497,497,4.9e-285,974.2,1,1
WP_011103275.1,DAKCFMEO_00609,90.9,1158,1158,1158,0.0e+00,2156.7,1,1
WP_011103276.1,DAKCFMEO_00608,89.5,1230,1230,1230,0.0e+00,2239.5,1,1
WP_011103277.1,DAKCFMEO_00607,91.7,697,697,697,0.0e+00,1263.8,1,1
WP_011103279.1,DAKCFMEO_00600,95.1,508,508,508,5.9e-270,924.1,1,1
WP_011103280.1,DAKCFMEO_00599,89.8,295,296,295,1.6e-150,526.6,0.996622,1
WP_011103281.1,DAKCFMEO_00598,91.6,656,656,656,0.0e+00,1238.8,1,1
WP_011103282.1,DAKCFMEO_00595,94.3,575,575,615,0.0e+00,1095.1,1,0.934959
WP_011103283.1,DAKCFMEO_00593,90.9,275,275,275,1.1e-132,467.2,1,1
WP_011103284.1,DAKCFMEO_00592,86.8,266,265,266,4.5e-128,451.8,1.00377,1
WP_011103285.1,DAKCFMEO_00591,94.7,283,283,283,7.6e-150,524.2,1,1
WP_011103287.1,DAKCFMEO_00590,95.9,344,344,344,5.5e-195,674.5,1,1
WP_011103288.1,DAKCFMEO_00589,86.6,365,366,368,1.1e-190,660.2,0.997268,0.991848
WP_011103289.1,DAKCFMEO_00587,72.0,254,254,254,5.0e-92,332.0,1,1
WP_011103291.1,DAKCFMEO_00534,95.7,943,943,943,0.0e+00,1885.5,1,1
WP_011103292.1,DAKCFMEO_00528,76.2,172,171,172,3.6e-62,232.3,1.00585,1
WP_011103293.1,DAKCFMEO_00527,77.9,235,235,234,1.2e-97,350.5,1,1.00427
WP_011103294.1,DAKCFMEO_00526,67.3,171,168,168,2.6e-49,189.5,1.01786,1.01786
WP_011103295.1,DAKCFMEO_00525,73.6,1089,1067,1086,0.0e+00,1600.1,1.02062,1.00276
WP_011103296.1,DAKCFMEO_00524,74.4,133,133,133,2.6e-31,129.4,1,1
WP_011103298.1,DAKCFMEO_04449,79.3,1031,1036,1036,0.0e+00,1604.7,0.995174,0.995174
WP_011103299.1,DAKCFMEO_04448,57.8,372,371,368,2.4e-103,370.2,1.0027,1.01087
WP_011103300.1,DAKCFMEO_04447,59.3,194,205,204,3.9e-63,235.7,0.946341,0.95098
WP_011103301.1,DAKCFMEO_00522,87.7,446,446,446,1.8e-222,766.1,1,1
WP_011103303.1,DAKCFMEO_00518,85.1,242,242,242,2.0e-122,433.0,1,1
WP_011103304.1,DAKCFMEO_03118,82.8,558,642,557,6.5e-266,911.0,0.869159,1.0018
WP_011103312.1,DAKCFMEO_03614,48.1,405,413,442,8.0e-100,358.6,0.98063,0.91629
WP_011103314.1,DAKCFMEO_04704,36.1,133,137,134,3.7e-17,82.4,0.970803,0.992537
WP_011103329.1,DAKCFMEO_00803,30.1,339,330,338,6.3e-31,129.4,1.02727,1.00296
WP_011103331.1,DAKCFMEO_01167,52.1,361,381,368,3.0e-101,363.2,0.947507,0.980978
WP_011103336.1,DAKCFMEO_01791,68.7,422,422,422,1.9e-173,603.2,1,1
WP_011103337.1,DAKCFMEO_01790,57.5,167,168,165,4.1e-50,192.2,0.994048,1.01212
WP_011103339.1,DAKCFMEO_01789,45.9,529,537,549,3.3e-130,459.9,0.985102,0.96357
WP_011103345.1,DAKCFMEO_02884,87.3,700,700,694,0.0e+00,1157.9,1,1.00865
WP_011103349.1,DAKCFMEO_00503,85.9,405,405,405,1.2e-193,670.2,1,1
WP_011103350.1,DAKCFMEO_00502,85.9,561,564,566,5.7e-274,937.6,0.994681,0.991166
WP_011103351.1,DAKCFMEO_00501,42.2,135,142,169,1.4e-11,63.9,0.950704,0.798817
WP_011103353.1,DAKCFMEO_03581,40.6,207,206,222,2.1e-32,133.7,1.00485,0.932432
WP_011103355.1,DAKCFMEO_00494,91.0,377,377,377,1.8e-199,689.5,1,1
WP_011103356.1,DAKCFMEO_00492,79.9,363,364,364,2.7e-168,585.9,0.997253,0.997253
WP_011103358.1,DAKCFMEO_00488,89.3,401,401,399,1.1e-189,657.1,1,1.00501
WP_011103359.1,DAKCFMEO_00483,88.9,413,412,413,4.7e-209,721.5,1.00243,1
WP_011103361.1,DAKCFMEO_00480,82.5,750,751,748,0.0e+00,1163.3,0.998668,1.00267
WP_011103362.1,DAKCFMEO_00479,90.1,182,182,182,1.0e-99,357.1,1,1
WP_011103363.1,DAKCFMEO_00478,85.2,277,278,278,1.9e-129,456.4,0.996403,0.996403
WP_011103365.1,DAKCFMEO_00475,92.8,916,955,956,0.0e+00,1627.8,0.959162,0.958159
WP_011103366.1,DAKCFMEO_00473,92.3,584,584,580,8.3e-268,917.1,1,1.0069
WP_011103367.1,DAKCFMEO_01673,93.4,392,392,392,3.9e-205,708.4,1,1
WP_011103368.1,DAKCFMEO_01672,83.3,288,288,288,7.5e-145,507.7,1,1
WP_011103369.1,DAKCFMEO_01670,95.3,554,554,554,0.0e+00,1089.3,1,1
WP_011103370.1,DAKCFMEO_01666,85.5,166,168,168,8.7e-77,280.8,0.988095,0.988095
WP_011103371.1,DAKCFMEO_01664,93.7,478,478,477,2.0e-251,862.4,1,1.0021
WP_011103372.1,DAKCFMEO_01658,88.1,235,237,237,1.5e-119,423.3,0.991561,0.991561
WP_011103373.1,DAKCFMEO_01655,68.5,251,259,257,6.4e-95,341.7,0.969112,0.976654
WP_011103375.1,DAKCFMEO_01653,84.0,512,512,512,8.4e-224,770.8,1,1
WP_011103377.1,DAKCFMEO_03483,96.9,939,939,939,0.0e+00,1698.3,1,1
WP_011103378.1,DAKCFMEO_03481,95.5,425,425,425,3.0e-227,781.9,1,1
WP_011103380.1,DAKCFMEO_03475,83.3,216,219,219,3.2e-103,369.0,0.986301,0.986301
WP_011103382.1,DAKCFMEO_03470,83.2,661,671,669,0.0e+00,1159.1,0.985097,0.988042
WP_011103387.1,DAKCFMEO_01753,82.2,409,422,413,3.6e-196,678.7,0.969194,0.990315
WP_011103393.1,DAKCFMEO_01746,93.8,418,418,418,2.4e-224,772.3,1,1
WP_011103395.1,DAKCFMEO_01742,79.9,289,293,289,1.5e-145,510.0,0.986348,1
WP_011103396.1,DAKCFMEO_01741,84.4,326,323,326,1.2e-143,503.8,1.00929,1
WP_011103397.1,DAKCFMEO_01740,94.4,426,426,426,1.6e-212,733.0,1,1
WP_011103398.1,DAKCFMEO_01737,85.0,293,294,294,1.5e-156,546.6,0.996599,0.996599
WP_011103399.1,DAKCFMEO_01736,93.1,275,275,275,3.0e-151,528.9,1,1
WP_011103402.1,DAKCFMEO_01725,86.9,626,626,626,7.1e-257,880.9,1,1
WP_011103404.1,DAKCFMEO_03464,64.5,369,373,376,2.2e-125,443.4,0.989276,0.981383
WP_011103405.1,DAKCFMEO_03463,79.4,612,685,685,4.7e-238,818.5,0.893431,0.893431
WP_011103411.1,DAKCFMEO_03454,76.2,1614,1561,1608,0.0e+00,2140.5,1.03395,1.00373
WP_011103412.1,DAKCFMEO_03453,86.1,454,454,455,4.7e-226,778.1,1,0.997802
WP_011103413.1,DAKCFMEO_03449,96.3,296,296,296,3.8e-168,585.1,1,1
WP_011103415.1,DAKCFMEO_02834,68.2,129,133,203,7.4e-47,181.0,0.969925,0.635468
WP_011103428.1,DAKCFMEO_03445,97.9,194,194,194,2.4e-110,392.5,1,1
WP_011103429.1,DAKCFMEO_03439,82.9,556,575,556,8.3e-220,757.7,0.966957,1
WP_011103430.1,DAKCFMEO_03437,95.0,360,360,360,5.4e-193,667.9,1,1
WP_011103431.1,DAKCFMEO_03436,88.1,277,277,277,3.1e-140,492.3,1,1
WP_011103433.1,DAKCFMEO_03431,80.5,169,167,170,8.6e-77,280.8,1.01198,0.994118
WP_011103434.1,DAKCFMEO_03430,92.2,422,422,422,3.2e-229,788.5,1,1
WP_011103436.1,DAKCFMEO_03420,85.7,300,300,300,3.0e-157,548.9,1,1
WP_011103440.1,DAKCFMEO_03403,73.6,87,86,87,9.1e-30,123.6,1.01163,1
WP_011103441.1,DAKCFMEO_03395,94.3,645,645,645,0.0e+00,1218.4,1,1
WP_011103443.1,DAKCFMEO_03393,84.5,909,910,910,0.0e+00,1510.0,0.998901,0.998901
WP_011103444.1,DAKCFMEO_03391,80.4,163,180,177,4.0e-72,265.4,0.905556,0.920904
WP_011103445.1,DAKCFMEO_03390,83.4,259,259,259,6.3e-127,448.0,1,1
WP_011103446.1,DAKCFMEO_03388,94.7,245,246,246,3.2e-136,478.8,0.995935,0.995935
WP_011103449.1,DAKCFMEO_03384,92.6,363,363,363,2.4e-201,695.7,1,1
WP_011103450.1,DAKCFMEO_03383,90.1,504,503,504,2.2e-253,869.0,1.00199,1
WP_011103454.1,DAKCFMEO_03379,91.9,297,307,298,2.3e-168,585.9,0.967427,0.996644
WP_011103456.1,DAKCFMEO_03374,93.5,367,367,367,1.4e-204,706.4,1,1
WP_011103457.1,DAKCFMEO_02793,48.3,118,114,118,1.1e-22,100.5,1.03509,1
WP_011103458.1,DAKCFMEO_02782,85.6,201,201,201,7.1e-102,364.4,1,1
WP_011103459.1,DAKCFMEO_02779,90.4,303,306,303,1.0e-160,560.5,0.990196,1
WP_011103464.1,DAKCFMEO_02769,95.1,162,162,162,3.2e-84,305.4,1,1
WP_011103465.1,DAKCFMEO_02942,50.3,157,180,172,2.0e-34,140.2,0.872222,0.912791
WP_011103466.1,DAKCFMEO_02943,39.4,322,320,327,2.7e-42,167.2,1.00625,0.984709
WP_011103467.1,DAKCFMEO_01431,31.5,727,833,707,2.6e-81,298.1,0.872749,1.02829
WP_011103468.1,DAKCFMEO_02761,95.5,782,782,782,0.0e+00,1530.8,1,1
WP_011103471.1,DAKCFMEO_02756,70.4,108,110,109,8.9e-38,150.6,0.981818,0.990826
WP_011103472.1,DAKCFMEO_02753,92.0,324,324,324,4.4e-170,591.7,1,1
WP_011103474.1,DAKCFMEO_02748,91.2,283,286,284,1.4e-148,520.0,0.98951,0.996479
WP_011103475.1,DAKCFMEO_00120,59.4,207,209,212,1.1e-60,227.6,0.990431,0.976415
WP_011103477.1,DAKCFMEO_02747,91.9,272,272,272,4.4e-139,488.4,1,1
WP_011103479.1,DAKCFMEO_02744,67.4,635,922,867,7.0e-253,868.2,0.68872,0.732411
WP_011103480.1,DAKCFMEO_02741,93.4,391,391,391,2.7e-214,738.8,1,1
WP_011103481.1,DAKCFMEO_02739,92.9,380,378,377,3.7e-208,718.4,1.00529,1.00796
WP_011103482.1,DAKCFMEO_02738,96.5,479,479,485,1.9e-278,952.2,1,0.987629
WP_011103483.1,DAKCFMEO_02737,85.4,536,536,536,1.8e-264,906.0,1,1
WP_011103488.1,DAKCFMEO_02722,92.9,393,393,393,1.0e-208,720.3,1,1
WP_011103489.1,DAKCFMEO_02720,99.2,254,254,254,3.2e-147,515.4,1,1
WP_011103493.1,DAKCFMEO_03307,97.4,948,948,948,0.0e+00,1859.0,1,1
WP_011103494.1,DAKCFMEO_03303,92.7,495,496,496,1.1e-263,903.3,0.997984,0.997984
WP_011103496.1,DAKCFMEO_03296,91.3,127,127,127,1.6e-62,233.0,1,1
WP_011103499.1,DAKCFMEO_02977,90.8,468,468,468,8.7e-244,837.0,1,1
WP_011103501.1,DAKCFMEO_02990,78.0,500,502,508,4.2e-228,785.0,0.996016,0.984252
WP_011103502.1,DAKCFMEO_02993,95.0,1034,1034,1033,0.0e+00,1818.9,1,1.00097
WP_011103503.1,DAKCFMEO_02994,82.9,385,388,388,5.1e-165,575.1,0.992268,0.992268
WP_011103504.1,DAKCFMEO_02997,68.4,250,250,248,3.9e-89,322.4,1,1.00806
WP_011103508.1,DAKCFMEO_03014,96.5,339,339,339,9.0e-198,683.7,1,1
WP_011103509.1,DAKCFMEO_03015,83.1,320,331,323,2.0e-154,539.7,0.966767,0.990712
WP_011103510.1,DAKCFMEO_04966,54.4,338,550,541,8.0e-55,209.5,0.614545,0.624769
WP_011103511.1,DAKCFMEO_03016,86.6,262,263,262,3.8e-135,475.3,0.996198,1
WP_011103512.1,DAKCFMEO_05213,37.6,327,336,337,1.1e-54,208.4,0.973214,0.970326
WP_011103513.1,DAKCFMEO_03018,88.4,172,172,172,1.9e-87,316.2,1,1
WP_011103515.1,DAKCFMEO_04791,52.6,325,322,312,2.7e-87,316.6,1.00932,1.04167
WP_011103517.1,DAKCFMEO_02892,82.0,579,579,579,1.1e-277,949.9,1,1
WP_011103519.1,DAKCFMEO_05165,30.2,265,425,328,8.5e-28,119.4,0.623529,0.807927
WP_011103523.1,DAKCFMEO_01772,84.4,128,131,128,1.4e-61,229.9,0.977099,1
WP_011103524.1,DAKCFMEO_01768,92.6,338,338,341,1.8e-198,686.0,1,0.991202
WP_011103525.1,DAKCFMEO_01765,91.3,369,369,369,1.5e-198,686.4,1,1
WP_011103526.1,DAKCFMEO_01764,78.1,598,601,602,9.4e-267,913.7,0.995008,0.993355
WP_011103527.1,DAKCFMEO_01291,77.4,124,131,177,1.9e-55,209.5,0.946565,0.700565
WP_011103528.1,DAKCFMEO_04465,59.2,147,148,147,7.2e-43,167.9,0.993243,1
WP_011103532.1,DAKCFMEO_01473,43.6,1619,1795,1719,0.0e+00,1175.2,0.90195,0.941827
WP_011103533.1,DAKCFMEO_01489,59.3,280,314,312,7.2e-93,335.1,0.89172,0.897436
WP_011103538.1,DAKCFMEO_01461,45.3,148,184,235,3.0e-30,126.3,0.804348,0.629787
WP_011103546.1,DAKCFMEO_03343,94.0,620,620,621,0.0e+00,1119.8,1,0.99839
WP_011103548.1,DAKCFMEO_03351,97.2,429,429,429,1.3e-246,846.3,1,1
WP_011103549.1,DAKCFMEO_03352,89.2,213,213,213,6.2e-104,371.3,1,1
WP_011103550.1,DAKCFMEO_03356,89.3,262,263,263,1.2e-141,496.9,0.996198,0.996198
WP_011103551.1,DAKCFMEO_03358,96.9,289,289,289,1.5e-156,546.6,1,1
WP_011103557.1,DAKCFMEO_00745,91.3,415,431,416,7.8e-239,820.5,0.962877,0.997596
WP_011103560.1,DAKCFMEO_03280,95.8,457,457,457,5.3e-270,924.1,1,1
WP_011103562.1,DAKCFMEO_03277,95.4,1298,1298,1298,0.0e+00,2508.8,1,1
WP_011103564.1,DAKCFMEO_03274,92.2,180,183,183,4.4e-98,351.7,0.983607,0.983607
WP_011103566.1,DAKCFMEO_03273,93.4,198,198,226,1.3e-108,386.7,1,0.876106
WP_011103567.1,DAKCFMEO_03268,92.0,438,438,439,8.0e-223,767.3,1,0.997722
WP_011103569.1,DAKCFMEO_03257,95.5,469,469,469,6.0e-269,920.6,1,1
WP_011103574.1,DAKCFMEO_03250,95.8,571,569,571,0.0e+00,1087.0,1.00351,1
WP_011103575.1,DAKCFMEO_03249,92.7,368,368,368,1.8e-204,706.1,1,1
WP_011103576.1,DAKCFMEO_03248,76.7,694,695,698,0.0e+00,1082.4,0.998561,0.994269
WP_011103578.1,DAKCFMEO_03244,82.3,424,426,424,7.9e-175,607.8,0.995305,1
WP_011103579.1,DAKCFMEO_03242,85.7,792,793,786,0.0e+00,1268.1,0.998739,1.00763
WP_011103581.1,DAKCFMEO_03232,85.3,102,106,107,1.8e-48,186.0,0.962264,0.953271
WP_011103582.1,DAKCFMEO_03228,93.8,878,878,878,0.0e+00,1620.1,1,1
WP_011103583.1,DAKCFMEO_03226,90.2,215,215,215,3.2e-108,385.6,1,1
WP_011103586.1,DAKCFMEO_03209,58.0,810,842,837,1.8e-292,999.6,0.961995,0.967742
WP_011103587.1,DAKCFMEO_03208,85.5,276,276,276,5.7e-134,471.5,1,1
WP_011103588.1,DAKCFMEO_03207,83.0,135,135,135,9.1e-61,227.3,1,1
WP_011103589.1,DAKCFMEO_03206,90.5,401,401,401,1.1e-213,736.9,1,1
WP_011103590.1,DAKCFMEO_03203,72.2,266,282,278,3.5e-115,409.1,0.943262,0.956835
WP_011103591.1,DAKCFMEO_03202,94.5,397,397,397,2.7e-230,792.0,1,1
WP_011103592.1,DAKCFMEO_03194,94.5,271,271,271,9.5e-142,497.3,1,1
WP_011103593.1,DAKCFMEO_03192,89.1,450,450,450,1.6e-234,806.2,1,1
WP_011103594.1,DAKCFMEO_03187,96.1,258,258,258,3.2e-115,409.1,1,1
WP_011103595.1,DAKCFMEO_03186,90.5,380,380,380,3.0e-194,672.2,1,1
WP_011103596.1,DAKCFMEO_03184,97.0,1173,1173,1173,0.0e+00,2286.1,1,1
WP_011103598.1,DAKCFMEO_03172,90.3,352,352,352,2.0e-184,639.4,1,1
WP_011103604.1,DAKCFMEO_02674,50.8,63,60,64,5.9e-12,63.9,1.05,0.984375
WP_011103605.1,DAKCFMEO_00068,90.4,416,436,419,1.3e-217,750.0,0.954128,0.99284
WP_011103606.1,DAKCFMEO_03321,34.0,97,103,101,2.1e-12,66.2,0.941748,0.960396
WP_011103608.1,DAKCFMEO_00067,69.1,369,370,371,8.7e-146,511.1,0.997297,0.994609
WP_011103609.1,DAKCFMEO_00066,87.9,297,297,297,1.3e-155,543.5,1,1
WP_011103610.1,DAKCFMEO_00065,81.8,396,402,399,1.2e-172,600.5,0.985075,0.992481
WP_011103611.1,DAKCFMEO_00064,87.5,321,342,321,2.7e-165,575.9,0.938596,1
WP_011103613.1,DAKCFMEO_04393,39.2,232,253,250,7.0e-38,152.1,0.916996,0.928
WP_011103614.1,DAKCFMEO_04445,88.9,244,248,247,2.0e-122,433.0,0.983871,0.987854
WP_011103617.1,DAKCFMEO_00052,90.9,285,287,290,3.6e-147,515.4,0.993031,0.982759
WP_011103622.1,DAKCFMEO_00039,79.5,337,337,337,4.0e-158,552.0,1,1
WP_011103623.1,DAKCFMEO_00037,65.1,166,166,166,8.3e-56,211.1,1,1
WP_011103625.1,DAKCFMEO_00035,82.3,271,273,273,1.2e-136,480.3,0.992674,0.992674
WP_011103626.1,DAKCFMEO_00032,75.4,69,106,106,5.6e-21,94.7,0.650943,0.650943
WP_011103627.1,DAKCFMEO_00031,85.8,387,387,394,1.8e-202,699.5,1,0.982234
WP_011103628.1,DAKCFMEO_00029,90.3,724,724,723,0.0e+00,1315.8,1,1.00138
WP_011103631.1,DAKCFMEO_00024,55.4,296,290,296,8.8e-85,308.1,1.02069,1
WP_011103632.1,DAKCFMEO_00023,71.3,352,358,372,8.7e-151,527.7,0.98324,0.946237
WP_011103633.1,DAKCFMEO_00022,88.2,397,405,404,4.4e-183,635.2,0.980247,0.982673
WP_011103634.1,DAKCFMEO_00021,88.1,302,302,304,8.4e-147,514.2,1,0.993421
WP_011103637.1,DAKCFMEO_04209,97.6,590,590,590,0.0e+00,1179.9,1,1
WP_011103640.1,DAKCFMEO_04212,75.8,825,825,822,0.0e+00,1207.2,1,1.00365
WP_011103641.1,DAKCFMEO_04213,86.5,222,222,222,4.9e-104,371.7,1,1
WP_011103642.1,DAKCFMEO_04214,86.1,660,660,663,0.0e+00,1169.8,1,0.995475
WP_011103643.1,DAKCFMEO_04215,90.8,498,498,498,4.7e-272,931.0,1,1
WP_011103644.1,DAKCFMEO_04220,80.3,132,133,133,3.4e-60,225.3,0.992481,0.992481
WP_011103647.1,DAKCFMEO_00018,86.3,445,521,521,7.2e-154,538.5,0.854127,0.854127
WP_011103648.1,DAKCFMEO_04410,85.8,1001,1001,1000,0.0e+00,1681.0,1,1.001
WP_011103651.1,DAKCFMEO_00012,74.1,170,191,184,3.1e-78,285.8,0.890052,0.923913
WP_011103659.1,DAKCFMEO_02559,40.6,229,250,244,7.6e-45,175.3,0.916,0.938525
WP_011103665.1,DAKCFMEO_02239,66.8,208,248,225,9.8e-77,281.2,0.83871,0.924444
WP_011103669.1,DAKCFMEO_02249,94.5,274,274,274,2.9e-154,538.9,1,1
WP_011103670.1,DAKCFMEO_02250,93.3,223,223,223,1.9e-124,439.5,1,1
WP_011103671.1,DAKCFMEO_02253,89.7,117,117,117,1.4e-57,216.5,1,1
WP_011103672.1,DAKCFMEO_02255,80.7,135,135,135,6.1e-65,241.1,1,1
WP_011103673.1,DAKCFMEO_02259,91.8,917,917,917,0.0e+00,1615.1,1,1
WP_011103674.1,DAKCFMEO_02261,88.9,451,451,451,1.9e-235,809.3,1,1
WP_011103676.1,DAKCFMEO_02263,87.4,277,277,277,8.8e-143,500.7,1,1
WP_011103677.1,DAKCFMEO_02269,90.9,320,366,357,4.1e-164,572.0,0.874317,0.896359
WP_011103680.1,DAKCFMEO_02279,91.1,302,302,302,5.4e-162,564.7,1,1
WP_011103681.1,DAKCFMEO_02280,83.1,332,334,333,8.1e-167,580.9,0.994012,0.996997
WP_011103682.1,DAKCFMEO_02285,70.7,242,243,243,4.9e-89,322.0,0.995885,0.995885
WP_011103684.1,DAKCFMEO_02287,91.3,183,183,183,9.1e-96,344.0,1,1
WP_011103689.1,DAKCFMEO_02297,82.4,204,204,204,2.9e-103,369.0,1,1
WP_011103690.1,DAKCFMEO_02302,83.3,210,210,210,7.0e-100,357.8,1,1
WP_011103691.1,DAKCFMEO_02304,82.6,818,818,820,0.0e+00,1365.5,1,0.997561
WP_011103692.1,DAKCFMEO_02308,91.5,223,223,223,7.6e-121,427.6,1,1
WP_011103695.1,DAKCFMEO_02321,70.8,325,326,325,1.9e-128,453.4,0.996933,1
WP_011103696.1,DAKCFMEO_02322,66.5,337,338,338,8.2e-127,448.0,0.997041,0.997041
WP_011103697.1,DAKCFMEO_02323,94.1,663,664,665,0.0e+00,1236.5,0.998494,0.996992
WP_011103699.1,DAKCFMEO_02326,88.7,425,425,425,1.5e-213,736.5,1,1
WP_011103700.1,DAKCFMEO_02332,93.2,339,339,339,9.6e-184,637.1,1,1
WP_011103701.1,DAKCFMEO_02335,90.2,235,248,235,3.4e-114,405.6,0.947581,1
WP_011103705.1,DAKCFMEO_02368,87.5,329,329,329,3.3e-157,548.9,1,1
WP_011103706.1,DAKCFMEO_02369,86.9,527,527,527,2.0e-268,919.1,1,1
WP_011103707.1,DAKCFMEO_02370,80.7,202,204,201,4.0e-92,332.0,0.990196,1.00498
WP_011103708.1,DAKCFMEO_04719,39.1,325,362,379,2.0e-54,207.6,0.89779,0.85752
WP_011103709.1,DAKCFMEO_02378,92.3,274,273,275,1.6e-152,533.1,1.00366,0.996364
WP_011103710.1,DAKCFMEO_02380,97.5,484,484,484,9.0e-268,916.8,1,1
WP_011103711.1,DAKCFMEO_02382,86.5,451,450,451,7.1e-227,780.8,1.00222,1
WP_011103715.1,DAKCFMEO_04509,94.0,232,232,232,9.7e-119,420.6,1,1
WP_011103716.1,DAKCFMEO_04511,97.6,254,254,254,7.8e-138,484.2,1,1
WP_011103718.1,DAKCFMEO_04513,95.6,405,405,405,5.6e-231,794.3,1,1
WP_011103720.1,DAKCFMEO_04517,93.3,447,448,448,8.1e-247,847.0,0.997768,0.997768
WP_011103722.1,DAKCFMEO_02397,88.2,331,334,334,8.3e-164,570.9,0.991018,0.991018
WP_011103723.1,DAKCFMEO_02398,94.2,874,874,874,0.0e+00,1630.2,1,1
WP_011103730.1,DAKCFMEO_04825,34.8,135,129,129,9.8e-12,64.3,1.04651,1.04651
WP_011103731.1,DAKCFMEO_02424,61.9,674,693,685,2.7e-265,909.1,0.972583,0.983942
WP_011103732.1,DAKCFMEO_02422,72.6,318,320,320,8.6e-134,471.1,0.99375,0.99375
WP_011103734.1,DAKCFMEO_00838,84.1,296,293,296,1.3e-141,496.9,1.01024,1
WP_011103735.1,DAKCFMEO_00837,79.0,181,181,181,3.4e-79,288.9,1,1
WP_011103737.1,DAKCFMEO_03935,72.6,259,262,262,2.4e-105,376.3,0.98855,0.98855
WP_011103739.1,DAKCFMEO_02437,72.7,681,691,695,8.5e-288,983.8,0.985528,0.979856
WP_011103740.1,DAKCFMEO_02443,96.8,476,483,483,1.4e-273,936.0,0.985507,0.985507
WP_011103748.1,DAKCFMEO_02453,95.2,505,505,505,5.7e-281,960.7,1,1
WP_011103750.1,DAKCFMEO_02455,95.0,458,458,458,3.3e-256,878.2,1,1
WP_011103752.1,DAKCFMEO_02458,83.5,460,461,460,1.1e-219,756.9,0.997831,1
WP_011103753.1,DAKCFMEO_02461,88.6,429,429,428,7.3e-229,787.3,1,1.00234
WP_011103754.1,DAKCFMEO_02462,93.0,457,457,457,1.7e-239,822.8,1,1
WP_011103755.1,DAKCFMEO_02463,95.9,220,220,220,5.0e-117,414.8,1,1
WP_011103756.1,DAKCFMEO_02466,91.0,432,432,432,9.9e-234,803.5,1,1
WP_011103757.1,DAKCFMEO_02468,87.0,677,677,677,0.0e+00,1197.2,1,1
WP_011103759.1,DAKCFMEO_02471,71.6,204,204,204,1.1e-81,297.4,1,1
WP_011103760.1,DAKCFMEO_02472,86.8,744,745,745,0.0e+00,1303.5,0.998658,0.998658
WP_011103763.1,DAKCFMEO_02480,95.5,441,441,441,1.2e-242,833.2,1,1
WP_011103764.1,DAKCFMEO_02481,93.7,394,394,394,3.0e-221,761.9,1,1
WP_011103766.1,DAKCFMEO_02486,84.2,533,533,533,2.5e-226,779.2,1,1
WP_011103771.1,DAKCFMEO_02492,79.8,1173,1173,1192,0.0e+00,1923.3,1,0.98406
WP_011103773.1,DAKCFMEO_02496,97.4,418,465,468,1.6e-221,763.1,0.898925,0.893162
WP_011103775.1,DAKCFMEO_00997,82.2,152,157,159,1.2e-75,276.9,0.968153,0.955975
WP_011103777.1,DAKCFMEO_02506,33.9,593,586,442,4.1e-73,270.4,1.01195,1.34163
WP_011103779.1,DAKCFMEO_02514,79.2,530,530,530,1.1e-223,770.4,1,1
WP_011103781.1,DAKCFMEO_02520,75.9,494,492,493,1.2e-187,650.6,1.00407,1.00203
WP_011103783.1,DAKCFMEO_02525,91.3,471,471,471,1.4e-241,829.7,1,1
WP_011103785.1,DAKCFMEO_02533,82.5,565,568,565,7.1e-272,930.6,0.994718,1
WP_011103786.1,DAKCFMEO_02535,60.5,474,474,474,1.1e-95,345.1,1,1
WP_011103790.1,DAKCFMEO_02550,93.9,755,748,752,6.2e-268,917.9,1.00936,1.00399
WP_011103791.1,DAKCFMEO_02553,93.2,295,295,295,4.1e-154,538.5,1,1
WP_011103794.1,DAKCFMEO_02562,79.8,460,460,460,1.3e-220,760.0,1,1
WP_011103795.1,DAKCFMEO_02566,74.9,179,178,179,8.0e-73,267.7,1.00562,1
WP_011103796.1,DAKCFMEO_02572,89.1,202,202,202,8.2e-106,377.5,1,1
WP_011103797.1,DAKCFMEO_02573,89.6,480,480,480,1.9e-262,899.0,1,1
WP_011103803.1,DAKCFMEO_02580,42.9,210,220,221,1.4e-45,177.6,0.954545,0.950226
WP_011103804.1,DAKCFMEO_02581,93.1,521,521,521,1.9e-215,743.0,1,1
WP_011103806.1,DAKCFMEO_02584,93.5,356,357,360,1.4e-204,706.4,0.997199,0.988889
WP_011103812.1,DAKCFMEO_02601,77.3,128,128,128,7.1e-55,207.6,1,1
WP_011103814.1,DAKCFMEO_02607,93.4,302,302,302,8.3e-171,594.0,1,1
WP_011103816.1,DAKCFMEO_02610,86.1,324,343,323,7.0e-150,524.6,0.944606,1.0031
WP_011103818.1,DAKCFMEO_02614,92.3,181,181,181,1.0e-99,357.1,1,1
WP_011103820.1,DAKCFMEO_02619,86.6,172,172,172,4.1e-82,298.5,1,1
WP_011103821.1,DAKCFMEO_02623,93.4,697,695,697,0.0e+00,1320.4,1.00288,1
WP_011103822.1,DAKCFMEO_02630,85.3,238,242,242,5.5e-125,441.4,0.983471,0.983471
WP_011103824.1,DAKCFMEO_02637,84.4,122,122,122,4.5e-59,221.5,1,1
WP_011103843.1,DAKCFMEO_02815,67.4,181,177,181,2.6e-63,236.1,1.0226,1
WP_011103847.1,DAKCFMEO_02642,87.9,182,188,185,5.1e-94,338.2,0.968085,0.983784
WP_011103848.1,DAKCFMEO_02645,94.2,918,918,914,0.0e+00,1745.7,1,1.00438
WP_011103849.1,DAKCFMEO_02646,82.2,174,174,174,6.6e-80,291.2,1,1
WP_011103850.1,DAKCFMEO_02647,96.5,1150,1150,1150,0.0e+00,2159.0,1,1
WP_011103851.1,DAKCFMEO_02649,85.5,415,420,421,8.8e-203,700.7,0.988095,0.985748
WP_011103852.1,DAKCFMEO_02652,95.1,432,432,430,6.0e-231,794.3,1,1.00465
WP_011103855.1,DAKCFMEO_02667,94.4,393,394,393,1.3e-211,729.9,0.997462,1
WP_011103856.1,DAKCFMEO_02672,86.6,411,415,413,6.0e-204,704.5,0.990361,0.995157
WP_011103857.1,DAKCFMEO_02673,73.1,134,147,136,2.0e-53,203.0,0.911565,0.985294
WP_011103861.1,DAKCFMEO_02677,87.8,311,336,312,7.6e-165,574.3,0.925595,0.996795
WP_011103863.1,DAKCFMEO_02682,81.9,393,394,394,4.2e-183,635.2,0.997462,0.997462
WP_011103866.1,DAKCFMEO_02690,98.3,299,299,299,6.4e-131,461.5,1,1
WP_011103869.1,DAKCFMEO_02697,97.2,325,325,325,4.3e-189,654.8,1,1
WP_011103871.1,DAKCFMEO_02699,81.6,2625,2625,2599,0.0e+00,4269.5,1,1.01
WP_011103872.1,DAKCFMEO_02700,83.4,2157,2151,2156,0.0e+00,3568.9,1.00279,1.00046
WP_011103873.1,DAKCFMEO_02701,83.9,2879,2875,2881,0.0e+00,4781.1,1.00139,0.999306
WP_011103875.1,DAKCFMEO_02704,92.8,554,554,554,8.3e-294,1003.4,1,1
WP_011103877.1,DAKCFMEO_02706,85.7,426,427,426,1.5e-221,763.1,0.997658,1
WP_011103878.1,DAKCFMEO_02708,91.2,536,544,536,3.0e-312,1064.7,0.985294,1
WP_011103880.1,DAKCFMEO_02712,84.0,773,773,782,0.0e+00,1335.9,1,0.988491
WP_011103882.1,DAKCFMEO_02714,96.0,398,398,398,1.2e-220,760.0,1,1
WP_011103884.1,DAKCFMEO_00618,75.0,725,730,732,3.6e-313,1068.1,0.993151,0.990437
WP_011103885.1,DAKCFMEO_00619,88.1,285,290,285,2.0e-142,499.6,0.982759,1
WP_011103886.1,DAKCFMEO_00621,94.8,213,213,213,3.3e-121,428.7,1,1
WP_011103887.1,DAKCFMEO_00625,82.9,334,334,334,4.3e-160,558.5,1,1
WP_011103889.1,DAKCFMEO_00629,88.8,268,269,270,1.1e-134,473.8,0.996283,0.992593
WP_011103890.1,DAKCFMEO_00635,83.2,273,275,280,2.0e-131,463.0,0.992727,0.975
WP_011103893.1,DAKCFMEO_00661,84.2,114,114,114,6.5e-52,197.6,1,1
WP_011103894.1,DAKCFMEO_00665,91.0,266,269,312,1.8e-145,509.6,0.988848,0.852564
WP_011103898.1,DAKCFMEO_00672,66.4,762,773,772,1.3e-265,910.2,0.98577,0.987047
WP_011103899.1,DAKCFMEO_00675,72.3,837,837,837,0.0e+00,1235.7,1,1
WP_011103900.1,DAKCFMEO_00677,74.3,183,183,183,1.6e-71,263.5,1,1
WP_011103902.1,DAKCFMEO_00679,52.3,596,607,598,9.4e-182,631.3,0.981878,0.996656
WP_011103905.1,DAKCFMEO_00681,47.3,785,757,794,2.0e-197,683.7,1.03699,0.988665
WP_011103906.1,DAKCFMEO_00682,40.2,1005,996,975,2.5e-192,667.2,1.00904,1.03077
WP_011103908.1,DAKCFMEO_00685,64.1,64,87,80,5.0e-20,91.3,0.735632,0.8
WP_011103910.1,DAKCFMEO_00687,95.7,564,564,564,7.2e-309,1053.5,1,1
WP_011103912.1,DAKCFMEO_00689,87.9,190,190,190,2.0e-85,309.7,1,1
WP_011103913.1,DAKCFMEO_00690,92.1,887,887,887,0.0e+00,1570.4,1,1
WP_011103914.1,DAKCFMEO_00691,93.0,228,230,230,4.3e-119,421.8,0.991304,0.991304
WP_011103916.1,DAKCFMEO_00696,85.4,253,253,253,2.4e-118,419.5,1,1
WP_011103917.1,DAKCFMEO_00700,71.3,491,491,434,1.0e-170,594.3,1,1.13134
WP_011103918.1,DAKCFMEO_00701,93.8,276,278,278,2.7e-152,532.3,0.992806,0.992806
WP_011103923.1,DAKCFMEO_00708,96.0,227,227,227,2.1e-118,419.5,1,1
WP_011103924.1,DAKCFMEO_00709,92.0,201,201,201,2.5e-102,365.9,1,1
WP_011103925.1,DAKCFMEO_00711,96.0,321,321,321,6.3e-185,641.0,1,1
WP_011103928.1,DAKCFMEO_00716,76.7,318,323,318,9.6e-141,494.2,0.98452,1
WP_011103929.1,DAKCFMEO_00718,83.5,158,167,164,4.6e-70,258.5,0.946108,0.963415
WP_011103932.1,DAKCFMEO_00728,93.6,375,375,375,2.6e-206,712.2,1,1
WP_011103933.1,DAKCFMEO_00729,94.4,860,863,862,0.0e+00,1633.2,0.996524,0.99768
WP_011103934.1,DAKCFMEO_00732,98.2,791,791,838,0.0e+00,1542.7,1,0.943914
WP_011103935.1,DAKCFMEO_00737,90.1,274,274,274,1.9e-121,429.9,1,1
WP_011103938.1,DAKCFMEO_00742,91.9,409,409,409,7.0e-221,760.8,1,1
WP_011103940.1,DAKCFMEO_00744,97.3,403,403,403,1.5e-223,769.6,1,1
WP_011103941.1,DAKCFMEO_00747,87.8,403,403,447,1.9e-215,742.7,1,0.901566
WP_011103942.1,DAKCFMEO_00748,95.3,340,343,343,2.0e-184,639.4,0.991254,0.991254
WP_011103955.1,DAKCFMEO_00761,85.0,353,356,361,6.4e-170,591.3,0.991573,0.977839
WP_011103957.1,DAKCFMEO_00765,95.8,239,239,239,2.4e-141,495.7,1,1
WP_011103958.1,DAKCFMEO_00766,88.0,200,200,200,3.1e-105,375.6,1,1
WP_011103959.1,DAKCFMEO_00770,93.8,418,418,418,3.9e-235,808.1,1,1
WP_011103961.1,DAKCFMEO_00772,95.2,442,439,442,4.3e-245,841.3,1.00683,1
WP_011103962.1,DAKCFMEO_00776,85.5,296,296,296,5.9e-153,534.6,1,1
WP_011103963.1,DAKCFMEO_00778,76.1,201,201,201,1.1e-89,323.9,1,1
WP_011103964.1,DAKCFMEO_00780,88.6,395,403,395,2.4e-205,709.1,0.980149,1
WP_011103965.1,DAKCFMEO_00788,72.0,343,342,343,1.1e-147,517.3,1.00292,1
WP_011103966.1,DAKCFMEO_00789,84.2,341,343,347,3.8e-164,572.0,0.994169,0.982709
WP_011103969.1,DAKCFMEO_00801,95.2,516,517,517,4.3e-276,944.5,0.998066,0.998066
WP_011103970.1,DAKCFMEO_00802,90.9,330,330,330,4.1e-155,542.0,1,1
WP_011103972.1,DAKCFMEO_00816,96.5,792,792,792,0.0e+00,1524.6,1,1
WP_011103979.1,DAKCFMEO_03844,70.6,265,266,267,1.6e-104,373.6,0.996241,0.992509
WP_011103980.1,DAKCFMEO_03845,78.7,254,254,254,1.4e-110,393.7,1,1
WP_011103981.1,DAKCFMEO_03846,77.7,489,509,503,4.0e-210,725.3,0.960707,0.972167
WP_011103982.1,DAKCFMEO_03847,81.6,310,310,310,5.1e-139,488.4,1,1
WP_011103983.1,DAKCFMEO_03849,75.1,277,278,278,2.2e-125,443.0,0.996403,0.996403
WP_011103984.1,DAKCFMEO_03850,77.0,305,310,318,1.2e-132,467.2,0.983871,0.959119
WP_011103985.1,DAKCFMEO_03851,67.5,486,491,491,3.5e-187,649.0,0.989817,0.989817
WP_011103986.1,DAKCFMEO_00255,89.3,363,363,363,1.9e-198,686.0,1,1
WP_011103987.1,DAKCFMEO_01004,65.7,213,214,216,7.2e-76,278.1,0.995327,0.986111
WP_011103989.1,DAKCFMEO_00824,91.8,219,220,219,2.0e-113,402.9,0.995455,1
WP_011103990.1,DAKCFMEO_00827,80.2,243,243,247,6.8e-107,381.3,1,0.983806
WP_011103991.1,DAKCFMEO_00829,96.1,229,229,229,4.6e-121,428.3,1,1
WP_011103993.1,DAKCFMEO_00836,91.6,510,511,512,7.5e-273,933.7,0.998043,0.996094
WP_011103995.1,DAKCFMEO_05189,45.1,308,324,321,2.6e-69,256.9,0.950617,0.959502
WP_011103996.1,DAKCFMEO_05122,49.4,439,448,441,7.1e-118,418.7,0.979911,0.995465
WP_011104003.1,DAKCFMEO_05179,30.2,291,313,409,2.7e-23,104.0,0.929712,0.711491
WP_011104006.1,DAKCFMEO_05133,56.9,392,403,421,2.1e-121,430.3,0.972705,0.931116
WP_011104007.1,DAKCFMEO_05134,54.7,382,395,401,1.7e-110,394.0,0.967089,0.952618
WP_011104008.1,DAKCFMEO_00859,86.9,710,710,710,0.0e+00,1231.1,1,1
WP_011104011.1,DAKCFMEO_00868,86.7,646,646,646,4.7e-240,825.1,1,1
WP_011104012.1,DAKCFMEO_00870,79.1,187,190,190,4.5e-82,298.5,0.984211,0.984211
WP_011104013.1,DAKCFMEO_00871,91.2,968,968,968,0.0e+00,1793.5,1,1
WP_011104014.1,DAKCFMEO_00872,88.1,101,101,101,9.6e-55,206.8,1,1
WP_011104015.1,DAKCFMEO_00874,88.6,298,300,301,1.1e-146,513.8,0.993333,0.990033
WP_011104020.1,DAKCFMEO_00900,94.2,434,434,433,3.9e-230,791.6,1,1.00231
WP_011104022.1,DAKCFMEO_00901,73.9,245,249,248,7.0e-107,381.3,0.983936,0.987903
WP_011104023.1,DAKCFMEO_00902,91.3,404,417,428,2.6e-199,689.1,0.968825,0.943925
WP_011104024.1,DAKCFMEO_00904,65.9,123,123,123,1.1e-44,173.7,1,1
WP_011104025.1,DAKCFMEO_00905,90.1,363,363,363,9.9e-203,700.3,1,1
WP_011104026.1,DAKCFMEO_00907,84.6,661,661,661,2.7e-230,792.7,1,1
WP_011104027.1,DAKCFMEO_00916,76.2,101,103,101,3.4e-39,155.2,0.980583,1
WP_011104028.1,DAKCFMEO_00919,91.7,661,662,658,0.0e+00,1215.3,0.998489,1.00456
WP_011104029.1,DAKCFMEO_01405,89.1,275,275,275,1.3e-138,486.9,1,1
WP_011104030.1,DAKCFMEO_01404,92.1,629,629,630,1.4e-257,883.2,1,0.998413
WP_011104032.1,DAKCFMEO_01373,92.3,336,345,342,1.3e-180,626.7,0.973913,0.982456
WP_011104033.1,DAKCFMEO_01368,88.9,351,358,352,8.6e-183,634.0,0.980447,0.997159
WP_011104034.1,DAKCFMEO_01365,93.3,345,345,345,2.3e-188,652.5,1,1
WP_011104035.1,DAKCFMEO_01364,90.6,266,266,266,1.5e-136,479.9,1,1
WP_011104036.1,DAKCFMEO_01363,91.0,608,608,608,0.0e+00,1172.9,1,1
WP_011104037.1,DAKCFMEO_02415,36.0,289,302,306,5.8e-47,182.6,0.956954,0.944444
WP_011104038.1,DAKCFMEO_04461,55.7,289,293,313,1.0e-93,337.8,0.986348,0.923323
WP_011104041.1,DAKCFMEO_01353,91.4,479,483,485,2.8e-245,842.0,0.991718,0.987629
WP_011104043.1,DAKCFMEO_01348,72.9,273,277,273,3.7e-117,415.6,0.98556,1
WP_011104044.1,DAKCFMEO_01347,85.3,102,102,102,9.7e-47,180.3,1,1
WP_011104045.1,DAKCFMEO_01346,78.5,284,285,285,2.0e-121,429.9,0.996491,0.996491
WP_011104046.1,DAKCFMEO_01345,82.5,126,142,146,2.9e-57,215.7,0.887324,0.863014
WP_011104047.1,DAKCFMEO_01343,93.4,572,572,572,0.0e+00,1087.0,1,1
WP_011104050.1,DAKCFMEO_01336,80.3,173,172,173,9.5e-79,287.3,1.00581,1
WP_011104051.1,DAKCFMEO_01335,86.2,174,177,179,1.5e-90,326.6,0.983051,0.972067
WP_011104052.1,DAKCFMEO_01334,95.2,332,332,332,5.9e-186,644.4,1,1
WP_011104053.1,DAKCFMEO_01333,84.8,446,449,450,1.6e-218,753.1,0.993318,0.991111
WP_011104054.1,DAKCFMEO_01332,94.0,350,350,350,6.6e-188,651.0,1,1
WP_011104055.1,DAKCFMEO_01331,86.2,405,394,405,3.5e-201,695.3,1.02792,1
WP_011104056.1,DAKCFMEO_01330,80.4,453,463,453,1.8e-217,749.6,0.978402,1
WP_011104057.1,DAKCFMEO_01326,93.3,342,342,368,3.1e-182,632.1,1,0.929348
WP_011104058.1,DAKCFMEO_01325,92.8,278,279,284,5.2e-143,501.5,0.996416,0.978873
WP_011104060.1,DAKCFMEO_01323,92.8,320,320,320,1.8e-179,622.9,1,1
WP_011104063.1,DAKCFMEO_01319,81.9,94,94,92,4.0e-39,154.8,1,1.02174
WP_011104064.1,DAKCFMEO_01318,94.1,522,522,522,2.5e-276,945.3,1,1
WP_011104065.1,DAKCFMEO_01316,86.9,191,191,191,6.1e-95,341.3,1,1
WP_011104070.1,DAKCFMEO_02477,73.2,526,680,691,8.3e-235,807.7,0.773529,0.761216
WP_011104071.1,DAKCFMEO_01638,70.9,165,166,165,3.5e-62,232.3,0.993976,1
WP_011104072.1,DAKCFMEO_01637,87.2,491,491,491,3.4e-262,898.3,1,1
WP_011104073.1,DAKCFMEO_01636,44.9,127,135,136,3.1e-24,105.9,0.940741,0.933824
WP_011104074.1,DAKCFMEO_01635,68.9,595,595,595,2.0e-245,842.8,1,1
WP_011104075.1,DAKCFMEO_01634,70.1,335,335,334,1.4e-139,490.3,1,1.00299
WP_011104076.1,DAKCFMEO_01633,68.5,872,867,870,0.0e+00,1164.4,1.00577,1.0023
WP_011104077.1,DAKCFMEO_01632,58.2,502,509,506,1.0e-157,551.2,0.986248,0.992095
WP_011104079.1,DAKCFMEO_01626,62.9,1173,1168,1172,0.0e+00,1493.4,1.00428,1.00085
WP_011104080.1,DAKCFMEO_01403,83.4,277,277,277,9.8e-126,444.1,1,1
WP_011104081.1,DAKCFMEO_01400,83.8,234,239,234,6.7e-107,381.3,0.979079,1
WP_011104082.1,DAKCFMEO_01398,79.3,198,198,198,2.8e-90,325.9,1,1
WP_011104083.1,DAKCFMEO_01397,89.1,359,359,359,3.2e-185,642.1,1,1
WP_011104084.1,DAKCFMEO_01396,96.1,281,295,290,4.9e-160,558.1,0.952542,0.968966
WP_011104085.1,DAKCFMEO_01395,88.6,273,273,273,1.5e-134,473.4,1,1
WP_011104086.1,DAKCFMEO_01394,91.2,238,238,238,5.6e-122,431.4,1,1
WP_011104087.1,DAKCFMEO_01393,89.5,381,381,381,1.9e-196,679.5,1,1
WP_011104088.1,DAKCFMEO_01392,78.7,188,188,188,6.5e-81,294.7,1,1
WP_011104089.1,DAKCFMEO_01391,83.1,249,249,249,1.5e-125,443.4,1,1
WP_011104090.1,DAKCFMEO_01390,93.9,788,788,786,0.0e+00,1523.8,1,1.00254
WP_011104091.1,DAKCFMEO_01387,88.5,382,383,382,2.5e-172,599.4,0.997389,1
WP_011104093.1,DAKCFMEO_01379,79.4,301,301,301,6.2e-134,471.5,1,1
WP_011104094.1,DAKCFMEO_01377,91.8,388,388,388,2.2e-208,719.2,1,1
WP_011104096.1,DAKCFMEO_00881,95.0,441,441,441,1.0e-238,820.1,1,1
WP_011104098.1,DAKCFMEO_00887,95.1,366,366,368,2.5e-201,695.7,1,0.994565
WP_011104099.1,DAKCFMEO_00888,69.8,517,528,530,1.8e-208,719.9,0.979167,0.975472
WP_011104100.1,DAKCFMEO_00889,93.6,1047,1047,1049,0.0e+00,1835.8,1,0.998093
WP_011104102.1,DAKCFMEO_00891,86.6,179,184,209,1.0e-86,313.9,0.972826,0.856459
WP_011104111.1,DAKCFMEO_01034,84.2,400,400,400,8.9e-197,680.6,1,1
WP_011104112.1,DAKCFMEO_01038,93.1,787,787,787,0.0e+00,1529.6,1,1
WP_011104113.1,DAKCFMEO_01040,81.3,278,281,282,2.8e-128,452.6,0.989324,0.985816
WP_011104114.1,DAKCFMEO_01042,88.9,279,279,279,3.2e-153,535.4,1,1
WP_011104116.1,DAKCFMEO_03762,31.8,223,244,220,4.3e-16,79.7,0.913934,1.01364
WP_011104117.1,DAKCFMEO_05131,53.7,242,278,247,8.2e-64,238.4,0.870504,0.979757
WP_011104120.1,DAKCFMEO_01044,90.8,249,249,249,2.1e-127,449.5,1,1
WP_011104121.1,DAKCFMEO_01046,90.9,298,298,298,5.3e-154,538.1,1,1
WP_011104122.1,DAKCFMEO_01050,84.5,290,290,290,1.3e-149,523.5,1,1
WP_011104123.1,DAKCFMEO_01052,93.1,507,507,507,8.2e-272,930.2,1,1
WP_011104125.1,DAKCFMEO_00368,48.7,224,233,227,2.0e-55,210.3,0.961373,0.986784
WP_011104130.1,DAKCFMEO_02472,50.1,751,993,745,7.6e-213,735.3,0.756294,1.00805
WP_011104133.1,DAKCFMEO_01100,92.0,363,364,363,8.4e-202,697.2,0.997253,1
WP_011104134.1,DAKCFMEO_01103,95.2,271,271,271,3.0e-135,475.7,1,1
WP_011104135.1,DAKCFMEO_01106,93.0,369,369,369,2.5e-201,695.7,1,1
WP_011104136.1,DAKCFMEO_01110,95.2,250,250,250,5.0e-129,454.9,1,1
WP_011104137.1,DAKCFMEO_01112,97.0,493,493,493,7.7e-275,940.3,1,1
WP_011104138.1,DAKCFMEO_01115,92.8,377,379,379,7.6e-214,737.3,0.994723,0.994723
WP_011104140.1,DAKCFMEO_01118,94.1,476,476,476,2.2e-258,885.6,1,1
WP_011104143.1,DAKCFMEO_01126,89.1,384,384,383,3.1e-178,619.0,1,1.00261
WP_011104144.1,DAKCFMEO_01127,89.3,299,300,300,1.4e-154,540.0,0.996667,0.996667
WP_011104145.1,DAKCFMEO_01128,63.8,80,80,80,1.1e-18,86.7,1,1
WP_011104146.1,DAKCFMEO_01129,95.1,246,253,252,3.5e-122,432.2,0.972332,0.97619
WP_011104147.1,DAKCFMEO_01130,70.2,57,59,59,9.6e-15,73.2,0.966102,0.966102
WP_011104148.1,DAKCFMEO_01131,83.5,200,231,200,1.2e-92,334.0,0.865801,1
WP_011104151.1,DAKCFMEO_01169,95.8,310,310,310,4.2e-162,565.1,1,1
WP_011104152.1,DAKCFMEO_01178,89.9,1173,1170,1168,0.0e+00,1829.3,1.00256,1.00428
WP_011104154.1,DAKCFMEO_01180,79.9,204,204,204,1.4e-89,323.6,1,1
WP_011104155.1,DAKCFMEO_01181,90.3,392,393,393,4.4e-196,678.3,0.997455,0.997455
WP_011104156.1,DAKCFMEO_01183,84.6,676,676,676,0.0e+00,1120.9,1,1
WP_011104157.1,DAKCFMEO_01185,82.6,270,270,270,1.9e-126,446.4,1,1
WP_011104158.1,DAKCFMEO_01188,87.4,382,382,382,7.0e-199,687.6,1,1
WP_011104161.1,DAKCFMEO_03715,97.0,1239,1239,1239,0.0e+00,2436.0,1,1
WP_011104162.1,DAKCFMEO_03717,90.6,340,340,340,3.4e-181,628.6,1,1
WP_011104163.1,DAKCFMEO_03720,82.7,648,649,658,1.0e-306,1046.6,0.998459,0.984802
WP_011104164.1,DAKCFMEO_03721,84.2,278,282,277,8.7e-130,457.6,0.985816,1.00361
WP_011104166.1,DAKCFMEO_03724,89.6,297,299,303,5.0e-152,531.6,0.993311,0.980198
WP_011104167.1,DAKCFMEO_03727,94.4,409,409,409,6.1e-233,800.8,1,1
WP_011104169.1,DAKCFMEO_03729,90.0,270,270,270,2.1e-149,522.7,1,1
WP_011104170.1,DAKCFMEO_03731,86.4,575,574,577,3.4e-298,1018.1,1.00174,0.996534
WP_011104172.1,DAKCFMEO_03733,78.7,305,305,305,6.7e-136,478.0,1,1
WP_011104174.1,DAKCFMEO_03737,92.0,1035,1035,1035,0.0e+00,1756.9,1,1
WP_011104175.1,DAKCFMEO_03738,85.0,472,490,472,1.1e-191,664.1,0.963265,1
WP_011104176.1,DAKCFMEO_03739,74.9,690,703,703,1.3e-278,953.4,0.981508,0.981508
WP_011104178.1,DAKCFMEO_03744,91.2,1107,1108,1108,0.0e+00,2053.9,0.999097,0.999097
WP_011104179.1,DAKCFMEO_03745,88.8,738,741,743,0.0e+00,1433.7,0.995951,0.993271
WP_011104183.1,DAKCFMEO_03752,65.3,245,287,266,1.1e-90,327.8,0.853659,0.921053
WP_011104187.1,DAKCFMEO_03762,96.8,220,220,220,1.6e-110,393.3,1,1
WP_011104188.1,DAKCFMEO_03763,95.0,220,220,220,3.4e-113,402.1,1,1
WP_011104189.1,DAKCFMEO_03768,83.3,306,307,306,7.7e-148,517.7,0.996743,1
WP_011104191.1,DAKCFMEO_03773,85.1,281,282,281,6.7e-130,458.0,0.996454,1
WP_011104192.1,DAKCFMEO_03774,81.4,334,336,336,6.2e-151,528.1,0.994048,0.994048
WP_011104195.1,DAKCFMEO_03776,90.3,331,331,331,4.2e-176,611.7,1,1
WP_011104197.1,DAKCFMEO_03780,89.3,1031,1031,1031,0.0e+00,1865.5,1,1
WP_011104198.1,DAKCFMEO_03781,94.3,282,283,283,1.2e-168,586.6,0.996466,0.996466
WP_011104203.1,DAKCFMEO_03786,93.1,418,419,419,2.1e-220,759.2,0.997613,0.997613
WP_011104204.1,DAKCFMEO_03787,90.9,438,438,436,2.4e-219,755.7,1,1.00459
WP_011104205.1,DAKCFMEO_03788,93.0,298,298,300,8.5e-160,557.4,1,0.993333
WP_011104206.1,DAKCFMEO_03789,91.7,301,301,301,8.9e-157,547.4,1,1
WP_011104207.1,DAKCFMEO_03790,92.9,1013,1015,1015,0.0e+00,1919.8,0.99803,0.99803
WP_011104208.1,DAKCFMEO_03804,91.0,324,337,334,1.5e-165,576.6,0.961424,0.97006
WP_011104209.1,DAKCFMEO_03806,92.7,521,521,521,4.6e-286,977.6,1,1
WP_011104210.1,DAKCFMEO_03808,92.8,195,196,195,1.1e-99,357.1,0.994898,1
WP_011104219.1,DAKCFMEO_03820,74.8,3175,3168,3168,0.0e+00,4764.1,1.00221,1.00221
WP_011104220.1,DAKCFMEO_03821,73.1,5937,5929,5913,0.0e+00,8576.5,1.00135,1.00406
WP_011104221.1,DAKCFMEO_03823,89.5,669,668,669,0.0e+00,1149.0,1.0015,1
WP_011104226.1,DAKCFMEO_02425,38.8,129,127,132,3.1e-18,85.9,1.01575,0.977273
WP_011104229.1,DAKCFMEO_01431,31.0,674,728,707,2.2e-68,255.0,0.925824,0.953324
WP_011104238.1,DAKCFMEO_01498,56.1,735,866,812,9.5e-220,758.1,0.84873,0.905172
WP_011104241.1,DAKCFMEO_04389,83.8,733,736,736,0.0e+00,1231.5,0.995924,0.995924
WP_011104242.1,DAKCFMEO_04388,84.2,304,304,304,6.2e-150,524.6,1,1
WP_011104257.1,DAKCFMEO_02900,90.3,464,464,464,4.6e-253,867.8,1,1
WP_011104259.1,DAKCFMEO_00940,58.8,260,276,279,3.0e-90,326.2,0.942029,0.9319
WP_011104261.1,DAKCFMEO_03909,76.8,370,380,381,1.8e-183,636.3,0.973684,0.971129
WP_011104262.1,DAKCFMEO_03911,70.1,384,394,385,8.9e-157,547.7,0.974619,0.997403
WP_011104263.1,DAKCFMEO_03912,79.8,341,342,342,4.1e-166,578.6,0.997076,0.997076
WP_011104264.1,DAKCFMEO_03921,86.3,248,254,253,9.0e-126,444.1,0.976378,0.980237
WP_011104265.1,DAKCFMEO_03922,84.4,288,300,291,7.3e-135,474.6,0.96,0.989691
WP_011104266.1,DAKCFMEO_03926,81.8,649,656,647,2.3e-303,1035.4,0.989329,1.00309
WP_011104268.1,DAKCFMEO_03932,94.1,424,424,424,3.1e-240,825.1,1,1
WP_011104269.1,DAKCFMEO_03762,33.2,205,246,220,4.7e-23,102.8,0.833333,0.931818
WP_011104270.1,DAKCFMEO_00171,34.2,222,233,248,1.1e-29,124.8,0.95279,0.895161
WP_011104271.1,DAKCFMEO_01734,31.1,251,250,254,2.0e-24,107.5,1.004,0.988189
WP_011104272.1,DAKCFMEO_04432,43.4,242,256,256,2.4e-54,206.8,0.945312,0.945312
WP_011104273.1,DAKCFMEO_03634,61.3,444,450,447,2.5e-155,543.1,0.986667,0.993289
WP_011104277.1,DAKCFMEO_05193,40.7,450,443,453,3.9e-84,306.6,1.0158,0.993377
WP_011104279.1,DAKCFMEO_00327,32.0,322,320,317,1.5e-37,151.4,1.00625,1.01577
WP_011104280.1,DAKCFMEO_01804,72.3,383,394,390,3.4e-156,545.8,0.972081,0.982051
WP_011104281.1,DAKCFMEO_04071,43.0,323,335,356,4.7e-66,246.1,0.964179,0.907303
WP_011104283.1,DAKCFMEO_03939,86.7,249,251,252,1.2e-127,450.3,0.992032,0.988095
WP_011104284.1,DAKCFMEO_03940,91.1,305,305,305,9.6e-159,553.9,1,1
WP_011104287.1,DAKCFMEO_03947,83.6,409,413,411,5.6e-194,671.4,0.990315,0.995134
WP_011104288.1,DAKCFMEO_03948,89.4,586,589,628,4.6e-314,1070.8,0.994907,0.933121
WP_011104290.1,DAKCFMEO_03949,91.7,482,482,482,8.4e-250,857.1,1,1
WP_011104292.1,DAKCFMEO_03953,89.2,397,404,402,7.7e-188,651.0,0.982673,0.987562
WP_011104294.1,DAKCFMEO_03958,94.0,687,687,688,0.0e+00,1319.3,1,0.998547
WP_011104296.1,DAKCFMEO_03964,88.3,383,384,384,2.0e-198,686.0,0.997396,0.997396
WP_011104299.1,DAKCFMEO_03968,82.0,439,440,440,2.8e-215,742.3,0.997727,0.997727
WP_011104300.1,DAKCFMEO_03969,71.9,310,317,325,5.9e-127,448.4,0.977918,0.953846
WP_011104304.1,DAKCFMEO_03974,85.3,326,327,331,1.9e-160,559.7,0.996942,0.984894
WP_011104305.1,DAKCFMEO_03975,85.0,153,162,214,3.5e-75,275.4,0.944444,0.714953
WP_011104306.1,DAKCFMEO_03042,38.2,338,359,340,9.9e-54,205.3,0.941504,0.994118
WP_011104308.1,DAKCFMEO_03978,83.1,362,362,362,4.0e-172,598.6,1,1
WP_011104311.1,DAKCFMEO_00604,81.2,128,128,128,6.9e-58,217.6,1,1
WP_011104312.1,DAKCFMEO_00605,92.9,337,337,337,1.2e-186,646.7,1,1
WP_011104314.1,DAKCFMEO_03992,70.8,571,576,573,5.2e-246,844.7,0.991319,0.99651
WP_011104315.1,DAKCFMEO_03994,94.8,466,466,466,1.9e-270,925.6,1,1
WP_011104317.1,DAKCFMEO_03997,83.6,256,258,258,7.2e-115,407.9,0.992248,0.992248
WP_011104318.1,DAKCFMEO_03998,94.6,443,443,443,4.1e-251,861.3,1,1
WP_011104319.1,DAKCFMEO_04000,95.2,293,293,293,1.4e-135,476.9,1,1
WP_011104320.1,DAKCFMEO_04001,92.9,254,264,264,4.8e-130,458.4,0.962121,0.962121
WP_011104322.1,DAKCFMEO_04003,90.8,412,412,412,1.8e-216,746.1,1,1
WP_011104323.1,DAKCFMEO_04004,82.4,324,328,328,7.0e-139,488.0,0.987805,0.987805
WP_011104324.1,DAKCFMEO_04005,82.9,334,334,334,1.8e-142,500.0,1,1
WP_011104325.1,DAKCFMEO_04007,89.5,334,334,334,2.5e-168,585.9,1,1
WP_011104327.1,DAKCFMEO_02053,81.6,255,255,255,1.7e-129,456.4,1,1
WP_011104329.1,DAKCFMEO_05131,53.2,250,261,247,6.3e-66,245.4,0.957854,1.01215
WP_011104330.1,DAKCFMEO_03413,34.5,220,324,275,2.4e-22,100.9,0.679012,0.8
WP_011104333.1,DAKCFMEO_03902,63.3,349,350,349,1.6e-117,417.2,0.997143,1
WP_011104335.1,DAKCFMEO_04025,83.6,360,360,360,1.9e-174,606.3,1,1
WP_011104336.1,DAKCFMEO_04026,93.5,93,93,93,4.4e-46,177.9,1,1
WP_011104337.1,DAKCFMEO_04027,89.5,622,622,620,0.0e+00,1169.8,1,1.00323
WP_011104338.1,DAKCFMEO_04028,92.7,354,354,354,9.1e-185,640.6,1,1
WP_011104339.1,DAKCFMEO_04030,91.8,524,525,527,1.0e-272,933.3,0.998095,0.994307
WP_011104341.1,DAKCFMEO_04036,93.6,548,548,548,5.3e-309,1053.9,1,1
WP_011104342.1,DAKCFMEO_04037,87.9,752,761,775,0.0e+00,1326.6,0.988173,0.970323
WP_011104343.1,DAKCFMEO_04038,59.4,465,468,471,3.5e-152,532.7,0.99359,0.987261
WP_011104344.1,DAKCFMEO_04041,89.6,338,340,344,5.5e-179,621.3,0.994118,0.982558
WP_011104349.1,DAKCFMEO_04011,82.8,663,667,663,0.0e+00,1096.6,0.994003,1
WP_011104350.1,DAKCFMEO_04012,86.2,340,340,340,1.2e-165,577.0,1,1
WP_011104354.1,DAKCFMEO_01734,39.3,247,243,254,2.3e-30,127.1,1.01646,0.972441
WP_011104358.1,DAKCFMEO_02090,57.2,269,345,276,1.0e-84,308.1,0.77971,0.974638
WP_011104360.1,DAKCFMEO_02176,46.2,407,416,432,3.9e-110,392.9,0.978365,0.94213
WP_011104361.1,DAKCFMEO_01855,45.4,493,505,497,1.8e-125,444.1,0.976238,0.991952
WP_011104364.1,DAKCFMEO_04459,88.0,208,208,208,1.8e-103,369.8,1,1
WP_011104365.1,DAKCFMEO_04794,59.7,149,151,152,1.0e-44,174.1,0.986755,0.980263
WP_011104366.1,DAKCFMEO_02419,90.9,617,619,617,0.0e+00,1097.8,0.996769,1
WP_011104367.1,DAKCFMEO_03108,85.0,293,299,317,1.2e-137,483.8,0.979933,0.92429
WP_011104368.1,DAKCFMEO_03107,88.1,252,252,252,6.4e-124,438.0,1,1
WP_011104371.1,DAKCFMEO_04062,49.7,193,193,194,4.4e-48,185.7,1,0.994845
WP_011104372.1,DAKCFMEO_04423,75.5,363,367,367,3.5e-163,568.9,0.989101,0.989101
WP_011104374.1,DAKCFMEO_04016,72.2,353,365,367,4.7e-152,531.9,0.967123,0.961853
WP_011104375.1,DAKCFMEO_04017,73.9,291,307,298,6.6e-115,408.3,0.947883,0.97651
WP_011104376.1,DAKCFMEO_01950,52.5,236,253,244,2.0e-64,240.4,0.932806,0.967213
WP_011104377.1,DAKCFMEO_03763,37.1,210,219,220,1.0e-29,124.8,0.958904,0.954545
WP_011104380.1,DAKCFMEO_03802,33.0,330,316,324,1.7e-41,164.5,1.0443,1.01852
WP_011104382.1,DAKCFMEO_04030,44.9,530,548,527,3.2e-112,400.2,0.967153,1.00569
WP_011104387.1,DAKCFMEO_04481,74.9,642,642,642,5.5e-164,572.4,1,1
WP_011104391.1,DAKCFMEO_04088,82.0,316,319,319,3.6e-156,545.4,0.990596,0.990596
WP_011104393.1,DAKCFMEO_04097,76.9,225,228,225,1.6e-105,376.7,0.986842,1
WP_011104394.1,DAKCFMEO_04100,90.2,510,510,510,4.1e-279,954.5,1,1
WP_011104396.1,DAKCFMEO_04106,85.1,692,692,692,0.0e+00,1195.6,1,1
WP_011104397.1,DAKCFMEO_04107,86.4,926,927,927,0.0e+00,1663.7,0.998921,0.998921
WP_011104399.1,DAKCFMEO_04113,81.9,216,217,217,2.6e-102,365.9,0.995392,0.995392
WP_011104401.1,DAKCFMEO_04117,86.6,262,263,264,1.5e-128,453.4,0.996198,0.992424
WP_011104402.1,DAKCFMEO_04123,71.9,441,434,441,4.2e-184,638.6,1.01613,1
WP_011104404.1,DAKCFMEO_01614,82.6,344,342,344,3.0e-153,535.8,1.00585,1
WP_011104405.1,DAKCFMEO_01615,91.6,1253,1254,1254,0.0e+00,2356.3,0.999203,0.999203
WP_011104406.1,DAKCFMEO_01618,82.6,235,240,240,1.4e-104,373.6,0.979167,0.979167
WP_011104407.1,DAKCFMEO_01620,91.1,248,249,248,1.7e-129,456.4,0.995984,1
WP_011104408.1,DAKCFMEO_01031,93.3,1160,1160,1160,0.0e+00,2204.5,1,1
WP_011104410.1,DAKCFMEO_01026,84.7,392,414,407,4.2e-173,602.1,0.94686,0.963145
WP_011104412.1,DAKCFMEO_01021,89.1,257,257,257,1.5e-125,443.4,1,1
WP_011104413.1,DAKCFMEO_01020,82.9,409,402,410,2.8e-190,659.1,1.01741,0.997561
WP_011104417.1,DAKCFMEO_01009,71.1,149,149,149,5.7e-56,211.5,1,1
WP_011104418.1,DAKCFMEO_01003,74.7,300,303,306,2.2e-126,446.4,0.990099,0.980392
WP_011104419.1,DAKCFMEO_01002,80.0,270,278,285,5.9e-131,461.5,0.971223,0.947368
WP_011104420.1,DAKCFMEO_00261,87.8,508,509,508,1.5e-252,866.3,0.998035,1
WP_011104421.1,DAKCFMEO_00263,82.3,310,311,311,9.3e-117,414.5,0.996785,0.996785
WP_011104422.1,DAKCFMEO_00264,67.0,309,317,318,9.1e-128,451.1,0.974763,0.971698
WP_011104423.1,DAKCFMEO_00265,76.5,426,426,426,2.5e-189,656.0,1,1
WP_011104424.1,DAKCFMEO_00266,78.9,251,252,252,1.4e-110,393.7,0.996032,0.996032
WP_011104427.1,DAKCFMEO_00996,75.1,430,438,438,2.8e-183,636.0,0.981735,0.981735
WP_011104428.1,DAKCFMEO_02415,37.9,306,304,306,9.9e-55,208.4,1.00658,1
WP_011104434.1,DAKCFMEO_03840,30.5,190,237,218,2.6e-18,87.0,0.801688,0.87156
WP_011104435.1,DAKCFMEO_01100,32.9,380,396,363,9.0e-40,159.1,0.959596,1.04683
WP_011104442.1,DAKCFMEO_03370,94.8,500,503,492,4.3e-281,961.1,0.994036,1.01626
WP_011104446.1,DAKCFMEO_00975,70.9,5737,6274,5669,0.0e+00,2362.8,0.914409,1.012
WP_011104447.1,DAKCFMEO_00974,86.6,569,569,565,1.5e-290,992.6,1,1.00708
WP_011104448.1,DAKCFMEO_00964,91.3,413,413,413,2.3e-211,729.2,1,1
WP_011104449.1,DAKCFMEO_00268,85.7,495,495,495,3.8e-237,815.1,1,1
WP_011104453.1,DAKCFMEO_00945,82.3,640,640,640,0.0e+00,1084.3,1,1
WP_011104454.1,DAKCFMEO_00944,93.2,838,838,838,0.0e+00,1579.3,1,1
WP_011104455.1,DAKCFMEO_00943,91.4,304,304,304,1.1e-162,567.0,1,1
WP_011104456.1,DAKCFMEO_00942,86.4,345,345,345,1.0e-177,617.1,1,1
WP_011104457.1,DAKCFMEO_00939,61.1,208,232,237,3.1e-72,266.2,0.896552,0.877637
WP_011104458.1,DAKCFMEO_00934,93.1,540,540,540,1.3e-294,1006.1,1,1
WP_011104459.1,DAKCFMEO_00931,93.2,279,279,279,1.5e-145,510.0,1,1
WP_011104460.1,DAKCFMEO_00930,90.6,254,254,254,8.7e-129,454.1,1,1
WP_011104461.1,DAKCFMEO_00923,93.7,668,668,668,0.0e+00,1279.6,1,1
WP_011104464.1,DAKCFMEO_00921,95.9,853,853,853,0.0e+00,1662.1,1,1
WP_011104465.1,DAKCFMEO_00920,82.0,128,128,127,1.1e-60,226.9,1,1.00787
WP_011104467.1,DAKCFMEO_01414,78.7,559,576,566,3.9e-262,898.3,0.970486,0.987633
WP_011104468.1,DAKCFMEO_01415,84.8,165,166,165,1.3e-80,293.5,0.993976,1
WP_011104472.1,DAKCFMEO_01419,90.6,414,414,414,1.2e-228,786.6,1,1
WP_011104473.1,DAKCFMEO_01423,86.7,377,379,379,2.8e-184,639.0,0.994723,0.994723
WP_011104474.1,DAKCFMEO_01424,84.2,361,363,363,1.9e-177,616.3,0.99449,0.99449
WP_011104476.1,DAKCFMEO_01430,84.5,317,318,318,1.2e-156,547.0,0.996855,0.996855
WP_011104478.1,DAKCFMEO_02146,91.6,441,441,441,1.1e-240,826.6,1,1
WP_011104479.1,DAKCFMEO_04008,53.7,540,542,542,6.3e-129,455.7,0.99631,0.99631
WP_011104482.1,DAKCFMEO_01431,89.7,711,711,707,0.0e+00,1288.5,1,1.00566
WP_011104483.1,DAKCFMEO_04403,30.1,183,216,213,3.2e-15,76.6,0.847222,0.859155
WP_011104485.1,DAKCFMEO_01436,69.3,368,395,402,1.4e-130,460.7,0.931646,0.915423
WP_011104486.1,DAKCFMEO_01437,71.0,366,366,366,4.7e-144,505.4,1,1
WP_011104487.1,DAKCFMEO_01438,92.5,1008,1011,1015,0.0e+00,1764.2,0.997033,0.993103
WP_011104489.1,DAKCFMEO_01439,90.7,398,398,404,2.5e-191,662.5,1,0.985149
WP_011104490.1,DAKCFMEO_01441,75.0,240,240,239,1.7e-102,366.7,1,1.00418
WP_011104492.1,DAKCFMEO_01445,76.5,362,354,363,1.2e-155,543.9,1.0226,0.997245
WP_011104493.1,DAKCFMEO_01447,80.0,210,210,210,5.7e-94,338.2,1,1
WP_011104494.1,DAKCFMEO_01448,81.0,121,127,123,2.6e-49,189.1,0.952756,0.98374
WP_011104495.1,DAKCFMEO_01457,70.1,177,179,180,3.8e-70,258.8,0.988827,0.983333
WP_011104496.1,DAKCFMEO_01458,84.8,296,296,325,4.8e-139,488.4,1,0.910769
WP_011104498.1,DAKCFMEO_01490,76.7,387,391,391,1.1e-178,620.5,0.98977,0.98977
WP_011104500.1,DAKCFMEO_01495,86.4,479,475,479,4.0e-204,705.3,1.00842,1
WP_011104501.1,DAKCFMEO_00512,84.4,250,259,259,2.8e-114,406.0,0.965251,0.965251
WP_011104502.1,DAKCFMEO_01502,78.3,120,120,120,6.5e-50,191.0,1,1
WP_011104503.1,DAKCFMEO_01503,69.7,99,99,98,7.5e-36,144.1,1,1.0102
WP_011104504.1,DAKCFMEO_01505,91.9,333,333,333,3.8e-185,641.7,1,1
WP_011104505.1,DAKCFMEO_01508,96.5,426,426,426,3.8e-238,818.1,1,1
WP_011104506.1,DAKCFMEO_01509,94.4,124,124,124,2.9e-61,228.8,1,1
WP_011104507.1,DAKCFMEO_01510,97.0,440,440,440,5.1e-246,844.3,1,1
WP_011104508.1,DAKCFMEO_01516,98.7,757,757,757,0.0e+00,1446.0,1,1
WP_011104510.1,DAKCFMEO_01521,95.7,741,743,741,0.0e+00,1399.4,0.997308,1
WP_011104511.1,DAKCFMEO_01523,96.2,366,376,366,1.1e-215,743.4,0.973404,1
WP_011104512.1,DAKCFMEO_01528,84.5,239,248,243,5.0e-105,375.2,0.96371,0.983539
WP_011104513.1,DAKCFMEO_01529,97.5,441,441,441,2.1e-255,875.5,1,1
WP_011104514.1,DAKCFMEO_01534,96.7,452,452,452,5.4e-267,914.1,1,1
WP_011104515.1,DAKCFMEO_01542,95.9,489,489,489,6.7e-255,874.0,1,1
WP_011104516.1,DAKCFMEO_01543,92.9,354,354,354,2.6e-179,622.5,1,1
WP_011104517.1,DAKCFMEO_01544,88.6,484,559,559,7.1e-184,638.3,0.865832,0.865832
WP_011104518.1,DAKCFMEO_01545,91.6,440,439,440,2.0e-221,762.7,1.00228,1
WP_011104522.1,DAKCFMEO_02815,75.6,180,181,181,6.1e-76,278.1,0.994475,0.994475
WP_011104529.1,DAKCFMEO_02818,42.8,601,689,600,9.6e-114,405.6,0.872279,1.00167
WP_011104545.1,DAKCFMEO_00129,34.6,191,243,218,5.3e-27,115.9,0.786008,0.876147
WP_011104554.1,DAKCFMEO_04755,79.6,103,104,104,3.2e-45,175.3,0.990385,0.990385
WP_011104555.1,DAKCFMEO_04754,89.4,602,602,602,0.0e+00,1094.7,1,1
WP_011104556.1,DAKCFMEO_04753,82.1,392,393,392,4.8e-179,621.7,0.997455,1
WP_011104557.1,DAKCFMEO_04751,84.1,372,373,373,1.5e-182,633.3,0.997319,0.997319
WP_011104559.1,DAKCFMEO_04748,72.3,155,155,150,1.1e-57,217.2,1,1.03333
WP_011104560.1,DAKCFMEO_04747,84.1,750,753,738,0.0e+00,1213.7,0.996016,1.01626
WP_011104561.1,DAKCFMEO_04744,76.3,333,333,333,3.4e-149,522.3,1,1
WP_011104562.1,DAKCFMEO_04743,77.9,412,412,416,1.1e-189,657.1,1,0.990385
WP_011104563.1,DAKCFMEO_04741,81.9,371,369,371,6.2e-176,611.3,1.00542,1
WP_011104564.1,DAKCFMEO_04740,81.4,409,409,406,1.2e-193,670.2,1,1.00739
WP_011104565.1,DAKCFMEO_04731,95.9,218,218,218,1.5e-116,413.3,1,1
WP_011104566.1,DAKCFMEO_04728,78.3,106,109,106,2.8e-44,172.2,0.972477,1
WP_011104567.1,DAKCFMEO_04727,71.1,239,244,240,1.2e-98,354.0,0.979508,0.995833
WP_011104568.1,DAKCFMEO_04726,87.0,308,310,310,1.6e-148,520.0,0.993548,0.993548
WP_011104570.1,DAKCFMEO_04724,86.4,729,728,729,0.0e+00,1276.2,1.00137,1
WP_011104571.1,DAKCFMEO_04723,92.6,447,447,447,1.2e-242,833.2,1,1
WP_011104572.1,DAKCFMEO_04721,79.6,867,851,867,0.0e+00,1386.7,1.0188,1
WP_011104573.1,DAKCFMEO_04720,86.8,266,299,311,8.6e-128,451.1,0.889632,0.855305
WP_011104574.1,DAKCFMEO_04719,98.2,379,379,379,7.9e-219,753.8,1,1
WP_011104575.1,DAKCFMEO_04715,83.7,289,312,307,2.4e-125,443.0,0.926282,0.941368
WP_011104576.1,DAKCFMEO_04714,94.0,972,972,972,0.0e+00,1785.8,1,1
WP_011104580.1,DAKCFMEO_02477,52.2,525,675,691,1.9e-154,540.8,0.777778,0.759768
WP_011104585.1,DAKCFMEO_04702,89.7,526,525,525,6.3e-267,914.1,1.0019,1.0019
WP_011104587.1,DAKCFMEO_04697,93.3,645,645,645,0.0e+00,1202.6,1,1
WP_011104588.1,DAKCFMEO_04695,95.6,500,500,500,2.1e-283,968.8,1,1
WP_011104589.1,DAKCFMEO_04692,91.8,645,645,645,0.0e+00,1209.1,1,1
WP_011104590.1,DAKCFMEO_04686,85.5,179,179,179,4.7e-89,321.6,1,1
WP_011104591.1,DAKCFMEO_04684,94.0,336,336,336,6.6e-177,614.4,1,1
WP_011104593.1,DAKCFMEO_04678,96.7,870,869,870,0.0e+00,1694.9,1.00115,1
WP_011104595.1,DAKCFMEO_04675,95.7,715,721,715,0.0e+00,1342.8,0.991678,1
WP_011104596.1,DAKCFMEO_04674,72.4,116,145,116,8.3e-52,197.6,0.8,1
WP_011104597.1,DAKCFMEO_04671,94.4,642,642,642,0.0e+00,1246.5,1,1
WP_011104598.1,DAKCFMEO_04670,82.2,269,269,269,2.0e-131,463.0,1,1
WP_011104599.1,DAKCFMEO_04662,88.0,484,485,485,4.3e-254,871.3,0.997938,0.997938
WP_011104600.1,DAKCFMEO_04660,87.5,662,663,663,4.6e-307,1047.7,0.998492,0.998492
WP_011104601.1,DAKCFMEO_04659,86.2,390,392,392,1.1e-196,680.2,0.994898,0.994898
WP_011104602.1,DAKCFMEO_04658,83.3,437,437,437,1.7e-217,749.6,1,1
WP_011104603.1,DAKCFMEO_04655,77.9,471,471,471,9.2e-209,720.7,1,1
WP_011104604.1,DAKCFMEO_04652,79.9,298,317,298,3.0e-131,462.6,0.940063,1
WP_011104606.1,DAKCFMEO_04638,85.0,432,434,434,1.0e-230,793.5,0.995392,0.995392
WP_011104608.1,DAKCFMEO_04632,83.5,352,352,352,5.5e-174,604.7,1,1
WP_011104610.1,DAKCFMEO_04628,67.2,323,323,323,2.9e-129,456.1,1,1
WP_011104612.1,DAKCFMEO_04618,73.8,465,466,465,4.7e-197,681.8,0.997854,1
WP_011104615.1,DAKCFMEO_04608,79.0,542,542,543,2.5e-202,699.5,1,0.998158
WP_011104616.1,DAKCFMEO_04605,82.6,546,546,546,5.5e-173,602.1,1,1
WP_011104620.1,DAKCFMEO_04594,92.9,294,294,294,6.0e-158,551.2,1,1
WP_011104622.1,DAKCFMEO_04592,85.6,277,277,277,2.6e-139,489.2,1,1
WP_011104623.1,DAKCFMEO_04578,84.8,217,218,218,3.7e-104,372.1,0.995413,0.995413
WP_011104624.1,DAKCFMEO_04567,91.3,402,402,402,2.2e-187,649.4,1,1
WP_011104625.1,DAKCFMEO_04565,94.9,274,274,285,7.6e-147,514.2,1,0.961404
WP_011104627.1,DAKCFMEO_04560,87.4,460,462,464,4.0e-225,775.0,0.995671,0.991379
WP_011104633.1,DAKCFMEO_04558,84.0,150,150,150,4.7e-66,245.0,1,1
WP_011104635.1,DAKCFMEO_04555,94.6,294,294,294,6.2e-155,541.2,1,1
WP_011104636.1,DAKCFMEO_04554,91.4,477,477,477,6.2e-213,734.6,1,1
WP_011104637.1,DAKCFMEO_04552,95.2,332,332,332,2.5e-184,639.0,1,1
WP_011104638.1,DAKCFMEO_04551,80.9,136,135,135,5.7e-55,208.0,1.00741,1.00741
WP_011104639.1,DAKCFMEO_04549,77.1,157,156,158,7.1e-65,241.1,1.00641,0.993671
WP_011104640.1,DAKCFMEO_04543,88.3,223,223,223,6.9e-98,351.3,1,1
WP_011104642.1,DAKCFMEO_04539,93.5,200,200,200,1.9e-107,382.9,1,1
WP_011104643.1,DAKCFMEO_04537,86.6,373,378,383,1.7e-189,656.4,0.986772,0.97389
WP_011104644.1,DAKCFMEO_04536,81.1,127,130,135,2.0e-57,216.1,0.976923,0.940741
WP_011104646.1,DAKCFMEO_04535,87.0,485,491,488,1.2e-243,836.6,0.98778,0.993852
WP_011104647.1,DAKCFMEO_04533,90.6,743,743,730,0.0e+00,1093.6,1,1.01781
WP_011104648.1,DAKCFMEO_04532,89.4,558,560,562,8.4e-310,1056.6,0.996429,0.992883
WP_011104649.1,DAKCFMEO_04531,85.0,374,374,374,4.0e-175,608.6,1,1
WP_011104651.1,DAKCFMEO_04529,80.2,162,162,162,4.3e-73,268.5,1,1
WP_011104652.1,DAKCFMEO_04528,93.0,388,388,388,1.7e-224,772.7,1,1
WP_011104653.1,DAKCFMEO_04527,91.4,787,787,782,0.0e+00,1427.9,1,1.00639
WP_011104654.1,DAKCFMEO_04525,91.9,1162,1162,1162,0.0e+00,1243.4,1,1
WP_011104655.1,DAKCFMEO_04522,93.3,771,792,777,0.0e+00,1462.2,0.973485,0.992278
WP_011104657.1,DAKCFMEO_04520,89.5,437,437,437,1.4e-232,799.7,1,1
WP_011104658.1,DAKCFMEO_04498,89.5,247,249,250,3.8e-121,428.7,0.991968,0.988
WP_011104660.1,DAKCFMEO_04495,78.4,176,176,179,2.0e-76,279.6,1,0.98324
WP_011104661.1,DAKCFMEO_04494,96.1,331,331,331,2.6e-194,672.2,1,1
WP_011104663.1,DAKCFMEO_04490,90.0,301,302,302,4.9e-139,488.4,0.996689,0.996689
WP_011104666.1,DAKCFMEO_02675,37.6,93,94,93,1.0e-10,60.5,0.989362,1
WP_011104667.1,DAKCFMEO_04483,78.2,284,284,284,5.1e-122,431.8,1,1
WP_011104668.1,DAKCFMEO_04482,72.7,308,310,313,2.9e-118,419.5,0.993548,0.984026
WP_011104672.1,DAKCFMEO_03466,69.7,544,546,548,3.4e-138,486.5,0.996337,0.992701
WP_011104673.1,DAKCFMEO_04460,30.4,345,399,401,2.6e-18,87.8,0.864662,0.860349
WP_011104674.1,DAKCFMEO_04394,87.9,430,430,430,3.4e-226,778.5,1,1
WP_011104675.1,DAKCFMEO_04399,83.8,506,512,512,4.1e-263,901.4,0.988281,0.988281
WP_011104677.1,DAKCFMEO_04408,80.9,722,722,720,0.0e+00,1223.4,1,1.00278
WP_011104680.1,DAKCFMEO_04480,76.1,831,827,846,0.0e+00,1289.2,1.00484,0.98227
WP_011104683.1,DAKCFMEO_04375,96.2,339,339,339,1.6e-183,636.3,1,1
WP_011104685.1,DAKCFMEO_04373,85.8,346,387,397,2.3e-133,469.9,0.894057,0.871537
WP_011104686.1,DAKCFMEO_04371,87.1,364,365,365,4.5e-187,648.3,0.99726,0.99726
WP_011104687.1,DAKCFMEO_04369,51.3,1762,1743,1736,0.0e+00,1710.3,1.0109,1.01498
WP_011104690.1,DAKCFMEO_04363,94.4,251,253,252,4.4e-141,495.0,0.992095,0.996032
WP_011104691.1,DAKCFMEO_04359,92.7,618,618,618,0.0e+00,1198.3,1,1
WP_011104692.1,DAKCFMEO_04358,96.6,357,357,357,3.5e-192,665.2,1,1
WP_011104693.1,DAKCFMEO_04357,97.3,339,339,339,3.0e-193,668.7,1,1
WP_011104695.1,DAKCFMEO_03455,37.7,610,618,619,9.5e-97,349.0,0.987055,0.98546
WP_011104696.1,DAKCFMEO_04344,95.4,590,590,590,0.0e+00,1162.1,1,1
WP_011104697.1,DAKCFMEO_04340,88.3,369,371,369,1.1e-196,680.2,0.994609,1
WP_011104699.1,DAKCFMEO_04333,90.4,512,512,512,4.4e-273,934.5,1,1
WP_011104700.1,DAKCFMEO_04332,91.4,405,402,405,4.2e-202,698.4,1.00746,1
WP_011104701.1,DAKCFMEO_04330,97.0,200,207,207,7.3e-110,391.0,0.966184,0.966184
WP_011104702.1,DAKCFMEO_04328,98.3,865,866,866,0.0e+00,1716.4,0.998845,0.998845
WP_011104703.1,DAKCFMEO_01760,42.0,436,422,437,2.7e-87,317.0,1.03318,0.997712
WP_011104705.1,DAKCFMEO_00602,89.1,385,386,386,3.2e-207,715.3,0.997409,0.997409
WP_011104706.1,DAKCFMEO_04322,95.7,1618,1618,1618,0.0e+00,3099.3,1,1
WP_011104707.1,DAKCFMEO_04320,79.8,248,249,253,2.2e-113,402.9,0.995984,0.980237
WP_011104708.1,DAKCFMEO_04317,92.7,164,164,164,9.3e-92,330.5,1,1
WP_011104709.1,DAKCFMEO_04314,82.8,552,551,552,1.6e-265,909.4,1.00181,1
WP_011104710.1,DAKCFMEO_04313,94.2,414,414,414,8.0e-233,800.4,1,1
WP_011104711.1,DAKCFMEO_04312,74.5,1214,1214,1215,0.0e+00,1432.2,1,0.999177
WP_011104717.1,DAKCFMEO_04302,94.6,796,796,796,0.0e+00,1456.8,1,1
WP_011104719.1,DAKCFMEO_03394,46.2,431,451,454,5.1e-116,412.5,0.955654,0.949339
WP_011104720.1,DAKCFMEO_04300,89.6,385,385,385,8.9e-210,723.8,1,1
WP_011104723.1,DAKCFMEO_04297,71.4,220,218,220,2.3e-85,309.7,1.00917,1
WP_011104724.1,DAKCFMEO_04294,93.6,235,235,235,7.5e-111,394.4,1,1
WP_011104725.1,DAKCFMEO_04292,92.6,888,888,888,0.0e+00,1657.5,1,1
WP_011104727.1,DAKCFMEO_04288,94.4,322,323,323,2.8e-193,668.7,0.996904,0.996904
WP_011104730.1,DAKCFMEO_04286,65.1,355,355,361,7.3e-126,444.9,1,0.98338
WP_011104731.1,DAKCFMEO_04285,81.0,326,327,327,3.0e-166,578.9,0.996942,0.996942
WP_011104732.1,DAKCFMEO_04282,92.8,443,445,448,1.9e-224,772.7,0.995506,0.988839
WP_011104733.1,DAKCFMEO_04281,72.9,314,314,311,8.5e-134,471.1,1,1.00965
WP_011104734.1,DAKCFMEO_04280,92.8,679,679,679,0.0e+00,1263.4,1,1
WP_011104736.1,DAKCFMEO_04267,82.2,225,216,225,3.0e-66,246.1,1.04167,1
WP_011104737.1,DAKCFMEO_04266,84.1,434,434,434,3.9e-214,738.4,1,1
WP_011104738.1,DAKCFMEO_04261,75.4,956,947,956,9.9e-295,1007.3,1.0095,1
WP_011104739.1,DAKCFMEO_04260,81.0,337,337,337,1.3e-153,537.0,1,1
WP_011104740.1,DAKCFMEO_04259,83.9,186,186,186,4.6e-95,341.7,1,1
WP_011104741.1,DAKCFMEO_04488,69.3,212,220,216,1.4e-79,290.4,0.963636,0.981481
WP_011104742.1,DAKCFMEO_04256,91.6,261,261,261,4.5e-141,495.0,1,1
WP_011104743.1,DAKCFMEO_04250,97.8,414,414,414,8.6e-235,807.0,1,1
WP_011104745.1,DAKCFMEO_04244,96.0,175,175,175,4.3e-95,341.7,1,1
WP_011104746.1,DAKCFMEO_04243,82.8,192,192,192,5.2e-86,311.6,1,1
WP_011104749.1,DAKCFMEO_04232,78.6,738,738,738,0.0e+00,1166.4,1,1
WP_011104753.1,DAKCFMEO_04230,76.4,292,299,296,2.3e-136,479.6,0.976589,0.986486
WP_011104754.1,DAKCFMEO_04229,97.7,262,262,262,4.1e-142,498.4,1,1
WP_011104755.1,DAKCFMEO_04228,97.4,310,310,310,1.5e-170,593.2,1,1
WP_011104756.1,DAKCFMEO_04227,90.8,207,207,207,3.8e-114,405.2,1,1
WP_011104757.1,DAKCFMEO_04226,94.4,815,815,815,0.0e+00,1572.4,1,1
WP_011104758.1,DAKCFMEO_04956,59.8,880,889,881,0.0e+00,1121.7,0.989876,0.998865
WP_011104763.1,DAKCFMEO_04193,95.9,246,246,286,9.0e-131,460.7,1,0.86014
WP_011104764.1,DAKCFMEO_04189,96.7,429,429,429,9.1e-248,850.1,1,1
WP_011104765.1,DAKCFMEO_04188,88.2,238,239,239,3.1e-120,425.6,0.995816,0.995816
WP_011104766.1,DAKCFMEO_04187,91.3,355,355,355,2.2e-191,662.5,1,1
WP_011104774.1,DAKCFMEO_04146,89.5,354,356,356,6.1e-189,654.4,0.994382,0.994382
WP_011104777.1,DAKCFMEO_04152,91.4,174,174,174,1.7e-91,329.7,1,1
WP_011104778.1,DAKCFMEO_04155,89.8,683,685,686,0.0e+00,1276.9,0.99708,0.995627
WP_011104780.1,DAKCFMEO_04158,85.0,585,589,587,2.8e-287,981.9,0.993209,0.996593
WP_011104782.1,DAKCFMEO_04161,84.6,123,126,126,2.7e-38,152.5,0.97619,0.97619
WP_011104783.1,DAKCFMEO_04164,89.4,310,310,310,2.9e-163,568.9,1,1
WP_011104784.1,DAKCFMEO_04166,93.1,377,377,377,1.1e-207,716.8,1,1
WP_011104785.1,DAKCFMEO_04167,82.9,544,547,546,2.2e-270,925.6,0.994516,0.996337
WP_011104790.1,DAKCFMEO_02815,70.2,181,177,181,5.2e-64,238.4,1.0226,1
WP_011104801.1,DAKCFMEO_03033,92.3,156,157,157,3.2e-81,295.4,0.993631,0.993631
WP_011104802.1,DAKCFMEO_03035,92.8,83,83,83,1.1e-40,159.8,1,1
WP_011104803.1,DAKCFMEO_03037,97.2,352,352,352,1.8e-201,696.0,1,1
WP_011104809.1,DAKCFMEO_03122,95.8,215,215,215,2.3e-122,432.6,1,1
WP_011104810.1,DAKCFMEO_03123,96.6,208,272,207,2.4e-68,253.4,0.764706,1.00483
WP_011104811.1,DAKCFMEO_03125,97.5,433,433,433,6.8e-174,604.7,1,1
WP_011104812.1,DAKCFMEO_03132,96.6,176,176,174,2.5e-90,325.9,1,1.01149
WP_011104813.1,DAKCFMEO_03133,98.0,248,248,248,3.0e-134,472.2,1,1
WP_011104814.1,DAKCFMEO_03134,95.8,591,591,591,0.0e+00,1139.8,1,1
WP_011104815.1,DAKCFMEO_03139,80.1,141,143,141,4.2e-64,238.4,0.986014,1
WP_011104816.1,DAKCFMEO_03141,91.7,448,448,444,1.6e-242,832.8,1,1.00901
WP_011104817.1,DAKCFMEO_03142,94.7,571,571,571,0.0e+00,1076.6,1,1
WP_011104818.1,DAKCFMEO_03144,93.8,352,353,353,6.9e-193,667.5,0.997167,0.997167
WP_011104819.1,DAKCFMEO_03147,94.2,880,880,880,0.0e+00,1583.5,1,1
WP_011104820.1,DAKCFMEO_03148,91.4,444,444,443,3.5e-242,831.6,1,1.00226
WP_011104827.1,DAKCFMEO_00129,36.8,228,234,218,4.8e-25,109.4,0.974359,1.04587
WP_011104834.1,DAKCFMEO_03151,95.0,442,443,447,5.2e-254,870.9,0.997743,0.988814
WP_011104855.1,DAKCFMEO_03166,96.4,855,855,859,0.0e+00,1624.4,1,0.995343
WP_011104856.1,DAKCFMEO_00257,76.2,425,435,438,2.9e-177,615.9,0.977011,0.97032
WP_011104860.1,DAKCFMEO_00074,80.1,191,191,190,1.4e-91,330.1,1,1.00526
WP_011104861.1,DAKCFMEO_04477,77.4,115,115,115,3.3e-51,195.3,1,1
WP_011104862.1,DAKCFMEO_04474,92.1,253,253,253,2.7e-130,459.1,1,1
WP_011104863.1,DAKCFMEO_04473,87.9,390,391,387,6.5e-192,664.5,0.997442,1.00775
WP_011104866.1,DAKCFMEO_04468,80.9,220,222,223,7.4e-100,357.8,0.990991,0.986547
WP_011104870.1,DAKCFMEO_00083,92.2,373,373,373,3.4e-198,685.3,1,1
WP_011104871.1,DAKCFMEO_00084,93.9,1302,1303,1303,0.0e+00,2414.0,0.999233,0.999233
WP_011104873.1,DAKCFMEO_00085,91.1,563,563,563,1.7e-310,1058.9,1,1
WP_011104874.1,DAKCFMEO_00086,84.9,562,562,562,1.5e-287,982.6,1,1
WP_011104877.1,DAKCFMEO_00090,81.9,116,116,111,1.1e-35,143.7,1,1.04505
WP_011104883.1,DAKCFMEO_00124,91.5,812,811,812,0.0e+00,1473.8,1.00123,1
WP_011104884.1,DAKCFMEO_00132,91.9,824,824,824,0.0e+00,1530.8,1,1
WP_011104885.1,DAKCFMEO_00133,94.0,348,348,347,2.7e-197,682.2,1,1.00288
WP_011104887.1,DAKCFMEO_00140,90.8,836,836,829,0.0e+00,1497.3,1,1.00844
WP_011104888.1,DAKCFMEO_00146,94.2,364,364,364,1.6e-197,682.9,1,1
WP_011104892.1,DAKCFMEO_00163,94.8,306,306,306,9.3e-170,590.5,1,1
WP_011104894.1,DAKCFMEO_00170,92.9,310,308,310,4.2e-162,565.1,1.00649,1
WP_011104895.1,DAKCFMEO_00173,98.4,244,244,244,7.0e-136,477.6,1,1
WP_011104896.1,DAKCFMEO_00177,86.0,215,215,215,1.6e-107,383.3,1,1
WP_011104897.1,DAKCFMEO_00178,94.8,330,330,330,1.4e-176,613.2,1,1
WP_011104899.1,DAKCFMEO_00186,89.4,376,376,376,4.6e-179,621.7,1,1
WP_011104900.1,DAKCFMEO_00187,50.9,220,226,220,1.1e-58,221.1,0.973451,1
WP_011104901.1,DAKCFMEO_00188,56.4,220,237,236,1.4e-64,240.7,0.92827,0.932203
WP_011104902.1,DAKCFMEO_00189,42.2,223,229,226,7.5e-39,155.2,0.973799,0.986726
WP_011104905.1,DAKCFMEO_00194,89.4,246,255,260,1.8e-126,446.4,0.964706,0.946154
WP_011104908.1,DAKCFMEO_00201,91.9,99,99,99,5.3e-50,191.0,1,1
WP_011104910.1,DAKCFMEO_00211,81.3,225,223,267,1.0e-104,374.0,1.00897,0.842697
WP_011104911.1,DAKCFMEO_00218,98.3,300,300,300,2.4e-170,592.4,1,1
WP_011104912.1,DAKCFMEO_00221,96.8,284,284,284,1.3e-162,566.6,1,1
WP_011104913.1,DAKCFMEO_00228,70.8,154,154,154,2.9e-63,235.7,1,1
WP_011104914.1,DAKCFMEO_00232,97.2,460,460,463,1.6e-253,869.4,1,0.993521
WP_011104915.1,DAKCFMEO_00236,95.4,503,504,504,7.9e-259,887.1,0.998016,0.998016
WP_011104916.1,DAKCFMEO_00240,83.6,110,152,144,2.6e-32,132.9,0.723684,0.763889
WP_011104917.1,DAKCFMEO_00246,88.3,1197,1226,1209,0.0e+00,2139.4,0.976346,0.990074
WP_011104918.1,DAKCFMEO_00247,87.4,604,604,602,1.0e-308,1053.1,1,1.00332
WP_011104919.1,DAKCFMEO_00248,58.7,1033,1111,1081,0.0e+00,1194.9,0.929793,0.955597
WP_011104920.1,DAKCFMEO_00251,74.8,298,294,297,1.5e-132,466.8,1.01361,1.00337
WP_011104924.1,DAKCFMEO_04064,45.0,369,368,374,1.4e-82,301.2,1.00272,0.986631
WP_011104927.1,DAKCFMEO_00785,44.0,587,607,603,6.0e-112,399.4,0.967051,0.973466
WP_011104930.1,DAKCFMEO_04421,32.8,137,196,187,4.2e-14,72.8,0.69898,0.73262
WP_011104931.1,DAKCFMEO_02428,57.8,256,257,257,1.9e-83,303.5,0.996109,0.996109
WP_011104933.1,DAKCFMEO_03578,43.2,366,389,388,3.5e-81,296.6,0.940874,0.943299
WP_011104935.1,DAKCFMEO_04428,35.4,127,189,191,1.9e-16,80.5,0.671958,0.664921
WP_011104937.1,DAKCFMEO_02804,37.8,246,261,258,9.4e-38,151.8,0.942529,0.953488
WP_011104938.1,DAKCFMEO_02415,87.3,306,307,306,4.1e-157,548.5,0.996743,1
WP_011104942.1,DAKCFMEO_00270,69.0,145,148,147,3.9e-57,215.3,0.97973,0.986395
WP_011104943.1,DAKCFMEO_03964,34.0,374,382,384,6.6e-48,186.0,0.979058,0.973958
WP_011104944.1,DAKCFMEO_00271,91.1,406,406,406,1.2e-212,733.4,1,1
WP_011104945.1,DAKCFMEO_00272,54.0,391,407,401,3.8e-118,419.5,0.960688,0.975062
WP_011104948.1,DAKCFMEO_00278,88.5,443,444,444,2.3e-222,765.8,0.997748,0.997748
WP_011104949.1,DAKCFMEO_00279,86.0,752,793,755,0.0e+00,1303.9,0.948298,0.996026
WP_011104950.1,DAKCFMEO_00280,87.4,564,564,564,7.7e-287,980.3,1,1
WP_011104951.1,DAKCFMEO_00282,95.9,441,441,441,1.2e-237,816.6,1,1
WP_011104953.1,DAKCFMEO_00288,76.5,370,377,378,6.5e-173,601.3,0.981432,0.978836
WP_011104954.1,DAKCFMEO_00306,86.1,474,476,476,2.3e-247,849.0,0.995798,0.995798
WP_011104956.1,DAKCFMEO_00310,76.4,399,406,403,5.5e-170,591.7,0.982759,0.990074
WP_011104968.1,DAKCFMEO_00312,71.6,447,447,447,3.1e-182,632.5,1,1
WP_011104970.1,DAKCFMEO_00323,66.7,658,940,936,1.8e-248,853.6,0.7,0.702991
WP_011104971.1,DAKCFMEO_00320,71.5,1629,1615,1617,0.0e+00,2232.6,1.00867,1.00742
WP_011104972.1,DAKCFMEO_00321,69.5,1445,1446,1450,0.0e+00,2084.3,0.999308,0.996552
WP_011104973.1,DAKCFMEO_00322,65.7,648,886,938,2.2e-243,836.6,0.731377,0.690832
WP_011104976.1,DAKCFMEO_00334,85.5,193,193,193,3.3e-88,318.9,1,1
WP_011104977.1,DAKCFMEO_00335,75.0,112,112,112,3.8e-44,171.8,1,1
WP_011104978.1,DAKCFMEO_00340,93.2,103,104,104,3.2e-53,201.8,0.990385,0.990385
WP_011104979.1,DAKCFMEO_00341,95.4,388,388,388,1.4e-194,673.3,1,1
WP_011104980.1,DAKCFMEO_00342,90.3,349,349,349,4.9e-191,661.4,1,1
WP_011104981.1,DAKCFMEO_00344,74.7,289,289,283,1.4e-82,300.8,1,1.0212
WP_011104983.1,DAKCFMEO_00346,88.1,295,299,299,5.0e-152,531.6,0.986622,0.986622
WP_011104985.1,DAKCFMEO_00349,91.4,683,683,683,0.0e+00,1208.7,1,1
WP_011104986.1,DAKCFMEO_00355,92.0,475,475,475,4.0e-268,917.9,1,1
WP_011104987.1,DAKCFMEO_00356,94.9,354,354,354,9.4e-190,657.1,1,1
WP_011104988.1,DAKCFMEO_00357,90.7,364,365,366,3.8e-202,698.4,0.99726,0.994536
WP_011104989.1,DAKCFMEO_00365,81.2,240,240,239,2.8e-113,402.5,1,1.00418
WP_011104991.1,DAKCFMEO_00374,93.3,252,252,266,3.9e-129,455.3,1,0.947368
WP_011104992.1,DAKCFMEO_00378,52.4,105,107,103,1.6e-20,93.2,0.981308,1.01942
WP_011104993.1,DAKCFMEO_02477,62.8,535,763,691,4.5e-205,709.1,0.70118,0.77424
WP_011104997.1,DAKCFMEO_00381,76.8,306,306,306,4.4e-135,475.3,1,1
WP_011104998.1,DAKCFMEO_00383,91.1,191,192,192,9.2e-99,354.0,0.994792,0.994792
WP_011104999.1,DAKCFMEO_00385,88.6,315,316,315,7.4e-170,590.9,0.996835,1
WP_011105001.1,DAKCFMEO_00387,96.3,405,405,405,4.6e-225,774.6,1,1
WP_011105003.1,DAKCFMEO_00394,92.8,318,319,319,2.6e-167,582.4,0.996865,0.996865
WP_011105004.1,DAKCFMEO_00400,86.4,456,456,456,2.2e-223,769.2,1,1
WP_011105005.1,DAKCFMEO_00424,96.5,632,632,632,0.0e+00,1210.7,1,1
WP_011105006.1,DAKCFMEO_03473,67.9,137,150,147,5.4e-54,204.9,0.913333,0.931973
WP_011105008.1,DAKCFMEO_00436,89.8,265,265,265,7.2e-126,444.5,1,1
WP_011105010.1,DAKCFMEO_00450,92.1,203,203,203,2.4e-113,402.5,1,1
WP_011105011.1,DAKCFMEO_00452,92.1,458,458,458,5.0e-236,811.2,1,1
WP_011105012.1,DAKCFMEO_00453,82.4,131,131,131,3.8e-64,238.4,1,1
WP_011105013.1,DAKCFMEO_00456,97.7,479,479,479,2.0e-267,915.6,1,1
WP_011105014.1,DAKCFMEO_00458,85.1,1271,1271,1271,0.0e+00,2190.6,1,1
WP_011105015.1,DAKCFMEO_00460,83.9,199,200,200,2.8e-90,325.9,0.995,0.995
WP_011105016.1,DAKCFMEO_00466,98.1,481,481,481,1.0e-271,929.9,1,1
WP_011105017.1,DAKCFMEO_00467,87.8,123,122,123,5.0e-58,218.0,1.0082,1
WP_011105018.1,DAKCFMEO_00468,76.7,343,343,343,2.2e-127,449.9,1,1
WP_011105019.1,DAKCFMEO_00471,92.2,527,527,524,9.1e-298,1016.5,1,1.00573
WP_011105022.1,DAKCFMEO_01689,87.3,283,283,283,5.6e-137,481.5,1,1
WP_011105023.1,DAKCFMEO_01690,95.4,634,634,637,0.0e+00,1147.5,1,0.99529
WP_011105024.1,DAKCFMEO_01698,96.4,638,638,638,0.0e+00,1168.7,1,1
WP_011105025.1,DAKCFMEO_01700,95.5,556,557,557,5.3e-296,1010.7,0.998205,0.998205
WP_011105026.1,DAKCFMEO_01702,93.7,174,173,174,3.2e-90,325.5,1.00578,1
WP_011105028.1,DAKCFMEO_01703,68.0,103,104,106,6.6e-35,141.0,0.990385,0.971698
WP_011105031.1,DAKCFMEO_02700,36.5,1702,1753,2156,2.4e-270,927.2,0.970907,0.789425
WP_011105032.1,DAKCFMEO_02686,32.3,3689,3432,4339,0.0e+00,1643.6,1.07488,0.850196
WP_011105036.1,DAKCFMEO_00842,89.8,479,481,483,1.2e-243,836.6,0.995842,0.991718
WP_011105037.1,DAKCFMEO_00841,91.6,310,310,310,7.7e-172,597.4,1,1
WP_011105040.1,DAKCFMEO_03045,95.0,755,756,756,0.0e+00,1471.1,0.998677,0.998677
WP_011105042.1,DAKCFMEO_02106,67.7,381,392,391,2.6e-140,493.0,0.971939,0.974425
WP_011105043.1,DAKCFMEO_01781,90.5,326,326,326,9.3e-168,583.9,1,1
WP_011105044.1,DAKCFMEO_01782,91.4,326,334,334,4.6e-170,591.7,0.976048,0.976048
WP_011105045.1,DAKCFMEO_01783,92.7,287,287,287,1.3e-149,523.5,1,1
WP_011105046.1,DAKCFMEO_01785,84.6,253,254,254,4.7e-127,448.4,0.996063,0.996063
WP_011105048.1,DAKCFMEO_01787,81.3,493,541,541,1.0e-174,607.8,0.911275,0.911275
WP_011105049.1,DAKCFMEO_01795,81.2,607,607,607,1.7e-295,1009.2,1,1
WP_011105051.1,DAKCFMEO_01802,84.8,79,79,79,8.6e-35,140.2,1,1
WP_011105052.1,DAKCFMEO_01806,96.3,517,517,517,2.1e-294,1005.4,1,1
WP_011105053.1,DAKCFMEO_04758,83.1,574,577,577,2.4e-283,968.8,0.994801,0.994801
WP_011105055.1,DAKCFMEO_04760,93.8,419,419,419,6.7e-219,754.2,1,1
WP_011105057.1,DAKCFMEO_04763,94.4,531,535,533,1.3e-299,1022.7,0.992523,0.996248
WP_011105058.1,DAKCFMEO_04764,90.6,540,540,540,1.1e-295,1009.6,1,1
WP_011105059.1,DAKCFMEO_04765,87.8,532,530,532,4.9e-283,967.6,1.00377,1
WP_011105060.1,DAKCFMEO_04770,96.0,322,322,322,1.1e-173,603.6,1,1
WP_011105067.1,DAKCFMEO_04781,97.0,237,237,237,1.1e-120,427.2,1,1
WP_011105068.1,DAKCFMEO_04782,98.7,527,527,527,1.9e-311,1062.0,1,1
WP_011105075.1,DAKCFMEO_00555,98.0,551,563,554,5.8e-314,1070.5,0.978686,0.994585
WP_011105083.1,DAKCFMEO_03083,99.5,389,389,389,2.1e-219,755.7,1,1
WP_011105084.1,DAKCFMEO_03179,54.5,426,427,428,9.4e-128,451.4,0.997658,0.995327
WP_011105087.1,DAKCFMEO_04453,69.0,539,539,539,3.7e-137,483.0,1,1
WP_011105092.1,DAKCFMEO_00556,80.7,1278,1278,1278,0.0e+00,2020.0,1,1
WP_011105093.1,DAKCFMEO_03319,36.1,158,177,176,1.6e-17,84.0,0.892655,0.897727
WP_011105095.1,DAKCFMEO_00558,73.0,189,189,189,5.2e-70,258.5,1,1
WP_011105096.1,DAKCFMEO_00560,96.9,65,65,65,5.4e-35,140.6,1,1
WP_011105097.1,DAKCFMEO_00565,93.4,258,258,258,2.1e-138,486.1,1,1
WP_011105098.1,DAKCFMEO_00569,95.5,335,335,335,2.4e-187,649.0,1,1
WP_011105099.1,DAKCFMEO_00570,95.8,479,479,479,3.9e-271,927.9,1,1
WP_011105101.1,DAKCFMEO_00571,91.0,733,733,733,0.0e+00,1328.5,1,1
WP_011105102.1,DAKCFMEO_00572,84.5,329,329,329,1.2e-162,567.0,1,1
WP_011105103.1,DAKCFMEO_00573,92.3,168,176,188,3.6e-89,322.0,0.954545,0.893617
WP_011105104.1,DAKCFMEO_00574,93.3,431,431,431,6.0e-215,741.1,1,1
WP_011105105.1,DAKCFMEO_00575,91.7,361,361,361,2.1e-200,692.6,1,1
WP_011105107.1,DAKCFMEO_00580,92.0,289,289,289,1.1e-159,557.0,1,1
WP_011105108.1,DAKCFMEO_00581,92.6,189,189,189,7.2e-104,370.9,1,1
WP_011105109.1,DAKCFMEO_00582,93.8,305,305,305,1.1e-173,603.6,1,1
WP_011105110.1,DAKCFMEO_04783,93.0,442,442,442,9.2e-227,780.4,1,1
WP_011105112.1,DAKCFMEO_04787,97.5,158,158,158,8.7e-87,313.9,1,1
WP_011105118.1,DAKCFMEO_03188,34.1,135,165,146,2.2e-16,80.1,0.818182,0.924658
WP_011105119.1,DAKCFMEO_04450,30.1,418,381,426,5.2e-29,123.2,1.09711,0.981221
WP_011105127.1,DAKCFMEO_03821,46.9,4138,4531,5913,0.0e+00,3478.0,0.913264,0.699814
WP_011105129.1,DAKCFMEO_03159,35.2,199,199,215,1.4e-20,94.4,1,0.925581
WP_011105140.1,DAKCFMEO_04797,68.2,843,840,844,0.0e+00,1098.2,1.00357,0.998815
WP_011105154.1,DAKCFMEO_02061,54.0,124,124,121,1.5e-30,126.7,1,1.02479
WP_011105169.1,DAKCFMEO_02049,68.6,392,392,403,1.1e-146,514.2,1,0.972705
WP_011105170.1,DAKCFMEO_03757,68.8,205,207,207,5.8e-83,301.6,0.990338,0.990338
WP_011105173.1,DAKCFMEO_04323,77.5,178,179,181,1.0e-83,303.9,0.994413,0.983425
WP_011105175.1,DAKCFMEO_02890,85.7,308,308,308,1.4e-157,550.1,1,1
WP_011105177.1,DAKCFMEO_04286,39.8,352,366,361,3.6e-59,223.4,0.961749,0.975069
WP_011105180.1,DAKCFMEO_00071,76.5,179,187,186,2.1e-76,279.6,0.957219,0.962366
WP_011105183.1,DAKCFMEO_04807,92.5,265,265,265,8.1e-146,510.8,1,1
WP_011105185.1,DAKCFMEO_04816,89.2,166,166,165,2.2e-85,309.3,1,1.00606
WP_011105186.1,DAKCFMEO_04818,92.7,506,506,506,1.8e-282,965.7,1,1
WP_011105187.1,DAKCFMEO_04819,84.1,252,256,253,1.5e-125,443.4,0.984375,0.996047
WP_011105188.1,DAKCFMEO_04820,70.4,115,116,116,2.5e-35,142.5,0.991379,0.991379
WP_011105190.1,DAKCFMEO_04821,93.5,868,868,868,0.0e+00,1683.3,1,1
WP_011105191.1,DAKCFMEO_04823,95.9,345,345,359,4.7e-186,644.8,1,0.961003
WP_011105192.1,DAKCFMEO_04824,94.1,68,68,68,1.0e-36,146.4,1,1
WP_011105194.1,DAKCFMEO_03605,96.4,631,631,631,0.0e+00,1234.9,1,1
WP_011105195.1,DAKCFMEO_03601,90.0,421,421,421,4.4e-210,724.9,1,1
WP_011105196.1,DAKCFMEO_03664,73.0,674,672,674,1.1e-263,903.7,1.00298,1
WP_011105198.1,DAKCFMEO_03659,90.5,550,551,551,5.4e-293,1000.7,0.998185,0.998185
WP_011105200.1,DAKCFMEO_03658,95.8,359,359,359,1.2e-197,683.3,1,1
WP_011105201.1,DAKCFMEO_03656,91.9,123,123,123,3.4e-62,231.9,1,1
WP_011105203.1,DAKCFMEO_03651,92.2,1649,1649,1648,0.0e+00,3034.6,1,1.00061
WP_011105204.1,DAKCFMEO_03649,93.0,775,782,789,0.0e+00,1466.4,0.991049,0.982256
WP_011105206.1,DAKCFMEO_03639,76.0,250,250,242,2.3e-97,349.7,1,1.03306
WP_011105207.1,DAKCFMEO_03637,86.3,593,604,594,2.8e-295,1008.4,0.981788,0.998316
WP_011105208.1,DAKCFMEO_03632,68.5,467,453,452,8.1e-170,591.3,1.03091,1.03319
WP_011105209.1,DAKCFMEO_03629,96.1,534,534,534,3.9e-296,1011.1,1,1
WP_011105210.1,DAKCFMEO_03628,94.4,431,431,431,1.9e-237,815.8,1,1
WP_011105215.1,DAKCFMEO_03622,87.6,565,567,564,2.6e-282,965.3,0.996473,1.00177
WP_011105216.1,DAKCFMEO_03619,78.4,445,476,447,1.2e-192,667.2,0.934874,0.995526
WP_011105217.1,DAKCFMEO_04827,77.5,120,144,121,2.5e-48,186.0,0.833333,0.991736
WP_011105219.1,DAKCFMEO_04831,97.1,421,421,421,1.1e-240,826.6,1,1
WP_011105220.1,DAKCFMEO_04833,97.5,353,359,354,5.8e-195,674.5,0.983287,0.997175
WP_011105221.1,DAKCFMEO_04838,89.4,180,180,180,4.2e-93,335.1,1,1
WP_011105222.1,DAKCFMEO_04839,85.3,177,177,177,4.5e-84,305.1,1,1
WP_011105223.1,DAKCFMEO_04843,85.3,375,376,376,5.1e-178,618.2,0.99734,0.99734
WP_011105224.1,DAKCFMEO_04846,95.8,336,336,336,1.9e-171,596.3,1,1
WP_011105225.1,DAKCFMEO_04847,89.7,58,96,96,3.5e-22,98.6,0.604167,0.604167
WP_011105226.1,DAKCFMEO_04848,80.3,289,293,293,6.1e-126,444.9,0.986348,0.986348
WP_011105228.1,DAKCFMEO_04853,92.4,688,688,688,0.0e+00,1290.8,1,1
WP_011105229.1,DAKCFMEO_04859,94.2,190,190,190,1.4e-94,340.1,1,1
WP_011105230.1,DAKCFMEO_04863,97.9,238,238,238,1.5e-127,449.9,1,1
WP_011105232.1,DAKCFMEO_04873,94.9,296,297,296,6.3e-171,594.3,0.996633,1
WP_011105233.1,DAKCFMEO_04874,92.1,835,831,835,0.0e+00,1542.7,1.00481,1
WP_011105234.1,DAKCFMEO_04875,95.0,1092,1092,1092,0.0e+00,2181.0,1,1
WP_011105236.1,DAKCFMEO_04883,94.2,830,877,878,0.0e+00,1532.3,0.946408,0.94533
WP_011105237.1,DAKCFMEO_04886,81.4,644,644,644,2.8e-256,879.0,1,1
WP_011105238.1,DAKCFMEO_04890,92.2,395,395,392,8.3e-163,567.8,1,1.00765
WP_011105239.1,DAKCFMEO_04893,93.5,322,323,323,3.2e-168,585.5,0.996904,0.996904
WP_011105240.1,DAKCFMEO_04894,92.1,647,645,654,0.0e+00,1171.8,1.0031,0.989297
WP_011105241.1,DAKCFMEO_04897,82.9,496,496,496,1.8e-234,806.2,1,1
WP_011105242.1,DAKCFMEO_04904,88.8,511,511,511,6.1e-267,914.1,1,1
WP_011105244.1,DAKCFMEO_04907,83.2,595,595,594,7.8e-298,1016.9,1,1.00168
WP_011105246.1,DAKCFMEO_04912,90.7,172,177,173,8.8e-88,317.4,0.971751,0.99422
WP_011105248.1,DAKCFMEO_04915,89.8,205,205,205,2.2e-106,379.4,1,1
WP_011105254.1,DAKCFMEO_04927,88.3,428,429,429,3.4e-202,698.7,0.997669,0.997669
WP_011105255.1,DAKCFMEO_04928,98.7,629,629,629,0.0e+00,1268.1,1,1
WP_011105257.1,DAKCFMEO_04933,92.3,391,391,391,1.8e-210,726.1,1,1
WP_011105258.1,DAKCFMEO_04934,93.4,271,271,271,8.3e-146,510.8,1,1
WP_011105259.1,DAKCFMEO_04939,73.1,379,391,380,1.5e-164,573.5,0.969309,0.997368
WP_011105261.1,DAKCFMEO_04941,89.0,318,318,318,1.4e-165,576.6,1,1
WP_011105263.1,DAKCFMEO_04944,87.7,374,376,376,1.9e-193,669.5,0.994681,0.994681
WP_011105266.1,DAKCFMEO_04948,85.9,481,481,481,1.1e-244,840.1,1,1
WP_011105267.1,DAKCFMEO_04952,92.0,373,373,373,1.2e-206,713.4,1,1
WP_011105268.1,DAKCFMEO_04954,91.5,343,344,344,1.0e-188,653.7,0.997093,0.997093
WP_011105271.1,DAKCFMEO_04988,96.7,1317,1317,1317,0.0e+00,2493.8,1,1
WP_011105272.1,DAKCFMEO_04991,86.8,600,600,600,0.0e+00,1078.2,1,1
WP_011105273.1,DAKCFMEO_04992,47.1,858,873,838,8.1e-219,755.0,0.982818,1.02387
WP_011105278.1,DAKCFMEO_04430,80.4,219,224,222,5.3e-98,351.7,0.977679,0.986486
WP_011105279.1,DAKCFMEO_04995,86.8,491,487,491,3.0e-255,875.2,1.00821,1
WP_011105280.1,DAKCFMEO_04998,86.5,1995,1987,1993,0.0e+00,3290.4,1.00403,1.001
WP_011105281.1,DAKCFMEO_05000,79.2,178,179,179,2.5e-82,299.3,0.994413,0.994413
WP_011105285.1,DAKCFMEO_05013,91.7,228,228,228,3.4e-116,412.1,1,1
WP_011105287.1,DAKCFMEO_05020,93.8,404,404,404,4.2e-226,778.1,1,1
WP_011105288.1,DAKCFMEO_05021,87.9,107,107,107,2.9e-49,188.7,1,1
WP_011105291.1,DAKCFMEO_05050,98.7,615,615,615,0.0e+00,1213.4,1,1
WP_011105293.1,DAKCFMEO_02138,96.7,301,301,301,5.0e-160,558.1,1,1
WP_011105295.1,DAKCFMEO_02134,94.2,260,261,260,3.2e-147,515.4,0.996169,1
WP_011105298.1,DAKCFMEO_02127,91.6,499,625,624,6.8e-268,917.5,0.7984,0.799679
WP_011105299.1,DAKCFMEO_02126,97.9,468,468,468,5.2e-281,960.7,1,1
WP_011105300.1,DAKCFMEO_02125,94.6,239,239,239,2.8e-129,455.7,1,1
WP_011105301.1,DAKCFMEO_02123,96.4,305,308,309,5.9e-164,571.2,0.99026,0.987055
WP_011105302.1,DAKCFMEO_02120,84.8,310,311,310,2.5e-146,512.7,0.996785,1
WP_011105304.1,DAKCFMEO_02117,92.9,282,283,283,2.3e-146,512.7,0.996466,0.996466
WP_011105305.1,DAKCFMEO_02115,83.2,291,291,299,3.1e-130,459.1,1,0.973244
WP_011105318.1,DAKCFMEO_04250,37.4,412,408,414,2.4e-64,240.7,1.0098,0.995169
WP_011105319.1,DAKCFMEO_02110,89.8,421,418,422,6.0e-204,704.5,1.00718,0.99763
WP_011105322.1,DAKCFMEO_04625,51.5,441,449,450,4.9e-119,422.5,0.982183,0.98
WP_011105323.1,DAKCFMEO_04640,82.0,484,504,487,4.4e-233,801.6,0.960317,0.99384
WP_011105326.1,DAKCFMEO_05101,98.1,1481,1481,1481,0.0e+00,2817.0,1,1
WP_011105328.1,DAKCFMEO_05102,91.7,544,541,542,4.1e-229,788.5,1.00555,1.00369
WP_011105329.1,DAKCFMEO_05109,96.9,354,354,354,5.7e-187,647.9,1,1
WP_011105330.1,DAKCFMEO_05110,95.0,814,814,814,0.0e+00,1544.6,1,1
WP_011105332.1,DAKCFMEO_05060,96.3,739,739,739,0.0e+00,1434.5,1,1
WP_011105333.1,DAKCFMEO_05061,96.2,578,578,578,0.0e+00,1093.2,1,1
WP_011105335.1,DAKCFMEO_05068,86.0,563,563,561,1.6e-300,1025.8,1,1.00357
WP_011105336.1,DAKCFMEO_05069,94.1,203,204,204,9.8e-107,380.6,0.995098,0.995098
WP_011105338.1,DAKCFMEO_05076,86.5,207,207,207,3.4e-99,355.5,1,1
WP_011105339.1,DAKCFMEO_05078,97.7,130,130,130,6.3e-75,274.2,1,1
WP_011105340.1,DAKCFMEO_05079,97.3,110,110,110,4.2e-56,211.5,1,1
WP_011105341.1,DAKCFMEO_05083,91.1,235,235,235,4.4e-119,421.8,1,1
WP_011105342.1,DAKCFMEO_05084,87.5,638,638,638,1.7e-202,700.3,1,1
WP_011105343.1,DAKCFMEO_05085,62.6,546,647,647,1.9e-143,504.2,0.843895,0.843895
WP_011105344.1,DAKCFMEO_05088,94.5,641,641,638,0.0e+00,1076.6,1,1.0047
WP_011105345.1,DAKCFMEO_05092,69.3,951,939,951,0.0e+00,1239.2,1.01278,1
WP_011105347.1,DAKCFMEO_05097,88.5,192,192,192,5.2e-102,364.8,1,1
WP_011105348.1,DAKCFMEO_02106,92.3,390,391,391,1.1e-199,690.3,0.997442,0.997442
WP_011105349.1,DAKCFMEO_02104,91.5,188,188,188,3.1e-99,355.5,1,1
WP_011105351.1,DAKCFMEO_05134,91.3,401,401,401,6.0e-209,721.1,1,1
WP_011105352.1,DAKCFMEO_05135,95.1,450,452,453,5.6e-256,877.5,0.995575,0.993377
WP_011105353.1,DAKCFMEO_05137,96.6,262,262,262,3.4e-144,505.4,1,1
WP_011105355.1,DAKCFMEO_05140,88.9,207,207,208,1.3e-111,396.7,1,0.995192
WP_011105356.1,DAKCFMEO_05141,94.0,1034,1033,1034,0.0e+00,1881.3,1.00097,1
WP_011105357.1,DAKCFMEO_05142,85.1,356,356,356,1.6e-168,586.6,1,1
WP_011105359.1,DAKCFMEO_05146,94.1,339,339,339,4.8e-183,634.8,1,1
WP_011105360.1,DAKCFMEO_05148,94.4,288,286,288,4.8e-152,531.6,1.00699,1
WP_011105361.1,DAKCFMEO_05149,93.3,298,298,298,3.9e-165,575.1,1,1
WP_011105370.1,DAKCFMEO_02167,31.9,113,131,136,1.1e-15,77.4,0.862595,0.830882
WP_011105374.1,DAKCFMEO_02167,32.7,110,131,136,5.6e-15,75.1,0.839695,0.808824
WP_011105375.1,DAKCFMEO_05151,93.8,260,260,260,1.8e-137,483.0,1,1
WP_011105376.1,DAKCFMEO_05153,94.3,193,193,193,7.6e-109,387.5,1,1
WP_011105378.1,DAKCFMEO_01976,89.7,406,409,425,2.7e-212,732.3,0.992665,0.955294
WP_011105379.1,DAKCFMEO_01975,95.2,395,395,395,1.4e-218,753.1,1,1
WP_011105380.1,DAKCFMEO_01974,92.8,444,444,444,3.6e-247,848.2,1,1
WP_011105381.1,DAKCFMEO_01970,81.8,203,203,203,1.0e-92,334.0,1,1
WP_011105382.1,DAKCFMEO_01969,94.0,50,50,50,5.3e-22,97.1,1,1
WP_011105383.1,DAKCFMEO_01966,91.4,325,325,332,2.4e-171,595.9,1,0.978916
WP_011105384.1,DAKCFMEO_01965,54.8,520,655,667,3.1e-154,540.0,0.793893,0.77961
WP_011105385.1,DAKCFMEO_01964,63.3,90,90,92,1.6e-29,122.9,1,0.978261
WP_011105390.1,DAKCFMEO_01947,97.0,336,336,336,1.9e-187,649.4,1,1
WP_011105392.1,DAKCFMEO_02211,89.8,509,510,510,3.7e-256,878.2,0.998039,0.998039
WP_011105393.1,DAKCFMEO_02210,83.2,214,216,216,7.4e-97,347.8,0.990741,0.990741
WP_011105394.1,DAKCFMEO_02200,76.2,210,210,210,9.1e-92,330.9,1,1
WP_011105395.1,DAKCFMEO_02198,98.2,224,224,224,2.6e-113,402.5,1,1
WP_011105396.1,DAKCFMEO_02196,93.0,716,716,715,0.0e+00,1338.6,1,1.0014
WP_011105399.1,DAKCFMEO_02089,91.2,512,513,513,1.7e-269,922.5,0.998051,0.998051
WP_011105400.1,DAKCFMEO_02088,95.3,515,515,515,1.8e-274,939.1,1,1
WP_011105401.1,DAKCFMEO_02087,93.0,454,458,458,4.4e-240,824.7,0.991266,0.991266
WP_011105402.1,DAKCFMEO_02086,91.0,401,401,401,1.1e-215,743.4,1,1
WP_011105403.1,DAKCFMEO_02085,91.0,266,266,267,6.7e-148,517.7,1,0.996255
WP_011105404.1,DAKCFMEO_02084,88.8,721,752,745,0.0e+00,1230.7,0.958777,0.967785
WP_011105406.1,DAKCFMEO_05166,96.9,323,323,323,4.1e-192,664.8,1,1
WP_011105407.1,DAKCFMEO_05171,91.2,217,218,218,1.1e-116,413.7,0.995413,0.995413
WP_011105408.1,DAKCFMEO_05172,81.7,142,142,142,8.1e-60,224.2,1,1
WP_011105411.1,DAKCFMEO_05176,85.4,309,310,310,2.3e-155,542.7,0.996774,0.996774
WP_011105412.1,DAKCFMEO_05178,94.8,464,464,472,2.6e-264,905.2,1,0.983051
WP_011105414.1,DAKCFMEO_02028,85.3,795,795,795,0.0e+00,1449.1,1,1
WP_011105416.1,DAKCFMEO_03370,74.8,512,517,492,4.5e-225,775.0,0.990329,1.04065
WP_011105417.1,DAKCFMEO_02023,95.6,360,374,364,2.8e-200,692.2,0.962567,0.989011
WP_011105418.1,DAKCFMEO_02021,93.4,454,455,455,2.2e-260,892.1,0.997802,0.997802
WP_011105420.1,DAKCFMEO_05187,91.1,269,270,270,1.5e-139,490.0,0.996296,0.996296
WP_011105421.1,DAKCFMEO_05193,83.4,453,448,453,1.4e-219,756.5,1.01116,1
WP_011105422.1,DAKCFMEO_05194,92.0,325,325,325,3.4e-170,592.0,1,1
WP_011105423.1,DAKCFMEO_05196,91.6,261,285,276,8.8e-130,457.6,0.915789,0.945652
WP_011105424.1,DAKCFMEO_05197,89.1,137,146,137,3.3e-72,265.4,0.938356,1
WP_011105425.1,DAKCFMEO_05198,96.0,151,151,151,4.1e-86,311.6,1,1
WP_011105426.1,DAKCFMEO_05202,96.1,510,510,510,5.9e-286,977.2,1,1
WP_011105427.1,DAKCFMEO_05203,93.9,440,440,436,1.9e-152,533.5,1,1.00917
WP_011105431.1,DAKCFMEO_05212,84.2,398,399,398,8.6e-200,690.6,0.997494,1
WP_011105432.1,DAKCFMEO_05215,97.1,553,553,553,0.0e+00,1078.9,1,1
WP_011105433.1,DAKCFMEO_05217,89.0,707,741,740,0.0e+00,1235.3,0.954116,0.955405
WP_011105437.1,DAKCFMEO_05223,91.4,93,92,93,4.4e-14,71.6,1.01087,1
WP_011105438.1,DAKCFMEO_05224,87.3,448,448,448,2.4e-222,765.8,1,1
WP_011105441.1,DAKCFMEO_05226,96.5,463,463,463,1.1e-243,836.6,1,1
WP_011105442.1,DAKCFMEO_05228,80.9,257,254,256,2.0e-117,416.4,1.01181,1.00391
WP_011105443.1,DAKCFMEO_05229,93.9,231,231,231,4.8e-118,418.3,1,1
WP_011105444.1,DAKCFMEO_05231,80.7,404,423,404,8.6e-198,684.1,0.955083,1
WP_011105445.1,DAKCFMEO_05234,72.5,338,337,337,3.2e-131,462.6,1.00297,1.00297
WP_011105452.1,DAKCFMEO_04430,83.3,222,221,222,3.0e-101,362.5,1.00452,1
WP_011105453.1,DAKCFMEO_04431,96.3,410,410,410,4.7e-217,748.0,1,1
WP_011105454.1,DAKCFMEO_04432,72.5,251,256,256,2.2e-100,359.8,0.980469,0.980469
WP_011105455.1,DAKCFMEO_04433,77.6,268,268,264,4.2e-126,445.3,1,1.01515
WP_011105456.1,DAKCFMEO_04434,64.9,527,539,533,3.5e-196,679.1,0.977737,0.988743
WP_011105457.1,DAKCFMEO_04435,79.2,577,579,578,8.2e-268,917.1,0.996546,0.99827
WP_011105458.1,DAKCFMEO_00076,31.4,204,209,199,5.1e-18,85.9,0.976077,1.02513
WP_011105460.1,DAKCFMEO_05239,55.7,244,245,241,7.4e-61,228.4,0.995918,1.01245
WP_011105462.1,DAKCFMEO_05240,68.6,140,153,153,3.3e-51,195.7,0.915033,0.915033
WP_011105463.1,DAKCFMEO_05246,91.1,426,424,426,7.7e-223,767.3,1.00472,1
WP_011105465.1,DAKCFMEO_05248,93.5,367,368,368,5.5e-217,747.7,0.997283,0.997283
WP_011105466.1,DAKCFMEO_05249,87.5,970,970,970,0.0e+00,1735.7,1,1
WP_011105467.1,DAKCFMEO_05250,91.9,360,360,360,2.2e-202,699.1,1,1
WP_011105468.1,DAKCFMEO_05255,79.5,161,158,161,3.2e-73,268.9,1.01899,1
WP_011105470.1,DAKCFMEO_05262,94.1,778,778,778,0.0e+00,1523.5,1,1
WP_011105472.1,DAKCFMEO_05264,88.3,642,642,644,0.0e+00,1154.8,1,0.996894
WP_011105473.1,DAKCFMEO_05265,72.1,272,270,276,5.2e-108,385.2,1.00741,0.985507
WP_011105476.1,DAKCFMEO_02477,63.2,524,678,691,6.2e-198,685.3,0.772861,0.758321
WP_011105480.1,DAKCFMEO_01627,56.2,290,291,295,2.3e-85,310.1,0.996564,0.983051
WP_011105481.1,DAKCFMEO_01628,67.9,443,443,443,5.8e-181,628.2,1,1
WP_011105482.1,DAKCFMEO_01629,62.7,150,166,162,3.9e-53,202.2,0.903614,0.925926
WP_011105483.1,DAKCFMEO_01630,40.1,404,398,385,1.7e-67,251.1,1.01508,1.04935
WP_011105485.1,DAKCFMEO_01632,55.9,499,505,506,1.7e-152,533.9,0.988119,0.986166
WP_011105486.1,DAKCFMEO_01633,71.6,883,882,870,0.0e+00,1192.2,1.00113,1.01494
WP_011105487.1,DAKCFMEO_01634,64.2,335,335,334,6.5e-124,438.3,1,1.00299
WP_011105491.1,DAKCFMEO_01636,59.7,129,135,136,2.7e-36,146.0,0.955556,0.948529
WP_011105492.1,DAKCFMEO_01637,84.3,490,492,491,9.2e-252,863.6,0.995935,0.997963
WP_011105493.1,DAKCFMEO_01638,74.8,163,168,165,6.0e-62,231.5,0.970238,0.987879
WP_011105494.1,DAKCFMEO_01639,54.0,517,518,516,4.7e-166,578.9,0.998069,1.00194
WP_011105495.1,DAKCFMEO_01640,72.6,168,172,175,5.6e-71,261.5,0.976744,0.96
WP_011105496.1,DAKCFMEO_02477,67.6,519,680,691,5.0e-216,745.3,0.763235,0.751085
WP_011105501.1,DAKCFMEO_05296,83.8,142,142,142,3.1e-67,248.8,1,1
WP_011105503.1,DAKCFMEO_04793,82.3,147,166,150,3.3e-68,252.3,0.885542,0.98
WP_011105504.1,DAKCFMEO_05298,80.9,493,493,493,2.9e-229,788.9,1,1
WP_011105506.1,DAKCFMEO_05301,86.4,332,335,336,3.5e-170,592.0,0.991045,0.988095
WP_011105507.1,DAKCFMEO_05302,87.7,243,245,244,1.2e-111,397.1,0.991837,0.995902
WP_011105509.1,DAKCFMEO_05305,77.4,1157,1149,1152,0.0e+00,1795.8,1.00696,1.00434
WP_011105510.1,DAKCFMEO_05306,77.8,158,158,159,6.9e-68,251.1,1,0.993711
WP_011105511.1,DAKCFMEO_01612,87.9,406,406,406,2.5e-207,715.7,1,1
WP_011105512.1,DAKCFMEO_01611,96.9,393,393,393,2.1e-227,782.3,1,1
WP_011105513.1,DAKCFMEO_01610,85.9,298,306,302,2.2e-150,526.2,0.973856,0.986755
WP_011105514.1,DAKCFMEO_01606,92.9,496,497,497,1.5e-265,909.4,0.997988,0.997988
WP_011105515.1,DAKCFMEO_01603,67.3,101,101,101,5.8e-28,117.9,1,1
WP_011105516.1,DAKCFMEO_01601,90.8,653,653,653,0.0e+00,1200.3,1,1
WP_011105519.1,DAKCFMEO_01597,91.4,382,382,382,9.4e-204,703.7,1,1
WP_011105520.1,DAKCFMEO_01595,71.7,184,186,189,5.1e-78,285.0,0.989247,0.973545
WP_011105522.1,DAKCFMEO_01588,59.3,1524,1550,1742,0.0e+00,1773.4,0.983226,0.874856
WP_011105523.1,DAKCFMEO_01584,95.3,277,277,277,2.1e-152,532.7,1,1
WP_011105527.1,DAKCFMEO_01578,84.2,303,303,303,1.8e-157,549.7,1,1
WP_011105529.1,DAKCFMEO_01575,98.1,359,360,360,8.9e-204,703.7,0.997222,0.997222
WP_011105531.1,DAKCFMEO_01573,33.9,192,210,211,1.4e-23,104.4,0.914286,0.909953
WP_011105533.1,DAKCFMEO_01573,53.6,211,210,211,8.1e-64,238.0,1.00476,1
WP_011105534.1,DAKCFMEO_01569,88.9,334,334,334,2.2e-172,599.4,1,1
WP_011105535.1,DAKCFMEO_01566,78.1,520,520,520,8.0e-222,764.2,1,1
WP_011105536.1,DAKCFMEO_01565,74.4,207,212,212,3.9e-90,325.5,0.976415,0.976415
WP_011105537.1,DAKCFMEO_01564,85.8,148,148,148,1.5e-77,283.1,1,1
WP_011105538.1,DAKCFMEO_01563,82.9,222,222,223,4.6e-110,391.7,1,0.995516
WP_011105539.1,DAKCFMEO_01562,96.5,602,602,602,0.0e+00,1152.9,1,1
WP_011105540.1,DAKCFMEO_01561,97.9,471,471,471,2.3e-268,918.7,1,1
WP_011105542.1,DAKCFMEO_01556,96.6,727,727,727,0.0e+00,1389.4,1,1
WP_011105543.1,DAKCFMEO_01194,79.8,322,323,326,9.2e-152,530.8,0.996904,0.98773
WP_011105544.1,DAKCFMEO_01197,91.1,403,403,402,2.5e-215,742.3,1,1.00249
WP_011105547.1,DAKCFMEO_01204,85.4,356,356,356,7.6e-131,461.5,1,1
WP_011105548.1,DAKCFMEO_01206,80.9,653,648,658,1.7e-290,992.6,1.00772,0.992401
WP_011105549.1,DAKCFMEO_01207,84.9,205,205,205,2.5e-94,339.3,1,1
WP_011105550.1,DAKCFMEO_01208,91.6,585,585,585,3.6e-311,1061.2,1,1
WP_011105551.1,DAKCFMEO_01209,80.7,431,451,452,3.0e-217,748.8,0.955654,0.95354
WP_011105552.1,DAKCFMEO_01210,72.0,150,151,151,3.3e-51,195.7,0.993377,0.993377
WP_011105553.1,DAKCFMEO_01211,95.1,206,206,206,1.3e-114,406.8,1,1
WP_011105554.1,DAKCFMEO_01212,97.1,309,309,309,5.0e-171,594.7,1,1
WP_011105555.1,DAKCFMEO_01215,77.1,420,433,433,7.2e-176,611.3,0.969977,0.969977
WP_011105556.1,DAKCFMEO_01216,75.8,425,448,442,1.4e-195,676.8,0.948661,0.961538
WP_011105557.1,DAKCFMEO_01217,79.4,627,628,627,1.4e-300,1026.2,0.998408,1
WP_011105558.1,DAKCFMEO_01218,86.6,209,212,212,2.5e-97,349.4,0.985849,0.985849
WP_011105559.1,DAKCFMEO_01219,78.9,355,355,354,6.8e-148,518.1,1,1.00282
WP_011105560.1,DAKCFMEO_01221,86.5,584,584,584,2.0e-290,992.3,1,1
WP_011105562.1,DAKCFMEO_01224,81.5,676,676,676,1.7e-293,1002.7,1,1
WP_011105565.1,DAKCFMEO_01231,82.4,483,483,483,1.2e-240,826.6,1,1
WP_011105566.1,DAKCFMEO_01232,80.4,311,324,314,8.1e-148,517.7,0.959877,0.990446
WP_011105568.1,DAKCFMEO_01234,90.0,259,259,277,1.1e-139,490.3,1,0.935018
WP_011105569.1,DAKCFMEO_01235,82.6,317,316,319,1.0e-147,517.3,1.00316,0.99373
WP_011105570.1,DAKCFMEO_01236,86.7,346,346,346,1.1e-161,563.9,1,1
WP_011105575.1,DAKCFMEO_01787,72.5,541,541,541,3.9e-163,569.3,1,1
WP_011105576.1,DAKCFMEO_00367,55.2,424,428,429,1.6e-127,450.7,0.990654,0.988345
WP_011105577.1,DAKCFMEO_00366,64.9,225,226,226,5.2e-85,308.5,0.995575,0.995575
WP_011105578.1,DAKCFMEO_02083,39.5,129,144,148,7.6e-21,94.7,0.895833,0.871622
WP_011105579.1,DAKCFMEO_03092,90.0,320,320,320,2.5e-149,522.7,1,1
WP_011105580.1,DAKCFMEO_03076,60.9,110,110,110,9.5e-32,130.6,1,1
WP_011105582.1,DAKCFMEO_04167,70.3,539,549,546,1.3e-230,793.5,0.981785,0.987179
WP_011105583.1,DAKCFMEO_02900,54.4,441,442,464,3.6e-138,486.1,0.997738,0.950431
WP_011105585.1,DAKCFMEO_02894,32.5,212,247,337,8.4e-20,92.0,0.8583,0.62908
WP_011105587.1,DAKCFMEO_05175,35.0,306,326,302,2.6e-45,177.2,0.93865,1.01325
WP_011105589.1,DAKCFMEO_01243,96.7,611,611,611,0.0e+00,1158.7,1,1
WP_011105590.1,DAKCFMEO_01245,87.5,440,455,440,6.8e-193,667.9,0.967033,1
WP_011105591.1,DAKCFMEO_01248,97.9,286,286,286,4.3e-153,535.0,1,1
WP_011105592.1,DAKCFMEO_01250,97.8,178,178,178,5.0e-91,328.2,1,1
WP_011105593.1,DAKCFMEO_01254,95.6,135,135,135,6.5e-67,247.7,1,1
WP_011105594.1,DAKCFMEO_01258,97.0,630,630,630,0.0e+00,1231.5,1,1
WP_011105595.1,DAKCFMEO_01260,92.0,562,562,561,1.9e-298,1018.8,1,1.00178
WP_011106957.1,DAKCFMEO_04532,88.0,558,560,562,1.9e-306,1045.4,0.996429,0.992883
WP_011106959.1,DAKCFMEO_03052,63.0,146,146,146,3.6e-47,182.2,1,1
WP_011106976.1,DAKCFMEO_03268,35.5,439,448,439,4.4e-59,223.4,0.979911,1
WP_011106982.1,DAKCFMEO_04034,31.2,263,393,388,6.4e-30,126.3,0.669211,0.677835
WP_011107018.1,DAKCFMEO_00745,91.1,415,431,416,1.7e-238,819.3,0.962877,0.997596
WP_011107020.1,DAKCFMEO_03926,79.8,649,649,647,3.4e-294,1005.0,1,1.00309
WP_011107021.1,DAKCFMEO_04757,32.4,225,233,249,1.1e-24,108.2,0.965665,0.903614
WP_011107023.1,DAKCFMEO_03268,36.3,416,448,439,9.8e-59,222.2,0.928571,0.947608
WP_011107026.1,DAKCFMEO_04034,31.2,263,393,388,6.4e-30,126.3,0.669211,0.677835
WP_017682472.1,DAKCFMEO_02507,81.7,60,63,63,4.5e-26,110.9,0.952381,0.952381
WP_017682720.1,DAKCFMEO_00402,95.8,577,576,576,0.0e+00,1098.6,1.00174,1.00174
WP_017684227.1,DAKCFMEO_01663,96.6,984,984,984,0.0e+00,1849.3,1,1
WP_017698872.1,DAKCFMEO_02145,68.1,72,74,72,3.3e-20,91.7,0.972973,1
WP_017709633.1,DAKCFMEO_00749,94.4,751,750,751,0.0e+00,1446.0,1.00133,1
WP_020306396.1,DAKCFMEO_02290,94.6,74,74,74,9.5e-36,143.3,1,1
WP_024419631.1,DAKCFMEO_01684,88.8,152,152,152,6.6e-76,277.7,1,1
WP_024656430.1,DAKCFMEO_05154,92.7,427,427,436,4.2e-229,788.1,1,0.979358
WP_024657440.1,DAKCFMEO_03236,90.9,241,259,241,4.0e-121,428.7,0.930502,1
WP_024658065.1,DAKCFMEO_01599,89.1,147,147,146,4.6e-66,245.0,1,1.00685
WP_024666025.1,DAKCFMEO_02032,80.0,210,211,212,2.9e-98,352.4,0.995261,0.990566
WP_024666071.1,DAKCFMEO_03747,92.0,388,397,400,6.8e-197,681.0,0.97733,0.97
WP_024666072.1,DAKCFMEO_03749,95.8,529,529,529,5.9e-297,1013.8,1,1
WP_024666082.1,DAKCFMEO_03775,85.1,228,228,228,5.2e-117,414.8,1,1
WP_024666158.1,DAKCFMEO_04145,39.6,313,316,324,7.6e-58,218.8,0.990506,0.966049
WP_024666223.1,DAKCFMEO_00549,65.3,98,98,111,2.0e-33,136.0,1,0.882883
WP_024666240.1,DAKCFMEO_03957,81.7,586,590,585,2.2e-276,945.7,0.99322,1.00171
WP_024666348.1,DAKCFMEO_01440,75.1,225,248,225,8.5e-97,347.8,0.907258,1
WP_024666650.1,DAKCFMEO_01029,70.6,180,177,200,4.1e-69,255.4,1.01695,0.9
WP_024666974.1,DAKCFMEO_00699,52.7,74,79,120,3.5e-12,65.1,0.936709,0.616667
WP_024667101.1,DAKCFMEO_02899,39.6,134,71,143,1.8e-15,75.9,1.88732,0.937063
WP_024667176.1,DAKCFMEO_02849,78.4,283,328,321,4.7e-103,369.0,0.862805,0.88162
WP_024667238.1,DAKCFMEO_03586,91.4,152,152,153,7.1e-78,284.3,1,0.993464
WP_024667376.1,DAKCFMEO_00040,77.9,136,136,136,1.3e-59,223.4,1,1
WP_024667446.1,DAKCFMEO_02635,66.9,130,139,135,2.8e-44,172.6,0.935252,0.962963
WP_024667462.1,DAKCFMEO_02594,97.0,232,232,244,1.1e-122,433.7,1,0.95082
WP_024667547.1,DAKCFMEO_01600,86.2,123,125,125,8.8e-58,217.2,0.984,0.984
WP_024667847.1,DAKCFMEO_05045,92.3,287,288,288,6.3e-152,531.2,0.996528,0.996528
WP_024667882.1,DAKCFMEO_01760,45.7,435,438,437,1.3e-100,361.3,0.993151,0.995423
WP_024667893.1,DAKCFMEO_04386,70.8,161,163,163,3.3e-65,242.3,0.98773,0.98773
WP_024667894.1,DAKCFMEO_04387,72.1,229,231,263,3.7e-94,339.0,0.991342,0.870722
WP_024667998.1,DAKCFMEO_02491,90.0,340,340,340,1.8e-185,642.9,1,1
WP_024668184.1,DAKCFMEO_03283,71.9,274,275,287,4.1e-108,385.6,0.996364,0.954704
WP_024668283.1,DAKCFMEO_03316,78.5,163,181,175,1.1e-72,267.3,0.900552,0.931429
WP_024668366.1,DAKCFMEO_00490,87.9,248,248,234,1.5e-125,443.4,1,1.05983
WP_032606863.1,DAKCFMEO_02497,94.4,248,249,248,1.9e-136,479.6,0.995984,1
WP_032606961.1,DAKCFMEO_03474,72.6,113,114,161,8.6e-28,117.5,0.991228,0.701863
WP_032608868.1,DAKCFMEO_02500,91.3,229,252,229,9.8e-117,414.1,0.90873,1
WP_032621684.1,DAKCFMEO_03308,89.2,325,328,337,5.5e-168,584.7,0.990854,0.964392
WP_032621927.1,DAKCFMEO_03553,95.9,294,294,294,4.2e-167,581.6,1,1
WP_032622185.1,DAKCFMEO_00275,69.0,226,227,237,3.2e-82,299.3,0.995595,0.953586
WP_032622187.1,DAKCFMEO_00230,82.4,313,313,313,2.3e-147,516.2,1,1
WP_032622221.1,DAKCFMEO_04607,83.8,142,142,142,1.9e-64,239.6,1,1
WP_032639333.1,DAKCFMEO_00673,53.7,469,501,478,7.9e-142,498.4,0.936128,0.981172
WP_032640254.1,DAKCFMEO_03013,78.9,213,213,213,8.4e-93,334.3,1,1
WP_032643380.1,DAKCFMEO_04600,89.1,697,697,697,0.0e+00,1243.8,1,1
WP_032645112.1,DAKCFMEO_04276,95.8,504,504,511,8.4e-285,973.4,1,0.986301
WP_032710461.1,DAKCFMEO_00152,60.0,175,182,175,6.1e-52,198.4,0.961538,1
WP_032710497.1,DAKCFMEO_04577,88.8,294,294,294,9.6e-148,517.3,1,1
WP_032710559.1,DAKCFMEO_04090,72.1,427,432,433,1.8e-179,623.2,0.988426,0.986143
WP_032710582.1,DAKCFMEO_01676,65.3,98,102,107,7.4e-31,127.5,0.960784,0.915888
WP_032710594.1,DAKCFMEO_02336,84.1,283,293,284,9.6e-140,490.7,0.96587,0.996479
WP_032710620.1,DAKCFMEO_02596,88.1,310,314,311,1.3e-158,553.5,0.987261,0.996785
WP_032710978.1,DAKCFMEO_00925,89.4,340,340,340,1.1e-158,553.9,1,1
WP_032710981.1,DAKCFMEO_01754,88.2,203,203,216,8.8e-92,330.9,1,0.939815
WP_044389725.1,DAKCFMEO_03760,71.6,109,119,115,4.8e-37,148.3,0.915966,0.947826
WP_044389757.1,DAKCFMEO_03723,96.4,387,387,387,2.1e-219,755.7,1,1
WP_044389985.1,DAKCFMEO_04034,93.8,385,389,388,1.3e-203,703.4,0.989717,0.992268
WP_044390087.1,DAKCFMEO_02524,91.2,399,404,404,6.5e-203,701.0,0.987624,0.987624
WP_044390135.1,DAKCFMEO_02685,83.7,252,252,252,4.6e-122,431.8,1,1
WP_044390137.1,DAKCFMEO_02696,92.4,406,404,403,2.2e-219,755.7,1.00495,1.00744
WP_044390144.1,DAKCFMEO_02705,89.5,287,292,286,7.3e-156,544.3,0.982877,1.0035
WP_044390159.1,DAKCFMEO_02608,89.7,261,261,266,1.2e-138,486.9,1,0.981203
WP_044390209.1,DAKCFMEO_04481,87.2,642,642,642,9.9e-206,711.1,1,1
WP_044390357.1,DAKCFMEO_04725,91.7,349,385,384,7.1e-191,661.0,0.906494,0.908854
WP_044390490.1,DAKCFMEO_05058,76.0,246,264,244,8.2e-106,377.9,0.931818,1.0082
WP_044390572.1,DAKCFMEO_02414,94.5,308,308,308,4.7e-169,588.2,1,1
WP_044390643.1,DAKCFMEO_00164,93.0,355,356,358,1.9e-190,659.4,0.997191,0.99162
WP_044390721.1,DAKCFMEO_03137,92.1,202,202,201,3.1e-97,349.0,1,1.00498
WP_044390753.1,DAKCFMEO_03182,71.0,445,445,445,1.5e-192,666.8,1,1
WP_044390979.1,DAKCFMEO_02968,80.4,204,204,204,3.7e-90,325.5,1,1
WP_044391022.1,DAKCFMEO_04172,88.8,455,456,456,1.2e-218,753.4,0.997807,0.997807
WP_044391024.1,DAKCFMEO_01037,35.5,592,730,861,1.1e-102,369.0,0.810959,0.687573
WP_044391155.1,DAKCFMEO_02368,34.8,319,338,329,3.7e-42,166.8,0.943787,0.969605
WP_044392483.1,DAKCFMEO_04159,75.5,286,289,297,2.3e-125,443.0,0.989619,0.962963
WP_044392584.1,DAKCFMEO_02040,95.2,228,228,235,4.1e-114,405.2,1,0.970213
WP_044392586.1,DAKCFMEO_02038,93.0,906,941,905,0.0e+00,1716.4,0.962806,1.0011
WP_044392641.1,DAKCFMEO_01884,64.6,642,642,642,1.2e-256,880.2,1,1
WP_044392676.1,DAKCFMEO_01883,65.9,179,184,231,4.4e-66,245.4,0.972826,0.774892
WP_044392708.1,DAKCFMEO_01518,75.3,81,91,89,1.5e-30,126.3,0.89011,0.910112
WP_044392753.1,DAKCFMEO_04321,67.8,118,119,119,1.7e-42,166.4,0.991597,0.991597
WP_044392855.1,DAKCFMEO_04230,75.8,289,295,296,4.7e-134,471.9,0.979661,0.976351
WP_044392973.1,DAKCFMEO_01609,90.1,373,373,373,3.0e-186,645.6,1,1
WP_044393047.1,DAKCFMEO_01760,89.2,437,437,437,1.0e-217,750.4,1,1
WP_044393109.1,DAKCFMEO_04762,71.8,518,518,515,2.6e-220,759.2,1,1.00583
WP_044393213.1,DAKCFMEO_01322,80.9,209,234,209,2.5e-90,326.2,0.893162,1
WP_044393500.1,DAKCFMEO_00067,83.2,370,371,371,6.2e-176,611.3,0.997305,0.997305
WP_044393502.1,DAKCFMEO_00092,89.9,456,459,456,1.6e-234,806.2,0.993464,1
WP_044393593.1,DAKCFMEO_05164,95.2,394,394,394,1.2e-225,776.5,1,1
WP_044393613.1,DAKCFMEO_04469,81.8,1128,1123,1133,0.0e+00,1813.1,1.00445,0.995587
WP_044393615.1,DAKCFMEO_04472,93.1,305,305,305,4.9e-155,541.6,1,1
WP_044393666.1,DAKCFMEO_02273,76.8,241,240,240,1.1e-93,337.4,1.00417,1.00417
WP_044393841.1,DAKCFMEO_04336,94.5,564,564,564,0.0e+00,1141.7,1,1
WP_044393960.1,DAKCFMEO_02473,67.3,294,300,353,2.2e-123,436.4,0.98,0.832861
WP_046463279.1,DAKCFMEO_00499,67.5,326,326,326,2.6e-125,443.0,1,1
WP_046463280.1,DAKCFMEO_00905,30.1,312,325,363,8.4e-28,119.0,0.96,0.859504
WP_046463288.1,DAKCFMEO_04486,88.7,168,168,168,7.1e-79,287.7,1,1
WP_046463289.1,DAKCFMEO_04492,92.2,422,425,422,3.7e-233,801.6,0.992941,1
WP_046463290.1,DAKCFMEO_04521,90.3,278,289,279,1.5e-145,510.0,0.961938,0.996416
WP_046463295.1,DAKCFMEO_02725,92.0,489,486,488,6.7e-247,847.4,1.00617,1.00205
WP_046463296.1,DAKCFMEO_03298,88.8,374,374,374,3.3e-193,668.7,1,1
WP_046463297.1,DAKCFMEO_02730,84.4,392,392,392,5.7e-196,677.9,1,1
WP_046463299.1,DAKCFMEO_01032,69.6,543,641,634,4.7e-123,436.4,0.847114,0.856467
WP_046463300.1,DAKCFMEO_02685,31.8,239,256,252,6.4e-23,102.4,0.933594,0.948413
WP_046463302.1,DAKCFMEO_01627,57.8,289,296,295,1.5e-87,317.4,0.976351,0.979661
WP_046463305.1,DAKCFMEO_02433,55.6,81,82,83,6.9e-19,87.4,0.987805,0.975904
WP_046463307.1,DAKCFMEO_04378,85.4,541,544,541,1.0e-198,687.6,0.994485,1
WP_046463309.1,DAKCFMEO_02702,78.9,809,803,809,0.0e+00,1314.7,1.00747,1
WP_046463311.1,DAKCFMEO_02709,86.1,461,462,467,9.6e-219,753.8,0.997835,0.987152
WP_046463313.1,DAKCFMEO_01619,81.4,102,149,102,2.0e-40,159.8,0.684564,1
WP_046463314.1,DAKCFMEO_01028,81.7,378,378,383,5.3e-191,661.4,1,0.986945
WP_046463315.1,DAKCFMEO_01024,73.3,434,447,434,5.4e-142,498.8,0.970917,1
WP_046463316.1,DAKCFMEO_00962,83.2,274,299,290,3.1e-141,495.7,0.916388,0.944828
WP_046463317.1,DAKCFMEO_00959,91.3,912,913,915,0.0e+00,1670.6,0.998905,0.996721
WP_046463318.1,DAKCFMEO_00267,77.1,467,467,475,3.8e-215,741.9,1,0.983158
WP_046463321.1,DAKCFMEO_01442,86.3,782,779,779,0.0e+00,1119.8,1.00385,1.00385
WP_046463326.1,DAKCFMEO_01418,84.0,357,361,362,1.6e-157,550.1,0.98892,0.986188
WP_046463327.1,DAKCFMEO_01425,77.1,363,363,386,6.7e-175,607.8,1,0.940415
WP_046463328.1,DAKCFMEO_01930,85.5,372,373,373,1.3e-176,613.6,0.997319,0.997319
WP_046463329.1,DAKCFMEO_01937,98.1,636,636,651,0.0e+00,1093.6,1,0.976959
WP_046463335.1,DAKCFMEO_04307,82.8,93,94,94,1.1e-41,163.3,0.989362,0.989362
WP_046463336.1,DAKCFMEO_04301,84.9,298,326,348,3.0e-89,323.2,0.91411,0.856322
WP_046463337.1,DAKCFMEO_04299,69.8,179,248,265,3.4e-69,256.1,0.721774,0.675472
WP_046463338.1,DAKCFMEO_04289,83.8,290,290,290,1.1e-138,487.3,1,1
WP_046463346.1,DAKCFMEO_04788,75.3,235,234,231,1.6e-60,227.3,1.00427,1.01732
WP_046463347.1,DAKCFMEO_04786,90.6,202,203,204,2.6e-104,372.5,0.995074,0.990196
WP_046463348.1,DAKCFMEO_00579,90.3,195,196,196,9.7e-104,370.5,0.994898,0.994898
WP_046463355.1,DAKCFMEO_04557,92.9,695,695,695,0.0e+00,1271.9,1,1
WP_046463381.1,DAKCFMEO_03696,85.0,226,229,227,2.6e-108,386.0,0.9869,0.995595
WP_046463383.1,DAKCFMEO_03667,90.8,249,249,249,3.6e-135,475.3,1,1
WP_046463386.1,DAKCFMEO_03674,93.0,342,366,342,6.1e-176,611.3,0.934426,1
WP_046463388.1,DAKCFMEO_04091,78.8,448,465,452,1.4e-212,733.4,0.963441,0.99115
WP_046463392.1,DAKCFMEO_01798,65.4,52,64,67,3.0e-14,71.6,0.8125,0.776119
WP_046463393.1,DAKCFMEO_01796,96.9,261,261,261,8.0e-138,484.2,1,1
WP_046463394.1,DAKCFMEO_00840,90.9,330,330,323,1.1e-176,613.6,1,1.02167
WP_046463395.1,DAKCFMEO_04772,79.4,846,840,847,0.0e+00,1387.5,1.00714,0.998819
WP_046463396.1,DAKCFMEO_01786,76.0,304,313,304,1.7e-142,500.0,0.971246,1
WP_046463398.1,DAKCFMEO_03256,77.7,1193,1195,1213,0.0e+00,1849.3,0.998326,0.983512
WP_046463402.1,DAKCFMEO_02757,74.8,516,513,524,4.8e-227,781.6,1.00585,0.984733
WP_046463403.1,DAKCFMEO_02772,87.4,738,737,738,0.0e+00,1248.4,1.00136,1
WP_046463409.1,DAKCFMEO_03976,84.8,250,255,255,4.0e-118,418.7,0.980392,0.980392
WP_046463410.1,DAKCFMEO_03990,43.6,234,257,215,2.2e-47,183.7,0.910506,1.08837
WP_046463411.1,DAKCFMEO_04002,62.4,335,363,365,4.4e-110,392.5,0.922865,0.917808
WP_046463414.1,DAKCFMEO_00161,86.8,706,706,702,0.0e+00,1245.7,1,1.0057
WP_046463416.1,DAKCFMEO_00198,92.6,808,805,808,0.0e+00,1548.1,1.00373,1
WP_046463422.1,DAKCFMEO_00345,92.1,329,330,330,1.1e-179,623.6,0.99697,0.99697
WP_046463429.1,DAKCFMEO_00136,94.2,242,242,242,1.4e-123,436.8,1,1
WP_046463430.1,DAKCFMEO_00130,89.4,66,66,66,7.7e-21,93.6,1,1
WP_046463431.1,DAKCFMEO_00093,86.5,764,763,771,0.0e+00,1282.3,1.00131,0.990921
WP_046463435.1,DAKCFMEO_00695,86.2,658,674,667,0.0e+00,1144.8,0.976261,0.986507
WP_046463438.1,DAKCFMEO_00726,91.0,233,239,235,9.3e-117,414.1,0.974895,0.991489
WP_046463439.1,DAKCFMEO_00741,86.6,906,906,906,0.0e+00,1624.0,1,1
WP_046463440.1,DAKCFMEO_00743,88.8,553,553,553,2.3e-291,995.3,1,1
WP_046463447.1,DAKCFMEO_03121,94.3,229,229,229,1.7e-123,436.4,1,1
WP_046463454.1,DAKCFMEO_02582,69.2,263,263,263,1.2e-104,374.0,1,1
WP_046463456.1,DAKCFMEO_02578,69.7,618,625,713,1.1e-241,830.5,0.9888,0.86676
WP_046463458.1,DAKCFMEO_04186,91.4,268,268,268,5.0e-151,528.1,1,1
WP_046463459.1,DAKCFMEO_04150,73.8,237,238,240,3.3e-106,379.0,0.995798,0.9875
WP_046463461.1,DAKCFMEO_04168,95.4,563,563,563,0.0e+00,1080.5,1,1
WP_046463479.1,DAKCFMEO_03952,84.0,412,449,412,4.3e-208,718.4,0.917595,1
WP_046463480.1,DAKCFMEO_03936,72.0,186,202,190,2.5e-70,259.6,0.920792,0.978947
WP_046463481.1,DAKCFMEO_00287,32.7,505,532,498,8.9e-51,196.1,0.949248,1.01406
WP_046463482.1,DAKCFMEO_03931,90.4,458,458,458,1.8e-238,819.3,1,1
WP_046463487.1,DAKCFMEO_04603,96.4,501,501,510,3.4e-286,978.0,1,0.982353
WP_046463492.1,DAKCFMEO_04604,78.8,241,241,237,9.8e-106,377.5,1,1.01688
WP_046463494.1,DAKCFMEO_01060,74.4,273,283,286,2.1e-115,409.8,0.964664,0.954545
WP_046463498.1,DAKCFMEO_01162,80.3,856,860,961,0.0e+00,1349.0,0.995349,0.890739
WP_046463499.1,DAKCFMEO_01179,91.9,272,273,273,4.6e-144,505.0,0.996337,0.996337
WP_046463502.1,DAKCFMEO_03732,84.4,1226,1226,1226,0.0e+00,2087.4,1,1
WP_046463503.1,DAKCFMEO_03756,63.3,177,182,188,4.2e-61,228.8,0.972527,0.941489
WP_046463504.1,DAKCFMEO_03769,91.0,748,830,832,0.0e+00,1397.1,0.901205,0.899038
WP_046463506.1,DAKCFMEO_03779,86.6,471,471,471,5.3e-241,827.8,1,1
WP_046463508.1,DAKCFMEO_03728,77.7,448,447,448,2.0e-189,656.4,1.00224,1
WP_046463516.1,DAKCFMEO_03971,83.6,499,499,499,1.2e-259,889.8,1,1
WP_046463517.1,DAKCFMEO_03970,71.9,388,387,380,1.7e-155,543.5,1.00258,1.02105
WP_046463519.1,DAKCFMEO_03963,70.4,379,392,379,2.3e-152,533.1,0.966837,1
WP_046463524.1,DAKCFMEO_02474,74.2,124,126,195,1.8e-55,209.5,0.984127,0.635897
WP_046463531.1,DAKCFMEO_03785,81.6,299,299,299,9.2e-146,510.8,1,1
WP_046463536.1,DAKCFMEO_02435,68.3,268,270,268,1.2e-109,390.6,0.992593,1
WP_046463551.1,DAKCFMEO_03653,68.8,282,300,298,2.2e-115,409.8,0.94,0.946309
WP_046463552.1,DAKCFMEO_03663,87.4,922,922,922,0.0e+00,1663.3,1,1
WP_046463553.1,DAKCFMEO_04439,74.9,223,224,241,2.2e-96,346.3,0.995536,0.925311
WP_046463556.1,DAKCFMEO_04417,70.6,320,323,323,1.1e-133,470.7,0.990712,0.990712
WP_046463559.1,DAKCFMEO_00667,83.3,276,276,272,2.3e-127,449.5,1,1.01471
WP_046463561.1,DAKCFMEO_00678,51.6,1503,1682,1679,0.0e+00,1451.4,0.893579,0.895176
WP_046463563.1,DAKCFMEO_04706,66.6,494,494,494,7.4e-201,694.5,1,1
WP_046463565.1,DAKCFMEO_04750,79.2,504,510,504,2.4e-226,779.2,0.988235,1
WP_046463567.1,DAKCFMEO_00639,51.8,220,217,219,2.4e-50,193.4,1.01382,1.00457
WP_046463568.1,DAKCFMEO_00477,84.2,259,267,260,6.7e-132,464.5,0.970037,0.996154
WP_046463592.1,DAKCFMEO_02489,90.0,251,253,252,4.7e-127,448.4,0.992095,0.996032
WP_046463594.1,DAKCFMEO_01324,85.9,539,539,539,2.8e-225,775.8,1,1
WP_046463596.1,DAKCFMEO_03751,83.7,584,638,653,3.1e-223,769.2,0.915361,0.894334
WP_046463602.1,DAKCFMEO_05116,80.0,180,193,179,5.3e-78,285.0,0.932642,1.00559
WP_046463612.1,DAKCFMEO_01276,46.2,197,209,209,2.2e-45,176.8,0.942584,0.942584
WP_046463616.1,DAKCFMEO_01283,45.2,252,249,253,2.3e-57,216.9,1.01205,0.996047
WP_046463633.1,DAKCFMEO_01305,88.1,371,371,370,7.3e-185,641.0,1,1.0027
WP_046463642.1,DAKCFMEO_03394,91.9,454,454,454,6.7e-249,854.0,1,1
WP_046463652.1,DAKCFMEO_04918,59.4,138,148,167,9.4e-43,167.5,0.932432,0.826347
WP_046463655.1,DAKCFMEO_04913,83.6,329,329,325,1.8e-166,579.7,1,1.01231
WP_046463668.1,DAKCFMEO_00314,92.6,122,133,124,2.4e-61,229.2,0.917293,0.983871
WP_046463673.1,DAKCFMEO_00307,74.4,223,227,241,2.6e-92,332.8,0.982379,0.925311
WP_046463675.1,DAKCFMEO_00287,90.0,498,498,498,1.4e-244,839.7,1,1
WP_046463676.1,DAKCFMEO_00273,47.9,334,338,336,5.1e-76,279.3,0.988166,0.994048
WP_046463677.1,DAKCFMEO_03857,70.1,408,421,409,4.9e-169,588.6,0.969121,0.997555
WP_046463701.1,DAKCFMEO_01846,84.4,861,861,861,0.0e+00,1434.1,1,1
WP_046463702.1,DAKCFMEO_01848,98.0,402,402,402,3.3e-223,768.5,1,1
WP_046463718.1,DAKCFMEO_05206,66.8,250,251,251,1.1e-102,367.5,0.996016,0.996016
WP_046463731.1,DAKCFMEO_02006,57.5,275,296,285,1.7e-88,320.5,0.929054,0.964912
WP_046463732.1,DAKCFMEO_04541,80.1,552,549,539,3.6e-241,828.6,1.00546,1.02412
WP_046463733.1,DAKCFMEO_04550,82.3,396,393,397,1.4e-173,603.6,1.00763,0.997481
WP_046463739.1,DAKCFMEO_01726,76.6,640,640,640,1.9e-209,723.4,1,1
WP_046463764.1,DAKCFMEO_00717,38.7,302,319,302,5.0e-57,216.1,0.946708,1
WP_046463773.1,DAKCFMEO_04084,82.5,183,200,188,3.4e-80,292.4,0.915,0.973404
WP_046463775.1,DAKCFMEO_04114,82.0,356,346,356,9.9e-168,583.9,1.0289,1
WP_046463781.1,DAKCFMEO_01233,33.1,714,719,715,7.7e-90,326.2,0.993046,0.998601
WP_046463793.1,DAKCFMEO_04942,84.0,468,469,478,8.2e-234,803.9,0.997868,0.979079
WP_046463799.1,DAKCFMEO_00254,81.8,989,989,1008,0.0e+00,1421.8,1,0.981151
WP_046463817.1,DAKCFMEO_02081,83.6,446,463,462,7.6e-208,717.6,0.963283,0.965368
WP_046463820.1,DAKCFMEO_03323,60.2,133,136,136,2.1e-41,162.9,0.977941,0.977941
WP_046463847.1,DAKCFMEO_05265,36.7,188,204,276,2.0e-27,117.1,0.921569,0.681159
WP_046463848.1,DAKCFMEO_02001,63.9,230,235,241,1.6e-76,280.4,0.978723,0.954357
WP_046463852.1,DAKCFMEO_02037,84.7,628,627,628,0.0e+00,1109.4,1.00159,1
WP_046463853.1,DAKCFMEO_02044,91.7,384,384,384,5.4e-199,688.0,1,1
WP_046463872.1,DAKCFMEO_02119,75.0,204,212,211,1.7e-85,310.1,0.962264,0.966825
WP_046463876.1,DAKCFMEO_05065,83.6,122,123,125,7.3e-57,214.2,0.99187,0.976
WP_046463880.1,DAKCFMEO_05150,81.2,1028,1032,1032,0.0e+00,1540.8,0.996124,0.996124
WP_046463882.1,DAKCFMEO_05133,88.4,395,395,421,2.9e-200,692.2,1,0.938242
WP_046463890.1,DAKCFMEO_02172,85.2,406,406,406,4.1e-205,708.4,1,1
WP_046463891.1,DAKCFMEO_02171,92.0,654,653,654,0.0e+00,1239.2,1.00153,1
WP_046463894.1,DAKCFMEO_05019,93.9,198,198,198,5.7e-104,371.3,1,1
WP_046463895.1,DAKCFMEO_04994,93.2,1129,1129,1128,0.0e+00,1968.0,1,1.00089
WP_046463903.1,DAKCFMEO_00949,91.9,665,665,665,0.0e+00,1129.8,1,1
WP_046463904.1,DAKCFMEO_00948,75.8,281,277,279,2.5e-44,173.7,1.01444,1.00717
WP_046463915.1,DAKCFMEO_02444,92.9,239,239,239,7.4e-122,431.0,1,1
WP_046463917.1,DAKCFMEO_00839,76.5,324,325,336,1.1e-141,497.3,0.996923,0.964286
WP_046463918.1,DAKCFMEO_02423,49.4,89,93,92,7.0e-20,90.9,0.956989,0.967391
WP_046463922.1,DAKCFMEO_02339,67.5,77,77,77,1.5e-23,102.8,1,1
WP_046463924.1,DAKCFMEO_02240,80.2,242,244,244,2.7e-111,396.0,0.991803,0.991803
WP_046463925.1,DAKCFMEO_00001,91.8,536,536,536,2.2e-283,968.8,1,1
WP_046463927.1,DAKCFMEO_04409,88.4,1038,1037,1037,0.0e+00,1710.7,1.00096,1.00096
WP_046463928.1,DAKCFMEO_04224,67.5,739,731,727,1.3e-214,740.7,1.01094,1.01651
WP_046463929.1,DAKCFMEO_04211,76.9,359,359,358,8.4e-178,617.5,1,1.00279
WP_046463930.1,DAKCFMEO_00025,63.0,238,239,239,3.5e-79,289.3,0.995816,0.995816
WP_046463932.1,DAKCFMEO_00063,62.4,117,117,162,2.6e-40,159.1,1,0.722222
WP_046463934.1,DAKCFMEO_02288,84.9,424,421,427,2.0e-210,726.1,1.00713,0.992974
WP_046463952.1,DAKCFMEO_02833,79.0,143,145,145,3.6e-63,235.3,0.986207,0.986207
WP_046463953.1,DAKCFMEO_02837,96.2,80,80,80,2.1e-41,162.2,1,1
WP_046463955.1,DAKCFMEO_02841,91.9,272,272,272,3.2e-145,508.8,1,1
WP_046463956.1,DAKCFMEO_02848,84.8,671,682,671,0.0e+00,1106.7,0.983871,1
WP_046463957.1,DAKCFMEO_02853,88.7,927,927,926,0.0e+00,1680.6,1,1.00108
WP_046463958.1,DAKCFMEO_02871,82.5,816,825,820,0.0e+00,1357.8,0.989091,0.995122
WP_046463963.1,DAKCFMEO_02851,88.6,220,223,224,7.4e-116,411.0,0.986547,0.982143
WP_046464003.1,DAKCFMEO_00771,96.6,295,295,295,1.6e-158,553.1,1,1
WP_046464006.1,DAKCFMEO_00823,77.2,285,285,285,1.2e-126,447.2,1,1
WP_046464008.1,DAKCFMEO_02575,56.6,152,152,152,1.2e-48,187.2,1,1
WP_046464012.1,DAKCFMEO_01625,51.7,267,335,280,8.3e-79,288.5,0.797015,0.953571
WP_046464013.1,DAKCFMEO_01635,65.7,595,595,595,3.2e-235,808.9,1,1
WP_046464016.1,DAKCFMEO_01626,59.7,1177,1175,1172,0.0e+00,1397.1,1.0017,1.00427
WP_046464026.1,DAKCFMEO_01589,87.3,300,300,306,2.3e-149,522.7,1,0.980392
WP_046464027.1,DAKCFMEO_01583,83.5,556,556,556,2.1e-244,839.3,1,1
WP_046464032.1,DAKCFMEO_01951,96.3,215,216,215,1.8e-111,396.4,0.99537,1
WP_046464036.1,DAKCFMEO_02698,85.9,1136,1136,1136,0.0e+00,1941.8,1,1
WP_046464039.1,DAKCFMEO_02680,79.6,774,775,775,0.0e+00,1181.8,0.99871,0.99871
WP_046464042.1,DAKCFMEO_02650,50.1,373,375,386,4.4e-97,349.4,0.994667,0.966321
WP_046464043.1,DAKCFMEO_02664,78.9,204,202,203,1.7e-90,326.6,1.0099,1.00493
WP_052746243.1,DAKCFMEO_02964,39.2,357,369,417,5.7e-65,242.7,0.96748,0.856115
WP_052746254.1,DAKCFMEO_01891,84.6,169,185,169,1.2e-84,307.0,0.913514,1
WP_052746256.1,DAKCFMEO_02041,85.5,276,267,282,2.6e-59,223.4,1.03371,0.978723
WP_057443118.1,DAKCFMEO_03087,32.9,286,322,320,7.6e-29,122.5,0.888199,0.89375
WP_057443127.1,DAKCFMEO_03746,66.1,882,884,880,2.0e-212,733.8,0.997738,1.00227
WP_057443137.1,DAKCFMEO_01580,93.0,429,429,429,7.8e-215,740.7,1,1
WP_057443138.1,DAKCFMEO_02673,36.4,99,133,136,1.5e-15,77.0,0.744361,0.727941
WP_057443166.1,DAKCFMEO_01299,86.7,783,784,791,0.0e+00,1426.4,0.998724,0.989886
WP_057443174.1,DAKCFMEO_04246,85.6,340,340,340,1.1e-160,560.5,1,1
WP_057443183.1,DAKCFMEO_02908,66.0,776,775,788,9.9e-293,1000.3,1.00129,0.984772
WP_057443202.1,DAKCFMEO_05247,79.4,68,68,68,2.6e-24,105.1,1,1
WP_057443217.1,DAKCFMEO_03085,99.5,207,330,330,1.5e-112,400.6,0.627273,0.627273
WP_057443274.1,DAKCFMEO_02591,76.7,270,275,275,4.5e-123,435.3,0.981818,0.981818
WP_057443298.1,DAKCFMEO_02093,95.9,565,565,576,0.0e+00,1121.7,1,0.980903
WP_074842212.1,DAKCFMEO_00462,94.9,331,375,380,3.8e-173,602.1,0.882667,0.871053
WP_074843309.1,DAKCFMEO_02003,74.5,149,149,149,1.5e-56,213.4,1,1
WP_078983211.1,DAKCFMEO_00977,96.6,118,118,119,7.0e-65,240.7,1,0.991597
WP_080115702.1,DAKCFMEO_00977,94.9,118,118,119,7.7e-64,237.3,1,0.991597
WP_080394021.1,DAKCFMEO_02425,38.8,129,127,132,1.2e-17,84.0,1.01575,0.977273
WP_080546580.1,DAKCFMEO_03278,92.4,475,497,474,1.6e-259,889.4,0.955734,1.00211
WP_080597953.1,DAKCFMEO_00977,100.0,118,118,119,2.0e-67,249.2,1,0.991597
WP_080898634.1,DAKCFMEO_03370,42.4,297,187,492,4.5e-50,192.2,1.58824,0.603659
WP_080898792.1,DAKCFMEO_00807,85.9,64,64,64,8.2e-28,116.7,1,1
WP_080946567.1,DAKCFMEO_03959,68.5,200,200,202,1.2e-77,283.9,1,0.990099
WP_080946587.1,DAKCFMEO_04916,86.9,268,268,268,7.4e-139,487.6,1,1
WP_080946591.1,DAKCFMEO_00977,94.9,118,118,119,4.5e-64,238.0,1,0.991597
WP_080946637.1,DAKCFMEO_01901,95.1,287,287,292,8.2e-152,530.8,1,0.982877
WP_080946645.1,DAKCFMEO_00977,95.8,118,118,119,2.0e-64,239.2,1,0.991597
WP_081011124.1,DAKCFMEO_02108,97.0,236,236,249,8.6e-131,460.7,1,0.947791
WP_086000462.1,DAKCFMEO_03432,89.9,99,99,119,1.3e-51,196.4,1,0.831933
WP_096059895.1,DAKCFMEO_03238,98.0,304,364,304,1.6e-168,586.6,0.835165,1
WP_149032149.1,DAKCFMEO_04593,68.1,160,160,160,2.8e-56,212.6,1,1
WP_159229484.1,DAKCFMEO_00941,84.3,197,207,238,1.5e-91,330.1,0.951691,0.827731
WP_159229486.1,DAKCFMEO_00977,95.8,95,110,119,3.2e-48,185.3,0.863636,0.798319
WP_159229490.1,DAKCFMEO_00977,94.1,118,118,119,3.8e-63,235.0,1,0.991597
WP_159229495.1,DAKCFMEO_00977,93.4,106,115,119,1.6e-53,203.0,0.921739,0.890756
WP_159250468.1,DAKCFMEO_01886,39.9,278,309,375,1.2e-50,194.9,0.899676,0.741333
WP_161420636.1,DAKCFMEO_03127,99.3,151,151,154,4.9e-79,288.1,1,0.980519
WP_161458274.1,DAKCFMEO_03602,96.8,219,219,222,1.6e-123,436.4,1,0.986486
WP_161633151.1,DAKCFMEO_04271,94.1,254,254,260,3.3e-136,478.8,1,0.976923
WP_161797763.1,DAKCFMEO_00894,81.5,162,164,162,3.8e-69,255.4,0.987805,1
WP_161797764.1,DAKCFMEO_02217,95.5,695,695,705,0.0e+00,1334.3,1,0.985816
WP_161797770.1,DAKCFMEO_03255,70.3,411,443,429,1.4e-158,553.9,0.927765,0.958042
WP_161797771.1,DAKCFMEO_00418,92.5,295,303,331,1.8e-165,576.2,0.973597,0.891239
WP_161797773.1,DAKCFMEO_00688,94.6,683,693,688,0.0e+00,1199.1,0.98557,0.992733
WP_161797774.1,DAKCFMEO_00723,92.9,325,325,326,1.4e-179,623.2,1,0.996933
WP_161797778.1,DAKCFMEO_04176,92.2,527,536,518,5.6e-279,954.1,0.983209,1.01737
WP_161797781.1,DAKCFMEO_03967,80.4,698,704,669,0.0e+00,1120.1,0.991477,1.04335
WP_161797783.1,DAKCFMEO_02434,72.8,320,333,360,8.7e-129,454.5,0.960961,0.888889
WP_161797784.1,DAKCFMEO_04803,92.1,178,178,210,2.0e-95,342.8,1,0.847619
WP_161797788.1,DAKCFMEO_02495,84.0,413,413,447,8.3e-206,710.7,1,0.923937
WP_161797789.1,DAKCFMEO_01354,94.3,435,435,439,5.0e-225,774.6,1,0.990888
WP_161797790.1,DAKCFMEO_03435,88.7,256,256,259,6.2e-127,448.0,1,0.988417
WP_161797791.1,DAKCFMEO_04829,30.5,1566,1657,2515,3.4e-181,630.9,0.945081,0.622664
WP_161797798.1,DAKCFMEO_01233,85.9,653,653,715,0.0e+00,1142.1,1,0.913287
WP_161797801.1,DAKCFMEO_01789,77.7,524,540,549,1.2e-231,797.0,0.97037,0.954463
WP_161797805.1,DAKCFMEO_05037,86.2,340,344,348,1.2e-176,613.6,0.988372,0.977011
WP_161797807.1,DAKCFMEO_03362,97.2,459,459,471,8.2e-186,644.4,1,0.974522
WP_161797808.1,DAKCFMEO_04516,88.5,488,489,488,1.9e-249,855.9,0.997955,1
WP_161797811.1,DAKCFMEO_02303,92.7,589,589,608,4.5e-306,1044.3,1,0.96875
WP_161797812.1,DAKCFMEO_02286,87.2,399,399,402,8.9e-189,654.1,1,0.992537
WP_161797814.1,DAKCFMEO_00026,71.1,76,92,79,4.2e-25,108.2,0.826087,0.962025
WP_161797816.1,DAKCFMEO_00939,58.2,182,195,237,4.2e-59,222.2,0.933333,0.767932
WP_161797817.1,DAKCFMEO_01888,41.0,561,550,584,1.4e-123,438.0,1.02,0.960616
WP_161797821.1,DAKCFMEO_02191,72.3,314,314,314,4.1e-112,399.1,1,1
WP_162491836.1,DAKCFMEO_04467,94.5,55,55,79,5.1e-26,110.5,1,0.696203
WP_162839055.1,DAKCFMEO_02688,60.3,58,69,75,1.2e-16,79.7,0.84058,0.773333
WP_162839066.1,DAKCFMEO_00397,98.5,403,403,404,7.8e-225,773.9,1,0.997525
WP_162839068.1,DAKCFMEO_00890,71.7,374,383,375,6.7e-141,495.0,0.976501,0.997333
WP_162839071.1,DAKCFMEO_02686,87.9,4339,4337,4339,0.0e+00,7687.4,1.00046,1
WP_163004347.1,DAKCFMEO_02292,81.1,454,454,492,2.9e-191,662.5,1,0.922764
WP_164923172.1,DAKCFMEO_03370,78.2,473,501,492,5.0e-221,761.5,0.944112,0.961382
WP_165442256.1,DAKCFMEO_00932,35.1,265,295,301,4.6e-41,162.9,0.898305,0.880399
qseqid,sseqid,pident,alen,qlen,slen,evalue,bits,cov_q,cov_s
