DAKCFMEO_00001,WP_046463925.1,91.8,536,536,536,2.5e-282,965.3,1,1
DAKCFMEO_00002,WP_005766623.1,95.9,245,262,245,5.9e-136,478.0,0.935115,1
DAKCFMEO_00003,WP_005766620.1,97.8,970,970,970,0.0e+00,1888.6,1,1
DAKCFMEO_00006,WP_005766612.1,93.7,415,415,415,1.5e-213,736.5,1,1
DAKCFMEO_00012,WP_011103651.1,74.1,170,184,191,1.1e-77,283.9,0.923913,0.890052
DAKCFMEO_00014,WP_011105495.1,38.7,168,161,172,1.1e-23,104.4,1.04348,0.976744
DAKCFMEO_00018,WP_011103647.1,86.3,445,521,521,2.8e-153,536.6,0.854127,0.854127
DAKCFMEO_00020,WP_005767592.1,63.8,199,196,199,2.7e-61,229.6,1.01531,1
DAKCFMEO_00021,WP_011103634.1,88.1,302,304,302,1.3e-147,516.9,0.993421,1
DAKCFMEO_00022,WP_011103633.1,88.2,397,404,405,2.2e-182,632.9,0.982673,0.980247
DAKCFMEO_00023,WP_011103632.1,71.3,352,372,358,7.1e-151,528.1,0.946237,0.98324
DAKCFMEO_00024,WP_011103631.1,55.4,296,296,290,2.3e-83,303.5,1,1.02069
DAKCFMEO_00025,WP_046463930.1,63.0,238,239,239,3.0e-78,286.2,0.995816,0.995816
DAKCFMEO_00026,WP_161797814.1,71.1,76,79,92,3.7e-25,108.2,0.962025,0.826087
DAKCFMEO_00028,WP_005767577.1,88.8,437,438,438,7.9e-218,750.7,0.997717,0.997717
DAKCFMEO_00029,WP_011103628.1,90.3,724,723,724,0.0e+00,1312.4,1.00138,1
DAKCFMEO_00030,WP_005767572.1,69.3,101,102,102,2.5e-34,139.0,0.990196,0.990196
DAKCFMEO_00031,WP_011103627.1,85.8,387,394,387,4.9e-203,701.4,0.982234,1
DAKCFMEO_00032,WP_011103626.1,75.4,69,106,106,5.2e-22,98.2,0.650943,0.650943
DAKCFMEO_00033,WP_005767567.1,81.6,396,403,403,5.3e-184,638.3,0.98263,0.98263
DAKCFMEO_00034,WP_005767564.1,80.5,389,391,391,5.8e-180,624.8,0.994885,0.994885
DAKCFMEO_00035,WP_011103625.1,82.3,271,273,273,2.1e-136,479.6,0.992674,0.992674
DAKCFMEO_00036,WP_005616222.1,85.5,145,147,145,3.0e-68,252.3,0.986395,1
DAKCFMEO_00037,WP_011103623.1,65.1,166,166,166,3.6e-54,205.7,1,1
DAKCFMEO_00038,WP_011105108.1,36.2,174,175,189,1.0e-19,91.3,0.994286,0.920635
DAKCFMEO_00039,WP_011103622.1,79.5,337,337,337,3.7e-159,555.4,1,1
DAKCFMEO_00040,WP_024667376.1,77.9,136,136,136,6.1e-60,224.6,1,1
DAKCFMEO_00041,WP_007245711.1,89.9,179,179,179,3.5e-95,342.0,1,1
DAKCFMEO_00042,WP_005767549.1,93.2,322,329,323,2.6e-157,549.3,0.978723,0.996904
DAKCFMEO_00044,WP_003382533.1,92.1,126,126,126,9.0e-66,243.8,1,1
DAKCFMEO_00045,WP_005767545.1,88.7,133,137,134,5.2e-67,248.1,0.970803,0.992537
DAKCFMEO_00047,WP_005740539.1,97.1,278,278,278,1.7e-157,549.7,1,1
DAKCFMEO_00048,WP_003425462.1,98.3,59,59,59,2.5e-26,111.7,1,1
DAKCFMEO_00049,WP_005767540.1,87.0,169,170,171,8.7e-80,290.8,0.994118,0.988304
DAKCFMEO_00051,WP_003382526.1,88.4,242,242,242,3.2e-128,452.2,1,1
DAKCFMEO_00052,WP_011103617.1,90.9,285,290,287,2.2e-147,516.2,0.982759,0.993031
DAKCFMEO_00053,WP_005767535.1,48.0,125,124,100,7.1e-23,101.3,1.00806,1.25
DAKCFMEO_00054,WP_005616197.1,95.3,445,445,445,8.8e-233,800.4,1,1
DAKCFMEO_00058,WP_007245058.1,31.2,272,269,270,6.7e-18,85.9,1.01115,1.00741
DAKCFMEO_00060,WP_011103755.1,68.2,217,220,220,9.8e-84,304.3,0.986364,0.986364
DAKCFMEO_00061,WP_011103754.1,50.9,456,455,457,2.1e-120,427.2,1.0022,0.997812
DAKCFMEO_00062,WP_005764980.1,90.1,283,292,292,3.9e-144,505.4,0.969178,0.969178
DAKCFMEO_00063,WP_046463932.1,62.4,117,162,117,5.8e-41,161.8,0.722222,1
DAKCFMEO_00064,WP_011103611.1,87.5,321,321,342,9.7e-165,573.9,1,0.938596
DAKCFMEO_00065,WP_011103610.1,81.8,396,399,402,2.2e-174,606.3,0.992481,0.985075
DAKCFMEO_00066,WP_011103609.1,87.9,297,297,297,2.9e-155,542.3,1,1
DAKCFMEO_00067,WP_044393500.1,83.2,370,371,371,1.3e-176,613.6,0.997305,0.997305
DAKCFMEO_00068,WP_011103605.1,90.4,416,419,436,3.7e-217,748.4,0.99284,0.954128
DAKCFMEO_00070,WP_005767805.1,76.5,102,102,107,1.6e-41,162.9,1,0.953271
DAKCFMEO_00071,WP_011105180.1,76.5,179,186,187,4.4e-77,282.0,0.962366,0.957219
DAKCFMEO_00074,WP_011104860.1,80.1,191,190,191,1.9e-91,329.7,1.00526,1
DAKCFMEO_00075,WP_005619926.1,94.3,244,244,244,2.8e-132,465.7,1,1
DAKCFMEO_00076,WP_007246309.1,38.5,179,199,202,1.9e-33,137.1,0.899497,0.886139
DAKCFMEO_00077,WP_005764975.1,76.0,104,104,104,4.0e-43,168.3,1,1
DAKCFMEO_00079,WP_005764971.1,88.5,262,262,262,4.7e-141,495.0,1,1
DAKCFMEO_00080,WP_005764969.1,92.5,187,187,187,1.2e-95,343.6,1,1
DAKCFMEO_00081,WP_007247023.1,94.3,610,610,610,0.0e+00,1131.7,1,1
DAKCFMEO_00082,WP_007247022.1,92.5,374,374,375,9.1e-207,713.8,1,0.997333
DAKCFMEO_00083,WP_011104870.1,92.2,373,373,373,7.0e-199,687.6,1,1
DAKCFMEO_00084,WP_011104871.1,93.9,1302,1303,1303,0.0e+00,2410.9,0.999233,0.999233
DAKCFMEO_00085,WP_011104873.1,91.1,563,563,563,7.8e-311,1060.1,1,1
DAKCFMEO_00086,WP_011104874.1,84.9,562,562,562,4.2e-288,984.6,1,1
DAKCFMEO_00088,WP_005740134.1,96.2,156,156,156,1.5e-81,296.6,1,1
DAKCFMEO_00089,WP_005740131.1,94.2,52,52,51,4.0e-20,90.9,1,1.01961
DAKCFMEO_00090,WP_011104877.1,81.9,116,111,116,1.1e-35,143.7,1.04505,1
DAKCFMEO_00091,WP_005764946.1,97.0,948,948,948,0.0e+00,1825.8,1,1
DAKCFMEO_00092,WP_005764944.1,90.3,452,456,469,2.2e-234,805.8,0.991228,0.963753
DAKCFMEO_00093,WP_046463431.1,86.5,764,771,763,0.0e+00,1286.9,0.990921,1.00131
DAKCFMEO_00094,WP_005764940.1,85.0,100,101,101,1.7e-43,169.5,0.990099,0.990099
DAKCFMEO_00095,WP_005764936.1,96.3,374,374,374,5.4e-207,714.5,1,1
DAKCFMEO_00096,WP_003381481.1,97.7,307,307,307,3.8e-150,525.4,1,1
DAKCFMEO_00097,WP_005764931.1,91.2,421,421,421,7.6e-210,724.2,1,1
DAKCFMEO_00098,WP_003381484.1,94.9,255,255,255,2.1e-138,486.1,1,1
DAKCFMEO_00099,WP_005764926.1,97.4,233,233,233,3.2e-125,442.2,1,1
DAKCFMEO_00100,WP_007245106.1,34.7,300,303,301,6.6e-46,179.1,0.990099,0.996678
DAKCFMEO_00102,WP_003381486.1,88.1,226,226,226,5.3e-117,414.8,1,1
DAKCFMEO_00103,WP_005764923.1,95.3,537,537,537,1.5e-298,1019.2,1,1
DAKCFMEO_00104,WP_011105348.1,52.4,374,390,391,8.0e-97,348.6,0.958974,0.956522
DAKCFMEO_00105,WP_003381490.1,81.8,154,154,154,3.0e-39,156.0,1,1
DAKCFMEO_00106,WP_005764922.1,90.7,215,215,215,5.0e-117,414.8,1,1
DAKCFMEO_00108,WP_005764919.1,91.9,382,382,382,2.8e-211,728.8,1,1
DAKCFMEO_00109,WP_005764917.1,98.5,714,714,714,0.0e+00,1419.1,1,1
DAKCFMEO_00110,WP_005619982.1,91.6,154,154,154,4.5e-75,275.0,1,1
DAKCFMEO_00111,WP_005764915.1,90.7,312,317,319,3.6e-172,598.6,0.984227,0.978056
DAKCFMEO_00112,WP_005619985.1,93.6,343,340,343,3.1e-193,668.7,1.00882,1
DAKCFMEO_00113,WP_003381499.1,85.4,199,252,252,9.2e-78,284.6,0.789683,0.789683
DAKCFMEO_00114,WP_005764909.1,85.7,91,113,91,1.3e-42,166.8,0.80531,1
DAKCFMEO_00115,WP_003381502.1,92.7,165,165,165,1.1e-87,317.0,1,1
DAKCFMEO_00120,WP_011103475.1,59.4,207,212,209,5.1e-61,228.8,0.976415,0.990431
DAKCFMEO_00123,WP_005764906.1,96.2,156,157,157,5.0e-90,324.7,0.993631,0.993631
DAKCFMEO_00124,WP_011104883.1,91.5,812,812,811,0.0e+00,1470.3,1,1.00123
DAKCFMEO_00125,WP_005764901.1,68.8,170,200,183,2.8e-53,203.0,0.85,0.928962
DAKCFMEO_00126,WP_005764898.1,74.2,163,163,164,2.7e-70,259.2,1,0.993902
DAKCFMEO_00127,WP_005764896.1,83.5,109,109,109,6.4e-52,197.6,1,1
DAKCFMEO_00128,WP_005764890.1,62.7,75,83,83,1.4e-22,99.8,0.903614,0.903614
DAKCFMEO_00129,WP_003381514.1,91.3,218,218,217,1.8e-114,406.4,1,1.00461
DAKCFMEO_00130,WP_046463430.1,89.4,66,66,66,1.5e-19,89.4,1,1
DAKCFMEO_00131,WP_005769036.1,40.5,210,214,280,1.4e-42,167.5,0.981308,0.75
DAKCFMEO_00132,WP_011104884.1,91.9,824,824,824,0.0e+00,1535.4,1,1
DAKCFMEO_00133,WP_011104885.1,94.0,348,347,348,1.6e-197,682.9,1.00288,1
DAKCFMEO_00134,WP_007246640.1,90.9,571,567,571,9.6e-309,1053.1,1.00705,1
DAKCFMEO_00135,WP_003381525.1,96.9,260,260,260,5.9e-144,504.6,1,1
DAKCFMEO_00136,WP_046463429.1,94.2,242,242,242,6.3e-124,438.0,1,1
DAKCFMEO_00137,WP_005764880.1,97.9,236,236,236,2.3e-131,462.6,1,1
DAKCFMEO_00138,WP_005764877.1,90.6,372,372,372,8.5e-197,680.6,1,1
DAKCFMEO_00139,WP_007246637.1,97.6,254,254,254,2.9e-140,492.3,1,1
DAKCFMEO_00140,WP_011104887.1,90.8,836,829,836,0.0e+00,1497.3,1.00844,1
DAKCFMEO_00141,WP_005764871.1,80.6,217,218,218,5.5e-103,368.2,0.995413,0.995413
DAKCFMEO_00143,WP_003381535.1,98.9,188,188,188,2.2e-108,386.0,1,1
DAKCFMEO_00145,WP_002554837.1,100.0,69,69,69,2.0e-35,142.1,1,1
DAKCFMEO_00146,WP_011104888.1,94.2,364,364,364,9.9e-198,683.7,1,1
DAKCFMEO_00147,WP_005764864.1,95.0,682,680,682,0.0e+00,1318.9,1.00294,1
DAKCFMEO_00148,WP_007246633.1,67.9,274,346,291,1.8e-76,280.8,0.791908,0.941581
DAKCFMEO_00149,WP_005739136.1,92.9,212,212,212,3.9e-114,405.2,1,1
DAKCFMEO_00150,WP_010203608.1,73.3,60,60,60,7.9e-20,90.1,1,1
DAKCFMEO_00151,WP_002554843.1,99.5,208,208,208,4.7e-112,398.3,1,1
DAKCFMEO_00152,WP_032710461.1,60.0,175,175,182,1.2e-52,200.7,1,0.961538
DAKCFMEO_00155,WP_005620033.1,99.0,405,405,405,1.8e-237,815.8,1,1
DAKCFMEO_00156,WP_005764856.1,94.0,301,300,301,6.5e-163,567.8,1.00333,1
DAKCFMEO_00157,WP_005764852.1,90.5,347,347,347,4.2e-182,631.7,1,1
DAKCFMEO_00158,WP_005764850.1,95.1,226,226,225,1.1e-125,443.7,1,1.00444
DAKCFMEO_00159,WP_002554851.1,94.9,156,156,156,2.2e-82,299.3,1,1
DAKCFMEO_00160,WP_004396490.1,97.2,108,108,108,2.5e-56,212.2,1,1
DAKCFMEO_00161,WP_046463414.1,86.8,706,702,706,0.0e+00,1246.9,1.0057,1
DAKCFMEO_00162,WP_007246626.1,92.8,97,97,97,2.1e-46,179.1,1,1
DAKCFMEO_00163,WP_011104892.1,94.8,306,306,306,9.5e-170,590.5,1,1
DAKCFMEO_00164,WP_044390643.1,93.0,355,358,356,2.0e-190,659.4,0.99162,0.997191
DAKCFMEO_00165,WP_005764836.1,90.4,156,156,156,2.1e-72,266.2,1,1
DAKCFMEO_00166,WP_004396504.1,90.0,289,289,285,2.6e-145,509.2,1,1.01404
DAKCFMEO_00167,WP_005764834.1,98.4,501,501,501,1.5e-297,1015.8,1,1
DAKCFMEO_00168,WP_004396514.1,96.4,251,251,251,1.5e-133,469.9,1,1
DAKCFMEO_00169,WP_005764831.1,92.0,513,513,512,1.4e-282,966.1,1,1.00195
DAKCFMEO_00170,WP_011104894.1,92.9,310,310,308,2.0e-162,566.2,1,1.00649
DAKCFMEO_00171,WP_004396522.1,97.6,248,248,248,1.5e-133,469.9,1,1
DAKCFMEO_00172,WP_007246619.1,96.8,221,221,221,4.1e-114,405.2,1,1
DAKCFMEO_00173,WP_011104895.1,98.4,244,244,244,5.5e-136,478.0,1,1
DAKCFMEO_00174,WP_007246618.1,89.2,637,638,643,6.1e-312,1063.9,0.998433,0.990669
DAKCFMEO_00175,WP_007246617.1,94.8,442,442,442,2.6e-237,815.5,1,1
DAKCFMEO_00177,WP_011104896.1,86.0,215,215,215,9.5e-108,384.0,1,1
DAKCFMEO_00178,WP_011104897.1,94.8,330,330,330,1.5e-176,613.2,1,1
DAKCFMEO_00180,WP_005764812.1,97.0,305,305,305,1.2e-169,590.1,1,1
DAKCFMEO_00181,WP_005764810.1,79.7,133,136,136,4.1e-56,211.8,0.977941,0.977941
DAKCFMEO_00182,WP_005764809.1,84.8,363,363,363,1.6e-176,613.2,1,1
DAKCFMEO_00183,WP_005764807.1,90.3,93,93,93,2.9e-45,175.3,1,1
DAKCFMEO_00186,WP_011104899.1,89.4,376,376,376,7.3e-180,624.4,1,1
DAKCFMEO_00187,WP_011104900.1,50.9,220,220,226,1.1e-58,221.1,1,0.973451
DAKCFMEO_00188,WP_011104901.1,56.4,220,236,237,7.6e-66,245.0,0.932203,0.92827
DAKCFMEO_00189,WP_011104902.1,42.2,223,226,229,9.9e-39,154.8,0.986726,0.973799
DAKCFMEO_00192,WP_005764794.1,88.2,995,1003,1039,0.0e+00,1775.0,0.992024,0.957652
DAKCFMEO_00193,WP_005764792.1,84.6,195,193,199,2.7e-93,335.9,1.01036,0.979899
DAKCFMEO_00194,WP_011104905.1,89.4,246,260,255,9.4e-126,444.1,0.946154,0.964706
DAKCFMEO_00195,WP_005764790.1,78.0,218,219,219,1.6e-97,350.1,0.995434,0.995434
DAKCFMEO_00196,WP_005764789.1,92.0,75,98,75,2.4e-37,149.1,0.765306,1
DAKCFMEO_00197,WP_005736419.1,60.9,453,476,453,3.9e-178,619.0,0.951681,1
DAKCFMEO_00198,WP_046463416.1,92.6,808,808,805,0.0e+00,1543.1,1,1.00373
DAKCFMEO_00199,WP_005764787.1,95.7,398,398,398,2.2e-230,792.3,1,1
DAKCFMEO_00200,WP_005764786.1,91.5,330,339,335,6.6e-180,624.4,0.973451,0.985075
DAKCFMEO_00201,WP_011104908.1,91.9,99,99,99,9.3e-50,190.3,1,1
DAKCFMEO_00202,WP_005764784.1,93.2,249,270,249,1.6e-128,453.4,0.922222,1
DAKCFMEO_00203,WP_005764783.1,93.3,252,253,253,1.6e-133,469.9,0.996047,0.996047
DAKCFMEO_00204,WP_005764782.1,96.6,446,446,446,2.4e-238,818.9,1,1
DAKCFMEO_00205,WP_005764781.1,98.3,293,293,293,6.3e-179,620.9,1,1
DAKCFMEO_00206,WP_005764779.1,84.6,456,459,457,3.3e-214,738.8,0.993464,0.997812
DAKCFMEO_00207,WP_010207837.1,89.8,332,359,333,1.4e-167,583.6,0.924791,0.996997
DAKCFMEO_00208,WP_005764777.1,76.4,140,140,140,5.0e-57,214.9,1,1
DAKCFMEO_00209,WP_005764776.1,92.8,291,287,291,2.5e-156,545.8,1.01394,1
DAKCFMEO_00210,WP_005764775.1,88.9,784,784,784,0.0e+00,1343.2,1,1
DAKCFMEO_00211,WP_011104910.1,81.3,225,267,223,7.2e-105,374.8,0.842697,1.00897
DAKCFMEO_00212,WP_005620091.1,97.5,805,805,805,0.0e+00,1552.7,1,1
DAKCFMEO_00213,WP_005764773.1,81.5,130,130,130,3.1e-61,228.8,1,1
DAKCFMEO_00214,WP_005764772.1,92.3,247,247,247,5.6e-128,451.4,1,1
DAKCFMEO_00215,WP_005764771.1,95.6,319,319,319,1.5e-189,656.4,1,1
DAKCFMEO_00216,WP_005764769.1,96.7,246,246,246,1.6e-130,459.9,1,1
DAKCFMEO_00217,WP_003378472.1,94.7,227,227,227,2.5e-122,432.6,1,1
DAKCFMEO_00218,WP_011104911.1,98.3,300,300,300,1.9e-170,592.8,1,1
DAKCFMEO_00219,WP_005620106.1,98.3,229,229,229,9.1e-125,440.7,1,1
DAKCFMEO_00220,WP_007246809.1,76.0,125,127,125,6.3e-51,194.5,0.984252,1
DAKCFMEO_00221,WP_011104912.1,96.8,284,284,284,3.1e-162,565.5,1,1
DAKCFMEO_00222,WP_005764765.1,98.3,598,598,598,0.0e+00,1156.7,1,1
DAKCFMEO_00223,WP_005764764.1,94.4,479,477,479,8.0e-256,877.1,1.00419,1
DAKCFMEO_00224,WP_005764762.1,76.2,319,318,318,8.5e-137,481.1,1.00314,1.00314
DAKCFMEO_00225,WP_007246812.1,94.9,197,197,196,1.4e-97,350.1,1,1.0051
DAKCFMEO_00226,WP_003378493.1,99.5,193,193,193,4.2e-107,381.7,1,1
DAKCFMEO_00227,WP_005764756.1,95.4,538,538,538,2.7e-308,1051.6,1,1
DAKCFMEO_00228,WP_011104913.1,70.8,154,154,154,2.3e-63,236.1,1,1
DAKCFMEO_00229,WP_003378499.1,98.8,84,84,84,7.6e-45,173.7,1,1
DAKCFMEO_00230,WP_032622187.1,82.4,313,313,313,1.2e-146,513.8,1,1
DAKCFMEO_00231,WP_005764752.1,89.0,273,273,273,2.3e-138,486.1,1,1
DAKCFMEO_00232,WP_011104914.1,97.2,460,463,460,2.1e-253,869.0,0.993521,1
DAKCFMEO_00233,WP_005739198.1,98.7,223,223,223,2.1e-118,419.5,1,1
DAKCFMEO_00234,WP_005764747.1,94.5,325,325,325,3.1e-179,622.1,1,1
DAKCFMEO_00235,WP_005764744.1,90.1,152,152,152,2.9e-74,272.3,1,1
DAKCFMEO_00236,WP_011104915.1,95.4,503,504,504,3.6e-259,888.3,0.998016,0.998016
DAKCFMEO_00237,WP_005764742.1,93.6,344,344,344,2.0e-184,639.4,1,1
DAKCFMEO_00238,WP_003378513.1,96.5,228,230,230,2.2e-134,472.6,0.991304,0.991304
DAKCFMEO_00239,WP_011104686.1,39.8,342,370,365,4.4e-60,226.5,0.924324,0.936986
DAKCFMEO_00240,WP_011104916.1,83.6,110,144,152,1.8e-33,136.7,0.763889,0.723684
DAKCFMEO_00241,WP_005764738.1,92.0,352,357,355,4.2e-185,641.7,0.985994,0.991549
DAKCFMEO_00242,WP_005764735.1,95.6,271,271,271,7.7e-139,487.6,1,1
DAKCFMEO_00243,WP_007246818.1,91.1,258,260,260,7.7e-136,477.6,0.992308,0.992308
DAKCFMEO_00244,WP_005764729.1,95.0,241,241,241,4.6e-135,474.9,1,1
DAKCFMEO_00245,WP_005764727.1,93.2,205,207,205,5.0e-114,404.8,0.990338,1
DAKCFMEO_00246,WP_011104917.1,88.3,1197,1209,1226,0.0e+00,2135.5,0.990074,0.976346
DAKCFMEO_00247,WP_011104918.1,87.4,604,602,604,5.1e-308,1050.8,1.00332,1
DAKCFMEO_00248,WP_011104919.1,58.7,1033,1081,1111,0.0e+00,1204.9,0.955597,0.929793
DAKCFMEO_00249,WP_005764716.1,80.0,55,73,77,1.0e-24,106.7,0.753425,0.714286
DAKCFMEO_00250,WP_005764714.1,83.0,230,230,230,5.2e-112,398.3,1,1
DAKCFMEO_00251,WP_011104920.1,74.8,298,297,294,3.8e-131,462.2,1.00337,1.01361
DAKCFMEO_00253,WP_005769982.1,88.0,166,166,166,4.3e-84,305.1,1,1
DAKCFMEO_00254,WP_046463799.1,81.8,989,1008,989,0.0e+00,1421.8,0.981151,1
DAKCFMEO_00255,WP_011103986.1,89.3,363,363,363,9.8e-198,683.7,1,1
DAKCFMEO_00256,WP_005770289.1,77.2,101,103,111,4.1e-40,158.3,0.980583,0.90991
DAKCFMEO_00257,WP_011104856.1,76.2,425,438,435,1.4e-177,617.1,0.97032,0.977011
DAKCFMEO_00258,WP_005767507.1,94.9,389,389,389,5.5e-223,767.7,1,1
DAKCFMEO_00259,WP_005767508.1,57.0,286,288,291,3.5e-89,322.8,0.993056,0.982818
DAKCFMEO_00260,WP_003382736.1,61.1,216,217,217,1.4e-74,273.9,0.995392,0.995392
DAKCFMEO_00261,WP_011104420.1,87.8,508,508,509,6.7e-253,867.5,1,0.998035
DAKCFMEO_00262,WP_005766345.1,82.3,79,85,86,2.6e-32,132.1,0.929412,0.918605
DAKCFMEO_00263,WP_011104421.1,82.3,310,311,311,1.2e-116,414.1,0.996785,0.996785
DAKCFMEO_00264,WP_011104422.1,67.0,309,318,317,7.2e-128,451.4,0.971698,0.974763
DAKCFMEO_00265,WP_011104423.1,76.5,426,426,426,5.2e-190,658.3,1,1
DAKCFMEO_00266,WP_011104424.1,78.9,251,252,252,4.1e-110,392.1,0.996032,0.996032
DAKCFMEO_00267,WP_046463318.1,77.1,467,475,467,2.9e-213,735.7,0.983158,1
DAKCFMEO_00268,WP_011104449.1,85.7,495,495,495,1.6e-235,809.7,1,1
DAKCFMEO_00270,WP_011104942.1,69.0,145,147,148,1.1e-57,217.2,0.986395,0.97973
DAKCFMEO_00271,WP_011104944.1,91.1,406,406,406,2.4e-213,735.7,1,1
DAKCFMEO_00272,WP_011104945.1,54.0,391,401,407,8.0e-116,411.8,0.975062,0.960688
DAKCFMEO_00273,WP_046463676.1,47.9,334,336,338,1.4e-76,281.2,0.994048,0.988166
DAKCFMEO_00274,WP_003381663.1,92.2,205,205,205,8.2e-109,387.5,1,1
DAKCFMEO_00275,WP_032622185.1,69.0,226,237,227,2.9e-81,296.2,0.953586,0.995595
DAKCFMEO_00276,WP_007246181.1,94.2,774,774,765,0.0e+00,1432.9,1,1.01176
DAKCFMEO_00277,WP_007246182.1,84.3,585,585,585,3.4e-293,1001.5,1,1
DAKCFMEO_00278,WP_011104948.1,88.5,443,444,444,2.4e-222,765.8,0.997748,0.997748
DAKCFMEO_00279,WP_011104949.1,86.0,752,755,793,0.0e+00,1304.3,0.996026,0.948298
DAKCFMEO_00280,WP_011104950.1,87.4,564,564,564,4.6e-287,981.1,1,1
DAKCFMEO_00281,WP_005768708.1,52.2,542,546,546,7.2e-160,558.5,0.992674,0.992674
DAKCFMEO_00282,WP_011104951.1,95.9,441,441,441,5.3e-238,817.8,1,1
DAKCFMEO_00284,WP_005739483.1,96.1,207,207,207,9.2e-116,410.6,1,1
DAKCFMEO_00285,WP_003381648.1,72.4,76,75,79,5.1e-24,104.4,1.01333,0.962025
DAKCFMEO_00286,WP_005768700.1,66.1,56,56,56,4.5e-17,80.9,1,1
DAKCFMEO_00287,WP_046463675.1,90.0,498,498,498,1.0e-245,843.6,1,1
DAKCFMEO_00288,WP_011104953.1,76.5,370,378,377,1.5e-172,600.1,0.978836,0.981432
DAKCFMEO_00289,WP_005768695.1,89.0,219,217,223,2.1e-110,392.9,1.00922,0.982063
DAKCFMEO_00290,WP_007246191.1,85.3,389,383,386,5.9e-177,614.8,1.01567,1.00777
DAKCFMEO_00291,WP_005768691.1,84.9,1051,1051,1044,0.0e+00,1721.1,1,1.0067
DAKCFMEO_00292,WP_005768689.1,90.5,486,486,486,3.0e-242,832.0,1,1
DAKCFMEO_00293,WP_007246194.1,97.2,433,433,433,1.0e-238,820.1,1,1
DAKCFMEO_00294,WP_005768685.1,95.2,399,400,399,3.0e-216,745.3,0.9975,1
DAKCFMEO_00295,WP_007246196.1,94.6,259,259,259,4.8e-138,485.0,1,1
DAKCFMEO_00296,WP_005768681.1,98.6,285,285,285,2.3e-165,575.9,1,1
DAKCFMEO_00297,WP_005620205.1,98.2,280,280,280,7.4e-153,534.3,1,1
DAKCFMEO_00298,WP_003381628.1,90.6,64,65,65,7.3e-27,113.6,0.984615,0.984615
DAKCFMEO_00299,WP_005620206.1,95.9,490,490,490,1.9e-265,909.1,1,1
DAKCFMEO_00303,WP_005768677.1,82.7,52,57,69,4.0e-21,94.4,0.912281,0.753623
DAKCFMEO_00304,WP_003363851.1,98.9,283,283,283,4.8e-168,584.7,1,1
DAKCFMEO_00305,WP_002554971.1,94.4,126,126,126,5.0e-64,238.0,1,1
DAKCFMEO_00306,WP_011104954.1,86.1,474,476,476,1.2e-248,853.2,0.995798,0.995798
DAKCFMEO_00307,WP_046463673.1,74.4,223,241,227,3.1e-91,329.3,0.925311,0.982379
DAKCFMEO_00308,WP_005768670.1,82.5,326,326,326,5.4e-155,541.6,1,1
DAKCFMEO_00309,WP_005768668.1,70.0,530,529,530,1.7e-214,740.0,1.00189,1
DAKCFMEO_00310,WP_011104956.1,76.4,399,403,406,4.3e-170,592.0,0.990074,0.982759
DAKCFMEO_00311,WP_010219554.1,88.6,351,351,349,1.4e-169,590.1,1,1.00573
DAKCFMEO_00312,WP_011104968.1,71.6,447,447,447,1.9e-182,633.3,1,1
DAKCFMEO_00313,WP_005768657.1,64.2,81,81,119,2.5e-29,122.1,1,0.680672
DAKCFMEO_00314,WP_046463668.1,92.6,122,124,133,3.0e-61,228.8,0.983871,0.917293
DAKCFMEO_00315,WP_003380907.1,99.0,483,483,483,2.3e-274,938.7,1,1
DAKCFMEO_00316,WP_007246206.1,80.1,312,312,312,1.1e-149,523.9,1,1
DAKCFMEO_00317,WP_003395253.1,98.4,507,507,507,2.5e-292,998.4,1,1
DAKCFMEO_00318,WP_011104970.1,66.3,653,940,940,6.6e-246,845.1,0.694681,0.694681
DAKCFMEO_00320,WP_011104971.1,71.5,1629,1617,1615,0.0e+00,2242.6,1.00742,1.00867
DAKCFMEO_00321,WP_011104972.1,69.5,1445,1450,1446,0.0e+00,2097.8,0.996552,0.999308
DAKCFMEO_00322,WP_011104973.1,65.7,648,938,886,3.9e-246,845.9,0.690832,0.731377
DAKCFMEO_00323,WP_011104970.1,66.7,658,936,940,4.9e-249,855.5,0.702991,0.7
DAKCFMEO_00324,WP_011104970.1,60.9,691,922,940,2.6e-239,823.2,0.749458,0.735106
DAKCFMEO_00327,WP_011104279.1,32.0,322,317,320,9.9e-37,148.7,1.01577,1.00625
DAKCFMEO_00332,WP_005763587.1,43.8,73,80,76,3.5e-15,75.1,0.9125,0.960526
DAKCFMEO_00333,WP_007246215.1,87.8,385,385,385,6.5e-208,717.6,1,1
DAKCFMEO_00334,WP_011104976.1,85.5,193,193,193,4.4e-88,318.5,1,1
DAKCFMEO_00335,WP_011104977.1,75.0,112,112,112,5.1e-44,171.4,1,1
DAKCFMEO_00336,WP_010218977.1,80.2,368,368,368,2.5e-180,625.9,1,1
DAKCFMEO_00337,WP_005768625.1,96.4,251,251,251,4.8e-143,501.5,1,1
DAKCFMEO_00338,WP_005768622.1,89.9,268,263,268,9.5e-134,470.7,1.01901,1
DAKCFMEO_00339,WP_005768620.1,93.0,199,199,199,1.5e-107,383.3,1,1
DAKCFMEO_00340,WP_011104978.1,93.2,103,104,104,4.2e-53,201.4,0.990385,0.990385
DAKCFMEO_00341,WP_011104979.1,95.4,388,388,388,4.9e-195,674.9,1,1
DAKCFMEO_00342,WP_011104980.1,90.3,349,349,349,5.0e-191,661.4,1,1
DAKCFMEO_00344,WP_011104981.1,74.7,289,283,289,2.9e-80,293.1,1.0212,1
DAKCFMEO_00345,WP_046463422.1,92.1,329,330,330,2.4e-179,622.5,0.99697,0.99697
DAKCFMEO_00346,WP_011104983.1,88.1,295,299,299,5.1e-152,531.6,0.986622,0.986622
DAKCFMEO_00347,WP_005768608.1,87.0,200,200,200,1.1e-94,340.5,1,1
DAKCFMEO_00348,WP_003380941.1,93.3,193,193,193,1.2e-109,390.2,1,1
DAKCFMEO_00349,WP_011104985.1,91.4,683,683,683,0.0e+00,1209.9,1,1
DAKCFMEO_00350,WP_007246223.1,96.1,388,452,452,2.2e-215,742.7,0.858407,0.858407
DAKCFMEO_00353,WP_044392855.1,31.9,191,279,295,2.1e-14,74.3,0.684588,0.647458
DAKCFMEO_00355,WP_011104986.1,92.0,475,475,475,5.3e-268,917.5,1,1
DAKCFMEO_00356,WP_011104987.1,94.9,354,354,354,1.3e-189,656.8,1,1
DAKCFMEO_00357,WP_011104988.1,90.7,364,366,365,1.7e-202,699.5,0.994536,0.99726
DAKCFMEO_00361,WP_011104724.1,34.4,227,232,235,2.9e-25,110.2,0.978448,0.965957
DAKCFMEO_00363,WP_003380455.1,31.8,1038,1017,1063,2.1e-133,471.5,1.02065,0.976482
DAKCFMEO_00364,WP_005768596.1,78.7,75,75,75,3.1e-29,121.7,1,1
DAKCFMEO_00365,WP_011104989.1,81.2,240,239,240,1.7e-113,403.3,1.00418,1
DAKCFMEO_00366,WP_005739535.1,91.6,226,226,226,4.6e-121,428.3,1,1
DAKCFMEO_00367,WP_003380966.1,95.6,429,429,429,4.1e-235,808.1,1,1
DAKCFMEO_00368,WP_002555020.1,98.7,227,227,227,6.1e-129,454.5,1,1
DAKCFMEO_00369,WP_005768589.1,85.5,235,269,247,1.5e-118,420.2,0.873606,0.951417
DAKCFMEO_00370,WP_007246228.1,98.5,535,547,547,4.5e-287,981.1,0.978062,0.978062
DAKCFMEO_00371,WP_003304675.1,99.0,97,97,97,5.9e-49,187.6,1,1
DAKCFMEO_00372,WP_005768585.1,79.3,164,164,164,2.3e-61,229.6,1,1
DAKCFMEO_00374,WP_011104991.1,93.3,252,266,252,5.4e-129,454.9,0.947368,1
DAKCFMEO_00375,WP_005620274.1,91.6,335,335,335,2.3e-185,642.5,1,1
DAKCFMEO_00376,WP_007246230.1,87.5,104,118,148,3.8e-50,191.8,0.881356,0.702703
DAKCFMEO_00377,WP_005768580.1,93.0,516,516,516,6.4e-267,914.1,1,1
DAKCFMEO_00378,WP_011104992.1,52.4,105,103,107,1.0e-19,90.5,1.01942,0.981308
DAKCFMEO_00379,WP_005766595.1,90.6,276,276,276,2.3e-138,486.1,1,1
DAKCFMEO_00380,WP_003380977.1,96.2,159,159,159,2.5e-81,295.8,1,1
DAKCFMEO_00381,WP_011104997.1,76.8,306,306,306,3.4e-135,475.7,1,1
DAKCFMEO_00382,WP_005766590.1,94.2,677,678,678,0.0e+00,1243.4,0.998525,0.998525
DAKCFMEO_00383,WP_011104998.1,91.1,191,192,192,2.1e-98,352.8,0.994792,0.994792
DAKCFMEO_00385,WP_011104999.1,88.6,315,315,316,3.7e-169,588.6,1,0.996835
DAKCFMEO_00387,WP_011105001.1,96.3,405,405,405,5.6e-226,777.7,1,1
DAKCFMEO_00388,WP_005766579.1,96.4,913,912,913,0.0e+00,1727.2,1.0011,1
DAKCFMEO_00389,WP_003377653.1,94.7,151,151,151,4.2e-78,285.0,1,1
DAKCFMEO_00390,WP_003377651.1,98.7,303,303,303,3.6e-169,588.6,1,1
DAKCFMEO_00391,WP_005766576.1,99.2,395,395,395,7.1e-218,750.7,1,1
DAKCFMEO_00392,WP_003377649.1,98.6,418,418,418,5.4e-232,797.7,1,1
DAKCFMEO_00393,WP_005766574.1,94.0,285,287,289,1.3e-152,533.5,0.993031,0.986159
DAKCFMEO_00394,WP_011105003.1,92.8,318,319,319,1.8e-166,579.7,0.996865,0.996865
DAKCFMEO_00395,WP_005766570.1,96.3,486,486,486,3.3e-273,934.9,1,1
DAKCFMEO_00396,WP_005766568.1,93.8,356,356,356,2.2e-189,656.0,1,1
DAKCFMEO_00397,WP_162839066.1,98.5,403,404,403,6.2e-225,774.2,0.997525,1
DAKCFMEO_00398,WP_005766566.1,92.0,448,448,448,2.7e-237,815.5,1,1
DAKCFMEO_00399,WP_003313553.1,99.2,360,360,360,5.5e-201,694.5,1,1
DAKCFMEO_00400,WP_011105004.1,86.4,456,456,456,1.8e-225,776.2,1,1
DAKCFMEO_00401,WP_005766562.1,91.5,484,487,487,3.3e-257,881.7,0.99384,0.99384
DAKCFMEO_00402,WP_017682720.1,95.8,577,576,576,0.0e+00,1097.0,1.00174,1.00174
DAKCFMEO_00403,WP_005739040.1,96.9,97,97,97,1.4e-45,176.4,1,1
DAKCFMEO_00404,WP_007243678.1,95.5,313,313,313,8.8e-171,594.0,1,1
DAKCFMEO_00405,WP_005620303.1,96.7,151,151,151,3.7e-82,298.5,1,1
DAKCFMEO_00406,WP_007243679.1,95.5,288,289,289,9.1e-154,537.3,0.99654,0.99654
DAKCFMEO_00407,WP_005766553.1,92.2,604,604,604,0.0e+00,1081.6,1,1
DAKCFMEO_00408,WP_005766552.1,82.8,128,124,128,5.8e-57,214.5,1.03226,1
DAKCFMEO_00409,WP_005620308.1,98.0,197,197,197,2.0e-104,372.9,1,1
DAKCFMEO_00410,WP_005766550.1,96.4,192,192,192,2.7e-98,352.4,1,1
DAKCFMEO_00411,WP_003377610.1,92.0,138,138,137,7.8e-71,260.8,1,1.0073
DAKCFMEO_00412,WP_005766548.1,97.1,205,205,205,1.9e-113,402.9,1,1
DAKCFMEO_00416,WP_002555064.1,97.7,130,130,130,3.2e-66,245.4,1,1
DAKCFMEO_00417,WP_003377605.1,98.6,142,142,142,2.8e-79,288.9,1,1
DAKCFMEO_00418,WP_161797771.1,92.5,295,331,303,5.9e-165,574.7,0.891239,0.973597
DAKCFMEO_00419,WP_005766543.1,95.3,339,339,364,3.4e-192,665.2,1,0.931319
DAKCFMEO_00420,WP_005766542.1,91.5,449,449,449,4.1e-238,818.1,1,1
DAKCFMEO_00421,WP_003377598.1,92.3,209,231,209,9.6e-114,404.1,0.904762,1
DAKCFMEO_00422,WP_005620321.1,93.9,147,144,147,3.3e-72,265.4,1.02083,1
DAKCFMEO_00424,WP_011105005.1,96.5,632,632,632,0.0e+00,1209.9,1,1
DAKCFMEO_00425,WP_003313577.1,99.0,305,305,305,7.3e-178,617.5,1,1
DAKCFMEO_00426,WP_003377592.1,96.0,252,252,252,2.0e-141,496.1,1,1
DAKCFMEO_00427,WP_003377590.1,95.6,386,386,386,1.3e-211,729.9,1,1
DAKCFMEO_00428,WP_005766530.1,91.7,350,350,350,1.8e-188,652.9,1,1
DAKCFMEO_00429,WP_005766528.1,97.5,447,448,448,7.0e-246,844.0,0.997768,0.997768
DAKCFMEO_00430,WP_005766526.1,99.0,210,211,211,2.8e-112,399.1,0.995261,0.995261
DAKCFMEO_00431,WP_005739059.1,97.4,421,421,421,6.4e-233,800.8,1,1
DAKCFMEO_00432,WP_003377577.1,89.9,79,79,79,2.9e-38,151.8,1,1
DAKCFMEO_00433,WP_005766523.1,85.1,101,101,101,8.6e-43,167.2,1,1
DAKCFMEO_00434,WP_005766521.1,86.6,217,217,216,2.7e-102,365.9,1,1.00463
DAKCFMEO_00435,WP_003377572.1,93.5,155,155,155,2.0e-75,276.2,1,1
DAKCFMEO_00436,WP_011105008.1,89.8,265,265,265,7.3e-126,444.5,1,1
DAKCFMEO_00437,WP_005620333.1,98.5,269,269,269,2.3e-151,529.3,1,1
DAKCFMEO_00438,WP_005766516.1,91.0,324,324,324,6.3e-164,571.2,1,1
DAKCFMEO_00439,WP_005766514.1,77.7,179,179,179,1.2e-74,273.9,1,1
DAKCFMEO_00440,WP_005766512.1,82.1,190,190,190,8.8e-89,320.9,1,1
DAKCFMEO_00441,WP_007243690.1,96.1,181,182,182,7.8e-95,340.9,0.994505,0.994505
DAKCFMEO_00442,WP_005620338.1,98.3,241,241,241,5.6e-133,468.0,1,1
DAKCFMEO_00443,WP_003377556.1,94.7,489,489,497,9.3e-260,890.2,1,0.983903
DAKCFMEO_00444,WP_003377554.1,99.0,102,102,102,6.0e-52,197.6,1,1
DAKCFMEO_00445,WP_005766506.1,81.8,154,154,154,2.9e-66,245.7,1,1
DAKCFMEO_00446,WP_003377550.1,95.4,285,285,285,1.1e-156,547.0,1,1
DAKCFMEO_00447,WP_003377548.1,90.0,90,90,90,5.5e-41,161.0,1,1
DAKCFMEO_00449,WP_007244314.1,40.5,279,295,305,1.7e-38,154.5,0.945763,0.914754
DAKCFMEO_00450,WP_011105010.1,92.1,203,203,203,4.2e-113,401.7,1,1
DAKCFMEO_00451,WP_005766501.1,92.8,153,153,153,3.9e-79,288.5,1,1
DAKCFMEO_00452,WP_011105011.1,92.1,458,458,458,5.1e-236,811.2,1,1
DAKCFMEO_00453,WP_011105012.1,82.4,131,131,131,1.8e-64,239.6,1,1
DAKCFMEO_00454,WP_007243694.1,94.0,448,448,448,8.0e-242,830.5,1,1
DAKCFMEO_00455,WP_003377535.1,97.7,173,173,173,3.5e-92,332.0,1,1
DAKCFMEO_00456,WP_011105013.1,97.7,479,479,479,1.6e-267,916.0,1,1
DAKCFMEO_00457,WP_005766488.1,89.7,281,281,281,1.4e-143,503.4,1,1
DAKCFMEO_00458,WP_011105014.1,85.1,1271,1271,1271,0.0e+00,2191.0,1,1
DAKCFMEO_00459,WP_003377531.1,98.8,485,485,485,3.6e-272,931.4,1,1
DAKCFMEO_00460,WP_011105015.1,83.9,199,200,200,2.2e-90,326.2,0.995,0.995
DAKCFMEO_00461,WP_003377527.1,97.5,163,163,163,4.6e-86,311.6,1,1
DAKCFMEO_00462,WP_074842212.1,94.9,331,380,375,1.5e-172,600.1,0.871053,0.882667
DAKCFMEO_00463,WP_002555108.1,100.0,345,345,345,6.5e-191,661.0,1,1
DAKCFMEO_00464,WP_002555109.1,97.9,95,95,95,1.1e-47,183.3,1,1
DAKCFMEO_00465,WP_005766477.1,97.1,483,483,483,8.9e-271,926.8,1,1
DAKCFMEO_00466,WP_011105016.1,98.1,481,481,481,4.0e-271,927.9,1,1
DAKCFMEO_00467,WP_011105017.1,87.8,123,123,122,8.8e-58,217.2,1,1.0082
DAKCFMEO_00468,WP_011105018.1,76.7,343,343,343,4.5e-128,452.2,1,1
DAKCFMEO_00469,WP_007243700.1,92.1,127,127,127,7.7e-65,240.7,1,1
DAKCFMEO_00470,WP_005766467.1,86.6,313,313,316,1.5e-146,513.5,1,0.990506
DAKCFMEO_00471,WP_011105019.1,92.2,527,524,527,9.2e-298,1016.5,1.00573,1
DAKCFMEO_00473,WP_011103366.1,92.3,584,580,584,3.8e-268,918.3,1.0069,1
DAKCFMEO_00474,WP_007246110.1,92.0,313,313,313,2.3e-158,552.7,1,1
DAKCFMEO_00475,WP_011103365.1,92.8,916,956,955,0.0e+00,1631.7,0.958159,0.959162
DAKCFMEO_00476,WP_007246111.1,91.2,329,331,331,3.5e-170,592.0,0.993958,0.993958
DAKCFMEO_00477,WP_046463568.1,84.2,259,260,267,5.1e-132,464.9,0.996154,0.970037
DAKCFMEO_00478,WP_011103363.1,85.2,277,278,278,9.7e-129,454.1,0.996403,0.996403
DAKCFMEO_00479,WP_011103362.1,90.1,182,182,182,1.1e-99,357.1,1,1
DAKCFMEO_00480,WP_011103361.1,82.5,750,748,751,0.0e+00,1169.1,1.00267,0.998668
DAKCFMEO_00481,WP_005770545.1,92.9,282,282,282,2.3e-146,512.7,1,1
DAKCFMEO_00482,WP_005770547.1,84.0,362,362,356,3.5e-171,595.5,1,1.01685
DAKCFMEO_00483,WP_011103359.1,88.9,413,413,412,2.8e-209,722.2,1,1.00243
DAKCFMEO_00484,WP_003383244.1,92.2,192,192,192,4.7e-98,351.7,1,1
DAKCFMEO_00485,WP_003383243.1,93.2,191,191,191,1.3e-100,360.1,1,1
DAKCFMEO_00486,WP_003383242.1,96.5,344,344,344,5.3e-185,641.3,1,1
DAKCFMEO_00487,WP_005614818.1,98.0,149,149,149,1.5e-80,293.1,1,1
DAKCFMEO_00488,WP_011103358.1,89.3,401,399,401,2.4e-189,656.0,1.00501,1
DAKCFMEO_00489,WP_005770558.1,99.0,197,197,197,4.2e-110,391.7,1,1
DAKCFMEO_00490,WP_024668366.1,87.9,248,234,248,4.2e-125,441.8,1.05983,1
DAKCFMEO_00491,WP_005770562.1,94.6,316,316,316,1.8e-171,596.3,1,1
DAKCFMEO_00492,WP_011103356.1,79.9,363,364,364,3.7e-168,585.5,0.997253,0.997253
DAKCFMEO_00493,WP_005770566.1,90.5,252,252,252,1.0e-137,483.8,1,1
DAKCFMEO_00494,WP_011103355.1,91.0,377,377,377,5.4e-199,688.0,1,1
DAKCFMEO_00495,WP_007246125.1,86.6,382,380,382,4.8e-195,674.9,1.00526,1
DAKCFMEO_00496,WP_005770572.1,87.0,332,332,332,2.7e-170,592.4,1,1
DAKCFMEO_00497,WP_003383227.1,84.7,183,183,181,3.4e-82,298.9,1,1.01105
DAKCFMEO_00498,WP_011103226.1,34.5,145,143,173,1.1e-19,90.9,1.01399,0.83815
DAKCFMEO_00499,WP_046463279.1,67.5,326,326,326,1.3e-124,440.7,1,1
DAKCFMEO_00501,WP_011103351.1,42.2,135,169,142,2.4e-13,70.1,0.798817,0.950704
DAKCFMEO_00502,WP_011103350.1,85.9,561,566,564,5.0e-273,934.5,0.991166,0.994681
DAKCFMEO_00503,WP_011103349.1,85.9,405,405,405,3.3e-194,672.2,1,1
DAKCFMEO_00504,WP_005770019.1,88.3,290,290,290,8.5e-152,530.8,1,1
DAKCFMEO_00505,WP_005770017.1,77.8,207,207,207,1.2e-86,313.9,1,1
DAKCFMEO_00506,WP_003381207.1,91.3,69,69,69,7.0e-36,143.7,1,1
DAKCFMEO_00508,WP_003381213.1,94.7,209,209,209,2.1e-112,399.4,1,1
DAKCFMEO_00509,WP_005770014.1,93.8,176,181,177,8.3e-97,347.4,0.972376,0.99435
DAKCFMEO_00511,WP_005614782.1,93.8,432,432,432,3.0e-230,792.0,1,1
DAKCFMEO_00512,WP_011104501.1,84.4,250,259,259,2.4e-113,402.9,0.965251,0.965251
DAKCFMEO_00517,WP_005614629.1,92.8,853,854,854,0.0e+00,1503.4,0.998829,0.998829
DAKCFMEO_00518,WP_011103303.1,85.1,242,242,242,2.9e-121,429.1,1,1
DAKCFMEO_00519,WP_003381266.1,98.8,320,320,320,7.1e-184,637.5,1,1
DAKCFMEO_00520,WP_005769279.1,96.5,340,340,340,7.3e-187,647.5,1,1
DAKCFMEO_00521,WP_005769277.1,83.2,531,530,531,1.2e-244,840.1,1.00189,1
DAKCFMEO_00522,WP_011103301.1,87.7,446,446,446,7.0e-222,764.2,1,1
DAKCFMEO_00524,WP_011103296.1,74.4,133,133,133,3.4e-31,129.0,1,1
DAKCFMEO_00525,WP_011103295.1,73.6,1088,1086,1067,0.0e+00,1598.2,1.00184,1.01968
DAKCFMEO_00526,WP_011103294.1,67.3,171,168,168,1.5e-47,183.7,1.01786,1.01786
DAKCFMEO_00527,WP_011103293.1,77.9,235,234,235,1.7e-97,350.1,1.00427,1
DAKCFMEO_00528,WP_011103292.1,76.2,172,172,171,1.7e-62,233.4,1,1.00585
DAKCFMEO_00529,WP_007246769.1,78.3,161,160,157,6.5e-61,228.0,1.00625,1.02548
DAKCFMEO_00530,WP_005769263.1,75.2,165,166,166,2.6e-65,242.7,0.993976,0.993976
DAKCFMEO_00531,WP_005769262.1,97.1,315,315,315,6.4e-177,614.4,1,1
DAKCFMEO_00532,WP_003381292.1,96.8,158,158,158,2.4e-84,305.8,1,1
DAKCFMEO_00533,WP_005769261.1,88.3,162,171,173,1.0e-83,303.9,0.947368,0.936416
DAKCFMEO_00534,WP_011103291.1,95.7,943,943,943,0.0e+00,1882.1,1,1
DAKCFMEO_00535,WP_005769259.1,96.1,308,316,308,2.2e-169,589.3,0.974684,1
DAKCFMEO_00536,WP_005769258.1,96.5,512,512,512,1.1e-274,939.9,1,1
DAKCFMEO_00537,WP_003344603.1,100.0,92,92,92,2.1e-43,169.1,1,1
DAKCFMEO_00538,WP_005769257.1,91.0,156,156,156,2.8e-77,282.3,1,1
DAKCFMEO_00539,WP_003381304.1,97.6,372,373,372,4.4e-201,694.9,0.997319,1
DAKCFMEO_00540,WP_005769256.1,96.1,407,407,407,4.6e-220,758.1,1,1
DAKCFMEO_00541,WP_002551972.1,100.0,91,91,91,1.0e-47,183.3,1,1
DAKCFMEO_00542,WP_003381306.1,99.0,103,103,103,3.8e-54,204.9,1,1
DAKCFMEO_00543,WP_003381308.1,96.3,322,322,322,1.5e-173,603.2,1,1
DAKCFMEO_00545,WP_002555214.1,96.2,80,80,80,6.4e-41,160.6,1,1
DAKCFMEO_00546,WP_005736691.1,92.2,205,205,205,3.6e-104,372.1,1,1
DAKCFMEO_00547,WP_007243764.1,91.2,102,102,102,1.7e-51,196.1,1,1
DAKCFMEO_00548,WP_003379718.1,98.8,161,168,162,4.1e-82,298.5,0.958333,0.993827
DAKCFMEO_00549,WP_024666223.1,65.3,98,111,98,1.5e-32,133.3,0.882883,1
DAKCFMEO_00550,WP_005771663.1,94.9,811,811,811,0.0e+00,1481.5,1,1
DAKCFMEO_00551,WP_003379721.1,97.5,162,162,162,7.5e-81,294.3,1,1
DAKCFMEO_00552,WP_005771665.1,95.0,617,617,617,0.0e+00,1198.0,1,1
DAKCFMEO_00553,WP_005770159.1,76.1,117,117,117,1.3e-37,150.2,1,1
DAKCFMEO_00554,WP_005770161.1,83.5,164,166,165,1.2e-73,270.4,0.987952,0.993939
DAKCFMEO_00555,WP_011105075.1,98.0,551,554,563,5.9e-314,1070.5,0.994585,0.978686
DAKCFMEO_00556,WP_011105092.1,80.7,1278,1278,1278,0.0e+00,2018.4,1,1
DAKCFMEO_00557,WP_007243779.1,98.6,417,417,417,1.0e-238,820.1,1,1
DAKCFMEO_00558,WP_011105095.1,73.0,189,189,189,1.1e-70,260.8,1,1
DAKCFMEO_00559,WP_005770183.1,95.1,325,325,325,7.2e-176,610.9,1,1
DAKCFMEO_00560,WP_011105096.1,96.9,65,65,65,9.5e-35,139.8,1,1
DAKCFMEO_00561,WP_005770185.1,96.4,691,691,691,0.0e+00,1296.6,1,1
DAKCFMEO_00562,WP_005770186.1,80.3,122,122,122,2.9e-53,202.2,1,1
DAKCFMEO_00563,WP_005770187.1,96.9,455,455,455,4.6e-253,867.8,1,1
DAKCFMEO_00564,WP_007243783.1,92.6,148,148,148,4.6e-69,255.0,1,1
DAKCFMEO_00565,WP_011105097.1,93.4,258,258,258,1.3e-138,486.9,1,1
DAKCFMEO_00566,WP_005770190.1,80.5,77,77,77,4.4e-31,127.9,1,1
DAKCFMEO_00567,WP_005770191.1,90.6,374,374,374,1.5e-193,669.8,1,1
DAKCFMEO_00568,WP_003381744.1,94.5,55,55,55,2.0e-25,108.6,1,1
DAKCFMEO_00569,WP_011105098.1,95.5,335,335,335,3.8e-188,651.7,1,1
DAKCFMEO_00570,WP_011105099.1,95.8,479,479,479,1.8e-271,929.1,1,1
DAKCFMEO_00571,WP_011105101.1,91.0,733,733,733,0.0e+00,1326.2,1,1
DAKCFMEO_00572,WP_011105102.1,84.5,329,329,329,1.4e-163,570.1,1,1
DAKCFMEO_00573,WP_011105103.1,92.3,168,188,176,1.0e-89,323.9,0.893617,0.954545
DAKCFMEO_00574,WP_011105104.1,93.3,431,431,431,5.2e-214,738.0,1,1
DAKCFMEO_00575,WP_011105105.1,91.7,361,361,361,8.0e-200,690.6,1,1
DAKCFMEO_00576,WP_005770220.1,93.3,419,419,427,1.0e-214,740.3,1,0.981265
DAKCFMEO_00577,WP_004397257.1,92.2,296,296,296,3.9e-152,531.9,1,1
DAKCFMEO_00578,WP_005770225.1,93.9,329,329,329,6.6e-185,641.0,1,1
DAKCFMEO_00579,WP_046463348.1,90.3,195,196,196,1.7e-103,369.8,0.994898,0.994898
DAKCFMEO_00580,WP_011105107.1,92.0,289,289,289,2.5e-159,555.8,1,1
DAKCFMEO_00581,WP_011105108.1,92.6,189,189,189,1.6e-103,369.8,1,1
DAKCFMEO_00582,WP_011105109.1,93.8,305,305,305,1.4e-173,603.2,1,1
DAKCFMEO_00583,WP_005770235.1,84.8,421,425,424,5.3e-211,728.0,0.990588,0.992925
DAKCFMEO_00584,WP_011104428.1,33.2,289,298,304,8.7e-43,168.7,0.969799,0.950658
DAKCFMEO_00587,WP_011103289.1,72.0,254,254,254,1.9e-94,340.1,1,1
DAKCFMEO_00589,WP_011103288.1,86.6,365,368,366,9.0e-191,660.6,0.991848,0.997268
DAKCFMEO_00590,WP_011103287.1,95.9,344,344,344,7.4e-195,674.1,1,1
DAKCFMEO_00591,WP_011103285.1,94.7,283,283,283,2.7e-150,525.8,1,1
DAKCFMEO_00592,WP_011103284.1,86.8,266,266,265,1.7e-127,449.9,1,1.00377
DAKCFMEO_00593,WP_011103283.1,90.9,275,275,275,1.7e-133,469.9,1,1
DAKCFMEO_00594,WP_005769243.1,83.9,254,255,255,1.9e-107,383.3,0.996078,0.996078
DAKCFMEO_00595,WP_011103282.1,94.3,575,615,575,0.0e+00,1098.6,0.934959,1
DAKCFMEO_00596,WP_005769238.1,83.5,255,255,254,7.1e-118,417.9,1,1.00394
DAKCFMEO_00597,WP_005769235.1,86.7,444,455,448,1.2e-221,763.5,0.975824,0.991071
DAKCFMEO_00598,WP_011103281.1,91.6,656,656,656,0.0e+00,1239.6,1,1
DAKCFMEO_00599,WP_011103280.1,89.8,295,295,296,1.2e-150,526.9,1,0.996622
DAKCFMEO_00600,WP_011103279.1,95.1,508,508,508,7.9e-270,923.7,1,1
DAKCFMEO_00601,WP_005769228.1,89.8,313,323,314,6.5e-161,561.2,0.96904,0.996815
DAKCFMEO_00602,WP_011104705.1,89.1,385,386,386,7.2e-207,714.1,0.997409,0.997409
DAKCFMEO_00604,WP_011104311.1,81.2,128,128,128,9.2e-58,217.2,1,1
DAKCFMEO_00605,WP_011104312.1,92.9,337,337,337,5.5e-187,647.9,1,1
DAKCFMEO_00606,WP_005764591.1,91.0,210,215,212,1.7e-109,389.8,0.976744,0.990566
DAKCFMEO_00607,WP_011103277.1,91.7,697,697,697,0.0e+00,1266.9,1,1
DAKCFMEO_00608,WP_011103276.1,89.5,1230,1230,1230,0.0e+00,2240.3,1,1
DAKCFMEO_00609,WP_011103275.1,90.9,1158,1158,1158,0.0e+00,2157.1,1,1
DAKCFMEO_00610,WP_005738107.1,94.5,493,493,493,2.9e-285,974.9,1,1
DAKCFMEO_00615,WP_005769671.1,90.6,149,153,153,9.2e-81,293.9,0.973856,0.973856
DAKCFMEO_00616,WP_005769670.1,89.9,317,326,317,1.1e-168,587.0,0.972393,1
DAKCFMEO_00617,WP_005769669.1,89.7,145,147,147,4.4e-72,265.0,0.986395,0.986395
DAKCFMEO_00618,WP_011103884.1,75.0,725,732,730,7.7e-314,1070.5,0.990437,0.993151
DAKCFMEO_00619,WP_011103885.1,88.1,285,285,290,2.7e-142,499.2,1,0.982759
DAKCFMEO_00620,WP_007244781.1,97.0,471,474,475,8.1e-269,920.2,0.993671,0.991579
DAKCFMEO_00621,WP_011103886.1,94.8,213,213,213,4.4e-121,428.3,1,1
DAKCFMEO_00623,WP_005769662.1,94.4,360,360,360,2.2e-194,672.5,1,1
DAKCFMEO_00624,WP_007244780.1,97.8,370,370,370,1.0e-213,736.9,1,1
DAKCFMEO_00625,WP_011103887.1,82.9,334,334,334,5.7e-160,558.1,1,1
DAKCFMEO_00626,WP_007244779.1,92.3,209,209,211,3.0e-106,379.0,1,0.990521
DAKCFMEO_00627,WP_005617237.1,99.0,382,382,382,2.0e-225,775.8,1,1
DAKCFMEO_00628,WP_005769658.1,95.6,436,436,436,5.2e-238,817.8,1,1
DAKCFMEO_00629,WP_011103889.1,88.8,268,270,269,7.4e-134,471.1,0.992593,0.996283
DAKCFMEO_00630,WP_007244776.1,97.4,350,350,350,9.2e-201,693.7,1,1
DAKCFMEO_00631,WP_005769653.1,89.7,292,312,297,8.3e-145,507.7,0.935897,0.983165
DAKCFMEO_00632,WP_005769651.1,96.4,551,551,551,0.0e+00,1116.7,1,1
DAKCFMEO_00633,WP_005769649.1,98.8,249,249,249,4.5e-125,441.8,1,1
DAKCFMEO_00634,WP_005769647.1,96.4,309,309,309,1.4e-157,550.1,1,1
DAKCFMEO_00635,WP_011103890.1,83.2,273,280,275,1.6e-131,463.4,0.975,0.992727
DAKCFMEO_00636,WP_005769643.1,76.9,117,116,117,4.2e-41,161.8,1.00862,1
DAKCFMEO_00637,WP_005769641.1,91.9,271,271,271,9.4e-137,480.7,1,1
DAKCFMEO_00638,WP_003382014.1,97.7,479,479,479,4.7e-272,931.0,1,1
DAKCFMEO_00639,WP_046463567.1,51.8,220,219,217,1.2e-49,191.0,1.00457,1.01382
DAKCFMEO_00640,WP_005769636.1,89.4,85,85,85,5.5e-43,167.5,1,1
DAKCFMEO_00641,WP_005769634.1,87.1,201,201,201,9.2e-105,374.0,1,1
DAKCFMEO_00642,WP_005769631.1,98.8,429,429,429,4.1e-251,861.3,1,1
DAKCFMEO_00643,WP_005738085.1,97.6,124,128,124,3.6e-62,231.9,0.96875,1
DAKCFMEO_00644,WP_003382006.1,98.4,122,122,122,7.4e-65,240.7,1,1
DAKCFMEO_00645,WP_005769628.1,97.5,590,590,590,0.0e+00,1154.8,1,1
DAKCFMEO_00646,WP_003382004.1,96.2,234,234,234,1.2e-135,476.9,1,1
DAKCFMEO_00647,WP_005769626.1,99.4,943,943,943,0.0e+00,1907.9,1,1
DAKCFMEO_00648,WP_005769624.1,91.6,406,405,406,9.0e-176,610.9,1.00247,1
DAKCFMEO_00649,WP_003382001.1,96.7,478,478,478,8.0e-264,903.7,1,1
DAKCFMEO_00650,WP_002552981.1,99.7,388,388,388,1.3e-219,756.5,1,1
DAKCFMEO_00651,WP_005617294.1,97.6,293,293,293,4.4e-164,571.6,1,1
DAKCFMEO_00652,WP_005769618.1,90.4,437,437,437,1.3e-217,750.0,1,1
DAKCFMEO_00654,WP_005769616.1,96.7,635,635,635,0.0e+00,1204.5,1,1
DAKCFMEO_00655,WP_005769615.1,83.4,241,244,242,1.1e-115,410.6,0.987705,0.995868
DAKCFMEO_00657,WP_005769613.1,93.1,404,405,407,1.8e-216,746.1,0.997531,0.992629
DAKCFMEO_00658,WP_003379759.1,98.8,171,171,171,9.0e-101,360.5,1,1
DAKCFMEO_00659,WP_005769610.1,81.3,641,641,641,3.6e-280,958.4,1,1
DAKCFMEO_00660,WP_005769608.1,95.9,341,341,341,1.5e-179,623.2,1,1
DAKCFMEO_00661,WP_011103893.1,84.2,114,114,114,3.9e-52,198.4,1,1
DAKCFMEO_00662,WP_005769602.1,80.1,151,151,151,1.5e-62,233.4,1,1
DAKCFMEO_00663,WP_005618719.1,87.8,147,147,147,1.6e-74,273.1,1,1
DAKCFMEO_00665,WP_011103894.1,91.0,266,312,269,1.4e-144,506.9,0.852564,0.988848
DAKCFMEO_00666,WP_005765844.1,81.0,284,284,284,3.2e-135,475.7,1,1
DAKCFMEO_00667,WP_046463559.1,83.3,276,272,276,2.3e-127,449.5,1.01471,1
DAKCFMEO_00668,WP_005765838.1,96.0,349,349,349,7.8e-176,610.9,1,1
DAKCFMEO_00669,WP_005765836.1,84.6,350,351,344,9.0e-164,570.9,0.997151,1.01744
DAKCFMEO_00670,WP_007244755.1,90.0,249,249,249,1.3e-127,450.3,1,1
DAKCFMEO_00671,WP_005765832.1,45.3,645,666,667,4.4e-143,503.1,0.968468,0.967016
DAKCFMEO_00672,WP_011103898.1,66.4,762,772,773,2.3e-268,919.5,0.987047,0.98577
DAKCFMEO_00673,WP_032639333.1,53.7,469,478,501,1.0e-141,498.0,0.981172,0.936128
DAKCFMEO_00674,WP_005765826.1,61.5,374,374,370,3.0e-141,496.1,1,1.01081
DAKCFMEO_00675,WP_011103899.1,72.3,837,837,837,0.0e+00,1231.1,1,1
DAKCFMEO_00676,WP_005765821.1,74.7,249,257,251,7.9e-101,361.3,0.968872,0.992032
DAKCFMEO_00677,WP_011103900.1,74.3,183,183,183,7.2e-72,264.6,1,1
DAKCFMEO_00678,WP_046463561.1,51.6,1503,1679,1682,0.0e+00,1451.4,0.895176,0.893579
DAKCFMEO_00679,WP_011103902.1,52.3,596,598,607,2.3e-180,626.7,0.996656,0.981878
DAKCFMEO_00681,WP_011103905.1,47.3,785,794,757,4.8e-197,682.6,0.988665,1.03699
DAKCFMEO_00682,WP_011103906.1,40.2,1005,975,996,2.3e-193,670.6,1.03077,1.00904
DAKCFMEO_00683,WP_005765807.1,40.9,164,165,161,6.8e-29,121.7,0.993939,1.01863
DAKCFMEO_00684,WP_046463561.1,39.7,1316,1283,1682,2.4e-251,863.6,1.02572,0.782402
DAKCFMEO_00685,WP_011103908.1,64.1,64,80,87,8.1e-20,90.5,0.8,0.735632
DAKCFMEO_00687,WP_011103910.1,95.7,564,564,564,5.6e-309,1053.9,1,1
DAKCFMEO_00688,WP_161797773.1,94.6,683,688,693,0.0e+00,1199.5,0.992733,0.98557
DAKCFMEO_00689,WP_011103912.1,87.9,190,190,190,4.1e-86,312.0,1,1
DAKCFMEO_00690,WP_011103913.1,92.1,887,887,887,0.0e+00,1568.5,1,1
DAKCFMEO_00691,WP_011103914.1,93.0,228,230,230,4.4e-119,421.8,0.991304,0.991304
DAKCFMEO_00692,WP_005765788.1,92.4,92,92,92,2.2e-45,175.6,1,1
DAKCFMEO_00693,WP_005738027.1,96.7,305,305,305,6.8e-168,584.3,1,1
DAKCFMEO_00694,WP_005765784.1,86.2,318,318,327,3.5e-159,555.4,1,0.972477
DAKCFMEO_00695,WP_046463435.1,86.2,658,667,674,0.0e+00,1145.6,0.986507,0.976261
DAKCFMEO_00696,WP_011103916.1,85.4,253,253,253,5.4e-118,418.3,1,1
DAKCFMEO_00699,WP_024666974.1,52.7,74,120,79,2.5e-12,66.2,0.616667,0.936709
DAKCFMEO_00700,WP_011103917.1,71.3,491,434,491,3.6e-170,592.4,1.13134,1
DAKCFMEO_00701,WP_011103918.1,93.8,276,278,278,2.1e-152,532.7,0.992806,0.992806
DAKCFMEO_00702,WP_005765770.1,81.7,481,481,473,1.7e-221,763.1,1,1.01691
DAKCFMEO_00703,WP_005765767.1,87.5,144,144,144,4.8e-63,235.0,1,1
DAKCFMEO_00704,WP_005765765.1,85.3,102,102,102,6.9e-48,184.1,1,1
DAKCFMEO_00705,WP_003379830.1,85.3,109,109,109,1.6e-50,193.0,1,1
DAKCFMEO_00706,WP_005617338.1,94.9,157,157,157,3.7e-85,308.5,1,1
DAKCFMEO_00707,WP_005765750.1,93.9,838,838,838,0.0e+00,1451.8,1,1
DAKCFMEO_00708,WP_011103923.1,96.0,227,227,227,6.3e-118,417.9,1,1
DAKCFMEO_00709,WP_011103924.1,92.0,201,201,201,6.6e-103,367.9,1,1
DAKCFMEO_00710,WP_002553016.1,90.3,93,93,93,3.1e-47,181.8,1,1
DAKCFMEO_00711,WP_011103925.1,96.0,321,321,321,4.2e-184,638.3,1,1
DAKCFMEO_00712,WP_002553018.1,100.0,83,83,83,9.0e-14,70.5,1,1
DAKCFMEO_00713,WP_003382493.1,87.4,95,93,95,9.4e-44,170.2,1.02151,1
DAKCFMEO_00714,WP_003382491.1,97.5,358,358,358,2.9e-202,698.7,1,1
DAKCFMEO_00716,WP_011103928.1,76.7,318,318,323,1.9e-141,496.5,1,0.98452
DAKCFMEO_00717,WP_005617359.1,95.0,298,302,306,5.7e-159,554.7,0.986755,0.973856
DAKCFMEO_00718,WP_011103929.1,83.5,158,164,167,3.2e-71,262.3,0.963415,0.946108
DAKCFMEO_00719,WP_003382487.1,98.1,324,324,324,4.7e-183,634.8,1,1
DAKCFMEO_00720,WP_005617365.1,94.2,243,244,244,3.7e-140,491.9,0.995902,0.995902
DAKCFMEO_00721,WP_005765732.1,95.6,205,205,205,3.6e-112,398.7,1,1
DAKCFMEO_00722,WP_005765730.1,79.6,447,448,447,4.7e-210,724.9,0.997768,1
DAKCFMEO_00723,WP_161797774.1,92.9,325,326,325,1.1e-179,623.6,0.996933,1
DAKCFMEO_00724,WP_005765727.1,95.3,510,512,513,2.1e-270,925.6,0.996094,0.994152
DAKCFMEO_00725,WP_005765726.1,83.6,183,178,183,1.5e-82,300.1,1.02809,1
DAKCFMEO_00726,WP_046463438.1,91.0,233,235,239,7.2e-117,414.5,0.991489,0.974895
DAKCFMEO_00727,WP_007244715.1,95.6,297,297,297,1.1e-157,550.4,1,1
DAKCFMEO_00728,WP_011103932.1,93.6,375,375,375,1.0e-205,710.3,1,1
DAKCFMEO_00729,WP_011103933.1,94.4,860,862,863,0.0e+00,1633.6,0.99768,0.996524
DAKCFMEO_00730,WP_005765721.1,87.5,393,401,396,1.2e-196,680.2,0.98005,0.992424
DAKCFMEO_00731,WP_003382474.1,98.2,272,272,272,1.0e-151,530.4,1,1
DAKCFMEO_00732,WP_011103934.1,98.2,791,838,791,0.0e+00,1541.9,0.943914,1
DAKCFMEO_00733,WP_005765719.1,85.2,330,328,330,7.8e-170,590.9,1.0061,1
DAKCFMEO_00734,WP_005765718.1,87.7,162,162,162,9.1e-87,313.9,1,1
DAKCFMEO_00735,WP_003382467.1,94.0,331,331,331,2.2e-180,625.9,1,1
DAKCFMEO_00736,WP_003382465.1,93.9,82,82,82,2.3e-38,152.1,1,1
DAKCFMEO_00737,WP_011103935.1,90.1,274,274,274,2.3e-122,433.0,1,1
DAKCFMEO_00738,WP_005738001.1,98.3,175,175,196,6.2e-97,347.8,1,0.892857
DAKCFMEO_00739,WP_003382460.1,93.3,344,344,344,1.0e-183,637.1,1,1
DAKCFMEO_00740,WP_005765713.1,89.3,252,289,253,8.3e-123,434.5,0.871972,0.996047
DAKCFMEO_00741,WP_046463439.1,86.6,906,906,906,0.0e+00,1627.8,1,1
DAKCFMEO_00742,WP_011103938.1,91.9,409,409,409,9.3e-221,760.4,1,1
DAKCFMEO_00743,WP_046463440.1,88.8,553,553,553,1.2e-290,993.0,1,1
DAKCFMEO_00744,WP_011103940.1,97.3,403,403,403,1.5e-223,769.6,1,1
DAKCFMEO_00745,WP_011103557.1,91.3,415,416,431,1.3e-238,819.7,0.997596,0.962877
DAKCFMEO_00746,WP_005765699.1,95.3,191,191,191,2.8e-95,342.4,1,1
DAKCFMEO_00747,WP_011103941.1,87.8,403,447,403,8.3e-215,740.7,0.901566,1
DAKCFMEO_00748,WP_011103942.1,95.3,340,343,343,6.9e-185,641.0,0.991254,0.991254
DAKCFMEO_00749,WP_017709633.1,94.4,751,751,750,0.0e+00,1447.2,1,1.00133
DAKCFMEO_00751,WP_005765687.1,93.9,488,489,488,3.3e-265,908.3,0.997955,1
DAKCFMEO_00752,WP_003346101.1,97.4,114,114,114,8.7e-60,223.8,1,1
DAKCFMEO_00753,WP_046463398.1,34.8,1167,1212,1195,1.9e-184,641.3,0.962871,0.976569
DAKCFMEO_00754,WP_002554843.1,64.9,208,208,208,1.3e-74,273.9,1,1
DAKCFMEO_00755,WP_003373331.1,68.0,128,132,130,7.0e-45,174.5,0.969697,0.984615
DAKCFMEO_00756,WP_005765682.1,97.7,440,443,443,8.4e-260,890.2,0.993228,0.993228
DAKCFMEO_00758,WP_005765681.1,93.6,110,113,118,1.6e-53,203.0,0.973451,0.932203
DAKCFMEO_00759,WP_003373338.1,94.6,130,130,130,4.3e-63,235.0,1,1
DAKCFMEO_00760,WP_003373339.1,89.4,104,104,104,4.6e-15,75.1,1,1
DAKCFMEO_00761,WP_011103955.1,85.0,353,361,356,5.1e-170,591.7,0.977839,0.991573
DAKCFMEO_00763,WP_007246378.1,73.4,79,80,82,2.3e-30,125.6,0.9875,0.963415
DAKCFMEO_00764,WP_005765677.1,88.3,308,309,309,4.5e-151,528.5,0.996764,0.996764
DAKCFMEO_00765,WP_011103957.1,95.8,239,239,239,4.3e-141,495.0,1,1
DAKCFMEO_00766,WP_011103958.1,88.0,200,200,200,7.0e-105,374.4,1,1
DAKCFMEO_00767,WP_007246376.1,97.0,394,394,449,1.3e-211,729.9,1,0.877506
DAKCFMEO_00768,WP_005765672.1,88.5,453,453,453,2.2e-231,795.8,1,1
DAKCFMEO_00769,WP_005737978.1,96.2,132,132,132,5.2e-72,264.6,1,1
DAKCFMEO_00770,WP_011103959.1,93.8,418,418,418,2.3e-235,808.9,1,1
DAKCFMEO_00771,WP_046464003.1,96.6,295,295,295,5.6e-159,554.7,1,1
DAKCFMEO_00772,WP_011103961.1,95.2,442,442,439,1.7e-244,839.3,1,1.00683
DAKCFMEO_00773,WP_005738807.1,95.4,635,635,635,0.0e+00,1229.5,1,1
DAKCFMEO_00774,WP_007246371.1,91.0,222,223,223,4.1e-114,405.2,0.995516,0.995516
DAKCFMEO_00775,WP_005765662.1,90.1,284,284,284,1.2e-147,516.9,1,1
DAKCFMEO_00776,WP_011103962.1,85.5,296,296,296,1.0e-152,533.9,1,1
DAKCFMEO_00777,WP_003315600.1,95.9,74,74,74,2.8e-35,141.7,1,1
DAKCFMEO_00778,WP_011103963.1,76.1,201,201,201,1.9e-89,323.2,1,1
DAKCFMEO_00779,WP_005617455.1,98.9,179,179,179,4.2e-101,361.7,1,1
DAKCFMEO_00780,WP_011103964.1,88.6,395,395,403,6.9e-205,707.6,1,0.980149
DAKCFMEO_00781,WP_005765657.1,94.5,308,308,308,1.6e-172,599.7,1,1
DAKCFMEO_00784,WP_010201131.1,33.5,462,471,465,8.3e-64,239.2,0.980892,0.993548
DAKCFMEO_00785,WP_005765656.1,91.3,600,603,602,1.2e-301,1029.6,0.995025,0.996678
DAKCFMEO_00786,WP_005765655.1,90.3,62,62,62,3.2e-24,104.8,1,1
DAKCFMEO_00787,WP_005765654.1,85.2,128,130,129,5.1e-56,211.5,0.984615,0.992248
DAKCFMEO_00788,WP_011103965.1,72.0,343,343,342,1.5e-147,516.9,1,1.00292
DAKCFMEO_00789,WP_011103966.1,84.2,341,347,343,8.9e-164,570.9,0.982709,0.994169
DAKCFMEO_00790,WP_005765651.1,66.2,65,65,65,3.1e-17,81.6,1,1
DAKCFMEO_00791,WP_007246451.1,56.2,105,108,120,3.2e-27,115.5,0.972222,0.875
DAKCFMEO_00792,WP_005617470.1,78.5,79,80,85,8.6e-30,123.6,0.9875,0.929412
DAKCFMEO_00793,WP_005765650.1,95.1,263,263,263,2.3e-148,519.2,1,1
DAKCFMEO_00794,WP_007246362.1,68.5,73,80,79,2.4e-27,115.5,0.9125,0.924051
DAKCFMEO_00798,WP_003382419.1,93.9,66,82,66,3.3e-32,131.7,0.804878,1
DAKCFMEO_00799,WP_005765645.1,77.0,74,74,74,1.3e-27,116.3,1,1
DAKCFMEO_00800,WP_005765644.1,89.3,319,319,319,3.4e-154,538.9,1,1
DAKCFMEO_00801,WP_011103969.1,95.2,516,517,517,4.4e-276,944.5,0.998066,0.998066
DAKCFMEO_00802,WP_011103970.1,90.9,330,330,330,1.3e-156,547.0,1,1
DAKCFMEO_00803,WP_005765639.1,85.5,338,338,338,1.4e-161,563.5,1,1
DAKCFMEO_00804,WP_007246357.1,89.5,304,306,306,7.4e-146,511.1,0.993464,0.993464
DAKCFMEO_00805,WP_005765637.1,94.0,134,134,134,2.5e-66,245.7,1,1
DAKCFMEO_00806,WP_007246356.1,91.5,341,341,341,2.7e-181,629.0,1,1
DAKCFMEO_00807,WP_080898792.1,85.9,64,64,64,6.5e-28,117.1,1,1
DAKCFMEO_00808,WP_007246354.1,75.0,112,111,111,1.7e-39,156.4,1.00901,1.00901
DAKCFMEO_00809,WP_002553156.1,95.7,70,70,70,2.7e-35,141.7,1,1
DAKCFMEO_00810,WP_005765633.1,77.2,101,102,101,4.2e-37,148.3,0.990196,1
DAKCFMEO_00811,WP_005738829.1,98.0,640,640,640,0.0e+00,1283.5,1,1
DAKCFMEO_00812,WP_003367017.1,99.4,177,177,177,4.2e-93,335.1,1,1
DAKCFMEO_00813,WP_002553160.1,100.0,64,64,64,1.2e-29,122.9,1,1
DAKCFMEO_00814,WP_002553161.1,100.0,118,118,118,5.5e-57,214.5,1,1
DAKCFMEO_00815,WP_003382398.1,98.2,338,338,338,1.7e-196,679.5,1,1
DAKCFMEO_00816,WP_011103972.1,96.5,792,792,792,0.0e+00,1521.5,1,1
DAKCFMEO_00817,WP_002553164.1,100.0,100,100,100,2.9e-51,195.3,1,1
DAKCFMEO_00818,WP_003382396.1,94.9,118,118,118,2.8e-61,228.8,1,1
DAKCFMEO_00820,WP_005617091.1,78.8,85,85,85,4.0e-33,134.8,1,1
DAKCFMEO_00822,WP_005770745.1,47.8,159,153,159,1.3e-39,157.1,1.03922,1
DAKCFMEO_00823,WP_046464006.1,77.2,285,285,285,1.1e-127,450.7,1,1
DAKCFMEO_00824,WP_011103989.1,91.8,219,219,220,2.0e-113,402.9,1,0.995455
DAKCFMEO_00825,WP_005763096.1,56.8,569,570,566,2.3e-185,643.3,0.998246,1.0053
DAKCFMEO_00826,WP_007246901.1,93.5,231,231,231,3.2e-125,442.2,1,1
DAKCFMEO_00827,WP_011103990.1,80.2,243,247,243,1.1e-107,384.0,0.983806,1
DAKCFMEO_00828,WP_003376859.1,92.5,146,146,146,6.8e-73,267.7,1,1
DAKCFMEO_00829,WP_011103991.1,96.1,229,229,229,3.6e-121,428.7,1,1
DAKCFMEO_00830,WP_005770308.1,95.9,245,245,245,2.0e-133,469.5,1,1
DAKCFMEO_00831,WP_005770310.1,93.4,377,379,380,4.9e-192,664.8,0.994723,0.992105
DAKCFMEO_00832,WP_005770312.1,96.0,300,300,300,3.8e-155,542.0,1,1
DAKCFMEO_00833,WP_007246896.1,94.9,393,393,393,2.8e-214,738.8,1,1
DAKCFMEO_00834,WP_005770316.1,92.1,382,382,382,8.2e-211,727.2,1,1
DAKCFMEO_00835,WP_005617488.1,96.7,210,210,210,2.6e-110,392.5,1,1
DAKCFMEO_00836,WP_011103993.1,91.6,510,512,511,2.2e-272,932.2,0.996094,0.998043
DAKCFMEO_00837,WP_011103735.1,79.0,181,181,181,3.5e-79,288.9,1,1
DAKCFMEO_00838,WP_011103734.1,84.1,296,296,293,8.1e-142,497.7,1,1.01024
DAKCFMEO_00839,WP_046463917.1,76.5,324,336,325,4.9e-143,501.9,0.964286,0.996923
DAKCFMEO_00840,WP_046463394.1,90.9,330,323,330,3.2e-176,612.1,1.02167,1
DAKCFMEO_00841,WP_011105037.1,91.6,310,310,310,2.3e-171,595.9,1,1
DAKCFMEO_00842,WP_011105036.1,89.8,479,483,481,1.6e-243,836.3,0.991718,0.995842
DAKCFMEO_00848,WP_011104680.1,41.4,582,729,827,1.4e-102,368.6,0.798354,0.703748
DAKCFMEO_00850,WP_003375849.1,53.8,104,112,110,6.9e-25,107.8,0.928571,0.945455
DAKCFMEO_00851,WP_005615570.1,67.2,183,204,210,1.3e-69,257.3,0.897059,0.871429
DAKCFMEO_00852,WP_007244877.1,67.2,655,657,670,1.6e-270,926.4,0.996956,0.977612
DAKCFMEO_00853,WP_005764024.1,51.3,277,302,313,1.3e-86,314.3,0.917219,0.884984
DAKCFMEO_00859,WP_011104008.1,86.9,710,710,710,0.0e+00,1232.2,1,1
DAKCFMEO_00860,WP_005771214.1,82.9,492,492,496,1.4e-239,823.2,1,0.991935
DAKCFMEO_00862,WP_007246884.1,87.3,157,160,161,1.0e-77,283.9,0.98125,0.975155
DAKCFMEO_00863,WP_005771221.1,68.9,132,136,132,4.5e-47,181.8,0.970588,1
DAKCFMEO_00866,WP_005771225.1,84.8,296,291,296,5.5e-143,501.5,1.01718,1
DAKCFMEO_00867,WP_005771227.1,86.9,291,299,294,1.4e-141,496.9,0.973244,0.989796
DAKCFMEO_00868,WP_011104011.1,86.7,646,646,646,1.7e-240,826.6,1,1
DAKCFMEO_00869,WP_005620205.1,32.8,250,262,280,1.6e-32,134.4,0.954198,0.892857
DAKCFMEO_00870,WP_011104012.1,79.1,187,190,190,1.4e-81,297.0,0.984211,0.984211
DAKCFMEO_00871,WP_011104013.1,91.2,968,968,968,0.0e+00,1796.9,1,1
DAKCFMEO_00872,WP_011104014.1,88.1,101,101,101,7.5e-55,207.2,1,1
DAKCFMEO_00873,WP_007246879.1,96.9,413,413,413,1.3e-238,819.7,1,1
DAKCFMEO_00874,WP_011104015.1,88.6,298,301,300,6.5e-147,514.6,0.990033,0.993333
DAKCFMEO_00875,WP_007246877.1,95.8,288,288,288,4.0e-162,565.1,1,1
DAKCFMEO_00876,WP_005762869.1,97.0,201,205,201,8.8e-111,394.0,0.980488,1
DAKCFMEO_00877,WP_005763515.1,30.0,473,444,468,2.9e-42,167.5,1.06532,1.01068
DAKCFMEO_00878,WP_005762867.1,93.4,301,301,306,3.8e-163,568.5,1,0.98366
DAKCFMEO_00879,WP_005762866.1,93.0,227,227,227,5.8e-47,182.2,1,1
DAKCFMEO_00880,WP_005762863.1,98.4,446,445,446,3.4e-253,868.2,1.00225,1
DAKCFMEO_00881,WP_011104096.1,95.0,441,441,441,1.4e-238,819.7,1,1
DAKCFMEO_00883,WP_005762859.1,93.9,345,345,345,1.5e-200,693.0,1,1
DAKCFMEO_00884,WP_003382778.1,71.3,157,161,161,3.5e-62,232.3,0.975155,0.975155
DAKCFMEO_00885,WP_005762856.1,78.4,111,111,111,2.9e-44,172.2,1,1
DAKCFMEO_00886,WP_005764689.1,66.4,140,146,146,2.1e-50,193.0,0.958904,0.958904
DAKCFMEO_00887,WP_011104098.1,95.1,366,368,366,1.1e-201,696.8,0.994565,1
DAKCFMEO_00888,WP_011104099.1,69.8,517,530,528,7.3e-210,724.5,0.975472,0.979167
DAKCFMEO_00889,WP_011104100.1,93.6,1047,1049,1047,0.0e+00,1837.8,0.998093,1
DAKCFMEO_00890,WP_162839068.1,71.7,374,375,383,8.2e-139,488.0,0.997333,0.976501
DAKCFMEO_00891,WP_011104102.1,86.6,179,209,184,5.8e-86,311.6,0.856459,0.972826
DAKCFMEO_00893,WP_003376950.1,92.0,201,201,201,5.4e-105,374.8,1,1
DAKCFMEO_00894,WP_161797763.1,81.5,162,162,164,7.8e-70,257.7,1,0.987805
DAKCFMEO_00896,WP_005771282.1,91.6,273,274,273,4.6e-83,302.4,0.99635,1
DAKCFMEO_00897,WP_010203861.1,92.6,242,240,242,9.0e-115,407.5,1.00833,1
DAKCFMEO_00898,WP_005771285.1,96.2,133,133,133,6.8e-64,237.7,1,1
DAKCFMEO_00899,WP_007246690.1,91.1,800,800,800,0.0e+00,1433.7,1,1
DAKCFMEO_00900,WP_011104020.1,94.2,434,433,434,5.2e-230,791.2,1.00231,1
DAKCFMEO_00901,WP_011104022.1,73.9,245,248,249,1.9e-107,383.3,0.987903,0.983936
DAKCFMEO_00902,WP_011104023.1,91.3,404,428,417,2.1e-199,689.5,0.943925,0.968825
DAKCFMEO_00903,WP_005617534.1,96.6,59,60,60,6.1e-28,117.1,0.983333,0.983333
DAKCFMEO_00904,WP_011104024.1,65.9,123,123,123,1.0e-45,177.2,1,1
DAKCFMEO_00905,WP_011104025.1,90.1,363,363,363,3.5e-203,701.8,1,1
DAKCFMEO_00906,WP_005771267.1,96.4,277,277,277,5.7e-121,428.3,1,1
DAKCFMEO_00907,WP_011104026.1,84.6,661,661,661,1.5e-231,797.0,1,1
DAKCFMEO_00908,WP_005771273.1,93.5,306,306,306,5.1e-163,568.2,1,1
DAKCFMEO_00909,WP_005771275.1,85.4,316,316,316,8.1e-164,570.9,1,1
DAKCFMEO_00911,WP_011103397.1,34.3,420,426,426,3.6e-58,220.3,0.985915,0.985915
DAKCFMEO_00913,WP_011105048.1,35.9,540,537,541,1.2e-34,142.5,1.00559,0.998152
DAKCFMEO_00914,WP_007246699.1,86.8,597,598,598,3.8e-287,981.5,0.998328,0.998328
DAKCFMEO_00916,WP_011104027.1,76.2,101,101,103,2.6e-39,155.6,1,0.980583
DAKCFMEO_00917,WP_005766014.1,34.7,236,257,249,1.4e-33,137.9,0.918288,0.947791
DAKCFMEO_00918,WP_007246697.1,90.2,132,132,132,3.7e-70,258.5,1,1
DAKCFMEO_00919,WP_011104028.1,91.7,661,658,662,0.0e+00,1213.7,1.00456,0.998489
DAKCFMEO_00920,WP_011104465.1,82.0,128,127,128,2.6e-60,225.7,1.00787,1
DAKCFMEO_00921,WP_011104464.1,95.9,853,853,853,0.0e+00,1663.7,1,1
DAKCFMEO_00922,WP_005770825.1,76.7,163,174,164,3.6e-73,268.9,0.936782,0.993902
DAKCFMEO_00923,WP_011104461.1,93.7,668,668,668,0.0e+00,1277.3,1,1
DAKCFMEO_00924,WP_005770829.1,80.5,262,263,263,8.6e-119,421.0,0.996198,0.996198
DAKCFMEO_00925,WP_032710978.1,89.4,340,340,340,4.2e-158,552.0,1,1
DAKCFMEO_00926,WP_010207498.1,86.6,335,337,337,6.2e-170,591.3,0.994065,0.994065
DAKCFMEO_00927,WP_007243745.1,54.4,237,238,249,8.2e-60,224.9,0.995798,0.951807
DAKCFMEO_00928,WP_005770837.1,96.7,244,244,244,3.8e-129,455.3,1,1
DAKCFMEO_00929,WP_005770839.1,87.9,240,240,240,1.4e-128,453.4,1,1
DAKCFMEO_00930,WP_011104460.1,90.6,254,254,254,2.0e-128,453.0,1,1
DAKCFMEO_00931,WP_011104459.1,93.2,279,279,279,5.1e-146,511.5,1,1
DAKCFMEO_00932,WP_007245922.1,95.0,301,301,301,4.0e-152,531.9,1,1
DAKCFMEO_00933,WP_010220797.1,97.4,345,345,345,1.7e-175,609.8,1,1
DAKCFMEO_00934,WP_011104458.1,93.1,540,540,540,7.5e-295,1006.9,1,1
DAKCFMEO_00935,WP_010210634.1,95.8,384,384,384,3.3e-228,785.0,1,1
DAKCFMEO_00936,WP_011105053.1,38.8,546,561,577,1.4e-102,368.2,0.973262,0.946274
DAKCFMEO_00939,WP_011104457.1,61.1,208,237,232,1.1e-72,267.7,0.877637,0.896552
DAKCFMEO_00940,WP_011104259.1,58.8,260,279,276,1.8e-90,327.0,0.9319,0.942029
DAKCFMEO_00941,WP_005770857.1,91.9,223,238,224,8.9e-115,407.5,0.936975,0.995536
DAKCFMEO_00942,WP_011104456.1,86.4,345,345,345,1.8e-177,616.3,1,1
DAKCFMEO_00943,WP_011104455.1,91.4,304,304,304,1.5e-162,566.6,1,1
DAKCFMEO_00944,WP_011104454.1,93.2,838,838,838,0.0e+00,1579.3,1,1
DAKCFMEO_00945,WP_011104453.1,82.3,640,640,640,0.0e+00,1083.9,1,1
DAKCFMEO_00946,WP_007245914.1,84.3,236,232,236,7.6e-103,367.9,1.01724,1
DAKCFMEO_00947,WP_005770871.1,91.2,148,148,148,2.2e-71,262.7,1,1
DAKCFMEO_00948,WP_046463904.1,75.8,281,279,277,2.1e-43,170.6,1.00717,1.01444
DAKCFMEO_00949,WP_046463903.1,91.9,665,665,665,0.0e+00,1129.8,1,1
DAKCFMEO_00950,WP_011103965.1,30.0,317,374,342,6.7e-24,106.3,0.847594,0.926901
DAKCFMEO_00951,WP_007246342.1,39.6,154,170,178,7.2e-26,111.7,0.905882,0.865169
DAKCFMEO_00957,WP_005766318.1,76.9,446,453,453,5.5e-182,631.7,0.984547,0.984547
DAKCFMEO_00958,WP_007245868.1,82.4,216,216,216,5.1e-101,361.7,1,1
DAKCFMEO_00959,WP_046463317.1,91.3,912,915,913,0.0e+00,1673.7,0.996721,0.998905
DAKCFMEO_00960,WP_010204398.1,52.7,74,84,80,2.2e-12,65.9,0.880952,0.925
DAKCFMEO_00961,WP_005766308.1,53.5,101,111,118,3.2e-22,99.0,0.90991,0.855932
DAKCFMEO_00962,WP_046463316.1,83.2,274,290,299,3.4e-140,492.3,0.944828,0.916388
DAKCFMEO_00963,WP_011104874.1,30.2,506,557,562,4.7e-58,220.3,0.908438,0.900356
DAKCFMEO_00964,WP_011104448.1,91.3,413,413,413,3.0e-211,728.8,1,1
DAKCFMEO_00966,WP_003383141.1,36.2,232,229,229,6.3e-33,135.6,1.0131,1.0131
DAKCFMEO_00967,WP_005768689.1,37.8,389,501,486,1.3e-51,198.7,0.776447,0.800412
DAKCFMEO_00970,WP_011105356.1,30.3,1011,1028,1033,1.9e-121,431.8,0.983463,0.978703
DAKCFMEO_00971,WP_003382014.1,40.3,462,475,479,9.5e-100,358.6,0.972632,0.964509
DAKCFMEO_00974,WP_011104447.1,86.6,569,565,569,2.0e-290,992.3,1.00708,1
DAKCFMEO_00975,WP_011104446.1,70.9,5737,5669,6274,0.0e+00,2397.1,1.012,0.914409
DAKCFMEO_00977,WP_080597953.1,100.0,118,119,118,2.0e-67,249.2,0.991597,1
DAKCFMEO_00988,WP_005618920.1,38.0,150,149,143,8.0e-21,94.7,1.00671,1.04895
DAKCFMEO_00993,WP_010211386.1,50.5,406,472,578,8.0e-107,382.1,0.860169,0.702422
DAKCFMEO_00994,WP_005767347.1,34.8,400,403,400,3.1e-51,197.2,0.992556,1
DAKCFMEO_00996,WP_011104427.1,75.1,430,438,438,5.2e-185,641.7,0.981735,0.981735
DAKCFMEO_00997,WP_011103775.1,82.2,152,159,157,4.6e-75,275.0,0.955975,0.968153
DAKCFMEO_00998,WP_005764509.1,37.7,332,337,344,1.7e-55,211.1,0.985163,0.965116
DAKCFMEO_00999,WP_007244847.1,91.3,473,473,473,2.6e-238,818.9,1,1
DAKCFMEO_01000,WP_011104242.1,35.7,294,306,304,1.1e-48,188.3,0.960784,0.967105
DAKCFMEO_01001,WP_007245876.1,80.6,284,287,287,6.9e-130,458.0,0.989547,0.989547
DAKCFMEO_01002,WP_011104419.1,80.0,270,285,278,1.1e-130,460.7,0.947368,0.971223
DAKCFMEO_01003,WP_011104418.1,74.7,300,306,303,3.8e-126,445.7,0.980392,0.990099
DAKCFMEO_01004,WP_011103987.1,65.7,213,216,214,1.3e-75,277.3,0.986111,0.995327
DAKCFMEO_01005,WP_005770293.1,75.9,145,148,148,3.1e-57,215.7,0.97973,0.97973
DAKCFMEO_01006,WP_005764499.1,40.8,142,178,177,5.6e-29,122.1,0.797753,0.80226
DAKCFMEO_01007,WP_011104938.1,33.6,298,303,307,6.1e-44,172.6,0.983498,0.970684
DAKCFMEO_01009,WP_011104417.1,71.1,149,149,149,9.1e-57,214.2,1,1
DAKCFMEO_01010,WP_005766332.1,82.6,207,207,207,4.4e-94,338.6,1,1
DAKCFMEO_01011,WP_005766330.1,90.3,559,558,559,2.0e-282,965.7,1.00179,1
DAKCFMEO_01012,WP_005766329.1,95.1,204,204,204,1.3e-109,390.2,1,1
DAKCFMEO_01013,WP_005766327.1,91.3,161,161,209,1.9e-76,279.6,1,0.770335
DAKCFMEO_01014,WP_007245872.1,80.6,98,99,99,4.9e-43,167.9,0.989899,0.989899
DAKCFMEO_01015,WP_005766322.1,88.2,356,355,356,1.3e-183,636.7,1.00282,1
DAKCFMEO_01016,WP_005766320.1,82.8,116,116,116,5.8e-51,194.5,1,1
DAKCFMEO_01017,WP_007245870.1,92.4,105,105,105,2.1e-47,182.6,1,1
DAKCFMEO_01018,WP_003380539.1,95.2,84,84,84,3.6e-42,164.9,1,1
DAKCFMEO_01019,WP_005766304.1,81.8,159,159,159,1.2e-70,260.4,1,1
DAKCFMEO_01020,WP_011104413.1,82.9,409,410,402,4.5e-191,661.8,0.997561,1.01741
DAKCFMEO_01021,WP_011104412.1,89.1,257,257,257,4.2e-126,445.3,1,1
DAKCFMEO_01022,WP_011105496.1,31.7,542,656,680,3.7e-62,234.2,0.82622,0.797059
DAKCFMEO_01023,WP_005766298.1,94.0,234,234,234,5.1e-123,434.9,1,1
DAKCFMEO_01024,WP_046463315.1,73.3,434,434,447,4.8e-143,502.3,1,0.970917
DAKCFMEO_01025,WP_005766294.1,81.1,180,181,181,2.7e-79,289.3,0.994475,0.994475
DAKCFMEO_01026,WP_011104410.1,84.7,392,407,414,6.5e-174,604.7,0.963145,0.94686
DAKCFMEO_01028,WP_046463314.1,81.7,378,383,378,3.6e-190,658.7,0.986945,1
DAKCFMEO_01029,WP_024666650.1,70.6,180,200,177,1.1e-68,254.2,0.9,1.01695
DAKCFMEO_01030,WP_003380560.1,97.4,155,155,155,1.7e-82,299.7,1,1
DAKCFMEO_01031,WP_011104408.1,93.3,1160,1160,1160,0.0e+00,2201.4,1,1
DAKCFMEO_01032,WP_046463299.1,69.6,543,634,641,4.9e-120,426.4,0.856467,0.847114
DAKCFMEO_01033,WP_005617775.1,82.4,301,301,301,2.7e-140,492.7,1,1
DAKCFMEO_01034,WP_011104111.1,84.2,400,400,400,4.5e-196,678.3,1,1
DAKCFMEO_01035,WP_005762784.1,87.5,144,182,177,1.3e-62,233.8,0.791209,0.813559
DAKCFMEO_01036,WP_005762782.1,89.7,146,146,146,1.1e-67,250.4,1,1
DAKCFMEO_01037,WP_044391024.1,35.5,592,861,730,5.3e-101,363.6,0.687573,0.810959
DAKCFMEO_01038,WP_011104112.1,93.1,787,787,787,0.0e+00,1528.5,1,1
DAKCFMEO_01039,WP_011105579.1,68.4,316,326,320,1.6e-106,380.6,0.969325,0.9875
DAKCFMEO_01040,WP_011104113.1,81.3,278,282,281,9.8e-129,454.1,0.985816,0.989324
DAKCFMEO_01041,WP_005762776.1,80.7,280,280,280,7.5e-137,481.1,1,1
DAKCFMEO_01042,WP_011104114.1,88.9,279,279,279,8.7e-154,537.3,1,1
DAKCFMEO_01044,WP_011104120.1,90.8,249,249,249,2.1e-127,449.5,1,1
DAKCFMEO_01045,WP_003376994.1,93.1,289,289,289,9.7e-132,464.2,1,1
DAKCFMEO_01046,WP_011104121.1,90.9,298,298,298,3.2e-154,538.9,1,1
DAKCFMEO_01048,WP_007245976.1,93.8,368,368,382,1.3e-210,726.5,1,0.963351
DAKCFMEO_01049,WP_002554489.1,36.9,203,239,237,1.4e-30,127.9,0.849372,0.85654
DAKCFMEO_01050,WP_011104122.1,84.5,290,290,290,7.2e-151,527.7,1,1
DAKCFMEO_01051,WP_007245978.1,92.0,337,337,337,8.6e-180,624.0,1,1
DAKCFMEO_01052,WP_011104123.1,93.1,507,507,507,2.4e-271,928.7,1,1
DAKCFMEO_01053,WP_003377005.1,96.0,321,321,321,8.5e-169,587.4,1,1
DAKCFMEO_01054,WP_011104099.1,33.0,454,515,528,1.8e-67,251.5,0.881553,0.859848
DAKCFMEO_01060,WP_046463494.1,74.4,273,286,283,7.4e-116,411.4,0.954545,0.964664
DAKCFMEO_01065,WP_005770888.1,73.5,283,290,291,6.2e-118,418.3,0.975862,0.972509
DAKCFMEO_01066,WP_005770885.1,91.5,141,141,141,4.1e-75,275.0,1,1
DAKCFMEO_01072,WP_007244820.1,38.2,701,714,695,4.0e-110,393.7,0.981793,1.00863
DAKCFMEO_01079,WP_005763897.1,33.3,240,259,268,9.0e-28,118.6,0.926641,0.895522
DAKCFMEO_01082,WP_005763862.1,47.4,430,442,449,4.4e-99,356.3,0.972851,0.957684
DAKCFMEO_01085,WP_003375709.1,43.1,216,218,217,1.5e-44,174.1,0.990826,0.995392
DAKCFMEO_01090,WP_005768808.1,51.0,467,548,502,7.2e-136,478.8,0.85219,0.930279
DAKCFMEO_01091,WP_005762712.1,88.7,222,226,225,4.8e-110,391.7,0.982301,0.986667
DAKCFMEO_01092,WP_005762709.1,88.4,327,327,327,8.6e-169,587.4,1,1
DAKCFMEO_01093,WP_007245994.1,86.3,738,738,738,0.0e+00,1307.0,1,1
DAKCFMEO_01094,WP_007245995.1,86.6,322,322,322,5.7e-157,548.1,1,1
DAKCFMEO_01095,WP_005762703.1,64.7,207,207,207,2.2e-77,283.1,1,1
DAKCFMEO_01096,WP_005762701.1,85.3,191,194,194,1.7e-100,359.8,0.984536,0.984536
DAKCFMEO_01098,WP_005762699.1,83.6,463,463,463,1.3e-226,780.0,1,1
DAKCFMEO_01099,WP_005762697.1,91.9,283,292,292,1.6e-150,526.6,0.969178,0.969178
DAKCFMEO_01100,WP_011104133.1,92.0,363,363,364,1.3e-202,699.9,1,0.997253
DAKCFMEO_01101,WP_007246000.1,90.8,294,305,301,1.0e-155,543.9,0.963934,0.976744
DAKCFMEO_01102,WP_005762690.1,91.4,384,384,384,4.7e-198,684.9,1,1
DAKCFMEO_01103,WP_011104134.1,95.2,271,271,271,3.0e-135,475.7,1,1
DAKCFMEO_01104,WP_010219162.1,97.5,284,284,312,4.1e-143,501.9,1,0.910256
DAKCFMEO_01105,WP_005762684.1,90.3,341,341,341,1.3e-180,626.7,1,1
DAKCFMEO_01106,WP_011104135.1,93.0,369,369,369,2.5e-201,695.7,1,1
DAKCFMEO_01107,WP_005762682.1,90.4,94,96,96,2.7e-46,178.7,0.979167,0.979167
DAKCFMEO_01108,WP_005762801.1,75.6,131,131,167,5.7e-55,208.0,1,0.784431
DAKCFMEO_01109,WP_005762680.1,92.5,187,187,187,5.9e-106,377.9,1,1
DAKCFMEO_01110,WP_011104136.1,95.2,250,250,250,5.1e-129,454.9,1,1
DAKCFMEO_01111,WP_003382778.1,91.9,161,161,161,5.5e-84,304.7,1,1
DAKCFMEO_01112,WP_011104137.1,97.0,493,493,493,1.3e-274,939.5,1,1
DAKCFMEO_01113,WP_007246008.1,88.7,282,277,282,1.2e-139,490.3,1.01805,1
DAKCFMEO_01114,WP_005762667.1,96.4,196,196,196,7.9e-109,387.5,1,1
DAKCFMEO_01115,WP_011104138.1,92.8,377,379,379,6.0e-214,737.6,0.994723,0.994723
DAKCFMEO_01116,WP_007246009.1,85.2,284,288,286,1.5e-140,493.4,0.986111,0.993007
DAKCFMEO_01118,WP_011104140.1,94.1,476,476,476,4.5e-259,887.9,1,1
DAKCFMEO_01119,WP_007246012.1,94.9,311,311,311,2.7e-164,572.4,1,1
DAKCFMEO_01120,WP_007246013.1,85.9,185,186,186,6.8e-86,311.2,0.994624,0.994624
DAKCFMEO_01121,WP_005737770.1,73.3,60,60,60,1.6e-20,92.4,1,1
DAKCFMEO_01123,WP_005765662.1,30.2,262,270,284,6.7e-18,85.9,0.97037,0.922535
DAKCFMEO_01124,WP_005762646.1,84.5,206,222,221,6.2e-94,338.2,0.927928,0.932127
DAKCFMEO_01125,WP_005762644.1,94.7,169,169,169,2.5e-87,315.8,1,1
DAKCFMEO_01126,WP_011104143.1,89.1,384,383,384,3.1e-178,619.0,1.00261,1
DAKCFMEO_01127,WP_011104144.1,89.3,299,300,300,1.3e-155,543.5,0.996667,0.996667
DAKCFMEO_01128,WP_011104145.1,63.8,80,80,80,1.8e-19,89.4,1,1
DAKCFMEO_01129,WP_011104146.1,95.1,246,252,253,6.1e-122,431.4,0.97619,0.972332
DAKCFMEO_01130,WP_011104147.1,70.2,57,59,59,7.6e-15,73.6,0.966102,0.966102
DAKCFMEO_01131,WP_011104148.1,83.5,200,200,231,1.8e-92,333.2,1,0.865801
DAKCFMEO_01132,WP_007246020.1,96.0,427,427,427,5.1e-246,844.3,1,1
DAKCFMEO_01134,WP_011105493.1,37.2,156,167,168,1.9e-23,103.6,0.934132,0.928571
DAKCFMEO_01135,WP_011105492.1,44.9,450,512,492,4.4e-119,422.9,0.878906,0.914634
DAKCFMEO_01139,WP_011105495.1,38.5,143,163,172,5.3e-26,112.1,0.877301,0.831395
DAKCFMEO_01140,WP_011105486.1,45.9,875,882,882,4.4e-191,662.9,0.992063,0.992063
DAKCFMEO_01154,WP_046464013.1,32.4,598,589,595,5.7e-78,286.6,1.01528,1.00504
DAKCFMEO_01159,WP_005762628.1,78.2,119,120,128,1.9e-49,189.5,0.991667,0.929688
DAKCFMEO_01161,WP_005762626.1,87.8,353,354,358,1.9e-182,632.9,0.997175,0.986034
DAKCFMEO_01162,WP_046463498.1,80.3,856,961,860,0.0e+00,1344.3,0.890739,0.995349
DAKCFMEO_01163,WP_005762621.1,71.5,186,184,184,1.6e-63,236.9,1.01087,1.01087
DAKCFMEO_01164,WP_005762619.1,85.5,311,312,312,3.2e-157,548.9,0.996795,0.996795
DAKCFMEO_01165,WP_005762617.1,83.2,493,493,493,1.8e-242,832.8,1,1
DAKCFMEO_01166,WP_005762615.1,91.9,493,493,493,2.2e-272,932.2,1,1
DAKCFMEO_01167,WP_011103331.1,52.1,361,368,381,2.1e-102,367.1,0.980978,0.947507
DAKCFMEO_01168,WP_003382858.1,97.1,277,277,277,3.2e-148,518.8,1,1
DAKCFMEO_01169,WP_011104151.1,95.8,310,310,310,5.1e-163,568.2,1,1
DAKCFMEO_01170,WP_003382856.1,93.0,440,440,440,1.1e-240,826.6,1,1
DAKCFMEO_01171,WP_005762608.1,94.7,301,316,301,4.9e-169,588.2,0.952532,1
DAKCFMEO_01172,WP_005762606.1,70.7,256,259,261,6.1e-109,388.3,0.988417,0.980843
DAKCFMEO_01173,WP_024668283.1,53.0,166,183,181,1.6e-47,183.7,0.907104,0.917127
DAKCFMEO_01176,WP_005762604.1,76.0,437,443,440,2.8e-194,672.5,0.986456,0.993182
DAKCFMEO_01177,WP_005762602.1,79.7,118,121,119,9.0e-47,180.6,0.975207,0.991597
DAKCFMEO_01178,WP_011104152.1,89.9,1173,1168,1170,0.0e+00,1828.9,1.00428,1.00256
DAKCFMEO_01179,WP_046463499.1,91.9,272,273,273,3.6e-144,505.4,0.996337,0.996337
DAKCFMEO_01180,WP_011104154.1,79.9,204,204,204,1.6e-88,320.1,1,1
DAKCFMEO_01181,WP_011104155.1,90.3,392,393,393,2.6e-196,679.1,0.997455,0.997455
DAKCFMEO_01182,WP_003382842.1,96.0,125,125,125,2.7e-62,232.3,1,1
DAKCFMEO_01183,WP_011104156.1,84.6,676,676,676,0.0e+00,1122.5,1,1
DAKCFMEO_01184,WP_007244012.1,90.7,493,494,494,1.1e-255,876.7,0.997976,0.997976
DAKCFMEO_01185,WP_011104157.1,82.6,270,270,270,7.5e-126,444.5,1,1
DAKCFMEO_01186,WP_005762586.1,87.4,278,278,278,3.7e-152,531.9,1,1
DAKCFMEO_01187,WP_005737718.1,93.4,259,259,259,5.6e-139,488.0,1,1
DAKCFMEO_01188,WP_011104158.1,87.4,382,382,382,2.5e-199,689.1,1,1
DAKCFMEO_01189,WP_005762581.1,93.7,255,255,255,1.9e-131,463.0,1,1
DAKCFMEO_01190,WP_005762579.1,87.0,355,355,355,3.7e-189,655.2,1,1
DAKCFMEO_01191,WP_003382829.1,89.5,105,105,105,7.6e-50,190.7,1,1
DAKCFMEO_01192,WP_005762577.1,74.6,236,236,236,3.9e-102,365.5,1,1
DAKCFMEO_01193,WP_005762574.1,89.7,341,341,340,9.3e-158,550.8,1,1.00294
DAKCFMEO_01194,WP_011105543.1,79.8,322,326,323,1.2e-151,530.4,0.98773,0.996904
DAKCFMEO_01195,WP_007244983.1,86.1,122,132,123,1.2e-60,226.9,0.924242,0.99187
DAKCFMEO_01196,WP_005768309.1,81.0,216,216,216,2.1e-102,366.3,1,1
DAKCFMEO_01197,WP_011105544.1,91.1,403,402,403,1.2e-215,743.4,1.00249,1
DAKCFMEO_01198,WP_005768307.1,78.8,132,129,132,1.2e-52,200.3,1.02326,1
DAKCFMEO_01199,WP_007244980.1,90.4,408,408,407,1.5e-199,689.9,1,1.00246
DAKCFMEO_01200,WP_003378325.1,91.9,173,173,173,6.5e-91,327.8,1,1
DAKCFMEO_01201,WP_005768306.1,93.1,479,479,479,3.0e-263,901.7,1,1
DAKCFMEO_01202,WP_011103434.1,35.6,334,395,422,2.5e-53,204.1,0.84557,0.791469
DAKCFMEO_01203,WP_005768304.1,91.4,641,641,641,1.2e-291,996.5,1,1
DAKCFMEO_01204,WP_011105547.1,85.4,356,356,356,3.0e-130,459.5,1,1
DAKCFMEO_01205,WP_005768300.1,96.5,311,342,345,8.0e-133,468.0,0.909357,0.901449
DAKCFMEO_01206,WP_011105548.1,80.9,653,658,648,2.0e-289,989.2,0.992401,1.00772
DAKCFMEO_01207,WP_011105549.1,84.9,205,205,205,7.5e-94,337.8,1,1
DAKCFMEO_01208,WP_011105550.1,91.6,585,585,585,2.8e-311,1061.6,1,1
DAKCFMEO_01209,WP_011105551.1,80.7,431,452,451,4.0e-217,748.4,0.95354,0.955654
DAKCFMEO_01210,WP_011105552.1,72.0,150,151,151,2.2e-50,193.0,0.993377,0.993377
DAKCFMEO_01211,WP_011105553.1,95.1,206,206,206,7.7e-115,407.5,1,1
DAKCFMEO_01212,WP_011105554.1,97.1,309,309,309,2.3e-171,595.9,1,1
DAKCFMEO_01213,WP_005768286.1,96.3,539,539,539,0.0e+00,1092.8,1,1
DAKCFMEO_01215,WP_011105555.1,77.1,420,433,433,5.1e-177,615.1,0.969977,0.969977
DAKCFMEO_01216,WP_011105556.1,75.8,425,442,448,1.2e-197,683.7,0.961538,0.948661
DAKCFMEO_01217,WP_011105557.1,79.4,627,627,628,1.4e-300,1026.2,1,0.998408
DAKCFMEO_01218,WP_011105558.1,86.6,209,212,212,1.5e-97,350.1,0.985849,0.985849
DAKCFMEO_01219,WP_011105559.1,78.9,355,354,355,4.5e-147,515.4,1.00282,1
DAKCFMEO_01220,WP_005739694.1,94.2,433,433,434,8.6e-233,800.4,1,0.997696
DAKCFMEO_01221,WP_011105560.1,86.5,584,584,584,3.0e-289,988.4,1,1
DAKCFMEO_01223,WP_007244964.1,78.6,640,637,640,4.2e-196,679.1,1.00471,1
DAKCFMEO_01224,WP_011105562.1,81.5,676,676,676,2.6e-292,998.8,1,1
DAKCFMEO_01226,WP_003378280.1,89.2,74,74,74,2.6e-36,145.2,1,1
DAKCFMEO_01230,WP_005766018.1,41.9,136,161,166,2.4e-18,86.7,0.84472,0.819277
DAKCFMEO_01231,WP_011105565.1,82.4,483,483,483,7.3e-241,827.4,1,1
DAKCFMEO_01232,WP_011105566.1,80.4,311,314,324,4.7e-148,518.5,0.990446,0.959877
DAKCFMEO_01233,WP_161797798.1,85.9,653,715,653,0.0e+00,1141.7,0.913287,1
DAKCFMEO_01234,WP_011105568.1,90.0,259,277,259,5.5e-140,491.5,0.935018,1
DAKCFMEO_01235,WP_011105569.1,82.6,317,319,316,3.7e-148,518.8,0.99373,1.00316
DAKCFMEO_01236,WP_011105570.1,86.7,346,346,346,3.1e-161,562.4,1,1
DAKCFMEO_01238,WP_005762543.1,30.0,297,307,309,1.6e-39,157.9,0.967427,0.961165
DAKCFMEO_01243,WP_011105589.1,96.7,611,611,611,0.0e+00,1154.8,1,1
DAKCFMEO_01244,WP_007244951.1,93.7,255,255,255,7.0e-134,471.1,1,1
DAKCFMEO_01245,WP_011105590.1,87.5,440,440,455,9.8e-192,664.1,1,0.967033
DAKCFMEO_01246,WP_004882435.1,99.3,141,141,141,4.5e-74,271.6,1,1
DAKCFMEO_01247,WP_003377898.1,98.7,459,459,459,2.3e-260,892.1,1,1
DAKCFMEO_01248,WP_011105591.1,97.9,286,286,286,9.9e-153,533.9,1,1
DAKCFMEO_01249,WP_003377895.1,99.2,514,514,514,1.1e-287,983.0,1,1
DAKCFMEO_01250,WP_011105592.1,97.8,178,178,178,3.0e-91,328.9,1,1
DAKCFMEO_01251,WP_005613564.1,99.4,156,156,156,2.9e-45,176.0,1,1
DAKCFMEO_01252,WP_002555987.1,100.0,85,85,85,4.9e-39,154.5,1,1
DAKCFMEO_01253,WP_003377888.1,99.0,289,289,289,2.6e-161,562.4,1,1
DAKCFMEO_01254,WP_011105593.1,95.6,135,135,135,3.0e-67,248.8,1,1
DAKCFMEO_01255,WP_003377885.1,96.2,290,290,290,1.9e-151,529.6,1,1
DAKCFMEO_01256,WP_003377884.1,97.7,263,263,263,1.2e-144,506.9,1,1
DAKCFMEO_01257,WP_003377883.1,89.0,218,218,214,7.2e-111,394.4,1,1.01869
DAKCFMEO_01258,WP_011105594.1,97.0,630,630,630,0.0e+00,1231.9,1,1
DAKCFMEO_01259,WP_007244945.1,94.3,456,456,456,1.1e-241,830.1,1,1
DAKCFMEO_01260,WP_011105595.1,92.0,562,561,562,5.6e-301,1027.3,1.00178,1
DAKCFMEO_01261,WP_003377879.1,96.3,81,81,81,4.3e-45,174.5,1,1
DAKCFMEO_01262,WP_005768230.1,94.0,133,156,133,9.8e-70,257.3,0.852564,1
DAKCFMEO_01263,WP_002551315.1,100.0,44,44,44,1.6e-17,82.0,1,1
DAKCFMEO_01264,WP_011102932.1,97.5,511,510,511,2.6e-260,892.1,1.00196,1
DAKCFMEO_01265,WP_005768226.1,96.2,367,367,367,2.2e-197,682.6,1,1
DAKCFMEO_01266,WP_003377871.1,97.8,367,367,367,6.6e-210,724.2,1,1
DAKCFMEO_01267,WP_005768224.1,97.3,805,805,805,0.0e+00,1566.6,1,1
DAKCFMEO_01276,WP_011102950.1,92.3,209,209,209,1.9e-113,402.9,1,1
DAKCFMEO_01277,WP_011102951.1,96.3,348,348,348,2.5e-198,685.6,1,1
DAKCFMEO_01278,WP_011102952.1,99.6,240,240,240,1.6e-135,476.5,1,1
DAKCFMEO_01279,WP_011102953.1,98.3,651,651,651,0.0e+00,1277.3,1,1
DAKCFMEO_01280,WP_011102954.1,100.0,311,312,311,2.0e-175,609.4,0.996795,1
DAKCFMEO_01281,WP_011102955.1,99.2,628,628,628,0.0e+00,1241.5,1,1
DAKCFMEO_01283,WP_011102956.1,95.5,245,253,245,2.6e-141,495.7,0.968379,1
DAKCFMEO_01285,WP_011102957.1,97.5,322,322,322,3.2e-176,612.1,1,1
DAKCFMEO_01286,WP_011102958.1,97.0,301,301,301,8.8e-160,557.4,1,1
DAKCFMEO_01287,WP_011102959.1,99.0,518,523,518,3.5e-305,1041.2,0.99044,1
DAKCFMEO_01291,WP_011103527.1,77.4,124,177,131,2.0e-55,209.9,0.700565,0.946565
DAKCFMEO_01293,WP_005768204.1,94.9,256,256,256,8.9e-145,507.3,1,1
DAKCFMEO_01294,WP_011103029.1,90.2,183,184,183,4.6e-95,341.7,0.994565,1
DAKCFMEO_01295,WP_011103028.1,96.2,684,684,684,0.0e+00,1278.1,1,1
DAKCFMEO_01296,WP_003379468.1,99.0,315,337,315,7.2e-187,647.5,0.934718,1
DAKCFMEO_01297,WP_011103027.1,94.0,183,183,183,2.5e-101,362.5,1,1
DAKCFMEO_01298,WP_005768197.1,97.6,295,295,295,6.6e-168,584.3,1,1
DAKCFMEO_01299,WP_057443166.1,86.7,783,791,784,0.0e+00,1424.1,0.989886,0.998724
DAKCFMEO_01300,WP_005768190.1,93.0,457,457,457,6.5e-239,820.8,1,1
DAKCFMEO_01301,WP_011103025.1,95.2,438,436,448,3.5e-242,831.6,1.00459,0.977679
DAKCFMEO_01302,WP_005768186.1,95.5,314,314,314,6.6e-174,604.4,1,1
DAKCFMEO_01303,WP_005768180.1,95.8,168,168,168,3.1e-90,325.5,1,1
DAKCFMEO_01304,WP_011103024.1,89.4,341,341,341,5.3e-177,614.8,1,1
DAKCFMEO_01305,WP_046463633.1,88.1,371,370,371,8.2e-184,637.5,1.0027,1
DAKCFMEO_01306,WP_011103022.1,81.1,185,185,185,5.7e-85,308.1,1,1
DAKCFMEO_01307,WP_011103021.1,89.8,325,325,325,5.6e-168,584.7,1,1
DAKCFMEO_01308,WP_005768167.1,97.7,303,304,304,3.0e-184,638.6,0.996711,0.996711
DAKCFMEO_01309,WP_011103018.1,90.1,272,273,274,1.2e-139,490.3,0.996337,0.992701
DAKCFMEO_01310,WP_011103017.1,90.0,522,522,522,9.9e-260,890.2,1,1
DAKCFMEO_01313,WP_011104070.1,75.6,442,494,680,2.5e-151,530.0,0.894737,0.65
DAKCFMEO_01316,WP_011104065.1,86.9,191,191,191,1.7e-95,343.2,1,1
DAKCFMEO_01318,WP_011104064.1,94.1,522,522,522,1.2e-276,946.4,1,1
DAKCFMEO_01319,WP_011104063.1,81.9,94,92,94,6.9e-39,154.1,1.02174,1
DAKCFMEO_01320,WP_007246648.1,85.8,113,113,113,1.1e-54,206.8,1,1
DAKCFMEO_01321,WP_003383427.1,94.5,73,75,75,5.1e-32,131.0,0.973333,0.973333
DAKCFMEO_01322,WP_044393213.1,80.9,209,209,234,2.3e-90,326.2,1,0.893162
DAKCFMEO_01323,WP_011104060.1,92.8,320,320,320,6.9e-179,620.9,1,1
DAKCFMEO_01324,WP_046463594.1,85.9,539,539,539,1.2e-223,770.4,1,1
DAKCFMEO_01325,WP_011104058.1,92.8,278,284,279,4.1e-143,501.9,0.978873,0.996416
DAKCFMEO_01326,WP_011104057.1,93.3,342,368,342,1.5e-182,633.3,0.929348,1
DAKCFMEO_01327,WP_007246654.1,95.9,290,290,290,9.4e-151,527.3,1,1
DAKCFMEO_01328,WP_003383453.1,98.1,264,264,264,6.4e-138,484.6,1,1
DAKCFMEO_01329,WP_007246655.1,92.6,95,102,96,9.0e-48,183.7,0.931373,0.989583
DAKCFMEO_01330,WP_011104056.1,80.4,453,453,463,4.3e-219,755.0,1,0.978402
DAKCFMEO_01331,WP_011104055.1,86.2,405,405,394,2.8e-201,695.7,1,1.02792
DAKCFMEO_01332,WP_011104054.1,94.0,350,350,350,8.9e-188,650.6,1,1
DAKCFMEO_01333,WP_011104053.1,84.8,446,450,449,4.0e-217,748.4,0.991111,0.993318
DAKCFMEO_01334,WP_011104052.1,95.2,332,332,332,6.0e-186,644.4,1,1
DAKCFMEO_01335,WP_011104051.1,86.2,174,179,177,1.2e-90,327.0,0.972067,0.983051
DAKCFMEO_01336,WP_011104050.1,80.3,173,173,172,8.3e-78,284.3,1,1.00581
DAKCFMEO_01337,WP_005617613.1,76.5,102,105,106,4.9e-41,161.4,0.971429,0.962264
DAKCFMEO_01338,WP_005771485.1,86.5,207,209,208,2.4e-103,369.4,0.990431,0.995192
DAKCFMEO_01341,WP_005764458.1,64.8,301,308,304,3.6e-108,386.0,0.977273,0.990132
DAKCFMEO_01343,WP_011104047.1,93.4,572,572,572,0.0e+00,1084.7,1,1
DAKCFMEO_01344,WP_007246667.1,95.7,629,629,629,0.0e+00,1231.5,1,1
DAKCFMEO_01345,WP_011104046.1,82.5,126,146,142,3.0e-57,215.7,0.863014,0.887324
DAKCFMEO_01346,WP_011104045.1,78.5,284,285,285,2.4e-122,433.0,0.996491,0.996491
DAKCFMEO_01347,WP_011104044.1,85.3,102,102,102,2.9e-46,178.7,1,1
DAKCFMEO_01348,WP_011104043.1,72.9,273,273,277,1.1e-116,414.1,1,0.98556
DAKCFMEO_01349,WP_010205556.1,85.6,194,194,194,1.4e-89,323.6,1,1
DAKCFMEO_01350,WP_010205558.1,76.8,164,164,162,9.0e-74,270.8,1,1.01235
DAKCFMEO_01351,WP_005617589.1,86.6,67,67,67,2.7e-24,105.1,1,1
DAKCFMEO_01352,WP_010205561.1,70.3,64,65,66,3.3e-19,88.2,0.984615,0.969697
DAKCFMEO_01353,WP_011104041.1,91.4,479,485,483,4.4e-246,844.7,0.987629,0.991718
DAKCFMEO_01354,WP_161797789.1,94.3,435,439,435,6.7e-225,774.2,0.990888,1
DAKCFMEO_01355,WP_007246679.1,86.2,472,472,472,1.9e-238,819.3,1,1
DAKCFMEO_01356,WP_003381855.1,94.6,74,74,74,1.2e-38,152.9,1,1
DAKCFMEO_01357,WP_011103371.1,42.7,356,516,478,3.9e-67,250.4,0.689922,0.74477
DAKCFMEO_01363,WP_011104036.1,91.0,608,608,608,0.0e+00,1175.2,1,1
DAKCFMEO_01364,WP_011104035.1,90.6,266,266,266,1.0e-135,477.2,1,1
DAKCFMEO_01365,WP_011104034.1,93.3,345,345,345,3.0e-188,652.1,1,1
DAKCFMEO_01366,WP_007246686.1,93.0,603,603,603,0.0e+00,1088.6,1,1
DAKCFMEO_01368,WP_011104033.1,88.9,351,352,358,2.5e-182,632.5,0.997159,0.980447
DAKCFMEO_01369,WP_003381839.1,94.7,302,302,302,4.4e-167,581.6,1,1
DAKCFMEO_01370,WP_011103705.1,33.9,304,335,329,2.1e-45,177.6,0.907463,0.924012
DAKCFMEO_01371,WP_007246688.1,91.9,270,271,271,1.8e-143,503.1,0.99631,0.99631
DAKCFMEO_01372,WP_011103705.1,31.7,262,325,329,1.4e-38,154.8,0.806154,0.796353
DAKCFMEO_01373,WP_011104032.1,92.3,336,342,345,1.3e-180,626.7,0.982456,0.973913
DAKCFMEO_01375,WP_005771258.1,92.2,706,706,703,0.0e+00,1319.7,1,1.00427
DAKCFMEO_01377,WP_011104094.1,91.8,388,388,388,5.9e-209,721.1,1,1
DAKCFMEO_01378,WP_005617714.1,98.4,186,186,186,7.2e-104,370.9,1,1
DAKCFMEO_01379,WP_011104093.1,79.4,301,301,301,1.4e-133,470.3,1,1
DAKCFMEO_01380,WP_005762877.1,95.0,302,302,302,2.0e-159,556.2,1,1
DAKCFMEO_01381,WP_005738493.1,98.4,506,506,506,1.1e-300,1026.2,1,1
DAKCFMEO_01382,WP_005617711.1,97.7,305,305,305,9.9e-159,553.9,1,1
DAKCFMEO_01383,WP_005762883.1,94.7,302,302,302,1.3e-155,543.5,1,1
DAKCFMEO_01384,WP_005762885.1,93.7,333,333,333,6.7e-177,614.4,1,1
DAKCFMEO_01385,WP_005762887.1,91.6,335,336,337,1.9e-179,622.9,0.997024,0.994065
DAKCFMEO_01386,WP_005762889.1,90.0,472,475,475,8.2e-261,893.6,0.993684,0.993684
DAKCFMEO_01387,WP_011104091.1,88.5,382,382,383,4.4e-172,598.6,1,0.997389
DAKCFMEO_01388,WP_005762891.1,88.3,503,507,507,1.0e-264,906.7,0.99211,0.99211
DAKCFMEO_01390,WP_011104090.1,93.9,788,786,788,0.0e+00,1521.1,1.00254,1
DAKCFMEO_01391,WP_011104089.1,83.1,249,249,249,9.0e-126,444.1,1,1
DAKCFMEO_01392,WP_011104088.1,78.7,188,188,188,1.0e-81,297.4,1,1
DAKCFMEO_01393,WP_011104087.1,89.5,381,381,381,2.5e-196,679.1,1,1
DAKCFMEO_01394,WP_011104086.1,91.2,238,238,238,2.0e-122,433.0,1,1
DAKCFMEO_01395,WP_011104085.1,88.6,273,273,273,8.9e-135,474.2,1,1
DAKCFMEO_01396,WP_011104084.1,96.1,281,290,295,8.5e-160,557.4,0.968966,0.952542
DAKCFMEO_01397,WP_011104083.1,89.1,359,359,359,3.2e-185,642.1,1,1
DAKCFMEO_01398,WP_011104082.1,79.3,198,198,198,2.8e-90,325.9,1,1
DAKCFMEO_01399,WP_007246944.1,88.2,152,161,154,2.8e-72,265.8,0.944099,0.987013
DAKCFMEO_01400,WP_011104081.1,83.8,234,234,239,3.3e-106,379.0,1,0.979079
DAKCFMEO_01401,WP_007246946.1,92.7,262,262,262,5.3e-137,481.5,1,1
DAKCFMEO_01402,WP_007246947.1,92.9,336,335,336,3.7e-175,608.6,1.00299,1
DAKCFMEO_01403,WP_011104080.1,83.4,277,277,277,1.3e-125,443.7,1,1
DAKCFMEO_01404,WP_011104030.1,92.1,629,630,629,9.5e-257,880.6,0.998413,1
DAKCFMEO_01405,WP_011104029.1,89.1,275,275,275,6.6e-138,484.6,1,1
DAKCFMEO_01406,WP_007245931.1,88.3,332,332,332,7.9e-178,617.5,1,1
DAKCFMEO_01407,WP_005738213.1,97.7,309,309,309,9.6e-170,590.5,1,1
DAKCFMEO_01408,WP_002553918.1,99.6,259,259,259,1.9e-147,516.2,1,1
DAKCFMEO_01409,WP_005618859.1,97.6,294,294,294,2.2e-155,542.7,1,1
DAKCFMEO_01410,WP_005770815.1,97.0,331,331,331,6.7e-177,614.4,1,1
DAKCFMEO_01411,WP_005770813.1,90.9,341,339,341,2.2e-175,609.4,1.0059,1
DAKCFMEO_01412,WP_005770811.1,51.5,97,98,94,4.5e-12,65.1,0.989796,1.03191
DAKCFMEO_01414,WP_011104467.1,78.7,559,566,576,1.5e-261,896.3,0.987633,0.970486
DAKCFMEO_01415,WP_011104468.1,84.8,165,165,166,1.3e-80,293.5,1,0.993976
DAKCFMEO_01417,WP_005767282.1,95.0,300,301,300,7.5e-159,554.3,0.996678,1
DAKCFMEO_01418,WP_046463326.1,84.0,357,362,361,4.9e-157,548.5,0.986188,0.98892
DAKCFMEO_01419,WP_011104472.1,90.6,414,414,414,9.4e-229,786.9,1,1
DAKCFMEO_01420,WP_005767285.1,84.3,541,541,541,6.1e-220,758.1,1,1
DAKCFMEO_01423,WP_011104473.1,86.7,377,379,379,3.5e-182,632.1,0.994723,0.994723
DAKCFMEO_01424,WP_011104474.1,84.2,361,363,363,1.6e-176,613.2,0.99449,0.99449
DAKCFMEO_01425,WP_046463327.1,77.1,363,386,363,9.5e-175,607.4,0.940415,1
DAKCFMEO_01426,WP_005767289.1,97.9,235,237,237,2.5e-125,442.6,0.991561,0.991561
DAKCFMEO_01427,WP_007246084.1,96.8,441,448,441,3.3e-243,835.1,0.984375,1
DAKCFMEO_01428,WP_005767295.1,94.4,450,450,450,8.9e-257,880.2,1,1
DAKCFMEO_01429,WP_007246082.1,80.2,217,217,217,9.6e-100,357.5,1,1
DAKCFMEO_01430,WP_011104476.1,84.5,317,318,318,1.5e-157,550.1,0.996855,0.996855
DAKCFMEO_01431,WP_011104482.1,89.7,711,707,711,0.0e+00,1289.6,1.00566,1
DAKCFMEO_01432,WP_005767320.1,89.4,311,311,311,2.0e-143,503.1,1,1
DAKCFMEO_01433,WP_003381155.1,96.0,227,227,227,8.5e-123,434.1,1,1
DAKCFMEO_01434,WP_007246072.1,84.7,464,465,465,1.6e-224,773.1,0.997849,0.997849
DAKCFMEO_01435,WP_011104920.1,46.9,273,287,294,3.9e-72,266.2,0.95122,0.928571
DAKCFMEO_01436,WP_011104485.1,69.3,368,402,395,7.2e-133,468.4,0.915423,0.931646
DAKCFMEO_01437,WP_011104486.1,71.0,366,366,366,5.3e-143,501.9,1,1
DAKCFMEO_01438,WP_011104487.1,92.5,1008,1015,1011,0.0e+00,1772.3,0.993103,0.997033
DAKCFMEO_01439,WP_011104489.1,90.7,398,404,398,7.6e-191,661.0,0.985149,1
DAKCFMEO_01440,WP_024666348.1,75.1,225,225,248,2.1e-97,349.7,1,0.907258
DAKCFMEO_01441,WP_011104490.1,75.0,240,239,240,8.7e-102,364.4,1.00418,1
DAKCFMEO_01442,WP_046463321.1,86.3,782,779,779,0.0e+00,1110.5,1.00385,1.00385
DAKCFMEO_01443,WP_007246060.1,68.8,176,176,175,6.5e-62,231.5,1,1.00571
DAKCFMEO_01444,WP_003381177.1,91.1,203,203,203,1.6e-101,363.2,1,1
DAKCFMEO_01445,WP_011104492.1,76.5,362,363,354,1.1e-153,537.3,0.997245,1.0226
DAKCFMEO_01446,WP_007246058.1,86.7,240,244,244,4.1e-115,408.7,0.983607,0.983607
DAKCFMEO_01447,WP_011104493.1,80.0,210,210,210,2.6e-94,339.3,1,1
DAKCFMEO_01448,WP_011104494.1,81.0,121,123,127,1.2e-49,190.3,0.98374,0.952756
DAKCFMEO_01449,WP_007246056.1,88.9,144,144,144,5.8e-69,254.6,1,1
DAKCFMEO_01450,WP_005618920.1,94.4,143,143,143,1.1e-75,276.9,1,1
DAKCFMEO_01451,WP_005767347.1,95.5,400,400,400,1.2e-199,690.3,1,1
DAKCFMEO_01452,WP_010211386.1,93.6,574,578,578,9.2e-307,1046.6,0.99308,0.99308
DAKCFMEO_01453,WP_005767349.1,52.0,75,75,75,2.2e-11,62.4,1,1
DAKCFMEO_01454,WP_005767351.1,91.1,913,913,913,0.0e+00,1673.7,1,1
DAKCFMEO_01455,WP_005767352.1,86.0,214,214,214,1.5e-100,360.1,1,1
DAKCFMEO_01457,WP_011104495.1,70.1,177,180,179,1.3e-70,260.4,0.983333,0.988827
DAKCFMEO_01458,WP_011104496.1,84.8,296,325,296,3.2e-139,489.2,0.910769,1
DAKCFMEO_01459,WP_005767359.1,95.6,527,527,527,2.0e-292,998.8,1,1
DAKCFMEO_01461,WP_011103538.1,45.3,148,235,184,1.9e-29,124.0,0.629787,0.804348
DAKCFMEO_01462,WP_005615731.1,32.3,359,369,368,1.6e-38,154.8,0.9729,0.975543
DAKCFMEO_01463,WP_007244820.1,66.3,698,696,695,1.7e-246,846.7,1.00287,1.00432
DAKCFMEO_01464,WP_005763855.1,36.3,333,309,330,4.2e-48,186.4,1.07767,1.00909
DAKCFMEO_01465,WP_005763862.1,65.5,446,451,449,1.0e-164,574.3,0.988914,0.993318
DAKCFMEO_01469,WP_003375709.1,73.7,217,217,217,1.5e-84,307.0,1,1
DAKCFMEO_01470,WP_003375712.1,53.6,84,86,88,9.6e-19,87.0,0.976744,0.954545
DAKCFMEO_01471,WP_005763879.1,49.0,255,265,264,2.0e-67,250.4,0.962264,0.965909
DAKCFMEO_01472,WP_003375716.1,54.7,349,361,359,2.2e-101,363.6,0.966759,0.972145
DAKCFMEO_01473,WP_011103532.1,43.6,1619,1719,1795,0.0e+00,1143.3,0.941827,0.90195
DAKCFMEO_01477,WP_005763915.1,58.9,124,132,129,9.8e-39,154.1,0.939394,0.96124
DAKCFMEO_01478,WP_007244826.1,35.4,113,117,119,1.3e-18,87.0,0.965812,0.94958
DAKCFMEO_01480,WP_007244827.1,45.7,680,671,699,2.8e-158,553.5,1.01341,0.972818
DAKCFMEO_01483,WP_007244829.1,33.9,189,192,193,3.3e-19,89.7,0.984375,0.979275
DAKCFMEO_01485,WP_005763897.1,61.3,248,263,268,4.5e-75,275.8,0.942966,0.925373
DAKCFMEO_01486,WP_005763898.1,33.9,124,119,124,2.1e-11,63.2,1.04202,1
DAKCFMEO_01489,WP_011103533.1,59.3,280,312,314,1.6e-92,334.0,0.897436,0.89172
DAKCFMEO_01490,WP_011104498.1,76.7,387,391,391,5.8e-180,624.8,0.98977,0.98977
DAKCFMEO_01491,WP_005767364.1,88.4,449,449,456,7.8e-221,760.8,1,0.984649
DAKCFMEO_01492,WP_005767365.1,89.4,445,445,445,9.2e-222,763.8,1,1
DAKCFMEO_01493,WP_007246047.1,87.1,599,598,599,5.2e-289,987.6,1.00167,1
DAKCFMEO_01494,WP_005767369.1,60.6,127,144,127,2.3e-41,162.9,0.881944,1
DAKCFMEO_01495,WP_011104500.1,86.4,479,479,475,9.3e-204,704.1,1,1.00842
DAKCFMEO_01496,WP_002553978.1,97.8,223,223,223,3.7e-115,408.7,1,1
DAKCFMEO_01498,WP_011104238.1,56.1,735,812,866,8.3e-221,761.5,0.905172,0.84873
DAKCFMEO_01501,WP_005767378.1,87.7,130,130,130,1.9e-63,236.1,1,1
DAKCFMEO_01502,WP_011104502.1,78.3,120,120,120,5.1e-50,191.4,1,1
DAKCFMEO_01503,WP_011104503.1,69.7,99,98,99,7.6e-36,144.1,1.0102,1
DAKCFMEO_01504,WP_005767383.1,82.9,111,111,111,2.7e-50,192.2,1,1
DAKCFMEO_01505,WP_011104504.1,91.9,333,333,333,1.8e-185,642.9,1,1
DAKCFMEO_01506,WP_005767387.1,89.2,332,332,332,6.9e-182,630.9,1,1
DAKCFMEO_01507,WP_005618952.1,93.8,464,464,464,6.8e-252,864.0,1,1
DAKCFMEO_01508,WP_011104505.1,96.5,426,426,426,3.9e-238,818.1,1,1
DAKCFMEO_01509,WP_011104506.1,94.4,124,124,124,6.6e-61,227.6,1,1
DAKCFMEO_01510,WP_011104507.1,97.0,440,440,440,4.0e-246,844.7,1,1
DAKCFMEO_01511,WP_005767395.1,96.6,207,207,207,8.3e-109,387.5,1,1
DAKCFMEO_01512,WP_010200894.1,96.5,775,774,801,0.0e+00,1446.8,1.00129,0.967541
DAKCFMEO_01513,WP_005767399.1,90.7,205,229,229,1.8e-112,399.8,0.895197,0.895197
DAKCFMEO_01514,WP_005767401.1,95.7,235,235,235,3.8e-134,471.9,1,1
DAKCFMEO_01515,WP_003405083.1,98.6,72,72,72,1.9e-36,145.6,1,1
DAKCFMEO_01516,WP_011104508.1,98.7,757,757,757,0.0e+00,1446.8,1,1
DAKCFMEO_01517,WP_003380148.1,99.2,120,120,120,1.9e-65,242.7,1,1
DAKCFMEO_01518,WP_044392708.1,75.3,81,89,91,4.3e-30,124.8,0.910112,0.89011
DAKCFMEO_01521,WP_011104510.1,95.7,741,741,743,0.0e+00,1395.9,1,0.997308
DAKCFMEO_01522,WP_003380135.1,88.5,148,148,148,3.3e-75,275.4,1,1
DAKCFMEO_01523,WP_011104511.1,96.2,366,366,376,1.8e-215,742.7,1,0.973404
DAKCFMEO_01524,WP_005767416.1,92.7,206,206,206,5.4e-108,384.8,1,1
DAKCFMEO_01525,WP_003380132.1,98.5,456,456,456,2.1e-261,895.6,1,1
DAKCFMEO_01526,WP_007246030.1,95.9,388,388,388,3.5e-225,775.0,1,1
DAKCFMEO_01527,WP_005767420.1,82.0,139,140,143,1.4e-62,233.4,0.992857,0.972028
DAKCFMEO_01528,WP_011104512.1,84.5,239,243,248,1.0e-105,377.5,0.983539,0.96371
DAKCFMEO_01529,WP_011104513.1,97.5,441,441,441,3.7e-255,874.8,1,1
DAKCFMEO_01530,WP_002554011.1,100.0,137,137,137,2.6e-74,272.3,1,1
DAKCFMEO_01531,WP_002554012.1,97.3,224,224,224,1.6e-129,456.4,1,1
DAKCFMEO_01532,WP_005619059.1,95.1,593,593,593,0.0e+00,1186.0,1,1
DAKCFMEO_01533,WP_003380120.1,97.0,165,165,165,3.3e-92,332.0,1,1
DAKCFMEO_01534,WP_011104514.1,96.7,452,452,452,2.5e-267,915.2,1,1
DAKCFMEO_01535,WP_007246028.1,96.7,905,905,905,0.0e+00,1779.6,1,1
DAKCFMEO_01536,WP_003411662.1,99.7,335,335,335,1.8e-190,659.4,1,1
DAKCFMEO_01537,WP_003380115.1,97.8,182,182,182,4.8e-92,331.6,1,1
DAKCFMEO_01538,WP_003380113.1,96.4,169,169,169,1.7e-83,303.1,1,1
DAKCFMEO_01539,WP_003380111.1,99.0,102,102,102,2.8e-49,188.7,1,1
DAKCFMEO_01540,WP_007246027.1,98.2,617,617,617,0.0e+00,1185.2,1,1
DAKCFMEO_01541,WP_005619067.1,96.7,510,510,510,1.8e-274,939.1,1,1
DAKCFMEO_01542,WP_011104515.1,95.9,489,489,489,2.6e-254,872.1,1,1
DAKCFMEO_01543,WP_011104516.1,92.9,354,354,354,7.6e-179,620.9,1,1
DAKCFMEO_01544,WP_011104517.1,88.6,484,559,559,3.3e-184,639.4,0.865832,0.865832
DAKCFMEO_01545,WP_011104518.1,91.6,440,440,439,3.4e-221,761.9,1,1.00228
DAKCFMEO_01546,WP_007246025.1,92.3,222,222,222,5.8e-116,411.4,1,1
DAKCFMEO_01547,WP_005767446.1,84.2,101,101,101,1.7e-43,169.5,1,1
DAKCFMEO_01548,WP_005767449.1,64.7,102,102,102,1.1e-32,133.7,1,1
DAKCFMEO_01549,WP_005760695.1,96.6,118,118,118,1.3e-69,256.5,1,1
DAKCFMEO_01550,WP_005621919.1,93.1,130,130,130,1.8e-61,229.6,1,1
DAKCFMEO_01551,WP_005768313.1,95.5,288,288,288,1.3e-160,560.1,1,1
DAKCFMEO_01552,WP_003378342.1,95.7,161,161,161,2.1e-83,302.8,1,1
DAKCFMEO_01553,WP_005768314.1,93.2,588,588,587,1.5e-280,959.5,1,1.0017
DAKCFMEO_01554,WP_005768316.1,96.3,135,135,135,1.4e-72,266.5,1,1
DAKCFMEO_01555,WP_005768318.1,82.1,280,280,280,4.7e-123,435.3,1,1
DAKCFMEO_01556,WP_011105542.1,96.6,727,727,727,0.0e+00,1388.2,1,1
DAKCFMEO_01557,WP_046463958.1,43.9,556,841,825,5.3e-130,459.9,0.661118,0.673939
DAKCFMEO_01558,WP_005768321.1,98.3,288,288,288,6.9e-154,537.7,1,1
DAKCFMEO_01559,WP_005768325.1,75.4,61,73,61,1.1e-20,93.2,0.835616,1
DAKCFMEO_01560,WP_005768326.1,91.1,314,316,316,8.9e-163,567.4,0.993671,0.993671
DAKCFMEO_01561,WP_011105540.1,97.9,471,471,471,6.2e-269,920.6,1,1
DAKCFMEO_01562,WP_011105539.1,96.5,602,602,602,0.0e+00,1153.3,1,1
DAKCFMEO_01563,WP_011105538.1,82.9,222,223,222,1.2e-110,393.7,0.995516,1
DAKCFMEO_01564,WP_011105537.1,85.8,148,148,148,2.7e-77,282.3,1,1
DAKCFMEO_01565,WP_011105536.1,74.4,207,212,212,1.2e-89,323.9,0.976415,0.976415
DAKCFMEO_01566,WP_011105535.1,78.1,520,520,520,1.5e-220,760.0,1,1
DAKCFMEO_01567,WP_005768334.1,92.6,403,403,403,2.3e-211,729.2,1,1
DAKCFMEO_01568,WP_005768336.1,92.1,291,291,290,1.1e-151,530.4,1,1.00345
DAKCFMEO_01569,WP_011105534.1,88.9,334,334,334,2.2e-172,599.4,1,1
DAKCFMEO_01570,WP_007244998.1,94.8,483,483,483,2.1e-251,862.4,1,1
DAKCFMEO_01571,WP_005739655.1,98.3,474,474,474,3.2e-265,908.3,1,1
DAKCFMEO_01572,WP_005768341.1,96.0,301,301,303,1.3e-163,570.1,1,0.993399
DAKCFMEO_01573,WP_011105533.1,53.6,211,211,210,1.3e-64,240.7,1,1.00476
DAKCFMEO_01574,WP_003340324.1,98.2,163,163,163,2.7e-86,312.4,1,1
DAKCFMEO_01575,WP_011105529.1,98.1,359,360,360,9.1e-204,703.7,0.997222,0.997222
DAKCFMEO_01576,WP_003378385.1,96.3,81,81,81,1.9e-37,149.1,1,1
DAKCFMEO_01577,WP_005621857.1,81.9,177,177,177,1.1e-80,293.9,1,1
DAKCFMEO_01578,WP_011105527.1,84.2,303,303,303,3.2e-157,548.9,1,1
DAKCFMEO_01579,WP_003378389.1,98.5,133,133,133,4.9e-70,258.1,1,1
DAKCFMEO_01580,WP_057443137.1,93.0,429,429,429,2.3e-214,739.2,1,1
DAKCFMEO_01581,WP_005768354.1,94.6,332,332,332,1.0e-177,617.1,1,1
DAKCFMEO_01582,WP_005768357.1,90.0,761,761,761,0.0e+00,1363.6,1,1
DAKCFMEO_01583,WP_046464027.1,83.5,556,556,556,2.5e-245,842.4,1,1
DAKCFMEO_01584,WP_011105523.1,95.3,277,277,277,2.8e-152,532.3,1,1
DAKCFMEO_01585,WP_003378397.1,96.9,254,254,253,2.7e-133,469.2,1,1.00395
DAKCFMEO_01587,WP_005768363.1,90.0,299,298,297,1.5e-148,520.0,1.00336,1.00673
DAKCFMEO_01588,WP_011105522.1,59.3,1524,1742,1550,0.0e+00,1774.2,0.874856,0.983226
DAKCFMEO_01589,WP_046464026.1,87.3,300,306,300,4.2e-149,521.9,0.980392,1
DAKCFMEO_01590,WP_003383143.1,97.5,446,446,446,3.8e-252,864.8,1,1
DAKCFMEO_01591,WP_007245011.1,91.8,428,428,440,4.7e-231,794.7,1,0.972727
DAKCFMEO_01592,WP_003383141.1,99.1,229,229,229,1.9e-130,459.5,1,1
DAKCFMEO_01593,WP_003317528.1,55.1,118,125,126,1.2e-30,127.1,0.944,0.936508
DAKCFMEO_01594,WP_007245012.1,92.2,296,296,296,2.5e-159,555.8,1,1
DAKCFMEO_01595,WP_011105520.1,71.7,184,189,186,1.5e-77,283.5,0.973545,0.989247
DAKCFMEO_01596,WP_003383136.1,98.1,54,55,55,1.8e-31,128.6,0.981818,0.981818
DAKCFMEO_01597,WP_011105519.1,91.4,382,382,382,3.3e-204,705.3,1,1
DAKCFMEO_01598,WP_003383132.1,95.6,91,99,91,1.7e-43,169.5,0.919192,1
DAKCFMEO_01599,WP_024658065.1,89.1,147,146,147,2.1e-66,246.1,1.00685,1
DAKCFMEO_01600,WP_024667547.1,86.2,123,125,125,5.3e-58,218.0,0.984,0.984
DAKCFMEO_01601,WP_011105516.1,90.8,653,653,653,0.0e+00,1201.8,1,1
DAKCFMEO_01602,WP_003383126.1,91.6,107,106,107,6.3e-44,171.0,1.00943,1
DAKCFMEO_01603,WP_011105515.1,67.3,101,101,101,7.1e-29,120.9,1,1
DAKCFMEO_01605,WP_003383123.1,91.5,71,71,71,1.8e-31,129.0,1,1
DAKCFMEO_01606,WP_011105514.1,92.9,496,497,497,2.0e-265,909.1,0.997988,0.997988
DAKCFMEO_01607,WP_005768392.1,97.9,484,484,484,2.7e-259,888.6,1,1
DAKCFMEO_01608,WP_005768393.1,95.3,106,107,107,1.5e-48,186.4,0.990654,0.990654
DAKCFMEO_01609,WP_044392973.1,90.1,373,373,373,2.3e-186,646.0,1,1
DAKCFMEO_01610,WP_011105513.1,85.9,298,302,306,2.2e-150,526.2,0.986755,0.973856
DAKCFMEO_01611,WP_011105512.1,96.9,393,393,393,4.9e-227,781.2,1,1
DAKCFMEO_01612,WP_011105511.1,87.9,406,406,406,1.4e-208,719.9,1,1
DAKCFMEO_01613,WP_007245851.1,80.4,184,188,203,6.0e-82,298.1,0.978723,0.906404
DAKCFMEO_01614,WP_011104404.1,82.6,344,344,342,2.0e-155,543.1,1,1.00585
DAKCFMEO_01615,WP_011104405.1,91.6,1253,1254,1254,0.0e+00,2362.8,0.999203,0.999203
DAKCFMEO_01616,WP_005766271.1,94.6,354,353,354,1.2e-179,623.6,1.00283,1
DAKCFMEO_01617,WP_005766274.1,90.2,61,61,61,1.6e-23,102.4,1,1
DAKCFMEO_01618,WP_011104406.1,82.6,235,240,240,6.0e-103,368.2,0.979167,0.979167
DAKCFMEO_01619,WP_046463313.1,81.4,102,102,149,1.8e-40,159.5,1,0.684564
DAKCFMEO_01620,WP_011104407.1,91.1,248,248,249,1.3e-129,456.8,1,0.995984
DAKCFMEO_01621,WP_007245964.1,45.8,83,93,83,1.2e-14,73.6,0.892473,1
DAKCFMEO_01622,WP_007245963.1,79.6,279,279,279,4.7e-131,461.8,1,1
DAKCFMEO_01623,WP_005762812.1,78.3,152,152,152,1.6e-69,256.5,1,1
DAKCFMEO_01625,WP_046464012.1,51.7,267,280,335,6.4e-80,292.0,0.953571,0.797015
DAKCFMEO_01626,WP_011104079.1,62.9,1173,1172,1168,0.0e+00,1488.0,1.00085,1.00428
DAKCFMEO_01627,WP_046463302.1,57.8,289,295,296,3.7e-86,312.8,0.979661,0.976351
DAKCFMEO_01628,WP_010213774.1,72.2,443,443,443,8.9e-193,667.5,1,1
DAKCFMEO_01629,WP_011105482.1,62.7,150,162,166,3.9e-53,202.2,0.925926,0.903614
DAKCFMEO_01630,WP_011105483.1,40.1,404,385,398,2.3e-67,250.8,1.04935,1.01508
DAKCFMEO_01632,WP_011104077.1,58.2,502,506,509,5.3e-157,548.9,0.992095,0.986248
DAKCFMEO_01633,WP_011105486.1,71.6,883,870,882,0.0e+00,1201.4,1.01494,1.00113
DAKCFMEO_01634,WP_011104075.1,70.1,335,334,335,8.0e-138,484.6,1.00299,1
DAKCFMEO_01635,WP_011104074.1,68.9,595,595,595,2.5e-246,845.9,1,1
DAKCFMEO_01636,WP_011105491.1,59.7,129,136,135,4.3e-37,148.7,0.948529,0.955556
DAKCFMEO_01637,WP_011104072.1,87.2,491,491,491,2.9e-261,895.2,1,1
DAKCFMEO_01638,WP_011104071.1,70.9,165,165,166,4.2e-63,235.3,1,0.993976
DAKCFMEO_01639,WP_011105494.1,54.0,517,516,518,2.8e-166,579.7,1.00194,0.998069
DAKCFMEO_01640,WP_011105495.1,72.6,168,175,172,1.5e-71,263.5,0.96,0.976744
DAKCFMEO_01643,WP_010201804.1,88.7,195,206,210,8.0e-96,344.4,0.946602,0.928571
DAKCFMEO_01644,WP_005770490.1,94.1,337,337,337,5.4e-190,657.9,1,1
DAKCFMEO_01645,WP_005770492.1,91.2,284,285,283,7.1e-119,421.4,0.996491,1.00353
DAKCFMEO_01646,WP_005614924.1,99.1,338,338,338,3.0e-193,668.7,1,1
DAKCFMEO_01647,WP_002552075.1,98.8,163,163,163,1.1e-82,300.4,1,1
DAKCFMEO_01648,WP_007246092.1,98.3,574,574,574,0.0e+00,1138.6,1,1
DAKCFMEO_01649,WP_005770496.1,69.7,142,142,138,8.9e-46,177.6,1,1.02899
DAKCFMEO_01650,WP_005770497.1,86.0,107,109,109,1.3e-49,189.9,0.981651,0.981651
DAKCFMEO_01651,WP_010201647.1,74.4,234,246,233,9.0e-70,258.1,0.95122,1.00429
DAKCFMEO_01652,WP_005614914.1,95.9,773,773,773,0.0e+00,1494.6,1,1
DAKCFMEO_01653,WP_011103375.1,84.0,512,512,512,8.6e-224,770.8,1,1
DAKCFMEO_01654,WP_007246096.1,88.6,114,114,114,4.5e-24,105.1,1,1
DAKCFMEO_01655,WP_011103373.1,68.5,251,257,259,5.9e-96,345.1,0.976654,0.969112
DAKCFMEO_01657,WP_007246097.1,78.0,109,118,110,1.0e-50,193.7,0.923729,0.990909
DAKCFMEO_01658,WP_011103372.1,88.1,235,237,237,3.1e-120,425.6,0.991561,0.991561
DAKCFMEO_01659,WP_005770507.1,92.3,390,390,390,5.8e-212,731.1,1,1
DAKCFMEO_01660,WP_005614892.1,95.2,146,146,146,5.3e-78,284.6,1,1
DAKCFMEO_01661,WP_007246099.1,86.7,294,295,295,7.6e-156,544.3,0.99661,0.99661
DAKCFMEO_01662,WP_002552060.1,98.3,58,58,58,4.5e-28,117.5,1,1
DAKCFMEO_01663,WP_017684227.1,96.6,984,984,984,0.0e+00,1846.6,1,1
DAKCFMEO_01664,WP_011103371.1,93.7,478,477,478,3.5e-251,861.7,1.0021,1
DAKCFMEO_01665,WP_003382274.1,95.7,467,467,467,2.1e-256,879.0,1,1
DAKCFMEO_01666,WP_011103370.1,85.5,166,168,168,6.8e-77,281.2,0.988095,0.988095
DAKCFMEO_01667,WP_005770519.1,95.1,266,266,266,9.6e-142,497.3,1,1
DAKCFMEO_01668,WP_007246105.1,80.5,282,283,283,1.1e-127,450.7,0.996466,0.996466
DAKCFMEO_01670,WP_011103369.1,95.3,554,554,554,0.0e+00,1087.8,1,1
DAKCFMEO_01671,WP_007245081.1,63.9,640,645,651,4.4e-249,855.1,0.992248,0.983103
DAKCFMEO_01672,WP_011103368.1,83.3,288,288,288,1.7e-144,506.5,1,1
DAKCFMEO_01673,WP_011103367.1,93.4,392,392,392,1.5e-204,706.4,1,1
DAKCFMEO_01674,WP_005766463.1,89.9,337,338,338,2.3e-180,625.9,0.997041,0.997041
DAKCFMEO_01675,WP_005766460.1,85.3,992,992,987,0.0e+00,1654.8,1,1.00507
DAKCFMEO_01676,WP_032710582.1,65.3,98,107,102,6.1e-31,127.9,0.915888,0.960784
DAKCFMEO_01677,WP_004656644.1,86.3,117,117,117,7.1e-41,161.0,1,1
DAKCFMEO_01678,WP_003377508.1,97.9,701,701,701,0.0e+00,1315.4,1,1
DAKCFMEO_01679,WP_002555121.1,100.0,89,89,89,2.8e-45,175.3,1,1
DAKCFMEO_01680,WP_005766456.1,97.4,305,305,305,4.1e-173,601.7,1,1
DAKCFMEO_01681,WP_003377505.1,92.0,138,138,138,8.4e-65,240.7,1,1
DAKCFMEO_01682,WP_003377503.1,94.3,844,844,841,0.0e+00,1343.6,1,1.00357
DAKCFMEO_01683,WP_005620402.1,99.6,493,493,493,2.1e-251,862.4,1,1
DAKCFMEO_01684,WP_024419631.1,88.8,152,152,152,4.0e-76,278.5,1,1
DAKCFMEO_01687,WP_005739097.1,87.6,251,251,251,1.1e-120,427.2,1,1
DAKCFMEO_01688,WP_005766449.1,96.2,447,447,447,7.2e-251,860.5,1,1
DAKCFMEO_01689,WP_011105022.1,87.3,283,283,283,5.8e-137,481.5,1,1
DAKCFMEO_01690,WP_011105023.1,95.4,634,637,634,0.0e+00,1151.7,0.99529,1
DAKCFMEO_01691,WP_005620411.1,96.3,215,216,216,1.5e-116,413.3,0.99537,0.99537
DAKCFMEO_01692,WP_003377487.1,94.1,102,102,103,3.6e-49,188.3,1,0.990291
DAKCFMEO_01693,WP_005766442.1,97.5,158,158,158,9.5e-81,293.9,1,1
DAKCFMEO_01694,WP_007243709.1,98.5,1073,1073,1073,0.0e+00,2101.6,1,1
DAKCFMEO_01695,WP_007243710.1,95.2,378,378,378,2.3e-213,735.7,1,1
DAKCFMEO_01696,WP_005766439.1,96.6,267,267,267,2.7e-144,505.8,1,1
DAKCFMEO_01697,WP_003377482.1,98.4,380,379,380,1.3e-173,603.6,1.00264,1
DAKCFMEO_01698,WP_011105024.1,96.4,638,638,638,0.0e+00,1168.7,1,1
DAKCFMEO_01699,WP_003377479.1,95.7,187,187,187,2.1e-95,342.8,1,1
DAKCFMEO_01700,WP_011105025.1,95.5,556,557,557,1.6e-295,1009.2,0.998205,0.998205
DAKCFMEO_01701,WP_002555142.1,99.2,122,122,135,2.2e-64,239.2,1,0.903704
DAKCFMEO_01702,WP_011105026.1,93.7,174,174,173,2.5e-90,325.9,1,1.00578
DAKCFMEO_01703,WP_011105028.1,68.0,103,106,104,1.2e-34,140.2,0.971698,0.990385
DAKCFMEO_01704,WP_005620437.1,91.6,143,144,144,1.4e-75,276.6,0.993056,0.993056
DAKCFMEO_01705,WP_007243715.1,96.6,467,467,467,4.4e-259,887.9,1,1
DAKCFMEO_01706,WP_003377471.1,96.2,160,160,160,1.2e-86,313.5,1,1
DAKCFMEO_01707,WP_005770837.1,30.0,233,255,244,2.9e-18,87.0,0.913725,0.954918
DAKCFMEO_01713,WP_003377470.1,72.8,92,95,94,8.4e-32,130.6,0.968421,0.978723
DAKCFMEO_01723,WP_003382970.1,58.8,80,81,83,2.2e-17,82.4,0.987654,0.963855
DAKCFMEO_01725,WP_011103402.1,86.9,626,626,626,6.5e-258,884.4,1,1
DAKCFMEO_01726,WP_046463739.1,76.6,640,640,640,6.8e-210,724.9,1,1
DAKCFMEO_01731,WP_011103411.1,51.6,1567,1452,1561,0.0e+00,1552.0,1.0792,1.00384
DAKCFMEO_01732,WP_011103412.1,65.4,448,456,454,2.3e-180,626.3,0.982456,0.986784
DAKCFMEO_01733,WP_007244130.1,74.5,275,276,275,4.6e-107,382.1,0.996377,1
DAKCFMEO_01734,WP_005770966.1,87.0,254,254,254,1.2e-125,443.7,1,1
DAKCFMEO_01735,WP_007244158.1,92.2,422,422,422,2.8e-236,812.0,1,1
DAKCFMEO_01736,WP_011103399.1,93.1,275,275,275,4.0e-151,528.5,1,1
DAKCFMEO_01737,WP_011103398.1,85.0,293,294,294,4.4e-156,545.0,0.996599,0.996599
DAKCFMEO_01738,WP_005770956.1,90.6,341,340,341,7.6e-176,610.9,1.00294,1
DAKCFMEO_01739,WP_005770954.1,89.7,175,175,175,4.1e-85,308.5,1,1
DAKCFMEO_01740,WP_011103397.1,94.4,426,426,426,3.3e-213,735.3,1,1
DAKCFMEO_01741,WP_011103396.1,84.4,326,326,323,7.3e-144,504.6,1,1.00929
DAKCFMEO_01742,WP_011103395.1,79.9,289,289,293,4.1e-146,511.9,1,0.986348
DAKCFMEO_01744,WP_005615033.1,94.7,170,202,170,4.2e-89,322.0,0.841584,1
DAKCFMEO_01745,WP_005770944.1,66.4,220,218,220,7.7e-81,294.7,1.00917,1
DAKCFMEO_01746,WP_011103393.1,93.8,418,418,418,4.9e-225,774.6,1,1
DAKCFMEO_01747,WP_002556144.1,90.4,156,159,160,3.6e-80,292.0,0.981132,0.975
DAKCFMEO_01748,WP_005770940.1,90.7,335,335,334,4.0e-169,588.6,1,1.00299
DAKCFMEO_01749,WP_003380356.1,87.2,149,149,149,2.0e-72,266.2,1,1
DAKCFMEO_01750,WP_005770938.1,86.2,152,157,153,2.5e-73,269.2,0.968153,0.993464
DAKCFMEO_01751,WP_005770915.1,86.0,386,387,400,3.8e-200,691.8,0.997416,0.965
DAKCFMEO_01752,WP_003314356.1,85.2,155,157,157,5.0e-74,271.6,0.987261,0.987261
DAKCFMEO_01753,WP_011103387.1,82.2,409,413,422,3.6e-196,678.7,0.990315,0.969194
DAKCFMEO_01754,WP_032710981.1,88.2,203,216,203,9.6e-92,330.9,0.939815,1
DAKCFMEO_01755,WP_005771478.1,96.1,760,759,760,0.0e+00,1498.0,1.00132,1
DAKCFMEO_01756,WP_005771480.1,85.8,261,257,261,2.7e-64,240.0,1.01556,1
DAKCFMEO_01757,WP_003380333.1,100.0,135,135,135,4.6e-68,251.5,1,1
DAKCFMEO_01758,WP_005771481.1,67.2,186,187,187,2.5e-64,239.6,0.994652,0.994652
DAKCFMEO_01759,WP_005771483.1,85.2,520,523,523,1.9e-274,939.1,0.994264,0.994264
DAKCFMEO_01760,WP_044393047.1,89.2,437,437,437,4.6e-218,751.5,1,1
DAKCFMEO_01761,WP_005771491.1,81.8,340,343,348,7.2e-166,577.8,0.991254,0.977011
DAKCFMEO_01762,WP_005771489.1,31.2,311,298,319,2.0e-31,131.0,1.04362,0.974922
DAKCFMEO_01764,WP_011103526.1,78.1,598,602,601,5.7e-267,914.4,0.993355,0.995008
DAKCFMEO_01765,WP_011103525.1,91.3,369,369,369,1.5e-198,686.4,1,1
DAKCFMEO_01766,WP_005763950.1,87.8,370,369,370,1.0e-173,604.0,1.00271,1
DAKCFMEO_01767,WP_005763952.1,92.8,306,306,306,2.4e-160,559.3,1,1
DAKCFMEO_01768,WP_011103524.1,92.6,338,341,338,1.2e-197,683.3,0.991202,1
DAKCFMEO_01769,WP_005615650.1,90.4,228,228,228,2.2e-126,446.0,1,1
DAKCFMEO_01770,WP_005763959.1,86.3,504,511,511,1.4e-250,859.8,0.986301,0.986301
DAKCFMEO_01771,WP_005763961.1,80.8,224,225,225,1.3e-102,367.1,0.995556,0.995556
DAKCFMEO_01772,WP_011103523.1,84.4,128,128,131,4.0e-61,228.4,1,0.977099
DAKCFMEO_01773,WP_005763967.1,87.7,228,228,228,3.6e-113,402.1,1,1
DAKCFMEO_01774,WP_011105348.1,40.1,434,448,391,4.8e-69,256.5,0.96875,1.10997
DAKCFMEO_01777,WP_005768464.1,34.6,515,556,664,1.3e-87,318.5,0.926259,0.775602
DAKCFMEO_01779,WP_011103519.1,30.5,285,289,425,2.9e-27,117.1,0.986159,0.670588
DAKCFMEO_01780,WP_007243735.1,92.5,504,504,504,8.4e-272,930.2,1,1
DAKCFMEO_01781,WP_011105043.1,90.5,326,326,326,6.6e-169,587.8,1,1
DAKCFMEO_01782,WP_011105044.1,91.4,326,334,334,4.7e-170,591.7,0.976048,0.976048
DAKCFMEO_01783,WP_011105045.1,92.7,287,287,287,1.3e-149,523.5,1,1
DAKCFMEO_01784,WP_005769341.1,95.6,315,315,315,4.3e-165,575.1,1,1
DAKCFMEO_01785,WP_011105046.1,84.6,253,254,254,2.9e-127,449.1,0.996063,0.996063
DAKCFMEO_01786,WP_046463396.1,76.0,304,304,313,4.9e-142,498.4,1,0.971246
DAKCFMEO_01787,WP_011105048.1,81.3,493,541,541,2.4e-176,613.2,0.911275,0.911275
DAKCFMEO_01788,WP_005769977.1,79.2,207,207,207,1.1e-87,317.4,1,1
DAKCFMEO_01789,WP_161797801.1,77.7,524,549,540,7.1e-232,797.7,0.954463,0.97037
DAKCFMEO_01790,WP_011103337.1,57.5,167,165,168,9.1e-50,191.0,1.01212,0.994048
DAKCFMEO_01791,WP_011103336.1,68.7,422,422,422,4.0e-174,605.5,1,1
DAKCFMEO_01792,WP_003379656.1,80.9,162,195,166,5.9e-72,265.0,0.830769,0.975904
DAKCFMEO_01795,WP_011105049.1,81.2,607,607,607,8.5e-295,1006.9,1,1
DAKCFMEO_01796,WP_046463393.1,96.9,261,261,261,4.8e-138,485.0,1,1
DAKCFMEO_01797,WP_007243742.1,76.1,71,71,66,6.3e-24,104.0,1,1.07576
DAKCFMEO_01798,WP_046463392.1,65.4,52,67,64,8.6e-15,73.6,0.776119,0.8125
DAKCFMEO_01802,WP_011105051.1,84.8,79,79,79,2.6e-34,138.7,1,1
DAKCFMEO_01804,WP_011104280.1,72.3,383,390,394,1.2e-156,547.4,0.982051,0.972081
DAKCFMEO_01806,WP_011105052.1,96.3,517,517,517,2.1e-294,1005.4,1,1
DAKCFMEO_01807,WP_005769363.1,92.2,461,460,461,1.3e-242,833.2,1.00217,1
DAKCFMEO_01808,WP_005620479.1,97.4,303,303,303,2.1e-169,589.3,1,1
DAKCFMEO_01812,WP_011103101.1,88.2,595,595,595,1.1e-294,1006.5,1,1
DAKCFMEO_01813,WP_003380235.1,99.1,448,448,448,1.3e-252,866.3,1,1
DAKCFMEO_01814,WP_005763472.1,87.5,281,281,279,1.2e-129,457.2,1,1.00717
DAKCFMEO_01815,WP_011103100.1,55.8,95,94,95,3.3e-20,92.0,1.01064,1
DAKCFMEO_01817,WP_011103099.1,89.0,155,154,155,1.4e-76,280.0,1.00649,1
DAKCFMEO_01818,WP_011103042.1,94.4,443,443,443,6.5e-228,784.3,1,1
DAKCFMEO_01819,WP_007247215.1,95.6,413,413,413,2.1e-212,732.6,1,1
DAKCFMEO_01820,WP_011102998.1,88.7,362,393,395,1.9e-186,646.4,0.92112,0.916456
DAKCFMEO_01821,WP_011102997.1,84.7,459,459,459,8.5e-231,793.9,1,1
DAKCFMEO_01822,WP_011102996.1,93.6,547,547,550,9.4e-269,920.2,1,0.994545
DAKCFMEO_01823,WP_011104146.1,44.3,237,249,253,1.3e-52,201.1,0.951807,0.936759
DAKCFMEO_01824,WP_005769588.1,97.7,435,435,435,6.2e-231,794.3,1,1
DAKCFMEO_01825,WP_011102978.1,81.1,132,133,132,4.3e-66,245.0,0.992481,1
DAKCFMEO_01827,WP_005769583.1,93.8,465,465,465,6.4e-250,857.4,1,1
DAKCFMEO_01828,WP_011102979.1,95.4,691,691,691,0.0e+00,1301.6,1,1
DAKCFMEO_01829,WP_005769579.1,98.0,307,307,307,5.1e-171,594.7,1,1
DAKCFMEO_01830,WP_005613236.1,93.2,250,250,248,1.0e-60,228.0,1,1.00806
DAKCFMEO_01831,WP_005613239.1,97.1,139,139,141,1.6e-71,263.1,1,0.985816
DAKCFMEO_01832,WP_007246518.1,84.1,320,318,318,5.9e-122,431.8,1.00629,1.00629
DAKCFMEO_01833,WP_011102980.1,84.4,282,286,282,1.2e-142,500.4,0.986014,1
DAKCFMEO_01834,WP_003377974.1,90.6,245,245,245,7.5e-133,467.6,1,1
DAKCFMEO_01835,WP_011102981.1,94.4,126,126,126,7.1e-63,234.2,1,1
DAKCFMEO_01836,WP_005769571.1,98.7,701,701,701,0.0e+00,1367.8,1,1
DAKCFMEO_01837,WP_002551500.1,96.6,87,87,87,9.7e-43,166.8,1,1
DAKCFMEO_01838,WP_003377979.1,88.8,214,206,214,8.3e-101,360.9,1.03883,1
DAKCFMEO_01839,WP_007246513.1,94.1,287,287,287,6.9e-146,511.1,1,1
DAKCFMEO_01840,WP_005769567.1,99.2,240,240,240,1.8e-131,463.0,1,1
DAKCFMEO_01841,WP_005769565.1,63.1,122,122,122,1.8e-42,166.4,1,1
DAKCFMEO_01842,WP_005613323.1,99.6,259,259,259,3.1e-153,535.4,1,1
DAKCFMEO_01843,WP_007246510.1,95.8,213,213,213,2.8e-112,399.1,1,1
DAKCFMEO_01844,WP_005769563.1,71.0,207,214,210,1.1e-71,264.2,0.96729,0.985714
DAKCFMEO_01845,WP_002551508.1,94.4,301,301,301,3.3e-159,555.4,1,1
DAKCFMEO_01846,WP_046463701.1,84.4,861,861,861,0.0e+00,1441.8,1,1
DAKCFMEO_01847,WP_011102984.1,95.4,151,151,151,1.4e-81,296.6,1,1
DAKCFMEO_01848,WP_046463702.1,98.0,402,402,402,2.0e-223,769.2,1,1
DAKCFMEO_01849,WP_005769555.1,90.2,224,224,224,1.9e-111,396.4,1,1
DAKCFMEO_01850,WP_011102986.1,93.6,528,528,528,8.4e-291,993.4,1,1
DAKCFMEO_01851,WP_002551514.1,100.0,77,77,77,5.2e-40,157.5,1,1
DAKCFMEO_01852,WP_002551515.1,98.0,51,51,51,3.5e-24,104.4,1,1
DAKCFMEO_01854,WP_005769553.1,93.2,117,123,121,9.1e-63,233.8,0.95122,0.966942
DAKCFMEO_01855,WP_011102988.1,88.1,497,497,497,9.2e-255,873.6,1,1
DAKCFMEO_01856,WP_005769547.1,84.2,379,381,382,8.5e-176,610.9,0.994751,0.992147
DAKCFMEO_01857,WP_010208311.1,92.6,526,530,526,2.1e-289,988.8,0.992453,1
DAKCFMEO_01858,WP_005769539.1,91.1,473,473,473,5.8e-259,887.5,1,1
DAKCFMEO_01859,WP_005769538.1,70.7,82,83,83,3.1e-30,125.2,0.987952,0.987952
DAKCFMEO_01860,WP_005769536.1,89.9,437,437,437,9.3e-235,807.0,1,1
DAKCFMEO_01861,WP_005769534.1,89.7,117,135,117,2.2e-62,232.6,0.866667,1
DAKCFMEO_01862,WP_004655323.1,99.4,162,162,162,1.4e-87,316.6,1,1
DAKCFMEO_01863,WP_005769533.1,92.8,433,433,433,3.7e-236,811.6,1,1
DAKCFMEO_01864,WP_005769531.1,92.3,117,117,117,1.9e-57,216.1,1,1
DAKCFMEO_01865,WP_005769528.1,84.6,356,357,357,2.6e-174,605.9,0.997199,0.997199
DAKCFMEO_01866,WP_010208319.1,94.0,182,182,182,9.6e-93,334.0,1,1
DAKCFMEO_01867,WP_005769524.1,50.0,140,140,107,7.3e-32,131.3,1,1.30841
DAKCFMEO_01868,WP_011102991.1,91.5,638,640,643,0.0e+00,1188.7,0.996875,0.992224
DAKCFMEO_01870,WP_011102992.1,83.3,270,272,272,3.6e-120,425.6,0.992647,0.992647
DAKCFMEO_01871,WP_011102993.1,83.7,416,417,417,1.1e-213,736.9,0.997602,0.997602
DAKCFMEO_01872,WP_005769516.1,83.3,293,294,294,9.2e-146,510.8,0.996599,0.996599
DAKCFMEO_01873,WP_005769514.1,89.7,437,439,439,1.9e-224,772.7,0.995444,0.995444
DAKCFMEO_01874,WP_003378039.1,97.4,189,189,189,9.6e-96,344.0,1,1
DAKCFMEO_01875,WP_011102994.1,97.5,669,689,669,0.0e+00,1320.8,0.970972,1
DAKCFMEO_01876,WP_007247222.1,79.9,553,557,554,8.1e-260,890.6,0.992819,0.998195
DAKCFMEO_01877,WP_011102995.1,88.9,460,460,460,7.0e-233,800.8,1,1
DAKCFMEO_01878,WP_005769505.1,92.8,305,306,306,2.7e-164,572.4,0.996732,0.996732
DAKCFMEO_01879,WP_005769504.1,94.1,658,658,658,0.0e+00,1139.0,1,1
DAKCFMEO_01880,WP_005740380.1,44.0,91,95,91,2.4e-18,85.9,0.957895,1
DAKCFMEO_01883,WP_044392676.1,65.9,179,231,184,8.8e-67,248.1,0.774892,0.972826
DAKCFMEO_01884,WP_044392641.1,64.6,642,642,642,1.1e-257,883.6,1,1
DAKCFMEO_01885,WP_011102975.1,70.3,296,296,296,1.6e-126,446.8,1,1
DAKCFMEO_01886,WP_159250468.1,39.9,278,375,309,5.4e-50,193.0,0.741333,0.899676
DAKCFMEO_01888,WP_161797817.1,41.0,561,584,550,4.4e-123,436.4,0.960616,1.02
DAKCFMEO_01891,WP_052746254.1,84.6,169,169,185,2.0e-84,306.2,1,0.913514
DAKCFMEO_01901,WP_080946637.1,95.1,287,292,287,6.6e-152,531.2,0.982877,1
DAKCFMEO_01902,WP_011103651.1,47.2,161,172,191,3.4e-39,156.0,0.936047,0.842932
DAKCFMEO_01903,WP_005768139.1,30.7,270,293,333,1.5e-26,114.8,0.921502,0.810811
DAKCFMEO_01906,WP_005768530.1,65.9,205,207,207,7.6e-78,284.6,0.990338,0.990338
DAKCFMEO_01907,WP_005739893.1,91.1,101,101,101,1.2e-47,183.3,1,1
DAKCFMEO_01908,WP_005768515.1,98.6,70,88,93,4.1e-33,134.8,0.795455,0.752688
DAKCFMEO_01909,WP_002555808.1,100.0,112,112,112,1.6e-58,219.5,1,1
DAKCFMEO_01910,WP_005739890.1,98.9,445,445,445,2.6e-245,842.0,1,1
DAKCFMEO_01911,WP_005768513.1,91.4,140,150,141,2.3e-76,279.3,0.933333,0.992908
DAKCFMEO_01912,WP_005768511.1,74.3,109,109,109,9.6e-32,130.6,1,1
DAKCFMEO_01913,WP_005768510.1,90.4,230,230,230,1.7e-123,436.4,1,1
DAKCFMEO_01914,WP_007246535.1,91.6,299,299,299,5.7e-159,554.7,1,1
DAKCFMEO_01915,WP_011103037.1,95.1,244,244,244,7.2e-128,451.1,1,1
DAKCFMEO_01916,WP_011103038.1,94.2,276,276,276,7.1e-156,544.3,1,1
DAKCFMEO_01917,WP_011103039.1,94.9,415,415,415,1.1e-229,790.0,1,1
DAKCFMEO_01918,WP_011103040.1,87.8,49,49,48,6.1e-18,83.6,1,1.02083
DAKCFMEO_01919,WP_005768497.1,91.8,110,110,110,8.2e-55,207.2,1,1
DAKCFMEO_01920,WP_007246537.1,90.4,135,135,135,3.0e-67,248.8,1,1
DAKCFMEO_01921,WP_011103041.1,89.1,948,948,948,0.0e+00,1729.5,1,1
DAKCFMEO_01922,WP_005768492.1,91.5,82,82,82,1.5e-37,149.4,1,1
DAKCFMEO_01923,WP_005768491.1,90.1,91,91,91,4.3e-41,161.4,1,1
DAKCFMEO_01925,WP_011103000.1,95.9,464,464,464,2.2e-263,902.1,1,1
DAKCFMEO_01926,WP_007247213.1,91.1,360,360,360,1.3e-181,630.2,1,1
DAKCFMEO_01927,WP_007247212.1,90.7,248,248,248,1.2e-127,450.3,1,1
DAKCFMEO_01928,WP_011103001.1,90.7,313,313,313,3.5e-159,555.4,1,1
DAKCFMEO_01929,WP_011103002.1,86.4,258,258,258,1.0e-124,440.7,1,1
DAKCFMEO_01930,WP_046463328.1,85.5,372,373,373,9.8e-177,614.0,0.997319,0.997319
DAKCFMEO_01931,WP_011103004.1,91.5,412,414,414,1.0e-206,713.8,0.995169,0.995169
DAKCFMEO_01932,WP_005769478.1,58.9,175,171,175,2.4e-53,203.0,1.02339,1
DAKCFMEO_01933,WP_005738602.1,86.5,156,166,157,2.7e-78,285.8,0.939759,0.993631
DAKCFMEO_01934,WP_005769477.1,92.4,224,224,224,2.0e-116,412.9,1,1
DAKCFMEO_01936,WP_005769473.1,64.2,159,156,162,2.0e-54,206.5,1.01923,0.981481
DAKCFMEO_01937,WP_046463329.1,98.1,636,651,636,0.0e+00,1094.7,0.976959,1
DAKCFMEO_01938,WP_005769469.1,91.9,197,197,197,2.8e-98,352.4,1,1
DAKCFMEO_01939,WP_007247202.1,89.0,210,210,210,2.7e-99,355.9,1,1
DAKCFMEO_01944,WP_011103008.1,88.1,631,632,632,1.8e-311,1062.4,0.998418,0.998418
DAKCFMEO_01945,WP_005768435.1,87.8,222,222,222,1.7e-107,383.3,1,1
DAKCFMEO_01946,WP_005768434.1,92.7,220,219,220,1.2e-113,403.7,1.00457,1
DAKCFMEO_01947,WP_011105390.1,97.0,336,336,336,4.2e-187,648.3,1,1
DAKCFMEO_01948,WP_005768431.1,98.2,736,736,736,0.0e+00,1395.2,1,1
DAKCFMEO_01949,WP_005621407.1,97.8,500,500,500,2.4e-287,981.9,1,1
DAKCFMEO_01950,WP_005768429.1,97.5,244,244,244,1.1e-131,463.8,1,1
DAKCFMEO_01951,WP_046464032.1,96.3,215,215,216,2.2e-112,399.4,1,0.99537
DAKCFMEO_01952,WP_003380046.1,95.0,221,221,221,3.6e-110,392.1,1,1
DAKCFMEO_01953,WP_005768426.1,96.2,261,261,261,2.3e-140,492.7,1,1
DAKCFMEO_01954,WP_007247319.1,96.6,233,234,234,1.5e-122,433.3,0.995726,0.995726
DAKCFMEO_01955,WP_003380053.1,93.6,109,109,109,5.6e-56,211.1,1,1
DAKCFMEO_01956,WP_002551560.1,99.3,419,419,419,9.5e-237,813.5,1,1
DAKCFMEO_01957,WP_005768425.1,98.4,487,488,488,2.1e-291,995.3,0.997951,0.997951
DAKCFMEO_01958,WP_005768422.1,92.5,322,322,322,2.1e-183,636.0,1,1
DAKCFMEO_01959,WP_005737044.1,93.2,222,222,222,3.3e-127,448.7,1,1
DAKCFMEO_01960,WP_005768419.1,98.7,448,449,449,3.4e-264,904.8,0.997773,0.997773
DAKCFMEO_01964,WP_011105385.1,63.3,90,92,90,1.1e-28,120.2,0.978261,1
DAKCFMEO_01965,WP_011105384.1,54.8,520,667,655,1.1e-154,541.6,0.77961,0.793893
DAKCFMEO_01966,WP_011105383.1,91.4,325,332,325,3.2e-171,595.5,0.978916,1
DAKCFMEO_01967,WP_002551568.1,97.8,135,134,135,1.7e-67,249.6,1.00746,1
DAKCFMEO_01968,WP_005765622.1,87.2,149,149,149,2.1e-74,272.7,1,1
DAKCFMEO_01969,WP_011105382.1,94.0,50,50,50,3.2e-22,97.8,1,1
DAKCFMEO_01970,WP_011105381.1,81.8,203,203,203,4.3e-94,338.6,1,1
DAKCFMEO_01971,WP_003380079.1,97.2,109,109,109,1.6e-55,209.5,1,1
DAKCFMEO_01972,WP_002551573.1,92.8,69,69,69,1.2e-27,116.3,1,1
DAKCFMEO_01973,WP_005621372.1,88.0,184,184,184,2.2e-92,332.8,1,1
DAKCFMEO_01974,WP_011105380.1,92.8,444,444,444,1.8e-246,845.9,1,1
DAKCFMEO_01975,WP_011105379.1,95.2,395,395,395,1.4e-218,753.1,1,1
DAKCFMEO_01976,WP_011105378.1,89.7,406,425,409,2.8e-212,732.3,0.955294,0.992665
DAKCFMEO_01977,WP_007247176.1,97.0,333,333,333,5.0e-188,651.4,1,1
DAKCFMEO_01979,WP_011103094.1,93.7,537,538,538,2.3e-280,958.7,0.998141,0.998141
DAKCFMEO_01980,WP_005763440.1,88.9,360,360,360,3.5e-187,648.7,1,1
DAKCFMEO_01981,WP_011103095.1,88.3,128,128,128,1.2e-60,226.9,1,1
DAKCFMEO_01982,WP_003380209.1,92.5,106,106,106,1.0e-49,190.3,1,1
DAKCFMEO_01983,WP_005763446.1,94.6,594,594,594,0.0e+00,1112.4,1,1
DAKCFMEO_01984,WP_005763448.1,60.0,115,115,115,4.4e-35,141.7,1,1
DAKCFMEO_01985,WP_011103096.1,94.8,154,155,159,1.1e-78,287.0,0.993548,0.968553
DAKCFMEO_01986,WP_005763452.1,93.6,455,455,455,2.7e-245,842.0,1,1
DAKCFMEO_01987,WP_005763453.1,96.9,382,382,382,2.1e-222,765.8,1,1
DAKCFMEO_01988,WP_005763455.1,97.0,432,432,432,4.1e-243,834.7,1,1
DAKCFMEO_01989,WP_005763456.1,88.8,529,529,529,1.0e-280,959.9,1,1
DAKCFMEO_01990,WP_005763459.1,96.1,127,127,127,7.0e-66,244.2,1,1
DAKCFMEO_01991,WP_005763462.1,95.7,773,773,773,0.0e+00,1429.8,1,1
DAKCFMEO_01992,WP_003380226.1,98.4,246,246,246,2.3e-137,482.6,1,1
DAKCFMEO_01993,WP_005763465.1,97.2,436,436,436,8.1e-247,847.0,1,1
DAKCFMEO_01994,WP_003318100.1,100.0,301,301,301,1.9e-170,592.8,1,1
DAKCFMEO_01995,WP_005768489.1,96.8,158,158,158,1.3e-85,310.1,1,1
DAKCFMEO_01996,WP_005768488.1,87.6,259,260,260,1.1e-134,473.8,0.996154,0.996154
DAKCFMEO_01997,WP_003377907.1,90.2,132,135,135,3.3e-66,245.4,0.977778,0.977778
DAKCFMEO_01998,WP_005613652.1,94.3,300,300,300,6.9e-165,574.3,1,1
DAKCFMEO_01999,WP_005613653.1,96.9,514,513,514,8.2e-299,1020.0,1.00195,1
DAKCFMEO_02001,WP_046463848.1,63.9,230,241,235,8.0e-79,288.1,0.954357,0.978723
DAKCFMEO_02002,WP_046463848.1,54.4,226,238,235,1.2e-58,221.1,0.94958,0.961702
DAKCFMEO_02003,WP_074843309.1,74.5,149,149,149,1.4e-57,216.9,1,1
DAKCFMEO_02004,WP_011103045.1,81.0,237,237,237,2.0e-111,396.4,1,1
DAKCFMEO_02006,WP_011103046.1,80.7,285,285,285,7.9e-134,471.1,1,1
DAKCFMEO_02007,WP_005771069.1,93.7,222,222,222,6.1e-126,444.5,1,1
DAKCFMEO_02008,WP_011103048.1,94.1,424,431,424,1.4e-235,809.7,0.983759,1
DAKCFMEO_02009,WP_011103049.1,94.5,545,545,545,2.8e-305,1041.6,1,1
DAKCFMEO_02010,WP_005771075.1,92.8,318,318,318,2.1e-156,546.2,1,1
DAKCFMEO_02011,WP_005771077.1,87.3,292,287,292,6.7e-141,494.6,1.01742,1
DAKCFMEO_02012,WP_011103050.1,91.7,613,613,613,0.0e+00,1096.6,1,1
DAKCFMEO_02013,WP_003382315.1,93.2,103,103,103,1.7e-54,206.1,1,1
DAKCFMEO_02014,WP_007247117.1,88.5,469,469,469,4.9e-242,831.2,1,1
DAKCFMEO_02015,WP_011103051.1,88.5,384,384,384,5.9e-201,694.5,1,1
DAKCFMEO_02016,WP_011103052.1,92.7,385,385,385,2.4e-210,725.7,1,1
DAKCFMEO_02017,WP_011103053.1,93.8,485,485,485,9.9e-246,843.6,1,1
DAKCFMEO_02018,WP_003382104.1,98.5,458,458,458,1.2e-272,932.9,1,1
DAKCFMEO_02020,WP_003382103.1,98.7,452,452,452,1.1e-267,916.4,1,1
DAKCFMEO_02021,WP_011105418.1,93.4,454,455,455,1.3e-260,892.9,0.997802,0.997802
DAKCFMEO_02022,WP_005767078.1,97.8,365,365,365,1.1e-207,716.8,1,1
DAKCFMEO_02023,WP_011105417.1,95.6,360,364,374,2.8e-200,692.2,0.989011,0.962567
DAKCFMEO_02024,WP_005737104.1,98.4,380,380,380,1.3e-216,746.5,1,1
DAKCFMEO_02025,WP_005767073.1,96.1,306,306,306,1.7e-163,569.7,1,1
DAKCFMEO_02026,WP_005767071.1,97.3,292,293,293,4.6e-153,535.0,0.996587,0.996587
DAKCFMEO_02028,WP_011105414.1,85.3,795,795,795,0.0e+00,1449.5,1,1
DAKCFMEO_02029,WP_005767067.1,87.5,312,313,313,1.2e-164,573.5,0.996805,0.996805
DAKCFMEO_02030,WP_005767065.1,66.7,57,63,63,2.3e-14,72.0,0.904762,0.904762
DAKCFMEO_02031,WP_005767063.1,91.7,252,252,252,3.7e-127,448.7,1,1
DAKCFMEO_02032,WP_024666025.1,80.0,210,212,211,3.6e-99,355.5,0.990566,0.995261
DAKCFMEO_02033,WP_005767059.1,86.2,145,145,145,3.4e-69,255.4,1,1
DAKCFMEO_02034,WP_011103058.1,94.5,526,527,527,1.9e-282,965.7,0.998102,0.998102
DAKCFMEO_02035,WP_011103059.1,92.9,340,340,340,5.6e-187,647.9,1,1
DAKCFMEO_02036,WP_005739846.1,97.2,355,355,355,4.6e-192,664.8,1,1
DAKCFMEO_02037,WP_046463852.1,84.7,628,628,627,0.0e+00,1111.7,1,1.00159
DAKCFMEO_02038,WP_044392586.1,93.0,906,905,941,0.0e+00,1716.4,1.0011,0.962806
DAKCFMEO_02039,WP_005739842.1,95.5,133,133,133,1.9e-61,229.6,1,1
DAKCFMEO_02040,WP_044392584.1,95.2,228,235,228,5.7e-114,404.8,0.970213,1
DAKCFMEO_02041,WP_052746256.1,85.5,276,282,267,3.7e-59,223.0,0.978723,1.03371
DAKCFMEO_02043,WP_005771123.1,73.8,84,84,84,3.5e-21,95.1,1,1
DAKCFMEO_02044,WP_046463853.1,91.7,384,384,384,1.9e-199,689.5,1,1
DAKCFMEO_02045,WP_005613713.1,94.2,156,156,156,1.9e-81,296.2,1,1
DAKCFMEO_02046,WP_003377258.1,87.1,224,224,224,6.0e-113,401.4,1,1
DAKCFMEO_02047,WP_010205374.1,88.9,99,97,99,7.2e-47,180.6,1.02062,1
DAKCFMEO_02049,WP_011105169.1,68.6,392,403,392,7.4e-146,511.5,0.972705,1
DAKCFMEO_02051,WP_005771032.1,36.9,168,235,258,1.0e-17,85.1,0.714894,0.651163
DAKCFMEO_02052,WP_005763322.1,77.0,443,446,446,6.8e-209,721.1,0.993274,0.993274
DAKCFMEO_02053,WP_011104327.1,81.6,255,255,255,6.2e-130,458.0,1,1
DAKCFMEO_02057,WP_011103227.1,88.3,256,256,256,1.3e-124,440.3,1,1
DAKCFMEO_02061,WP_007247160.1,86.8,121,121,121,3.6e-56,211.8,1,1
DAKCFMEO_02062,WP_011103979.1,36.5,274,273,266,1.5e-33,137.9,1.00366,1.03008
DAKCFMEO_02071,WP_080597953.1,88.5,113,131,118,1.3e-54,206.8,0.862595,0.957627
DAKCFMEO_02079,WP_011103085.1,97.1,480,480,480,2.8e-269,921.8,1,1
DAKCFMEO_02080,WP_011103086.1,96.7,426,426,426,6.3e-236,810.8,1,1
DAKCFMEO_02081,WP_046463817.1,83.6,446,462,463,5.1e-207,714.9,0.965368,0.963283
DAKCFMEO_02083,WP_005768479.1,92.6,148,148,148,3.0e-76,278.9,1,1
DAKCFMEO_02084,WP_011105404.1,88.8,721,745,752,0.0e+00,1224.5,0.967785,0.958777
DAKCFMEO_02085,WP_011105403.1,91.0,266,267,266,1.2e-147,516.9,0.996255,1
DAKCFMEO_02086,WP_011105402.1,91.0,401,401,401,8.8e-216,743.8,1,1
DAKCFMEO_02087,WP_011105401.1,93.0,454,458,458,5.0e-239,821.2,0.991266,0.991266
DAKCFMEO_02088,WP_011105400.1,95.3,515,515,515,4.8e-275,941.0,1,1
DAKCFMEO_02089,WP_011105399.1,91.2,512,513,513,4.0e-269,921.4,0.998051,0.998051
DAKCFMEO_02090,WP_007247035.1,93.8,276,276,276,7.8e-147,514.2,1,1
DAKCFMEO_02091,WP_003380009.1,97.9,283,283,283,7.8e-150,524.2,1,1
DAKCFMEO_02092,WP_010218951.1,96.0,322,322,322,3.6e-183,635.2,1,1
DAKCFMEO_02093,WP_057443298.1,95.9,565,576,565,0.0e+00,1123.2,0.980903,1
DAKCFMEO_02096,WP_046463318.1,32.8,469,468,467,1.0e-45,179.1,1.00214,1.00428
DAKCFMEO_02097,WP_011104111.1,31.8,381,449,400,9.7e-46,179.1,0.848552,0.9525
DAKCFMEO_02102,WP_005765123.1,54.1,307,310,311,1.7e-97,350.5,0.990323,0.987138
DAKCFMEO_02103,WP_005765563.1,85.6,236,234,235,2.7e-116,412.5,1.00855,1.00426
DAKCFMEO_02104,WP_011105349.1,91.5,188,188,188,3.2e-99,355.5,1,1
DAKCFMEO_02105,WP_005765561.1,93.2,177,177,177,4.6e-92,331.6,1,1
DAKCFMEO_02106,WP_011105348.1,92.3,390,391,391,8.7e-200,690.6,0.997442,0.997442
DAKCFMEO_02107,WP_005765559.1,86.8,197,205,206,2.0e-99,356.3,0.960976,0.956311
DAKCFMEO_02108,WP_081011124.1,97.0,236,249,236,2.7e-130,459.1,0.947791,1
DAKCFMEO_02109,WP_005765557.1,89.4,454,454,454,3.2e-246,845.1,1,1
DAKCFMEO_02110,WP_011105319.1,89.8,421,422,418,9.6e-205,707.2,0.99763,1.00718
DAKCFMEO_02111,WP_005765469.1,88.4,293,294,297,2.3e-144,506.1,0.996599,0.986532
DAKCFMEO_02112,WP_005765433.1,93.8,259,259,259,2.5e-139,489.2,1,1
DAKCFMEO_02113,WP_005765431.1,59.7,124,159,130,5.3e-39,155.2,0.779874,0.953846
DAKCFMEO_02114,WP_005765429.1,98.0,558,558,558,0.0e+00,1100.5,1,1
DAKCFMEO_02115,WP_011105305.1,83.2,291,299,291,3.2e-130,459.1,0.973244,1
DAKCFMEO_02116,WP_003378783.1,93.9,99,99,99,3.1e-53,201.8,1,1
DAKCFMEO_02117,WP_011105304.1,92.9,282,283,283,2.3e-146,512.7,0.996466,0.996466
DAKCFMEO_02118,WP_005765423.1,87.6,266,266,266,1.3e-127,450.3,1,1
DAKCFMEO_02119,WP_046463872.1,75.0,204,211,212,8.5e-85,307.8,0.966825,0.962264
DAKCFMEO_02120,WP_011105302.1,84.8,310,310,311,7.5e-146,511.1,1,0.996785
DAKCFMEO_02121,WP_005765417.1,55.5,119,131,141,1.1e-29,124.0,0.908397,0.843972
DAKCFMEO_02122,WP_005765415.1,63.0,254,254,254,9.6e-83,301.2,1,1
DAKCFMEO_02123,WP_011105301.1,96.4,305,309,308,7.9e-164,570.9,0.987055,0.99026
DAKCFMEO_02124,WP_005765411.1,93.6,204,214,204,1.2e-107,383.6,0.953271,1
DAKCFMEO_02125,WP_011105300.1,94.6,239,239,239,7.5e-130,457.6,1,1
DAKCFMEO_02126,WP_011105299.1,97.9,468,468,468,5.4e-281,960.7,1,1
DAKCFMEO_02127,WP_011105298.1,91.6,499,624,625,1.4e-268,919.8,0.799679,0.7984
DAKCFMEO_02128,WP_003378760.1,92.3,182,182,182,1.4e-99,356.7,1,1
DAKCFMEO_02129,WP_003378759.1,96.9,192,192,192,1.5e-104,373.2,1,1
DAKCFMEO_02130,WP_005765402.1,88.2,634,634,629,6.5e-221,761.5,1,1.00795
DAKCFMEO_02131,WP_005765400.1,92.9,281,281,281,1.7e-157,549.7,1,1
DAKCFMEO_02132,WP_005765398.1,97.7,469,469,469,8.6e-271,926.8,1,1
DAKCFMEO_02133,WP_002551711.1,95.4,131,131,131,2.4e-69,255.8,1,1
DAKCFMEO_02134,WP_011105295.1,94.2,260,260,261,1.1e-147,516.9,1,0.996169
DAKCFMEO_02135,WP_007247340.1,97.3,485,485,485,5.6e-233,801.2,1,1
DAKCFMEO_02136,WP_005765392.1,97.2,212,212,212,5.1e-122,431.4,1,1
DAKCFMEO_02137,WP_005765391.1,85.8,429,429,429,3.0e-201,695.7,1,1
DAKCFMEO_02138,WP_011105293.1,96.7,301,301,301,1.2e-159,557.0,1,1
DAKCFMEO_02139,WP_005737391.1,97.4,272,273,274,1.6e-144,506.5,0.996337,0.992701
DAKCFMEO_02140,WP_011103118.1,93.4,257,257,257,2.3e-132,466.1,1,1
DAKCFMEO_02141,WP_005763521.1,90.2,438,435,438,7.1e-235,807.4,1.0069,1
DAKCFMEO_02142,WP_011103119.1,87.2,298,307,299,1.9e-154,539.7,0.970684,0.996656
DAKCFMEO_02143,WP_005763524.1,95.2,417,418,419,1.4e-216,746.5,0.997608,0.995227
DAKCFMEO_02144,WP_003373363.1,85.0,107,110,109,8.2e-47,180.6,0.972727,0.981651
DAKCFMEO_02145,WP_017698872.1,68.1,72,72,74,2.8e-19,88.6,1,0.972973
DAKCFMEO_02146,WP_011104478.1,91.6,441,441,441,1.9e-240,825.9,1,1
DAKCFMEO_02147,WP_011103123.1,94.6,1048,1050,1053,0.0e+00,1863.2,0.998095,0.995252
DAKCFMEO_02148,WP_005763543.1,80.9,425,425,422,5.7e-173,601.7,1,1.00711
DAKCFMEO_02149,WP_007244563.1,84.1,408,419,408,3.1e-187,649.0,0.973747,1
DAKCFMEO_02150,WP_003382360.1,96.4,224,224,224,2.4e-122,432.6,1,1
DAKCFMEO_02151,WP_011103124.1,77.5,463,463,463,6.2e-205,708.0,1,1
DAKCFMEO_02152,WP_003382364.1,87.2,133,133,133,5.1e-59,221.5,1,1
DAKCFMEO_02153,WP_005763550.1,81.3,107,135,136,2.7e-39,156.0,0.792593,0.786765
DAKCFMEO_02154,WP_011103125.1,69.1,560,560,561,5.0e-233,801.6,1,0.998217
DAKCFMEO_02157,WP_002555698.1,98.5,396,396,396,7.6e-220,757.3,1,1
DAKCFMEO_02158,WP_005763555.1,92.7,331,331,331,7.9e-178,617.5,1,1
DAKCFMEO_02159,WP_007244559.1,94.9,666,667,665,0.0e+00,1285.8,0.998501,1.0015
DAKCFMEO_02160,WP_011103126.1,95.4,347,349,347,6.8e-196,677.6,0.994269,1
DAKCFMEO_02161,WP_005763560.1,96.1,387,387,387,1.0e-205,710.3,1,1
DAKCFMEO_02162,WP_003382372.1,81.6,76,77,77,4.3e-34,137.9,0.987013,0.987013
DAKCFMEO_02164,WP_003382373.1,86.1,108,108,108,6.8e-54,204.1,1,1
DAKCFMEO_02165,WP_005763563.1,97.2,354,354,354,1.6e-200,693.0,1,1
DAKCFMEO_02166,WP_005763565.1,86.2,138,139,139,1.5e-66,246.5,0.992806,0.992806
DAKCFMEO_02167,WP_005763567.1,87.5,136,136,136,5.9e-63,234.6,1,1
DAKCFMEO_02168,WP_003382379.1,98.5,325,346,325,4.1e-193,668.3,0.939306,1
DAKCFMEO_02169,WP_011103127.1,96.0,176,176,176,1.3e-102,366.7,1,1
DAKCFMEO_02170,WP_011103128.1,98.5,686,686,686,0.0e+00,1401.3,1,1
DAKCFMEO_02171,WP_046463891.1,92.0,654,654,653,0.0e+00,1241.5,1,1.00153
DAKCFMEO_02172,WP_046463890.1,85.2,406,406,406,1.2e-204,706.8,1,1
DAKCFMEO_02173,WP_011103131.1,85.4,268,268,265,1.3e-122,433.7,1,1.01132
DAKCFMEO_02174,WP_011103132.1,52.7,431,422,598,6.8e-126,445.3,1.02133,0.720736
DAKCFMEO_02176,WP_007244552.1,95.4,432,432,432,1.8e-254,872.5,1,1
DAKCFMEO_02177,WP_005763583.1,97.3,366,366,366,8.1e-216,743.8,1,1
DAKCFMEO_02178,WP_005613930.1,97.7,346,346,346,5.3e-201,694.5,1,1
DAKCFMEO_02179,WP_011103135.1,83.9,248,248,248,1.7e-116,413.3,1,1
DAKCFMEO_02180,WP_005739631.1,99.0,397,446,402,1.6e-234,806.2,0.890135,0.987562
DAKCFMEO_02182,WP_011103103.1,84.4,256,259,259,1.8e-132,466.5,0.988417,0.988417
DAKCFMEO_02183,WP_011103104.1,73.5,701,696,677,2.4e-253,869.4,1.00718,1.03545
DAKCFMEO_02184,WP_005613805.1,93.8,291,291,291,6.3e-163,567.8,1,1
DAKCFMEO_02185,WP_005763490.1,92.6,215,215,214,4.9e-112,398.3,1,1.00467
DAKCFMEO_02187,WP_005613810.1,96.7,211,211,211,6.5e-117,414.5,1,1
DAKCFMEO_02188,WP_005763493.1,94.9,921,921,921,0.0e+00,1688.3,1,1
DAKCFMEO_02189,WP_003380192.1,91.6,95,95,95,1.5e-49,189.5,1,1
DAKCFMEO_02190,WP_005763495.1,90.2,316,316,316,1.7e-169,589.7,1,1
DAKCFMEO_02191,WP_161797821.1,72.3,314,314,314,6.5e-113,401.7,1,1
DAKCFMEO_02192,WP_007247038.1,93.1,160,160,160,1.1e-84,307.0,1,1
DAKCFMEO_02193,WP_005768460.1,92.8,265,265,264,6.4e-138,484.6,1,1.00379
DAKCFMEO_02194,WP_007247039.1,96.9,262,262,262,6.1e-117,414.8,1,1
DAKCFMEO_02195,WP_007247040.1,79.0,238,238,238,9.9e-98,350.9,1,1
DAKCFMEO_02196,WP_011105396.1,93.0,716,715,716,0.0e+00,1336.2,1.0014,1
DAKCFMEO_02197,WP_010203924.1,97.0,335,366,335,2.5e-185,642.5,0.915301,1
DAKCFMEO_02198,WP_011105395.1,98.2,224,224,224,9.3e-114,404.1,1,1
DAKCFMEO_02199,WP_005768450.1,89.5,257,257,257,1.1e-123,437.2,1,1
DAKCFMEO_02200,WP_011105394.1,76.2,210,210,210,1.4e-92,333.6,1,1
DAKCFMEO_02201,WP_003375846.1,31.9,282,299,295,6.5e-30,125.9,0.943144,0.955932
DAKCFMEO_02207,WP_007247044.1,64.9,171,192,162,2.5e-59,223.0,0.890625,1.05556
DAKCFMEO_02208,WP_007244877.1,40.2,512,530,670,1.7e-102,367.9,0.966038,0.764179
DAKCFMEO_02210,WP_011105393.1,83.2,214,216,216,7.6e-97,347.8,0.990741,0.990741
DAKCFMEO_02211,WP_011105392.1,89.8,509,510,510,6.5e-256,877.5,0.998039,0.998039
DAKCFMEO_02212,WP_003380033.1,95.9,246,246,246,8.0e-135,474.2,1,1
DAKCFMEO_02213,WP_005768437.1,91.8,352,352,352,3.9e-191,661.8,1,1
DAKCFMEO_02216,WP_005769461.1,93.5,93,95,95,8.9e-50,190.3,0.978947,0.978947
DAKCFMEO_02217,WP_161797764.1,95.5,695,705,695,0.0e+00,1334.3,0.985816,1
DAKCFMEO_02218,WP_011103010.1,94.5,181,182,181,1.5e-82,300.1,0.994505,1
DAKCFMEO_02221,WP_011103011.1,84.9,350,351,351,7.1e-177,614.4,0.997151,0.997151
DAKCFMEO_02222,WP_005768137.1,75.4,114,137,114,8.9e-51,194.1,0.832117,1
DAKCFMEO_02223,WP_003379415.1,84.4,77,77,77,5.2e-32,131.0,1,1
DAKCFMEO_02224,WP_005768138.1,89.5,143,143,143,5.8e-69,254.6,1,1
DAKCFMEO_02225,WP_005768139.1,97.3,333,333,333,2.2e-188,652.5,1,1
DAKCFMEO_02226,WP_003379418.1,87.8,74,74,74,7.2e-31,127.1,1,1
DAKCFMEO_02227,WP_005613459.1,81.9,72,72,71,4.3e-28,117.9,1,1.01408
DAKCFMEO_02228,WP_005768141.1,95.4,108,108,108,2.3e-49,189.1,1,1
DAKCFMEO_02229,WP_005768142.1,91.8,318,318,318,2.2e-169,589.3,1,1
DAKCFMEO_02230,WP_005768143.1,96.1,409,409,409,2.1e-236,812.4,1,1
DAKCFMEO_02231,WP_011103014.1,95.9,270,270,270,1.5e-142,500.0,1,1
DAKCFMEO_02232,WP_005768144.1,74.9,171,158,171,1.8e-50,193.4,1.08228,1
DAKCFMEO_02233,WP_005768145.1,79.0,272,274,274,6.6e-130,458.0,0.992701,0.992701
DAKCFMEO_02235,WP_005768148.1,87.7,316,316,316,5.6e-165,574.7,1,1
DAKCFMEO_02236,WP_005768150.1,93.0,501,501,501,7.5e-289,986.9,1,1
DAKCFMEO_02237,WP_011103015.1,86.0,308,308,308,2.1e-156,546.2,1,1
DAKCFMEO_02238,WP_005768154.1,71.4,105,105,105,2.3e-38,152.5,1,1
DAKCFMEO_02239,WP_011103665.1,66.8,208,225,248,5.9e-76,278.5,0.924444,0.83871
DAKCFMEO_02240,WP_046463924.1,80.2,242,244,244,7.2e-112,397.9,0.991803,0.991803
DAKCFMEO_02241,WP_005766631.1,94.7,262,262,262,2.6e-147,515.8,1,1
DAKCFMEO_02242,WP_005766633.1,78.1,114,114,116,1.0e-47,183.7,1,0.982759
DAKCFMEO_02243,WP_003381559.1,96.0,225,225,225,6.0e-121,427.9,1,1
DAKCFMEO_02244,WP_005739017.1,91.5,448,448,448,2.4e-230,792.3,1,1
DAKCFMEO_02246,WP_005766635.1,99.1,450,450,450,2.1e-242,832.4,1,1
DAKCFMEO_02247,WP_005766637.1,91.5,164,164,164,1.5e-89,323.2,1,1
DAKCFMEO_02249,WP_011103669.1,94.5,274,274,274,1.5e-153,536.6,1,1
DAKCFMEO_02250,WP_011103670.1,93.3,223,223,223,6.8e-125,441.0,1,1
DAKCFMEO_02252,WP_003381567.1,92.5,200,201,201,2.7e-104,372.5,0.995025,0.995025
DAKCFMEO_02253,WP_011103671.1,89.7,117,117,117,3.2e-57,215.3,1,1
DAKCFMEO_02254,WP_005739010.1,89.0,155,155,155,5.7e-78,284.6,1,1
DAKCFMEO_02255,WP_011103672.1,80.7,135,135,135,6.9e-64,237.7,1,1
DAKCFMEO_02256,WP_005766645.1,89.7,145,145,145,7.7e-77,280.8,1,1
DAKCFMEO_02257,WP_011103472.1,31.9,251,329,324,9.7e-27,115.5,0.762918,0.774691
DAKCFMEO_02259,WP_011103673.1,91.8,917,917,917,0.0e+00,1617.1,1,1
DAKCFMEO_02260,WP_005616363.1,94.7,300,300,300,2.5e-162,565.8,1,1
DAKCFMEO_02261,WP_011103674.1,88.9,451,451,451,7.3e-235,807.4,1,1
DAKCFMEO_02262,WP_007247360.1,97.7,747,747,747,0.0e+00,1466.8,1,1
DAKCFMEO_02263,WP_011103676.1,87.4,277,277,277,4.5e-142,498.4,1,1
DAKCFMEO_02264,WP_005616372.1,84.7,177,180,179,2.5e-69,256.1,0.983333,0.988827
DAKCFMEO_02265,WP_003381582.1,96.6,59,59,59,2.7e-28,118.2,1,1
DAKCFMEO_02266,WP_003381583.1,94.5,237,237,237,2.5e-125,442.6,1,1
DAKCFMEO_02267,WP_005766657.1,91.7,216,216,216,9.9e-113,400.6,1,1
DAKCFMEO_02268,WP_003381585.1,98.3,352,352,352,9.2e-201,693.7,1,1
DAKCFMEO_02269,WP_011103677.1,90.9,320,357,366,6.3e-165,574.7,0.896359,0.874317
DAKCFMEO_02270,WP_005616381.1,84.6,357,357,357,5.9e-163,568.2,1,1
DAKCFMEO_02271,WP_003381589.1,98.7,234,234,234,1.2e-132,466.8,1,1
DAKCFMEO_02272,WP_005766661.1,87.8,254,254,254,3.4e-136,478.8,1,1
DAKCFMEO_02273,WP_044393666.1,76.8,241,240,240,5.5e-96,345.1,1.00417,1.00417
DAKCFMEO_02274,WP_005766666.1,86.2,181,180,181,6.2e-84,304.7,1.00556,1
DAKCFMEO_02275,WP_005766669.1,94.8,442,442,442,2.6e-253,868.6,1,1
DAKCFMEO_02276,WP_005766671.1,97.0,203,203,203,7.4e-110,391.0,1,1
DAKCFMEO_02277,WP_005766673.1,91.4,431,431,431,3.4e-229,788.5,1,1
DAKCFMEO_02278,WP_005766675.1,92.6,216,216,216,8.9e-114,404.1,1,1
DAKCFMEO_02279,WP_011103680.1,91.1,302,302,302,5.5e-162,564.7,1,1
DAKCFMEO_02280,WP_011103681.1,83.1,332,333,334,2.8e-167,582.4,0.996997,0.994012
DAKCFMEO_02281,WP_005766682.1,94.8,484,486,486,2.2e-269,922.2,0.995885,0.995885
DAKCFMEO_02282,WP_005766684.1,91.3,173,173,173,2.4e-85,309.3,1,1
DAKCFMEO_02283,WP_005766686.1,90.3,350,350,350,9.8e-179,620.5,1,1
DAKCFMEO_02284,WP_005766688.1,85.7,189,190,190,2.0e-93,336.3,0.994737,0.994737
DAKCFMEO_02285,WP_011103682.1,70.7,242,243,243,4.7e-87,315.5,0.995885,0.995885
DAKCFMEO_02286,WP_161797812.1,87.2,399,402,399,1.7e-190,659.8,0.992537,1
DAKCFMEO_02287,WP_011103684.1,91.3,183,183,183,4.2e-96,345.1,1,1
DAKCFMEO_02288,WP_046463934.1,84.9,424,427,421,4.1e-211,728.4,0.992974,1.00713
DAKCFMEO_02290,WP_020306396.1,94.6,74,74,74,1.7e-35,142.5,1,1
DAKCFMEO_02291,WP_005766701.1,72.3,101,101,101,5.1e-35,141.4,1,1
DAKCFMEO_02292,WP_163004347.1,81.1,454,492,454,6.8e-194,671.4,0.922764,1
DAKCFMEO_02294,WP_005766707.1,48.7,78,104,104,4.6e-15,75.1,0.75,0.75
DAKCFMEO_02295,WP_005766709.1,81.3,198,200,199,4.4e-91,328.6,0.99,0.994975
DAKCFMEO_02296,WP_005766711.1,87.1,318,319,320,9.7e-157,547.4,0.996865,0.99375
DAKCFMEO_02297,WP_011103689.1,82.4,204,204,204,2.5e-102,365.9,1,1
DAKCFMEO_02298,WP_005766716.1,95.7,464,464,464,1.8e-257,882.5,1,1
DAKCFMEO_02299,WP_003314637.1,98.3,175,175,175,1.1e-88,320.5,1,1
DAKCFMEO_02300,WP_003378929.1,93.8,97,97,97,1.2e-49,189.9,1,1
DAKCFMEO_02301,WP_005766720.1,95.2,314,316,317,3.9e-166,578.6,0.993671,0.990536
DAKCFMEO_02302,WP_011103690.1,83.3,210,210,210,2.5e-100,359.4,1,1
DAKCFMEO_02303,WP_161797811.1,92.7,589,608,589,1.6e-306,1045.8,0.96875,1
DAKCFMEO_02304,WP_011103691.1,82.6,818,820,818,0.0e+00,1370.9,0.997561,1
DAKCFMEO_02305,WP_005766727.1,89.1,258,261,261,2.6e-139,489.2,0.988506,0.988506
DAKCFMEO_02306,WP_005766730.1,75.2,307,308,308,1.8e-128,453.4,0.996753,0.996753
DAKCFMEO_02307,WP_007245137.1,82.9,246,246,246,1.3e-113,403.7,1,1
DAKCFMEO_02308,WP_011103692.1,91.5,223,223,223,3.5e-121,428.7,1,1
DAKCFMEO_02309,WP_005766737.1,97.4,232,232,232,7.8e-132,464.2,1,1
DAKCFMEO_02310,WP_005766740.1,93.4,441,450,443,6.4e-223,767.7,0.98,0.995485
DAKCFMEO_02311,WP_005766742.1,93.6,358,358,358,1.1e-190,660.2,1,1
DAKCFMEO_02312,WP_005766744.1,99.0,886,928,928,0.0e+00,1616.3,0.954741,0.954741
DAKCFMEO_02313,WP_005766746.1,96.1,361,361,361,1.2e-206,713.4,1,1
DAKCFMEO_02314,WP_005616461.1,98.1,364,364,364,1.0e-202,700.3,1,1
DAKCFMEO_02315,WP_005766747.1,77.1,538,545,538,1.1e-229,790.4,0.987156,1
DAKCFMEO_02316,WP_005616463.1,96.1,229,229,229,8.9e-120,424.1,1,1
DAKCFMEO_02317,WP_002554562.1,97.9,563,561,563,3.8e-313,1067.8,1.00357,1
DAKCFMEO_02318,WP_002554561.1,100.0,97,98,98,2.9e-51,195.3,0.989796,0.989796
DAKCFMEO_02319,WP_005766750.1,47.5,80,83,80,1.9e-11,62.8,0.963855,1
DAKCFMEO_02320,WP_005766752.1,74.2,480,476,480,1.2e-211,730.3,1.0084,1
DAKCFMEO_02321,WP_011103695.1,70.8,325,325,326,3.2e-131,462.6,1,0.996933
DAKCFMEO_02322,WP_011103696.1,66.5,337,338,338,2.1e-125,443.4,0.997041,0.997041
DAKCFMEO_02323,WP_011103697.1,94.1,663,665,664,0.0e+00,1236.9,0.996992,0.998494
DAKCFMEO_02324,WP_005766760.1,63.6,110,110,109,7.7e-29,120.9,1,1.00917
DAKCFMEO_02325,WP_005766763.1,65.6,186,206,189,6.6e-66,245.0,0.902913,0.984127
DAKCFMEO_02326,WP_011103699.1,88.7,425,425,425,9.7e-213,733.8,1,1
DAKCFMEO_02327,WP_002554553.1,97.1,68,68,68,8.4e-34,136.7,1,1
DAKCFMEO_02328,WP_005766772.1,74.4,160,160,160,2.4e-63,236.1,1,1
DAKCFMEO_02329,WP_005766774.1,74.6,134,128,134,5.1e-48,184.9,1.04688,1
DAKCFMEO_02330,WP_005766776.1,70.9,378,377,378,2.5e-167,582.8,1.00265,1
DAKCFMEO_02331,WP_003373297.1,100.0,189,189,189,8.7e-105,374.0,1,1
DAKCFMEO_02332,WP_011103700.1,93.2,339,339,339,3.7e-183,635.2,1,1
DAKCFMEO_02333,WP_005766782.1,96.4,139,139,139,2.2e-73,269.2,1,1
DAKCFMEO_02334,WP_003373291.1,90.1,141,159,157,9.3e-68,250.8,0.886792,0.898089
DAKCFMEO_02335,WP_011103701.1,90.2,235,235,248,8.8e-115,407.5,1,0.947581
DAKCFMEO_02336,WP_032710594.1,84.1,283,284,293,4.3e-140,491.9,0.996479,0.96587
DAKCFMEO_02339,WP_046463922.1,67.5,77,77,77,3.4e-23,101.7,1,1
DAKCFMEO_02341,WP_005766790.1,96.2,448,448,448,1.2e-258,886.3,1,1
DAKCFMEO_02342,WP_005766792.1,92.1,253,253,253,2.1e-138,486.1,1,1
DAKCFMEO_02343,WP_003373273.1,98.2,562,556,562,8.6e-286,976.9,1.01079,1
DAKCFMEO_02344,WP_005766795.1,83.9,254,255,255,1.5e-128,453.4,0.996078,0.996078
DAKCFMEO_02345,WP_005766796.1,66.2,219,223,220,1.0e-88,320.9,0.982063,0.995455
DAKCFMEO_02346,WP_004397849.1,96.9,295,295,295,2.1e-158,552.7,1,1
DAKCFMEO_02347,WP_004657364.1,98.0,403,446,403,1.5e-240,826.2,0.903587,1
DAKCFMEO_02348,WP_005766799.1,86.9,130,131,131,4.8e-70,258.1,0.992366,0.992366
DAKCFMEO_02349,WP_004397843.1,94.4,161,161,161,2.6e-89,322.4,1,1
DAKCFMEO_02350,WP_005766801.1,83.4,781,787,783,0.0e+00,1276.5,0.992376,0.997446
DAKCFMEO_02351,WP_005766802.1,91.2,294,296,296,1.9e-159,556.2,0.993243,0.993243
DAKCFMEO_02352,WP_005766803.1,90.0,160,160,160,1.1e-81,297.0,1,1
DAKCFMEO_02354,WP_005766804.1,91.8,256,256,256,6.8e-129,454.5,1,1
DAKCFMEO_02360,WP_005766806.1,90.8,240,240,240,4.2e-128,451.8,1,1
DAKCFMEO_02361,WP_005764536.1,32.9,313,316,317,2.5e-48,187.2,0.990506,0.987382
DAKCFMEO_02366,WP_007245106.1,91.0,301,302,301,6.3e-158,551.2,0.996689,1
DAKCFMEO_02367,WP_005766812.1,83.5,388,391,397,6.9e-189,654.4,0.992327,0.97733
DAKCFMEO_02368,WP_011103705.1,87.5,329,329,329,1.5e-157,550.1,1,1
DAKCFMEO_02369,WP_011103706.1,86.9,527,527,527,9.1e-269,920.2,1,1
DAKCFMEO_02370,WP_011103707.1,80.7,202,201,204,5.2e-92,331.6,1.00498,0.990196
DAKCFMEO_02371,WP_005767686.1,92.4,301,301,301,2.1e-161,562.8,1,1
DAKCFMEO_02374,WP_005767688.1,89.8,285,284,285,2.7e-134,472.6,1.00352,1
DAKCFMEO_02375,WP_005767689.1,83.8,277,277,270,7.2e-124,438.0,1,1.02593
DAKCFMEO_02376,WP_005767690.1,87.0,100,100,100,6.1e-49,187.6,1,1
DAKCFMEO_02378,WP_011103709.1,92.3,274,275,273,3.6e-152,531.9,0.996364,1.00366
DAKCFMEO_02379,WP_005767692.1,85.4,103,103,103,9.7e-50,190.3,1,1
DAKCFMEO_02380,WP_011103710.1,97.5,484,484,484,2.0e-267,915.6,1,1
DAKCFMEO_02381,WP_005767695.1,88.7,186,186,186,9.8e-93,334.0,1,1
DAKCFMEO_02382,WP_011103711.1,86.5,451,451,450,3.6e-226,778.5,1,1.00222
DAKCFMEO_02383,WP_005767699.1,60.9,156,156,154,7.6e-14,71.6,1,1.01299
DAKCFMEO_02384,WP_004396544.1,95.1,225,225,225,7.9e-121,427.6,1,1
DAKCFMEO_02385,WP_005767701.1,59.1,137,135,137,3.6e-36,145.6,1.01481,1
DAKCFMEO_02386,WP_005767703.1,86.9,99,99,99,5.8e-44,171.0,1,1
DAKCFMEO_02387,WP_004396551.1,92.4,198,211,198,1.5e-102,366.7,0.938389,1
DAKCFMEO_02388,WP_005767709.1,93.7,287,287,287,1.2e-161,563.5,1,1
DAKCFMEO_02389,WP_004396553.1,97.6,209,209,209,1.2e-118,420.2,1,1
DAKCFMEO_02390,WP_004396554.1,98.5,272,272,272,2.6e-142,499.2,1,1
DAKCFMEO_02391,WP_005767714.1,91.5,260,261,257,8.5e-135,474.2,0.996169,1.01167
DAKCFMEO_02392,WP_005767716.1,92.1,63,63,63,8.3e-28,116.7,1,1
DAKCFMEO_02393,WP_005767718.1,87.5,409,407,408,1.7e-198,686.4,1.00491,1.00245
DAKCFMEO_02394,WP_005767720.1,94.5,469,469,469,3.8e-250,858.2,1,1
DAKCFMEO_02395,WP_005767723.1,97.1,137,137,137,2.8e-68,252.3,1,1
DAKCFMEO_02396,WP_005616613.1,93.5,169,170,170,8.7e-88,317.4,0.994118,0.994118
DAKCFMEO_02397,WP_011103722.1,88.2,331,334,334,4.5e-165,575.1,0.991018,0.991018
DAKCFMEO_02398,WP_011103723.1,94.2,874,874,874,0.0e+00,1626.7,1,1
DAKCFMEO_02399,WP_005731386.1,98.0,410,410,410,6.7e-219,754.2,1,1
DAKCFMEO_02400,WP_002554426.1,100.0,62,62,62,4.3e-29,120.9,1,1
DAKCFMEO_02404,WP_007245069.1,73.2,164,164,163,1.3e-64,240.4,1,1.00613
DAKCFMEO_02405,WP_005767763.1,96.9,480,480,480,1.9e-236,812.8,1,1
DAKCFMEO_02406,WP_002554423.1,99.0,105,105,108,1.6e-52,199.5,1,0.972222
DAKCFMEO_02408,WP_010204340.1,66.2,80,80,79,2.4e-24,105.5,1,1.01266
DAKCFMEO_02411,WP_005771485.1,90.9,208,208,208,4.4e-110,391.7,1,1
DAKCFMEO_02412,WP_005767798.1,67.8,199,199,199,7.3e-78,284.6,1,1
DAKCFMEO_02414,WP_044390572.1,94.5,308,308,308,2.1e-169,589.3,1,1
DAKCFMEO_02415,WP_011104938.1,87.3,306,306,307,1.9e-157,549.7,1,0.996743
DAKCFMEO_02419,WP_011104366.1,90.9,617,617,619,0.0e+00,1098.2,1,0.996769
DAKCFMEO_02421,WP_005765647.1,51.3,234,325,233,3.4e-64,240.0,0.72,1.00429
DAKCFMEO_02422,WP_011103732.1,72.6,318,320,320,8.0e-135,474.6,0.99375,0.99375
DAKCFMEO_02423,WP_046463918.1,49.4,89,92,93,9.3e-20,90.5,0.967391,0.956989
DAKCFMEO_02424,WP_011103731.1,61.9,674,685,693,1.1e-263,903.7,0.983942,0.972583
DAKCFMEO_02425,WP_011104226.1,38.8,129,132,127,3.3e-18,85.9,0.977273,1.01575
DAKCFMEO_02428,WP_011104931.1,57.8,256,257,257,3.3e-83,302.8,0.996109,0.996109
DAKCFMEO_02429,WP_005767834.1,32.0,294,309,303,6.7e-38,152.5,0.951456,0.970297
DAKCFMEO_02430,WP_005766833.1,77.6,161,167,167,1.3e-72,266.9,0.964072,0.964072
DAKCFMEO_02431,WP_005770794.1,72.9,214,214,218,9.2e-87,314.3,1,0.981651
DAKCFMEO_02432,WP_046463317.1,71.6,899,898,913,0.0e+00,1322.4,1.00111,0.984666
DAKCFMEO_02433,WP_046463305.1,55.6,81,83,82,9.3e-19,87.0,0.975904,0.987805
DAKCFMEO_02434,WP_161797783.1,72.8,320,360,333,1.3e-130,460.7,0.888889,0.960961
DAKCFMEO_02435,WP_046463536.1,68.3,268,268,270,3.3e-110,392.5,1,0.992593
DAKCFMEO_02436,WP_005767500.1,72.2,97,98,97,9.6e-39,153.7,0.989796,1
DAKCFMEO_02437,WP_011103739.1,72.7,681,695,691,3.3e-287,981.9,0.979856,0.985528
DAKCFMEO_02438,WP_007246046.1,49.8,283,296,302,8.0e-81,295.0,0.956081,0.937086
DAKCFMEO_02439,WP_005765721.1,34.6,390,360,396,5.2e-42,166.4,1.08333,0.984848
DAKCFMEO_02440,WP_005766635.1,53.3,430,434,450,6.0e-125,442.2,0.990783,0.955556
DAKCFMEO_02441,WP_005769588.1,52.3,434,434,435,2.6e-120,426.8,1,0.997701
DAKCFMEO_02442,WP_011104277.1,38.1,436,416,443,5.1e-81,296.2,1.04808,0.984199
DAKCFMEO_02443,WP_011103740.1,96.8,476,483,483,1.9e-273,935.6,0.985507,0.985507
DAKCFMEO_02444,WP_046463915.1,92.9,239,239,239,4.4e-122,431.8,1,1
DAKCFMEO_02445,WP_005767814.1,92.2,243,243,243,9.1e-123,434.1,1,1
DAKCFMEO_02447,WP_005767816.1,89.5,411,407,411,9.6e-218,750.4,1.00983,1
DAKCFMEO_02449,WP_005762877.1,31.4,296,301,302,4.0e-35,143.3,0.983389,0.980132
DAKCFMEO_02450,WP_005771032.1,37.4,171,254,258,2.3e-28,120.6,0.673228,0.662791
DAKCFMEO_02452,WP_005767820.1,95.3,296,296,296,1.4e-154,540.0,1,1
DAKCFMEO_02453,WP_011103748.1,95.2,505,505,505,2.6e-281,961.8,1,1
DAKCFMEO_02454,WP_005767827.1,94.5,385,385,385,9.1e-218,750.4,1,1
DAKCFMEO_02455,WP_011103750.1,95.0,458,458,458,2.0e-256,879.0,1,1
DAKCFMEO_02456,WP_005767834.1,97.7,301,301,303,2.9e-171,595.5,1,0.993399
DAKCFMEO_02457,WP_005767836.1,94.3,442,442,442,3.1e-230,792.0,1,1
DAKCFMEO_02458,WP_011103752.1,83.5,460,460,461,2.6e-219,755.7,1,0.997831
DAKCFMEO_02459,WP_005767839.1,91.6,415,415,415,8.3e-225,773.9,1,1
DAKCFMEO_02460,WP_005767841.1,94.8,496,496,496,5.7e-273,934.1,1,1
DAKCFMEO_02461,WP_011103753.1,88.6,429,428,429,7.4e-229,787.3,1.00234,1
DAKCFMEO_02462,WP_011103754.1,93.0,457,457,457,1.0e-239,823.5,1,1
DAKCFMEO_02463,WP_011103755.1,95.9,220,220,220,5.2e-117,414.8,1,1
DAKCFMEO_02464,WP_005767847.1,87.4,87,88,87,2.8e-21,95.5,0.988636,1
DAKCFMEO_02465,WP_007245030.1,89.3,178,181,181,9.2e-96,344.0,0.983425,0.983425
DAKCFMEO_02466,WP_011103756.1,91.0,432,432,432,3.8e-233,801.6,1,1
DAKCFMEO_02467,WP_005767853.1,80.6,206,206,206,8.0e-88,317.8,1,1
DAKCFMEO_02468,WP_011103757.1,87.0,677,677,677,0.0e+00,1194.5,1,1
DAKCFMEO_02471,WP_011103759.1,71.6,204,204,204,1.2e-80,293.9,1,1
DAKCFMEO_02472,WP_011103760.1,86.8,744,745,745,0.0e+00,1305.8,0.998658,0.998658
DAKCFMEO_02473,WP_044393960.1,67.3,294,353,300,1.3e-122,434.1,0.832861,0.98
DAKCFMEO_02474,WP_044393960.1,79.3,193,195,300,9.0e-97,347.4,0.989744,0.643333
DAKCFMEO_02477,WP_011104070.1,73.2,526,691,680,1.6e-233,803.5,0.761216,0.773529
DAKCFMEO_02480,WP_011103763.1,95.5,441,441,441,3.2e-243,835.1,1,1
DAKCFMEO_02481,WP_011103764.1,93.7,394,394,394,1.4e-221,763.1,1,1
DAKCFMEO_02482,WP_007244403.1,82.4,289,290,289,2.7e-137,482.6,0.996552,1
DAKCFMEO_02483,WP_005771604.1,96.7,456,457,457,4.9e-263,901.0,0.997812,0.997812
DAKCFMEO_02485,WP_007244400.1,87.5,224,224,224,2.1e-97,349.7,1,1
DAKCFMEO_02486,WP_011103766.1,84.2,533,533,533,5.1e-227,781.6,1,1
DAKCFMEO_02487,WP_005771596.1,88.3,231,231,231,2.4e-117,416.0,1,1
DAKCFMEO_02488,WP_003382703.1,89.7,68,69,68,3.3e-30,124.8,0.985507,1
DAKCFMEO_02489,WP_046463592.1,90.0,251,252,253,3.7e-127,448.7,0.996032,0.992095
DAKCFMEO_02491,WP_024667998.1,90.0,340,340,340,2.6e-184,639.0,1,1
DAKCFMEO_02492,WP_011103771.1,79.8,1173,1192,1173,0.0e+00,1933.3,0.98406,1
DAKCFMEO_02493,WP_005771583.1,88.8,240,241,241,1.3e-126,446.8,0.995851,0.995851
DAKCFMEO_02494,WP_007244389.1,89.8,372,372,372,1.2e-198,686.8,1,1
DAKCFMEO_02495,WP_161797788.1,84.0,413,447,413,9.9e-208,717.2,0.923937,1
DAKCFMEO_02496,WP_011103773.1,97.4,418,468,465,1.3e-221,763.5,0.893162,0.898925
DAKCFMEO_02497,WP_032606863.1,94.4,248,248,249,3.3e-136,478.8,1,0.995984
DAKCFMEO_02498,WP_005771571.1,81.9,155,155,155,5.0e-66,245.0,1,1
DAKCFMEO_02499,WP_005616754.1,76.4,106,103,104,3.7e-33,135.2,1.02913,1.01923
DAKCFMEO_02500,WP_032608868.1,91.3,229,229,252,1.2e-116,413.7,1,0.90873
DAKCFMEO_02501,WP_005771567.1,96.1,308,308,308,1.2e-164,573.5,1,1
DAKCFMEO_02502,WP_003382687.1,98.9,275,275,275,1.7e-157,549.7,1,1
DAKCFMEO_02503,WP_005767037.1,97.0,135,135,135,1.4e-69,256.5,1,1
DAKCFMEO_02504,WP_002554316.1,97.9,146,146,146,5.2e-73,268.1,1,1
DAKCFMEO_02505,WP_007244383.1,71.5,221,225,229,9.4e-66,244.6,0.982222,0.965066
DAKCFMEO_02506,WP_005767033.1,91.9,442,442,441,4.1e-222,765.0,1,1.00227
DAKCFMEO_02507,WP_017682472.1,81.7,60,63,63,2.0e-26,112.1,0.952381,0.952381
DAKCFMEO_02508,WP_005767027.1,97.6,246,246,246,5.7e-133,468.0,1,1
DAKCFMEO_02509,WP_002554310.1,100.0,262,262,262,1.3e-143,503.4,1,1
DAKCFMEO_02510,WP_007244381.1,93.5,231,238,237,2.7e-119,422.5,0.970588,0.974684
DAKCFMEO_02511,WP_005767023.1,99.2,369,369,369,4.3e-201,694.9,1,1
DAKCFMEO_02512,WP_005767021.1,91.5,414,413,416,8.0e-204,704.1,1.00242,0.995192
DAKCFMEO_02513,WP_005767017.1,81.6,686,685,686,1.6e-273,936.4,1.00146,1
DAKCFMEO_02514,WP_011103779.1,79.2,530,530,530,4.0e-224,771.9,1,1
DAKCFMEO_02515,WP_005767015.1,81.3,1191,1190,1191,0.0e+00,2008.8,1.00084,1
DAKCFMEO_02516,WP_005767013.1,74.2,968,968,968,0.0e+00,1424.8,1,1
DAKCFMEO_02517,WP_005767011.1,94.5,308,308,308,3.7e-169,588.6,1,1
DAKCFMEO_02518,WP_005767010.1,62.1,282,282,282,5.5e-71,262.3,1,1
DAKCFMEO_02519,WP_005767009.1,84.6,130,130,130,2.4e-53,202.6,1,1
DAKCFMEO_02520,WP_011103781.1,75.9,494,493,492,5.1e-189,655.2,1.00203,1.00407
DAKCFMEO_02521,WP_003382140.1,89.8,128,128,129,1.5e-60,226.5,1,0.992248
DAKCFMEO_02522,WP_002554297.1,90.8,98,98,98,2.3e-45,175.6,1,1
DAKCFMEO_02523,WP_003382141.1,97.6,491,491,491,1.4e-276,946.0,1,1
DAKCFMEO_02524,WP_044390087.1,91.2,399,404,404,1.0e-203,703.7,0.987624,0.987624
DAKCFMEO_02525,WP_011103783.1,91.3,471,471,471,2.5e-241,828.9,1,1
DAKCFMEO_02526,WP_003382144.1,94.5,109,109,109,9.3e-51,193.7,1,1
DAKCFMEO_02527,WP_007244370.1,96.8,594,593,594,5.2e-315,1073.5,1.00169,1
DAKCFMEO_02528,WP_002554291.1,99.7,338,338,338,4.9e-183,634.8,1,1
DAKCFMEO_02529,WP_005767003.1,88.0,274,274,272,1.1e-116,414.1,1,1.00735
DAKCFMEO_02530,WP_005767000.1,95.8,452,452,452,3.6e-250,858.2,1,1
DAKCFMEO_02531,WP_002554288.1,93.3,149,149,149,8.1e-74,270.8,1,1
DAKCFMEO_02532,WP_005616835.1,78.0,100,100,100,5.7e-39,154.5,1,1
DAKCFMEO_02533,WP_011103785.1,82.5,565,565,568,2.9e-273,935.3,1,0.994718
DAKCFMEO_02534,WP_005766990.1,73.7,118,118,118,7.0e-44,171.0,1,1
DAKCFMEO_02535,WP_011103786.1,60.5,474,474,474,1.8e-87,317.8,1,1
DAKCFMEO_02536,WP_007244365.1,94.6,167,166,167,7.7e-81,294.3,1.00602,1
DAKCFMEO_02537,WP_003378750.1,97.2,322,322,322,4.1e-179,621.7,1,1
DAKCFMEO_02538,WP_003378749.1,93.5,153,153,152,3.5e-72,265.4,1,1.00658
DAKCFMEO_02539,WP_005766986.1,86.0,136,136,146,5.2e-59,221.5,1,0.931507
DAKCFMEO_02540,WP_007244364.1,96.4,250,250,250,2.3e-121,429.5,1,1
DAKCFMEO_02541,WP_002554277.1,93.3,89,89,89,1.0e-39,156.8,1,1
DAKCFMEO_02542,WP_007244363.1,88.4,258,261,258,2.7e-120,426.0,0.988506,1
DAKCFMEO_02543,WP_005766982.1,90.7,378,378,378,5.4e-191,661.4,1,1
DAKCFMEO_02544,WP_005616857.1,96.2,709,709,709,0.0e+00,1258.8,1,1
DAKCFMEO_02545,WP_005766980.1,97.5,442,442,442,1.2e-242,833.2,1,1
DAKCFMEO_02546,WP_003412391.1,100.0,277,277,277,7.8e-155,540.8,1,1
DAKCFMEO_02547,WP_003378731.1,99.6,246,246,246,3.6e-135,475.3,1,1
DAKCFMEO_02548,WP_003378730.1,97.6,124,124,128,3.2e-63,235.3,1,0.96875
DAKCFMEO_02549,WP_005766975.1,96.9,261,261,261,7.9e-141,494.2,1,1
DAKCFMEO_02550,WP_011103790.1,93.9,755,752,748,4.4e-269,921.8,1.00399,1.00936
DAKCFMEO_02551,WP_010207872.1,95.1,390,390,390,1.9e-175,609.8,1,1
DAKCFMEO_02552,WP_003378725.1,95.1,246,246,246,9.5e-128,450.7,1,1
DAKCFMEO_02553,WP_011103791.1,93.2,295,295,295,5.4e-154,538.1,1,1
DAKCFMEO_02554,WP_005766970.1,98.9,262,262,262,2.0e-144,506.1,1,1
DAKCFMEO_02555,WP_007244357.1,84.7,287,287,295,9.4e-111,394.4,1,0.972881
DAKCFMEO_02556,WP_002554262.1,100.0,159,159,159,3.8e-85,308.5,1,1
DAKCFMEO_02557,WP_005766966.1,91.7,133,133,133,1.7e-62,233.0,1,1
DAKCFMEO_02558,WP_005766964.1,91.2,182,182,182,1.1e-93,337.0,1,1
DAKCFMEO_02559,WP_007244356.1,91.8,244,244,244,2.2e-124,439.5,1,1
DAKCFMEO_02561,WP_005766956.1,67.3,98,154,155,4.5e-27,115.5,0.636364,0.632258
DAKCFMEO_02562,WP_011103794.1,79.8,460,460,460,8.0e-221,760.8,1,1
DAKCFMEO_02563,WP_005766954.1,85.0,227,227,227,1.3e-110,393.7,1,1
DAKCFMEO_02564,WP_005766953.1,71.0,62,72,67,2.3e-18,85.5,0.861111,0.925373
DAKCFMEO_02565,WP_005766952.1,80.6,820,817,823,0.0e+00,1301.2,1.00367,0.996355
DAKCFMEO_02566,WP_011103795.1,74.9,179,179,178,6.3e-73,268.1,1,1.00562
DAKCFMEO_02567,WP_007244349.1,78.8,471,471,470,8.8e-215,740.7,1,1.00213
DAKCFMEO_02568,WP_005766948.1,85.3,150,150,150,1.9e-70,259.6,1,1
DAKCFMEO_02569,WP_005766946.1,86.7,83,81,83,1.7e-33,136.0,1.02469,1
DAKCFMEO_02570,WP_005766943.1,77.7,323,325,325,3.0e-153,535.8,0.993846,0.993846
DAKCFMEO_02571,WP_005766941.1,77.2,57,59,63,5.1e-19,87.4,0.966102,0.904762
DAKCFMEO_02572,WP_011103796.1,89.1,202,202,202,5.4e-105,374.8,1,1
DAKCFMEO_02573,WP_011103797.1,89.6,480,480,480,1.0e-263,903.3,1,1
DAKCFMEO_02574,WP_010207888.1,75.0,228,226,229,1.2e-97,350.5,1.00885,0.995633
DAKCFMEO_02575,WP_046464008.1,56.6,152,152,152,5.4e-49,188.3,1,1
DAKCFMEO_02578,WP_046463456.1,69.7,618,713,625,1.8e-243,836.6,0.86676,0.9888
DAKCFMEO_02579,WP_005766927.1,55.6,162,175,178,1.3e-46,180.6,0.925714,0.910112
DAKCFMEO_02580,WP_011103803.1,42.9,210,221,220,1.8e-45,177.2,0.950226,0.954545
DAKCFMEO_02581,WP_011103804.1,93.1,521,521,521,3.0e-216,745.7,1,1
DAKCFMEO_02582,WP_046463454.1,69.2,263,263,263,7.1e-105,374.8,1,1
DAKCFMEO_02583,WP_007244335.1,92.9,914,914,914,0.0e+00,1724.5,1,1
DAKCFMEO_02584,WP_011103806.1,93.5,356,360,357,1.8e-204,706.1,0.988889,0.997199
DAKCFMEO_02585,WP_005766916.1,84.5,84,84,84,4.1e-38,151.4,1,1
DAKCFMEO_02586,WP_005766914.1,86.2,378,383,380,6.3e-195,674.5,0.986945,0.994737
DAKCFMEO_02587,WP_003378668.1,80.7,57,59,56,2.1e-20,92.0,0.966102,1.01786
DAKCFMEO_02588,WP_005766911.1,85.6,589,592,589,4.9e-279,954.5,0.994932,1
DAKCFMEO_02589,WP_003378666.1,96.8,93,93,93,2.2e-48,185.7,1,1
DAKCFMEO_02590,WP_005766910.1,88.9,180,180,180,2.0e-95,342.8,1,1
DAKCFMEO_02591,WP_057443274.1,76.7,270,275,275,2.1e-123,436.4,0.981818,0.981818
DAKCFMEO_02592,WP_005766904.1,94.5,55,55,55,4.9e-24,104.0,1,1
DAKCFMEO_02593,WP_005766903.1,95.8,453,454,454,8.7e-244,837.0,0.997797,0.997797
DAKCFMEO_02594,WP_024667462.1,97.0,232,244,232,7.0e-123,434.5,0.95082,1
DAKCFMEO_02595,WP_005766899.1,85.7,336,336,335,3.4e-168,585.5,1,1.00299
DAKCFMEO_02596,WP_032710620.1,88.1,310,311,314,1.3e-158,553.5,0.996785,0.987261
DAKCFMEO_02600,WP_005766893.1,90.0,200,200,200,6.1e-109,387.9,1,1
DAKCFMEO_02601,WP_011103812.1,77.3,128,128,128,2.1e-54,206.1,1,1
DAKCFMEO_02602,WP_007244324.1,87.8,123,123,125,4.2e-60,224.9,1,0.984
DAKCFMEO_02603,WP_007244323.1,97.2,181,181,202,8.6e-94,337.4,1,0.89604
DAKCFMEO_02604,WP_003378641.1,93.5,185,185,185,2.8e-100,359.0,1,1
DAKCFMEO_02605,WP_003378639.1,66.0,106,106,105,2.9e-33,135.6,1,1.00952
DAKCFMEO_02606,WP_003378637.1,97.4,196,196,196,1.1e-107,383.6,1,1
DAKCFMEO_02607,WP_011103814.1,93.4,302,302,302,5.0e-171,594.7,1,1
DAKCFMEO_02608,WP_044390159.1,89.7,261,266,261,1.7e-138,486.5,0.981203,1
DAKCFMEO_02610,WP_011103816.1,86.1,324,323,343,3.0e-150,525.8,1.0031,0.944606
DAKCFMEO_02611,WP_007244321.1,98.1,363,363,363,8.9e-207,713.8,1,1
DAKCFMEO_02612,WP_005766876.1,86.1,389,387,394,5.6e-191,661.4,1.00517,0.98731
DAKCFMEO_02613,WP_005616977.1,92.6,204,204,204,4.8e-109,388.3,1,1
DAKCFMEO_02614,WP_011103818.1,92.3,181,181,181,2.3e-99,355.9,1,1
DAKCFMEO_02615,WP_005766869.1,81.5,227,227,227,1.2e-103,370.5,1,1
DAKCFMEO_02616,WP_003378621.1,69.9,239,240,240,6.3e-100,358.2,0.995833,0.995833
DAKCFMEO_02617,WP_003315128.1,95.7,92,92,92,2.6e-46,178.7,1,1
DAKCFMEO_02619,WP_011103820.1,86.6,172,172,172,1.4e-82,300.1,1,1
DAKCFMEO_02620,WP_007244314.1,83.8,308,308,305,2.6e-127,449.5,1,1.00984
DAKCFMEO_02621,WP_002552853.1,90.5,63,63,63,9.2e-27,113.2,1,1
DAKCFMEO_02622,WP_005766858.1,95.5,286,286,286,7.3e-164,570.9,1,1
DAKCFMEO_02623,WP_011103821.1,93.4,697,697,695,0.0e+00,1321.2,1,1.00288
DAKCFMEO_02624,WP_003378612.1,88.5,78,78,78,1.3e-33,136.3,1,1
DAKCFMEO_02625,WP_005617305.1,95.6,113,113,113,4.6e-61,228.0,1,1
DAKCFMEO_02626,WP_005617003.1,98.7,469,469,469,1.4e-276,946.0,1,1
DAKCFMEO_02627,WP_003378609.1,99.4,319,319,319,4.6e-183,634.8,1,1
DAKCFMEO_02628,WP_003378608.1,91.3,276,276,276,2.7e-147,515.8,1,1
DAKCFMEO_02629,WP_005766850.1,83.9,124,124,123,2.1e-51,196.1,1,1.00813
DAKCFMEO_02630,WP_011103822.1,85.3,238,242,242,4.8e-124,438.3,0.983471,0.983471
DAKCFMEO_02631,WP_005617011.1,95.7,323,323,323,8.8e-182,630.6,1,1
DAKCFMEO_02632,WP_005738376.1,85.6,229,229,229,1.5e-106,380.2,1,1
DAKCFMEO_02634,WP_007244311.1,79.8,104,104,109,4.8e-49,188.0,1,0.954128
DAKCFMEO_02635,WP_024667446.1,66.9,130,135,139,5.5e-45,174.9,0.962963,0.935252
DAKCFMEO_02637,WP_011103824.1,84.4,122,122,122,1.0e-58,220.3,1,1
DAKCFMEO_02639,WP_007246451.1,48.8,80,92,120,2.1e-16,79.3,0.869565,0.666667
DAKCFMEO_02641,WP_005771315.1,89.6,249,249,249,2.5e-120,426.0,1,1
DAKCFMEO_02642,WP_011103847.1,87.9,182,185,188,1.1e-93,337.0,0.983784,0.968085
DAKCFMEO_02645,WP_011103848.1,94.2,918,914,918,0.0e+00,1745.3,1.00438,1
DAKCFMEO_02646,WP_011103849.1,82.2,174,174,174,4.0e-80,292.0,1,1
DAKCFMEO_02647,WP_011103850.1,96.5,1150,1150,1150,0.0e+00,2157.9,1,1
DAKCFMEO_02648,WP_007244218.1,97.7,487,487,487,3.5e-275,941.4,1,1
DAKCFMEO_02649,WP_011103851.1,85.5,415,421,420,4.8e-204,704.9,0.985748,0.988095
DAKCFMEO_02650,WP_046464042.1,50.1,373,386,375,1.2e-95,344.7,0.966321,0.994667
DAKCFMEO_02652,WP_011103852.1,95.1,432,430,432,1.8e-230,792.7,1.00465,1
DAKCFMEO_02653,WP_005771329.1,68.7,323,334,327,1.9e-123,436.8,0.967066,0.987768
DAKCFMEO_02654,WP_005771330.1,97.2,464,464,464,7.5e-267,913.7,1,1
DAKCFMEO_02655,WP_003383089.1,95.8,240,240,240,5.4e-136,478.0,1,1
DAKCFMEO_02656,WP_005771334.1,82.1,195,195,195,1.8e-84,306.6,1,1
DAKCFMEO_02657,WP_007244213.1,92.0,386,386,416,2.3e-197,682.6,1,0.927885
DAKCFMEO_02658,WP_003383085.1,97.0,232,232,232,1.1e-125,443.7,1,1
DAKCFMEO_02659,WP_005771340.1,96.4,414,414,414,8.6e-206,710.7,1,1
DAKCFMEO_02660,WP_011104627.1,34.2,459,453,462,2.9e-58,220.7,1.01325,0.993506
DAKCFMEO_02661,WP_002554192.1,57.3,225,226,229,2.8e-73,269.6,0.995575,0.982533
DAKCFMEO_02662,WP_005771341.1,91.3,276,276,276,3.5e-147,515.4,1,1
DAKCFMEO_02663,WP_007244210.1,79.8,89,88,89,2.2e-34,139.0,1.01136,1
DAKCFMEO_02664,WP_046464043.1,78.9,204,203,202,1.0e-90,327.4,1.00493,1.0099
DAKCFMEO_02665,WP_003382959.1,88.4,233,233,233,1.1e-122,433.7,1,1
DAKCFMEO_02666,WP_003382960.1,90.8,98,99,99,1.3e-46,179.9,0.989899,0.989899
DAKCFMEO_02667,WP_011103855.1,94.4,393,393,394,1.7e-211,729.6,1,0.997462
DAKCFMEO_02668,WP_003315067.1,99.4,161,161,161,1.0e-85,310.5,1,1
DAKCFMEO_02669,WP_005771350.1,91.3,310,311,309,2.7e-156,545.8,0.996785,1.00324
DAKCFMEO_02671,WP_011104677.1,46.2,730,723,722,1.7e-172,600.9,1.00968,1.01108
DAKCFMEO_02672,WP_011103856.1,86.6,411,413,415,1.4e-203,703.4,0.995157,0.990361
DAKCFMEO_02673,WP_011103857.1,73.1,134,136,147,4.2e-53,201.8,0.985294,0.911565
DAKCFMEO_02674,WP_002556012.1,60.0,60,64,66,6.9e-14,70.5,0.9375,0.909091
DAKCFMEO_02675,WP_005740380.1,46.2,91,93,91,1.4e-18,86.7,0.978495,1
DAKCFMEO_02677,WP_011103861.1,87.8,311,312,336,3.2e-165,575.5,0.996795,0.925595
DAKCFMEO_02678,WP_005770721.1,87.4,143,143,143,1.9e-67,249.6,1,1
DAKCFMEO_02679,WP_003382984.1,93.5,153,154,154,1.1e-76,280.4,0.993506,0.993506
DAKCFMEO_02680,WP_046464039.1,79.6,774,775,775,0.0e+00,1182.9,0.99871,0.99871
DAKCFMEO_02681,WP_005617102.1,93.2,222,222,222,3.3e-111,395.6,1,1
DAKCFMEO_02682,WP_011103863.1,81.9,393,394,394,1.3e-182,633.6,0.997462,0.997462
DAKCFMEO_02683,WP_005617103.1,87.4,175,175,174,1.1e-85,310.5,1,1.00575
DAKCFMEO_02684,WP_007246342.1,94.4,177,178,178,3.2e-93,335.5,0.994382,0.994382
DAKCFMEO_02685,WP_044390135.1,83.7,252,252,252,4.0e-121,428.7,1,1
DAKCFMEO_02686,WP_162839071.1,87.9,4339,4339,4337,0.0e+00,7698.6,1,1.00046
DAKCFMEO_02687,WP_005770701.1,93.6,470,470,470,5.4e-257,880.9,1,1
DAKCFMEO_02688,WP_005770699.1,98.7,75,75,75,1.3e-40,159.5,1,1
DAKCFMEO_02689,WP_005770697.1,86.7,301,302,309,1.3e-139,490.3,0.996689,0.97411
DAKCFMEO_02690,WP_011103866.1,98.3,299,299,299,6.5e-131,461.5,1,1
DAKCFMEO_02691,WP_005770693.1,91.4,244,254,250,2.2e-127,449.5,0.96063,0.976
DAKCFMEO_02692,WP_010204647.1,94.2,310,310,310,9.4e-165,573.9,1,1
DAKCFMEO_02693,WP_005770688.1,84.2,190,189,190,9.0e-86,310.8,1.00529,1
DAKCFMEO_02694,WP_005770686.1,90.2,112,112,110,9.2e-54,203.8,1,1.01818
DAKCFMEO_02695,WP_005770684.1,90.6,180,180,180,2.2e-97,349.4,1,1
DAKCFMEO_02696,WP_044390137.1,92.4,406,403,404,7.8e-220,757.3,1.00744,1.00495
DAKCFMEO_02697,WP_011103869.1,97.2,325,325,325,2.0e-189,656.0,1,1
DAKCFMEO_02698,WP_046464036.1,85.9,1136,1136,1136,0.0e+00,1938.3,1,1
DAKCFMEO_02699,WP_011103871.1,81.6,2625,2599,2625,0.0e+00,4273.8,1.01,1
DAKCFMEO_02700,WP_011103872.1,83.4,2157,2156,2151,0.0e+00,3582.7,1.00046,1.00279
DAKCFMEO_02701,WP_011103873.1,83.9,2879,2881,2875,0.0e+00,4778.0,0.999306,1.00139
DAKCFMEO_02702,WP_046463309.1,78.9,809,809,803,0.0e+00,1315.4,1,1.00747
DAKCFMEO_02703,WP_005769699.1,83.8,748,748,743,0.0e+00,1263.8,1,1.00673
DAKCFMEO_02704,WP_011103875.1,92.8,554,554,554,2.9e-294,1005.0,1,1
DAKCFMEO_02705,WP_044390144.1,89.5,287,286,292,4.3e-156,545.0,1.0035,0.982877
DAKCFMEO_02706,WP_011103877.1,85.7,426,426,427,2.6e-221,762.3,1,0.997658
DAKCFMEO_02707,WP_007246323.1,93.3,447,447,447,1.8e-249,855.9,1,1
DAKCFMEO_02708,WP_011103878.1,91.2,536,536,544,2.7e-313,1068.1,1,0.985294
DAKCFMEO_02709,WP_046463311.1,86.1,461,467,462,8.1e-221,760.8,0.987152,0.997835
DAKCFMEO_02710,WP_005769685.1,88.4,657,655,656,0.0e+00,1105.9,1.00305,1.00152
DAKCFMEO_02711,WP_005769683.1,87.9,390,390,390,4.2e-178,618.6,1,1
DAKCFMEO_02712,WP_011103880.1,84.0,773,782,773,0.0e+00,1330.9,0.988491,1
DAKCFMEO_02714,WP_011103882.1,96.0,398,398,398,6.9e-221,760.8,1,1
DAKCFMEO_02715,WP_005769676.1,96.3,671,671,671,0.0e+00,1264.2,1,1
DAKCFMEO_02716,WP_005764106.1,83.9,310,310,310,2.3e-155,542.7,1,1
DAKCFMEO_02717,WP_005764108.1,80.6,98,117,105,1.9e-38,152.9,0.837607,0.933333
DAKCFMEO_02718,WP_005764110.1,90.2,163,163,163,8.6e-85,307.4,1,1
DAKCFMEO_02719,WP_005764112.1,92.2,409,410,409,1.7e-209,723.0,0.997561,1
DAKCFMEO_02720,WP_011103489.1,99.2,254,254,254,3.2e-147,515.4,1,1
DAKCFMEO_02721,WP_005764114.1,93.7,365,365,365,1.4e-199,689.9,1,1
DAKCFMEO_02722,WP_011103488.1,92.9,393,393,393,1.3e-208,719.9,1,1
DAKCFMEO_02723,WP_005764116.1,94.2,342,342,342,6.9e-185,641.0,1,1
DAKCFMEO_02724,WP_007244032.1,88.1,219,219,219,3.4e-113,402.1,1,1
DAKCFMEO_02725,WP_046463295.1,92.0,489,488,486,1.2e-246,846.7,1.00205,1.00617
DAKCFMEO_02726,WP_005736458.1,91.2,148,149,148,3.5e-77,282.0,0.993289,1
DAKCFMEO_02727,WP_005764130.1,81.5,81,81,81,1.6e-36,146.0,1,1
DAKCFMEO_02728,WP_005764132.1,90.5,158,161,161,7.2e-76,277.7,0.981366,0.981366
DAKCFMEO_02729,WP_003376021.1,98.7,464,464,464,5.0e-271,927.5,1,1
DAKCFMEO_02730,WP_046463297.1,84.4,392,392,392,7.6e-196,677.6,1,1
DAKCFMEO_02731,WP_005764136.1,91.9,259,259,259,2.5e-134,472.6,1,1
DAKCFMEO_02732,WP_005764140.1,95.0,438,438,438,2.9e-244,838.6,1,1
DAKCFMEO_02733,WP_005764142.1,96.6,493,493,493,2.8e-280,958.4,1,1
DAKCFMEO_02734,WP_005764144.1,93.1,390,390,390,2.8e-206,712.2,1,1
DAKCFMEO_02735,WP_003376036.1,91.3,470,470,470,1.6e-237,816.2,1,1
DAKCFMEO_02736,WP_005615404.1,92.5,494,493,493,9.0e-279,953.4,1.00203,1.00203
DAKCFMEO_02737,WP_011103483.1,85.4,536,536,536,1.5e-263,902.9,1,1
DAKCFMEO_02738,WP_011103482.1,96.5,479,485,479,1.5e-278,952.6,0.987629,1
DAKCFMEO_02739,WP_011103481.1,92.9,380,377,378,8.3e-208,717.2,1.00796,1.00529
DAKCFMEO_02740,WP_005764153.1,96.3,518,518,518,2.0e-289,988.8,1,1
DAKCFMEO_02741,WP_011103480.1,93.4,391,391,391,3.6e-214,738.4,1,1
DAKCFMEO_02742,WP_003376052.1,92.3,222,222,222,2.3e-112,399.4,1,1
DAKCFMEO_02743,WP_007244046.1,96.7,483,483,483,6.3e-277,947.2,1,1
DAKCFMEO_02744,WP_011103479.1,67.4,635,867,922,3.9e-253,869.0,0.732411,0.68872
DAKCFMEO_02746,WP_005764169.1,86.4,154,154,154,9.3e-73,267.3,1,1
DAKCFMEO_02747,WP_011103477.1,91.9,272,272,272,2.7e-139,489.2,1,1
DAKCFMEO_02748,WP_011103474.1,91.2,283,284,286,2.5e-148,519.2,0.996479,0.98951
DAKCFMEO_02749,WP_003365425.1,86.4,66,66,66,3.5e-29,121.3,1,1
DAKCFMEO_02751,WP_005764177.1,80.0,475,496,498,3.2e-215,742.3,0.957661,0.953815
DAKCFMEO_02752,WP_005615366.1,92.9,312,315,315,1.9e-165,576.2,0.990476,0.990476
DAKCFMEO_02753,WP_011103472.1,92.0,324,324,324,5.9e-170,591.3,1,1
DAKCFMEO_02754,WP_007244060.1,88.9,297,303,300,1.5e-151,530.0,0.980198,0.99
DAKCFMEO_02755,WP_005764184.1,85.8,289,292,291,4.9e-147,515.0,0.989726,0.993127
DAKCFMEO_02756,WP_011103471.1,70.4,108,109,110,8.1e-39,154.1,0.990826,0.981818
DAKCFMEO_02757,WP_046463402.1,74.8,516,524,513,1.7e-227,783.1,0.984733,1.00585
DAKCFMEO_02758,WP_007244063.1,79.8,104,128,114,6.2e-38,151.4,0.8125,0.912281
DAKCFMEO_02759,WP_010205787.1,86.2,167,167,167,6.5e-80,291.2,1,1
DAKCFMEO_02760,WP_005764194.1,83.4,325,325,325,5.4e-155,541.6,1,1
DAKCFMEO_02761,WP_011103468.1,95.5,782,782,782,0.0e+00,1530.8,1,1
DAKCFMEO_02762,WP_005764200.1,93.6,141,142,142,3.3e-72,265.4,0.992958,0.992958
DAKCFMEO_02763,WP_005764206.1,80.0,110,110,110,1.7e-44,172.9,1,1
DAKCFMEO_02768,WP_007244070.1,75.5,110,109,110,4.8e-23,101.7,1.00917,1
DAKCFMEO_02769,WP_011103464.1,95.1,162,162,162,4.2e-84,305.1,1,1
DAKCFMEO_02770,WP_005764221.1,93.1,87,90,88,1.8e-39,156.0,0.966667,0.988636
DAKCFMEO_02771,WP_007244073.1,88.9,415,412,416,3.2e-213,735.3,1.00728,0.997596
DAKCFMEO_02772,WP_046463403.1,87.4,738,738,737,0.0e+00,1248.0,1,1.00136
DAKCFMEO_02773,WP_005764227.1,92.7,668,706,706,0.0e+00,1270.4,0.946176,0.946176
DAKCFMEO_02774,WP_005764229.1,80.1,654,654,654,1.7e-296,1012.7,1,1
DAKCFMEO_02775,WP_005764231.1,83.1,290,290,290,4.5e-145,508.4,1,1
DAKCFMEO_02777,WP_005768735.1,83.1,267,267,267,5.3e-132,464.9,1,1
DAKCFMEO_02779,WP_011103459.1,90.4,303,303,306,3.6e-161,562.0,1,0.990196
DAKCFMEO_02780,WP_005768738.1,82.7,150,150,150,2.7e-69,255.8,1,1
DAKCFMEO_02782,WP_011103458.1,85.6,201,201,201,3.6e-101,362.1,1,1
DAKCFMEO_02783,WP_005768834.1,37.5,259,320,302,4.2e-35,143.3,0.809375,0.857616
DAKCFMEO_02784,WP_005768741.1,90.0,190,189,190,6.2e-95,341.3,1.00529,1
DAKCFMEO_02785,WP_005768743.1,86.0,236,236,236,2.2e-113,402.9,1,1
DAKCFMEO_02786,WP_005768747.1,92.5,186,186,187,2.8e-95,342.4,1,0.994652
DAKCFMEO_02787,WP_003379302.1,96.7,123,123,123,2.9e-61,228.8,1,1
DAKCFMEO_02788,WP_005768750.1,93.9,98,98,98,2.1e-49,189.1,1,1
DAKCFMEO_02789,WP_005768752.1,92.9,112,113,113,1.8e-57,216.1,0.99115,0.99115
DAKCFMEO_02790,WP_005736511.1,98.4,320,320,320,4.8e-180,624.8,1,1
DAKCFMEO_02791,WP_003380444.1,36.2,177,199,187,6.3e-29,122.1,0.889447,0.946524
DAKCFMEO_02792,WP_007244082.1,93.9,247,253,253,3.8e-132,465.3,0.976285,0.976285
DAKCFMEO_02793,WP_011103457.1,48.3,118,118,114,2.3e-23,102.8,1,1.03509
DAKCFMEO_02795,WP_011104442.1,97.0,363,363,503,1.1e-209,723.4,1,0.72167
DAKCFMEO_02797,WP_010201143.1,94.5,403,403,403,1.2e-220,760.0,1,1
DAKCFMEO_02798,WP_005767873.1,91.4,475,475,474,2.2e-245,842.4,1,1.00211
DAKCFMEO_02799,WP_005614195.1,89.0,364,364,364,6.8e-191,661.0,1,1
DAKCFMEO_02800,WP_002551953.1,98.3,116,116,116,5.0e-63,234.6,1,1
DAKCFMEO_02801,WP_005767875.1,97.1,344,344,344,1.9e-195,676.0,1,1
DAKCFMEO_02802,WP_003377457.1,90.1,142,142,142,1.3e-73,270.0,1,1
DAKCFMEO_02803,WP_011103217.1,58.8,311,299,310,1.7e-94,340.5,1.04013,1.00323
DAKCFMEO_02804,WP_005614190.1,91.5,258,258,258,1.9e-134,473.0,1,1
DAKCFMEO_02805,WP_005767882.1,97.3,112,112,112,4.9e-63,234.6,1,1
DAKCFMEO_02806,WP_005767884.1,94.0,215,215,215,6.2e-115,407.9,1,1
DAKCFMEO_02807,WP_002551946.1,99.2,264,264,264,3.3e-150,525.4,1,1
DAKCFMEO_02808,WP_005767887.1,98.6,140,140,140,7.4e-77,280.8,1,1
DAKCFMEO_02809,WP_005614181.1,81.8,214,214,214,8.0e-99,354.4,1,1
DAKCFMEO_02810,WP_011103216.1,81.8,231,230,231,7.8e-108,384.4,1.00435,1
DAKCFMEO_02811,WP_005767891.1,86.7,278,278,278,4.7e-131,461.8,1,1
DAKCFMEO_02812,WP_011103215.1,96.3,348,353,349,3.8e-186,645.2,0.985836,0.997135
DAKCFMEO_02813,WP_005767895.1,94.5,199,199,199,5.2e-108,384.8,1,1
DAKCFMEO_02815,WP_011104522.1,75.6,180,181,181,4.3e-77,282.0,0.994475,0.994475
DAKCFMEO_02817,WP_004407132.1,52.1,167,170,180,1.3e-43,170.6,0.982353,0.927778
DAKCFMEO_02818,WP_011104529.1,42.8,601,600,689,1.0e-111,398.7,1.00167,0.872279
DAKCFMEO_02825,WP_011103204.1,66.3,841,842,714,2.1e-211,730.3,0.998812,1.17787
DAKCFMEO_02826,WP_005614160.1,92.8,97,98,98,1.9e-47,182.6,0.989796,0.989796
DAKCFMEO_02827,WP_005768018.1,86.1,115,115,115,4.1e-57,214.9,1,1
DAKCFMEO_02828,WP_011103203.1,93.8,498,498,498,1.7e-272,932.6,1,1
DAKCFMEO_02829,WP_005768022.1,87.3,55,61,62,4.9e-25,107.5,0.901639,0.887097
DAKCFMEO_02830,WP_005768024.1,82.7,196,196,196,3.4e-96,345.5,1,1
DAKCFMEO_02831,WP_005768026.1,79.2,77,112,112,4.4e-32,131.7,0.6875,0.6875
DAKCFMEO_02832,WP_005739807.1,96.1,129,129,129,6.0e-65,241.1,1,1
DAKCFMEO_02833,WP_046463952.1,79.0,143,145,145,1.1e-62,233.8,0.986207,0.986207
DAKCFMEO_02834,WP_005768035.1,92.1,203,203,203,3.3e-110,392.1,1,1
DAKCFMEO_02835,WP_005768037.1,72.8,81,85,82,1.3e-28,119.8,0.952941,0.987805
DAKCFMEO_02837,WP_046463953.1,96.2,80,80,80,2.2e-41,162.2,1,1
DAKCFMEO_02838,WP_011103197.1,84.0,643,643,640,0.0e+00,1091.6,1,1.00469
DAKCFMEO_02840,WP_007244435.1,94.1,491,493,493,2.0e-270,925.6,0.995943,0.995943
DAKCFMEO_02841,WP_046463955.1,91.9,272,272,272,2.5e-145,509.2,1,1
DAKCFMEO_02842,WP_005739815.1,97.3,224,224,224,5.2e-125,441.4,1,1
DAKCFMEO_02843,WP_005768044.1,97.0,271,274,273,7.1e-140,491.1,0.989051,0.992674
DAKCFMEO_02844,WP_011103195.1,95.9,415,415,415,2.7e-223,768.8,1,1
DAKCFMEO_02845,WP_003377314.1,94.8,344,344,344,3.1e-193,668.7,1,1
DAKCFMEO_02846,WP_005768050.1,98.1,374,374,374,8.5e-213,733.8,1,1
DAKCFMEO_02847,WP_005768051.1,97.1,209,209,209,5.4e-108,384.8,1,1
DAKCFMEO_02848,WP_046463956.1,84.8,671,671,682,0.0e+00,1112.1,1,0.983871
DAKCFMEO_02849,WP_024667176.1,78.4,283,321,328,3.3e-104,372.9,0.88162,0.862805
DAKCFMEO_02850,WP_011103191.1,78.3,254,255,255,2.7e-117,416.0,0.996078,0.996078
DAKCFMEO_02851,WP_046463963.1,88.6,220,224,223,9.9e-116,410.6,0.982143,0.986547
DAKCFMEO_02852,WP_007244442.1,92.4,341,341,341,1.2e-189,656.8,1,1
DAKCFMEO_02853,WP_046463957.1,88.7,927,926,927,0.0e+00,1679.1,1.00108,1
DAKCFMEO_02854,WP_010217367.1,92.0,440,442,440,1.8e-225,776.2,0.995475,1
DAKCFMEO_02855,WP_011103187.1,93.0,329,329,329,8.7e-177,614.0,1,1
DAKCFMEO_02856,WP_005768067.1,94.0,268,268,268,2.6e-147,515.8,1,1
DAKCFMEO_02857,WP_005768068.1,93.7,126,126,126,6.9e-66,244.2,1,1
DAKCFMEO_02858,WP_011103186.1,81.7,300,300,300,6.5e-147,514.6,1,1
DAKCFMEO_02859,WP_007244448.1,88.7,106,107,106,2.8e-52,198.7,0.990654,1
DAKCFMEO_02860,WP_011103185.1,98.9,640,640,640,0.0e+00,1265.0,1,1
DAKCFMEO_02861,WP_007244449.1,94.8,423,423,423,6.0e-231,794.3,1,1
DAKCFMEO_02862,WP_011103184.1,96.3,520,520,520,2.1e-310,1058.5,1,1
DAKCFMEO_02863,WP_011103183.1,91.9,405,410,409,5.8e-223,767.7,0.987805,0.99022
DAKCFMEO_02864,WP_011103182.1,89.6,173,175,174,9.5e-90,323.9,0.988571,0.994253
DAKCFMEO_02865,WP_011103181.1,96.6,117,117,117,4.3e-62,231.5,1,1
DAKCFMEO_02866,WP_005614129.1,92.6,189,189,189,8.1e-95,340.9,1,1
DAKCFMEO_02867,WP_005614128.1,96.2,341,341,341,4.2e-190,658.3,1,1
DAKCFMEO_02868,WP_002551877.1,100.0,71,71,71,2.8e-32,131.7,1,1
DAKCFMEO_02869,WP_007244455.1,92.8,652,651,652,0.0e+00,1208.4,1.00154,1
DAKCFMEO_02870,WP_005614111.1,97.9,616,616,616,0.0e+00,1092.8,1,1
DAKCFMEO_02871,WP_046463958.1,82.5,816,820,825,0.0e+00,1359.0,0.995122,0.989091
DAKCFMEO_02878,WP_005771485.1,90.9,208,208,208,7.5e-110,391.0,1,1
DAKCFMEO_02881,WP_005770011.1,84.4,403,405,404,1.8e-179,623.2,0.995062,0.997525
DAKCFMEO_02882,WP_004880039.1,100.0,122,122,122,3.4e-62,231.9,1,1
DAKCFMEO_02883,WP_005770009.1,72.0,93,96,96,1.1e-31,130.2,0.96875,0.96875
DAKCFMEO_02884,WP_011103345.1,87.3,700,694,700,0.0e+00,1146.0,1.00865,1
DAKCFMEO_02885,WP_005770005.1,86.1,552,552,551,4.3e-144,506.1,1,1.00181
DAKCFMEO_02886,WP_003381223.1,92.7,179,179,179,7.0e-88,317.8,1,1
DAKCFMEO_02887,WP_005770000.1,90.0,269,269,269,8.7e-143,500.7,1,1
DAKCFMEO_02888,WP_005769998.1,68.3,167,177,168,2.6e-66,246.1,0.943503,0.994048
DAKCFMEO_02889,WP_005769995.1,93.9,358,358,358,1.9e-185,642.9,1,1
DAKCFMEO_02890,WP_011105175.1,85.7,308,308,308,8.4e-158,550.8,1,1
DAKCFMEO_02891,WP_007244951.1,30.8,250,258,255,9.6e-22,98.6,0.968992,0.980392
DAKCFMEO_02892,WP_011103517.1,82.0,579,579,579,1.3e-276,946.4,1,1
DAKCFMEO_02893,WP_005771392.1,32.9,356,382,367,9.5e-42,165.6,0.931937,0.970027
DAKCFMEO_02894,WP_011105585.1,32.5,212,337,247,2.8e-21,97.4,0.62908,0.8583
DAKCFMEO_02899,WP_024667101.1,39.6,134,143,71,4.1e-14,72.4,0.937063,1.88732
DAKCFMEO_02900,WP_011104257.1,90.3,464,464,464,2.3e-252,865.5,1,1
DAKCFMEO_02904,WP_005763809.1,92.2,358,355,358,8.4e-186,644.0,1.00845,1
DAKCFMEO_02905,WP_003383369.1,93.5,153,153,153,3.8e-74,271.9,1,1
DAKCFMEO_02906,WP_005763807.1,96.4,559,559,559,0.0e+00,1134.4,1,1
DAKCFMEO_02907,WP_005763805.1,79.7,261,263,268,5.2e-124,438.3,0.992395,0.973881
DAKCFMEO_02908,WP_057443183.1,66.0,776,788,775,3.8e-295,1008.4,0.984772,1.00129
DAKCFMEO_02909,WP_005763801.1,98.0,303,303,303,6.3e-182,630.9,1,1
DAKCFMEO_02910,WP_005614033.1,98.0,249,251,251,1.9e-147,516.2,0.992032,0.992032
DAKCFMEO_02911,WP_005614032.1,75.0,88,104,98,7.3e-37,147.5,0.846154,0.897959
DAKCFMEO_02912,WP_005763799.1,94.5,383,386,389,2.7e-222,765.4,0.992228,0.984576
DAKCFMEO_02913,WP_005763797.1,84.6,610,610,610,0.0e+00,1093.6,1,1
DAKCFMEO_02914,WP_002555565.1,94.3,53,53,53,9.8e-22,96.3,1,1
DAKCFMEO_02915,WP_011103167.1,92.7,592,592,592,0.0e+00,1115.1,1,1
DAKCFMEO_02916,WP_010207011.1,92.1,431,449,432,1.3e-228,786.6,0.959911,0.997685
DAKCFMEO_02917,WP_011103162.1,95.7,601,601,601,0.0e+00,1185.2,1,1
DAKCFMEO_02918,WP_003382340.1,90.8,98,98,98,9.2e-42,163.7,1,1
DAKCFMEO_02919,WP_005763772.1,85.8,226,227,226,1.9e-106,379.8,0.995595,1
DAKCFMEO_02920,WP_011103161.1,83.6,268,269,269,3.0e-127,449.1,0.996283,0.996283
DAKCFMEO_02921,WP_005763768.1,92.1,240,247,243,8.6e-129,454.1,0.97166,0.987654
DAKCFMEO_02922,WP_011103160.1,91.2,396,396,396,2.9e-211,728.8,1,1
DAKCFMEO_02923,WP_005763762.1,94.3,352,352,352,1.3e-191,663.3,1,1
DAKCFMEO_02924,WP_005763760.1,78.9,242,246,244,3.6e-95,342.4,0.98374,0.991803
DAKCFMEO_02925,WP_005763757.1,80.6,253,254,254,3.9e-108,385.6,0.996063,0.996063
DAKCFMEO_02926,WP_011103159.1,82.9,638,634,638,0.0e+00,1114.4,1.00631,1
DAKCFMEO_02927,WP_005763753.1,89.2,277,277,277,3.5e-155,542.0,1,1
DAKCFMEO_02928,WP_011103158.1,89.9,347,343,347,2.4e-177,615.9,1.01166,1
DAKCFMEO_02929,WP_007244499.1,97.0,264,264,264,7.0e-137,481.1,1,1
DAKCFMEO_02930,WP_005763744.1,89.3,289,289,289,3.5e-137,482.3,1,1
DAKCFMEO_02931,WP_005763742.1,95.5,333,333,333,3.9e-185,641.7,1,1
DAKCFMEO_02932,WP_005763739.1,82.3,339,339,339,7.9e-157,547.7,1,1
DAKCFMEO_02933,WP_005763737.1,96.6,324,324,324,4.2e-192,664.8,1,1
DAKCFMEO_02935,WP_005763735.1,87.1,294,295,295,1.4e-149,523.5,0.99661,0.99661
DAKCFMEO_02936,WP_005763732.1,84.3,172,175,172,4.6e-76,278.5,0.982857,1
DAKCFMEO_02937,WP_005763731.1,92.1,723,725,725,0.0e+00,1359.4,0.997241,0.997241
DAKCFMEO_02938,WP_005763705.1,86.4,147,147,148,8.9e-65,240.7,1,0.993243
DAKCFMEO_02939,WP_005763703.1,94.4,644,655,644,0.0e+00,1213.0,0.983206,1
DAKCFMEO_02940,WP_011103148.1,89.5,237,237,237,1.0e-123,437.2,1,1
DAKCFMEO_02942,WP_007244528.1,89.5,172,172,172,6.3e-86,311.2,1,1
DAKCFMEO_02943,WP_011103142.1,83.1,325,327,330,4.4e-157,548.5,0.993884,0.984848
DAKCFMEO_02944,WP_011103143.1,94.7,377,377,377,6.4e-208,717.6,1,1
DAKCFMEO_02945,WP_005763669.1,74.1,58,59,60,7.8e-20,90.1,0.983051,0.966667
DAKCFMEO_02946,WP_010205456.1,88.9,208,209,209,3.0e-106,379.0,0.995215,0.995215
DAKCFMEO_02948,WP_011104914.1,31.2,295,475,460,4.8e-19,90.5,0.621053,0.641304
DAKCFMEO_02949,WP_011103755.1,38.7,217,226,220,2.2e-38,153.7,0.960177,0.986364
DAKCFMEO_02950,WP_005613972.1,89.8,167,167,167,3.3e-84,305.4,1,1
DAKCFMEO_02951,WP_005763674.1,90.8,295,297,299,1.3e-160,560.1,0.993266,0.986622
DAKCFMEO_02952,WP_005763678.1,42.5,280,356,332,1.3e-48,188.3,0.786517,0.843373
DAKCFMEO_02953,WP_005763676.1,77.0,187,188,187,2.1e-66,246.5,0.994681,1
DAKCFMEO_02958,WP_003379921.1,98.7,396,399,399,5.3e-229,787.7,0.992481,0.992481
DAKCFMEO_02959,WP_005763680.1,95.1,285,285,285,6.2e-163,567.8,1,1
DAKCFMEO_02960,WP_011103144.1,88.1,210,210,210,3.1e-95,342.4,1,1
DAKCFMEO_02961,WP_005763685.1,96.4,1006,1006,1006,0.0e+00,1984.5,1,1
DAKCFMEO_02962,WP_003379926.1,92.8,97,98,98,1.0e-56,213.4,0.989796,0.989796
DAKCFMEO_02963,WP_005763688.1,99.8,416,416,416,5.1e-251,860.9,1,1
DAKCFMEO_02964,WP_005763690.1,96.2,417,417,417,6.8e-235,807.4,1,1
DAKCFMEO_02966,WP_005764067.1,72.7,110,110,118,6.9e-46,177.6,1,0.932203
DAKCFMEO_02967,WP_003375928.1,87.9,149,156,152,9.1e-76,277.3,0.955128,0.980263
DAKCFMEO_02968,WP_044390979.1,80.4,204,204,204,7.7e-91,327.8,1,1
DAKCFMEO_02969,WP_005764059.1,84.6,857,857,857,0.0e+00,1372.8,1,1
DAKCFMEO_02970,WP_010201831.1,74.2,314,316,321,2.1e-132,466.5,0.993671,0.978193
DAKCFMEO_02971,WP_005764054.1,86.0,172,172,172,7.0e-77,281.2,1,1
DAKCFMEO_02973,WP_003375919.1,98.8,333,333,333,4.5e-189,654.8,1,1
DAKCFMEO_02974,WP_005764053.1,95.2,608,608,608,0.0e+00,1158.3,1,1
DAKCFMEO_02975,WP_005764052.1,91.0,321,321,321,1.8e-174,606.3,1,1
DAKCFMEO_02976,WP_005764051.1,94.7,245,245,245,1.5e-133,469.9,1,1
DAKCFMEO_02977,WP_011103499.1,90.8,468,468,468,1.1e-244,840.1,1,1
DAKCFMEO_02978,WP_005736422.1,95.6,428,428,428,3.0e-238,818.5,1,1
DAKCFMEO_02979,WP_003375907.1,96.0,302,302,302,1.8e-165,576.2,1,1
DAKCFMEO_02980,WP_005615493.1,92.9,281,281,281,4.5e-150,525.0,1,1
DAKCFMEO_02981,WP_005764049.1,93.8,386,386,386,5.5e-207,714.5,1,1
DAKCFMEO_02982,WP_005736419.1,91.6,453,453,453,2.0e-256,879.0,1,1
DAKCFMEO_02983,WP_005764048.1,89.0,290,291,291,1.3e-160,560.1,0.996564,0.996564
DAKCFMEO_02984,WP_003375897.1,98.3,288,288,288,2.6e-153,535.8,1,1
DAKCFMEO_02985,WP_003375894.1,96.5,489,489,489,2.5e-281,961.8,1,1
DAKCFMEO_02986,WP_005764047.1,89.9,237,237,237,1.0e-118,420.6,1,1
DAKCFMEO_02987,WP_005764046.1,96.4,224,223,224,3.5e-121,428.7,1.00448,1
DAKCFMEO_02988,WP_005764045.1,93.7,79,98,79,2.1e-41,162.5,0.806122,1
DAKCFMEO_02989,WP_005615514.1,91.7,156,156,156,5.5e-73,268.1,1,1
DAKCFMEO_02990,WP_011103501.1,78.0,500,508,502,3.7e-227,781.9,0.984252,0.996016
DAKCFMEO_02991,WP_005764043.1,86.1,454,454,454,5.1e-220,758.1,1,1
DAKCFMEO_02992,WP_005764042.1,95.1,224,225,225,2.3e-120,426.0,0.995556,0.995556
DAKCFMEO_02993,WP_011103502.1,95.0,1034,1033,1034,0.0e+00,1820.1,1.00097,1
DAKCFMEO_02994,WP_011103503.1,82.9,385,388,388,8.1e-166,577.8,0.992268,0.992268
DAKCFMEO_02995,WP_005764038.1,43.4,129,128,125,5.4e-18,85.1,1.00781,1.032
DAKCFMEO_02996,WP_007244885.1,87.6,194,194,194,2.4e-94,339.3,1,1
DAKCFMEO_02997,WP_011103504.1,68.4,250,248,250,1.5e-88,320.5,1.00806,1
DAKCFMEO_02998,WP_011103899.1,33.7,780,854,837,3.7e-118,420.6,0.913349,0.9319
DAKCFMEO_02999,WP_010208763.1,56.6,258,257,260,1.6e-77,283.9,1.00389,0.992308
DAKCFMEO_03000,WP_007244881.1,64.7,334,334,332,2.6e-128,453.0,1,1.00602
DAKCFMEO_03001,WP_003375863.1,81.6,76,76,74,2.0e-28,119.0,1,1.02703
DAKCFMEO_03002,WP_005764030.1,85.2,250,250,250,2.5e-123,436.0,1,1
DAKCFMEO_03003,WP_005770015.1,58.4,101,107,108,4.4e-29,121.7,0.943925,0.935185
DAKCFMEO_03004,WP_007244879.1,57.8,154,189,157,4.0e-41,162.5,0.814815,0.980892
DAKCFMEO_03005,WP_003375857.1,90.6,298,298,298,1.4e-146,513.5,1,1
DAKCFMEO_03006,WP_005764026.1,84.0,169,169,169,4.7e-78,285.0,1,1
DAKCFMEO_03007,WP_005764024.1,85.6,313,313,313,2.3e-155,542.7,1,1
DAKCFMEO_03008,WP_007244877.1,97.6,670,670,670,0.0e+00,1319.7,1,1
DAKCFMEO_03009,WP_005615570.1,98.4,183,212,210,6.5e-101,361.3,0.863208,0.871429
DAKCFMEO_03010,WP_003375849.1,94.5,110,110,110,5.0e-52,198.0,1,1
DAKCFMEO_03011,WP_003375846.1,98.0,295,295,295,1.8e-157,549.7,1,1
DAKCFMEO_03012,WP_005764019.1,82.3,294,299,294,1.1e-141,497.3,0.983278,1
DAKCFMEO_03013,WP_032640254.1,78.9,213,213,213,1.1e-92,334.0,1,1
DAKCFMEO_03014,WP_011103508.1,96.5,339,339,339,9.2e-198,683.7,1,1
DAKCFMEO_03015,WP_011103509.1,83.1,320,323,331,7.7e-154,537.7,0.990712,0.966767
DAKCFMEO_03016,WP_011103511.1,86.6,262,262,263,2.2e-135,476.1,1,0.996198
DAKCFMEO_03018,WP_011103513.1,88.4,172,172,172,1.5e-87,316.6,1,1
DAKCFMEO_03019,WP_005763992.1,74.8,393,395,395,2.5e-154,539.7,0.994937,0.994937
DAKCFMEO_03020,WP_010204183.1,90.0,239,239,239,3.3e-117,415.6,1,1
DAKCFMEO_03023,WP_007246986.1,33.7,193,189,202,3.5e-21,96.3,1.02116,0.955446
DAKCFMEO_03024,WP_005763583.1,32.7,248,394,366,4.4e-26,113.6,0.629442,0.677596
DAKCFMEO_03025,WP_046463556.1,34.4,221,315,323,1.1e-22,102.1,0.701587,0.684211
DAKCFMEO_03028,WP_003379028.1,97.9,236,236,236,2.9e-134,472.2,1,1
DAKCFMEO_03029,WP_005767663.1,93.7,252,252,252,2.2e-140,492.7,1,1
DAKCFMEO_03030,WP_007245782.1,95.2,372,372,372,5.5e-204,704.5,1,1
DAKCFMEO_03031,WP_003379025.1,96.6,292,292,292,2.9e-160,558.9,1,1
DAKCFMEO_03032,WP_003379024.1,96.8,187,187,187,3.1e-102,365.5,1,1
DAKCFMEO_03033,WP_011104801.1,92.3,156,157,157,7.3e-81,294.3,0.993631,0.993631
DAKCFMEO_03034,WP_007245780.1,92.4,356,356,356,8.0e-160,557.8,1,1
DAKCFMEO_03035,WP_011104802.1,92.8,83,83,83,1.5e-40,159.5,1,1
DAKCFMEO_03036,WP_005767670.1,96.6,477,477,477,2.4e-220,759.2,1,1
DAKCFMEO_03037,WP_011104803.1,97.2,352,352,352,1.4e-201,696.4,1,1
DAKCFMEO_03040,WP_011103171.1,69.5,429,429,432,1.7e-169,590.1,1,0.993056
DAKCFMEO_03041,WP_007247202.1,37.8,209,211,210,1.7e-24,107.5,0.990521,0.995238
DAKCFMEO_03042,WP_011104306.1,38.2,338,340,359,8.1e-53,202.2,0.994118,0.941504
DAKCFMEO_03044,WP_005763843.1,58.8,279,300,281,7.3e-90,325.1,0.93,0.992883
DAKCFMEO_03045,WP_011105040.1,95.0,755,756,756,0.0e+00,1473.0,0.998677,0.998677
DAKCFMEO_03046,WP_005765726.1,63.5,178,178,183,7.2e-61,228.0,1,0.972678
DAKCFMEO_03047,WP_005767827.1,44.6,381,401,385,2.9e-89,323.6,0.950125,0.98961
DAKCFMEO_03052,WP_011106959.1,63.0,146,146,146,1.9e-46,179.9,1,1
DAKCFMEO_03073,WP_011105562.1,52.5,674,678,676,5.0e-179,622.5,0.9941,0.997041
DAKCFMEO_03074,WP_011104442.1,36.7,479,508,503,8.1e-81,295.8,0.942913,0.952286
DAKCFMEO_03076,WP_011105580.1,60.9,110,110,110,1.3e-31,130.2,1,1
DAKCFMEO_03079,WP_011104506.1,37.0,119,127,124,1.1e-13,70.9,0.937008,0.959677
DAKCFMEO_03080,WP_003425054.1,78.6,103,117,107,1.5e-46,179.9,0.880342,0.962617
DAKCFMEO_03081,WP_003317533.1,99.4,181,181,181,1.4e-104,373.2,1,1
DAKCFMEO_03082,WP_003317532.1,99.5,200,200,200,9.2e-113,400.6,1,1
DAKCFMEO_03083,WP_011105083.1,99.5,389,389,389,4.9e-219,754.6,1,1
DAKCFMEO_03084,WP_003317531.1,99.3,298,298,298,3.3e-167,582.0,1,1
DAKCFMEO_03085,WP_057443217.1,99.5,207,330,330,8.9e-113,401.4,0.627273,0.627273
DAKCFMEO_03086,WP_003317528.1,98.4,126,126,126,1.9e-71,262.7,1,1
DAKCFMEO_03087,WP_003425065.1,99.1,320,320,320,4.6e-183,634.8,1,1
DAKCFMEO_03089,WP_005769085.1,71.8,426,429,426,1.7e-164,573.5,0.993007,1
DAKCFMEO_03092,WP_011105579.1,90.0,320,320,320,1.3e-148,520.4,1,1
DAKCFMEO_03094,WP_011104028.1,58.2,661,673,662,7.3e-223,768.1,0.982169,0.998489
DAKCFMEO_03107,WP_011104368.1,88.1,252,252,252,5.0e-124,438.3,1,1
DAKCFMEO_03108,WP_011104367.1,85.0,293,317,299,1.7e-137,483.4,0.92429,0.979933
DAKCFMEO_03115,WP_007246451.1,44.1,102,114,120,2.7e-16,79.3,0.894737,0.85
DAKCFMEO_03118,WP_011103304.1,82.8,558,557,642,7.6e-266,910.6,1.0018,0.869159
DAKCFMEO_03119,WP_005769281.1,65.6,459,473,485,7.1e-164,571.6,0.970402,0.946392
DAKCFMEO_03121,WP_046463447.1,94.3,229,229,229,1.7e-123,436.4,1,1
DAKCFMEO_03122,WP_011104809.1,95.8,215,215,215,2.3e-122,432.6,1,1
DAKCFMEO_03123,WP_011104810.1,96.6,208,207,272,7.1e-68,251.5,1.00483,0.764706
DAKCFMEO_03124,WP_002554651.1,95.2,166,165,166,9.0e-82,297.4,1.00606,1
DAKCFMEO_03125,WP_011104811.1,97.5,433,433,433,3.1e-174,605.9,1,1
DAKCFMEO_03126,WP_005616090.1,99.7,356,356,356,4.3e-89,322.8,1,1
DAKCFMEO_03127,WP_161420636.1,99.3,151,154,151,3.9e-79,288.5,0.980519,1
DAKCFMEO_03128,WP_002554655.1,97.4,231,231,231,4.0e-120,425.2,1,1
DAKCFMEO_03129,WP_003378990.1,94.2,155,155,155,1.4e-79,290.0,1,1
DAKCFMEO_03130,WP_010209286.1,96.0,352,352,353,2.9e-194,672.2,1,0.997167
DAKCFMEO_03131,WP_007245442.1,97.0,202,202,202,2.6e-107,382.5,1,1
DAKCFMEO_03132,WP_011104812.1,96.6,176,174,176,1.9e-90,326.2,1.01149,1
DAKCFMEO_03133,WP_011104813.1,98.0,248,248,248,1.4e-134,473.4,1,1
DAKCFMEO_03134,WP_011104814.1,95.8,591,591,591,0.0e+00,1140.2,1,1
DAKCFMEO_03135,WP_007245440.1,85.1,114,114,114,6.7e-52,197.6,1,1
DAKCFMEO_03136,WP_003314356.1,98.7,157,157,157,6.3e-85,307.8,1,1
DAKCFMEO_03137,WP_044390721.1,92.1,202,201,202,4.1e-97,348.6,1.00498,1
DAKCFMEO_03138,WP_005766070.1,80.9,68,68,68,1.7e-26,112.5,1,1
DAKCFMEO_03139,WP_011104815.1,80.1,141,141,143,7.2e-64,237.7,1,0.986014
DAKCFMEO_03141,WP_011104816.1,91.7,448,444,448,4.7e-242,831.2,1.00901,1
DAKCFMEO_03142,WP_011104817.1,94.7,571,571,571,0.0e+00,1076.2,1,1
DAKCFMEO_03143,WP_007245435.1,94.0,318,318,318,1.3e-172,600.1,1,1
DAKCFMEO_03144,WP_011104818.1,93.8,352,353,353,2.7e-192,665.6,0.997167,0.997167
DAKCFMEO_03147,WP_011104819.1,94.2,880,880,880,0.0e+00,1581.2,1,1
DAKCFMEO_03148,WP_011104820.1,91.4,444,443,444,4.7e-242,831.2,1.00226,1
DAKCFMEO_03149,WP_005766050.1,95.4,631,631,631,0.0e+00,1167.1,1,1
DAKCFMEO_03151,WP_011104834.1,95.0,442,447,443,7.0e-254,870.5,0.988814,0.997743
DAKCFMEO_03152,WP_005766046.1,70.6,143,147,146,9.9e-56,210.7,0.972789,0.979452
DAKCFMEO_03153,WP_004397570.1,90.7,236,236,236,8.0e-124,437.6,1,1
DAKCFMEO_03154,WP_005766044.1,95.4,152,153,153,1.0e-79,290.4,0.993464,0.993464
DAKCFMEO_03155,WP_005766043.1,87.8,230,235,230,3.7e-121,428.7,0.978723,1
DAKCFMEO_03156,WP_005616041.1,99.6,259,259,259,2.5e-155,542.3,1,1
DAKCFMEO_03157,WP_005736179.1,97.4,308,308,308,2.1e-169,589.3,1,1
DAKCFMEO_03158,WP_005766041.1,95.9,121,121,121,7.4e-57,214.2,1,1
DAKCFMEO_03159,WP_005616037.1,94.0,215,215,215,6.6e-109,387.9,1,1
DAKCFMEO_03160,WP_005766026.1,89.4,236,236,236,7.7e-127,447.6,1,1
DAKCFMEO_03161,WP_004397588.1,92.0,138,138,138,3.1e-67,248.8,1,1
DAKCFMEO_03162,WP_005766024.1,85.9,369,372,373,3.2e-188,652.1,0.991935,0.989276
DAKCFMEO_03163,WP_005766020.1,89.3,140,140,155,8.2e-68,250.8,1,0.903226
DAKCFMEO_03164,WP_004397594.1,98.0,353,354,354,6.4e-194,671.0,0.997175,0.997175
DAKCFMEO_03165,WP_005766018.1,76.2,160,160,166,1.5e-62,233.4,1,0.963855
DAKCFMEO_03166,WP_011104855.1,96.4,855,859,855,0.0e+00,1625.1,0.995343,1
DAKCFMEO_03167,WP_005736188.1,93.5,107,107,107,1.5e-58,219.5,1,1
DAKCFMEO_03168,WP_005616022.1,95.8,336,336,335,1.0e-177,617.1,1,1.00299
DAKCFMEO_03169,WP_005766016.1,89.6,288,288,288,4.1e-130,458.8,1,1
DAKCFMEO_03170,WP_007245422.1,96.4,225,225,225,9.3e-122,430.6,1,1
DAKCFMEO_03171,WP_005766014.1,94.8,249,249,249,8.7e-137,480.7,1,1
DAKCFMEO_03172,WP_011103598.1,90.3,352,352,352,2.1e-184,639.4,1,1
DAKCFMEO_03173,WP_005766012.1,96.8,157,157,157,4.1e-84,305.1,1,1
DAKCFMEO_03174,WP_005766011.1,92.5,279,282,281,6.5e-157,547.7,0.989362,0.992883
DAKCFMEO_03175,WP_005766009.1,97.0,370,370,370,1.6e-211,729.6,1,1
DAKCFMEO_03176,WP_003377838.1,94.3,298,298,298,9.0e-165,573.9,1,1
DAKCFMEO_03177,WP_005766007.1,93.2,236,236,236,1.0e-126,447.2,1,1
DAKCFMEO_03178,WP_003377835.1,97.8,92,118,92,2.4e-44,172.6,0.779661,1
DAKCFMEO_03179,WP_005766003.1,94.9,428,428,428,2.7e-231,795.4,1,1
DAKCFMEO_03180,WP_003377831.1,97.9,281,281,281,1.3e-157,550.1,1,1
DAKCFMEO_03181,WP_003377829.1,98.7,543,543,543,0.0e+00,1077.0,1,1
DAKCFMEO_03182,WP_044390753.1,71.0,445,445,445,6.8e-193,667.9,1,1
DAKCFMEO_03183,WP_003377825.1,96.5,315,315,315,2.2e-177,615.9,1,1
DAKCFMEO_03184,WP_011103596.1,97.0,1173,1173,1173,0.0e+00,2288.5,1,1
DAKCFMEO_03185,WP_005765997.1,89.4,217,217,217,1.2e-105,377.1,1,1
DAKCFMEO_03186,WP_011103595.1,90.5,380,380,380,4.5e-193,668.3,1,1
DAKCFMEO_03187,WP_011103594.1,96.1,258,258,258,1.9e-115,409.8,1,1
DAKCFMEO_03188,WP_003377815.1,95.9,146,146,146,1.7e-79,289.7,1,1
DAKCFMEO_03189,WP_005765994.1,89.5,351,351,351,3.8e-122,432.6,1,1
DAKCFMEO_03190,WP_002554721.1,100.0,167,167,167,1.5e-84,306.6,1,1
DAKCFMEO_03191,WP_007245414.1,95.2,795,795,795,0.0e+00,1501.1,1,1
DAKCFMEO_03192,WP_011103593.1,89.1,450,450,450,1.2e-234,806.6,1,1
DAKCFMEO_03193,WP_005765988.1,90.4,396,396,396,1.4e-202,699.9,1,1
DAKCFMEO_03194,WP_011103592.1,94.5,271,271,271,4.4e-142,498.4,1,1
DAKCFMEO_03195,WP_005765985.1,96.4,251,251,251,9.3e-139,487.3,1,1
DAKCFMEO_03196,WP_005765982.1,83.8,185,185,185,6.8e-78,284.6,1,1
DAKCFMEO_03197,WP_002554728.1,98.4,247,247,247,2.1e-135,476.1,1,1
DAKCFMEO_03198,WP_005765978.1,88.6,289,289,287,9.4e-135,474.2,1,1.00697
DAKCFMEO_03199,WP_005615972.1,99.2,247,247,247,2.4e-139,489.2,1,1
DAKCFMEO_03200,WP_005765976.1,93.1,260,260,260,1.9e-147,516.2,1,1
DAKCFMEO_03201,WP_007245412.1,94.5,899,899,898,0.0e+00,1720.3,1,1.00111
DAKCFMEO_03202,WP_011103591.1,94.5,397,397,397,4.3e-231,794.7,1,1
DAKCFMEO_03203,WP_011103590.1,72.2,266,278,282,5.5e-116,411.8,0.956835,0.943262
DAKCFMEO_03204,WP_003377785.1,93.0,115,115,115,1.2e-61,229.9,1,1
DAKCFMEO_03205,WP_003377783.1,94.2,344,344,344,5.0e-183,634.8,1,1
DAKCFMEO_03206,WP_011103589.1,90.5,401,401,401,4.8e-214,738.0,1,1
DAKCFMEO_03207,WP_011103588.1,83.0,135,135,135,1.2e-60,226.9,1,1
DAKCFMEO_03208,WP_011103587.1,85.5,276,276,276,3.1e-135,475.7,1,1
DAKCFMEO_03209,WP_011103586.1,58.0,810,837,842,2.5e-289,989.2,0.967742,0.961995
DAKCFMEO_03210,WP_005765961.1,96.3,383,383,383,1.1e-218,753.4,1,1
DAKCFMEO_03211,WP_005615949.1,93.7,269,269,269,6.7e-151,527.7,1,1
DAKCFMEO_03212,WP_005765957.1,89.6,125,125,125,2.8e-67,248.8,1,1
DAKCFMEO_03214,WP_007245401.1,92.6,833,833,833,0.0e+00,1541.6,1,1
DAKCFMEO_03215,WP_005765949.1,92.1,229,229,229,1.4e-109,390.2,1,1
DAKCFMEO_03216,WP_011105356.1,47.1,1017,1022,1033,1.2e-261,897.5,0.995108,0.984511
DAKCFMEO_03217,WP_005765592.1,33.2,343,366,372,3.0e-37,150.6,0.937158,0.922043
DAKCFMEO_03219,WP_005765943.1,89.8,264,264,269,3.3e-134,472.2,1,0.981413
DAKCFMEO_03220,WP_005765940.1,84.1,207,206,207,2.5e-97,349.4,1.00485,1
DAKCFMEO_03221,WP_005765937.1,86.9,229,229,229,1.5e-119,423.3,1,1
DAKCFMEO_03222,WP_007243725.1,31.9,235,277,269,6.3e-19,89.4,0.848375,0.873606
DAKCFMEO_03223,WP_007245396.1,89.4,284,287,289,5.5e-151,528.1,0.989547,0.982699
DAKCFMEO_03224,WP_007245395.1,82.5,103,103,103,1.2e-44,173.3,1,1
DAKCFMEO_03225,WP_005765933.1,92.0,224,224,224,4.9e-115,408.3,1,1
DAKCFMEO_03226,WP_011103583.1,90.2,215,215,215,2.5e-108,386.0,1,1
DAKCFMEO_03228,WP_011103582.1,93.8,878,878,878,0.0e+00,1623.6,1,1
DAKCFMEO_03230,WP_005765928.1,93.4,137,137,137,2.5e-61,229.2,1,1
DAKCFMEO_03231,WP_005765926.1,79.2,260,260,260,8.8e-108,384.4,1,1
DAKCFMEO_03232,WP_011103581.1,85.3,102,107,106,8.5e-49,187.2,0.953271,0.962264
DAKCFMEO_03233,WP_007245391.1,83.7,294,300,298,3.2e-154,538.9,0.98,0.986577
DAKCFMEO_03234,WP_005765921.1,96.9,425,425,425,2.9e-241,828.6,1,1
DAKCFMEO_03236,WP_024657440.1,90.9,241,241,259,1.3e-121,430.3,1,0.930502
DAKCFMEO_03237,WP_005765916.1,98.4,500,533,500,1.3e-286,979.5,0.938086,1
DAKCFMEO_03238,WP_096059895.1,98.0,304,304,364,6.8e-168,584.3,1,0.835165
DAKCFMEO_03240,WP_005765914.1,93.1,334,334,334,8.8e-177,614.0,1,1
DAKCFMEO_03241,WP_005765912.1,85.4,336,336,336,9.8e-160,557.4,1,1
DAKCFMEO_03242,WP_011103579.1,85.7,792,786,793,0.0e+00,1261.1,1.00763,0.998739
DAKCFMEO_03243,WP_005765908.1,91.3,229,229,229,6.8e-120,424.5,1,1
DAKCFMEO_03244,WP_011103578.1,82.3,424,424,426,3.6e-175,609.0,1,0.995305
DAKCFMEO_03245,WP_003377717.1,89.8,177,178,178,9.7e-90,323.9,0.994382,0.994382
DAKCFMEO_03246,WP_005765904.1,85.9,540,540,540,1.6e-180,627.1,1,1
DAKCFMEO_03247,WP_005765900.1,87.1,249,250,248,6.7e-97,348.2,0.996,1.00403
DAKCFMEO_03248,WP_011103576.1,76.7,694,698,695,0.0e+00,1084.3,0.994269,0.998561
DAKCFMEO_03249,WP_011103575.1,92.7,368,368,368,1.4e-204,706.4,1,1
DAKCFMEO_03250,WP_011103574.1,95.8,571,571,569,0.0e+00,1087.0,1,1.00351
DAKCFMEO_03251,WP_003377703.1,98.3,180,180,180,1.7e-102,366.3,1,1
DAKCFMEO_03252,WP_005765892.1,64.9,279,292,279,2.7e-105,376.3,0.955479,1
DAKCFMEO_03253,WP_007245377.1,85.7,98,98,98,1.2e-41,163.3,1,1
DAKCFMEO_03254,WP_005765888.1,77.7,220,220,220,3.7e-91,328.9,1,1
DAKCFMEO_03255,WP_161797770.1,70.3,411,429,443,3.7e-159,555.8,0.958042,0.927765
DAKCFMEO_03256,WP_046463398.1,77.7,1193,1213,1195,0.0e+00,1847.0,0.983512,0.998326
DAKCFMEO_03257,WP_011103569.1,95.5,469,469,469,2.8e-269,921.8,1,1
DAKCFMEO_03258,WP_005765880.1,97.0,434,434,434,2.1e-239,822.4,1,1
DAKCFMEO_03259,WP_007245372.1,91.9,246,246,246,3.9e-129,455.3,1,1
DAKCFMEO_03260,WP_005765876.1,93.3,298,298,298,8.4e-163,567.4,1,1
DAKCFMEO_03261,WP_002552524.1,99.1,116,116,116,4.4e-59,221.5,1,1
DAKCFMEO_03262,WP_005765874.1,98.0,250,250,250,7.6e-141,494.2,1,1
DAKCFMEO_03263,WP_005765872.1,95.5,179,179,179,2.1e-100,359.4,1,1
DAKCFMEO_03264,WP_003377687.1,97.6,85,85,85,3.2e-43,168.3,1,1
DAKCFMEO_03265,WP_007245370.1,97.6,458,458,458,1.2e-216,746.9,1,1
DAKCFMEO_03266,WP_005765867.1,72.6,270,270,270,4.9e-101,362.1,1,1
DAKCFMEO_03267,WP_007245369.1,78.6,415,414,415,6.4e-185,641.3,1.00242,1
DAKCFMEO_03268,WP_011103567.1,92.0,438,439,438,4.1e-222,765.0,0.997722,1
DAKCFMEO_03269,WP_005765861.1,96.4,393,393,393,5.6e-215,741.1,1,1
DAKCFMEO_03270,WP_005765859.1,92.3,155,155,155,2.2e-77,282.7,1,1
DAKCFMEO_03271,WP_005771683.1,88.6,70,72,72,1.2e-33,136.3,0.972222,0.972222
DAKCFMEO_03272,WP_005615845.1,93.7,174,174,174,4.6e-76,278.5,1,1
DAKCFMEO_03273,WP_011103566.1,93.4,198,226,198,1.2e-108,387.1,0.876106,1
DAKCFMEO_03274,WP_011103564.1,92.2,180,183,183,7.6e-98,350.9,0.983607,0.983607
DAKCFMEO_03275,WP_005771689.1,93.6,187,187,187,4.0e-102,365.2,1,1
DAKCFMEO_03276,WP_005771691.1,93.1,101,103,103,3.6e-52,198.4,0.980583,0.980583
DAKCFMEO_03277,WP_011103562.1,95.4,1298,1298,1298,0.0e+00,2510.3,1,1
DAKCFMEO_03278,WP_080546580.1,92.4,475,474,497,3.1e-260,891.7,1.00211,0.955734
DAKCFMEO_03279,WP_007247479.1,91.6,166,167,169,6.7e-85,307.8,0.994012,0.982249
DAKCFMEO_03280,WP_011103560.1,95.8,457,457,457,2.1e-269,922.2,1,1
DAKCFMEO_03283,WP_024668184.1,71.9,274,287,275,2.2e-107,383.3,0.954704,0.996364
DAKCFMEO_03289,WP_005764104.1,89.7,116,116,116,8.3e-58,217.2,1,1
DAKCFMEO_03290,WP_005764101.1,96.4,333,333,333,1.5e-189,656.4,1,1
DAKCFMEO_03291,WP_002552279.1,96.8,93,93,93,3.2e-44,171.8,1,1
DAKCFMEO_03292,WP_007244904.1,94.6,501,502,502,8.3e-272,930.2,0.998008,0.998008
DAKCFMEO_03293,WP_005764071.1,90.0,568,571,576,5.5e-288,984.2,0.994746,0.986111
DAKCFMEO_03294,WP_005615457.1,78.7,127,129,129,1.1e-50,193.7,0.984496,0.984496
DAKCFMEO_03295,WP_005764073.1,81.9,701,705,705,0.0e+00,1134.8,0.994326,0.994326
DAKCFMEO_03296,WP_011103496.1,91.3,127,127,127,9.4e-63,233.8,1,1
DAKCFMEO_03297,WP_005764078.1,94.3,954,954,954,0.0e+00,1819.3,1,1
DAKCFMEO_03298,WP_046463296.1,88.8,374,374,374,7.5e-193,667.5,1,1
DAKCFMEO_03299,WP_005764082.1,95.7,70,70,70,7.8e-35,140.2,1,1
DAKCFMEO_03301,WP_005764084.1,87.8,353,353,353,4.9e-178,618.2,1,1
DAKCFMEO_03302,WP_003375972.1,76.7,373,373,375,9.9e-153,534.3,1,0.994667
DAKCFMEO_03303,WP_011103494.1,92.7,495,496,496,4.1e-263,901.4,0.997984,0.997984
DAKCFMEO_03304,WP_005764092.1,94.4,142,142,142,5.2e-78,284.6,1,1
DAKCFMEO_03305,WP_005764094.1,80.5,149,149,141,2.6e-56,212.6,1,1.05674
DAKCFMEO_03307,WP_011103493.1,97.4,948,948,948,0.0e+00,1859.0,1,1
DAKCFMEO_03308,WP_032621684.1,89.2,325,337,328,1.9e-166,579.7,0.964392,0.990854
DAKCFMEO_03309,WP_011103984.1,32.4,296,339,310,6.9e-36,146.0,0.873156,0.954839
DAKCFMEO_03310,WP_011103983.1,39.3,267,282,278,1.5e-44,174.5,0.946809,0.960432
DAKCFMEO_03311,WP_011103763.1,48.1,418,433,441,1.9e-110,394.0,0.965358,0.947846
DAKCFMEO_03312,WP_005770966.1,39.9,243,249,254,7.1e-38,152.1,0.975904,0.956693
DAKCFMEO_03313,WP_005620804.1,32.3,291,305,301,3.6e-36,146.7,0.954098,0.966777
DAKCFMEO_03315,WP_005763930.1,80.1,301,315,314,3.3e-141,495.7,0.955556,0.958599
DAKCFMEO_03316,WP_024668283.1,78.5,163,175,181,9.6e-74,270.8,0.931429,0.900552
DAKCFMEO_03319,WP_003413692.1,38.9,162,176,174,1.6e-28,120.6,0.920455,0.931034
DAKCFMEO_03321,WP_011103606.1,34.0,97,101,103,2.3e-11,62.8,0.960396,0.941748
DAKCFMEO_03323,WP_046463820.1,60.2,133,136,136,2.2e-41,162.9,0.977941,0.977941
DAKCFMEO_03329,WP_005771042.1,96.0,354,354,354,5.6e-198,684.5,1,1
DAKCFMEO_03330,WP_005736309.1,96.8,371,377,371,1.2e-219,756.5,0.984085,1
DAKCFMEO_03331,WP_002552468.1,100.0,111,111,111,2.3e-57,215.7,1,1
DAKCFMEO_03332,WP_005771039.1,97.6,622,622,622,0.0e+00,1153.7,1,1
DAKCFMEO_03333,WP_003380592.1,96.7,303,303,303,4.4e-159,555.1,1,1
DAKCFMEO_03334,WP_007247086.1,95.0,179,179,179,4.7e-68,251.9,1,1
DAKCFMEO_03335,WP_003380594.1,98.2,271,271,271,1.4e-151,530.0,1,1
DAKCFMEO_03336,WP_005771034.1,91.1,257,255,257,1.6e-130,459.9,1.00784,1
DAKCFMEO_03337,WP_005771032.1,91.5,258,262,258,3.5e-136,478.8,0.984733,1
DAKCFMEO_03338,WP_003380601.1,98.0,150,150,163,1.2e-80,293.5,1,0.920245
DAKCFMEO_03339,WP_005771029.1,97.8,404,404,404,4.6e-228,784.6,1,1
DAKCFMEO_03340,WP_003380603.1,99.2,128,128,128,1.8e-69,256.1,1,1
DAKCFMEO_03341,WP_003380604.1,98.1,107,107,107,1.0e-57,216.9,1,1
DAKCFMEO_03342,WP_005771027.1,94.2,173,173,173,4.2e-90,325.1,1,1
DAKCFMEO_03343,WP_011103546.1,94.0,620,621,620,0.0e+00,1120.1,0.99839,1
DAKCFMEO_03344,WP_005615771.1,96.5,113,113,113,8.4e-63,233.8,1,1
DAKCFMEO_03345,WP_005771023.1,77.3,66,66,66,5.8e-24,104.0,1,1
DAKCFMEO_03346,WP_002552482.1,100.0,141,141,141,1.6e-71,263.1,1,1
DAKCFMEO_03347,WP_005771021.1,97.4,382,382,382,9.9e-217,746.9,1,1
DAKCFMEO_03348,WP_005771019.1,87.3,252,252,252,3.2e-123,435.6,1,1
DAKCFMEO_03349,WP_005771017.1,88.9,333,333,331,7.3e-123,434.9,1,1.00604
DAKCFMEO_03350,WP_003380613.1,98.1,369,369,369,7.1e-204,704.1,1,1
DAKCFMEO_03351,WP_011103548.1,97.2,429,429,429,7.9e-247,847.0,1,1
DAKCFMEO_03352,WP_011103549.1,89.2,213,213,213,3.7e-104,372.1,1,1
DAKCFMEO_03353,WP_005771013.1,96.1,383,383,384,3.4e-140,492.7,1,0.997396
DAKCFMEO_03354,WP_003380618.1,98.6,489,489,489,1.7e-269,922.5,1,1
DAKCFMEO_03355,WP_005771011.1,92.9,382,382,382,2.1e-214,739.2,1,1
DAKCFMEO_03356,WP_011103550.1,89.3,262,263,263,8.0e-141,494.2,0.996198,0.996198
DAKCFMEO_03358,WP_011103551.1,96.9,289,289,289,6.7e-157,547.7,1,1
DAKCFMEO_03359,WP_003380623.1,96.6,556,556,556,0.0e+00,1090.1,1,1
DAKCFMEO_03361,WP_005771007.1,94.2,274,274,274,1.0e-151,530.4,1,1
DAKCFMEO_03362,WP_161797807.1,97.2,459,471,459,6.6e-186,644.8,0.974522,1
DAKCFMEO_03364,WP_005771002.1,91.8,182,182,182,8.1e-100,357.5,1,1
DAKCFMEO_03365,WP_003380633.1,98.6,489,489,489,1.7e-253,869.4,1,1
DAKCFMEO_03366,WP_005771001.1,96.0,525,525,525,4.1e-306,1044.3,1,1
DAKCFMEO_03370,WP_011104442.1,94.8,500,492,503,1.9e-281,962.2,1.01626,0.994036
DAKCFMEO_03371,WP_080597953.1,100.0,118,119,118,2.0e-67,249.2,0.991597,1
DAKCFMEO_03373,WP_005768762.1,85.5,406,414,403,1.9e-205,709.5,0.980676,1.00744
DAKCFMEO_03374,WP_011103456.1,93.5,367,367,367,6.4e-205,707.6,1,1
DAKCFMEO_03375,WP_007244088.1,88.3,162,162,162,3.0e-82,298.9,1,1
DAKCFMEO_03376,WP_005736521.1,91.9,161,161,161,6.7e-82,297.7,1,1
DAKCFMEO_03378,WP_007244090.1,97.8,696,696,696,0.0e+00,1327.0,1,1
DAKCFMEO_03379,WP_011103454.1,91.9,297,298,307,8.7e-168,583.9,0.996644,0.967427
DAKCFMEO_03380,WP_003379278.1,96.5,229,234,229,1.1e-117,417.2,0.978632,1
DAKCFMEO_03381,WP_005770049.1,41.1,304,308,308,3.3e-53,203.4,0.987013,0.987013
DAKCFMEO_03382,WP_007245542.1,30.6,346,371,366,5.2e-37,149.8,0.932615,0.945355
DAKCFMEO_03383,WP_011103450.1,90.1,504,504,503,7.9e-254,870.5,1,1.00199
DAKCFMEO_03384,WP_011103449.1,92.6,363,363,363,6.6e-202,697.6,1,1
DAKCFMEO_03386,WP_007244096.1,90.9,242,247,242,2.0e-125,443.0,0.979757,1
DAKCFMEO_03387,WP_003379266.1,95.6,360,360,360,1.2e-203,703.4,1,1
DAKCFMEO_03388,WP_011103446.1,94.7,245,246,246,3.3e-136,478.8,0.995935,0.995935
DAKCFMEO_03389,WP_002552194.1,98.4,127,127,127,1.4e-69,256.5,1,1
DAKCFMEO_03390,WP_011103445.1,83.4,259,259,259,3.4e-128,452.2,1,1
DAKCFMEO_03391,WP_011103444.1,80.4,163,177,180,2.8e-73,269.2,0.920904,0.905556
DAKCFMEO_03392,WP_007244100.1,77.6,392,399,395,1.8e-176,613.2,0.982456,0.992405
DAKCFMEO_03393,WP_011103443.1,84.5,909,910,910,0.0e+00,1515.7,0.998901,0.998901
DAKCFMEO_03394,WP_046463642.1,91.9,454,454,454,4.3e-251,861.3,1,1
DAKCFMEO_03395,WP_011103441.1,94.3,645,645,645,0.0e+00,1217.2,1,1
DAKCFMEO_03396,WP_005768794.1,90.4,560,560,560,2.8e-308,1051.6,1,1
DAKCFMEO_03397,WP_005768796.1,93.8,210,209,210,1.7e-106,379.8,1.00478,1
DAKCFMEO_03398,WP_011104568.1,31.7,300,322,310,9.8e-32,132.1,0.931677,0.967742
DAKCFMEO_03399,WP_005768797.1,94.0,332,332,332,9.0e-182,630.6,1,1
DAKCFMEO_03400,WP_005768799.1,96.9,194,194,194,8.6e-100,357.5,1,1
DAKCFMEO_03401,WP_007244107.1,87.9,272,271,272,2.2e-133,469.5,1.00369,1
DAKCFMEO_03402,WP_005736538.1,92.3,209,209,209,1.2e-112,400.2,1,1
DAKCFMEO_03403,WP_011103440.1,73.6,87,87,86,2.5e-30,125.6,1,1.01163
DAKCFMEO_03404,WP_003318204.1,78.3,60,60,60,5.3e-24,104.0,1,1
DAKCFMEO_03405,WP_005768804.1,93.0,387,387,387,9.4e-215,740.3,1,1
DAKCFMEO_03407,WP_003379241.1,95.6,68,68,68,9.0e-36,143.3,1,1
DAKCFMEO_03408,WP_005768806.1,94.3,194,194,193,4.3e-99,355.1,1,1.00518
DAKCFMEO_03409,WP_005736543.1,80.5,77,77,77,1.4e-32,132.9,1,1
DAKCFMEO_03410,WP_005768808.1,94.4,502,502,502,4.0e-274,937.9,1,1
DAKCFMEO_03411,WP_005768811.1,93.0,298,298,298,7.9e-161,560.8,1,1
DAKCFMEO_03412,WP_007244110.1,94.5,273,273,273,1.3e-146,513.5,1,1
DAKCFMEO_03413,WP_005768815.1,94.2,277,275,277,3.0e-138,485.7,1.00727,1
DAKCFMEO_03414,WP_005768817.1,95.8,95,95,95,4.4e-49,188.0,1,1
DAKCFMEO_03415,WP_005768818.1,82.9,164,164,164,2.4e-74,272.7,1,1
DAKCFMEO_03416,WP_005768820.1,98.4,185,185,185,9.1e-107,380.6,1,1
DAKCFMEO_03417,WP_005736551.1,99.1,212,212,212,6.7e-114,404.4,1,1
DAKCFMEO_03418,WP_005768822.1,94.3,424,425,425,4.6e-223,768.1,0.997647,0.997647
DAKCFMEO_03419,WP_005768824.1,93.8,340,340,340,1.4e-193,669.8,1,1
DAKCFMEO_03420,WP_011103436.1,85.7,300,300,300,2.4e-157,549.3,1,1
DAKCFMEO_03421,WP_005768828.1,91.5,328,328,328,5.8e-181,627.9,1,1
DAKCFMEO_03422,WP_005768830.1,90.1,71,71,71,8.8e-34,136.7,1,1
DAKCFMEO_03423,WP_005768832.1,92.4,317,320,318,2.0e-178,619.4,0.990625,0.996855
DAKCFMEO_03424,WP_005768834.1,88.1,302,300,302,1.3e-155,543.5,1.00667,1
DAKCFMEO_03425,WP_005768836.1,85.7,476,482,482,5.4e-252,864.4,0.987552,0.987552
DAKCFMEO_03426,WP_005736559.1,85.0,140,141,140,1.4e-70,260.0,0.992908,1
DAKCFMEO_03427,WP_005768839.1,86.5,266,266,262,1.4e-124,440.3,1,1.01527
DAKCFMEO_03428,WP_005768840.1,91.1,415,415,415,2.6e-234,805.4,1,1
DAKCFMEO_03429,WP_005768843.1,90.6,266,266,266,2.7e-144,505.8,1,1
DAKCFMEO_03430,WP_011103434.1,92.2,422,422,422,7.3e-229,787.3,1,1
DAKCFMEO_03431,WP_011103433.1,80.5,169,170,167,5.8e-76,278.1,0.994118,1.01198
DAKCFMEO_03432,WP_086000462.1,89.9,99,119,99,1.2e-51,196.8,0.831933,1
DAKCFMEO_03433,WP_005768852.1,94.8,135,172,135,1.1e-77,283.9,0.784884,1
DAKCFMEO_03434,WP_005768855.1,85.6,263,271,275,8.0e-128,451.1,0.97048,0.956364
DAKCFMEO_03435,WP_161797790.1,88.7,256,259,256,2.9e-127,449.1,0.988417,1
DAKCFMEO_03436,WP_011103431.1,88.1,277,277,277,8.4e-141,494.2,1,1
DAKCFMEO_03437,WP_011103430.1,95.0,360,360,360,3.2e-193,668.7,1,1
DAKCFMEO_03438,WP_005615192.1,96.9,425,425,425,2.7e-223,768.8,1,1
DAKCFMEO_03439,WP_011103429.1,82.9,556,556,575,8.2e-220,757.7,1,0.966957
DAKCFMEO_03440,WP_005768866.1,95.6,205,205,205,1.3e-117,416.8,1,1
DAKCFMEO_03441,WP_005768868.1,94.6,278,282,282,7.5e-153,534.3,0.985816,0.985816
DAKCFMEO_03443,WP_002552145.1,100.0,310,310,313,5.5e-173,601.3,1,0.990415
DAKCFMEO_03444,WP_005768871.1,86.8,204,204,203,3.8e-98,352.1,1,1.00493
DAKCFMEO_03445,WP_011103428.1,97.9,194,194,194,1.9e-110,392.9,1,1
DAKCFMEO_03446,WP_005768873.1,97.5,366,366,366,1.8e-207,716.1,1,1
DAKCFMEO_03447,WP_005771402.1,92.7,357,366,357,1.0e-202,700.3,0.97541,1
DAKCFMEO_03448,WP_005771401.1,90.7,301,301,301,5.0e-155,541.6,1,1
DAKCFMEO_03449,WP_011103413.1,96.3,296,296,296,3.0e-168,585.5,1,1
DAKCFMEO_03450,WP_007244127.1,75.7,300,302,309,2.8e-137,482.6,0.993377,0.970874
DAKCFMEO_03451,WP_005771397.1,86.2,181,181,181,5.2e-91,328.2,1,1
DAKCFMEO_03452,WP_007244130.1,93.8,275,275,275,1.0e-130,460.7,1,1
DAKCFMEO_03453,WP_011103412.1,86.1,454,455,454,3.7e-226,778.5,0.997802,1
DAKCFMEO_03454,WP_011103411.1,76.2,1614,1608,1561,0.0e+00,2139.8,1.00373,1.03395
DAKCFMEO_03455,WP_011104695.1,37.7,610,619,618,1.8e-95,344.7,0.98546,0.987055
DAKCFMEO_03456,WP_005771392.1,87.1,364,369,367,2.8e-184,639.0,0.98645,0.991826
DAKCFMEO_03457,WP_005771391.1,93.6,314,314,316,1.4e-171,596.7,1,0.993671
DAKCFMEO_03458,WP_005771390.1,92.1,316,316,316,5.4e-160,558.1,1,1
DAKCFMEO_03459,WP_005771389.1,82.9,129,133,133,1.2e-52,200.3,0.969925,0.969925
DAKCFMEO_03462,WP_005771387.1,73.6,299,325,299,3.2e-131,462.6,0.92,1
DAKCFMEO_03463,WP_011103405.1,79.4,612,685,685,1.0e-240,827.4,0.893431,0.893431
DAKCFMEO_03464,WP_011103404.1,64.5,369,376,373,2.5e-127,449.9,0.981383,0.989276
DAKCFMEO_03466,WP_011104672.1,69.7,544,548,546,7.0e-139,488.8,0.992701,0.996337
DAKCFMEO_03467,WP_010204046.1,73.4,395,398,398,9.9e-159,554.3,0.992462,0.992462
DAKCFMEO_03468,WP_005771495.1,77.1,140,144,145,5.1e-65,241.5,0.972222,0.965517
DAKCFMEO_03469,WP_011104616.1,56.0,546,546,546,6.8e-102,365.9,1,1
DAKCFMEO_03470,WP_011103382.1,83.2,661,669,671,0.0e+00,1160.2,0.988042,0.985097
DAKCFMEO_03471,WP_003380309.1,96.2,239,239,239,1.6e-132,466.5,1,1
DAKCFMEO_03472,WP_005771500.1,85.9,405,402,407,4.0e-184,638.6,1.00746,0.995086
DAKCFMEO_03473,WP_011105006.1,67.9,137,147,150,7.1e-54,204.5,0.931973,0.913333
DAKCFMEO_03474,WP_032606961.1,72.6,113,161,114,2.5e-28,119.8,0.701863,0.991228
DAKCFMEO_03475,WP_011103380.1,83.3,216,219,219,1.1e-103,370.5,0.986301,0.986301
DAKCFMEO_03476,WP_005771505.1,80.6,541,557,541,4.4e-221,761.9,0.971275,1
DAKCFMEO_03477,WP_003380298.1,96.2,212,212,212,8.8e-122,430.6,1,1
DAKCFMEO_03478,WP_005771507.1,80.7,135,135,135,4.3e-58,218.4,1,1
DAKCFMEO_03479,WP_003380294.1,92.7,151,150,151,3.4e-80,292.0,1.00667,1
DAKCFMEO_03480,WP_005771509.1,79.2,269,269,267,2.8e-117,416.0,1,1.00749
DAKCFMEO_03481,WP_011103378.1,95.5,425,425,425,5.3e-227,781.2,1,1
DAKCFMEO_03482,WP_003380289.1,96.9,229,233,235,6.0e-124,438.0,0.982833,0.974468
DAKCFMEO_03483,WP_011103377.1,96.9,939,939,939,0.0e+00,1697.9,1,1
DAKCFMEO_03487,WP_011103219.1,76.2,319,319,319,8.8e-142,497.7,1,1
DAKCFMEO_03488,WP_005768914.1,76.2,248,249,249,5.3e-110,391.7,0.995984,0.995984
DAKCFMEO_03489,WP_005768916.1,79.6,142,142,142,5.2e-62,231.5,1,1
DAKCFMEO_03494,WP_005768918.1,95.1,122,122,122,6.7e-50,191.0,1,1
DAKCFMEO_03495,WP_003317113.1,100.0,177,177,177,5.4e-101,361.3,1,1
DAKCFMEO_03496,WP_002555500.1,97.9,143,143,143,3.9e-73,268.5,1,1
DAKCFMEO_03497,WP_003317112.1,97.0,231,231,231,8.1e-121,427.6,1,1
DAKCFMEO_03498,WP_004397081.1,98.2,166,166,166,1.3e-80,293.5,1,1
DAKCFMEO_03499,WP_005768921.1,82.6,121,121,121,2.1e-43,169.5,1,1
DAKCFMEO_03500,WP_011103220.1,99.1,1357,1357,1357,0.0e+00,2646.3,1,1
DAKCFMEO_03501,WP_004397078.1,99.6,1399,1399,1399,0.0e+00,2727.2,1,1
DAKCFMEO_03502,WP_002555494.1,100.0,123,123,123,1.6e-67,249.6,1,1
DAKCFMEO_03503,WP_004397077.1,99.4,156,156,156,3.8e-82,298.5,1,1
DAKCFMEO_03504,WP_005768927.1,98.7,701,701,701,0.0e+00,1375.9,1,1
DAKCFMEO_03505,WP_007245455.1,94.7,397,397,397,4.1e-221,761.5,1,1
DAKCFMEO_03506,WP_002555491.1,99.0,103,103,103,2.1e-52,199.1,1,1
DAKCFMEO_03507,WP_004397052.1,98.6,211,211,211,1.6e-115,409.8,1,1
DAKCFMEO_03508,WP_002555489.1,98.0,200,200,200,2.9e-106,379.0,1,1
DAKCFMEO_03509,WP_002555488.1,100.0,99,99,99,9.3e-50,190.3,1,1
DAKCFMEO_03510,WP_004397049.1,98.9,274,274,274,5.9e-155,541.2,1,1
DAKCFMEO_03511,WP_004883670.1,100.0,91,91,91,9.5e-49,186.8,1,1
DAKCFMEO_03512,WP_002555485.1,100.0,110,110,110,2.0e-53,202.6,1,1
DAKCFMEO_03513,WP_003176422.1,100.0,228,228,228,3.0e-128,452.2,1,1
DAKCFMEO_03514,WP_002555482.1,100.0,137,137,137,8.3e-73,267.3,1,1
DAKCFMEO_03515,WP_002555481.1,100.0,63,63,63,2.9e-28,118.2,1,1
DAKCFMEO_03516,WP_002555480.1,100.0,88,88,88,4.7e-45,174.5,1,1
DAKCFMEO_03517,WP_002555479.1,100.0,122,122,122,6.3e-64,237.7,1,1
DAKCFMEO_03518,WP_002555478.1,100.0,104,104,104,5.0e-54,204.5,1,1
DAKCFMEO_03519,WP_005768935.1,98.3,179,179,179,8.2e-97,347.4,1,1
DAKCFMEO_03520,WP_002555476.1,100.0,101,101,101,2.3e-51,195.7,1,1
DAKCFMEO_03521,WP_002555475.1,98.5,130,130,130,9.3e-66,243.8,1,1
DAKCFMEO_03522,WP_005768939.1,98.9,177,177,177,4.2e-93,335.1,1,1
DAKCFMEO_03523,WP_002555473.1,100.0,116,116,116,3.2e-57,215.3,1,1
DAKCFMEO_03524,WP_003317099.1,98.8,166,166,166,1.1e-87,317.0,1,1
DAKCFMEO_03525,WP_002555471.1,98.3,58,58,58,9.0e-29,119.8,1,1
DAKCFMEO_03526,WP_002555470.1,98.6,144,144,144,3.9e-73,268.5,1,1
DAKCFMEO_03527,WP_002555469.1,99.8,444,444,444,4.1e-246,844.7,1,1
DAKCFMEO_03528,WP_002555467.1,99.2,118,118,118,5.7e-62,231.1,1,1
DAKCFMEO_03529,WP_002555466.1,100.0,129,129,129,2.1e-70,259.2,1,1
DAKCFMEO_03530,WP_002555465.1,100.0,206,206,206,1.7e-114,406.4,1,1
DAKCFMEO_03531,WP_002555464.1,99.7,333,333,333,1.5e-184,639.8,1,1
DAKCFMEO_03532,WP_004397026.1,99.2,128,128,128,4.9e-67,248.1,1,1
DAKCFMEO_03533,WP_046463487.1,44.6,473,481,501,4.3e-116,412.9,0.983368,0.944112
DAKCFMEO_03534,WP_005614296.1,95.5,154,154,154,6.2e-85,307.8,1,1
DAKCFMEO_03535,WP_005768946.1,98.2,944,944,944,0.0e+00,1867.4,1,1
DAKCFMEO_03536,WP_005768949.1,94.0,464,464,464,1.2e-240,826.6,1,1
DAKCFMEO_03537,WP_003426596.1,94.8,134,184,189,3.7e-68,252.3,0.728261,0.708995
DAKCFMEO_03538,WP_005767796.1,80.2,359,363,360,1.1e-169,590.5,0.988981,0.997222
DAKCFMEO_03539,WP_011103224.1,68.4,247,251,247,2.7e-101,362.8,0.984064,1
DAKCFMEO_03540,WP_005768957.1,78.7,253,253,253,1.3e-111,397.1,1,1
DAKCFMEO_03541,WP_005768959.1,78.6,370,372,368,9.2e-167,580.9,0.994624,1.00543
DAKCFMEO_03542,WP_005768960.1,91.6,297,297,297,1.5e-148,520.0,1,1
DAKCFMEO_03543,WP_005768962.1,84.1,296,297,297,1.9e-138,486.5,0.996633,0.996633
DAKCFMEO_03544,WP_011103225.1,67.6,435,436,478,4.2e-171,595.5,0.997706,0.910042
DAKCFMEO_03545,WP_005768966.1,86.7,376,404,376,1.1e-194,673.7,0.930693,1
DAKCFMEO_03546,WP_011103229.1,90.0,768,762,768,0.0e+00,1393.3,1.00787,1
DAKCFMEO_03548,WP_011103980.1,31.9,251,244,254,1.4e-25,111.3,1.02869,0.988189
DAKCFMEO_03549,WP_003382082.1,33.9,183,282,221,5.0e-24,106.3,0.648936,0.828054
DAKCFMEO_03550,WP_005768991.1,84.5,271,272,272,2.7e-139,489.2,0.996324,0.996324
DAKCFMEO_03552,WP_005768994.1,89.7,767,762,767,0.0e+00,1206.4,1.00656,1
DAKCFMEO_03553,WP_032621927.1,95.9,294,294,294,2.5e-167,582.4,1,1
DAKCFMEO_03554,WP_011103232.1,87.7,309,309,309,3.9e-155,542.0,1,1
DAKCFMEO_03556,WP_005768999.1,89.9,228,228,228,8.2e-118,417.5,1,1
DAKCFMEO_03557,WP_005769001.1,90.2,173,173,174,9.7e-87,313.9,1,0.994253
DAKCFMEO_03558,WP_005769004.1,95.0,421,421,421,3.1e-227,781.9,1,1
DAKCFMEO_03559,WP_005769006.1,94.5,236,236,236,1.5e-122,433.3,1,1
DAKCFMEO_03560,WP_011103233.1,88.2,195,195,195,2.4e-94,339.3,1,1
DAKCFMEO_03561,WP_005614373.1,67.4,138,140,140,1.6e-55,209.9,0.985714,0.985714
DAKCFMEO_03562,WP_005769010.1,79.5,117,117,118,5.5e-49,188.0,1,0.991525
DAKCFMEO_03563,WP_003379146.1,93.4,290,290,290,6.5e-152,531.2,1,1
DAKCFMEO_03564,WP_011103234.1,85.3,217,218,217,7.7e-105,374.4,0.995413,1
DAKCFMEO_03565,WP_003379143.1,89.9,149,149,149,2.2e-71,262.7,1,1
DAKCFMEO_03566,WP_003379141.1,99.4,154,165,154,6.2e-83,301.2,0.933333,1
DAKCFMEO_03567,WP_011103235.1,90.3,381,381,381,8.7e-197,680.6,1,1
DAKCFMEO_03568,WP_011103236.1,95.9,220,220,220,8.0e-118,417.5,1,1
DAKCFMEO_03569,WP_011103237.1,96.7,363,363,363,3.3e-201,695.3,1,1
DAKCFMEO_03570,WP_002555427.1,100.0,158,158,158,1.1e-81,297.0,1,1
DAKCFMEO_03571,WP_011103238.1,94.5,165,165,165,3.0e-85,308.9,1,1
DAKCFMEO_03572,WP_011103239.1,84.6,319,321,321,1.2e-151,530.4,0.993769,0.993769
DAKCFMEO_03573,WP_003379129.1,97.6,205,205,205,1.3e-114,406.8,1,1
DAKCFMEO_03574,WP_005769026.1,84.6,136,139,138,7.4e-61,227.6,0.978417,0.985507
DAKCFMEO_03575,WP_011103240.1,95.4,631,631,631,0.0e+00,1203.3,1,1
DAKCFMEO_03576,WP_007245492.1,93.6,295,295,295,5.1e-152,531.6,1,1
DAKCFMEO_03577,WP_003379121.1,96.3,81,81,81,9.6e-37,146.7,1,1
DAKCFMEO_03578,WP_011103241.1,89.4,387,388,388,2.7e-209,722.2,0.997423,0.997423
DAKCFMEO_03579,WP_005769036.1,90.7,280,280,280,1.5e-153,536.6,1,1
DAKCFMEO_03581,WP_011103353.1,40.6,207,222,206,5.2e-32,132.5,0.932432,1.00485
DAKCFMEO_03582,WP_005770134.1,87.7,244,245,243,8.0e-127,447.6,0.995918,1.00412
DAKCFMEO_03583,WP_005614429.1,97.1,175,175,175,1.7e-99,356.3,1,1
DAKCFMEO_03584,WP_011103253.1,87.3,268,270,269,1.8e-143,503.1,0.992593,0.996283
DAKCFMEO_03585,WP_005770132.1,92.0,213,215,215,3.6e-107,382.1,0.990698,0.990698
DAKCFMEO_03586,WP_024667238.1,91.4,152,153,152,1.6e-77,283.1,0.993464,1
DAKCFMEO_03587,WP_005770129.1,85.3,292,292,287,2.9e-139,489.2,1,1.01742
DAKCFMEO_03588,WP_011103255.1,97.0,464,464,464,6.6e-255,874.0,1,1
DAKCFMEO_03589,WP_011103256.1,97.8,506,506,506,3.1e-290,991.5,1,1
DAKCFMEO_03590,WP_005770120.1,93.3,449,449,449,9.5e-251,860.1,1,1
DAKCFMEO_03591,WP_003379089.1,96.2,209,209,209,3.5e-115,408.7,1,1
DAKCFMEO_03592,WP_005770118.1,83.0,94,98,94,5.1e-40,157.9,0.959184,1
DAKCFMEO_03593,WP_005770116.1,89.7,213,213,213,1.4e-106,380.2,1,1
DAKCFMEO_03594,WP_005770114.1,93.2,575,575,575,7.3e-147,515.4,1,1
DAKCFMEO_03595,WP_005770111.1,84.1,151,151,151,3.1e-73,268.9,1,1
DAKCFMEO_03596,WP_005770109.1,90.8,120,120,120,1.3e-53,203.4,1,1
DAKCFMEO_03597,WP_005770108.1,90.3,238,238,238,2.3e-115,409.5,1,1
DAKCFMEO_03598,WP_011103257.1,91.3,196,196,196,8.2e-98,350.9,1,1
DAKCFMEO_03599,WP_007244669.1,86.3,438,438,438,4.6e-218,751.5,1,1
DAKCFMEO_03600,WP_005763225.1,92.8,223,223,223,3.2e-122,432.2,1,1
DAKCFMEO_03601,WP_011105195.1,90.0,421,421,421,4.8e-212,731.5,1,1
DAKCFMEO_03602,WP_161458274.1,96.8,219,222,219,2.2e-123,436.0,0.986486,1
DAKCFMEO_03603,WP_005763231.1,90.6,128,128,128,2.0e-60,226.1,1,1
DAKCFMEO_03604,WP_003313894.1,100.0,155,155,155,6.5e-90,324.3,1,1
DAKCFMEO_03605,WP_011105194.1,96.4,631,631,631,0.0e+00,1234.9,1,1
DAKCFMEO_03606,WP_007244673.1,99.2,367,381,367,3.7e-203,701.8,0.963255,1
DAKCFMEO_03607,WP_005736753.1,96.4,335,335,335,1.5e-192,666.4,1,1
DAKCFMEO_03608,WP_007244675.1,94.4,342,341,342,1.2e-184,640.2,1.00293,1
DAKCFMEO_03610,WP_003376558.1,97.2,386,386,386,6.5e-216,744.2,1,1
DAKCFMEO_03611,WP_005763243.1,85.7,91,103,91,2.2e-41,162.5,0.883495,1
DAKCFMEO_03612,WP_007244676.1,94.5,218,218,218,4.9e-120,424.9,1,1
DAKCFMEO_03613,WP_005763246.1,97.0,335,335,335,5.1e-193,667.9,1,1
DAKCFMEO_03614,WP_005763248.1,95.5,442,442,445,3.4e-245,841.6,1,0.993258
DAKCFMEO_03615,WP_003376569.1,92.2,51,51,51,3.0e-20,91.3,1,1
DAKCFMEO_03616,WP_005763127.1,86.5,237,238,246,1.9e-120,426.4,0.995798,0.963415
DAKCFMEO_03617,WP_007244641.1,90.7,364,370,370,1.4e-186,646.7,0.983784,0.983784
DAKCFMEO_03618,WP_005763130.1,92.5,400,400,400,4.8e-222,764.6,1,1
DAKCFMEO_03619,WP_011105216.1,78.4,445,447,476,1.9e-195,676.4,0.995526,0.934874
DAKCFMEO_03620,WP_005763134.1,98.1,208,208,208,1.1e-111,397.1,1,1
DAKCFMEO_03621,WP_005763136.1,97.1,243,244,243,1.0e-134,473.8,0.995902,1
DAKCFMEO_03622,WP_011105215.1,87.6,565,564,567,6.9e-283,967.2,1.00177,0.996473
DAKCFMEO_03626,WP_005763150.1,94.9,197,198,198,2.0e-99,356.3,0.994949,0.994949
DAKCFMEO_03627,WP_007244646.1,89.8,929,929,929,0.0e+00,1627.1,1,1
DAKCFMEO_03628,WP_011105210.1,94.4,431,431,431,2.0e-237,815.8,1,1
DAKCFMEO_03629,WP_011105209.1,96.1,534,534,534,3.0e-296,1011.5,1,1
DAKCFMEO_03630,WP_002555375.1,100.0,106,106,106,5.1e-54,204.5,1,1
DAKCFMEO_03631,WP_005763161.1,94.4,337,337,337,1.1e-182,633.6,1,1
DAKCFMEO_03632,WP_011105208.1,68.5,467,452,453,2.5e-166,579.7,1.03319,1.03091
DAKCFMEO_03633,WP_007244650.1,92.5,292,292,292,6.8e-157,547.7,1,1
DAKCFMEO_03634,WP_007244651.1,96.4,447,447,447,2.7e-250,858.6,1,1
DAKCFMEO_03635,WP_002555370.1,93.4,152,152,151,4.1e-57,215.3,1,1.00662
DAKCFMEO_03636,WP_002555369.1,96.0,150,150,150,1.2e-80,293.5,1,1
DAKCFMEO_03637,WP_011105207.1,86.3,593,594,604,4.9e-295,1007.7,0.998316,0.981788
DAKCFMEO_03639,WP_011105206.1,76.0,250,242,250,3.2e-96,345.9,1.03306,1
DAKCFMEO_03640,WP_005763178.1,80.5,293,294,294,2.0e-124,439.9,0.996599,0.996599
DAKCFMEO_03641,WP_007244655.1,71.9,295,294,295,3.8e-115,409.1,1.0034,1
DAKCFMEO_03642,WP_005763182.1,93.8,418,418,418,1.7e-225,776.2,1,1
DAKCFMEO_03643,WP_007244656.1,90.9,396,396,396,1.1e-202,700.3,1,1
DAKCFMEO_03644,WP_005763186.1,85.0,419,416,419,1.3e-198,686.8,1.00721,1
DAKCFMEO_03646,WP_005763190.1,53.2,62,63,68,7.1e-11,60.5,0.984127,0.911765
DAKCFMEO_03647,WP_005763193.1,94.1,135,135,135,1.1e-69,256.9,1,1
DAKCFMEO_03649,WP_011105204.1,93.0,775,789,782,0.0e+00,1468.8,0.982256,0.991049
DAKCFMEO_03650,WP_002555356.1,99.0,97,97,97,1.7e-48,186.0,1,1
DAKCFMEO_03651,WP_011105203.1,92.2,1649,1648,1649,0.0e+00,3040.0,1.00061,1
DAKCFMEO_03652,WP_007244661.1,90.8,444,446,446,4.0e-225,775.0,0.995516,0.995516
DAKCFMEO_03653,WP_046463551.1,68.8,282,298,300,7.0e-117,414.8,0.946309,0.94
DAKCFMEO_03654,WP_011105476.1,30.4,451,472,678,1.1e-47,185.7,0.955508,0.665192
DAKCFMEO_03655,WP_005763203.1,98.0,637,637,637,0.0e+00,1248.8,1,1
DAKCFMEO_03656,WP_011105201.1,91.9,123,123,123,3.5e-62,231.9,1,1
DAKCFMEO_03657,WP_007244663.1,83.9,180,181,180,6.2e-84,304.7,0.994475,1
DAKCFMEO_03658,WP_011105200.1,95.8,359,359,359,7.4e-198,684.1,1,1
DAKCFMEO_03659,WP_011105198.1,90.5,550,551,551,1.9e-293,1002.3,0.998185,0.998185
DAKCFMEO_03660,WP_005763213.1,74.4,254,258,260,8.8e-100,357.8,0.984496,0.976923
DAKCFMEO_03661,WP_005763215.1,62.6,155,156,156,6.6e-50,191.4,0.99359,0.99359
DAKCFMEO_03662,WP_005763217.1,76.2,151,151,151,2.9e-58,219.2,1,1
DAKCFMEO_03663,WP_046463552.1,87.4,922,922,922,0.0e+00,1660.2,1,1
DAKCFMEO_03664,WP_011105196.1,73.0,674,674,672,1.2e-262,900.2,1,1.00298
DAKCFMEO_03665,WP_011103258.1,81.3,187,187,187,7.8e-90,324.3,1,1
DAKCFMEO_03666,WP_011103259.1,78.8,212,207,212,1.3e-90,327.0,1.02415,1
DAKCFMEO_03667,WP_046463383.1,90.8,249,249,249,8.1e-135,474.2,1,1
DAKCFMEO_03668,WP_005770099.1,90.1,101,101,101,4.0e-48,184.9,1,1
DAKCFMEO_03669,WP_011103261.1,74.4,285,285,285,1.9e-127,449.9,1,1
DAKCFMEO_03670,WP_011103262.1,87.4,451,451,451,2.3e-228,785.8,1,1
DAKCFMEO_03671,WP_011103263.1,93.4,425,425,425,9.6e-229,786.9,1,1
DAKCFMEO_03672,WP_005614458.1,77.2,92,92,92,3.9e-34,138.3,1,1
DAKCFMEO_03673,WP_005770090.1,75.8,483,483,465,3.5e-211,728.8,1,1.03871
DAKCFMEO_03674,WP_046463386.1,93.0,342,342,366,5.3e-177,614.8,1,0.934426
DAKCFMEO_03676,WP_005770085.1,98.9,272,298,298,5.7e-151,528.1,0.912752,0.912752
DAKCFMEO_03677,WP_005770083.1,90.2,133,133,133,1.9e-66,246.1,1,1
DAKCFMEO_03678,WP_005770081.1,86.2,731,732,732,0.0e+00,1216.8,0.998634,0.998634
DAKCFMEO_03679,WP_005770079.1,82.5,126,126,126,1.6e-54,206.5,1,1
DAKCFMEO_03680,WP_005770077.1,83.1,65,65,65,8.9e-25,106.7,1,1
DAKCFMEO_03681,WP_005770075.1,91.2,398,398,398,2.3e-200,692.6,1,1
DAKCFMEO_03682,WP_005770073.1,89.9,337,337,337,1.6e-173,603.2,1,1
DAKCFMEO_03683,WP_011103267.1,88.0,301,301,307,8.3e-150,524.2,1,0.980456
DAKCFMEO_03684,WP_005770069.1,85.7,230,230,230,2.3e-107,382.9,1,1
DAKCFMEO_03685,WP_005614495.1,96.5,317,317,317,7.8e-183,634.0,1,1
DAKCFMEO_03686,WP_011103268.1,90.0,319,322,321,2.0e-178,619.4,0.990683,0.993769
DAKCFMEO_03687,WP_005614499.1,96.7,364,364,364,3.0e-210,725.3,1,1
DAKCFMEO_03688,WP_005770064.1,92.0,263,263,263,7.7e-136,477.6,1,1
DAKCFMEO_03689,WP_011103269.1,88.5,322,322,322,2.0e-154,539.7,1,1
DAKCFMEO_03690,WP_010202134.1,95.1,324,324,329,2.0e-165,576.2,1,0.984802
DAKCFMEO_03691,WP_007245539.1,90.2,306,306,306,4.2e-157,548.5,1,1
DAKCFMEO_03692,WP_007245540.1,93.7,365,363,365,1.2e-182,633.6,1.00551,1
DAKCFMEO_03695,WP_011103270.1,94.5,451,451,451,4.3e-251,861.3,1,1
DAKCFMEO_03696,WP_046463381.1,85.0,226,227,229,2.6e-108,386.0,0.995595,0.9869
DAKCFMEO_03699,WP_005770049.1,99.4,308,308,308,8.7e-163,567.4,1,1
DAKCFMEO_03700,WP_007245542.1,97.0,366,366,366,1.4e-196,679.9,1,1
DAKCFMEO_03702,WP_011104320.1,32.5,197,236,264,4.8e-20,92.8,0.834746,0.746212
DAKCFMEO_03703,WP_007245544.1,84.7,196,197,197,4.5e-96,345.1,0.994924,0.994924
DAKCFMEO_03704,WP_005770041.1,92.3,220,220,218,1.4e-117,416.8,1,1.00917
DAKCFMEO_03705,WP_011103273.1,92.0,465,465,465,1.1e-241,830.1,1,1
DAKCFMEO_03706,WP_007245546.1,85.6,306,306,306,2.0e-151,529.6,1,1
DAKCFMEO_03707,WP_003383172.1,93.3,448,448,448,2.3e-252,865.5,1,1
DAKCFMEO_03708,WP_011103274.1,95.8,497,497,497,6.5e-285,973.8,1,1
DAKCFMEO_03709,WP_005762572.1,94.5,164,164,164,2.8e-91,328.9,1,1
DAKCFMEO_03710,WP_004396332.1,96.4,552,552,552,0.0e+00,1095.5,1,1
DAKCFMEO_03712,WP_005762569.1,76.3,359,366,366,2.2e-157,549.7,0.980874,0.980874
DAKCFMEO_03715,WP_011104161.1,97.0,1239,1239,1239,0.0e+00,2436.4,1,1
DAKCFMEO_03716,WP_005762564.1,85.2,770,767,770,0.0e+00,1374.8,1.00391,1
DAKCFMEO_03717,WP_011104162.1,90.6,340,340,340,1.2e-181,630.2,1,1
DAKCFMEO_03718,WP_002553665.1,98.5,197,197,197,1.8e-113,402.9,1,1
DAKCFMEO_03719,WP_007243732.1,81.7,427,434,434,4.0e-206,711.8,0.983871,0.983871
DAKCFMEO_03720,WP_011104163.1,82.7,648,658,649,1.2e-307,1049.7,0.984802,0.998459
DAKCFMEO_03721,WP_011104164.1,84.2,278,277,282,4.3e-129,455.3,1.00361,0.985816
DAKCFMEO_03722,WP_005762555.1,92.9,535,535,535,7.0e-293,1000.3,1,1
DAKCFMEO_03723,WP_044389757.1,96.4,387,387,387,2.2e-219,755.7,1,1
DAKCFMEO_03724,WP_011104166.1,89.6,297,303,299,2.3e-152,532.7,0.980198,0.993311
DAKCFMEO_03725,WP_005762545.1,92.1,126,130,130,6.5e-59,221.1,0.969231,0.969231
DAKCFMEO_03726,WP_005762543.1,92.2,309,311,309,1.1e-160,560.5,0.993569,1
DAKCFMEO_03727,WP_011104167.1,94.4,409,409,409,1.1e-232,800.0,1,1
DAKCFMEO_03728,WP_046463508.1,77.7,448,448,447,1.1e-190,660.6,1,1.00224
DAKCFMEO_03729,WP_011104169.1,90.0,270,270,270,8.2e-149,520.8,1,1
DAKCFMEO_03730,WP_005762534.1,83.4,223,223,223,3.3e-111,395.6,1,1
DAKCFMEO_03731,WP_011104170.1,86.4,575,577,574,4.6e-298,1017.7,0.996534,1.00174
DAKCFMEO_03732,WP_046463502.1,84.4,1226,1226,1226,0.0e+00,2093.5,1,1
DAKCFMEO_03733,WP_011104172.1,78.7,305,305,305,8.1e-137,481.1,1,1
DAKCFMEO_03734,WP_004396268.1,88.6,166,166,166,2.1e-78,286.2,1,1
DAKCFMEO_03735,WP_005762525.1,84.9,438,438,433,4.1e-190,658.7,1,1.01155
DAKCFMEO_03736,WP_011103502.1,48.7,1030,1036,1034,1.2e-259,891.0,0.994208,0.996132
DAKCFMEO_03737,WP_011104174.1,92.0,1035,1035,1035,0.0e+00,1761.5,1,1
DAKCFMEO_03738,WP_011104175.1,85.0,472,472,490,1.8e-191,663.3,1,0.963265
DAKCFMEO_03739,WP_011104176.1,74.9,690,703,703,6.2e-281,961.1,0.981508,0.981508
DAKCFMEO_03740,WP_005762514.1,89.5,248,248,248,2.7e-122,432.6,1,1
DAKCFMEO_03743,WP_007243982.1,91.1,672,673,672,0.0e+00,1307.7,0.998514,1
DAKCFMEO_03744,WP_011104178.1,91.2,1107,1108,1108,0.0e+00,2055.4,0.999097,0.999097
DAKCFMEO_03745,WP_011104179.1,88.8,738,743,741,0.0e+00,1432.5,0.993271,0.995951
DAKCFMEO_03746,WP_057443127.1,66.1,882,880,884,2.0e-212,733.8,1.00227,0.997738
DAKCFMEO_03747,WP_024666071.1,92.0,388,400,397,7.0e-197,681.0,0.97,0.97733
DAKCFMEO_03748,WP_007243977.1,84.8,375,377,377,7.6e-185,641.0,0.994695,0.994695
DAKCFMEO_03749,WP_024666072.1,95.8,529,529,529,3.5e-297,1014.6,1,1
DAKCFMEO_03751,WP_046463596.1,83.7,584,653,638,1.6e-222,766.9,0.894334,0.915361
DAKCFMEO_03752,WP_011104183.1,65.3,245,266,287,4.5e-91,328.9,0.921053,0.853659
DAKCFMEO_03754,WP_005762491.1,75.5,233,233,233,1.1e-98,354.0,1,1
DAKCFMEO_03756,WP_046463503.1,63.3,177,188,182,3.8e-60,225.7,0.941489,0.972527
DAKCFMEO_03757,WP_011105170.1,68.8,205,207,207,8.6e-82,297.7,0.990338,0.990338
DAKCFMEO_03758,WP_005762487.1,92.9,141,141,141,8.8e-78,283.9,1,1
DAKCFMEO_03759,WP_005762486.1,88.4,147,147,147,6.0e-69,254.6,1,1
DAKCFMEO_03760,WP_044389725.1,71.6,109,115,119,8.6e-39,154.1,0.947826,0.915966
DAKCFMEO_03761,WP_004396234.1,95.4,283,283,283,1.1e-156,547.0,1,1
DAKCFMEO_03762,WP_011104187.1,96.8,220,220,220,5.5e-111,394.8,1,1
DAKCFMEO_03763,WP_011104188.1,95.0,220,220,220,1.6e-113,403.3,1,1
DAKCFMEO_03764,WP_005762478.1,93.9,263,263,263,4.9e-138,485.0,1,1
DAKCFMEO_03765,WP_005762476.1,93.0,128,128,128,8.0e-70,257.3,1,1
DAKCFMEO_03766,WP_005762474.1,93.3,253,260,254,4.3e-139,488.4,0.973077,0.996063
DAKCFMEO_03767,WP_005762472.1,87.6,395,401,411,4.0e-208,718.4,0.985037,0.961071
DAKCFMEO_03768,WP_011104189.1,83.3,306,306,307,9.3e-149,520.8,1,0.996743
DAKCFMEO_03769,WP_046463504.1,91.0,748,832,830,0.0e+00,1399.4,0.899038,0.901205
DAKCFMEO_03770,WP_005762465.1,88.6,88,90,88,4.7e-40,157.9,0.977778,1
DAKCFMEO_03771,WP_005762461.1,79.1,359,359,359,4.0e-175,608.6,1,1
DAKCFMEO_03772,WP_010203323.1,83.1,237,237,237,6.2e-108,384.8,1,1
DAKCFMEO_03773,WP_011104191.1,85.1,281,281,282,1.0e-130,460.7,1,0.996454
DAKCFMEO_03774,WP_011104192.1,81.4,334,336,336,1.9e-150,526.6,0.994048,0.994048
DAKCFMEO_03775,WP_024666082.1,85.1,228,228,228,5.3e-117,414.8,1,1
DAKCFMEO_03776,WP_011104195.1,90.3,331,331,331,7.4e-176,610.9,1,1
DAKCFMEO_03777,WP_010203307.1,93.2,205,205,205,1.7e-106,379.8,1,1
DAKCFMEO_03778,WP_005762447.1,91.3,206,207,206,1.4e-108,386.7,0.995169,1
DAKCFMEO_03779,WP_046463506.1,86.6,471,471,471,8.4e-242,830.5,1,1
DAKCFMEO_03780,WP_011104197.1,89.3,1031,1031,1031,0.0e+00,1870.5,1,1
DAKCFMEO_03781,WP_011104198.1,94.3,282,283,283,1.7e-168,586.3,0.996466,0.996466
DAKCFMEO_03785,WP_046463531.1,81.6,299,299,299,2.7e-145,509.2,1,1
DAKCFMEO_03786,WP_011104203.1,93.1,418,419,419,1.5e-221,763.1,0.997613,0.997613
DAKCFMEO_03787,WP_011104204.1,90.9,438,436,438,3.2e-219,755.4,1.00459,1
DAKCFMEO_03788,WP_011104205.1,93.0,298,300,298,3.9e-160,558.5,0.993333,1
DAKCFMEO_03789,WP_011104206.1,91.7,301,301,301,4.8e-158,551.6,1,1
DAKCFMEO_03790,WP_011104207.1,92.9,1013,1015,1015,0.0e+00,1921.4,0.99803,0.99803
DAKCFMEO_03791,WP_003382657.1,95.9,295,295,295,5.4e-170,591.3,1,1
DAKCFMEO_03792,WP_005762418.1,72.2,349,363,363,4.8e-144,505.4,0.961433,0.961433
DAKCFMEO_03793,WP_007245492.1,37.6,221,303,295,2.3e-27,117.5,0.729373,0.749153
DAKCFMEO_03800,WP_005762416.1,88.6,316,316,316,9.9e-154,537.3,1,1
DAKCFMEO_03801,WP_007243944.1,85.4,485,486,486,2.6e-254,872.1,0.997942,0.997942
DAKCFMEO_03802,WP_005762408.1,90.4,324,324,324,2.8e-159,555.8,1,1
DAKCFMEO_03803,WP_005762406.1,87.9,306,306,306,1.5e-143,503.4,1,1
DAKCFMEO_03804,WP_011104208.1,91.0,324,334,337,4.5e-165,575.1,0.97006,0.961424
DAKCFMEO_03805,WP_005762887.1,51.2,299,337,337,6.5e-79,288.9,0.88724,0.88724
DAKCFMEO_03806,WP_011104209.1,92.7,521,521,521,6.8e-285,973.8,1,1
DAKCFMEO_03807,WP_005762396.1,74.0,173,176,173,6.9e-64,238.0,0.982955,1
DAKCFMEO_03808,WP_011104210.1,92.8,195,195,196,8.7e-100,357.5,1,0.994898
DAKCFMEO_03812,WP_011103118.1,31.6,250,251,257,3.0e-28,120.2,0.996016,0.972763
DAKCFMEO_03813,WP_007246965.1,34.4,305,336,309,4.1e-41,163.3,0.907738,0.987055
DAKCFMEO_03814,WP_003380853.1,43.8,336,325,341,9.8e-64,238.4,1.03385,0.985337
DAKCFMEO_03815,WP_011104585.1,44.1,492,495,525,1.9e-114,407.5,0.993939,0.937143
DAKCFMEO_03818,WP_046463416.1,43.9,781,788,805,2.2e-186,647.1,0.991117,0.970186
DAKCFMEO_03819,WP_005762368.1,65.6,256,255,257,7.6e-88,318.2,1.00392,0.996109
DAKCFMEO_03820,WP_011104219.1,74.8,3175,3168,3168,0.0e+00,4778.4,1.00221,1.00221
DAKCFMEO_03821,WP_011104220.1,73.1,5937,5913,5929,0.0e+00,8574.9,1.00406,1.00135
DAKCFMEO_03822,WP_010216538.1,83.8,383,383,383,1.9e-130,460.3,1,1
DAKCFMEO_03823,WP_011104221.1,89.5,669,669,668,0.0e+00,1151.0,1,1.0015
DAKCFMEO_03824,WP_003376912.1,70.8,216,236,222,2.1e-79,290.0,0.915254,0.972973
DAKCFMEO_03825,WP_010205787.1,52.2,161,169,167,7.9e-41,161.4,0.952663,0.964072
DAKCFMEO_03826,WP_005764194.1,35.7,308,321,325,4.7e-42,166.4,0.959502,0.947692
DAKCFMEO_03827,WP_011104570.1,40.2,709,800,728,7.8e-147,515.8,0.88625,0.973901
DAKCFMEO_03828,WP_005770701.1,56.5,439,460,470,4.2e-145,509.2,0.954348,0.934043
DAKCFMEO_03830,WP_011103039.1,31.7,357,405,415,4.2e-32,133.7,0.881481,0.860241
DAKCFMEO_03835,WP_007245539.1,30.2,275,306,306,5.6e-21,96.3,0.898693,0.898693
DAKCFMEO_03836,WP_010202134.1,38.5,325,329,329,2.7e-45,177.2,0.987842,0.987842
DAKCFMEO_03837,WP_011103269.1,39.3,305,343,322,3.3e-38,153.7,0.889213,0.947205
DAKCFMEO_03838,WP_005770064.1,49.4,255,263,263,3.4e-67,249.6,0.969582,0.969582
DAKCFMEO_03840,WP_011104434.1,30.5,190,218,237,2.4e-18,87.0,0.87156,0.801688
DAKCFMEO_03842,WP_046463677.1,62.8,401,458,421,5.5e-153,535.4,0.875546,0.952494
DAKCFMEO_03843,WP_005770270.1,70.8,312,313,317,9.9e-122,431.0,0.996805,0.984227
DAKCFMEO_03844,WP_011103979.1,70.6,265,267,266,6.1e-104,371.7,0.992509,0.996241
DAKCFMEO_03845,WP_011103980.1,78.7,254,254,254,4.9e-111,395.2,1,1
DAKCFMEO_03846,WP_011103981.1,77.7,489,503,509,2.4e-210,726.1,0.972167,0.960707
DAKCFMEO_03847,WP_011103982.1,81.6,310,310,310,2.1e-140,493.0,1,1
DAKCFMEO_03848,WP_007246911.1,75.8,331,331,334,3.1e-126,446.0,1,0.991018
DAKCFMEO_03849,WP_011103983.1,75.1,277,278,278,3.4e-126,445.7,0.996403,0.996403
DAKCFMEO_03850,WP_011103984.1,77.0,305,318,310,8.2e-132,464.5,0.959119,0.983871
DAKCFMEO_03851,WP_011103985.1,67.5,486,491,491,8.9e-186,644.4,0.989817,0.989817
DAKCFMEO_03852,WP_005764200.1,54.3,138,141,142,4.6e-34,138.7,0.978723,0.971831
DAKCFMEO_03857,WP_046463677.1,70.1,408,409,421,4.8e-169,588.6,0.997555,0.969121
DAKCFMEO_03858,WP_011104979.1,42.3,350,395,388,7.7e-63,235.7,0.886076,0.902062
DAKCFMEO_03860,WP_011103986.1,49.2,362,364,363,3.6e-107,382.9,0.994505,0.997245
DAKCFMEO_03862,WP_005762712.1,56.1,157,162,225,5.4e-47,181.8,0.969136,0.697778
DAKCFMEO_03863,WP_011105102.1,47.2,324,330,329,7.3e-75,275.4,0.981818,0.984802
DAKCFMEO_03864,WP_007245994.1,39.6,755,796,738,6.6e-146,512.7,0.948492,1.02304
DAKCFMEO_03865,WP_007245995.1,64.6,322,322,322,2.4e-115,409.8,1,1
DAKCFMEO_03866,WP_005766129.1,40.1,269,303,326,1.2e-47,184.9,0.887789,0.825153
DAKCFMEO_03867,WP_003377787.1,62.3,69,74,76,1.9e-23,102.4,0.932432,0.907895
DAKCFMEO_03869,WP_007245546.1,35.1,288,296,306,4.4e-47,183.0,0.972973,0.941176
DAKCFMEO_03873,WP_011103268.1,38.1,318,345,321,1.8e-55,211.1,0.921739,0.990654
DAKCFMEO_03874,WP_005765569.1,31.3,262,264,268,4.1e-20,93.2,0.992424,0.977612
DAKCFMEO_03877,WP_011104137.1,38.2,469,475,493,1.4e-82,301.6,0.987368,0.951318
DAKCFMEO_03878,WP_007246688.1,44.3,219,251,271,9.9e-48,184.9,0.87251,0.808118
DAKCFMEO_03884,WP_005768984.1,64.3,230,228,230,1.7e-70,260.4,1.00877,1
DAKCFMEO_03885,WP_005768982.1,70.1,134,146,134,3.7e-47,182.2,0.917808,1
DAKCFMEO_03886,WP_011103229.1,80.8,764,766,768,0.0e+00,1229.9,0.997389,0.994792
DAKCFMEO_03887,WP_011104494.1,57.9,114,129,127,2.8e-30,125.9,0.883721,0.897638
DAKCFMEO_03888,WP_007246058.1,66.5,236,243,244,4.6e-82,298.9,0.971193,0.967213
DAKCFMEO_03891,WP_011104816.1,39.7,431,466,448,3.2e-84,307.0,0.924893,0.962054
DAKCFMEO_03900,WP_005764422.1,73.9,291,291,291,1.2e-121,430.6,1,1
DAKCFMEO_03901,WP_005764420.1,81.3,289,289,289,3.5e-129,455.7,1,1
DAKCFMEO_03902,WP_011104333.1,63.3,349,349,350,6.1e-120,425.2,1,0.997143
DAKCFMEO_03903,WP_005764417.1,69.7,307,306,307,1.3e-131,463.8,1.00327,1
DAKCFMEO_03904,WP_005764418.1,83.0,389,389,389,1.5e-199,689.9,1,1
DAKCFMEO_03905,WP_007245364.1,50.7,296,307,286,1.1e-88,321.2,0.964169,1.03497
DAKCFMEO_03906,WP_005764344.1,89.1,339,339,339,1.5e-139,490.3,1,1
DAKCFMEO_03907,WP_007243883.1,90.3,536,535,534,1.6e-281,962.6,1.00187,1.00375
DAKCFMEO_03908,WP_011104366.1,37.1,493,584,619,5.3e-76,280.0,0.844178,0.796446
DAKCFMEO_03909,WP_011104261.1,76.8,370,381,380,1.3e-184,640.2,0.971129,0.973684
DAKCFMEO_03910,WP_007243881.1,82.0,377,398,393,2.5e-186,646.0,0.947236,0.959288
DAKCFMEO_03911,WP_011104262.1,70.1,384,385,394,2.2e-155,543.1,0.997403,0.974619
DAKCFMEO_03912,WP_011104263.1,79.8,341,342,342,3.6e-165,575.5,0.997076,0.997076
DAKCFMEO_03915,WP_005767816.1,41.8,392,389,411,1.1e-85,311.6,1.00771,0.953771
DAKCFMEO_03920,WP_005764330.1,96.7,182,182,182,1.6e-100,359.8,1,1
DAKCFMEO_03921,WP_011104264.1,86.3,248,253,254,2.0e-125,443.0,0.980237,0.976378
DAKCFMEO_03922,WP_011104265.1,84.4,288,291,300,1.5e-135,476.9,0.989691,0.96
DAKCFMEO_03923,WP_005764325.1,90.6,351,354,354,1.7e-199,689.5,0.991525,0.991525
DAKCFMEO_03924,WP_007243875.1,78.5,316,316,316,1.5e-149,523.5,1,1
DAKCFMEO_03925,WP_003379548.1,88.6,236,236,236,2.5e-117,416.0,1,1
DAKCFMEO_03926,WP_011104266.1,81.8,649,647,656,1.0e-301,1030.0,1.00309,0.989329
DAKCFMEO_03929,WP_005764319.1,74.8,230,227,230,4.7e-89,322.0,1.01322,1
DAKCFMEO_03930,WP_005764318.1,92.6,297,300,299,2.2e-155,542.7,0.99,0.993311
DAKCFMEO_03931,WP_046463482.1,90.4,458,458,458,2.1e-237,815.8,1,1
DAKCFMEO_03932,WP_011104268.1,94.1,424,424,424,2.7e-239,822.0,1,1
DAKCFMEO_03933,WP_005767792.1,51.1,333,333,333,8.7e-92,331.6,1,1
DAKCFMEO_03935,WP_011103737.1,72.6,259,262,262,1.2e-104,374.0,0.98855,0.98855
DAKCFMEO_03936,WP_046463480.1,72.0,186,190,202,8.2e-71,261.2,0.978947,0.920792
DAKCFMEO_03937,WP_005764268.1,95.1,324,324,324,2.7e-178,619.0,1,1
DAKCFMEO_03938,WP_005764266.1,93.4,290,290,290,3.8e-160,558.5,1,1
DAKCFMEO_03939,WP_011104283.1,86.7,249,252,251,3.7e-127,448.7,0.988095,0.992032
DAKCFMEO_03940,WP_011104284.1,91.1,305,305,305,1.7e-158,553.1,1,1
DAKCFMEO_03941,WP_011104172.1,45.0,307,305,305,4.7e-68,252.7,1.00656,1.00656
DAKCFMEO_03942,WP_007246697.1,34.8,132,135,132,1.3e-14,73.9,0.977778,1
DAKCFMEO_03943,WP_005764255.1,60.2,113,120,114,1.6e-32,133.3,0.941667,0.991228
DAKCFMEO_03947,WP_011104287.1,83.6,409,411,413,4.4e-194,671.8,0.995134,0.990315
DAKCFMEO_03948,WP_011104288.1,89.4,586,628,589,1.1e-314,1073.2,0.933121,0.994907
DAKCFMEO_03949,WP_011104290.1,91.7,482,482,482,3.0e-250,858.6,1,1
DAKCFMEO_03950,WP_005739372.1,98.6,276,276,276,7.3e-161,560.8,1,1
DAKCFMEO_03951,WP_005764246.1,84.0,162,162,162,2.0e-70,259.6,1,1
DAKCFMEO_03952,WP_046463479.1,84.0,412,412,449,7.0e-208,717.6,1,0.917595
DAKCFMEO_03953,WP_011104292.1,89.2,397,402,404,7.8e-188,651.0,0.987562,0.982673
DAKCFMEO_03955,WP_007247126.1,85.1,255,255,255,4.7e-130,458.4,1,1
DAKCFMEO_03956,WP_005764523.1,86.8,493,493,493,2.4e-247,849.0,1,1
DAKCFMEO_03957,WP_024666240.1,81.7,586,585,590,2.0e-277,949.1,1.00171,0.99322
DAKCFMEO_03958,WP_011104294.1,94.0,687,688,687,0.0e+00,1315.1,0.998547,1
DAKCFMEO_03959,WP_080946567.1,68.5,200,202,200,4.3e-78,285.4,0.990099,1
DAKCFMEO_03960,WP_003376691.1,89.0,82,82,86,3.6e-39,154.8,1,0.953488
DAKCFMEO_03961,WP_005764534.1,91.5,201,201,201,6.4e-106,377.9,1,1
DAKCFMEO_03962,WP_005764536.1,96.2,316,317,317,8.9e-179,620.5,0.996845,0.996845
DAKCFMEO_03963,WP_046463519.1,70.4,379,379,392,1.5e-151,530.4,1,0.966837
DAKCFMEO_03964,WP_011104296.1,88.3,383,384,384,4.7e-198,684.9,0.997396,0.997396
DAKCFMEO_03965,WP_005764543.1,95.3,214,214,214,4.5e-110,391.7,1,1
DAKCFMEO_03967,WP_161797781.1,80.4,698,669,704,0.0e+00,1122.8,1.04335,0.991477
DAKCFMEO_03968,WP_011104299.1,82.0,439,440,440,5.3e-214,738.0,0.997727,0.997727
DAKCFMEO_03969,WP_011104300.1,71.9,310,325,317,2.4e-126,446.4,0.953846,0.977918
DAKCFMEO_03970,WP_046463517.1,71.9,388,380,387,2.6e-156,546.2,1.02105,1.00258
DAKCFMEO_03971,WP_046463516.1,83.6,499,499,499,4.3e-260,891.3,1,1
DAKCFMEO_03972,WP_005764558.1,87.7,130,130,130,5.8e-68,251.1,1,1
DAKCFMEO_03973,WP_003376717.1,89.4,321,321,321,3.0e-166,578.9,1,1
DAKCFMEO_03974,WP_011104304.1,85.3,326,331,327,1.5e-160,560.1,0.984894,0.996942
DAKCFMEO_03975,WP_011104305.1,85.0,153,214,162,2.1e-75,276.6,0.714953,0.944444
DAKCFMEO_03976,WP_046463409.1,84.8,250,255,255,8.3e-119,421.0,0.980392,0.980392
DAKCFMEO_03977,WP_005739341.1,96.9,225,226,226,6.1e-121,427.9,0.995575,0.995575
DAKCFMEO_03978,WP_011104308.1,83.1,362,362,362,2.4e-172,599.4,1,1
DAKCFMEO_03979,WP_007247147.1,87.7,351,351,351,1.9e-177,616.3,1,1
DAKCFMEO_03980,WP_007246451.1,50.8,122,131,120,2.3e-24,106.3,0.931298,1.01667
DAKCFMEO_03984,WP_005769271.1,76.8,142,147,147,1.8e-57,216.5,0.965986,0.965986
DAKCFMEO_03985,WP_007246762.1,60.1,243,244,248,1.4e-78,287.3,0.995902,0.979839
DAKCFMEO_03990,WP_046463410.1,43.6,234,215,257,4.2e-47,182.6,1.08837,0.910506
DAKCFMEO_03992,WP_011104314.1,70.8,571,573,576,2.4e-246,845.9,0.99651,0.991319
DAKCFMEO_03994,WP_011104315.1,94.8,466,466,466,1.5e-270,926.0,1,1
DAKCFMEO_03995,WP_007246483.1,76.7,146,146,146,4.5e-61,228.4,1,1
DAKCFMEO_03996,WP_005764602.1,89.5,390,400,404,9.5e-194,670.6,0.975,0.965347
DAKCFMEO_03997,WP_011104317.1,83.6,256,258,258,2.2e-114,406.4,0.992248,0.992248
DAKCFMEO_03998,WP_011104318.1,94.6,443,443,443,1.9e-251,862.4,1,1
DAKCFMEO_03999,WP_007246481.1,87.9,355,355,355,1.3e-173,603.6,1,1
DAKCFMEO_04000,WP_011104319.1,95.2,293,293,293,6.6e-136,478.0,1,1
DAKCFMEO_04001,WP_011104320.1,92.9,254,264,264,1.4e-129,456.8,0.962121,0.962121
DAKCFMEO_04002,WP_046463411.1,62.4,335,365,363,2.4e-111,396.7,0.917808,0.922865
DAKCFMEO_04003,WP_011104322.1,90.8,412,412,412,1.5e-215,743.0,1,1
DAKCFMEO_04004,WP_011104323.1,82.4,324,328,328,1.8e-137,483.4,0.987805,0.987805
DAKCFMEO_04005,WP_011104324.1,82.9,334,334,334,5.4e-142,498.4,1,1
DAKCFMEO_04006,WP_005764620.1,81.4,515,518,522,7.1e-234,804.3,0.994208,0.98659
DAKCFMEO_04007,WP_011104325.1,89.5,334,334,334,1.8e-169,589.7,1,1
DAKCFMEO_04008,WP_005764624.1,70.5,542,542,542,3.9e-182,632.5,1,1
DAKCFMEO_04009,WP_005764626.1,74.3,136,142,142,8.1e-55,207.6,0.957746,0.957746
DAKCFMEO_04010,WP_057443166.1,49.1,752,767,784,1.8e-217,750.4,0.980443,0.959184
DAKCFMEO_04011,WP_011104349.1,82.8,663,663,667,0.0e+00,1095.1,1,0.994003
DAKCFMEO_04012,WP_011104350.1,86.2,340,340,340,6.0e-165,574.7,1,1
DAKCFMEO_04013,WP_005764492.1,88.9,262,262,262,1.1e-134,473.8,1,1
DAKCFMEO_04014,WP_005764495.1,85.7,308,308,308,9.3e-149,520.8,1,1
DAKCFMEO_04016,WP_011104374.1,72.2,353,367,365,2.2e-152,533.1,0.961853,0.967123
DAKCFMEO_04017,WP_011104375.1,73.9,291,298,307,6.5e-115,408.3,0.97651,0.947883
DAKCFMEO_04019,WP_005737927.1,98.9,186,186,186,1.7e-97,349.7,1,1
DAKCFMEO_04020,WP_005764425.1,96.9,607,607,607,0.0e+00,1169.5,1,1
DAKCFMEO_04021,WP_005737926.1,98.5,195,195,214,2.0e-104,372.9,1,0.911215
DAKCFMEO_04022,WP_007246451.1,80.9,115,119,120,1.2e-48,186.8,0.966387,0.958333
DAKCFMEO_04025,WP_011104335.1,83.6,360,360,360,2.6e-174,605.9,1,1
DAKCFMEO_04026,WP_011104336.1,93.5,93,93,93,4.5e-46,177.9,1,1
DAKCFMEO_04027,WP_011104337.1,89.5,622,620,622,0.0e+00,1168.7,1.00323,1
DAKCFMEO_04028,WP_011104338.1,92.7,354,354,354,1.2e-184,640.2,1,1
DAKCFMEO_04029,WP_005764441.1,95.0,340,341,340,8.7e-188,650.6,0.997067,1
DAKCFMEO_04030,WP_011104339.1,91.8,524,527,525,7.9e-273,933.7,0.994307,0.998095
DAKCFMEO_04031,WP_011104349.1,36.2,467,470,667,2.2e-64,241.1,0.993617,0.70015
DAKCFMEO_04033,WP_005770626.1,31.6,250,252,247,2.5e-27,117.1,0.992063,1.01215
DAKCFMEO_04034,WP_044389985.1,93.8,385,388,389,2.0e-204,706.1,0.992268,0.989717
DAKCFMEO_04035,WP_003373489.1,98.9,91,91,91,2.3e-47,182.2,1,1
DAKCFMEO_04036,WP_011104341.1,93.6,548,548,548,7.9e-308,1050.0,1,1
DAKCFMEO_04037,WP_011104342.1,87.9,752,775,761,0.0e+00,1329.3,0.970323,0.988173
DAKCFMEO_04038,WP_011104343.1,59.4,465,471,468,1.5e-150,527.3,0.987261,0.99359
DAKCFMEO_04039,WP_005764454.1,77.8,500,500,500,1.9e-231,796.2,1,1
DAKCFMEO_04041,WP_011104344.1,89.6,338,344,340,2.0e-179,622.9,0.982558,0.994118
DAKCFMEO_04042,WP_005764458.1,97.7,304,304,304,4.4e-167,581.6,1,1
DAKCFMEO_04048,WP_011103398.1,37.8,299,292,294,4.8e-46,179.5,1.02397,1.01701
DAKCFMEO_04050,WP_011103118.1,35.1,248,262,257,2.2e-29,124.0,0.946565,0.964981
DAKCFMEO_04055,WP_005767735.1,44.7,255,256,258,2.5e-62,233.4,0.996094,0.988372
DAKCFMEO_04056,WP_005740602.1,44.3,221,229,229,4.6e-44,172.6,0.965066,0.965066
DAKCFMEO_04057,WP_005764880.1,54.5,231,235,236,4.7e-68,252.3,0.982979,0.978814
DAKCFMEO_04058,WP_005764030.1,40.4,240,259,250,1.3e-47,184.5,0.926641,0.96
DAKCFMEO_04061,WP_005770289.1,73.2,97,100,111,4.1e-37,148.3,0.97,0.873874
DAKCFMEO_04062,WP_011104371.1,49.7,193,194,193,4.5e-48,185.7,0.994845,1
DAKCFMEO_04063,WP_003378111.1,75.9,224,225,225,7.7e-100,357.8,0.995556,0.995556
DAKCFMEO_04064,WP_005767796.1,46.2,370,374,360,5.5e-87,315.8,0.989305,1.02778
DAKCFMEO_04065,WP_005771495.1,33.0,109,141,145,6.4e-12,65.1,0.77305,0.751724
DAKCFMEO_04067,WP_005768135.1,89.8,568,584,578,5.7e-288,984.2,0.972603,0.982699
DAKCFMEO_04069,WP_007245058.1,56.0,268,284,270,2.6e-76,280.0,0.943662,0.992593
DAKCFMEO_04071,WP_011104281.1,43.0,323,356,335,6.7e-66,245.7,0.907303,0.964179
DAKCFMEO_04072,WP_011104367.1,39.4,287,300,299,3.4e-55,209.9,0.956667,0.959866
DAKCFMEO_04074,WP_005768966.1,53.2,365,376,376,2.8e-115,409.8,0.970745,0.970745
DAKCFMEO_04076,WP_002554655.1,50.5,218,232,231,2.7e-47,183.3,0.939655,0.943723
DAKCFMEO_04077,WP_161420636.1,45.8,142,148,151,7.7e-24,104.8,0.959459,0.940397
DAKCFMEO_04079,WP_007246281.1,91.0,413,413,414,3.6e-204,705.3,1,0.997585
DAKCFMEO_04080,WP_003380455.1,96.3,1063,1063,1063,0.0e+00,1958.3,1,1
DAKCFMEO_04081,WP_010201131.1,90.8,465,465,465,1.1e-233,803.5,1,1
DAKCFMEO_04083,WP_003380449.1,95.8,120,120,120,3.7e-61,228.4,1,1
DAKCFMEO_04084,WP_046463773.1,82.5,183,188,200,2.1e-79,289.7,0.973404,0.915
DAKCFMEO_04085,WP_005766190.1,87.3,173,173,173,5.2e-88,318.2,1,1
DAKCFMEO_04086,WP_007246288.1,96.3,520,520,520,1.9e-287,982.2,1,1
DAKCFMEO_04087,WP_003380444.1,97.3,187,187,187,2.3e-105,375.9,1,1
DAKCFMEO_04088,WP_011104391.1,82.0,316,319,319,6.9e-155,541.2,0.990596,0.990596
DAKCFMEO_04089,WP_005766198.1,63.0,332,335,336,1.4e-49,191.4,0.991045,0.988095
DAKCFMEO_04090,WP_032710559.1,72.1,427,433,432,7.9e-178,617.8,0.986143,0.988426
DAKCFMEO_04091,WP_005766202.1,91.4,452,452,452,1.6e-245,842.8,1,1
DAKCFMEO_04092,WP_003315315.1,96.1,279,279,279,5.3e-159,554.7,1,1
DAKCFMEO_04093,WP_005766205.1,96.8,93,93,93,5.3e-47,181.0,1,1
DAKCFMEO_04094,WP_005737860.1,81.2,117,116,117,7.1e-49,187.6,1.00862,1
DAKCFMEO_04095,WP_003380432.1,90.0,100,101,101,2.5e-50,192.2,0.990099,0.990099
DAKCFMEO_04096,WP_003380430.1,88.3,60,59,60,4.4e-23,100.9,1.01695,1
DAKCFMEO_04097,WP_011104393.1,76.9,225,225,228,9.3e-106,377.5,1,0.986842
DAKCFMEO_04098,WP_005766210.1,86.4,604,606,605,0.0e+00,1092.0,0.9967,0.998347
DAKCFMEO_04099,WP_005766212.1,79.7,266,276,272,2.0e-118,419.9,0.963768,0.977941
DAKCFMEO_04100,WP_011104394.1,90.2,510,510,510,1.2e-278,953.0,1,1
DAKCFMEO_04101,WP_005766216.1,92.3,324,324,324,3.4e-173,602.1,1,1
DAKCFMEO_04102,WP_005766218.1,85.7,56,57,57,9.9e-20,89.7,0.982456,0.982456
DAKCFMEO_04103,WP_005766220.1,87.7,163,163,163,5.2e-82,298.1,1,1
DAKCFMEO_04104,WP_005766223.1,93.1,523,530,529,2.5e-295,1008.4,0.986792,0.988658
DAKCFMEO_04105,WP_005766224.1,83.6,605,605,604,1.0e-308,1053.1,1,1.00166
DAKCFMEO_04106,WP_011104396.1,85.1,692,692,692,0.0e+00,1193.7,1,1
DAKCFMEO_04107,WP_011104397.1,86.4,926,927,927,0.0e+00,1665.2,0.998921,0.998921
DAKCFMEO_04109,WP_005766232.1,94.5,727,727,727,0.0e+00,1439.9,1,1
DAKCFMEO_04110,WP_005766234.1,79.5,337,345,337,1.7e-159,556.6,0.976812,1
DAKCFMEO_04111,WP_005766237.1,77.0,257,257,257,1.2e-117,417.2,1,1
DAKCFMEO_04112,WP_007246306.1,82.5,206,207,208,5.4e-100,358.2,0.995169,0.990385
DAKCFMEO_04113,WP_011104399.1,81.9,216,217,217,7.9e-102,364.4,0.995392,0.995392
DAKCFMEO_04114,WP_046463775.1,82.0,356,356,346,1.1e-166,580.5,1,1.0289
DAKCFMEO_04115,WP_007246309.1,82.2,202,202,202,1.4e-92,333.6,1,1
DAKCFMEO_04116,WP_005766247.1,84.6,319,319,319,5.7e-157,548.1,1,1
DAKCFMEO_04117,WP_011104401.1,86.6,262,264,263,1.1e-129,457.2,0.992424,0.996198
DAKCFMEO_04118,WP_007246311.1,77.2,114,114,114,8.2e-50,190.7,1,1
DAKCFMEO_04119,WP_007246312.1,72.7,143,146,156,2.1e-58,219.5,0.979452,0.916667
DAKCFMEO_04120,WP_005766254.1,93.1,276,276,276,8.1e-144,504.2,1,1
DAKCFMEO_04121,WP_005766257.1,88.8,187,187,187,3.6e-95,342.0,1,1
DAKCFMEO_04122,WP_007246313.1,75.3,178,192,178,1.1e-75,277.3,0.927083,1
DAKCFMEO_04123,WP_011104402.1,71.9,441,441,434,6.8e-185,641.3,1,1.01613
DAKCFMEO_04124,WP_005766263.1,93.2,88,88,88,5.2e-44,171.0,1,1
DAKCFMEO_04125,WP_005739770.1,91.8,319,320,320,1.1e-168,587.0,0.996875,0.996875
DAKCFMEO_04126,WP_005770460.1,96.1,693,693,704,0.0e+00,1297.3,1,0.984375
DAKCFMEO_04127,WP_005770458.1,93.4,590,590,590,0.0e+00,1090.1,1,1
DAKCFMEO_04128,WP_005770456.1,93.5,123,127,123,4.7e-62,231.5,0.968504,1
DAKCFMEO_04129,WP_005770454.1,81.4,113,111,113,1.6e-45,176.4,1.01802,1
DAKCFMEO_04130,WP_005770452.1,91.2,147,150,150,2.0e-75,276.2,0.98,0.98
DAKCFMEO_04131,WP_005770450.1,91.8,257,255,257,7.8e-125,441.0,1.00784,1
DAKCFMEO_04132,WP_005770446.1,73.5,151,178,171,4.5e-63,235.3,0.848315,0.883041
DAKCFMEO_04133,WP_007245808.1,90.7,396,396,396,4.3e-215,741.5,1,1
DAKCFMEO_04134,WP_005770439.1,71.2,118,131,131,1.8e-45,176.4,0.900763,0.900763
DAKCFMEO_04138,WP_005770437.1,96.4,306,306,306,2.9e-166,578.9,1,1
DAKCFMEO_04139,WP_005770435.1,96.8,311,324,315,1.0e-153,537.3,0.959877,0.987302
DAKCFMEO_04140,WP_005770433.1,92.6,621,624,624,0.0e+00,1143.6,0.995192,0.995192
DAKCFMEO_04141,WP_005770431.1,94.2,1156,1157,1157,0.0e+00,2124.7,0.999136,0.999136
DAKCFMEO_04144,WP_003383332.1,95.5,312,312,312,4.8e-177,614.8,1,1
DAKCFMEO_04145,WP_007245803.1,95.4,324,324,324,4.7e-175,608.2,1,1
DAKCFMEO_04146,WP_011104774.1,89.5,354,356,356,2.2e-189,656.0,0.994382,0.994382
DAKCFMEO_04148,WP_005770425.1,98.2,281,281,281,5.9e-158,551.2,1,1
DAKCFMEO_04149,WP_007245801.1,95.2,392,392,392,2.5e-215,742.3,1,1
DAKCFMEO_04150,WP_046463459.1,73.8,237,240,238,1.2e-106,380.6,0.9875,0.995798
DAKCFMEO_04152,WP_011104777.1,91.4,174,174,174,2.9e-91,328.9,1,1
DAKCFMEO_04153,WP_005619831.1,95.3,258,262,262,7.7e-152,530.8,0.984733,0.984733
DAKCFMEO_04154,WP_005770416.1,83.1,160,160,158,1.8e-71,263.1,1,1.01266
DAKCFMEO_04155,WP_011104778.1,89.8,683,686,685,0.0e+00,1275.4,0.995627,0.99708
DAKCFMEO_04156,WP_007245797.1,91.1,158,158,158,1.1e-76,280.4,1,1
DAKCFMEO_04157,WP_002552611.1,95.2,124,124,124,1.5e-68,253.1,1,1
DAKCFMEO_04158,WP_011104780.1,85.0,585,587,589,3.3e-288,984.9,0.996593,0.993209
DAKCFMEO_04159,WP_044392483.1,75.5,286,297,289,2.2e-126,446.4,0.962963,0.989619
DAKCFMEO_04160,WP_007245794.1,97.0,165,166,165,3.5e-94,338.6,0.993976,1
DAKCFMEO_04161,WP_011104782.1,84.6,123,126,126,9.4e-39,154.1,0.97619,0.97619
DAKCFMEO_04162,WP_005619852.1,94.6,149,149,149,4.9e-87,314.7,1,1
DAKCFMEO_04163,WP_005770403.1,88.8,197,197,197,2.4e-105,375.9,1,1
DAKCFMEO_04164,WP_011104783.1,89.4,310,310,310,5.1e-163,568.2,1,1
DAKCFMEO_04165,WP_003379038.1,90.7,97,97,97,2.5e-47,182.2,1,1
DAKCFMEO_04166,WP_011104784.1,93.1,377,377,377,4.9e-208,718.0,1,1
DAKCFMEO_04167,WP_011104785.1,82.9,544,546,547,4.5e-271,927.9,0.996337,0.994516
DAKCFMEO_04168,WP_046463461.1,95.4,563,563,563,0.0e+00,1081.6,1,1
DAKCFMEO_04169,WP_005771635.1,36.5,203,215,229,1.7e-16,80.9,0.944186,0.886463
DAKCFMEO_04171,WP_005770393.1,84.0,156,156,160,4.8e-77,281.6,1,0.975
DAKCFMEO_04172,WP_044391022.1,88.8,455,456,456,5.3e-217,748.0,0.997807,0.997807
DAKCFMEO_04173,WP_005764391.1,92.6,394,432,395,2.5e-216,745.7,0.912037,0.997468
DAKCFMEO_04174,WP_005764393.1,88.8,437,438,438,2.5e-240,825.5,0.997717,0.997717
DAKCFMEO_04175,WP_005764395.1,93.1,333,333,333,6.5e-172,597.8,1,1
DAKCFMEO_04176,WP_161797778.1,92.2,527,518,536,7.3e-279,953.7,1.01737,0.983209
DAKCFMEO_04177,WP_005764399.1,93.1,378,378,378,5.6e-196,677.9,1,1
DAKCFMEO_04182,WP_003382736.1,93.5,216,217,217,4.4e-121,428.3,0.995392,0.995392
DAKCFMEO_04183,WP_005770464.1,92.6,326,329,329,4.6e-170,591.7,0.990881,0.990881
DAKCFMEO_04184,WP_005770465.1,95.5,265,265,265,3.1e-140,492.3,1,1
DAKCFMEO_04185,WP_005770467.1,92.1,280,280,280,5.7e-145,508.1,1,1
DAKCFMEO_04186,WP_046463458.1,91.4,268,268,268,8.7e-151,527.3,1,1
DAKCFMEO_04187,WP_011104766.1,91.3,355,355,355,5.1e-191,661.4,1,1
DAKCFMEO_04188,WP_011104765.1,88.2,238,239,239,5.4e-120,424.9,0.995816,0.995816
DAKCFMEO_04189,WP_011104764.1,96.7,429,429,429,6.1e-247,847.4,1,1
DAKCFMEO_04190,WP_005770474.1,96.7,211,211,211,5.5e-124,438.0,1,1
DAKCFMEO_04191,WP_002552653.1,98.8,84,84,84,7.9e-42,163.7,1,1
DAKCFMEO_04192,WP_003382726.1,95.6,270,270,270,3.3e-142,498.8,1,1
DAKCFMEO_04193,WP_011104763.1,95.9,246,286,246,1.4e-130,460.3,0.86014,1
DAKCFMEO_04194,WP_007245818.1,93.2,310,310,310,9.3e-173,600.5,1,1
DAKCFMEO_04195,WP_007245819.1,88.0,393,394,393,1.1e-197,683.7,0.997462,1
DAKCFMEO_04196,WP_005770654.1,83.8,284,284,284,9.9e-145,507.3,1,1
DAKCFMEO_04197,WP_005767596.1,92.2,270,270,270,1.0e-146,513.8,1,1
DAKCFMEO_04198,WP_007245694.1,96.1,432,432,432,3.6e-247,848.2,1,1
DAKCFMEO_04199,WP_005767600.1,92.3,284,284,284,2.7e-150,525.8,1,1
DAKCFMEO_04200,WP_002552552.1,96.1,103,103,103,3.9e-51,194.9,1,1
DAKCFMEO_04201,WP_010202721.1,97.1,552,552,552,9.4e-293,1000.0,1,1
DAKCFMEO_04202,WP_002552554.1,97.1,35,52,52,4.3e-14,70.9,0.673077,0.673077
DAKCFMEO_04203,WP_005767605.1,79.0,124,125,125,2.3e-53,202.6,0.992,0.992
DAKCFMEO_04204,WP_005767607.1,91.4,268,270,271,5.1e-143,501.5,0.992593,0.98893
DAKCFMEO_04205,WP_003381023.1,87.9,58,65,64,1.2e-24,106.3,0.892308,0.90625
DAKCFMEO_04206,WP_004879420.1,100.0,75,75,75,2.5e-39,155.2,1,1
DAKCFMEO_04207,WP_005767612.1,97.2,397,398,398,5.9e-228,784.3,0.997487,0.997487
DAKCFMEO_04208,WP_005767614.1,92.8,581,582,582,0.0e+00,1084.7,0.998282,0.998282
DAKCFMEO_04209,WP_011103637.1,97.6,590,590,590,0.0e+00,1181.4,1,1
DAKCFMEO_04211,WP_046463929.1,76.9,359,358,359,1.5e-177,616.7,1.00279,1
DAKCFMEO_04212,WP_011103640.1,75.8,825,822,825,0.0e+00,1208.7,1.00365,1
DAKCFMEO_04213,WP_011103641.1,86.5,222,222,222,8.6e-104,370.9,1,1
DAKCFMEO_04214,WP_011103642.1,86.1,660,663,660,0.0e+00,1176.0,0.995475,1
DAKCFMEO_04215,WP_011103643.1,90.8,498,498,498,1.4e-271,929.5,1,1
DAKCFMEO_04217,WP_007246047.1,31.4,535,721,599,6.8e-57,216.9,0.742025,0.893155
DAKCFMEO_04220,WP_011103644.1,80.3,132,133,133,2.3e-59,222.6,0.992481,0.992481
DAKCFMEO_04221,WP_005767637.1,93.8,195,195,195,1.1e-105,377.1,1,1
DAKCFMEO_04222,WP_007245677.1,95.3,709,709,709,0.0e+00,1359.7,1,1
DAKCFMEO_04223,WP_003381003.1,86.1,144,144,144,3.0e-65,242.3,1,1
DAKCFMEO_04224,WP_046463928.1,67.5,739,727,731,1.7e-209,723.8,1.01651,1.01094
DAKCFMEO_04225,WP_005770653.1,94.9,136,136,136,2.0e-71,262.7,1,1
DAKCFMEO_04226,WP_011104757.1,94.4,815,815,815,0.0e+00,1576.6,1,1
DAKCFMEO_04227,WP_011104756.1,90.8,207,207,207,2.3e-114,406.0,1,1
DAKCFMEO_04228,WP_011104755.1,97.4,310,310,310,5.7e-170,591.3,1,1
DAKCFMEO_04229,WP_011104754.1,97.7,262,262,262,4.2e-142,498.4,1,1
DAKCFMEO_04230,WP_011104753.1,76.4,292,296,299,5.5e-138,485.0,0.986486,0.976589
DAKCFMEO_04232,WP_011104749.1,78.6,738,738,738,0.0e+00,1153.7,1,1
DAKCFMEO_04233,WP_007245835.1,94.7,225,225,238,1.1e-114,407.1,1,0.945378
DAKCFMEO_04234,WP_005770645.1,97.2,143,143,143,7.6e-69,254.2,1,1
DAKCFMEO_04235,WP_005770644.1,89.1,331,331,331,1.2e-178,620.2,1,1
DAKCFMEO_04236,WP_003381112.1,96.7,61,61,61,7.3e-29,120.2,1,1
DAKCFMEO_04237,WP_005770642.1,89.3,253,254,254,5.5e-131,461.5,0.996063,0.996063
DAKCFMEO_04238,WP_005770641.1,85.8,339,339,339,1.2e-173,603.6,1,1
DAKCFMEO_04240,WP_005619727.1,97.8,317,319,318,4.9e-177,614.8,0.99373,0.996855
DAKCFMEO_04241,WP_005770637.1,82.1,218,219,220,1.8e-101,363.2,0.995434,0.990909
DAKCFMEO_04242,WP_005770635.1,85.8,332,332,332,6.5e-164,571.2,1,1
DAKCFMEO_04243,WP_011104746.1,82.8,192,192,192,9.2e-86,310.8,1,1
DAKCFMEO_04244,WP_011104745.1,96.0,175,175,175,5.8e-95,341.3,1,1
DAKCFMEO_04245,WP_002552688.1,100.0,60,60,60,1.2e-28,119.4,1,1
DAKCFMEO_04246,WP_057443174.1,85.6,340,340,340,3.1e-161,562.4,1,1
DAKCFMEO_04247,WP_007245842.1,96.8,311,312,312,2.9e-166,578.9,0.996795,0.996795
DAKCFMEO_04248,WP_005770626.1,95.5,247,247,247,6.2e-127,448.0,1,1
DAKCFMEO_04249,WP_003381096.1,98.7,78,78,78,6.7e-35,140.6,1,1
DAKCFMEO_04250,WP_011104743.1,97.8,414,414,414,8.8e-235,807.0,1,1
DAKCFMEO_04251,WP_007245844.1,81.9,271,271,271,9.5e-129,454.1,1,1
DAKCFMEO_04252,WP_005770618.1,89.2,344,379,379,1.3e-181,630.2,0.907652,0.907652
DAKCFMEO_04253,WP_005770616.1,93.8,210,210,210,2.7e-107,382.5,1,1
DAKCFMEO_04254,WP_005770613.1,91.2,328,328,328,2.1e-170,592.8,1,1
DAKCFMEO_04255,WP_003381088.1,90.7,118,118,118,1.2e-59,223.4,1,1
DAKCFMEO_04256,WP_011104742.1,91.6,261,261,261,2.7e-141,495.7,1,1
DAKCFMEO_04257,WP_005770607.1,97.3,219,220,219,4.5e-121,428.3,0.995455,1
DAKCFMEO_04258,WP_005770603.1,94.5,200,200,200,1.4e-108,386.7,1,1
DAKCFMEO_04259,WP_011104740.1,83.9,186,186,186,4.0e-94,338.6,1,1
DAKCFMEO_04260,WP_011104739.1,81.0,337,337,337,7.6e-152,531.2,1,1
DAKCFMEO_04261,WP_011104738.1,75.4,956,956,947,5.6e-293,1001.5,1,1.0095
DAKCFMEO_04263,WP_005770596.1,94.9,274,284,274,5.6e-156,544.7,0.964789,1
DAKCFMEO_04264,WP_005619689.1,92.7,205,206,206,3.8e-106,378.6,0.995146,0.995146
DAKCFMEO_04265,WP_005770594.1,97.4,306,306,306,2.8e-169,589.0,1,1
DAKCFMEO_04266,WP_011104737.1,84.1,434,434,434,2.4e-214,739.2,1,1
DAKCFMEO_04267,WP_011104736.1,82.2,225,225,216,3.2e-66,246.1,1,1.04167
DAKCFMEO_04268,WP_005770588.1,98.5,195,195,195,5.8e-104,371.3,1,1
DAKCFMEO_04269,WP_003381064.1,99.2,502,502,502,5.4e-295,1007.3,1,1
DAKCFMEO_04270,WP_005770586.1,97.8,403,403,403,1.9e-226,779.2,1,1
DAKCFMEO_04271,WP_161633151.1,94.1,254,260,254,9.0e-137,480.7,0.976923,1
DAKCFMEO_04275,WP_005760710.1,89.1,202,276,274,9.4e-100,357.8,0.731884,0.737226
DAKCFMEO_04276,WP_032645112.1,95.8,504,511,504,1.1e-284,973.0,0.986301,1
DAKCFMEO_04278,WP_005769073.1,85.8,346,346,346,2.0e-171,596.3,1,1
DAKCFMEO_04279,WP_007245153.1,69.5,380,380,377,1.9e-159,556.6,1,1.00796
DAKCFMEO_04280,WP_011104734.1,92.8,679,679,679,0.0e+00,1266.9,1,1
DAKCFMEO_04281,WP_011104733.1,72.9,314,311,314,3.5e-135,475.7,1.00965,1
DAKCFMEO_04282,WP_011104732.1,92.8,443,448,445,7.5e-224,770.8,0.988839,0.995506
DAKCFMEO_04283,WP_005769084.1,88.1,402,402,402,2.5e-186,646.0,1,1
DAKCFMEO_04284,WP_005769085.1,92.2,425,426,426,2.7e-215,742.3,0.997653,0.997653
DAKCFMEO_04285,WP_011104731.1,81.0,326,327,327,3.4e-165,575.5,0.996942,0.996942
DAKCFMEO_04286,WP_011104730.1,65.1,355,361,355,3.8e-125,442.6,0.98338,1
DAKCFMEO_04287,WP_003382947.1,99.0,296,296,296,1.4e-173,603.2,1,1
DAKCFMEO_04288,WP_011104727.1,94.4,322,323,323,5.0e-193,667.9,0.996904,0.996904
DAKCFMEO_04289,WP_046463338.1,83.8,290,290,290,8.3e-139,487.6,1,1
DAKCFMEO_04290,WP_003382943.1,96.5,86,86,86,7.8e-45,173.7,1,1
DAKCFMEO_04291,WP_010208878.1,97.5,278,278,277,1.1e-161,563.5,1,1.00361
DAKCFMEO_04292,WP_011104725.1,92.6,888,888,888,0.0e+00,1659.8,1,1
DAKCFMEO_04293,WP_005769102.1,87.6,217,217,217,2.2e-104,372.9,1,1
DAKCFMEO_04294,WP_011104724.1,93.6,235,235,235,1.6e-111,396.7,1,1
DAKCFMEO_04295,WP_007245166.1,73.8,183,188,185,3.5e-74,272.3,0.973404,0.989189
DAKCFMEO_04296,WP_005769107.1,88.3,341,341,341,3.4e-176,612.1,1,1
DAKCFMEO_04297,WP_011104723.1,71.4,220,220,218,2.3e-85,309.7,1,1.00917
DAKCFMEO_04298,WP_003382929.1,97.9,141,141,141,4.2e-64,238.4,1,1
DAKCFMEO_04299,WP_046463337.1,69.8,179,265,248,1.7e-69,257.3,0.675472,0.721774
DAKCFMEO_04300,WP_011104720.1,89.6,385,385,385,5.3e-210,724.5,1,1
DAKCFMEO_04301,WP_046463336.1,84.9,298,348,326,3.2e-89,323.2,0.856322,0.91411
DAKCFMEO_04302,WP_011104717.1,94.6,796,796,796,0.0e+00,1458.4,1,1
DAKCFMEO_04303,WP_002554489.1,97.5,236,237,237,2.0e-127,449.5,0.995781,0.995781
DAKCFMEO_04304,WP_005769126.1,98.3,580,580,580,0.0e+00,1119.8,1,1
DAKCFMEO_04305,WP_005769128.1,97.7,435,437,435,2.9e-244,838.6,0.995423,1
DAKCFMEO_04306,WP_005769130.1,91.8,330,330,330,2.3e-185,642.5,1,1
DAKCFMEO_04307,WP_046463335.1,82.8,93,94,94,6.8e-42,164.1,0.989362,0.989362
DAKCFMEO_04309,WP_005769135.1,81.8,390,390,390,1.4e-194,673.3,1,1
DAKCFMEO_04310,WP_005769138.1,86.7,60,60,60,6.5e-22,97.1,1,1
DAKCFMEO_04312,WP_011104711.1,74.5,1214,1215,1214,0.0e+00,1438.7,0.999177,1
DAKCFMEO_04313,WP_011104710.1,94.2,414,414,414,3.1e-232,798.5,1,1
DAKCFMEO_04314,WP_011104709.1,82.8,552,552,551,1.3e-265,909.8,1,1.00181
DAKCFMEO_04315,WP_005769148.1,84.6,572,572,572,2.1e-255,875.9,1,1
DAKCFMEO_04316,WP_005769151.1,86.6,352,352,352,3.5e-176,612.1,1,1
DAKCFMEO_04317,WP_011104708.1,92.7,164,164,164,1.2e-91,330.1,1,1
DAKCFMEO_04318,WP_003376303.1,96.8,314,314,314,9.8e-170,590.5,1,1
DAKCFMEO_04319,WP_002554476.1,99.7,319,319,319,6.4e-177,614.4,1,1
DAKCFMEO_04320,WP_011104707.1,79.8,248,253,249,6.1e-114,404.8,0.980237,0.995984
DAKCFMEO_04321,WP_044392753.1,67.8,118,119,119,1.7e-42,166.4,0.991597,0.991597
DAKCFMEO_04322,WP_011104706.1,95.7,1618,1618,1618,0.0e+00,3101.6,1,1
DAKCFMEO_04323,WP_011105173.1,77.5,178,181,179,1.8e-83,303.1,0.983425,0.994413
DAKCFMEO_04327,WP_011105535.1,34.8,503,467,520,5.7e-73,269.6,1.07709,0.967308
DAKCFMEO_04328,WP_011104702.1,98.3,865,866,866,0.0e+00,1718.0,0.998845,0.998845
DAKCFMEO_04329,WP_007245200.1,96.2,156,156,156,5.5e-89,321.2,1,1
DAKCFMEO_04330,WP_011104701.1,97.0,200,207,207,7.5e-110,391.0,0.966184,0.966184
DAKCFMEO_04331,WP_005740056.1,88.2,161,161,162,1.8e-74,273.1,1,0.993827
DAKCFMEO_04332,WP_011104700.1,91.4,405,405,402,9.6e-202,697.2,1,1.00746
DAKCFMEO_04333,WP_011104699.1,90.4,512,512,512,1.3e-272,932.9,1,1
DAKCFMEO_04334,WP_005769188.1,91.3,242,253,248,7.2e-131,461.1,0.956522,0.975806
DAKCFMEO_04335,WP_005740060.1,94.6,167,167,167,5.0e-88,318.2,1,1
DAKCFMEO_04336,WP_044393841.1,94.5,564,564,564,0.0e+00,1142.5,1,1
DAKCFMEO_04337,WP_005769192.1,96.5,460,460,460,1.6e-266,912.5,1,1
DAKCFMEO_04338,WP_005769193.1,86.0,616,619,617,9.5e-310,1056.6,0.995153,0.998379
DAKCFMEO_04339,WP_005740065.1,97.5,364,364,364,1.6e-203,703.0,1,1
DAKCFMEO_04340,WP_011104697.1,88.3,369,369,371,8.5e-197,680.6,1,0.994609
DAKCFMEO_04341,WP_002552729.1,96.2,286,289,288,2.7e-158,552.4,0.989619,0.993056
DAKCFMEO_04342,WP_003376266.1,98.1,266,266,266,3.1e-148,518.8,1,1
DAKCFMEO_04343,WP_003376264.1,91.1,90,90,90,1.2e-43,169.9,1,1
DAKCFMEO_04344,WP_011104696.1,95.4,590,590,590,0.0e+00,1164.1,1,1
DAKCFMEO_04345,WP_005769204.1,96.8,283,284,284,4.3e-156,545.0,0.996479,0.996479
DAKCFMEO_04349,WP_007245213.1,96.8,436,436,436,2.7e-234,805.4,1,1
DAKCFMEO_04350,WP_002552734.1,100.0,213,213,213,3.3e-121,428.7,1,1
DAKCFMEO_04351,WP_005770751.1,99.3,427,427,427,1.3e-241,829.7,1,1
DAKCFMEO_04352,WP_005770753.1,97.9,798,798,798,0.0e+00,1506.9,1,1
DAKCFMEO_04353,WP_002552737.1,98.9,90,90,90,6.5e-42,164.1,1,1
DAKCFMEO_04354,WP_005770757.1,94.1,627,627,627,0.0e+00,1122.1,1,1
DAKCFMEO_04355,WP_005770759.1,98.5,264,264,264,7.5e-147,514.2,1,1
DAKCFMEO_04356,WP_005770761.1,95.5,536,536,536,8.0e-289,986.9,1,1
DAKCFMEO_04357,WP_011104693.1,97.3,339,339,339,4.0e-193,668.3,1,1
DAKCFMEO_04358,WP_011104692.1,96.6,357,357,357,1.2e-192,666.8,1,1
DAKCFMEO_04359,WP_011104691.1,92.7,618,618,618,0.0e+00,1193.7,1,1
DAKCFMEO_04360,WP_005770766.1,94.4,609,635,609,0.0e+00,1199.9,0.959055,1
DAKCFMEO_04361,WP_007245218.1,90.8,533,533,530,7.5e-279,953.7,1,1.00566
DAKCFMEO_04362,WP_005770768.1,82.2,259,259,259,4.6e-125,441.8,1,1
DAKCFMEO_04363,WP_011104690.1,94.4,251,252,253,3.4e-141,495.4,0.996032,0.992095
DAKCFMEO_04364,WP_005770770.1,99.3,148,150,150,1.0e-87,317.0,0.986667,0.986667
DAKCFMEO_04365,WP_005770771.1,84.6,259,259,259,7.4e-123,434.5,1,1
DAKCFMEO_04366,WP_005770773.1,82.4,182,185,184,2.4e-91,329.3,0.983784,0.98913
DAKCFMEO_04367,WP_003376227.1,91.4,70,70,71,2.8e-32,131.7,1,0.985915
DAKCFMEO_04368,WP_005770776.1,89.1,183,186,189,3.1e-91,328.9,0.983871,0.968254
DAKCFMEO_04369,WP_011104687.1,51.3,1762,1736,1743,0.0e+00,1710.3,1.01498,1.0109
DAKCFMEO_04370,WP_005770780.1,97.1,383,383,383,4.5e-217,748.0,1,1
DAKCFMEO_04371,WP_011104686.1,87.1,364,365,365,1.2e-187,650.2,0.99726,0.99726
DAKCFMEO_04372,WP_010202254.1,94.6,542,542,559,1.7e-283,969.1,1,0.969589
DAKCFMEO_04373,WP_011104685.1,85.8,346,397,387,3.2e-133,469.5,0.871537,0.894057
DAKCFMEO_04374,WP_005770788.1,94.6,538,538,538,7.5e-287,980.3,1,1
DAKCFMEO_04375,WP_011104683.1,96.2,339,339,339,1.3e-183,636.7,1,1
DAKCFMEO_04377,WP_005619515.1,92.7,273,273,273,2.3e-151,529.3,1,1
DAKCFMEO_04378,WP_046463307.1,85.4,541,541,544,2.3e-198,686.4,1,0.994485
DAKCFMEO_04379,WP_003376205.1,95.0,202,202,202,2.1e-109,389.4,1,1
DAKCFMEO_04380,WP_005760706.1,36.0,114,122,139,3.4e-17,82.4,0.934426,0.820144
DAKCFMEO_04382,WP_005767792.1,33.4,332,310,333,3.4e-50,193.4,1.07097,0.996997
DAKCFMEO_04383,WP_011105438.1,47.3,431,438,448,3.7e-106,379.8,0.984018,0.962054
DAKCFMEO_04386,WP_024667893.1,70.8,161,163,163,1.6e-62,233.4,0.98773,0.98773
DAKCFMEO_04387,WP_024667894.1,72.1,229,263,231,1.1e-94,340.9,0.870722,0.991342
DAKCFMEO_04388,WP_011104242.1,84.2,304,304,304,4.9e-150,525.0,1,1
DAKCFMEO_04389,WP_011104241.1,83.8,733,736,736,0.0e+00,1229.2,0.995924,0.995924
DAKCFMEO_04390,WP_010218671.1,79.1,316,316,331,5.6e-141,495.0,1,0.954683
DAKCFMEO_04391,WP_011105103.1,59.1,164,221,176,6.9e-53,201.8,0.742081,0.931818
DAKCFMEO_04392,WP_005767504.1,75.6,197,200,202,1.1e-78,287.3,0.985,0.975248
DAKCFMEO_04393,WP_007245738.1,82.7,249,250,252,1.7e-111,396.7,0.996,0.988095
DAKCFMEO_04394,WP_011104674.1,87.9,430,430,430,4.1e-227,781.6,1,1
DAKCFMEO_04395,WP_005765365.1,85.2,142,142,142,3.5e-66,245.4,1,1
DAKCFMEO_04398,WP_005762629.1,90.9,353,353,353,5.3e-188,651.4,1,1
DAKCFMEO_04399,WP_011104675.1,83.8,506,512,512,1.5e-263,902.9,0.988281,0.988281
DAKCFMEO_04403,WP_011104483.1,30.1,183,213,216,7.2e-15,75.5,0.859155,0.847222
DAKCFMEO_04404,WP_005763051.1,56.2,395,401,407,9.4e-133,468.0,0.985037,0.970516
DAKCFMEO_04405,WP_005620808.1,55.1,274,278,275,3.1e-74,273.1,0.985612,0.996364
DAKCFMEO_04406,WP_005736952.1,33.4,314,432,334,1.8e-28,121.7,0.726852,0.94012
DAKCFMEO_04408,WP_011104677.1,80.9,722,720,722,0.0e+00,1224.9,1.00278,1
DAKCFMEO_04409,WP_046463927.1,88.4,1038,1037,1037,0.0e+00,1709.1,1.00096,1.00096
DAKCFMEO_04410,WP_011103648.1,85.8,1001,1000,1001,0.0e+00,1681.0,1.001,1
DAKCFMEO_04411,WP_011105127.1,38.8,2853,3236,4531,0.0e+00,1689.5,0.881644,0.629662
DAKCFMEO_04412,WP_011105031.1,39.7,1096,1370,1753,6.3e-213,736.1,0.8,0.625214
DAKCFMEO_04414,WP_005770699.1,54.4,57,62,75,4.4e-13,67.8,0.919355,0.76
DAKCFMEO_04415,WP_011105361.1,36.3,300,289,298,2.6e-44,173.7,1.03806,1.00671
DAKCFMEO_04417,WP_046463556.1,70.6,320,323,323,3.1e-134,472.6,0.990712,0.990712
DAKCFMEO_04421,WP_011104935.1,31.5,130,187,189,1.3e-15,77.8,0.695187,0.687831
DAKCFMEO_04422,WP_011103609.1,37.4,289,323,297,1.0e-52,201.8,0.894737,0.973064
DAKCFMEO_04423,WP_011104372.1,75.5,363,367,367,1.6e-163,570.1,0.989101,0.989101
DAKCFMEO_04428,WP_011104935.1,35.4,127,191,189,5.8e-16,79.0,0.664921,0.671958
DAKCFMEO_04430,WP_011105452.1,83.3,222,222,221,2.3e-101,362.8,1,1.00452
DAKCFMEO_04431,WP_011105453.1,96.3,410,410,410,1.3e-217,750.0,1,1
DAKCFMEO_04432,WP_011105454.1,72.5,251,256,256,7.9e-101,361.3,0.980469,0.980469
DAKCFMEO_04433,WP_011105455.1,77.6,268,264,268,2.5e-126,446.0,1.01515,1
DAKCFMEO_04434,WP_011105456.1,64.9,527,533,539,3.2e-197,682.6,0.988743,0.977737
DAKCFMEO_04435,WP_011105457.1,79.2,577,578,579,1.4e-267,916.4,0.99827,0.996546
DAKCFMEO_04436,WP_007244158.1,40.2,408,413,422,1.5e-77,284.6,0.987893,0.966825
DAKCFMEO_04438,WP_005767531.1,33.9,230,301,310,1.7e-25,111.3,0.76412,0.741935
DAKCFMEO_04439,WP_046463553.1,74.9,223,241,224,1.4e-96,347.1,0.925311,0.995536
DAKCFMEO_04442,WP_005620804.1,34.2,295,295,301,3.1e-40,160.2,1,0.980066
DAKCFMEO_04443,WP_005767529.1,92.7,234,234,234,8.4e-126,444.1,1,1
DAKCFMEO_04444,WP_005767531.1,85.2,310,310,310,1.1e-149,523.9,1,1
DAKCFMEO_04445,WP_011103614.1,88.9,244,247,248,7.8e-122,431.0,0.987854,0.983871
DAKCFMEO_04446,WP_010201131.1,36.2,461,485,465,7.0e-58,219.5,0.950515,0.991398
DAKCFMEO_04447,WP_011103300.1,59.3,194,204,205,2.6e-62,233.0,0.95098,0.946341
DAKCFMEO_04448,WP_011103299.1,57.8,372,368,371,2.1e-102,367.1,1.01087,1.0027
DAKCFMEO_04449,WP_011103298.1,79.3,1031,1036,1036,0.0e+00,1610.5,0.995174,0.995174
DAKCFMEO_04450,WP_011104743.1,46.3,421,426,414,1.1e-94,341.7,0.988263,1.01691
DAKCFMEO_04451,WP_005770075.1,31.1,386,398,398,6.2e-36,146.4,0.969849,0.969849
DAKCFMEO_04453,WP_011105087.1,69.0,539,539,539,3.7e-140,493.0,1,1
DAKCFMEO_04454,WP_011104046.1,33.0,112,148,142,1.7e-15,77.0,0.756757,0.788732
DAKCFMEO_04459,WP_011104364.1,88.0,208,208,208,2.4e-103,369.4,1,1
DAKCFMEO_04460,WP_005766116.1,85.7,392,401,395,4.2e-173,602.1,0.977556,0.992405
DAKCFMEO_04461,WP_011104038.1,55.7,289,313,293,1.0e-94,341.3,0.923323,0.986348
DAKCFMEO_04464,WP_011103012.1,69.9,143,145,143,4.1e-54,205.3,0.986207,1
DAKCFMEO_04465,WP_011103528.1,59.2,147,147,148,7.3e-43,167.9,1,0.993243
DAKCFMEO_04467,WP_162491836.1,94.5,55,79,55,9.8e-26,110.2,0.696203,1
DAKCFMEO_04468,WP_011104866.1,80.9,220,223,222,4.4e-100,358.6,0.986547,0.990991
DAKCFMEO_04469,WP_044393613.1,81.8,1128,1133,1123,0.0e+00,1816.2,0.995587,1.00445
DAKCFMEO_04471,WP_005767480.1,94.2,414,414,414,8.8e-227,780.4,1,1
DAKCFMEO_04472,WP_044393615.1,93.1,305,305,305,3.9e-155,542.0,1,1
DAKCFMEO_04473,WP_011104863.1,87.9,390,387,391,8.0e-190,657.5,1.00775,0.997442
DAKCFMEO_04474,WP_011104862.1,92.1,253,253,253,2.1e-130,459.5,1,1
DAKCFMEO_04475,WP_005767488.1,92.1,229,229,229,7.0e-117,414.5,1,1
DAKCFMEO_04476,WP_005619903.1,92.7,410,409,410,1.7e-238,819.3,1.00244,1
DAKCFMEO_04477,WP_011104861.1,77.4,115,115,115,3.4e-51,195.3,1,1
DAKCFMEO_04478,WP_005740210.1,82.9,146,146,146,1.6e-66,246.5,1,1
DAKCFMEO_04479,WP_005763940.1,85.6,208,208,208,2.3e-106,379.4,1,1
DAKCFMEO_04480,WP_011104680.1,76.1,831,846,827,0.0e+00,1287.7,0.98227,1.00484
DAKCFMEO_04481,WP_044390209.1,87.2,642,642,642,2.8e-203,703.0,1,1
DAKCFMEO_04482,WP_011104668.1,72.7,308,313,310,4.6e-119,422.2,0.984026,0.993548
DAKCFMEO_04483,WP_011104667.1,78.2,284,284,284,1.3e-123,437.2,1,1
DAKCFMEO_04484,WP_011103576.1,32.0,746,724,695,1.4e-86,315.5,1.03039,1.07338
DAKCFMEO_04485,WP_003376162.1,98.2,338,338,338,5.4e-198,684.5,1,1
DAKCFMEO_04486,WP_046463288.1,88.7,168,168,168,4.7e-78,285.0,1,1
DAKCFMEO_04488,WP_011104741.1,69.3,212,216,220,4.5e-81,295.4,0.981481,0.963636
DAKCFMEO_04490,WP_011104663.1,90.0,301,302,302,3.3e-138,485.7,0.996689,0.996689
DAKCFMEO_04491,WP_005765329.1,95.0,261,261,261,6.5e-151,527.7,1,1
DAKCFMEO_04492,WP_046463289.1,92.2,422,422,425,4.9e-233,801.2,1,0.992941
DAKCFMEO_04493,WP_005765323.1,90.6,170,174,170,5.0e-91,328.2,0.977011,1
DAKCFMEO_04494,WP_011104661.1,96.1,331,331,331,1.6e-194,672.9,1,1
DAKCFMEO_04495,WP_011104660.1,78.4,176,179,176,2.8e-76,279.3,0.98324,1
DAKCFMEO_04496,WP_005765316.1,96.1,309,309,309,5.8e-183,634.4,1,1
DAKCFMEO_04497,WP_005765312.1,81.2,117,117,117,1.3e-55,209.9,1,1
DAKCFMEO_04498,WP_011104658.1,89.5,247,250,249,5.1e-121,428.3,0.988,0.991968
DAKCFMEO_04499,WP_005767725.1,92.9,366,411,399,2.5e-189,656.0,0.890511,0.917293
DAKCFMEO_04500,WP_005767727.1,89.5,57,59,59,7.5e-23,100.1,0.966102,0.966102
DAKCFMEO_04501,WP_011103882.1,42.4,394,398,398,2.9e-94,340.1,0.98995,0.98995
DAKCFMEO_04502,WP_005616592.1,95.8,118,118,118,3.0e-63,235.3,1,1
DAKCFMEO_04503,WP_005767729.1,92.5,265,265,265,4.7e-149,521.5,1,1
DAKCFMEO_04504,WP_005767731.1,91.5,516,519,521,1.1e-279,956.4,0.99422,0.990403
DAKCFMEO_04505,WP_005740605.1,81.8,88,88,88,3.4e-35,141.7,1,1
DAKCFMEO_04506,WP_007245081.1,97.1,651,651,651,0.0e+00,1310.8,1,1
DAKCFMEO_04507,WP_005767735.1,95.7,258,258,258,4.2e-142,498.4,1,1
DAKCFMEO_04508,WP_005740602.1,96.9,229,230,229,3.1e-120,425.6,0.995652,1
DAKCFMEO_04509,WP_011103715.1,94.0,232,232,232,5.8e-119,421.4,1,1
DAKCFMEO_04510,WP_005767739.1,91.1,370,370,370,3.6e-203,701.8,1,1
DAKCFMEO_04511,WP_011103716.1,97.6,254,254,254,6.1e-138,484.6,1,1
DAKCFMEO_04512,WP_005740596.1,96.1,330,329,330,3.4e-181,628.6,1.00304,1
DAKCFMEO_04513,WP_011103718.1,95.6,405,405,405,9.8e-231,793.5,1,1
DAKCFMEO_04514,WP_005616608.1,94.5,347,347,343,1.2e-187,650.2,1,1.01166
DAKCFMEO_04515,WP_007245075.1,95.9,341,341,341,4.9e-191,661.4,1,1
DAKCFMEO_04516,WP_161797808.1,88.5,488,488,489,6.7e-250,857.4,1,0.997955
DAKCFMEO_04517,WP_011103720.1,93.3,447,448,448,1.4e-246,846.3,0.997768,0.997768
DAKCFMEO_04518,WP_005767754.1,97.9,95,105,95,4.0e-51,194.9,0.904762,1
DAKCFMEO_04519,WP_005767756.1,89.3,335,337,335,7.8e-173,600.9,0.994065,1
DAKCFMEO_04520,WP_011104657.1,89.5,437,437,437,3.9e-233,801.6,1,1
DAKCFMEO_04521,WP_046463290.1,90.3,278,279,289,1.1e-145,510.4,0.996416,0.961938
DAKCFMEO_04522,WP_011104655.1,93.3,771,777,792,0.0e+00,1460.7,0.992278,0.973485
DAKCFMEO_04523,WP_005765302.1,88.6,484,484,484,3.5e-251,861.7,1,1
DAKCFMEO_04524,WP_005765300.1,85.8,218,219,219,6.3e-99,354.8,0.995434,0.995434
DAKCFMEO_04525,WP_011104654.1,91.9,1162,1162,1162,0.0e+00,1239.9,1,1
DAKCFMEO_04526,WP_003376124.1,91.1,291,291,288,5.7e-148,518.1,1,1.01042
DAKCFMEO_04527,WP_011104653.1,91.4,787,782,787,0.0e+00,1427.5,1.00639,1
DAKCFMEO_04528,WP_011104652.1,93.0,388,388,388,2.2e-224,772.3,1,1
DAKCFMEO_04529,WP_011104651.1,80.2,162,162,162,2.6e-73,269.2,1,1
DAKCFMEO_04531,WP_011104649.1,85.0,374,374,374,6.0e-174,604.7,1,1
DAKCFMEO_04532,WP_011104648.1,89.4,558,562,560,3.3e-309,1054.7,0.992883,0.996429
DAKCFMEO_04533,WP_011104647.1,90.6,743,730,743,0.0e+00,1094.0,1.01781,1
DAKCFMEO_04534,WP_002552818.1,99.1,108,108,108,4.9e-52,198.0,1,1
DAKCFMEO_04535,WP_011104646.1,87.0,485,488,491,2.7e-243,835.5,0.993852,0.98778
DAKCFMEO_04536,WP_011104644.1,81.1,127,135,130,1.8e-56,213.0,0.940741,0.976923
DAKCFMEO_04537,WP_011104643.1,86.6,373,383,378,2.7e-190,659.1,0.97389,0.986772
DAKCFMEO_04538,WP_005765268.1,92.5,293,294,294,6.0e-153,534.6,0.996599,0.996599
DAKCFMEO_04539,WP_011104642.1,93.5,200,200,200,3.4e-107,382.1,1,1
DAKCFMEO_04540,WP_003383046.1,90.6,106,107,107,3.1e-51,195.3,0.990654,0.990654
DAKCFMEO_04541,WP_046463732.1,80.1,552,539,549,2.2e-241,829.3,1.02412,1.00546
DAKCFMEO_04542,WP_007245274.1,70.2,208,213,212,5.8e-81,295.0,0.976526,0.981132
DAKCFMEO_04543,WP_011104640.1,88.3,223,223,223,1.4e-98,353.6,1,1
DAKCFMEO_04544,WP_005765259.1,88.4,258,264,267,2.8e-133,469.2,0.977273,0.966292
DAKCFMEO_04545,WP_005765257.1,82.5,57,58,58,2.4e-21,95.1,0.982759,0.982759
DAKCFMEO_04546,WP_005765255.1,85.7,154,155,157,4.4e-70,258.5,0.993548,0.980892
DAKCFMEO_04547,WP_005765253.1,91.6,655,657,657,0.0e+00,1192.6,0.996956,0.996956
DAKCFMEO_04548,WP_005765251.1,80.3,178,178,178,1.7e-86,313.2,1,1
DAKCFMEO_04549,WP_011104639.1,77.1,157,158,156,2.1e-64,239.6,0.993671,1.00641
DAKCFMEO_04550,WP_046463733.1,82.3,396,397,393,8.3e-174,604.4,0.997481,1.00763
DAKCFMEO_04551,WP_011104638.1,80.9,136,135,135,3.4e-55,208.8,1.00741,1.00741
DAKCFMEO_04552,WP_011104637.1,95.2,332,332,332,3.3e-184,638.6,1,1
DAKCFMEO_04553,WP_005619395.1,84.1,277,277,277,6.3e-120,424.9,1,1
DAKCFMEO_04554,WP_011104636.1,91.4,477,477,477,2.9e-213,735.7,1,1
DAKCFMEO_04555,WP_011104635.1,94.6,294,294,294,1.1e-154,540.4,1,1
DAKCFMEO_04556,WP_003378219.1,100.0,69,69,69,5.5e-33,134.0,1,1
DAKCFMEO_04557,WP_046463355.1,92.9,695,695,695,0.0e+00,1268.8,1,1
DAKCFMEO_04558,WP_011104633.1,84.0,150,150,150,8.2e-66,244.2,1,1
DAKCFMEO_04559,WP_003378216.1,91.9,221,221,222,8.5e-120,424.1,1,0.995495
DAKCFMEO_04560,WP_011104627.1,87.4,460,464,462,2.4e-225,775.8,0.991379,0.995671
DAKCFMEO_04561,WP_002554192.1,97.4,231,231,229,4.0e-128,451.8,1,1.00873
DAKCFMEO_04562,WP_003378210.1,94.0,201,201,201,2.8e-101,362.5,1,1
DAKCFMEO_04563,WP_007245289.1,89.8,206,206,206,1.5e-110,393.3,1,1
DAKCFMEO_04564,WP_007245290.1,96.5,256,256,256,1.1e-150,526.9,1,1
DAKCFMEO_04565,WP_011104625.1,94.9,274,285,274,8.1e-147,514.2,0.961404,1
DAKCFMEO_04566,WP_005765224.1,91.6,440,436,440,4.1e-235,808.1,1.00917,1
DAKCFMEO_04567,WP_011104624.1,91.3,402,402,402,8.6e-187,647.5,1,1
DAKCFMEO_04568,WP_005765220.1,92.6,284,284,284,6.4e-144,504.6,1,1
DAKCFMEO_04570,WP_005765215.1,72.6,376,392,383,2.7e-161,562.8,0.959184,0.981723
DAKCFMEO_04571,WP_007246985.1,34.9,295,316,296,2.2e-36,147.5,0.933544,0.996622
DAKCFMEO_04572,WP_005769588.1,41.8,433,430,435,9.5e-91,328.6,1.00698,0.995402
DAKCFMEO_04575,WP_005765213.1,95.0,481,481,481,7.0e-244,837.4,1,1
DAKCFMEO_04576,WP_005765211.1,90.0,370,371,371,9.7e-201,693.7,0.997305,0.997305
DAKCFMEO_04577,WP_032710497.1,88.8,294,294,294,6.4e-147,514.6,1,1
DAKCFMEO_04578,WP_011104623.1,84.8,217,218,218,1.3e-104,373.6,0.995413,0.995413
DAKCFMEO_04581,WP_003377112.1,34.6,156,198,205,4.9e-18,85.9,0.787879,0.760976
DAKCFMEO_04582,WP_005765040.1,38.3,201,302,246,1.8e-32,134.4,0.665563,0.817073
DAKCFMEO_04586,WP_007244389.1,32.2,230,362,372,2.6e-25,110.9,0.635359,0.61828
DAKCFMEO_04588,WP_011104557.1,30.8,234,371,373,3.6e-22,100.5,0.630728,0.627346
DAKCFMEO_04591,WP_005619360.1,93.2,383,383,383,1.4e-189,656.8,1,1
DAKCFMEO_04592,WP_011104622.1,85.6,277,277,277,3.0e-138,485.7,1,1
DAKCFMEO_04593,WP_149032149.1,68.1,160,160,160,3.7e-56,212.2,1,1
DAKCFMEO_04594,WP_011104620.1,92.9,294,294,294,2.1e-158,552.7,1,1
DAKCFMEO_04597,WP_005769163.1,39.8,123,136,134,5.8e-26,111.7,0.904412,0.91791
DAKCFMEO_04598,WP_005765198.1,84.1,69,76,69,5.7e-31,127.5,0.907895,1
DAKCFMEO_04600,WP_032643380.1,89.1,697,697,697,0.0e+00,1241.9,1,1
DAKCFMEO_04603,WP_046463487.1,96.4,501,510,501,7.1e-287,980.3,0.982353,1
DAKCFMEO_04604,WP_046463492.1,78.8,241,237,241,4.4e-106,378.6,1.01688,1
DAKCFMEO_04605,WP_011104616.1,82.6,546,546,546,1.2e-170,594.3,1,1
DAKCFMEO_04606,WP_010206379.1,78.8,293,295,293,5.8e-132,464.9,0.99322,1
DAKCFMEO_04607,WP_032622221.1,83.8,142,142,142,5.0e-65,241.5,1,1
DAKCFMEO_04608,WP_011104615.1,79.0,542,543,542,4.9e-201,695.3,0.998158,1
DAKCFMEO_04609,WP_005765176.1,76.8,207,205,207,7.7e-83,301.2,1.00976,1
DAKCFMEO_04610,WP_005765174.1,68.2,173,174,173,8.9e-64,237.7,0.994253,1
DAKCFMEO_04613,WP_005765172.1,92.3,700,704,706,0.0e+00,1310.4,0.994318,0.991501
DAKCFMEO_04614,WP_005765169.1,69.2,143,146,154,5.7e-56,211.5,0.979452,0.928571
DAKCFMEO_04615,WP_005765167.1,80.6,309,314,314,2.3e-150,526.2,0.984076,0.984076
DAKCFMEO_04616,WP_005765165.1,85.2,155,160,160,2.4e-79,289.3,0.96875,0.96875
DAKCFMEO_04617,WP_005765163.1,66.7,75,92,86,1.1e-17,83.6,0.815217,0.872093
DAKCFMEO_04618,WP_011104612.1,73.8,465,465,466,4.3e-198,685.3,1,0.997854
DAKCFMEO_04624,WP_002554157.1,100.0,62,62,62,3.3e-29,121.3,1,1
DAKCFMEO_04625,WP_005765159.1,98.2,450,450,450,5.8e-240,824.3,1,1
DAKCFMEO_04626,WP_007245315.1,84.0,162,175,162,7.1e-77,281.2,0.925714,1
DAKCFMEO_04627,WP_005765154.1,89.6,338,338,338,1.3e-167,583.6,1,1
DAKCFMEO_04628,WP_011104610.1,67.2,323,323,323,3.9e-129,455.7,1,1
DAKCFMEO_04629,WP_005765147.1,83.5,723,727,725,0.0e+00,1239.9,0.994498,0.997241
DAKCFMEO_04630,WP_005765145.1,94.8,135,135,135,5.3e-64,238.0,1,1
DAKCFMEO_04632,WP_011104608.1,83.5,352,352,352,6.6e-175,607.8,1,1
DAKCFMEO_04633,WP_005765139.1,92.6,499,499,499,4.4e-273,934.5,1,1
DAKCFMEO_04634,WP_011107021.1,30.4,227,255,233,6.8e-20,92.4,0.890196,0.974249
DAKCFMEO_04635,WP_005765137.1,74.9,211,211,211,2.7e-91,329.3,1,1
DAKCFMEO_04636,WP_005765135.1,94.7,357,358,363,3.4e-203,701.8,0.997207,0.983471
DAKCFMEO_04637,WP_005765133.1,85.3,259,262,265,1.6e-120,426.8,0.98855,0.977358
DAKCFMEO_04638,WP_011104606.1,85.0,432,434,434,5.6e-232,797.7,0.995392,0.995392
DAKCFMEO_04639,WP_005765129.1,81.2,431,428,431,7.0e-211,727.6,1.00701,1
DAKCFMEO_04640,WP_011105323.1,82.0,484,487,504,2.3e-234,805.8,0.99384,0.960317
DAKCFMEO_04641,WP_005765127.1,86.9,199,202,204,4.5e-99,355.1,0.985149,0.97549
DAKCFMEO_04642,WP_005765125.1,84.6,371,371,366,1.0e-194,673.7,1,1.01366
DAKCFMEO_04643,WP_005764112.1,34.1,367,409,409,1.5e-45,178.3,0.897311,0.897311
DAKCFMEO_04644,WP_005765123.1,81.4,311,311,311,6.3e-153,534.6,1,1
DAKCFMEO_04645,WP_003378113.1,82.6,46,46,47,1.6e-15,75.5,1,0.978723
DAKCFMEO_04646,WP_003378111.1,87.6,225,225,225,9.3e-114,404.1,1,1
DAKCFMEO_04647,WP_005765121.1,94.6,404,404,405,3.9e-227,781.6,1,0.997531
DAKCFMEO_04648,WP_005765119.1,57.4,94,99,103,6.5e-27,114.4,0.949495,0.912621
DAKCFMEO_04649,WP_005765117.1,76.2,302,310,305,1.4e-136,480.3,0.974194,0.990164
DAKCFMEO_04651,WP_005765115.1,85.0,379,386,386,1.7e-184,639.8,0.981865,0.981865
DAKCFMEO_04652,WP_011104604.1,79.9,298,298,317,1.3e-131,463.8,1,0.940063
DAKCFMEO_04653,WP_005765108.1,88.3,471,472,471,9.4e-233,800.4,0.997881,1
DAKCFMEO_04654,WP_005765105.1,93.0,273,273,273,7.7e-155,540.8,1,1
DAKCFMEO_04655,WP_011104603.1,77.9,471,471,471,1.5e-209,723.4,1,1
DAKCFMEO_04656,WP_005765101.1,79.8,366,366,366,3.2e-180,625.5,1,1
DAKCFMEO_04657,WP_005765099.1,85.1,395,407,405,7.6e-207,714.1,0.970516,0.975309
DAKCFMEO_04658,WP_011104602.1,83.3,437,437,437,1.8e-217,749.6,1,1
DAKCFMEO_04659,WP_011104601.1,86.2,390,392,392,2.0e-196,679.5,0.994898,0.994898
DAKCFMEO_04660,WP_011104600.1,87.5,662,663,663,3.1e-306,1045.0,0.998492,0.998492
DAKCFMEO_04661,WP_010204432.1,92.2,258,258,258,1.8e-132,466.5,1,1
DAKCFMEO_04662,WP_011104599.1,88.0,484,485,485,1.5e-254,872.8,0.997938,0.997938
DAKCFMEO_04663,WP_005765093.1,86.6,478,478,478,2.0e-238,819.3,1,1
DAKCFMEO_04664,WP_005765091.1,88.3,309,310,305,2.3e-155,542.7,0.996774,1.01311
DAKCFMEO_04665,WP_005765089.1,82.3,220,220,220,2.4e-98,352.8,1,1
DAKCFMEO_04667,WP_005765087.1,64.1,142,143,143,1.1e-43,170.6,0.993007,0.993007
DAKCFMEO_04669,WP_003378076.1,97.1,307,309,308,1.2e-167,583.6,0.993528,0.996753
DAKCFMEO_04670,WP_011104598.1,82.2,269,269,269,1.0e-130,460.7,1,1
DAKCFMEO_04671,WP_011104597.1,94.4,642,642,642,0.0e+00,1245.7,1,1
DAKCFMEO_04672,WP_007245346.1,95.3,636,636,636,0.0e+00,1139.8,1,1
DAKCFMEO_04673,WP_003378068.1,79.1,148,146,153,1.6e-61,229.9,1.0137,0.96732
DAKCFMEO_04674,WP_011104596.1,72.4,116,116,145,8.9e-52,197.2,1,0.8
DAKCFMEO_04675,WP_011104595.1,95.7,715,715,721,0.0e+00,1343.2,1,0.991678
DAKCFMEO_04676,WP_007245350.1,97.2,391,391,391,3.4e-220,758.4,1,1
DAKCFMEO_04677,WP_003380890.1,93.4,76,78,78,2.2e-38,152.1,0.974359,0.974359
DAKCFMEO_04678,WP_011104593.1,96.7,870,870,869,0.0e+00,1695.6,1,1.00115
DAKCFMEO_04679,WP_007245351.1,82.7,173,173,173,2.8e-78,285.8,1,1
DAKCFMEO_04680,WP_003315798.1,97.4,77,77,77,8.3e-38,150.2,1,1
DAKCFMEO_04681,WP_007245353.1,87.8,156,156,156,1.4e-76,280.0,1,1
DAKCFMEO_04682,WP_002554100.1,96.5,202,202,202,6.0e-112,397.9,1,1
DAKCFMEO_04683,WP_007245354.1,94.6,239,239,238,1.4e-120,426.8,1,1.0042
DAKCFMEO_04684,WP_011104591.1,94.0,336,336,336,1.2e-176,613.6,1,1
DAKCFMEO_04685,WP_005765040.1,96.3,245,246,246,7.7e-138,484.2,0.995935,0.995935
DAKCFMEO_04686,WP_011104590.1,85.5,179,179,179,1.1e-88,320.5,1,1
DAKCFMEO_04688,WP_010204659.1,90.8,261,261,261,5.0e-143,501.5,1,1
DAKCFMEO_04689,WP_005765031.1,88.1,419,420,416,3.1e-211,728.8,0.997619,1.00721
DAKCFMEO_04690,WP_005765028.1,86.9,336,336,332,6.4e-159,554.7,1,1.01205
DAKCFMEO_04691,WP_005619235.1,95.0,302,302,302,1.4e-160,560.1,1,1
DAKCFMEO_04692,WP_011104589.1,91.8,645,645,645,0.0e+00,1211.8,1,1
DAKCFMEO_04693,WP_007245360.1,92.9,297,299,301,5.3e-165,574.7,0.993311,0.986711
DAKCFMEO_04694,WP_005765020.1,84.8,269,269,269,2.7e-136,479.2,1,1
DAKCFMEO_04695,WP_011104588.1,95.6,500,500,500,1.2e-283,969.5,1,1
DAKCFMEO_04696,WP_005765016.1,87.5,273,275,276,4.3e-137,481.9,0.992727,0.98913
DAKCFMEO_04697,WP_011104587.1,93.3,645,645,645,0.0e+00,1203.0,1,1
DAKCFMEO_04698,WP_005765011.1,90.4,335,336,336,1.5e-176,613.2,0.997024,0.997024
DAKCFMEO_04699,WP_005765006.1,90.0,339,339,339,5.2e-177,614.8,1,1
DAKCFMEO_04701,WP_007246965.1,86.1,309,309,309,6.1e-148,518.1,1,1
DAKCFMEO_04702,WP_011104585.1,89.7,526,525,525,3.8e-267,914.8,1.0019,1.0019
DAKCFMEO_04703,WP_003380853.1,97.9,341,341,341,1.8e-172,599.7,1,1
DAKCFMEO_04704,WP_003380850.1,97.8,134,134,134,1.4e-72,266.5,1,1
DAKCFMEO_04705,WP_007246966.1,54.4,520,525,533,1.5e-135,477.6,0.990476,0.97561
DAKCFMEO_04706,WP_046463563.1,66.6,494,494,494,7.6e-201,694.5,1,1
DAKCFMEO_04707,WP_005771165.1,64.1,78,78,79,1.6e-25,109.4,1,0.987342
DAKCFMEO_04708,WP_005771167.1,89.7,155,155,155,1.7e-74,273.1,1,1
DAKCFMEO_04709,WP_005771168.1,91.3,126,126,126,1.5e-57,216.5,1,1
DAKCFMEO_04710,WP_005771169.1,95.7,92,92,92,2.6e-38,152.1,1,1
DAKCFMEO_04711,WP_005771170.1,89.5,162,162,162,1.8e-79,289.7,1,1
DAKCFMEO_04712,WP_005771172.1,92.5,561,561,561,8.4e-289,986.9,1,1
DAKCFMEO_04713,WP_003380836.1,97.4,114,114,114,5.3e-57,214.5,1,1
DAKCFMEO_04714,WP_011104576.1,94.0,972,972,972,0.0e+00,1787.3,1,1
DAKCFMEO_04715,WP_011104575.1,83.7,289,307,312,4.2e-125,442.2,0.941368,0.926282
DAKCFMEO_04716,WP_005771176.1,85.2,189,189,189,2.3e-89,322.8,1,1
DAKCFMEO_04717,WP_005771178.1,81.8,467,467,467,1.1e-209,723.8,1,1
DAKCFMEO_04718,WP_007246973.1,93.2,368,368,368,2.7e-195,675.6,1,1
DAKCFMEO_04719,WP_011104574.1,98.2,379,379,379,6.2e-219,754.2,1,1
DAKCFMEO_04720,WP_011104573.1,86.8,266,311,299,2.4e-128,453.0,0.855305,0.889632
DAKCFMEO_04721,WP_011104572.1,79.6,867,867,851,0.0e+00,1398.6,1,1.0188
DAKCFMEO_04723,WP_011104571.1,92.6,447,447,447,1.5e-243,836.3,1,1
DAKCFMEO_04724,WP_011104570.1,86.4,729,729,728,0.0e+00,1276.9,1,1.00137
DAKCFMEO_04725,WP_044390357.1,91.7,349,384,385,7.2e-191,661.0,0.908854,0.906494
DAKCFMEO_04726,WP_011104568.1,87.0,308,310,310,2.3e-147,516.2,0.993548,0.993548
DAKCFMEO_04727,WP_011104567.1,71.1,239,240,244,3.4e-98,352.4,0.995833,0.979508
DAKCFMEO_04728,WP_011104566.1,78.3,106,106,109,9.6e-45,173.7,1,0.972477
DAKCFMEO_04730,WP_007246984.1,96.6,472,472,472,1.8e-260,892.5,1,1
DAKCFMEO_04731,WP_011104565.1,95.9,218,218,218,1.5e-116,413.3,1,1
DAKCFMEO_04732,WP_003373184.1,98.3,233,233,233,3.0e-131,462.2,1,1
DAKCFMEO_04733,WP_007246985.1,88.1,294,297,296,2.2e-142,499.6,0.989899,0.993243
DAKCFMEO_04734,WP_005771197.1,75.3,93,93,91,2.6e-33,135.6,1,1.02198
DAKCFMEO_04735,WP_007246986.1,89.6,202,202,202,3.6e-101,362.1,1,1
DAKCFMEO_04737,WP_005771200.1,92.2,193,193,193,2.3e-97,349.4,1,1
DAKCFMEO_04738,WP_005771202.1,84.9,364,362,364,2.3e-178,619.4,1.00552,1
DAKCFMEO_04739,WP_005771203.1,86.1,469,469,469,1.5e-238,819.7,1,1
DAKCFMEO_04740,WP_011104564.1,81.4,409,406,409,9.6e-194,670.6,1.00739,1
DAKCFMEO_04741,WP_011104563.1,81.9,371,371,369,2.8e-176,612.5,1,1.00542
DAKCFMEO_04742,WP_011105556.1,43.7,405,458,448,4.5e-99,356.3,0.884279,0.904018
DAKCFMEO_04743,WP_011104562.1,77.9,412,416,412,1.9e-189,656.4,0.990385,1
DAKCFMEO_04744,WP_011104561.1,76.3,333,333,333,7.0e-150,524.6,1,1
DAKCFMEO_04745,WP_005760598.1,78.0,168,170,170,6.0e-73,268.1,0.988235,0.988235
DAKCFMEO_04746,WP_046463459.1,32.6,233,262,238,1.5e-25,111.3,0.889313,0.978992
DAKCFMEO_04747,WP_011104560.1,84.1,750,738,753,0.0e+00,1210.7,1.01626,0.996016
DAKCFMEO_04748,WP_011104559.1,72.3,155,150,155,1.7e-58,219.9,1.03333,1
DAKCFMEO_04749,WP_010216700.1,82.7,313,313,311,6.8e-155,541.2,1,1.00643
DAKCFMEO_04750,WP_046463565.1,79.2,504,504,510,3.1e-226,778.9,1,0.988235
DAKCFMEO_04751,WP_011104557.1,84.1,372,373,373,6.4e-184,637.9,0.997319,0.997319
DAKCFMEO_04753,WP_011104556.1,82.1,392,392,393,1.4e-178,620.2,1,0.997455
DAKCFMEO_04754,WP_011104555.1,89.4,602,602,602,0.0e+00,1094.0,1,1
DAKCFMEO_04755,WP_011104554.1,79.6,103,104,104,7.2e-45,174.1,0.990385,0.990385
DAKCFMEO_04757,WP_007243745.1,98.4,249,249,249,3.3e-128,452.2,1,1
DAKCFMEO_04758,WP_011105053.1,83.1,574,577,577,2.9e-284,971.8,0.994801,0.994801
DAKCFMEO_04759,WP_003395104.1,98.4,187,187,187,3.7e-100,358.6,1,1
DAKCFMEO_04760,WP_011105055.1,93.8,419,419,419,6.2e-220,757.7,1,1
DAKCFMEO_04761,WP_005769371.1,90.3,238,238,237,4.4e-114,405.2,1,1.00422
DAKCFMEO_04762,WP_044393109.1,71.8,518,515,518,1.3e-219,756.9,1.00583,1
DAKCFMEO_04763,WP_011105057.1,94.4,531,533,535,7.7e-300,1023.5,0.996248,0.992523
DAKCFMEO_04764,WP_011105058.1,90.6,540,540,540,1.2e-295,1009.6,1,1
DAKCFMEO_04765,WP_011105059.1,87.8,532,532,530,1.3e-283,969.5,1,1.00377
DAKCFMEO_04766,WP_005769381.1,93.0,459,459,459,1.8e-249,855.9,1,1
DAKCFMEO_04767,WP_005769383.1,93.8,531,531,531,2.2e-294,1005.4,1,1
DAKCFMEO_04768,WP_005769384.1,98.5,336,336,336,8.8e-185,640.6,1,1
DAKCFMEO_04769,WP_007243753.1,97.7,303,303,303,1.0e-163,570.5,1,1
DAKCFMEO_04770,WP_011105060.1,96.0,322,322,322,2.0e-173,602.8,1,1
DAKCFMEO_04771,WP_005762887.1,47.8,314,324,337,1.5e-80,294.3,0.969136,0.931751
DAKCFMEO_04772,WP_046463395.1,79.4,846,847,840,0.0e+00,1389.8,0.998819,1.00714
DAKCFMEO_04776,WP_005769400.1,96.9,387,387,387,1.2e-220,760.0,1,1
DAKCFMEO_04778,WP_003368676.1,98.2,385,389,385,7.8e-217,747.3,0.989717,1
DAKCFMEO_04779,WP_003400010.1,98.2,217,217,217,1.1e-108,387.1,1,1
DAKCFMEO_04780,WP_005771655.1,93.6,297,297,297,3.5e-161,562.0,1,1
DAKCFMEO_04781,WP_011105067.1,97.0,237,237,237,8.3e-121,427.6,1,1
DAKCFMEO_04782,WP_011105068.1,98.7,527,527,527,4.3e-311,1060.8,1,1
DAKCFMEO_04783,WP_011105110.1,93.0,442,442,442,9.4e-227,780.4,1,1
DAKCFMEO_04786,WP_046463347.1,90.6,202,204,203,1.6e-104,373.2,0.990196,0.995074
DAKCFMEO_04787,WP_011105112.1,97.5,158,158,158,6.8e-87,314.3,1,1
DAKCFMEO_04788,WP_046463346.1,75.3,235,231,234,1.9e-61,230.3,1.01732,1.00427
DAKCFMEO_04789,WP_005770243.1,83.2,220,220,220,1.7e-96,346.7,1,1
DAKCFMEO_04790,WP_005770245.1,79.3,363,363,380,9.3e-172,597.4,1,0.955263
DAKCFMEO_04791,WP_011103515.1,52.6,325,312,322,9.3e-88,318.2,1.04167,1.00932
DAKCFMEO_04792,WP_011105501.1,59.2,142,143,142,1.8e-46,179.9,0.993007,1
DAKCFMEO_04793,WP_011105503.1,82.3,147,150,166,8.8e-68,250.8,0.98,0.885542
DAKCFMEO_04794,WP_011104365.1,59.7,149,152,151,8.1e-45,174.5,0.980263,0.986755
DAKCFMEO_04795,WP_005763938.1,75.0,52,53,53,1.4e-12,65.9,0.981132,0.981132
DAKCFMEO_04797,WP_011105140.1,68.2,843,844,840,0.0e+00,1090.5,0.998815,1.00357
DAKCFMEO_04799,WP_003376614.1,94.2,139,139,139,1.6e-71,263.1,1,1
DAKCFMEO_04800,WP_005763294.1,91.9,297,297,297,1.0e-147,517.3,1,1
DAKCFMEO_04802,WP_003376607.1,96.9,159,159,159,4.2e-84,305.1,1,1
DAKCFMEO_04803,WP_161797784.1,92.1,178,210,178,1.8e-95,343.2,0.847619,1
DAKCFMEO_04804,WP_003376603.1,97.1,487,487,487,3.1e-279,954.9,1,1
DAKCFMEO_04806,WP_005763284.1,79.2,663,664,668,1.5e-313,1069.3,0.998494,0.992515
DAKCFMEO_04807,WP_011105183.1,92.5,265,265,265,6.4e-146,511.1,1,1
DAKCFMEO_04808,WP_005763279.1,95.1,205,209,205,1.6e-107,383.3,0.980861,1
DAKCFMEO_04811,WP_007243834.1,96.5,427,427,427,2.0e-242,832.4,1,1
DAKCFMEO_04812,WP_003376593.1,95.6,182,182,182,9.4e-56,211.1,1,1
DAKCFMEO_04813,WP_003376591.1,97.2,108,108,108,1.5e-56,213.0,1,1
DAKCFMEO_04814,WP_005620645.1,95.9,442,442,442,1.4e-251,862.8,1,1
DAKCFMEO_04815,WP_005763270.1,94.7,340,340,340,9.5e-187,647.1,1,1
DAKCFMEO_04816,WP_011105185.1,89.2,166,165,166,1.3e-85,310.1,1.00606,1
DAKCFMEO_04817,WP_007243836.1,97.5,280,280,280,2.6e-153,535.8,1,1
DAKCFMEO_04818,WP_011105186.1,92.7,506,506,506,1.4e-282,966.1,1,1
DAKCFMEO_04819,WP_011105187.1,84.1,252,253,256,2.7e-125,442.6,0.996047,0.984375
DAKCFMEO_04820,WP_011105188.1,70.4,115,116,116,1.5e-35,143.3,0.991379,0.991379
DAKCFMEO_04821,WP_011105190.1,93.5,868,868,868,0.0e+00,1681.0,1,1
DAKCFMEO_04822,WP_005763254.1,79.6,201,201,201,4.0e-76,278.9,1,1
DAKCFMEO_04823,WP_011105191.1,95.9,345,359,345,2.2e-186,646.0,0.961003,1
DAKCFMEO_04824,WP_011105192.1,94.1,68,68,68,8.1e-37,146.7,1,1
DAKCFMEO_04825,WP_011103730.1,34.8,135,129,129,3.4e-12,65.9,1.04651,1.04651
DAKCFMEO_04826,WP_005763123.1,83.0,153,153,153,6.4e-74,271.2,1,1
DAKCFMEO_04827,WP_011105217.1,77.5,120,121,144,6.9e-47,181.0,0.991736,0.833333
DAKCFMEO_04828,WP_005763119.1,77.2,457,457,457,8.6e-199,687.6,1,1
DAKCFMEO_04829,WP_161797791.1,30.5,1566,2515,1657,2.7e-185,645.2,0.622664,0.945081
DAKCFMEO_04831,WP_011105219.1,97.1,421,421,421,3.7e-241,828.2,1,1
DAKCFMEO_04832,WP_005763115.1,94.5,529,529,529,3.1e-269,921.8,1,1
DAKCFMEO_04833,WP_011105220.1,97.5,353,354,359,9.9e-195,673.7,0.997175,0.983287
DAKCFMEO_04834,WP_003376420.1,95.8,286,286,286,3.6e-155,542.0,1,1
DAKCFMEO_04835,WP_005763108.1,99.1,232,232,232,9.6e-130,457.2,1,1
DAKCFMEO_04836,WP_005763106.1,89.7,281,281,281,1.4e-154,540.0,1,1
DAKCFMEO_04837,WP_005763104.1,98.0,100,100,100,1.7e-51,196.1,1,1
DAKCFMEO_04838,WP_011105221.1,89.4,180,180,180,3.3e-93,335.5,1,1
DAKCFMEO_04839,WP_011105222.1,85.3,177,177,177,1.6e-84,306.6,1,1
DAKCFMEO_04840,WP_005763098.1,96.1,102,102,102,4.2e-53,201.4,1,1
DAKCFMEO_04841,WP_005763096.1,98.4,566,566,566,0.0e+00,1140.6,1,1
DAKCFMEO_04843,WP_011105223.1,85.3,375,376,376,1.2e-177,617.1,0.99734,0.99734
DAKCFMEO_04844,WP_005763092.1,92.6,312,313,314,3.8e-166,578.6,0.996805,0.993631
DAKCFMEO_04845,WP_003376398.1,94.8,421,421,421,6.6e-230,790.8,1,1
DAKCFMEO_04846,WP_011105224.1,95.8,336,336,336,2.5e-171,595.9,1,1
DAKCFMEO_04847,WP_011105225.1,89.7,58,96,96,3.6e-22,98.6,0.604167,0.604167
DAKCFMEO_04848,WP_011105226.1,80.3,289,293,293,2.1e-126,446.4,0.986348,0.986348
DAKCFMEO_04849,WP_005763080.1,88.3,77,75,77,3.0e-32,131.7,1.02667,1
DAKCFMEO_04851,WP_005763077.1,92.0,112,112,112,3.1e-57,215.3,1,1
DAKCFMEO_04852,WP_003376387.1,92.7,179,177,179,2.0e-87,316.2,1.0113,1
DAKCFMEO_04853,WP_011105228.1,92.4,688,688,688,0.0e+00,1289.2,1,1
DAKCFMEO_04855,WP_005763069.1,96.7,210,210,210,1.3e-112,400.2,1,1
DAKCFMEO_04856,WP_007244624.1,98.8,165,166,166,1.1e-95,343.6,0.993976,0.993976
DAKCFMEO_04857,WP_005763065.1,91.1,224,224,224,1.5e-111,396.7,1,1
DAKCFMEO_04858,WP_003376376.1,97.1,205,205,205,3.6e-112,398.7,1,1
DAKCFMEO_04859,WP_011105229.1,94.2,190,190,190,1.1e-94,340.5,1,1
DAKCFMEO_04861,WP_005763059.1,82.5,401,443,404,9.5e-203,700.7,0.905192,0.992574
DAKCFMEO_04862,WP_005763057.1,96.1,254,254,254,4.8e-143,501.5,1,1
DAKCFMEO_04863,WP_011105230.1,97.9,238,238,238,1.6e-127,449.9,1,1
DAKCFMEO_04864,WP_003376366.1,97.6,291,291,291,1.7e-163,569.7,1,1
DAKCFMEO_04865,WP_005763054.1,94.7,432,433,437,1.9e-227,782.7,0.997691,0.988558
DAKCFMEO_04866,WP_002551844.1,98.7,304,304,304,1.9e-162,566.2,1,1
DAKCFMEO_04867,WP_005736842.1,90.5,380,378,380,2.7e-198,685.6,1.00529,1
DAKCFMEO_04868,WP_005620804.1,94.3,300,301,301,1.0e-168,587.0,0.996678,0.996678
DAKCFMEO_04869,WP_005763051.1,94.3,406,407,407,2.2e-230,792.3,0.997543,0.997543
DAKCFMEO_04870,WP_005620808.1,93.8,275,275,275,3.5e-147,515.4,1,1
DAKCFMEO_04871,WP_005763045.1,86.5,148,148,148,9.9e-72,263.8,1,1
DAKCFMEO_04873,WP_011105232.1,94.9,296,296,297,6.4e-171,594.3,1,0.996633
DAKCFMEO_04874,WP_011105233.1,92.1,835,835,831,0.0e+00,1543.9,1,1.00481
DAKCFMEO_04875,WP_011105234.1,95.0,1092,1092,1092,0.0e+00,2180.2,1,1
DAKCFMEO_04876,WP_005763035.1,97.7,771,771,771,0.0e+00,1550.8,1,1
DAKCFMEO_04877,WP_003380723.1,95.3,464,464,464,3.0e-252,865.1,1,1
DAKCFMEO_04878,WP_003317208.1,99.3,148,148,148,1.1e-73,270.4,1,1
DAKCFMEO_04879,WP_005620823.1,93.0,298,298,298,1.8e-149,523.1,1,1
DAKCFMEO_04880,WP_002551829.1,100.0,76,76,76,6.3e-38,150.6,1,1
DAKCFMEO_04881,WP_002551828.1,99.1,109,141,141,1.1e-59,223.8,0.77305,0.77305
DAKCFMEO_04882,WP_005620859.1,97.2,247,253,250,4.8e-135,474.9,0.976285,0.988
DAKCFMEO_04883,WP_011105236.1,94.2,830,878,877,0.0e+00,1527.7,0.94533,0.946408
DAKCFMEO_04886,WP_011105237.1,81.4,644,644,644,4.5e-254,871.7,1,1
DAKCFMEO_04887,WP_003422343.1,97.4,429,430,430,7.7e-250,857.1,0.997674,0.997674
DAKCFMEO_04888,WP_005763027.1,98.0,395,395,395,1.1e-223,770.0,1,1
DAKCFMEO_04889,WP_005763025.1,95.8,289,289,289,6.3e-123,434.9,1,1
DAKCFMEO_04890,WP_011105238.1,92.2,395,392,395,5.0e-163,568.5,1.00765,1
DAKCFMEO_04891,WP_005736856.1,97.0,433,433,433,2.5e-240,825.5,1,1
DAKCFMEO_04892,WP_002551819.1,100.0,86,86,86,1.9e-43,169.1,1,1
DAKCFMEO_04893,WP_011105239.1,93.5,322,323,323,1.1e-168,587.0,0.996904,0.996904
DAKCFMEO_04894,WP_011105240.1,92.1,647,654,645,0.0e+00,1174.5,0.989297,1.0031
DAKCFMEO_04895,WP_005763015.1,95.1,471,472,471,3.3e-246,845.1,0.997881,1
DAKCFMEO_04896,WP_003380701.1,91.7,156,156,156,9.1e-84,303.9,1,1
DAKCFMEO_04897,WP_011105241.1,82.9,496,496,496,2.8e-235,808.9,1,1
DAKCFMEO_04898,WP_007244608.1,95.5,358,360,362,1.0e-207,716.8,0.994444,0.98895
DAKCFMEO_04899,WP_003380698.1,96.1,203,203,203,1.1e-108,387.1,1,1
DAKCFMEO_04900,WP_005763007.1,93.2,177,177,178,9.0e-96,344.0,1,0.994382
DAKCFMEO_04901,WP_005763005.1,95.9,343,343,343,1.1e-190,660.2,1,1
DAKCFMEO_04902,WP_005763003.1,87.4,341,340,341,2.4e-166,579.3,1.00294,1
DAKCFMEO_04903,WP_005763001.1,97.2,283,283,283,3.4e-153,535.4,1,1
DAKCFMEO_04904,WP_011105242.1,88.8,511,511,511,2.8e-267,915.2,1,1
DAKCFMEO_04905,WP_011103137.1,30.9,272,271,285,1.3e-24,108.2,1.00369,0.954386
DAKCFMEO_04907,WP_011105244.1,83.2,595,594,595,1.3e-295,1009.6,1.00168,1
DAKCFMEO_04908,WP_003380690.1,95.0,404,404,404,5.4e-213,734.6,1,1
DAKCFMEO_04909,WP_007244602.1,86.9,518,518,513,2.5e-207,716.1,1,1.00975
DAKCFMEO_04910,WP_007244601.1,96.5,231,231,231,3.5e-124,438.7,1,1
DAKCFMEO_04911,WP_005762992.1,98.8,750,751,751,0.0e+00,1463.7,0.998668,0.998668
DAKCFMEO_04912,WP_011105246.1,90.7,172,173,177,2.0e-87,316.2,0.99422,0.971751
DAKCFMEO_04913,WP_046463655.1,83.6,329,325,329,8.9e-166,577.4,1.01231,1
DAKCFMEO_04914,WP_003377107.1,99.1,633,634,634,0.0e+00,1262.7,0.998423,0.998423
DAKCFMEO_04915,WP_011105248.1,89.8,205,205,205,1.5e-105,376.7,1,1
DAKCFMEO_04916,WP_080946587.1,86.9,268,268,268,1.1e-137,483.8,1,1
DAKCFMEO_04918,WP_046463652.1,59.4,138,167,148,3.7e-43,169.1,0.826347,0.932432
DAKCFMEO_04922,WP_046463652.1,49.3,148,148,148,4.5e-40,158.7,1,1
DAKCFMEO_04924,WP_003377111.1,98.0,150,150,150,7.9e-85,307.4,1,1
DAKCFMEO_04925,WP_003377112.1,85.4,205,205,205,2.1e-104,372.9,1,1
DAKCFMEO_04926,WP_005736885.1,89.9,248,248,248,9.2e-131,460.7,1,1
DAKCFMEO_04927,WP_011105254.1,88.3,428,429,429,2.0e-202,699.5,0.997669,0.997669
DAKCFMEO_04928,WP_011105255.1,98.7,629,629,629,0.0e+00,1268.1,1,1
DAKCFMEO_04929,WP_005762981.1,93.7,479,479,479,4.5e-251,861.3,1,1
DAKCFMEO_04932,WP_005762979.1,86.4,110,110,110,6.7e-49,187.6,1,1
DAKCFMEO_04933,WP_011105257.1,92.3,391,391,391,1.1e-210,726.9,1,1
DAKCFMEO_04934,WP_011105258.1,93.4,271,271,271,5.0e-146,511.5,1,1
DAKCFMEO_04935,WP_003377120.1,93.7,318,320,318,9.3e-176,610.5,0.99375,1
DAKCFMEO_04936,WP_005736892.1,96.2,473,473,474,3.2e-257,881.7,1,0.99789
DAKCFMEO_04937,WP_010213170.1,94.0,600,600,600,5.2e-313,1067.4,1,1
DAKCFMEO_04938,WP_005762975.1,84.0,212,212,212,1.7e-101,363.2,1,1
DAKCFMEO_04939,WP_011105259.1,73.1,379,380,391,4.8e-163,568.5,0.997368,0.969309
DAKCFMEO_04940,WP_005762973.1,90.2,256,256,257,5.4e-142,498.0,1,0.996109
DAKCFMEO_04941,WP_011105261.1,89.0,318,318,318,2.5e-165,575.9,1,1
DAKCFMEO_04942,WP_046463793.1,84.0,468,478,469,6.6e-234,804.3,0.979079,0.997868
DAKCFMEO_04943,WP_005762970.1,87.2,298,298,298,3.8e-155,542.0,1,1
DAKCFMEO_04944,WP_011105263.1,87.7,374,376,376,2.9e-192,665.6,0.994681,0.994681
DAKCFMEO_04945,WP_003377131.1,99.3,585,585,585,0.0e+00,1205.3,1,1
DAKCFMEO_04948,WP_011105266.1,85.9,481,481,481,6.4e-245,840.9,1,1
DAKCFMEO_04949,WP_005762965.1,81.4,253,259,253,1.4e-121,430.3,0.976834,1
DAKCFMEO_04950,WP_007244579.1,90.2,244,244,244,2.2e-132,466.1,1,1
DAKCFMEO_04952,WP_011105267.1,92.0,373,373,373,2.7e-206,712.2,1,1
DAKCFMEO_04953,WP_007244577.1,90.1,354,354,354,5.1e-191,661.4,1,1
DAKCFMEO_04954,WP_011105268.1,91.5,343,344,344,1.0e-188,653.7,0.997093,0.997093
DAKCFMEO_04955,WP_005762959.1,91.6,985,985,985,0.0e+00,1778.5,1,1
DAKCFMEO_04956,WP_003377141.1,98.0,881,881,881,0.0e+00,1781.9,1,1
DAKCFMEO_04957,WP_007244575.1,89.6,549,549,548,9.0e-203,701.0,1,1.00182
DAKCFMEO_04959,WP_007244549.1,92.5,897,897,897,0.0e+00,1635.2,1,1
DAKCFMEO_04960,WP_005763591.1,92.6,215,215,215,2.4e-119,422.5,1,1
DAKCFMEO_04961,WP_005763589.1,97.1,278,278,278,8.7e-162,563.9,1,1
DAKCFMEO_04962,WP_005763587.1,72.0,75,76,76,6.5e-27,114.0,0.986842,0.986842
DAKCFMEO_04963,WP_005737430.1,88.2,85,86,88,1.7e-36,146.0,0.988372,0.965909
DAKCFMEO_04964,WP_003379947.1,82.0,100,100,100,4.7e-41,161.4,1,1
DAKCFMEO_04965,WP_005763699.1,88.3,77,77,77,7.8e-28,117.1,1,1
DAKCFMEO_04966,WP_011103145.1,83.9,541,541,541,4.4e-210,725.3,1,1
DAKCFMEO_04967,WP_005763696.1,98.1,367,367,367,1.4e-207,716.5,1,1
DAKCFMEO_04968,WP_005763694.1,93.0,315,315,315,1.5e-170,593.2,1,1
DAKCFMEO_04969,WP_003379931.1,97.5,281,281,281,1.0e-149,523.9,1,1
DAKCFMEO_04970,WP_005763692.1,96.7,392,392,392,7.1e-218,750.7,1,1
DAKCFMEO_04972,WP_005737465.1,97.0,197,197,197,1.9e-107,382.9,1,1
DAKCFMEO_04973,WP_005763655.1,98.4,490,490,490,1.3e-277,949.5,1,1
DAKCFMEO_04974,WP_005763658.1,97.7,563,566,568,0.0e+00,1143.6,0.9947,0.991197
DAKCFMEO_04975,WP_005763601.1,88.3,480,480,480,1.3e-250,859.8,1,1
DAKCFMEO_04976,WP_011103134.1,85.0,441,441,441,1.1e-219,756.9,1,1
DAKCFMEO_04977,WP_005763597.1,90.9,464,470,470,3.9e-239,821.6,0.987234,0.987234
DAKCFMEO_04978,WP_005762956.1,98.7,459,459,459,5.3e-257,880.9,1,1
DAKCFMEO_04979,WP_005762954.1,94.9,391,401,392,3.7e-222,765.0,0.975062,0.997449
DAKCFMEO_04980,WP_007244571.1,96.3,732,732,732,0.0e+00,1363.6,1,1
DAKCFMEO_04981,WP_005762952.1,77.9,249,251,251,7.7e-109,387.9,0.992032,0.992032
DAKCFMEO_04982,WP_005620970.1,96.1,152,152,152,3.6e-85,308.5,1,1
DAKCFMEO_04983,WP_005762949.1,76.5,98,98,98,1.5e-39,156.4,1,1
DAKCFMEO_04984,WP_007244569.1,89.3,169,173,174,9.1e-85,307.4,0.976879,0.971264
DAKCFMEO_04985,WP_005762944.1,88.2,709,709,712,0.0e+00,1258.4,1,0.995787
DAKCFMEO_04986,WP_005762942.1,78.0,223,223,223,1.5e-103,370.2,1,1
DAKCFMEO_04987,WP_005762940.1,96.0,495,495,495,3.1e-263,901.7,1,1
DAKCFMEO_04988,WP_011105271.1,96.7,1317,1317,1317,0.0e+00,2490.7,1,1
DAKCFMEO_04989,WP_011104172.1,41.1,297,302,305,1.5e-58,221.1,0.983444,0.97377
DAKCFMEO_04991,WP_011105272.1,86.8,600,600,600,0.0e+00,1075.5,1,1
DAKCFMEO_04992,WP_011105273.1,47.1,858,838,873,1.0e-218,754.6,1.02387,0.982818
DAKCFMEO_04993,WP_005771787.1,97.6,580,580,580,0.0e+00,1088.2,1,1
DAKCFMEO_04994,WP_046463895.1,93.2,1129,1128,1129,0.0e+00,1964.1,1.00089,1
DAKCFMEO_04995,WP_011105279.1,86.8,491,491,487,9.1e-255,873.6,1,1.00821
DAKCFMEO_04997,WP_005769407.1,92.3,156,162,156,1.3e-77,283.5,0.962963,1
DAKCFMEO_04998,WP_011105280.1,86.5,1995,1993,1987,0.0e+00,3285.4,1.001,1.00403
DAKCFMEO_04999,WP_005621029.1,94.3,680,680,680,1.2e-249,857.1,1,1
DAKCFMEO_05000,WP_011105281.1,79.2,178,179,179,4.4e-82,298.5,0.994413,0.994413
DAKCFMEO_05001,WP_003377196.1,97.5,121,121,121,3.6e-64,238.4,1,1
DAKCFMEO_05002,WP_002551738.1,94.1,135,136,136,2.5e-69,255.8,0.992647,0.992647
DAKCFMEO_05003,WP_003377199.1,96.8,317,319,319,9.6e-181,627.1,0.99373,0.99373
DAKCFMEO_05004,WP_005736950.1,96.3,300,300,300,2.6e-159,555.8,1,1
DAKCFMEO_05005,WP_005769417.1,92.6,190,190,190,1.2e-101,363.6,1,1
DAKCFMEO_05006,WP_003377205.1,91.7,145,146,146,2.5e-75,275.8,0.993151,0.993151
DAKCFMEO_05007,WP_005736951.1,95.9,170,170,170,4.9e-91,328.2,1,1
DAKCFMEO_05008,WP_005736952.1,98.5,333,334,334,6.1e-186,644.4,0.997006,0.997006
DAKCFMEO_05009,WP_007247057.1,95.5,423,423,423,2.1e-228,785.8,1,1
DAKCFMEO_05010,WP_005769424.1,90.3,134,134,134,8.1e-73,267.3,1,1
DAKCFMEO_05011,WP_005769426.1,85.0,213,227,212,3.1e-101,362.5,0.938326,1.00472
DAKCFMEO_05012,WP_003377212.1,95.9,344,344,344,4.3e-187,648.3,1,1
DAKCFMEO_05013,WP_011105285.1,91.7,228,228,228,7.7e-116,411.0,1,1
DAKCFMEO_05014,WP_005769432.1,93.0,272,272,272,2.8e-136,479.2,1,1
DAKCFMEO_05015,WP_003377215.1,92.9,196,196,196,2.4e-89,322.8,1,1
DAKCFMEO_05016,WP_005621066.1,97.4,379,379,379,5.4e-223,767.7,1,1
DAKCFMEO_05017,WP_003377217.1,97.1,206,206,206,3.7e-125,441.8,1,1
DAKCFMEO_05019,WP_046463894.1,93.9,198,198,198,2.6e-104,372.5,1,1
DAKCFMEO_05020,WP_011105287.1,93.8,404,404,404,3.3e-226,778.5,1,1
DAKCFMEO_05021,WP_011105288.1,87.9,107,107,107,5.0e-49,188.0,1,1
DAKCFMEO_05022,WP_005763645.1,94.7,244,244,244,2.0e-138,486.1,1,1
DAKCFMEO_05023,WP_005613959.1,98.5,264,264,264,5.4e-145,508.1,1,1
DAKCFMEO_05024,WP_003379876.1,86.4,66,66,66,1.6e-26,112.5,1,1
DAKCFMEO_05025,WP_005613956.1,88.1,126,126,126,8.5e-56,210.7,1,1
DAKCFMEO_05026,WP_011103140.1,88.1,236,259,236,1.8e-124,439.9,0.911197,1
DAKCFMEO_05028,WP_003379873.1,98.6,284,284,284,2.3e-157,549.3,1,1
DAKCFMEO_05029,WP_005763640.1,91.6,344,344,344,7.4e-171,594.3,1,1
DAKCFMEO_05030,WP_005763638.1,98.7,223,223,223,3.2e-122,432.2,1,1
DAKCFMEO_05031,WP_005763636.1,83.8,513,507,513,4.7e-198,685.3,1.01183,1
DAKCFMEO_05032,WP_005763634.1,77.7,449,440,450,1.2e-200,693.7,1.02045,0.997778
DAKCFMEO_05033,WP_005763632.1,60.4,485,475,497,8.1e-160,558.1,1.02105,0.975855
DAKCFMEO_05034,WP_005763634.1,93.8,450,450,450,2.7e-245,842.0,1,1
DAKCFMEO_05035,WP_005763632.1,84.7,497,487,497,8.7e-234,803.9,1.02053,1
DAKCFMEO_05036,WP_005763630.1,92.8,194,194,194,3.6e-106,378.6,1,1
DAKCFMEO_05037,WP_161797805.1,86.2,340,348,344,3.2e-177,615.5,0.977011,0.988372
DAKCFMEO_05038,WP_011103137.1,81.8,285,285,285,8.4e-144,504.2,1,1
DAKCFMEO_05039,WP_005763620.1,81.3,219,220,220,1.8e-101,363.2,0.995455,0.995455
DAKCFMEO_05040,WP_005763618.1,81.5,475,475,475,1.1e-225,776.9,1,1
DAKCFMEO_05041,WP_005737440.1,98.1,159,159,159,7.6e-86,310.8,1,1
DAKCFMEO_05042,WP_005763614.1,98.8,83,84,83,6.3e-47,180.6,0.988095,1
DAKCFMEO_05043,WP_005763613.1,83.9,112,112,112,6.8e-49,187.6,1,1
DAKCFMEO_05044,WP_005763611.1,96.3,270,270,270,1.1e-150,526.9,1,1
DAKCFMEO_05045,WP_024667847.1,92.3,287,288,288,1.9e-151,529.6,0.996528,0.996528
DAKCFMEO_05047,WP_005763607.1,95.7,398,398,398,1.6e-225,776.2,1,1
DAKCFMEO_05050,WP_011105291.1,98.7,615,615,615,0.0e+00,1213.7,1,1
DAKCFMEO_05052,WP_005763647.1,93.5,352,352,352,8.1e-197,680.6,1,1
DAKCFMEO_05053,WP_007244533.1,91.1,169,170,170,9.3e-90,323.9,0.994118,0.994118
DAKCFMEO_05054,WP_005763651.1,86.9,459,459,459,3.0e-228,785.4,1,1
DAKCFMEO_05055,WP_011103141.1,88.5,461,462,462,2.3e-220,759.2,0.997835,0.997835
DAKCFMEO_05057,WP_003378855.1,97.9,422,422,422,2.1e-239,822.4,1,1
DAKCFMEO_05058,WP_044390490.1,76.0,246,244,264,2.0e-106,379.8,1.0082,0.931818
DAKCFMEO_05059,WP_003378857.1,98.6,73,73,75,8.4e-40,156.8,1,0.973333
DAKCFMEO_05060,WP_011105332.1,96.3,739,739,739,0.0e+00,1435.6,1,1
DAKCFMEO_05061,WP_011105333.1,96.2,578,578,578,0.0e+00,1092.4,1,1
DAKCFMEO_05062,WP_005621218.1,91.8,231,231,231,7.3e-106,377.9,1,1
DAKCFMEO_05063,WP_003378861.1,98.9,176,176,176,1.4e-93,336.7,1,1
DAKCFMEO_05064,WP_005765516.1,97.1,445,445,445,6.1e-242,830.9,1,1
DAKCFMEO_05065,WP_046463876.1,83.6,122,125,123,3.4e-57,215.3,0.976,0.99187
DAKCFMEO_05066,WP_011105335.1,53.4,539,559,563,3.4e-181,629.4,0.964222,0.957371
DAKCFMEO_05067,WP_005739559.1,96.1,285,285,285,1.6e-163,569.7,1,1
DAKCFMEO_05068,WP_011105335.1,86.0,563,561,563,4.7e-300,1024.2,1.00357,1
DAKCFMEO_05069,WP_011105336.1,94.1,203,204,204,1.0e-106,380.6,0.995098,0.995098
DAKCFMEO_05073,WP_005765531.1,78.7,141,157,148,9.0e-39,154.5,0.898089,0.952703
DAKCFMEO_05074,WP_003378882.1,88.0,92,92,92,9.6e-41,160.2,1,1
DAKCFMEO_05075,WP_003378884.1,97.3,256,256,256,1.5e-144,506.5,1,1
DAKCFMEO_05076,WP_011105338.1,86.5,207,207,207,7.8e-99,354.4,1,1
DAKCFMEO_05077,WP_007245582.1,93.5,539,539,539,1.4e-296,1012.7,1,1
DAKCFMEO_05078,WP_011105339.1,97.7,130,130,130,6.4e-75,274.2,1,1
DAKCFMEO_05079,WP_011105340.1,97.3,110,110,110,5.7e-56,211.1,1,1
DAKCFMEO_05080,WP_003378893.1,79.4,97,97,91,1.3e-32,133.3,1,1.06593
DAKCFMEO_05081,WP_005765539.1,79.9,154,151,153,2.4e-57,216.1,1.01987,1.00654
DAKCFMEO_05082,WP_005765541.1,95.9,266,266,266,5.2e-140,491.5,1,1
DAKCFMEO_05083,WP_011105341.1,91.1,235,235,235,1.2e-119,423.7,1,1
DAKCFMEO_05084,WP_011105342.1,87.5,638,638,638,1.8e-202,700.3,1,1
DAKCFMEO_05085,WP_011105343.1,62.6,546,647,647,1.3e-144,508.1,0.843895,0.843895
DAKCFMEO_05087,WP_007245578.1,94.4,859,860,859,0.0e+00,1644.8,0.998837,1
DAKCFMEO_05088,WP_011105344.1,94.5,641,638,641,0.0e+00,1076.2,1.0047,1
DAKCFMEO_05089,WP_005765550.1,89.0,145,145,145,5.0e-68,251.5,1,1
DAKCFMEO_05090,WP_005765551.1,90.1,323,323,323,8.8e-182,630.6,1,1
DAKCFMEO_05091,WP_005765552.1,96.2,816,816,816,0.0e+00,1583.5,1,1
DAKCFMEO_05092,WP_011105345.1,69.3,951,951,939,0.0e+00,1230.7,1,1.01278
DAKCFMEO_05093,WP_005765555.1,82.5,445,445,449,2.9e-215,742.3,1,0.991091
DAKCFMEO_05094,WP_003381390.1,97.6,336,336,336,3.0e-193,668.7,1,1
DAKCFMEO_05096,WP_002551616.1,96.4,84,84,84,1.8e-41,162.5,1,1
DAKCFMEO_05097,WP_011105347.1,88.5,192,192,192,3.5e-101,362.1,1,1
DAKCFMEO_05098,WP_005765484.1,97.2,354,355,354,7.6e-203,700.7,0.997183,1
DAKCFMEO_05100,WP_005621194.1,97.7,472,472,472,2.3e-279,955.3,1,1
DAKCFMEO_05101,WP_011105326.1,98.1,1481,1481,1481,0.0e+00,2817.0,1,1
DAKCFMEO_05102,WP_011105328.1,91.7,544,542,541,8.0e-228,784.3,1.00369,1.00555
DAKCFMEO_05103,WP_005765495.1,96.7,367,387,367,2.8e-206,712.2,0.94832,1
DAKCFMEO_05104,WP_007245596.1,95.1,163,163,172,3.9e-85,308.5,1,0.947674
DAKCFMEO_05105,WP_005765499.1,92.9,701,709,701,0.0e+00,1227.2,0.988717,1
DAKCFMEO_05106,WP_003378849.1,81.7,175,175,175,5.1e-83,301.6,1,1
DAKCFMEO_05107,WP_005765501.1,90.8,207,207,207,1.5e-105,376.7,1,1
DAKCFMEO_05108,WP_005765503.1,88.8,187,192,208,2.0e-88,319.7,0.973958,0.899038
DAKCFMEO_05109,WP_011105329.1,96.9,354,354,354,4.5e-187,648.3,1,1
DAKCFMEO_05110,WP_011105330.1,95.0,814,814,814,0.0e+00,1545.4,1,1
DAKCFMEO_05111,WP_003383161.1,94.0,151,151,151,8.8e-84,303.9,1,1
DAKCFMEO_05112,WP_005737390.1,92.1,604,606,606,0.0e+00,1123.6,0.9967,0.9967
DAKCFMEO_05113,WP_003380207.1,95.9,484,484,484,1.0e-271,929.9,1,1
DAKCFMEO_05114,WP_005763515.1,94.9,468,468,468,2.1e-269,922.2,1,1
DAKCFMEO_05115,WP_011103115.1,85.9,184,185,185,1.8e-83,303.1,0.994595,0.994595
DAKCFMEO_05116,WP_046463602.1,80.0,180,179,193,1.3e-78,287.0,1.00559,0.932642
DAKCFMEO_05117,WP_011103113.1,79.9,204,207,210,9.9e-94,337.4,0.985507,0.971429
DAKCFMEO_05118,WP_011103111.1,99.4,361,361,361,1.4e-199,689.9,1,1
DAKCFMEO_05119,WP_002555721.1,99.2,478,478,478,2.4e-276,945.3,1,1
DAKCFMEO_05120,WP_011103110.1,97.7,345,345,345,1.1e-198,686.8,1,1
DAKCFMEO_05121,WP_011103109.1,92.0,311,311,311,1.4e-163,570.1,1,1
DAKCFMEO_05122,WP_011103108.1,93.1,437,441,441,8.5e-236,810.4,0.99093,0.99093
DAKCFMEO_05124,WP_011103107.1,84.5,348,348,348,4.6e-168,585.1,1,1
DAKCFMEO_05126,WP_005768464.1,97.3,664,664,664,0.0e+00,1288.5,1,1
DAKCFMEO_05127,WP_010216200.1,94.3,317,317,317,4.0e-171,595.1,1,1
DAKCFMEO_05128,WP_005765567.1,91.5,330,332,332,5.0e-172,598.2,0.993976,0.993976
DAKCFMEO_05129,WP_005765569.1,85.4,268,265,268,1.1e-124,440.7,1.01132,1
DAKCFMEO_05130,WP_003381368.1,93.7,222,222,222,8.6e-112,397.5,1,1
DAKCFMEO_05131,WP_007245567.1,90.7,247,247,247,6.0e-122,431.4,1,1
DAKCFMEO_05132,WP_005765571.1,75.9,232,242,239,5.0e-105,375.2,0.958678,0.970711
DAKCFMEO_05133,WP_046463882.1,88.4,395,421,395,1.1e-200,693.7,0.938242,1
DAKCFMEO_05134,WP_011105351.1,91.3,401,401,401,2.3e-208,719.2,1,1
DAKCFMEO_05135,WP_011105352.1,95.1,450,453,452,1.5e-256,879.4,0.993377,0.995575
DAKCFMEO_05137,WP_011105353.1,96.6,262,262,262,2.2e-143,502.7,1,1
DAKCFMEO_05138,WP_005765582.1,89.0,374,376,376,1.5e-188,653.3,0.994681,0.994681
DAKCFMEO_05139,WP_005765584.1,93.5,214,214,214,3.6e-107,382.1,1,1
DAKCFMEO_05140,WP_011105355.1,88.9,207,208,207,1.2e-110,393.7,0.995192,1
DAKCFMEO_05141,WP_011105356.1,94.0,1034,1034,1033,0.0e+00,1878.2,1,1.00097
DAKCFMEO_05142,WP_011105357.1,85.1,356,356,356,1.2e-168,587.0,1,1
DAKCFMEO_05143,WP_005765592.1,83.6,372,372,372,6.4e-168,584.7,1,1
DAKCFMEO_05145,WP_005767187.1,46.4,69,70,104,1.9e-12,65.9,0.985714,0.663462
DAKCFMEO_05146,WP_011105359.1,94.1,339,339,339,1.1e-182,633.6,1,1
DAKCFMEO_05147,WP_005737007.1,97.9,288,288,288,6.0e-158,551.2,1,1
DAKCFMEO_05148,WP_011105360.1,94.4,288,288,286,3.8e-152,531.9,1,1.00699
DAKCFMEO_05149,WP_011105361.1,93.3,298,298,298,1.2e-164,573.5,1,1
DAKCFMEO_05150,WP_046463880.1,81.2,1028,1032,1032,0.0e+00,1546.2,0.996124,0.996124
DAKCFMEO_05151,WP_011105375.1,93.8,260,260,260,2.4e-137,482.6,1,1
DAKCFMEO_05152,WP_005765610.1,87.7,316,316,316,1.1e-157,550.4,1,1
DAKCFMEO_05153,WP_011105376.1,94.3,193,193,193,4.5e-109,388.3,1,1
DAKCFMEO_05154,WP_024656430.1,92.7,427,436,427,1.5e-229,789.6,0.979358,1
DAKCFMEO_05155,WP_007247332.1,77.6,330,330,330,3.4e-149,522.3,1,1
DAKCFMEO_05156,WP_011103093.1,67.5,234,234,234,1.7e-89,323.6,1,1
DAKCFMEO_05157,WP_011103092.1,86.1,173,174,174,6.6e-83,301.2,0.994253,0.994253
DAKCFMEO_05158,WP_003380252.1,97.9,326,326,326,2.5e-184,639.0,1,1
DAKCFMEO_05159,WP_003380253.1,96.9,290,290,290,5.3e-154,538.1,1,1
DAKCFMEO_05160,WP_005763424.1,96.3,273,273,273,4.7e-144,505.0,1,1
DAKCFMEO_05161,WP_011103091.1,94.7,338,336,338,1.2e-186,646.7,1.00595,1
DAKCFMEO_05162,WP_002551397.1,95.0,60,60,60,4.8e-25,107.5,1,1
DAKCFMEO_05163,WP_011103090.1,79.2,638,643,643,2.8e-296,1011.9,0.992224,0.992224
DAKCFMEO_05164,WP_044393593.1,95.2,394,394,394,1.2e-225,776.5,1,1
DAKCFMEO_05165,WP_005763415.1,91.6,332,328,332,1.7e-169,589.7,1.0122,1
DAKCFMEO_05166,WP_011105406.1,96.9,323,323,323,5.5e-192,664.5,1,1
DAKCFMEO_05167,WP_003382072.1,97.8,270,270,270,3.3e-158,552.0,1,1
DAKCFMEO_05169,WP_003382074.1,98.7,759,759,759,0.0e+00,1461.0,1,1
DAKCFMEO_05170,WP_002555745.1,100.0,159,159,159,1.8e-95,342.8,1,1
DAKCFMEO_05171,WP_011105407.1,91.2,217,218,218,3.9e-117,415.2,0.995413,0.995413
DAKCFMEO_05172,WP_011105408.1,81.7,142,142,142,1.4e-59,223.4,1,1
DAKCFMEO_05173,WP_010208255.1,96.0,504,504,504,2.5e-284,971.8,1,1
DAKCFMEO_05174,WP_007247432.1,97.8,223,223,223,3.9e-120,425.2,1,1
DAKCFMEO_05175,WP_005767052.1,80.8,302,302,301,4.7e-137,481.9,1,1.00332
DAKCFMEO_05176,WP_011105411.1,85.4,309,310,310,1.0e-155,543.9,0.996774,0.996774
DAKCFMEO_05177,WP_003382082.1,95.5,221,221,221,6.3e-123,434.5,1,1
DAKCFMEO_05178,WP_011105412.1,94.8,464,472,464,2.1e-264,905.6,0.983051,1
DAKCFMEO_05179,WP_003382085.1,95.8,409,409,409,1.8e-224,772.7,1,1
DAKCFMEO_05180,WP_002555947.1,100.0,162,162,162,8.3e-88,317.4,1,1
DAKCFMEO_05181,WP_011103056.1,83.9,218,218,218,1.5e-108,386.7,1,1
DAKCFMEO_05182,WP_011103055.1,94.0,434,434,434,6.6e-241,827.4,1,1
DAKCFMEO_05183,WP_010207549.1,86.7,309,309,309,1.9e-162,566.2,1,1
DAKCFMEO_05184,WP_010205950.1,89.5,210,214,210,2.0e-102,366.3,0.981308,1
DAKCFMEO_05186,WP_002555770.1,100.0,71,71,71,5.3e-31,127.5,1,1
DAKCFMEO_05187,WP_011105420.1,91.1,269,270,270,2.0e-139,489.6,0.996296,0.996296
DAKCFMEO_05188,WP_005767089.1,97.4,265,265,265,7.0e-145,507.7,1,1
DAKCFMEO_05189,WP_005767090.1,94.7,321,321,321,7.4e-173,600.9,1,1
DAKCFMEO_05192,WP_004397208.1,95.3,212,212,212,6.3e-120,424.5,1,1
DAKCFMEO_05193,WP_011105421.1,83.4,453,453,448,1.3e-218,753.4,1,1.01116
DAKCFMEO_05194,WP_011105422.1,92.0,325,325,325,1.6e-170,593.2,1,1
DAKCFMEO_05195,WP_005767098.1,87.0,261,261,261,3.8e-127,448.7,1,1
DAKCFMEO_05196,WP_011105423.1,91.6,261,276,285,9.6e-129,454.1,0.945652,0.915789
DAKCFMEO_05197,WP_011105424.1,89.1,137,137,146,9.2e-72,263.8,1,0.938356
DAKCFMEO_05198,WP_011105425.1,96.0,151,151,151,8.5e-87,313.9,1,1
DAKCFMEO_05199,WP_005621582.1,96.4,165,163,164,4.6e-86,311.6,1.01227,1.0061
DAKCFMEO_05200,WP_005621585.1,97.6,82,85,83,2.1e-42,165.6,0.964706,0.987952
DAKCFMEO_05201,WP_004397172.1,97.1,137,137,137,3.8e-70,258.5,1,1
DAKCFMEO_05202,WP_011105426.1,96.1,510,510,510,1.3e-285,976.1,1,1
DAKCFMEO_05203,WP_011105427.1,93.9,440,436,440,5.2e-153,535.4,1.00917,1
DAKCFMEO_05204,WP_005767110.1,96.2,445,443,445,2.6e-237,815.5,1.00451,1
DAKCFMEO_05205,WP_007246844.1,88.1,260,260,260,2.4e-129,456.1,1,1
DAKCFMEO_05206,WP_046463718.1,66.8,250,251,251,3.5e-101,362.5,0.996016,0.996016
DAKCFMEO_05207,WP_005767116.1,97.3,256,256,256,1.0e-140,493.8,1,1
DAKCFMEO_05208,WP_007246848.1,95.9,245,245,245,3.6e-135,475.3,1,1
DAKCFMEO_05209,WP_004397145.1,96.5,86,86,86,5.6e-43,167.5,1,1
DAKCFMEO_05210,WP_005767120.1,93.9,212,212,212,8.2e-120,424.1,1,1
DAKCFMEO_05211,WP_002551454.1,99.0,197,197,197,4.5e-112,398.3,1,1
DAKCFMEO_05212,WP_011105431.1,84.2,398,398,399,8.8e-200,690.6,1,0.997494
DAKCFMEO_05213,WP_011103512.1,37.6,327,337,336,9.2e-57,215.3,0.970326,0.973214
DAKCFMEO_05214,WP_011104172.1,39.0,292,305,305,3.3e-61,229.9,0.957377,0.957377
DAKCFMEO_05215,WP_011105432.1,97.1,553,553,553,0.0e+00,1080.9,1,1
DAKCFMEO_05217,WP_011105433.1,89.0,707,740,741,0.0e+00,1236.5,0.955405,0.954116
DAKCFMEO_05218,WP_005767127.1,94.1,355,355,355,3.8e-202,698.4,1,1
DAKCFMEO_05219,WP_002555777.1,95.6,90,90,90,3.0e-47,181.8,1,1
DAKCFMEO_05223,WP_011105437.1,91.4,93,93,92,5.9e-14,71.2,1,1.01087
DAKCFMEO_05224,WP_011105438.1,87.3,448,448,448,1.6e-221,763.1,1,1
DAKCFMEO_05225,WP_005737150.1,78.3,161,161,161,4.2e-68,251.9,1,1
DAKCFMEO_05226,WP_011105441.1,96.5,463,463,463,2.6e-243,835.5,1,1
DAKCFMEO_05227,WP_005737152.1,96.1,257,257,257,2.4e-137,482.6,1,1
DAKCFMEO_05228,WP_011105442.1,80.9,257,256,254,2.7e-117,416.0,1.00391,1.01181
DAKCFMEO_05229,WP_011105443.1,93.9,231,231,231,2.2e-118,419.5,1,1
DAKCFMEO_05230,WP_003383265.1,95.6,229,229,229,6.3e-118,417.9,1,1
DAKCFMEO_05231,WP_011105444.1,80.7,404,404,423,6.4e-198,684.5,1,0.955083
DAKCFMEO_05232,WP_005767187.1,73.1,108,108,104,4.3e-40,158.3,1,1.03846
DAKCFMEO_05233,WP_005767187.1,73.8,107,107,104,4.2e-40,158.3,1,1.02885
DAKCFMEO_05234,WP_011105445.1,72.5,338,337,337,1.3e-132,467.2,1.00297,1.00297
DAKCFMEO_05236,WP_080597953.1,98.6,72,73,118,2.3e-37,148.7,0.986301,0.610169
DAKCFMEO_05238,WP_011105460.1,48.2,245,241,245,4.0e-54,206.1,1.0166,1
DAKCFMEO_05239,WP_011105460.1,55.7,244,241,245,1.8e-62,233.8,1.01245,0.995918
DAKCFMEO_05240,WP_011105462.1,68.6,140,153,153,2.4e-52,199.5,0.915033,0.915033
DAKCFMEO_05241,WP_005769620.1,54.9,182,189,191,8.0e-58,218.0,0.962963,0.95288
DAKCFMEO_05242,WP_010209025.1,90.2,163,178,164,2.3e-83,302.8,0.91573,0.993902
DAKCFMEO_05243,WP_011105383.1,33.5,269,319,325,2.5e-27,117.5,0.84326,0.827692
DAKCFMEO_05246,WP_011105463.1,91.1,426,426,424,2.1e-223,769.2,1,1.00472
DAKCFMEO_05247,WP_057443202.1,79.4,68,68,68,2.1e-24,105.5,1,1
DAKCFMEO_05248,WP_011105465.1,93.5,367,368,368,1.6e-216,746.1,0.997283,0.997283
DAKCFMEO_05249,WP_011105466.1,87.5,970,970,970,0.0e+00,1734.9,1,1
DAKCFMEO_05250,WP_011105467.1,91.9,360,360,360,1.3e-202,699.9,1,1
DAKCFMEO_05251,WP_011103413.1,75.4,284,291,296,1.5e-127,450.3,0.975945,0.959459
DAKCFMEO_05252,WP_007246576.1,87.8,181,181,181,5.6e-93,334.7,1,1
DAKCFMEO_05253,WP_007246575.1,90.8,601,604,602,1.9e-299,1022.3,0.995033,0.998339
DAKCFMEO_05254,WP_007246574.1,94.1,461,461,461,1.7e-242,832.8,1,1
DAKCFMEO_05255,WP_011105468.1,79.5,161,161,158,2.6e-73,269.2,1,1.01899
DAKCFMEO_05256,WP_005769877.1,88.2,280,280,280,4.5e-142,498.4,1,1
DAKCFMEO_05257,WP_005769875.1,93.1,188,188,188,1.1e-94,340.5,1,1
DAKCFMEO_05258,WP_005769873.1,94.1,220,220,220,1.3e-120,426.8,1,1
DAKCFMEO_05259,WP_005769871.1,76.4,148,148,146,6.7e-60,224.6,1,1.0137
DAKCFMEO_05260,WP_005769869.1,94.9,293,293,293,9.2e-162,563.9,1,1
DAKCFMEO_05261,WP_005769867.1,88.8,278,278,278,2.7e-139,489.2,1,1
DAKCFMEO_05262,WP_011105470.1,94.1,778,778,778,0.0e+00,1523.5,1,1
DAKCFMEO_05264,WP_011105472.1,88.3,642,644,642,0.0e+00,1155.2,0.996894,1
DAKCFMEO_05265,WP_011105473.1,72.1,272,276,270,1.2e-107,384.0,0.985507,1.00741
DAKCFMEO_05266,WP_005768794.1,32.0,525,553,560,6.3e-71,263.1,0.949367,0.9375
DAKCFMEO_05275,WP_011103122.1,44.8,201,193,195,3.3e-43,169.5,1.04145,1.03077
DAKCFMEO_05276,WP_011105496.1,34.0,541,614,680,7.5e-81,296.2,0.881107,0.795588
DAKCFMEO_05281,WP_011104071.1,33.3,150,177,166,3.2e-16,79.7,0.847458,0.903614
DAKCFMEO_05282,WP_011105492.1,40.8,476,500,492,1.5e-103,371.3,0.952,0.96748
DAKCFMEO_05284,WP_046464013.1,32.7,621,610,595,2.7e-75,277.7,1.01803,1.0437
DAKCFMEO_05286,WP_011105486.1,46.1,895,864,882,1.8e-202,700.7,1.03588,1.01474
DAKCFMEO_05296,WP_011105501.1,83.8,142,142,142,1.2e-66,246.9,1,1
DAKCFMEO_05298,WP_011105504.1,80.9,493,493,493,3.8e-229,788.5,1,1
DAKCFMEO_05299,WP_005771635.1,83.3,228,229,229,5.2e-112,398.3,0.995633,0.995633
DAKCFMEO_05301,WP_011105506.1,86.4,332,336,335,2.8e-170,592.4,0.988095,0.991045
DAKCFMEO_05302,WP_011105507.1,87.7,243,244,245,3.6e-111,395.6,0.995902,0.991837
DAKCFMEO_05303,WP_007247460.1,88.4,258,258,258,2.6e-128,452.6,1,1
DAKCFMEO_05304,WP_005771640.1,89.8,315,315,315,3.1e-163,568.9,1,1
DAKCFMEO_05305,WP_011105509.1,77.4,1157,1152,1149,0.0e+00,1785.4,1.00434,1.00696
DAKCFMEO_05306,WP_011105510.1,77.8,158,159,158,2.5e-68,252.7,0.993711,1
qseqid,sseqid,pident,alen,qlen,slen,evalue,bits,cov_q,cov_s
