qseqid,sseqid,pident,alen,qlen,slen,evalue,bits,cov_q,cov_s
DAKCFMEO_00001,WP_046463925.1,91.8,536,536,536,2.5e-282,965.3,1,1
DAKCFMEO_00002,WP_005766623.1,95.9,245,262,245,5.9e-136,478.0,0.935115,1
DAKCFMEO_00002,WP_007244755.1,43.9,228,262,249,6.7e-47,182.2,0.870229,0.915663
DAKCFMEO_00002,WP_003380226.1,42.2,232,262,246,2.0e-43,170.6,0.885496,0.943089
DAKCFMEO_00002,WP_005764051.1,39.1,243,262,245,1.8e-39,157.5,0.927481,0.991837
DAKCFMEO_00002,WP_004396544.1,35.1,225,262,225,3.8e-34,139.8,0.858779,1
DAKCFMEO_00002,WP_005769238.1,31.8,242,262,254,5.5e-33,136.0,0.923664,0.952756
DAKCFMEO_00002,WP_002554192.1,36.0,222,262,229,2.7e-32,133.7,0.847328,0.969432
DAKCFMEO_00002,WP_003382360.1,35.0,223,262,224,8.0e-32,132.1,0.851145,0.995536
DAKCFMEO_00002,WP_005764042.1,34.1,229,262,225,8.0e-32,132.1,0.874046,1.01778
DAKCFMEO_00002,WP_011103914.1,30.4,230,262,230,6.7e-31,129.0,0.877863,1
DAKCFMEO_00002,WP_003383141.1,32.7,226,262,229,4.4e-30,126.3,0.862595,0.9869
DAKCFMEO_00002,WP_005739198.1,36.2,224,262,223,2.2e-29,124.0,0.854962,1.00448
DAKCFMEO_00002,WP_003381155.1,36.6,224,262,227,1.8e-28,120.9,0.854962,0.986784
DAKCFMEO_00002,WP_011103755.1,33.0,224,262,220,2.0e-27,117.5,0.854962,1.01818
DAKCFMEO_00002,WP_002555020.1,33.5,224,262,227,5.9e-27,115.9,0.854962,0.986784
DAKCFMEO_00002,WP_003381559.1,33.3,225,262,225,4.2e-25,109.8,0.858779,1
DAKCFMEO_00002,WP_007246025.1,34.5,229,262,222,5.5e-25,109.4,0.874046,1.03153
DAKCFMEO_00002,WP_011104866.1,31.8,176,262,222,3.1e-20,93.6,0.671756,0.792793
DAKCFMEO_00003,WP_005766620.1,97.8,970,970,970,0.0e+00,1888.6,1,1
DAKCFMEO_00006,WP_005766612.1,93.7,415,415,415,1.5e-213,736.5,1,1
DAKCFMEO_00012,WP_011103651.1,74.1,170,184,191,1.1e-77,283.9,0.923913,0.890052
DAKCFMEO_00012,WP_024668283.1,50.0,158,184,181,3.1e-38,152.9,0.858696,0.872928
DAKCFMEO_00014,WP_011105495.1,38.7,168,161,172,1.1e-23,104.4,1.04348,0.976744
DAKCFMEO_00018,WP_011103647.1,86.3,445,521,521,2.8e-153,536.6,0.854127,0.854127
DAKCFMEO_00018,WP_011103804.1,55.6,446,521,521,5.7e-74,273.1,0.856046,0.856046
DAKCFMEO_00020,WP_005767592.1,63.8,199,196,199,2.7e-61,229.6,1.01531,1
DAKCFMEO_00021,WP_011103634.1,88.1,302,304,302,1.3e-147,516.9,0.993421,1
DAKCFMEO_00021,WP_011104938.1,40.8,284,304,307,5.0e-54,206.1,0.934211,0.925081
DAKCFMEO_00021,WP_007245106.1,34.6,283,304,301,1.2e-42,168.3,0.930921,0.940199
DAKCFMEO_00021,WP_003377838.1,33.4,296,304,298,4.4e-42,166.4,0.973684,0.993289
DAKCFMEO_00021,WP_011104037.1,34.3,303,304,302,7.5e-42,165.6,0.996711,1.00331
DAKCFMEO_00021,WP_011104172.1,33.0,288,304,305,7.5e-42,165.6,0.947368,0.944262
DAKCFMEO_00021,WP_005615366.1,33.6,295,304,315,2.9e-41,163.7,0.970395,0.936508
DAKCFMEO_00021,WP_011104428.1,34.8,279,304,304,1.1e-40,161.8,0.917763,0.917763
DAKCFMEO_00021,WP_005617775.1,31.1,293,304,301,6.8e-35,142.5,0.963816,0.973422
DAKCFMEO_00021,WP_007246000.1,32.2,264,304,301,4.4e-34,139.8,0.868421,0.877076
DAKCFMEO_00021,WP_011103267.1,32.6,273,304,307,7.6e-34,139.0,0.898026,0.889251
DAKCFMEO_00021,WP_011104375.1,34.7,259,304,307,2.9e-33,137.1,0.851974,0.843648
DAKCFMEO_00021,WP_011104418.1,30.0,297,304,303,3.2e-32,133.7,0.976974,0.980198
DAKCFMEO_00021,WP_005766247.1,32.3,285,304,319,1.2e-31,131.7,0.9375,0.893417
DAKCFMEO_00021,WP_011103885.1,32.0,197,304,290,2.9e-17,84.0,0.648026,0.67931
DAKCFMEO_00022,WP_011103633.1,88.2,397,404,405,2.2e-182,632.9,0.982673,0.980247
DAKCFMEO_00022,WP_011104143.1,54.4,375,404,384,4.0e-99,356.3,0.928218,0.976562
DAKCFMEO_00022,WP_011104979.1,34.9,361,404,388,1.1e-43,172.2,0.893564,0.930412
DAKCFMEO_00022,WP_005771500.1,30.9,376,404,407,9.4e-40,159.1,0.930693,0.923833
DAKCFMEO_00023,WP_011103632.1,71.3,352,372,358,7.1e-151,528.1,0.946237,0.98324
DAKCFMEO_00024,WP_011103631.1,55.4,296,296,290,2.3e-83,303.5,1,1.02069
DAKCFMEO_00025,WP_046463930.1,63.0,238,239,239,3.0e-78,286.2,0.995816,0.995816
DAKCFMEO_00026,WP_161797814.1,71.1,76,79,92,3.7e-25,108.2,0.962025,0.826087
DAKCFMEO_00028,WP_005767577.1,88.8,437,438,438,7.9e-218,750.7,0.997717,0.997717
DAKCFMEO_00028,WP_057443137.1,49.6,389,438,429,2.0e-104,374.0,0.888128,0.90676
DAKCFMEO_00028,WP_011104204.1,31.3,406,438,438,9.8e-43,169.1,0.926941,0.926941
DAKCFMEO_00028,WP_011104732.1,30.1,379,438,445,4.9e-42,166.8,0.865297,0.851685
DAKCFMEO_00028,WP_007246194.1,31.4,404,438,433,1.7e-39,158.3,0.922374,0.933025
DAKCFMEO_00028,WP_011106976.1,31.2,394,438,448,4.0e-36,147.1,0.899543,0.879464
DAKCFMEO_00028,WP_011103567.1,31.5,375,438,438,1.2e-35,145.6,0.856164,0.856164
DAKCFMEO_00029,WP_011103628.1,90.3,724,723,724,0.0e+00,1312.4,1.00138,1
DAKCFMEO_00030,WP_005767572.1,69.3,101,102,102,2.5e-34,139.0,0.990196,0.990196
DAKCFMEO_00030,WP_005767449.1,35.3,102,102,102,2.1e-12,66.2,1,1
DAKCFMEO_00031,WP_011103627.1,85.8,387,394,387,4.9e-203,701.4,0.982234,1
DAKCFMEO_00032,WP_011103626.1,75.4,69,106,106,5.2e-22,98.2,0.650943,0.650943
DAKCFMEO_00033,WP_005767567.1,81.6,396,403,403,5.3e-184,638.3,0.98263,0.98263
DAKCFMEO_00033,WP_005767564.1,33.8,260,403,391,2.5e-32,134.4,0.645161,0.664962
DAKCFMEO_00033,WP_011105223.1,33.5,245,403,376,1.5e-29,125.2,0.60794,0.651596
DAKCFMEO_00034,WP_005767564.1,80.5,389,391,391,5.8e-180,624.8,0.994885,0.994885
DAKCFMEO_00034,WP_011105223.1,32.2,239,391,376,3.7e-33,137.1,0.611253,0.635638
DAKCFMEO_00034,WP_005767567.1,35.0,260,391,403,7.0e-32,132.9,0.664962,0.645161
DAKCFMEO_00035,WP_011103625.1,82.3,271,273,273,2.1e-136,479.6,0.992674,0.992674
DAKCFMEO_00036,WP_005616222.1,85.5,145,147,145,3.0e-68,252.3,0.986395,1
DAKCFMEO_00037,WP_011103623.1,65.1,166,166,166,3.6e-54,205.7,1,1
DAKCFMEO_00038,WP_011105108.1,36.2,174,175,189,1.0e-19,91.3,0.994286,0.920635
DAKCFMEO_00039,WP_011103622.1,79.5,337,337,337,3.7e-159,555.4,1,1
DAKCFMEO_00039,WP_010218951.1,47.0,334,337,322,1.7e-90,327.4,0.991098,1.03727
DAKCFMEO_00040,WP_024667376.1,77.9,136,136,136,6.1e-60,224.6,1,1
DAKCFMEO_00041,WP_007245711.1,89.9,179,179,179,3.5e-95,342.0,1,1
DAKCFMEO_00041,WP_005768180.1,36.6,161,179,168,1.1e-24,107.8,0.899441,0.958333
DAKCFMEO_00042,WP_005767549.1,93.2,322,329,323,2.6e-157,549.3,0.978723,0.996904
DAKCFMEO_00044,WP_003382533.1,92.1,126,126,126,9.0e-66,243.8,1,1
DAKCFMEO_00045,WP_005767545.1,88.7,133,137,134,5.2e-67,248.1,0.970803,0.992537
DAKCFMEO_00047,WP_005740539.1,97.1,278,278,278,1.7e-157,549.7,1,1
DAKCFMEO_00048,WP_003425462.1,98.3,59,59,59,2.5e-26,111.7,1,1
DAKCFMEO_00049,WP_005767540.1,87.0,169,170,171,8.7e-80,290.8,0.994118,0.988304
DAKCFMEO_00051,WP_003382526.1,88.4,242,242,242,3.2e-128,452.2,1,1
DAKCFMEO_00052,WP_011103617.1,90.9,285,290,287,2.2e-147,516.2,0.982759,0.993031
DAKCFMEO_00053,WP_005767535.1,48.0,125,124,100,7.1e-23,101.3,1.00806,1.25
DAKCFMEO_00054,WP_005616197.1,95.3,445,445,445,8.8e-233,800.4,1,1
DAKCFMEO_00054,WP_011105110.1,38.9,370,445,442,3.6e-69,256.9,0.831461,0.837104
DAKCFMEO_00054,WP_005762956.1,36.6,382,445,459,1.3e-58,221.9,0.858427,0.832244
DAKCFMEO_00054,WP_046463295.1,38.0,368,445,486,3.8e-58,220.3,0.826966,0.757202
DAKCFMEO_00054,WP_003373273.1,37.4,366,445,562,1.8e-52,201.4,0.822472,0.651246
DAKCFMEO_00058,WP_007245058.1,31.2,272,269,270,6.7e-18,85.9,1.01115,1.00741
DAKCFMEO_00058,WP_007245137.1,31.8,201,269,246,4.8e-16,79.7,0.747212,0.817073
DAKCFMEO_00058,WP_011103737.1,31.1,238,269,262,5.9e-14,72.8,0.884758,0.908397
DAKCFMEO_00058,WP_007245738.1,31.0,184,269,252,1.1e-12,68.6,0.684015,0.730159
DAKCFMEO_00060,WP_011103755.1,68.2,217,220,220,9.8e-84,304.3,0.986364,0.986364
DAKCFMEO_00060,WP_007246025.1,47.2,216,220,222,8.4e-51,194.9,0.981818,0.972973
DAKCFMEO_00060,WP_005739198.1,47.1,221,220,223,9.3e-50,191.4,1.00455,0.991031
DAKCFMEO_00060,WP_003381559.1,39.9,223,220,225,2.2e-43,170.2,1.01364,0.991111
DAKCFMEO_00060,WP_002554192.1,40.4,223,220,229,1.1e-42,167.9,1.01364,0.973799
DAKCFMEO_00060,WP_003382360.1,41.8,225,220,224,1.1e-42,167.9,1.02273,1.00446
DAKCFMEO_00060,WP_005764042.1,41.5,224,220,225,2.3e-40,160.2,1.01818,0.995556
DAKCFMEO_00060,WP_002555020.1,39.5,223,220,227,1.1e-39,157.9,1.01364,0.982379
DAKCFMEO_00060,WP_003381155.1,36.8,223,220,227,4.8e-38,152.5,1.01364,0.982379
DAKCFMEO_00060,WP_003383141.1,35.7,224,220,229,1.2e-33,137.9,1.01818,0.978166
DAKCFMEO_00060,WP_007244755.1,36.8,228,220,249,8.7e-32,131.7,1.03636,0.915663
DAKCFMEO_00060,WP_004396544.1,41.2,199,220,225,2.5e-31,130.2,0.904545,0.884444
DAKCFMEO_00060,WP_011104125.1,34.1,223,220,233,4.3e-31,129.4,1.01364,0.957082
DAKCFMEO_00060,WP_011103914.1,34.7,219,220,230,5.7e-31,129.0,0.995455,0.952174
DAKCFMEO_00060,WP_005770857.1,32.9,219,220,224,4.8e-30,125.9,0.995455,0.977679
DAKCFMEO_00060,WP_003380226.1,33.2,226,220,246,6.9e-29,122.1,1.02727,0.918699
DAKCFMEO_00060,WP_005766623.1,35.4,226,220,245,1.2e-28,121.3,1.02727,0.922449
DAKCFMEO_00060,WP_159229484.1,33.3,198,220,207,8.5e-27,115.2,0.9,0.956522
DAKCFMEO_00060,WP_005769238.1,33.6,235,220,254,5.5e-26,112.5,1.06818,0.925197
DAKCFMEO_00060,WP_005764051.1,33.8,228,220,245,4.6e-25,109.4,1.03636,0.930612
DAKCFMEO_00060,WP_011104866.1,31.7,161,220,222,1.3e-14,74.7,0.731818,0.725225
DAKCFMEO_00061,WP_011103754.1,50.9,456,455,457,2.1e-120,427.2,1.0022,0.997812
DAKCFMEO_00061,WP_011104518.1,30.2,278,455,439,1.7e-13,72.0,0.610989,0.633257
DAKCFMEO_00062,WP_005764980.1,90.1,283,292,292,3.9e-144,505.4,0.969178,0.969178
DAKCFMEO_00063,WP_046463932.1,62.4,117,162,117,5.8e-41,161.8,0.722222,1
DAKCFMEO_00064,WP_011103611.1,87.5,321,321,342,9.7e-165,573.9,1,0.938596
DAKCFMEO_00065,WP_011103610.1,81.8,396,399,402,2.2e-174,606.3,0.992481,0.985075
DAKCFMEO_00066,WP_011103609.1,87.9,297,297,297,2.9e-155,542.3,1,1
DAKCFMEO_00066,WP_011104242.1,39.8,294,297,304,2.9e-62,233.4,0.989899,0.967105
DAKCFMEO_00066,WP_003377838.1,33.3,294,297,298,1.2e-44,174.9,0.989899,0.986577
DAKCFMEO_00066,WP_007245106.1,31.1,289,297,301,7.9e-36,145.6,0.973064,0.960133
DAKCFMEO_00066,WP_007246000.1,30.0,267,297,301,5.8e-31,129.4,0.89899,0.887043
DAKCFMEO_00066,WP_005764422.1,30.3,294,297,291,1.2e-23,105.1,0.989899,1.01031
DAKCFMEO_00067,WP_044393500.1,83.2,370,371,371,1.3e-176,613.6,0.997305,0.997305
DAKCFMEO_00067,WP_011103608.1,69.1,369,371,370,5.8e-145,508.4,0.994609,0.997297
DAKCFMEO_00068,WP_011103605.1,90.4,416,419,436,3.7e-217,748.4,0.99284,0.954128
DAKCFMEO_00070,WP_005767805.1,76.5,102,102,107,1.6e-41,162.9,1,0.953271
DAKCFMEO_00071,WP_011105180.1,76.5,179,186,187,4.4e-77,282.0,0.962366,0.957219
DAKCFMEO_00074,WP_011104860.1,80.1,191,190,191,1.9e-91,329.7,1.00526,1
DAKCFMEO_00074,WP_003319037.1,31.5,149,190,200,1.6e-18,87.4,0.784211,0.745
DAKCFMEO_00075,WP_005619926.1,94.3,244,244,244,2.8e-132,465.7,1,1
DAKCFMEO_00075,WP_005770626.1,35.1,251,244,247,2.5e-27,117.1,1.02869,1.01619
DAKCFMEO_00075,WP_005770966.1,34.1,249,244,254,3.6e-26,113.2,1.02049,0.980315
DAKCFMEO_00075,WP_161633151.1,36.3,245,244,254,8.8e-25,108.6,1.0041,0.964567
DAKCFMEO_00075,WP_005771315.1,33.2,247,244,249,1.4e-22,101.3,1.0123,0.991968
DAKCFMEO_00075,WP_011103477.1,34.8,198,244,272,5.3e-22,99.4,0.811475,0.727941
DAKCFMEO_00075,WP_011104354.1,31.6,250,244,243,7.7e-21,95.5,1.02459,1.02881
DAKCFMEO_00075,WP_005765466.1,31.0,245,244,242,1.1e-19,91.7,1.0041,1.0124
DAKCFMEO_00075,WP_005762514.1,30.2,252,244,248,4.2e-19,89.7,1.03279,1.01613
DAKCFMEO_00075,WP_011104271.1,32.1,246,244,250,1.1e-16,81.6,1.0082,0.984
DAKCFMEO_00075,WP_007245058.1,30.0,190,244,270,4.8e-15,76.3,0.778689,0.703704
DAKCFMEO_00076,WP_007246309.1,38.5,179,199,202,1.9e-33,137.1,0.899497,0.886139
DAKCFMEO_00076,WP_011105458.1,31.4,204,199,209,1.7e-18,87.4,1.02513,0.976077
DAKCFMEO_00077,WP_005764975.1,76.0,104,104,104,4.0e-43,168.3,1,1
DAKCFMEO_00079,WP_005764971.1,88.5,262,262,262,4.7e-141,495.0,1,1
DAKCFMEO_00079,WP_007246008.1,32.0,259,262,282,1.0e-26,115.2,0.98855,0.91844
DAKCFMEO_00080,WP_005764969.1,92.5,187,187,187,1.2e-95,343.6,1,1
DAKCFMEO_00080,WP_005740060.1,50.0,164,187,167,3.7e-39,156.0,0.877005,0.982036
DAKCFMEO_00081,WP_007247023.1,94.3,610,610,610,0.0e+00,1131.7,1,1
DAKCFMEO_00081,WP_011104366.1,48.4,609,610,619,1.6e-160,560.8,0.998361,0.983845
DAKCFMEO_00081,WP_010213170.1,30.3,531,610,600,2.9e-53,204.5,0.870492,0.885
DAKCFMEO_00081,WP_005766911.1,31.2,497,610,589,1.2e-51,199.1,0.814754,0.843803
DAKCFMEO_00082,WP_007247022.1,92.5,374,374,375,9.1e-207,713.8,1,0.997333
DAKCFMEO_00083,WP_011104870.1,92.2,373,373,373,7.0e-199,687.6,1,1
DAKCFMEO_00084,WP_011104871.1,93.9,1302,1303,1303,0.0e+00,2410.9,0.999233,0.999233
DAKCFMEO_00085,WP_011104873.1,91.1,563,563,563,7.8e-311,1060.1,1,1
DAKCFMEO_00085,WP_011104874.1,59.6,562,563,562,6.4e-196,678.3,0.998224,1
DAKCFMEO_00086,WP_011104874.1,84.9,562,562,562,4.2e-288,984.6,1,1
DAKCFMEO_00086,WP_011104873.1,60.7,562,562,563,8.1e-199,688.0,1,0.998224
DAKCFMEO_00088,WP_005740134.1,96.2,156,156,156,1.5e-81,296.6,1,1
DAKCFMEO_00089,WP_005740131.1,94.2,52,52,51,4.0e-20,90.9,1,1.01961
DAKCFMEO_00090,WP_011104877.1,81.9,116,111,116,1.1e-35,143.7,1.04505,1
DAKCFMEO_00091,WP_005764946.1,97.0,948,948,948,0.0e+00,1825.8,1,1
DAKCFMEO_00092,WP_005764944.1,90.3,452,456,469,2.2e-234,805.8,0.991228,0.963753
DAKCFMEO_00092,WP_044393502.1,89.9,456,456,459,8.2e-234,803.9,1,0.993464
DAKCFMEO_00093,WP_046463431.1,86.5,764,771,763,0.0e+00,1286.9,0.990921,1.00131
DAKCFMEO_00093,WP_011104176.1,35.1,695,771,703,2.8e-109,391.0,0.901427,0.98862
DAKCFMEO_00093,WP_005762944.1,34.8,463,771,712,1.3e-77,285.8,0.600519,0.650281
DAKCFMEO_00094,WP_005764940.1,85.0,100,101,101,1.7e-43,169.5,0.990099,0.990099
DAKCFMEO_00095,WP_005764936.1,96.3,374,374,374,5.4e-207,714.5,1,1
DAKCFMEO_00095,WP_005736842.1,43.1,357,374,380,5.0e-80,292.7,0.954545,0.939474
DAKCFMEO_00096,WP_003381481.1,97.7,307,307,307,3.8e-150,525.4,1,1
DAKCFMEO_00096,WP_002551844.1,51.5,301,307,304,4.6e-79,289.3,0.980456,0.990132
DAKCFMEO_00097,WP_005764931.1,91.2,421,421,421,7.6e-210,724.2,1,1
DAKCFMEO_00097,WP_005763054.1,54.1,414,421,437,2.9e-108,386.7,0.983373,0.947368
DAKCFMEO_00097,WP_007246481.1,30.2,341,421,355,7.0e-22,99.8,0.809976,0.960563
DAKCFMEO_00098,WP_003381484.1,94.9,255,255,255,2.1e-138,486.1,1,1
DAKCFMEO_00098,WP_003376366.1,50.9,279,255,291,7.4e-75,275.0,1.09412,0.958763
DAKCFMEO_00098,WP_011104320.1,37.8,249,255,264,2.6e-51,196.8,0.976471,0.943182
DAKCFMEO_00098,WP_005770308.1,35.6,253,255,245,1.9e-38,154.1,0.992157,1.03265
DAKCFMEO_00098,WP_011104862.1,34.1,255,255,253,3.4e-35,143.3,1,1.00791
DAKCFMEO_00098,WP_003376420.1,34.3,251,255,286,2.8e-34,140.2,0.984314,0.877622
DAKCFMEO_00098,WP_005764926.1,32.1,249,255,233,1.5e-30,127.9,0.976471,1.06867
DAKCFMEO_00099,WP_005764926.1,97.4,233,233,233,3.2e-125,442.2,1,1
DAKCFMEO_00099,WP_011105230.1,57.9,233,233,238,7.7e-71,261.5,1,0.978992
DAKCFMEO_00099,WP_011104317.1,45.6,241,233,258,1.5e-50,194.1,1.03433,0.934109
DAKCFMEO_00099,WP_005763108.1,40.3,221,233,232,9.8e-42,164.9,0.948498,0.952586
DAKCFMEO_00099,WP_011103991.1,38.0,213,233,229,4.7e-36,146.0,0.914163,0.930131
DAKCFMEO_00099,WP_005767488.1,38.1,215,233,229,2.0e-34,140.6,0.922747,0.938865
DAKCFMEO_00099,WP_003381484.1,30.9,249,233,255,6.2e-28,119.0,1.06867,0.976471
DAKCFMEO_00099,WP_011104862.1,31.3,243,233,253,1.8e-27,117.5,1.04292,0.960474
DAKCFMEO_00099,WP_005768429.1,30.7,228,233,244,8.9e-27,115.2,0.978541,0.934426
DAKCFMEO_00099,WP_011104895.1,30.0,230,233,244,3.4e-26,113.2,0.987124,0.942623
DAKCFMEO_00099,WP_005770464.1,30.5,226,233,329,1.7e-25,110.9,0.969957,0.68693
DAKCFMEO_00099,WP_011104057.1,31.9,229,233,342,4.9e-25,109.4,0.982833,0.669591
DAKCFMEO_00099,WP_011104320.1,30.1,249,233,264,1.1e-24,108.2,1.06867,0.943182
DAKCFMEO_00100,WP_007245106.1,34.7,300,303,301,6.6e-46,179.1,0.990099,0.996678
DAKCFMEO_00100,WP_003377838.1,35.5,287,303,298,1.6e-44,174.5,0.947195,0.963087
DAKCFMEO_00100,WP_011104938.1,33.1,290,303,307,1.4e-43,171.4,0.957096,0.944625
DAKCFMEO_00100,WP_005771227.1,31.6,294,303,294,1.0e-38,155.2,0.970297,1
DAKCFMEO_00100,WP_011104375.1,32.8,287,303,307,1.2e-36,148.3,0.947195,0.934853
DAKCFMEO_00100,WP_011104172.1,33.0,291,303,305,2.8e-36,147.1,0.960396,0.954098
DAKCFMEO_00100,WP_005617775.1,32.6,273,303,301,5.8e-34,139.4,0.90099,0.906977
DAKCFMEO_00102,WP_003381486.1,88.1,226,226,226,5.3e-117,414.8,1,1
DAKCFMEO_00103,WP_005764923.1,95.3,537,537,537,1.5e-298,1019.2,1,1
DAKCFMEO_00104,WP_011105348.1,52.4,374,390,391,8.0e-97,348.6,0.958974,0.956522
DAKCFMEO_00104,WP_011105042.1,54.2,378,390,392,1.2e-95,344.7,0.969231,0.964286
DAKCFMEO_00105,WP_003381490.1,81.8,154,154,154,3.0e-39,156.0,1,1
DAKCFMEO_00106,WP_005764922.1,90.7,215,215,215,5.0e-117,414.8,1,1
DAKCFMEO_00108,WP_005764919.1,91.9,382,382,382,2.8e-211,728.8,1,1
DAKCFMEO_00109,WP_005764917.1,98.5,714,714,714,0.0e+00,1419.1,1,1
DAKCFMEO_00110,WP_005619982.1,91.6,154,154,154,4.5e-75,275.0,1,1
DAKCFMEO_00111,WP_005764915.1,90.7,312,317,319,3.6e-172,598.6,0.984227,0.978056
DAKCFMEO_00112,WP_005619985.1,93.6,343,340,343,3.1e-193,668.7,1.00882,1
DAKCFMEO_00113,WP_003381499.1,85.4,199,252,252,9.2e-78,284.6,0.789683,0.789683
DAKCFMEO_00114,WP_005764909.1,85.7,91,113,91,1.3e-42,166.8,0.80531,1
DAKCFMEO_00115,WP_003381502.1,92.7,165,165,165,1.1e-87,317.0,1,1
DAKCFMEO_00120,WP_011103475.1,59.4,207,212,209,5.1e-61,228.8,0.976415,0.990431
DAKCFMEO_00120,WP_007247202.1,34.3,207,212,210,8.4e-24,105.1,0.976415,0.985714
DAKCFMEO_00123,WP_005764906.1,96.2,156,157,157,5.0e-90,324.7,0.993631,0.993631
DAKCFMEO_00124,WP_011104883.1,91.5,812,812,811,0.0e+00,1470.3,1,1.00123
DAKCFMEO_00124,WP_011103628.1,30.5,718,812,724,4.0e-66,247.7,0.884236,0.991713
DAKCFMEO_00125,WP_005764901.1,68.8,170,200,183,2.8e-53,203.0,0.85,0.928962
DAKCFMEO_00126,WP_005764898.1,74.2,163,163,164,2.7e-70,259.2,1,0.993902
DAKCFMEO_00127,WP_005764896.1,83.5,109,109,109,6.4e-52,197.6,1,1
DAKCFMEO_00128,WP_005764890.1,62.7,75,83,83,1.4e-22,99.8,0.903614,0.903614
DAKCFMEO_00129,WP_003381514.1,91.3,218,218,217,1.8e-114,406.4,1,1.00461
DAKCFMEO_00129,WP_005768035.1,53.8,199,218,203,2.0e-52,200.3,0.912844,0.980296
DAKCFMEO_00129,WP_011104545.1,34.6,191,218,243,1.9e-26,114.0,0.876147,0.786008
DAKCFMEO_00129,WP_011104827.1,36.8,228,218,234,7.8e-25,108.6,1.04587,0.974359
DAKCFMEO_00130,WP_046463430.1,89.4,66,66,66,1.5e-19,89.4,1,1
DAKCFMEO_00131,WP_005769036.1,40.5,210,214,280,1.4e-42,167.5,0.981308,0.75
DAKCFMEO_00131,WP_005766893.1,30.6,193,214,200,5.3e-18,85.9,0.901869,0.965
DAKCFMEO_00132,WP_011104884.1,91.9,824,824,824,0.0e+00,1535.4,1,1
DAKCFMEO_00133,WP_011104885.1,94.0,348,347,348,1.6e-197,682.9,1.00288,1
DAKCFMEO_00134,WP_007246640.1,90.9,571,567,571,9.6e-309,1053.1,1.00705,1
DAKCFMEO_00135,WP_003381525.1,96.9,260,260,260,5.9e-144,504.6,1,1
DAKCFMEO_00135,WP_005767735.1,41.3,259,260,258,1.6e-53,204.1,0.996154,1.00388
DAKCFMEO_00135,WP_011105442.1,33.3,255,260,254,7.6e-35,142.1,0.980769,1.00394
DAKCFMEO_00135,WP_005765569.1,33.5,254,260,268,2.0e-27,117.5,0.976923,0.947761
DAKCFMEO_00136,WP_046463429.1,94.2,242,242,242,6.3e-124,438.0,1,1
DAKCFMEO_00136,WP_005740602.1,46.9,226,242,229,6.8e-54,205.3,0.933884,0.9869
DAKCFMEO_00136,WP_011105443.1,41.6,221,242,231,7.8e-42,165.2,0.913223,0.95671
DAKCFMEO_00136,WP_005768815.1,34.8,233,242,277,5.1e-25,109.4,0.96281,0.841155
DAKCFMEO_00136,WP_011104188.1,33.2,211,242,220,2.5e-24,107.1,0.871901,0.959091
DAKCFMEO_00136,WP_003381368.1,35.3,201,242,222,6.2e-23,102.4,0.830579,0.905405
DAKCFMEO_00136,WP_011104187.1,31.6,212,242,220,8.1e-23,102.1,0.876033,0.963636
DAKCFMEO_00136,WP_011104330.1,32.2,227,242,324,4.0e-22,99.8,0.938017,0.700617
DAKCFMEO_00136,WP_011104270.1,31.1,209,242,233,3.4e-21,96.7,0.863636,0.896996
DAKCFMEO_00136,WP_011103715.1,30.5,213,242,232,1.7e-20,94.4,0.880165,0.918103
DAKCFMEO_00136,WP_003383265.1,30.7,199,242,229,1.1e-19,91.7,0.822314,0.868996
DAKCFMEO_00136,WP_007246619.1,30.7,218,242,221,2.5e-19,90.5,0.900826,0.986425
DAKCFMEO_00136,WP_005764880.1,30.7,215,242,236,9.3e-19,88.6,0.88843,0.911017
DAKCFMEO_00136,WP_011104377.1,30.0,213,242,219,2.5e-16,80.5,0.880165,0.972603
DAKCFMEO_00137,WP_005764880.1,97.9,236,236,236,2.3e-131,462.6,1,1
DAKCFMEO_00137,WP_011103715.1,47.4,213,236,232,1.0e-49,191.4,0.902542,0.918103
DAKCFMEO_00137,WP_003383265.1,41.5,205,236,229,1.5e-37,151.0,0.868644,0.895197
DAKCFMEO_00137,WP_003381368.1,30.1,206,236,222,1.3e-20,94.7,0.872881,0.927928
DAKCFMEO_00137,WP_046463429.1,31.4,210,236,242,2.8e-20,93.6,0.889831,0.867769
DAKCFMEO_00138,WP_005764877.1,90.6,372,372,372,8.5e-197,680.6,1,1
DAKCFMEO_00138,WP_005767739.1,41.7,372,372,370,5.9e-73,269.2,1,1.00541
DAKCFMEO_00139,WP_007246637.1,97.6,254,254,254,2.9e-140,492.3,1,1
DAKCFMEO_00139,WP_011103716.1,67.1,255,254,254,7.1e-94,338.2,1.00394,1.00394
DAKCFMEO_00139,WP_005737152.1,57.6,250,254,257,7.9e-77,281.6,0.984252,0.972763
DAKCFMEO_00139,WP_005762478.1,55.1,247,254,263,1.2e-69,257.7,0.972441,0.939163
DAKCFMEO_00139,WP_011103489.1,50.2,247,254,254,5.3e-65,242.3,0.972441,0.972441
DAKCFMEO_00139,WP_005768429.1,52.4,246,254,244,1.5e-64,240.7,0.968504,1.0082
DAKCFMEO_00139,WP_007245567.1,48.6,249,254,247,4.2e-62,232.6,0.980315,1.0081
DAKCFMEO_00139,WP_011104895.1,50.4,250,254,244,7.9e-61,228.4,0.984252,1.02459
DAKCFMEO_00139,WP_007243868.1,49.6,242,254,245,3.0e-60,226.5,0.952756,0.987755
DAKCFMEO_00139,WP_011104329.1,49.4,247,254,261,3.9e-60,226.1,0.972441,0.94636
DAKCFMEO_00139,WP_011104117.1,50.0,246,254,278,7.4e-59,221.9,0.968504,0.884892
DAKCFMEO_00139,WP_011104376.1,44.3,246,254,253,1.2e-53,204.5,0.968504,0.972332
DAKCFMEO_00139,WP_005765582.1,40.4,235,254,376,2.4e-41,163.7,0.925197,0.625
DAKCFMEO_00139,WP_010203924.1,39.4,246,254,335,3.1e-41,163.3,0.968504,0.734328
DAKCFMEO_00139,WP_005768959.1,35.9,248,254,368,4.0e-36,146.4,0.976378,0.673913
DAKCFMEO_00139,WP_011104358.1,34.7,262,254,345,4.0e-36,146.4,1.0315,0.75942
DAKCFMEO_00139,WP_003380252.1,36.4,253,254,326,5.2e-36,146.0,0.996063,0.776074
DAKCFMEO_00139,WP_005768050.1,35.6,247,254,374,4.8e-34,139.4,0.972441,0.660428
DAKCFMEO_00139,WP_011104460.1,35.7,255,254,254,1.1e-33,138.3,1.00394,1.00394
DAKCFMEO_00139,WP_005737104.1,33.5,245,254,380,3.1e-33,136.7,0.964567,0.644737
DAKCFMEO_00139,WP_005763692.1,35.7,258,254,392,4.1e-33,136.3,1.01575,0.658163
DAKCFMEO_00139,WP_011103331.1,35.2,250,254,381,7.0e-33,135.6,0.984252,0.656168
DAKCFMEO_00139,WP_011104057.1,35.7,249,254,342,7.0e-33,135.6,0.980315,0.72807
DAKCFMEO_00139,WP_011104080.1,34.1,246,254,277,4.5e-32,132.9,0.968504,0.888087
DAKCFMEO_00140,WP_011104887.1,90.8,836,829,836,0.0e+00,1497.3,1.00844,1
DAKCFMEO_00141,WP_005764871.1,80.6,217,218,218,5.5e-103,368.2,0.995413,0.995413
DAKCFMEO_00143,WP_003381535.1,98.9,188,188,188,2.2e-108,386.0,1,1
DAKCFMEO_00145,WP_002554837.1,100.0,69,69,69,2.0e-35,142.1,1,1
DAKCFMEO_00145,WP_002553156.1,87.0,69,69,70,3.3e-30,124.8,1,0.985714
DAKCFMEO_00145,WP_005764082.1,78.8,66,69,70,2.0e-27,115.5,0.956522,0.942857
DAKCFMEO_00145,WP_044392708.1,50.8,63,69,91,6.3e-13,67.4,0.913043,0.692308
DAKCFMEO_00146,WP_011104888.1,94.2,364,364,364,9.9e-198,683.7,1,1
DAKCFMEO_00147,WP_005764864.1,95.0,682,680,682,0.0e+00,1318.9,1.00294,1
DAKCFMEO_00148,WP_007246633.1,67.9,274,346,291,1.8e-76,280.8,0.791908,0.941581
DAKCFMEO_00149,WP_005739136.1,92.9,212,212,212,3.9e-114,405.2,1,1
DAKCFMEO_00150,WP_010203608.1,73.3,60,60,60,7.9e-20,90.1,1,1
DAKCFMEO_00151,WP_002554843.1,99.5,208,208,208,4.7e-112,398.3,1,1
DAKCFMEO_00151,WP_005737926.1,36.2,210,208,214,2.9e-29,123.2,1.00962,0.981308
DAKCFMEO_00151,WP_005768051.1,33.5,209,208,209,2.9e-29,123.2,1.00481,1
DAKCFMEO_00151,WP_005765089.1,32.5,212,208,220,1.2e-25,111.3,1.01923,0.963636
DAKCFMEO_00151,WP_011103914.1,32.1,165,208,230,1.0e-13,71.6,0.793269,0.717391
DAKCFMEO_00152,WP_032710461.1,60.0,175,175,182,1.2e-52,200.7,1,0.961538
DAKCFMEO_00155,WP_005620033.1,99.0,405,405,405,1.8e-237,815.8,1,1
DAKCFMEO_00156,WP_005764856.1,94.0,301,300,301,6.5e-163,567.8,1.00333,1
DAKCFMEO_00157,WP_005764852.1,90.5,347,347,347,4.2e-182,631.7,1,1
DAKCFMEO_00158,WP_005764850.1,95.1,226,226,225,1.1e-125,443.7,1,1.00444
DAKCFMEO_00159,WP_002554851.1,94.9,156,156,156,2.2e-82,299.3,1,1
DAKCFMEO_00159,WP_005614296.1,44.8,154,156,154,2.4e-31,129.8,0.987179,1
DAKCFMEO_00160,WP_004396490.1,97.2,108,108,108,2.5e-56,212.2,1,1
DAKCFMEO_00161,WP_046463414.1,86.8,706,702,706,0.0e+00,1246.9,1.0057,1
DAKCFMEO_00162,WP_007246626.1,92.8,97,97,97,2.1e-46,179.1,1,1
DAKCFMEO_00163,WP_011104892.1,94.8,306,306,306,9.5e-170,590.5,1,1
DAKCFMEO_00164,WP_044390643.1,93.0,355,358,356,2.0e-190,659.4,0.99162,0.997191
DAKCFMEO_00164,WP_011104057.1,42.7,314,358,342,1.6e-62,234.6,0.877095,0.918129
DAKCFMEO_00164,WP_005768050.1,42.8,290,358,374,4.7e-59,223.0,0.810056,0.775401
DAKCFMEO_00164,WP_011103158.1,42.5,299,358,347,2.8e-56,213.8,0.835196,0.861671
DAKCFMEO_00164,WP_005737104.1,35.5,332,358,380,2.7e-54,207.2,0.927374,0.873684
DAKCFMEO_00164,WP_005762690.1,46.3,246,358,384,2.7e-54,207.2,0.687151,0.640625
DAKCFMEO_00164,WP_005770464.1,45.8,236,358,329,4.5e-54,206.5,0.659218,0.717325
DAKCFMEO_00164,WP_011103331.1,35.8,372,358,381,3.8e-53,203.4,1.03911,0.976378
DAKCFMEO_00164,WP_003380252.1,42.1,240,358,326,5.2e-50,193.0,0.670391,0.736196
DAKCFMEO_00164,WP_005768959.1,42.3,227,358,368,4.4e-49,189.9,0.634078,0.616848
DAKCFMEO_00164,WP_005764049.1,41.6,238,358,386,4.5e-46,179.9,0.664804,0.61658
DAKCFMEO_00164,WP_011104329.1,38.2,251,358,261,5.4e-39,156.4,0.701117,0.961686
DAKCFMEO_00164,WP_005768429.1,38.7,238,358,244,7.0e-39,156.0,0.664804,0.97541
DAKCFMEO_00164,WP_011104376.1,36.1,238,358,253,2.7e-38,154.1,0.664804,0.940711
DAKCFMEO_00164,WP_005762478.1,34.8,247,358,263,1.1e-36,148.7,0.689944,0.939163
DAKCFMEO_00164,WP_007247035.1,35.1,222,358,276,3.3e-36,147.1,0.620112,0.804348
DAKCFMEO_00164,WP_005737152.1,38.2,238,358,257,4.3e-36,146.7,0.664804,0.92607
DAKCFMEO_00164,WP_007246818.1,36.9,236,358,260,3.6e-35,143.7,0.659218,0.907692
DAKCFMEO_00164,WP_003368676.1,35.1,245,358,385,1.1e-34,142.1,0.684358,0.636364
DAKCFMEO_00164,WP_011104358.1,37.2,226,358,345,1.4e-34,141.7,0.631285,0.655072
DAKCFMEO_00164,WP_007243868.1,34.6,228,358,245,6.8e-34,139.4,0.636872,0.930612
DAKCFMEO_00164,WP_005740065.1,33.6,238,358,364,2.0e-33,137.9,0.664804,0.653846
DAKCFMEO_00164,WP_011103489.1,33.6,232,358,254,9.8e-33,135.6,0.648045,0.913386
DAKCFMEO_00165,WP_005764836.1,90.4,156,156,156,2.1e-72,266.2,1,1
DAKCFMEO_00166,WP_004396504.1,90.0,289,289,285,2.6e-145,509.2,1,1.01404
DAKCFMEO_00167,WP_005764834.1,98.4,501,501,501,1.5e-297,1015.8,1,1
DAKCFMEO_00167,WP_011103985.1,41.6,500,501,491,4.6e-105,376.3,0.998004,1.01833
DAKCFMEO_00168,WP_004396514.1,96.4,251,251,251,1.5e-133,469.9,1,1
DAKCFMEO_00168,WP_011104424.1,34.5,229,251,252,2.8e-34,140.2,0.912351,0.90873
DAKCFMEO_00169,WP_005764831.1,92.0,513,513,512,1.4e-282,966.1,1,1.00195
DAKCFMEO_00170,WP_011104894.1,92.9,310,310,308,2.0e-162,566.2,1,1.00649
DAKCFMEO_00171,WP_004396522.1,97.6,248,248,248,1.5e-133,469.9,1,1
DAKCFMEO_00171,WP_011104270.1,34.2,222,248,233,4.6e-29,122.9,0.895161,0.95279
DAKCFMEO_00171,WP_007246619.1,31.9,213,248,221,1.1e-25,111.7,0.858871,0.963801
DAKCFMEO_00171,WP_005768815.1,31.3,211,248,277,3.7e-23,103.2,0.850806,0.761733
DAKCFMEO_00171,WP_011104377.1,30.6,209,248,219,1.1e-19,91.7,0.842742,0.954338
DAKCFMEO_00171,WP_011104269.1,30.8,214,248,246,1.5e-19,91.3,0.862903,0.869919
DAKCFMEO_00171,WP_003381368.1,31.8,214,248,222,4.3e-19,89.7,0.862903,0.963964
DAKCFMEO_00171,WP_011104188.1,33.6,211,248,220,4.3e-19,89.7,0.850806,0.959091
DAKCFMEO_00171,WP_046464032.1,31.4,210,248,216,1.2e-16,81.6,0.846774,0.972222
DAKCFMEO_00171,WP_003380046.1,30.0,217,248,221,4.9e-15,76.3,0.875,0.9819
DAKCFMEO_00172,WP_007246619.1,96.8,221,221,221,4.1e-114,405.2,1,1
DAKCFMEO_00172,WP_004396522.1,32.4,213,221,248,9.4e-26,111.7,0.963801,0.858871
DAKCFMEO_00172,WP_011104270.1,31.0,210,221,233,4.8e-22,99.4,0.950226,0.901288
DAKCFMEO_00172,WP_011104269.1,30.5,210,221,246,3.5e-20,93.2,0.950226,0.853659
DAKCFMEO_00172,WP_005768815.1,32.6,215,221,277,4.5e-20,92.8,0.972851,0.776173
DAKCFMEO_00172,WP_011104330.1,33.5,224,221,324,1.3e-19,91.3,1.01357,0.691358
DAKCFMEO_00172,WP_003381368.1,35.1,211,221,222,5.0e-19,89.4,0.954751,0.95045
DAKCFMEO_00172,WP_046463429.1,30.4,214,221,242,7.2e-18,85.5,0.968326,0.884298
DAKCFMEO_00172,WP_011105443.1,30.2,222,221,231,9.7e-15,75.1,1.00452,0.961039
DAKCFMEO_00173,WP_011104895.1,98.4,244,244,244,5.5e-136,478.0,1,1
DAKCFMEO_00173,WP_011103489.1,59.9,242,244,254,3.6e-79,289.3,0.991803,0.952756
DAKCFMEO_00173,WP_007243868.1,59.0,244,244,245,6.8e-78,285.0,1,0.995918
DAKCFMEO_00173,WP_007246637.1,51.2,250,244,254,1.5e-61,230.7,1.02459,0.984252
DAKCFMEO_00173,WP_011104376.1,47.9,240,244,253,9.3e-59,221.5,0.983607,0.948617
DAKCFMEO_00173,WP_011104329.1,49.0,251,244,261,4.6e-58,219.2,1.02869,0.961686
DAKCFMEO_00173,WP_005737152.1,46.7,244,244,257,3.0e-57,216.5,1,0.949416
DAKCFMEO_00173,WP_005762478.1,47.4,251,244,263,3.9e-57,216.1,1.02869,0.954373
DAKCFMEO_00173,WP_011103716.1,45.7,254,244,254,6.7e-57,215.3,1.04098,1
DAKCFMEO_00173,WP_007245567.1,49.6,246,244,247,1.5e-56,214.2,1.0082,0.995951
DAKCFMEO_00173,WP_005768429.1,51.9,216,244,244,4.3e-56,212.6,0.885246,0.885246
DAKCFMEO_00173,WP_011104117.1,46.3,244,244,278,4.0e-54,206.1,1,0.877698
DAKCFMEO_00173,WP_010203924.1,41.9,222,244,335,1.3e-41,164.5,0.909836,0.662687
DAKCFMEO_00173,WP_005765582.1,39.2,227,244,376,3.0e-41,163.3,0.930328,0.603723
DAKCFMEO_00173,WP_005768050.1,38.3,227,244,374,2.2e-39,157.1,0.930328,0.606952
DAKCFMEO_00173,WP_011103331.1,35.2,233,244,381,5.0e-36,146.0,0.954918,0.611549
DAKCFMEO_00173,WP_005770464.1,35.3,224,244,329,2.5e-35,143.7,0.918033,0.680851
DAKCFMEO_00173,WP_011104057.1,36.8,220,244,342,4.2e-35,142.9,0.901639,0.643275
DAKCFMEO_00173,WP_003380252.1,38.5,218,244,326,7.2e-35,142.1,0.893443,0.668712
DAKCFMEO_00173,WP_011103158.1,36.4,225,244,347,6.1e-34,139.0,0.922131,0.648415
DAKCFMEO_00173,WP_007247035.1,39.2,209,244,276,3.9e-33,136.3,0.856557,0.757246
DAKCFMEO_00174,WP_007246618.1,89.2,637,638,643,6.1e-312,1063.9,0.998433,0.990669
DAKCFMEO_00174,WP_007246575.1,32.6,614,638,602,5.2e-69,256.9,0.962382,1.01993
DAKCFMEO_00174,WP_007246182.1,31.4,609,638,585,2.9e-67,251.1,0.954545,1.04103
DAKCFMEO_00175,WP_007246617.1,94.8,442,442,442,2.6e-237,815.5,1,1
DAKCFMEO_00175,WP_011104948.1,50.7,436,442,444,2.2e-119,423.7,0.986425,0.981982
DAKCFMEO_00175,WP_007246574.1,49.8,442,442,461,1.4e-118,421.0,1,0.958785
DAKCFMEO_00175,WP_002555721.1,37.3,469,442,478,5.9e-80,292.7,1.06109,0.981172
DAKCFMEO_00175,WP_011103783.1,41.0,407,442,471,4.4e-75,276.6,0.920814,0.864119
DAKCFMEO_00175,WP_011103371.1,40.8,377,442,478,1.3e-74,275.0,0.852941,0.788703
DAKCFMEO_00175,WP_003380235.1,36.1,452,442,448,4.6e-72,266.5,1.02262,1.00893
DAKCFMEO_00175,WP_011103301.1,34.8,451,442,446,3.3e-70,260.4,1.02036,1.01121
DAKCFMEO_00175,WP_003382141.1,33.9,493,442,491,2.3e-68,254.2,1.11538,1.00407
DAKCFMEO_00175,WP_011103533.1,44.1,279,442,314,9.5e-62,232.3,0.631222,0.888535
DAKCFMEO_00175,WP_005763906.1,41.0,283,442,302,7.6e-59,222.6,0.640271,0.937086
DAKCFMEO_00175,WP_011105485.1,39.9,303,442,505,4.9e-58,219.9,0.68552,0.6
DAKCFMEO_00175,WP_007244904.1,39.1,322,442,502,7.3e-54,206.1,0.728507,0.641434
DAKCFMEO_00175,WP_011104402.1,37.2,349,442,434,1.4e-52,201.8,0.789593,0.804147
DAKCFMEO_00175,WP_005769514.1,35.4,350,442,439,6.8e-52,199.5,0.791855,0.797267
DAKCFMEO_00175,WP_005767731.1,31.4,433,442,521,1.0e-47,185.7,0.979638,0.831094
DAKCFMEO_00175,WP_005765610.1,33.7,282,442,316,1.1e-38,155.6,0.638009,0.892405
DAKCFMEO_00177,WP_011104896.1,86.0,215,215,215,9.5e-108,384.0,1,1
DAKCFMEO_00178,WP_011104897.1,94.8,330,330,330,1.5e-176,613.2,1,1
DAKCFMEO_00180,WP_005764812.1,97.0,305,305,305,1.2e-169,590.1,1,1
DAKCFMEO_00181,WP_005764810.1,79.7,133,136,136,4.1e-56,211.8,0.977941,0.977941
DAKCFMEO_00182,WP_005764809.1,84.8,363,363,363,1.6e-176,613.2,1,1
DAKCFMEO_00182,WP_011105003.1,33.8,337,363,319,1.3e-35,145.2,0.928375,1.05643
DAKCFMEO_00183,WP_005764807.1,90.3,93,93,93,2.9e-45,175.3,1,1
DAKCFMEO_00186,WP_011104899.1,89.4,376,376,376,7.3e-180,624.4,1,1
DAKCFMEO_00187,WP_011104900.1,50.9,220,220,226,1.1e-58,221.1,1,0.973451
DAKCFMEO_00187,WP_011104902.1,34.8,187,220,229,6.9e-21,95.5,0.85,0.816594
DAKCFMEO_00187,WP_011104901.1,31.2,154,220,237,2.0e-15,77.4,0.7,0.649789
DAKCFMEO_00188,WP_011104901.1,56.4,220,236,237,7.6e-66,245.0,0.932203,0.92827
DAKCFMEO_00189,WP_011104902.1,42.2,223,226,229,9.9e-39,154.8,0.986726,0.973799
DAKCFMEO_00189,WP_011104900.1,33.1,178,226,226,4.8e-25,109.4,0.787611,0.787611
DAKCFMEO_00192,WP_005764794.1,88.2,995,1003,1039,0.0e+00,1775.0,0.992024,0.957652
DAKCFMEO_00193,WP_005764792.1,84.6,195,193,199,2.7e-93,335.9,1.01036,0.979899
DAKCFMEO_00194,WP_011104905.1,89.4,246,260,255,9.4e-126,444.1,0.946154,0.964706
DAKCFMEO_00195,WP_005764790.1,78.0,218,219,219,1.6e-97,350.1,0.995434,0.995434
DAKCFMEO_00196,WP_005764789.1,92.0,75,98,75,2.4e-37,149.1,0.765306,1
DAKCFMEO_00197,WP_005736419.1,60.9,453,476,453,3.9e-178,619.0,0.951681,1
DAKCFMEO_00198,WP_046463416.1,92.6,808,808,805,0.0e+00,1543.1,1,1.00373
DAKCFMEO_00198,WP_011104090.1,43.2,808,808,788,3.2e-188,653.3,1,1.02538
DAKCFMEO_00199,WP_005764787.1,95.7,398,398,398,2.2e-230,792.3,1,1
DAKCFMEO_00200,WP_005764786.1,91.5,330,339,335,6.6e-180,624.4,0.973451,0.985075
DAKCFMEO_00200,WP_005770183.1,38.1,320,339,325,6.9e-44,172.6,0.943953,0.984615
DAKCFMEO_00201,WP_011104908.1,91.9,99,99,99,9.3e-50,190.3,1,1
DAKCFMEO_00202,WP_005764784.1,93.2,249,270,249,1.6e-128,453.4,0.922222,1
DAKCFMEO_00202,WP_005770966.1,36.1,252,270,254,5.1e-34,139.4,0.933333,0.992126
DAKCFMEO_00202,WP_005770626.1,35.1,245,270,247,6.7e-34,139.0,0.907407,0.991903
DAKCFMEO_00202,WP_011103979.1,33.7,264,270,266,7.7e-30,125.6,0.977778,0.992481
DAKCFMEO_00202,WP_011103118.1,32.7,260,270,257,1.0e-29,125.2,0.962963,1.01167
DAKCFMEO_00202,WP_011104035.1,34.8,256,270,266,1.1e-28,121.7,0.948148,0.962406
DAKCFMEO_00202,WP_005764783.1,35.9,251,270,253,3.6e-27,116.7,0.92963,0.992095
DAKCFMEO_00202,WP_011104991.1,34.2,237,270,252,7.9e-27,115.5,0.877778,0.940476
DAKCFMEO_00202,WP_007246009.1,36.2,232,270,286,1.4e-26,114.8,0.859259,0.811189
DAKCFMEO_00202,WP_005771315.1,33.6,235,270,249,7.4e-25,109.0,0.87037,0.943775
DAKCFMEO_00202,WP_011103980.1,33.6,238,270,254,2.8e-24,107.1,0.881481,0.937008
DAKCFMEO_00202,WP_011103459.1,32.8,238,270,306,6.3e-24,105.9,0.881481,0.777778
DAKCFMEO_00202,WP_005767607.1,32.3,198,270,271,1.8e-23,104.4,0.733333,0.730627
DAKCFMEO_00202,WP_011104354.1,36.2,235,270,243,1.0e-21,98.6,0.87037,0.967078
DAKCFMEO_00202,WP_005762514.1,35.5,231,270,248,2.2e-21,97.4,0.855556,0.931452
DAKCFMEO_00202,WP_005762581.1,32.3,229,270,255,6.5e-21,95.9,0.848148,0.898039
DAKCFMEO_00202,WP_005765466.1,33.1,239,270,242,3.6e-19,90.1,0.885185,0.987603
DAKCFMEO_00202,WP_161633151.1,32.0,228,270,254,1.4e-18,88.2,0.844444,0.897638
DAKCFMEO_00202,WP_011104931.1,31.5,238,270,257,3.3e-17,83.6,0.881481,0.92607
DAKCFMEO_00202,WP_007245058.1,33.3,195,270,270,4.4e-17,83.2,0.722222,0.722222
DAKCFMEO_00202,WP_011103613.1,30.5,210,270,253,8.2e-16,79.0,0.777778,0.83004
DAKCFMEO_00202,WP_046463536.1,30.1,193,270,270,7.0e-15,75.9,0.714815,0.714815
DAKCFMEO_00202,WP_011104937.1,30.3,211,270,261,9.1e-15,75.5,0.781481,0.808429
DAKCFMEO_00202,WP_005614190.1,32.1,218,270,258,5.0e-13,69.7,0.807407,0.844961
DAKCFMEO_00203,WP_005764783.1,93.3,252,253,253,1.6e-133,469.9,0.996047,0.996047
DAKCFMEO_00203,WP_007246009.1,38.9,244,253,286,5.5e-38,152.5,0.964427,0.853147
DAKCFMEO_00203,WP_011104035.1,35.9,262,253,266,5.5e-38,152.5,1.03557,0.984962
DAKCFMEO_00203,WP_005770626.1,35.0,246,253,247,2.0e-32,134.0,0.972332,0.995951
DAKCFMEO_00203,WP_005770966.1,34.5,249,253,254,2.9e-31,130.2,0.98419,0.980315
DAKCFMEO_00203,WP_011103979.1,35.8,257,253,266,2.9e-31,130.2,1.01581,0.966165
DAKCFMEO_00203,WP_005771315.1,33.9,245,253,249,3.2e-30,126.7,0.968379,0.983936
DAKCFMEO_00203,WP_005764784.1,36.3,251,253,249,4.7e-29,122.9,0.992095,1.00803
DAKCFMEO_00203,WP_011103980.1,35.4,246,253,254,1.4e-28,121.3,0.972332,0.968504
DAKCFMEO_00203,WP_011104991.1,32.3,260,253,252,1.8e-25,110.9,1.02767,1.03175
DAKCFMEO_00203,WP_005762514.1,32.9,249,253,248,4.1e-25,109.8,0.98419,1.00403
DAKCFMEO_00203,WP_005765466.1,31.6,250,253,242,1.6e-24,107.8,0.988142,1.03306
DAKCFMEO_00203,WP_161633151.1,34.3,251,253,254,3.8e-23,103.2,0.992095,0.988189
DAKCFMEO_00203,WP_011104354.1,34.4,244,253,243,3.2e-22,100.1,0.964427,1.00412
DAKCFMEO_00203,WP_011104368.1,30.0,253,253,252,4.2e-22,99.8,1,1.00397
DAKCFMEO_00203,WP_011103459.1,37.2,191,253,306,1.8e-20,94.4,0.754941,0.624183
DAKCFMEO_00203,WP_005619926.1,30.2,252,253,244,3.3e-19,90.1,0.996047,1.03279
DAKCFMEO_00203,WP_007245058.1,36.8,190,253,270,8.2e-18,85.5,0.750988,0.703704
DAKCFMEO_00203,WP_005767607.1,31.9,185,253,271,3.8e-15,76.6,0.731225,0.682657
DAKCFMEO_00204,WP_005764782.1,96.6,446,446,446,2.4e-238,818.9,1,1
DAKCFMEO_00205,WP_005764781.1,98.3,293,293,293,6.3e-179,620.9,1,1
DAKCFMEO_00206,WP_005764779.1,84.6,456,459,457,3.3e-214,738.8,0.993464,0.997812
DAKCFMEO_00206,WP_011103526.1,33.1,402,459,601,2.4e-31,131.3,0.875817,0.668885
DAKCFMEO_00206,WP_046463318.1,30.3,445,459,467,2.9e-29,124.4,0.969499,0.952891
DAKCFMEO_00206,WP_011103993.1,30.5,426,459,511,3.6e-27,117.5,0.928105,0.833659
DAKCFMEO_00206,WP_011104918.1,30.8,448,459,604,1.3e-24,109.0,0.976035,0.741722
DAKCFMEO_00207,WP_010207837.1,89.8,332,359,333,1.4e-167,583.6,0.924791,0.996997
DAKCFMEO_00208,WP_005764777.1,76.4,140,140,140,5.0e-57,214.9,1,1
DAKCFMEO_00209,WP_005764776.1,92.8,291,287,291,2.5e-156,545.8,1.01394,1
DAKCFMEO_00210,WP_005764775.1,88.9,784,784,784,0.0e+00,1343.2,1,1
DAKCFMEO_00211,WP_011104910.1,81.3,225,267,223,7.2e-105,374.8,0.842697,1.00897
DAKCFMEO_00212,WP_005620091.1,97.5,805,805,805,0.0e+00,1552.7,1,1
DAKCFMEO_00212,WP_005770753.1,40.1,769,805,798,1.2e-150,528.5,0.95528,0.963659
DAKCFMEO_00213,WP_005764773.1,81.5,130,130,130,3.1e-61,228.8,1,1
DAKCFMEO_00214,WP_005764772.1,92.3,247,247,247,5.6e-128,451.4,1,1
DAKCFMEO_00215,WP_005764771.1,95.6,319,319,319,1.5e-189,656.4,1,1
DAKCFMEO_00216,WP_005764769.1,96.7,246,246,246,1.6e-130,459.9,1,1
DAKCFMEO_00217,WP_003378472.1,94.7,227,227,227,2.5e-122,432.6,1,1
DAKCFMEO_00218,WP_011104911.1,98.3,300,300,300,1.9e-170,592.8,1,1
DAKCFMEO_00219,WP_005620106.1,98.3,229,229,229,9.1e-125,440.7,1,1
DAKCFMEO_00220,WP_007246809.1,76.0,125,127,125,6.3e-51,194.5,0.984252,1
DAKCFMEO_00221,WP_011104912.1,96.8,284,284,284,3.1e-162,565.5,1,1
DAKCFMEO_00222,WP_005764765.1,98.3,598,598,598,0.0e+00,1156.7,1,1
DAKCFMEO_00223,WP_005764764.1,94.4,479,477,479,8.0e-256,877.1,1.00419,1
DAKCFMEO_00223,WP_003377590.1,43.2,347,477,386,6.9e-74,272.7,0.727463,0.898964
DAKCFMEO_00224,WP_005764762.1,76.2,319,318,318,8.5e-137,481.1,1.00314,1.00314
DAKCFMEO_00225,WP_007246812.1,94.9,197,197,196,1.4e-97,350.1,1,1.0051
DAKCFMEO_00226,WP_003378493.1,99.5,193,193,193,4.2e-107,381.7,1,1
DAKCFMEO_00227,WP_005764756.1,95.4,538,538,538,2.7e-308,1051.6,1,1
DAKCFMEO_00227,WP_005769628.1,32.4,558,538,590,4.7e-63,236.9,1.03717,0.945763
DAKCFMEO_00228,WP_011104913.1,70.8,154,154,154,2.3e-63,236.1,1,1
DAKCFMEO_00229,WP_003378499.1,98.8,84,84,84,7.6e-45,173.7,1,1
DAKCFMEO_00230,WP_032622187.1,82.4,313,313,313,1.2e-146,513.8,1,1
DAKCFMEO_00231,WP_005764752.1,89.0,273,273,273,2.3e-138,486.1,1,1
DAKCFMEO_00232,WP_011104914.1,97.2,460,463,460,2.1e-253,869.0,0.993521,1
DAKCFMEO_00232,WP_011103754.1,30.2,464,463,457,3.3e-41,164.1,1.00216,1.01532
DAKCFMEO_00232,WP_011103711.1,30.0,290,463,450,2.1e-19,91.7,0.62635,0.644444
DAKCFMEO_00232,WP_005765836.1,31.6,294,463,344,8.0e-19,89.7,0.634989,0.854651
DAKCFMEO_00232,WP_005764043.1,31.1,280,463,454,1.4e-18,89.0,0.604752,0.61674
DAKCFMEO_00233,WP_005739198.1,98.7,223,223,223,2.1e-118,419.5,1,1
DAKCFMEO_00233,WP_011103755.1,42.5,219,223,220,1.7e-43,170.6,0.982063,0.995455
DAKCFMEO_00233,WP_005764042.1,43.6,225,223,225,6.1e-41,162.2,1.00897,1
DAKCFMEO_00233,WP_003381559.1,40.6,224,223,225,1.7e-38,154.1,1.00448,0.995556
DAKCFMEO_00233,WP_003382360.1,40.0,225,223,224,3.7e-38,152.9,1.00897,1.00446
DAKCFMEO_00233,WP_002554192.1,37.2,223,223,229,1.6e-36,147.5,1,0.973799
DAKCFMEO_00233,WP_007246025.1,42.5,219,223,222,2.2e-35,143.7,0.982063,0.986486
DAKCFMEO_00233,WP_002555020.1,38.9,226,223,227,5.0e-35,142.5,1.01345,0.995595
DAKCFMEO_00233,WP_004396544.1,39.0,218,223,225,1.0e-32,134.8,0.977578,0.968889
DAKCFMEO_00233,WP_003381155.1,36.7,221,223,227,1.2e-31,131.3,0.991031,0.973568
DAKCFMEO_00233,WP_007244755.1,37.7,231,223,249,9.8e-31,128.3,1.03587,0.927711
DAKCFMEO_00233,WP_011104125.1,34.2,225,223,233,4.1e-29,122.9,1.00897,0.965665
DAKCFMEO_00233,WP_005766623.1,36.8,223,223,245,2.7e-28,120.2,1,0.910204
DAKCFMEO_00233,WP_005764051.1,36.6,227,223,245,1.3e-27,117.9,1.01794,0.926531
DAKCFMEO_00233,WP_003380226.1,34.1,226,223,246,3.8e-27,116.3,1.01345,0.918699
DAKCFMEO_00233,WP_005770857.1,32.6,221,223,224,1.9e-26,114.0,0.991031,0.986607
DAKCFMEO_00233,WP_011103914.1,35.6,222,223,230,2.5e-26,113.6,0.995516,0.965217
DAKCFMEO_00233,WP_005769238.1,33.6,235,223,254,9.5e-26,111.7,1.05381,0.925197
DAKCFMEO_00233,WP_003383141.1,30.5,223,223,229,1.8e-24,107.5,1,0.973799
DAKCFMEO_00233,WP_159229484.1,31.3,198,223,207,8.9e-24,105.1,0.887892,0.956522
DAKCFMEO_00234,WP_005764747.1,94.5,325,325,325,3.1e-179,622.1,1,1
DAKCFMEO_00235,WP_005764744.1,90.1,152,152,152,2.9e-74,272.3,1,1
DAKCFMEO_00236,WP_011104915.1,95.4,503,504,504,3.6e-259,888.3,0.998016,0.998016
DAKCFMEO_00237,WP_005764742.1,93.6,344,344,344,2.0e-184,639.4,1,1
DAKCFMEO_00238,WP_003378513.1,96.5,228,230,230,2.2e-134,472.6,0.991304,0.991304
DAKCFMEO_00239,WP_011104686.1,39.8,342,370,365,4.4e-60,226.5,0.924324,0.936986
DAKCFMEO_00240,WP_011104916.1,83.6,110,144,152,1.8e-33,136.7,0.763889,0.723684
DAKCFMEO_00241,WP_005764738.1,92.0,352,357,355,4.2e-185,641.7,0.985994,0.991549
DAKCFMEO_00242,WP_005764735.1,95.6,271,271,271,7.7e-139,487.6,1,1
DAKCFMEO_00242,WP_011105423.1,38.3,196,271,285,1.1e-28,121.7,0.723247,0.687719
DAKCFMEO_00242,WP_011104191.1,35.4,195,271,282,3.4e-17,83.6,0.719557,0.691489
DAKCFMEO_00243,WP_007246818.1,91.1,258,260,260,7.7e-136,477.6,0.992308,0.992308
DAKCFMEO_00243,WP_003380252.1,42.0,226,260,326,9.9e-43,168.3,0.869231,0.693252
DAKCFMEO_00243,WP_005768050.1,38.1,239,260,374,7.1e-41,162.2,0.919231,0.639037
DAKCFMEO_00243,WP_005770464.1,39.1,220,260,329,1.8e-39,157.5,0.846154,0.668693
DAKCFMEO_00243,WP_011104057.1,37.7,220,260,342,2.3e-39,157.1,0.846154,0.643275
DAKCFMEO_00243,WP_011105420.1,36.5,244,260,270,1.1e-38,154.8,0.938462,0.903704
DAKCFMEO_00243,WP_005767689.1,36.4,250,260,270,1.3e-37,151.4,0.961538,0.925926
DAKCFMEO_00243,WP_011104376.1,41.2,204,260,253,1.5e-35,144.4,0.784615,0.806324
DAKCFMEO_00243,WP_044390643.1,37.1,237,260,356,2.6e-35,143.7,0.911538,0.66573
DAKCFMEO_00243,WP_005767098.1,41.3,196,260,261,7.6e-35,142.1,0.753846,0.750958
DAKCFMEO_00243,WP_005768429.1,37.8,222,260,244,2.2e-34,140.6,0.853846,0.909836
DAKCFMEO_00243,WP_011104895.1,35.6,219,260,244,6.5e-34,139.0,0.842308,0.897541
DAKCFMEO_00243,WP_005737152.1,37.4,214,260,257,1.9e-33,137.5,0.823077,0.832685
DAKCFMEO_00243,WP_003383085.1,39.9,208,260,232,4.2e-33,136.3,0.8,0.896552
DAKCFMEO_00243,WP_011103923.1,42.3,194,260,227,4.2e-33,136.3,0.746154,0.854626
DAKCFMEO_00243,WP_011104117.1,39.7,209,260,278,4.2e-33,136.3,0.803846,0.751799
DAKCFMEO_00243,WP_011105360.1,39.9,218,260,286,4.2e-33,136.3,0.838462,0.762238
DAKCFMEO_00243,WP_011103489.1,36.1,219,260,254,3.5e-32,133.3,0.842308,0.862205
DAKCFMEO_00244,WP_005764729.1,95.0,241,241,241,4.6e-135,474.9,1,1
DAKCFMEO_00245,WP_005764727.1,93.2,205,207,205,5.0e-114,404.8,0.990338,1
DAKCFMEO_00246,WP_011104917.1,88.3,1197,1209,1226,0.0e+00,2135.5,0.990074,0.976346
DAKCFMEO_00247,WP_011104918.1,87.4,604,602,604,5.1e-308,1050.8,1.00332,1
DAKCFMEO_00247,WP_011103526.1,47.5,551,602,601,3.0e-127,450.3,0.915282,0.916805
DAKCFMEO_00247,WP_005764779.1,30.9,472,602,457,2.6e-25,111.7,0.784053,1.03282
DAKCFMEO_00248,WP_011104919.1,58.7,1033,1081,1111,0.0e+00,1204.9,0.955597,0.929793
DAKCFMEO_00249,WP_005764716.1,80.0,55,73,77,1.0e-24,106.7,0.753425,0.714286
DAKCFMEO_00250,WP_005764714.1,83.0,230,230,230,5.2e-112,398.3,1,1
DAKCFMEO_00250,WP_161797784.1,31.5,178,230,178,1.0e-11,65.1,0.773913,1
DAKCFMEO_00251,WP_011104920.1,74.8,298,297,294,3.8e-131,462.2,1.00337,1.01361
DAKCFMEO_00253,WP_005769982.1,88.0,166,166,166,4.3e-84,305.1,1,1
DAKCFMEO_00254,WP_046463799.1,81.8,989,1008,989,0.0e+00,1421.8,0.981151,1
DAKCFMEO_00254,WP_011103648.1,30.0,633,1008,1001,8.0e-56,213.8,0.627976,0.632368
DAKCFMEO_00255,WP_011103986.1,89.3,363,363,363,9.8e-198,683.7,1,1
DAKCFMEO_00255,WP_011103575.1,48.5,355,363,368,9.8e-89,321.6,0.977961,0.964674
DAKCFMEO_00255,WP_011104980.1,34.5,235,363,349,7.9e-30,125.9,0.647383,0.673352
DAKCFMEO_00256,WP_005770289.1,77.2,101,103,111,4.1e-40,158.3,0.980583,0.90991
DAKCFMEO_00257,WP_011104856.1,76.2,425,438,435,1.4e-177,617.1,0.97032,0.977011
DAKCFMEO_00257,WP_005766635.1,56.7,409,438,450,9.3e-126,444.9,0.93379,0.908889
DAKCFMEO_00257,WP_011103042.1,40.2,433,438,443,2.0e-80,294.3,0.988584,0.977427
DAKCFMEO_00258,WP_005767507.1,94.9,389,389,389,5.5e-223,767.7,1,1
DAKCFMEO_00259,WP_005767508.1,57.0,286,288,291,3.5e-89,322.8,0.993056,0.982818
DAKCFMEO_00259,WP_005768341.1,33.1,296,288,303,1.2e-36,148.3,1.02778,0.976898
DAKCFMEO_00260,WP_003382736.1,61.1,216,217,217,1.4e-74,273.9,0.995392,0.995392
DAKCFMEO_00260,WP_011105407.1,42.1,214,217,218,1.9e-47,183.7,0.986175,0.981651
DAKCFMEO_00261,WP_011104420.1,87.8,508,508,509,6.7e-253,867.5,1,0.998035
DAKCFMEO_00262,WP_005766345.1,82.3,79,85,86,2.6e-32,132.1,0.929412,0.918605
DAKCFMEO_00263,WP_011104421.1,82.3,310,311,311,1.2e-116,414.1,0.996785,0.996785
DAKCFMEO_00264,WP_011104422.1,67.0,309,318,317,7.2e-128,451.4,0.971698,0.974763
DAKCFMEO_00265,WP_011104423.1,76.5,426,426,426,5.2e-190,658.3,1,1
DAKCFMEO_00266,WP_011104424.1,78.9,251,252,252,4.1e-110,392.1,0.996032,0.996032
DAKCFMEO_00266,WP_004396514.1,34.5,229,252,251,1.6e-34,141.0,0.90873,0.912351
DAKCFMEO_00266,WP_007244951.1,30.3,254,252,255,1.1e-19,91.7,1.00794,0.996078
DAKCFMEO_00267,WP_046463318.1,77.1,467,475,467,2.9e-213,735.7,0.983158,1
DAKCFMEO_00267,WP_005762891.1,32.0,459,475,507,4.5e-49,190.3,0.966316,0.905325
DAKCFMEO_00267,WP_005766477.1,30.0,487,475,483,2.3e-45,177.9,1.02526,1.00828
DAKCFMEO_00267,WP_011105036.1,30.1,468,475,481,3.3e-44,174.1,0.985263,0.972973
DAKCFMEO_00267,WP_011103993.1,30.2,427,475,511,4.8e-43,170.2,0.898947,0.835616
DAKCFMEO_00268,WP_011104449.1,85.7,495,495,495,1.6e-235,809.7,1,1
DAKCFMEO_00268,WP_005765213.1,41.4,478,495,481,1.2e-84,308.5,0.965657,0.993763
DAKCFMEO_00270,WP_011104942.1,69.0,145,147,148,1.1e-57,217.2,0.986395,0.97973
DAKCFMEO_00271,WP_011104944.1,91.1,406,406,406,2.4e-213,735.7,1,1
DAKCFMEO_00272,WP_011104945.1,54.0,391,401,407,8.0e-116,411.8,0.975062,0.960688
DAKCFMEO_00273,WP_046463676.1,47.9,334,336,338,1.4e-76,281.2,0.994048,0.988166
DAKCFMEO_00274,WP_003381663.1,92.2,205,205,205,8.2e-109,387.5,1,1
DAKCFMEO_00275,WP_032622185.1,69.0,226,237,227,2.9e-81,296.2,0.953586,0.995595
DAKCFMEO_00276,WP_007246181.1,94.2,774,774,765,0.0e+00,1432.9,1,1.01176
DAKCFMEO_00277,WP_007246182.1,84.3,585,585,585,3.4e-293,1001.5,1,1
DAKCFMEO_00277,WP_007246618.1,32.1,608,585,643,2.7e-72,267.7,1.03932,0.945568
DAKCFMEO_00277,WP_007246575.1,31.6,567,585,602,1.4e-65,245.4,0.969231,0.94186
DAKCFMEO_00278,WP_011104948.1,88.5,443,444,444,2.4e-222,765.8,0.997748,0.997748
DAKCFMEO_00278,WP_007246574.1,50.7,436,444,461,2.2e-119,423.7,0.981982,0.94577
DAKCFMEO_00278,WP_007246617.1,50.6,435,444,442,1.1e-118,421.4,0.97973,0.984163
DAKCFMEO_00278,WP_002555721.1,45.2,363,444,478,6.4e-82,299.3,0.817568,0.759414
DAKCFMEO_00278,WP_011103783.1,43.8,368,444,471,5.6e-78,286.2,0.828829,0.781316
DAKCFMEO_00278,WP_011103301.1,38.3,454,444,446,4.1e-73,270.0,1.02252,1.01794
DAKCFMEO_00278,WP_011103371.1,38.8,387,444,478,1.7e-71,264.6,0.871622,0.809623
DAKCFMEO_00278,WP_003380235.1,37.0,430,444,448,5.8e-67,249.6,0.968468,0.959821
DAKCFMEO_00278,WP_003382141.1,37.9,438,444,491,5.4e-65,243.0,0.986486,0.892057
DAKCFMEO_00278,WP_011103533.1,48.2,276,444,314,3.5e-64,240.4,0.621622,0.878981
DAKCFMEO_00278,WP_005763906.1,45.3,278,444,302,2.0e-59,224.6,0.626126,0.92053
DAKCFMEO_00278,WP_011105485.1,41.8,328,444,505,3.5e-56,213.8,0.738739,0.649505
DAKCFMEO_00278,WP_011104077.1,41.7,307,444,509,1.3e-53,205.3,0.691441,0.603143
DAKCFMEO_00278,WP_011104402.1,37.1,350,444,434,4.8e-53,203.4,0.788288,0.806452
DAKCFMEO_00278,WP_005769514.1,35.7,345,444,439,4.2e-49,190.3,0.777027,0.785877
DAKCFMEO_00279,WP_011104949.1,86.0,752,755,793,0.0e+00,1304.3,0.996026,0.948298
DAKCFMEO_00279,WP_011103576.1,32.5,747,755,695,4.4e-107,383.6,0.989404,1.07482
DAKCFMEO_00279,WP_032643380.1,31.2,564,755,697,1.1e-62,236.1,0.74702,0.809182
DAKCFMEO_00279,WP_007243883.1,33.1,483,755,534,3.1e-60,228.0,0.639735,0.904494
DAKCFMEO_00280,WP_011104950.1,87.4,564,564,564,4.6e-287,981.1,1,1
DAKCFMEO_00280,WP_011105024.1,36.9,528,564,638,3.1e-89,323.9,0.93617,0.827586
DAKCFMEO_00280,WP_011103546.1,36.5,600,564,620,7.6e-80,292.7,1.06383,0.967742
DAKCFMEO_00281,WP_005768708.1,52.2,542,546,546,7.2e-160,558.5,0.992674,0.992674
DAKCFMEO_00282,WP_011104951.1,95.9,441,441,441,5.3e-238,817.8,1,1
DAKCFMEO_00282,WP_007246194.1,57.3,403,441,433,6.7e-124,438.7,0.913832,0.930716
DAKCFMEO_00282,WP_011104204.1,32.4,376,441,438,8.3e-58,219.2,0.852608,0.858447
DAKCFMEO_00282,WP_011104732.1,34.3,429,441,445,1.2e-56,215.3,0.972789,0.964045
DAKCFMEO_00282,WP_005767375.1,31.3,415,441,433,1.1e-54,208.8,0.941043,0.95843
DAKCFMEO_00282,WP_011103852.1,32.1,377,441,432,4.3e-54,206.8,0.854875,0.872685
DAKCFMEO_00282,WP_011103567.1,32.2,435,441,438,3.2e-49,190.7,0.986395,0.993151
DAKCFMEO_00282,WP_011107023.1,31.9,392,441,448,3.0e-39,157.5,0.888889,0.875
DAKCFMEO_00282,WP_011106976.1,32.2,391,441,448,5.1e-39,156.8,0.886621,0.872768
DAKCFMEO_00284,WP_005739483.1,96.1,207,207,207,9.2e-116,410.6,1,1
DAKCFMEO_00285,WP_003381648.1,72.4,76,75,79,5.1e-24,104.4,1.01333,0.962025
DAKCFMEO_00286,WP_005768700.1,66.1,56,56,56,4.5e-17,80.9,1,1
DAKCFMEO_00287,WP_046463675.1,90.0,498,498,498,1.0e-245,843.6,1,1
DAKCFMEO_00287,WP_046463481.1,32.7,505,498,532,7.5e-55,209.5,1.01406,0.949248
DAKCFMEO_00288,WP_011104953.1,76.5,370,378,377,1.5e-172,600.1,0.978836,0.981432
DAKCFMEO_00289,WP_005768695.1,89.0,219,217,223,2.1e-110,392.9,1.00922,0.982063
DAKCFMEO_00290,WP_007246191.1,85.3,389,383,386,5.9e-177,614.8,1.01567,1.00777
DAKCFMEO_00290,WP_162839068.1,36.7,365,383,383,2.8e-54,207.2,0.953003,0.953003
DAKCFMEO_00290,WP_007246281.1,30.9,362,383,414,1.1e-37,152.1,0.94517,0.874396
DAKCFMEO_00291,WP_005768691.1,84.9,1051,1051,1044,0.0e+00,1721.1,1,1.0067
DAKCFMEO_00291,WP_011104100.1,48.8,1044,1051,1047,1.7e-271,930.2,0.99334,0.997135
DAKCFMEO_00291,WP_003380455.1,40.6,1056,1051,1063,1.6e-211,731.1,1.00476,0.993415
DAKCFMEO_00292,WP_005768689.1,90.5,486,486,486,3.0e-242,832.0,1,1
DAKCFMEO_00292,WP_010201131.1,31.2,471,486,465,1.5e-39,158.7,0.969136,1.0129
DAKCFMEO_00293,WP_007246194.1,97.2,433,433,433,1.0e-238,820.1,1,1
DAKCFMEO_00293,WP_011104951.1,57.8,403,433,441,2.0e-125,443.7,0.930716,0.913832
DAKCFMEO_00293,WP_011104732.1,34.7,435,433,445,5.7e-59,223.0,1.00462,0.977528
DAKCFMEO_00293,WP_005767375.1,33.2,388,433,433,4.3e-51,196.8,0.896074,0.896074
DAKCFMEO_00293,WP_011103852.1,32.5,381,433,432,2.8e-50,194.1,0.879908,0.881944
DAKCFMEO_00293,WP_011107023.1,31.1,418,433,448,8.8e-44,172.6,0.965358,0.933036
DAKCFMEO_00293,WP_011106976.1,30.2,424,433,448,2.0e-43,171.4,0.979215,0.946429
DAKCFMEO_00293,WP_005767577.1,32.1,383,433,438,1.7e-42,168.3,0.884527,0.874429
DAKCFMEO_00293,WP_011103567.1,31.8,403,433,438,3.5e-40,160.6,0.930716,0.920091
DAKCFMEO_00293,WP_057443137.1,30.0,407,433,429,1.1e-33,139.0,0.939954,0.948718
DAKCFMEO_00294,WP_005768685.1,95.2,399,400,399,3.0e-216,745.3,0.9975,1
DAKCFMEO_00294,WP_011103367.1,44.2,400,400,392,2.9e-81,297.0,1,1.02041
DAKCFMEO_00294,WP_007245350.1,42.6,404,400,391,9.8e-74,271.9,1.01,1.03325
DAKCFMEO_00294,WP_011104413.1,37.2,395,400,402,1.4e-56,214.9,0.9875,0.982587
DAKCFMEO_00294,WP_011104287.1,35.0,411,400,413,1.1e-51,198.7,1.0275,0.995157
DAKCFMEO_00295,WP_007246196.1,94.6,259,259,259,4.8e-138,485.0,1,1
DAKCFMEO_00296,WP_005768681.1,98.6,285,285,285,2.3e-165,575.9,1,1
DAKCFMEO_00297,WP_005620205.1,98.2,280,280,280,7.4e-153,534.3,1,1
DAKCFMEO_00298,WP_003381628.1,90.6,64,65,65,7.3e-27,113.6,0.984615,0.984615
DAKCFMEO_00299,WP_005620206.1,95.9,490,490,490,1.9e-265,909.1,1,1
DAKCFMEO_00299,WP_005770788.1,45.4,485,490,538,1.6e-110,394.4,0.989796,0.901487
DAKCFMEO_00303,WP_005768677.1,82.7,52,57,69,4.0e-21,94.4,0.912281,0.753623
DAKCFMEO_00304,WP_003363851.1,98.9,283,283,283,4.8e-168,584.7,1,1
DAKCFMEO_00304,WP_005763680.1,45.5,279,283,285,3.9e-69,256.1,0.985866,0.978947
DAKCFMEO_00304,WP_007246877.1,46.8,280,283,288,8.8e-69,255.0,0.989399,0.972222
DAKCFMEO_00305,WP_002554971.1,94.4,126,126,126,5.0e-64,238.0,1,1
DAKCFMEO_00305,WP_003380449.1,53.7,121,126,120,1.0e-29,124.0,0.960317,1.00833
DAKCFMEO_00305,WP_011105154.1,45.5,121,126,124,4.2e-23,102.1,0.960317,0.975806
DAKCFMEO_00305,WP_007247160.1,46.3,121,126,121,1.6e-22,100.1,0.960317,1
DAKCFMEO_00306,WP_011104954.1,86.1,474,476,476,1.2e-248,853.2,0.995798,0.995798
DAKCFMEO_00307,WP_046463673.1,74.4,223,241,227,3.1e-91,329.3,0.925311,0.982379
DAKCFMEO_00308,WP_005768670.1,82.5,326,326,326,5.4e-155,541.6,1,1
DAKCFMEO_00309,WP_005768668.1,70.0,530,529,530,1.7e-214,740.0,1.00189,1
DAKCFMEO_00310,WP_011104956.1,76.4,399,403,406,4.3e-170,592.0,0.990074,0.982759
DAKCFMEO_00311,WP_010219554.1,88.6,351,351,349,1.4e-169,590.1,1,1.00573
DAKCFMEO_00311,WP_002554476.1,44.6,314,351,319,1.5e-65,244.6,0.894587,0.984326
DAKCFMEO_00311,WP_005738027.1,40.1,299,351,305,1.1e-57,218.4,0.851852,0.980328
DAKCFMEO_00312,WP_011104968.1,71.6,447,447,447,1.9e-182,633.3,1,1
DAKCFMEO_00313,WP_005768657.1,64.2,81,81,119,2.5e-29,122.1,1,0.680672
DAKCFMEO_00314,WP_046463668.1,92.6,122,124,133,3.0e-61,228.8,0.983871,0.917293
DAKCFMEO_00315,WP_003380907.1,99.0,483,483,483,2.3e-274,938.7,1,1
DAKCFMEO_00316,WP_007246206.1,80.1,312,312,312,1.1e-149,523.9,1,1
DAKCFMEO_00317,WP_003395253.1,98.4,507,507,507,2.5e-292,998.4,1,1
DAKCFMEO_00318,WP_011104970.1,66.3,653,940,940,6.6e-246,845.1,0.694681,0.694681
DAKCFMEO_00318,WP_011104973.1,63.0,662,940,886,9.6e-237,814.7,0.704255,0.747178
DAKCFMEO_00318,WP_011103479.1,52.6,683,940,922,2.4e-187,650.6,0.726596,0.740781
DAKCFMEO_00320,WP_011104971.1,71.5,1629,1617,1615,0.0e+00,2242.6,1.00742,1.00867
DAKCFMEO_00321,WP_011104972.1,69.5,1445,1450,1446,0.0e+00,2097.8,0.996552,0.999308
DAKCFMEO_00322,WP_011104973.1,65.7,648,938,886,3.9e-246,845.9,0.690832,0.731377
DAKCFMEO_00322,WP_011104970.1,65.2,656,938,940,2.0e-242,833.6,0.69936,0.697872
DAKCFMEO_00322,WP_011103479.1,51.7,673,938,922,5.9e-186,646.0,0.717484,0.729935
DAKCFMEO_00323,WP_011104970.1,66.7,658,936,940,4.9e-249,855.5,0.702991,0.7
DAKCFMEO_00323,WP_011104973.1,64.8,654,936,886,6.4e-241,828.6,0.698718,0.738149
DAKCFMEO_00323,WP_011103479.1,53.5,652,936,922,1.9e-184,641.0,0.696581,0.707158
DAKCFMEO_00324,WP_011104970.1,60.9,691,922,940,2.6e-239,823.2,0.749458,0.735106
DAKCFMEO_00324,WP_011104973.1,60.8,650,922,886,5.0e-230,792.3,0.704989,0.733634
DAKCFMEO_00324,WP_011103479.1,53.6,658,922,922,4.3e-189,656.4,0.713666,0.713666
DAKCFMEO_00327,WP_011104279.1,32.0,322,317,320,9.9e-37,148.7,1.01577,1.00625
DAKCFMEO_00332,WP_005763587.1,43.8,73,80,76,3.5e-15,75.1,0.9125,0.960526
DAKCFMEO_00333,WP_007246215.1,87.8,385,385,385,6.5e-208,717.6,1,1
DAKCFMEO_00333,WP_005768306.1,31.6,351,385,479,4.6e-44,173.3,0.911688,0.732777
DAKCFMEO_00333,WP_005765031.1,30.6,369,385,416,7.6e-39,156.0,0.958442,0.887019
DAKCFMEO_00334,WP_011104976.1,85.5,193,193,193,4.4e-88,318.5,1,1
DAKCFMEO_00335,WP_011104977.1,75.0,112,112,112,5.1e-44,171.4,1,1
DAKCFMEO_00336,WP_010218977.1,80.2,368,368,368,2.5e-180,625.9,1,1
DAKCFMEO_00337,WP_005768625.1,96.4,251,251,251,4.8e-143,501.5,1,1
DAKCFMEO_00338,WP_005768622.1,89.9,268,263,268,9.5e-134,470.7,1.01901,1
DAKCFMEO_00339,WP_005768620.1,93.0,199,199,199,1.5e-107,383.3,1,1
DAKCFMEO_00340,WP_011104978.1,93.2,103,104,104,4.2e-53,201.4,0.990385,0.990385
DAKCFMEO_00340,WP_007244871.1,48.4,93,104,98,2.1e-20,92.8,0.894231,0.94898
DAKCFMEO_00341,WP_011104979.1,95.4,388,388,388,4.9e-195,674.9,1,1
DAKCFMEO_00341,WP_011103633.1,34.0,377,388,405,1.1e-45,178.7,0.971649,0.930864
DAKCFMEO_00341,WP_011104143.1,31.8,362,388,384,2.5e-37,151.0,0.93299,0.942708
DAKCFMEO_00342,WP_011104980.1,90.3,349,349,349,5.0e-191,661.4,1,1
DAKCFMEO_00342,WP_005767796.1,49.7,354,349,360,4.8e-93,335.9,1.01433,0.983333
DAKCFMEO_00342,WP_011104372.1,48.9,358,349,367,2.2e-90,327.0,1.02579,0.975477
DAKCFMEO_00342,WP_011104924.1,40.3,367,349,368,1.8e-68,254.2,1.05158,0.997283
DAKCFMEO_00342,WP_011104374.1,35.0,354,349,365,1.7e-42,167.9,1.01433,0.969863
DAKCFMEO_00342,WP_011103575.1,37.2,231,349,368,1.3e-32,135.2,0.661891,0.627717
DAKCFMEO_00342,WP_011103986.1,34.5,235,349,363,1.1e-28,122.1,0.673352,0.647383
DAKCFMEO_00344,WP_011104981.1,74.7,289,283,289,2.9e-80,293.1,1.0212,1
DAKCFMEO_00345,WP_046463422.1,92.1,329,330,330,2.4e-179,622.5,0.99697,0.99697
DAKCFMEO_00346,WP_011104983.1,88.1,295,299,299,5.1e-152,531.6,0.986622,0.986622
DAKCFMEO_00347,WP_005768608.1,87.0,200,200,200,1.1e-94,340.5,1,1
DAKCFMEO_00348,WP_003380941.1,93.3,193,193,193,1.2e-109,390.2,1,1
DAKCFMEO_00348,WP_011105010.1,44.0,200,193,203,1.1e-51,197.6,1.03627,0.985222
DAKCFMEO_00349,WP_011104985.1,91.4,683,683,683,0.0e+00,1209.9,1,1
DAKCFMEO_00349,WP_011103090.1,41.5,424,683,643,4.0e-91,330.5,0.620791,0.659409
DAKCFMEO_00349,WP_005764073.1,39.8,450,683,705,3.7e-89,323.9,0.658858,0.638298
DAKCFMEO_00349,WP_011104176.1,40.1,429,683,703,6.3e-89,323.2,0.628111,0.610242
DAKCFMEO_00349,WP_011103884.1,38.5,441,683,730,9.8e-82,299.3,0.645681,0.60411
DAKCFMEO_00349,WP_007247222.1,36.9,442,683,554,1.0e-78,289.3,0.647145,0.797834
DAKCFMEO_00349,WP_011104266.1,33.0,433,683,656,4.7e-60,227.3,0.633968,0.660061
DAKCFMEO_00349,WP_011107020.1,31.2,465,683,649,9.9e-58,219.5,0.68082,0.716487
DAKCFMEO_00349,WP_011105049.1,31.2,423,683,607,2.8e-52,201.4,0.619327,0.69687
DAKCFMEO_00350,WP_007246223.1,96.1,388,452,452,2.2e-215,742.7,0.858407,0.858407
DAKCFMEO_00353,WP_044392855.1,31.9,191,279,295,2.1e-14,74.3,0.684588,0.647458
DAKCFMEO_00353,WP_011104753.1,32.1,190,279,299,1.2e-12,68.6,0.681004,0.635452
DAKCFMEO_00355,WP_011104986.1,92.0,475,475,475,5.3e-268,917.5,1,1
DAKCFMEO_00356,WP_011104987.1,94.9,354,354,354,1.3e-189,656.8,1,1
DAKCFMEO_00357,WP_011104988.1,90.7,364,366,365,1.7e-202,699.5,0.994536,0.99726
DAKCFMEO_00361,WP_011104724.1,34.4,227,232,235,2.9e-25,110.2,0.978448,0.965957
DAKCFMEO_00363,WP_003380455.1,31.8,1038,1017,1063,2.1e-133,471.5,1.02065,0.976482
DAKCFMEO_00363,WP_005768691.1,32.1,1026,1017,1044,6.9e-132,466.5,1.00885,0.982759
DAKCFMEO_00363,WP_011104100.1,30.9,1047,1017,1047,1.0e-122,436.0,1.0295,1
DAKCFMEO_00363,WP_011103502.1,30.4,1021,1017,1034,1.7e-109,392.1,1.00393,0.987427
DAKCFMEO_00364,WP_005768596.1,78.7,75,75,75,3.1e-29,121.7,1,1
DAKCFMEO_00365,WP_011104989.1,81.2,240,239,240,1.7e-113,403.3,1.00418,1
DAKCFMEO_00365,WP_005762965.1,34.4,221,239,253,6.6e-25,109.0,0.924686,0.873518
DAKCFMEO_00366,WP_005739535.1,91.6,226,226,226,4.6e-121,428.3,1,1
DAKCFMEO_00366,WP_011105577.1,64.9,225,226,226,8.3e-86,311.2,0.995575,0.995575
DAKCFMEO_00367,WP_003380966.1,95.6,429,429,429,4.1e-235,808.1,1,1
DAKCFMEO_00367,WP_011105576.1,55.2,424,429,428,1.1e-126,448.0,0.988345,0.990654
DAKCFMEO_00367,WP_011104914.1,30.1,302,429,460,9.1e-17,82.8,0.703963,0.656522
DAKCFMEO_00368,WP_002555020.1,98.7,227,227,227,6.1e-129,454.5,1,1
DAKCFMEO_00368,WP_005770857.1,55.5,220,227,224,1.5e-71,263.8,0.969163,0.982143
DAKCFMEO_00368,WP_159229484.1,54.3,197,227,207,4.4e-63,235.7,0.867841,0.951691
DAKCFMEO_00368,WP_011104125.1,48.7,224,227,233,5.2e-56,212.2,0.986784,0.961373
DAKCFMEO_00368,WP_005764042.1,41.2,221,227,225,5.4e-45,175.6,0.973568,0.982222
DAKCFMEO_00368,WP_002554192.1,42.0,219,227,229,4.3e-42,166.0,0.964758,0.956332
DAKCFMEO_00368,WP_011103755.1,41.2,221,227,220,6.9e-40,158.7,0.973568,1.00455
DAKCFMEO_00368,WP_003381155.1,39.7,224,227,227,2.0e-39,157.1,0.986784,0.986784
DAKCFMEO_00368,WP_005739198.1,38.9,226,227,223,7.1e-37,148.7,0.995595,1.01345
DAKCFMEO_00368,WP_003382360.1,38.6,223,227,224,1.6e-36,147.5,0.982379,0.995536
DAKCFMEO_00368,WP_007246025.1,37.3,220,227,222,8.1e-33,135.2,0.969163,0.990991
DAKCFMEO_00368,WP_003383141.1,35.6,222,227,229,1.5e-31,131.0,0.977974,0.969432
DAKCFMEO_00368,WP_003381559.1,32.7,223,227,225,4.2e-29,122.9,0.982379,0.991111
DAKCFMEO_00368,WP_005769238.1,35.4,237,227,254,2.1e-28,120.6,1.04405,0.933071
DAKCFMEO_00368,WP_007244755.1,35.8,226,227,249,2.7e-28,120.2,0.995595,0.907631
DAKCFMEO_00368,WP_003380226.1,35.0,226,227,246,4.6e-28,119.4,0.995595,0.918699
DAKCFMEO_00368,WP_005764051.1,36.4,228,227,245,7.9e-28,118.6,1.00441,0.930612
DAKCFMEO_00368,WP_005766623.1,33.2,223,227,245,1.3e-25,111.3,0.982379,0.910204
DAKCFMEO_00368,WP_004396544.1,34.2,222,227,225,1.4e-24,107.8,0.977974,0.986667
DAKCFMEO_00368,WP_011103914.1,32.9,222,227,230,4.5e-23,102.8,0.977974,0.965217
DAKCFMEO_00369,WP_005768589.1,85.5,235,269,247,1.5e-118,420.2,0.873606,0.951417
DAKCFMEO_00369,WP_011104259.1,32.5,231,269,276,3.7e-24,106.7,0.858736,0.836957
DAKCFMEO_00370,WP_007246228.1,98.5,535,547,547,4.5e-287,981.1,0.978062,0.978062
DAKCFMEO_00371,WP_003304675.1,99.0,97,97,97,5.9e-49,187.6,1,1
DAKCFMEO_00372,WP_005768585.1,79.3,164,164,164,2.3e-61,229.6,1,1
DAKCFMEO_00374,WP_011104991.1,93.3,252,266,252,5.4e-129,454.9,0.947368,1
DAKCFMEO_00374,WP_005770626.1,33.2,253,266,247,6.2e-32,132.5,0.951128,1.02429
DAKCFMEO_00374,WP_005770966.1,34.4,250,266,254,8.9e-31,128.6,0.93985,0.984252
DAKCFMEO_00374,WP_011104035.1,32.1,265,266,266,6.4e-29,122.5,0.996241,0.996241
DAKCFMEO_00374,WP_005762514.1,30.6,252,266,248,1.0e-26,115.2,0.947368,1.01613
DAKCFMEO_00374,WP_005762581.1,31.7,252,266,255,8.6e-26,112.1,0.947368,0.988235
DAKCFMEO_00374,WP_005765466.1,32.4,247,266,242,1.1e-25,111.7,0.928571,1.02066
DAKCFMEO_00374,WP_005764784.1,33.3,237,266,249,1.6e-24,107.8,0.890977,0.951807
DAKCFMEO_00374,WP_011103979.1,31.0,271,266,266,2.8e-24,107.1,1.0188,1.0188
DAKCFMEO_00374,WP_005771315.1,31.5,254,266,249,3.1e-23,103.6,0.954887,1.02008
DAKCFMEO_00374,WP_011103980.1,30.6,255,266,254,3.4e-22,100.1,0.958647,1.00394
DAKCFMEO_00374,WP_011103459.1,32.4,259,266,306,7.6e-22,99.0,0.973684,0.846405
DAKCFMEO_00374,WP_005764783.1,31.5,257,266,253,9.9e-22,98.6,0.966165,1.01581
DAKCFMEO_00374,WP_005767607.1,33.8,198,266,271,3.0e-18,87.0,0.744361,0.730627
DAKCFMEO_00374,WP_007246009.1,31.7,246,266,286,1.5e-17,84.7,0.924812,0.86014
DAKCFMEO_00374,WP_007245058.1,34.4,195,266,270,4.5e-14,73.2,0.733083,0.722222
DAKCFMEO_00375,WP_005620274.1,91.6,335,335,335,2.3e-185,642.5,1,1
DAKCFMEO_00376,WP_007246230.1,87.5,104,118,148,3.8e-50,191.8,0.881356,0.702703
DAKCFMEO_00377,WP_005768580.1,93.0,516,516,516,6.4e-267,914.1,1,1
DAKCFMEO_00378,WP_011104992.1,52.4,105,103,107,1.0e-19,90.5,1.01942,0.981308
DAKCFMEO_00379,WP_005766595.1,90.6,276,276,276,2.3e-138,486.1,1,1
DAKCFMEO_00380,WP_003380977.1,96.2,159,159,159,2.5e-81,295.8,1,1
DAKCFMEO_00381,WP_011104997.1,76.8,306,306,306,3.4e-135,475.7,1,1
DAKCFMEO_00382,WP_005766590.1,94.2,677,678,678,0.0e+00,1243.4,0.998525,0.998525
DAKCFMEO_00383,WP_011104998.1,91.1,191,192,192,2.1e-98,352.8,0.994792,0.994792
DAKCFMEO_00385,WP_011104999.1,88.6,315,315,316,3.7e-169,588.6,1,0.996835
DAKCFMEO_00387,WP_011105001.1,96.3,405,405,405,5.6e-226,777.7,1,1
DAKCFMEO_00388,WP_005766579.1,96.4,913,912,913,0.0e+00,1727.2,1.0011,1
DAKCFMEO_00389,WP_003377653.1,94.7,151,151,151,4.2e-78,285.0,1,1
DAKCFMEO_00390,WP_003377651.1,98.7,303,303,303,3.6e-169,588.6,1,1
DAKCFMEO_00391,WP_005766576.1,99.2,395,395,395,7.1e-218,750.7,1,1
DAKCFMEO_00392,WP_003377649.1,98.6,418,418,418,5.4e-232,797.7,1,1
DAKCFMEO_00393,WP_005766574.1,94.0,285,287,289,1.3e-152,533.5,0.993031,0.986159
DAKCFMEO_00394,WP_011105003.1,92.8,318,319,319,1.8e-166,579.7,0.996865,0.996865
DAKCFMEO_00394,WP_005764809.1,32.4,343,319,363,9.0e-38,152.1,1.07524,0.944904
DAKCFMEO_00395,WP_005766570.1,96.3,486,486,486,3.3e-273,934.9,1,1
DAKCFMEO_00395,WP_005770120.1,30.9,366,486,449,5.4e-42,166.8,0.753086,0.815145
DAKCFMEO_00396,WP_005766568.1,93.8,356,356,356,2.2e-189,656.0,1,1
DAKCFMEO_00397,WP_162839066.1,98.5,403,404,403,6.2e-225,774.2,0.997525,1
DAKCFMEO_00397,WP_007244673.1,31.3,367,404,367,1.4e-35,145.2,0.908416,1
DAKCFMEO_00398,WP_005766566.1,92.0,448,448,448,2.7e-237,815.5,1,1
DAKCFMEO_00399,WP_003313553.1,99.2,360,360,360,5.5e-201,694.5,1,1
DAKCFMEO_00400,WP_011105004.1,86.4,456,456,456,1.8e-225,776.2,1,1
DAKCFMEO_00401,WP_005766562.1,91.5,484,487,487,3.3e-257,881.7,0.99384,0.99384
DAKCFMEO_00402,WP_017682720.1,95.8,577,576,576,0.0e+00,1097.0,1.00174,1.00174
DAKCFMEO_00403,WP_005739040.1,96.9,97,97,97,1.4e-45,176.4,1,1
DAKCFMEO_00404,WP_007243678.1,95.5,313,313,313,8.8e-171,594.0,1,1
DAKCFMEO_00405,WP_005620303.1,96.7,151,151,151,3.7e-82,298.5,1,1
DAKCFMEO_00406,WP_007243679.1,95.5,288,289,289,9.1e-154,537.3,0.99654,0.99654
DAKCFMEO_00407,WP_005766553.1,92.2,604,604,604,0.0e+00,1081.6,1,1
DAKCFMEO_00408,WP_005766552.1,82.8,128,124,128,5.8e-57,214.5,1.03226,1
DAKCFMEO_00409,WP_005620308.1,98.0,197,197,197,2.0e-104,372.9,1,1
DAKCFMEO_00410,WP_005766550.1,96.4,192,192,192,2.7e-98,352.4,1,1
DAKCFMEO_00411,WP_003377610.1,92.0,138,138,137,7.8e-71,260.8,1,1.0073
DAKCFMEO_00412,WP_005766548.1,97.1,205,205,205,1.9e-113,402.9,1,1
DAKCFMEO_00416,WP_002555064.1,97.7,130,130,130,3.2e-66,245.4,1,1
DAKCFMEO_00417,WP_003377605.1,98.6,142,142,142,2.8e-79,288.9,1,1
DAKCFMEO_00418,WP_161797771.1,92.5,295,331,303,5.9e-165,574.7,0.891239,0.973597
DAKCFMEO_00419,WP_005766543.1,95.3,339,339,364,3.4e-192,665.2,1,0.931319
DAKCFMEO_00419,WP_005765211.1,39.8,327,339,371,2.4e-60,227.3,0.964602,0.881402
DAKCFMEO_00420,WP_005766542.1,91.5,449,449,449,4.1e-238,818.1,1,1
DAKCFMEO_00421,WP_003377598.1,92.3,209,231,209,9.6e-114,404.1,0.904762,1
DAKCFMEO_00422,WP_005620321.1,93.9,147,144,147,3.3e-72,265.4,1.02083,1
DAKCFMEO_00424,WP_011105005.1,96.5,632,632,632,0.0e+00,1209.9,1,1
DAKCFMEO_00425,WP_003313577.1,99.0,305,305,305,7.3e-178,617.5,1,1
DAKCFMEO_00426,WP_003377592.1,96.0,252,252,252,2.0e-141,496.1,1,1
DAKCFMEO_00427,WP_003377590.1,95.6,386,386,386,1.3e-211,729.9,1,1
DAKCFMEO_00427,WP_005764764.1,45.1,339,386,479,1.1e-74,275.0,0.878238,0.707724
DAKCFMEO_00428,WP_005766530.1,91.7,350,350,350,1.8e-188,652.9,1,1
DAKCFMEO_00429,WP_005766528.1,97.5,447,448,448,7.0e-246,844.0,0.997768,0.997768
DAKCFMEO_00430,WP_005766526.1,99.0,210,211,211,2.8e-112,399.1,0.995261,0.995261
DAKCFMEO_00431,WP_005739059.1,97.4,421,421,421,6.4e-233,800.8,1,1
DAKCFMEO_00432,WP_003377577.1,89.9,79,79,79,2.9e-38,151.8,1,1
DAKCFMEO_00433,WP_005766523.1,85.1,101,101,101,8.6e-43,167.2,1,1
DAKCFMEO_00434,WP_005766521.1,86.6,217,217,216,2.7e-102,365.9,1,1.00463
DAKCFMEO_00435,WP_003377572.1,93.5,155,155,155,2.0e-75,276.2,1,1
DAKCFMEO_00436,WP_011105008.1,89.8,265,265,265,7.3e-126,444.5,1,1
DAKCFMEO_00437,WP_005620333.1,98.5,269,269,269,2.3e-151,529.3,1,1
DAKCFMEO_00437,WP_011104329.1,32.9,252,269,261,6.5e-37,149.1,0.936803,0.965517
DAKCFMEO_00437,WP_003380252.1,36.3,234,269,326,1.6e-35,144.4,0.869888,0.717791
DAKCFMEO_00437,WP_011103331.1,32.9,240,269,381,2.8e-32,133.7,0.892193,0.629921
DAKCFMEO_00437,WP_005770464.1,31.3,227,269,329,8.2e-32,132.1,0.843866,0.68997
DAKCFMEO_00437,WP_011104057.1,33.2,238,269,342,1.4e-31,131.3,0.884758,0.695906
DAKCFMEO_00437,WP_011104358.1,36.7,218,269,345,1.8e-31,131.0,0.810409,0.631884
DAKCFMEO_00437,WP_011104376.1,31.5,238,269,253,1.5e-30,127.9,0.884758,0.940711
DAKCFMEO_00437,WP_011103158.1,37.6,226,269,347,2.6e-30,127.1,0.840149,0.651297
DAKCFMEO_00437,WP_005768429.1,33.0,227,269,244,3.4e-30,126.7,0.843866,0.930328
DAKCFMEO_00437,WP_011105420.1,36.6,205,269,270,1.7e-29,124.4,0.762082,0.759259
DAKCFMEO_00437,WP_007245567.1,32.5,228,269,247,2.2e-29,124.0,0.847584,0.923077
DAKCFMEO_00437,WP_005768959.1,30.8,224,269,368,5.0e-29,122.9,0.832714,0.608696
DAKCFMEO_00437,WP_005620338.1,31.3,217,269,241,4.2e-28,119.8,0.806691,0.900415
DAKCFMEO_00437,WP_007247035.1,32.5,212,269,276,4.2e-28,119.8,0.788104,0.768116
DAKCFMEO_00437,WP_005763638.1,34.5,203,269,223,4.6e-27,116.3,0.754647,0.910314
DAKCFMEO_00437,WP_044390643.1,32.3,226,269,356,4.6e-27,116.3,0.840149,0.634831
DAKCFMEO_00438,WP_005766516.1,91.0,324,324,324,6.3e-164,571.2,1,1
DAKCFMEO_00439,WP_005766514.1,77.7,179,179,179,1.2e-74,273.9,1,1
DAKCFMEO_00440,WP_005766512.1,82.1,190,190,190,8.8e-89,320.9,1,1
DAKCFMEO_00441,WP_007243690.1,96.1,181,182,182,7.8e-95,340.9,0.994505,0.994505
DAKCFMEO_00442,WP_005620338.1,98.3,241,241,241,5.6e-133,468.0,1,1
DAKCFMEO_00442,WP_005767488.1,31.1,212,241,229,7.6e-29,122.1,0.879668,0.925764
DAKCFMEO_00442,WP_005620333.1,31.0,216,241,269,2.2e-28,120.6,0.896266,0.802974
DAKCFMEO_00442,WP_011104057.1,32.4,216,241,342,4.9e-28,119.4,0.896266,0.631579
DAKCFMEO_00442,WP_011103158.1,32.9,213,241,347,6.6e-25,109.0,0.883817,0.613833
DAKCFMEO_00443,WP_003377556.1,94.7,489,489,497,9.3e-260,890.2,1,0.983903
DAKCFMEO_00444,WP_003377554.1,99.0,102,102,102,6.0e-52,197.6,1,1
DAKCFMEO_00445,WP_005766506.1,81.8,154,154,154,2.9e-66,245.7,1,1
DAKCFMEO_00446,WP_003377550.1,95.4,285,285,285,1.1e-156,547.0,1,1
DAKCFMEO_00447,WP_003377548.1,90.0,90,90,90,5.5e-41,161.0,1,1
DAKCFMEO_00449,WP_007244314.1,40.5,279,295,305,1.7e-38,154.5,0.945763,0.914754
DAKCFMEO_00450,WP_011105010.1,92.1,203,203,203,4.2e-113,401.7,1,1
DAKCFMEO_00450,WP_003380941.1,44.5,200,203,193,1.7e-50,193.7,0.985222,1.03627
DAKCFMEO_00451,WP_005766501.1,92.8,153,153,153,3.9e-79,288.5,1,1
DAKCFMEO_00452,WP_011105011.1,92.1,458,458,458,5.1e-236,811.2,1,1
DAKCFMEO_00452,WP_005766716.1,45.4,460,458,464,5.7e-102,365.9,1.00437,0.991379
DAKCFMEO_00452,WP_005739655.1,42.1,466,458,474,1.9e-89,324.3,1.01747,0.983122
DAKCFMEO_00453,WP_011105012.1,82.4,131,131,131,1.8e-64,239.6,1,1
DAKCFMEO_00454,WP_007243694.1,94.0,448,448,448,8.0e-242,830.5,1,1
DAKCFMEO_00455,WP_003377535.1,97.7,173,173,173,3.5e-92,332.0,1,1
DAKCFMEO_00456,WP_011105013.1,97.7,479,479,479,1.6e-267,916.0,1,1
DAKCFMEO_00457,WP_005766488.1,89.7,281,281,281,1.4e-143,503.4,1,1
DAKCFMEO_00457,WP_005763805.1,32.0,247,281,268,2.8e-19,90.5,0.879004,0.921642
DAKCFMEO_00458,WP_011105014.1,85.1,1271,1271,1271,0.0e+00,2191.0,1,1
DAKCFMEO_00459,WP_003377531.1,98.8,485,485,485,3.6e-272,931.4,1,1
DAKCFMEO_00460,WP_011105015.1,83.9,199,200,200,2.2e-90,326.2,0.995,0.995
DAKCFMEO_00460,WP_011104746.1,35.9,192,200,192,1.8e-20,94.0,0.96,1
DAKCFMEO_00461,WP_003377527.1,97.5,163,163,163,4.6e-86,311.6,1,1
DAKCFMEO_00462,WP_074842212.1,94.9,331,380,375,1.5e-172,600.1,0.871053,0.882667
DAKCFMEO_00463,WP_002555108.1,100.0,345,345,345,6.5e-191,661.0,1,1
DAKCFMEO_00464,WP_002555109.1,97.9,95,95,95,1.1e-47,183.3,1,1
DAKCFMEO_00465,WP_005766477.1,97.1,483,483,483,8.9e-271,926.8,1,1
DAKCFMEO_00465,WP_011103993.1,34.8,428,483,511,8.3e-59,222.6,0.886128,0.837573
DAKCFMEO_00465,WP_046463318.1,31.1,476,483,467,1.5e-52,201.8,0.985507,1.01927
DAKCFMEO_00465,WP_011105036.1,31.1,492,483,481,1.2e-41,165.6,1.01863,1.02287
DAKCFMEO_00466,WP_011105016.1,98.1,481,481,481,4.0e-271,927.9,1,1
DAKCFMEO_00467,WP_011105017.1,87.8,123,123,122,8.8e-58,217.2,1,1.0082
DAKCFMEO_00468,WP_011105018.1,76.7,343,343,343,4.5e-128,452.2,1,1
DAKCFMEO_00469,WP_007243700.1,92.1,127,127,127,7.7e-65,240.7,1,1
DAKCFMEO_00469,WP_005737978.1,45.4,119,127,132,2.2e-27,116.3,0.937008,0.901515
DAKCFMEO_00470,WP_005766467.1,86.6,313,313,316,1.5e-146,513.5,1,0.990506
DAKCFMEO_00471,WP_011105019.1,92.2,527,524,527,9.2e-298,1016.5,1.00573,1
DAKCFMEO_00473,WP_011103366.1,92.3,584,580,584,3.8e-268,918.3,1.0069,1
DAKCFMEO_00474,WP_007246110.1,92.0,313,313,313,2.3e-158,552.7,1,1
DAKCFMEO_00475,WP_011103365.1,92.8,916,956,955,0.0e+00,1631.7,0.958159,0.959162
DAKCFMEO_00476,WP_007246111.1,91.2,329,331,331,3.5e-170,592.0,0.993958,0.993958
DAKCFMEO_00477,WP_046463568.1,84.2,259,260,267,5.1e-132,464.9,0.996154,0.970037
DAKCFMEO_00477,WP_011104742.1,31.5,257,260,261,2.9e-34,140.2,0.988462,0.984674
DAKCFMEO_00478,WP_011103363.1,85.2,277,278,278,9.7e-129,454.1,0.996403,0.996403
DAKCFMEO_00479,WP_011103362.1,90.1,182,182,182,1.1e-99,357.1,1,1
DAKCFMEO_00480,WP_011103361.1,82.5,750,748,751,0.0e+00,1169.1,1.00267,0.998668
DAKCFMEO_00481,WP_005770545.1,92.9,282,282,282,2.3e-146,512.7,1,1
DAKCFMEO_00482,WP_005770547.1,84.0,362,362,356,3.5e-171,595.5,1,1.01685
DAKCFMEO_00483,WP_011103359.1,88.9,413,413,412,2.8e-209,722.2,1,1.00243
DAKCFMEO_00484,WP_003383244.1,92.2,192,192,192,4.7e-98,351.7,1,1
DAKCFMEO_00484,WP_003383243.1,65.8,190,192,191,2.7e-69,256.1,0.989583,0.994764
DAKCFMEO_00484,WP_005770558.1,38.6,189,192,197,6.2e-26,112.1,0.984375,0.959391
DAKCFMEO_00485,WP_003383243.1,93.2,191,191,191,1.3e-100,360.1,1,1
DAKCFMEO_00485,WP_003383244.1,65.1,189,191,192,1.0e-68,254.2,0.989529,0.984375
DAKCFMEO_00485,WP_005770558.1,40.7,189,191,197,7.8e-29,121.7,0.989529,0.959391
DAKCFMEO_00486,WP_003383242.1,96.5,344,344,344,5.3e-185,641.3,1,1
DAKCFMEO_00487,WP_005614818.1,98.0,149,149,149,1.5e-80,293.1,1,1
DAKCFMEO_00488,WP_011103358.1,89.3,401,399,401,2.4e-189,656.0,1.00501,1
DAKCFMEO_00489,WP_005770558.1,99.0,197,197,197,4.2e-110,391.7,1,1
DAKCFMEO_00489,WP_003383243.1,40.2,189,197,191,3.3e-30,126.3,0.959391,0.989529
DAKCFMEO_00489,WP_003383244.1,37.6,189,197,192,1.2e-27,117.9,0.959391,0.984375
DAKCFMEO_00490,WP_024668366.1,87.9,248,234,248,4.2e-125,441.8,1.05983,1
DAKCFMEO_00491,WP_005770562.1,94.6,316,316,316,1.8e-171,596.3,1,1
DAKCFMEO_00492,WP_011103356.1,79.9,363,364,364,3.7e-168,585.5,0.997253,0.997253
DAKCFMEO_00493,WP_005770566.1,90.5,252,252,252,1.0e-137,483.8,1,1
DAKCFMEO_00494,WP_011103355.1,91.0,377,377,377,5.4e-199,688.0,1,1
DAKCFMEO_00495,WP_007246125.1,86.6,382,380,382,4.8e-195,674.9,1.00526,1
DAKCFMEO_00496,WP_005770572.1,87.0,332,332,332,2.7e-170,592.4,1,1
DAKCFMEO_00497,WP_003383227.1,84.7,183,183,181,3.4e-82,298.9,1,1.01105
DAKCFMEO_00498,WP_011103226.1,34.5,145,143,173,1.1e-19,90.9,1.01399,0.83815
DAKCFMEO_00499,WP_046463279.1,67.5,326,326,326,1.3e-124,440.7,1,1
DAKCFMEO_00501,WP_011103351.1,42.2,135,169,142,2.4e-13,70.1,0.798817,0.950704
DAKCFMEO_00502,WP_011103350.1,85.9,561,566,564,5.0e-273,934.5,0.991166,0.994681
DAKCFMEO_00502,WP_010211386.1,38.9,537,566,578,6.0e-101,362.8,0.948763,0.929066
DAKCFMEO_00502,WP_005763446.1,34.4,578,566,594,1.3e-84,308.5,1.0212,0.973064
DAKCFMEO_00503,WP_011103349.1,85.9,405,405,405,3.3e-194,672.2,1,1
DAKCFMEO_00504,WP_005770019.1,88.3,290,290,290,8.5e-152,530.8,1,1
DAKCFMEO_00505,WP_005770017.1,77.8,207,207,207,1.2e-86,313.9,1,1
DAKCFMEO_00506,WP_003381207.1,91.3,69,69,69,7.0e-36,143.7,1,1
DAKCFMEO_00508,WP_003381213.1,94.7,209,209,209,2.1e-112,399.4,1,1
DAKCFMEO_00509,WP_005770014.1,93.8,176,181,177,8.3e-97,347.4,0.972376,0.99435
DAKCFMEO_00511,WP_005614782.1,93.8,432,432,432,3.0e-230,792.0,1,1
DAKCFMEO_00512,WP_011104501.1,84.4,250,259,259,2.4e-113,402.9,0.965251,0.965251
DAKCFMEO_00517,WP_005614629.1,92.8,853,854,854,0.0e+00,1503.4,0.998829,0.998829
DAKCFMEO_00517,WP_011105486.1,43.0,672,854,882,1.7e-147,518.1,0.786885,0.761905
DAKCFMEO_00517,WP_011104076.1,42.2,690,854,867,1.1e-146,515.4,0.807963,0.795848
DAKCFMEO_00517,WP_011104508.1,40.5,730,854,757,3.1e-141,497.3,0.854801,0.964333
DAKCFMEO_00518,WP_011103303.1,85.1,242,242,242,2.9e-121,429.1,1,1
DAKCFMEO_00519,WP_003381266.1,98.8,320,320,320,7.1e-184,637.5,1,1
DAKCFMEO_00519,WP_005619727.1,33.3,255,320,318,5.5e-27,116.3,0.796875,0.801887
DAKCFMEO_00519,WP_005770474.1,34.2,219,320,211,7.2e-27,115.9,0.684375,1.03791
DAKCFMEO_00520,WP_005769279.1,96.5,340,340,340,7.3e-187,647.5,1,1
DAKCFMEO_00521,WP_005769277.1,83.2,531,530,531,1.2e-244,840.1,1.00189,1
DAKCFMEO_00522,WP_011103301.1,87.7,446,446,446,7.0e-222,764.2,1,1
DAKCFMEO_00522,WP_011103371.1,38.1,475,446,478,3.0e-79,290.4,1.06502,0.993724
DAKCFMEO_00522,WP_002555721.1,36.6,465,446,478,5.1e-79,289.7,1.0426,0.972803
DAKCFMEO_00522,WP_011104948.1,44.5,371,446,444,1.6e-77,284.6,0.831839,0.835586
DAKCFMEO_00522,WP_011103783.1,36.1,463,446,471,8.1e-77,282.3,1.03812,0.983015
DAKCFMEO_00522,WP_003380235.1,41.3,383,446,448,3.4e-75,276.9,0.858744,0.854911
DAKCFMEO_00522,WP_007246574.1,36.4,450,446,461,9.3e-73,268.9,1.00897,0.976139
DAKCFMEO_00522,WP_007246617.1,34.9,459,446,442,2.7e-72,267.3,1.02915,1.03846
DAKCFMEO_00522,WP_011105485.1,44.4,311,446,505,4.0e-68,253.4,0.697309,0.615842
DAKCFMEO_00522,WP_003382141.1,33.8,479,446,491,1.3e-63,238.4,1.07399,0.97556
DAKCFMEO_00522,WP_007244904.1,39.3,377,446,502,6.7e-63,236.1,0.845291,0.750996
DAKCFMEO_00522,WP_011104077.1,40.9,308,446,509,1.1e-62,235.3,0.690583,0.605108
DAKCFMEO_00522,WP_005769514.1,41.7,333,446,439,7.6e-59,222.6,0.746637,0.758542
DAKCFMEO_00522,WP_007246973.1,39.8,322,446,368,8.4e-58,219.2,0.721973,0.875
DAKCFMEO_00522,WP_011104402.1,33.6,452,446,434,5.5e-57,216.5,1.01345,1.04147
DAKCFMEO_00522,WP_005767731.1,34.8,316,446,521,4.2e-49,190.3,0.70852,0.606526
DAKCFMEO_00522,WP_011103533.1,36.2,287,446,314,2.6e-43,171.0,0.643498,0.914013
DAKCFMEO_00522,WP_005763906.1,33.0,315,446,302,1.2e-35,145.6,0.706278,1.04305
DAKCFMEO_00524,WP_011103296.1,74.4,133,133,133,3.4e-31,129.0,1,1
DAKCFMEO_00525,WP_011103295.1,73.6,1088,1086,1067,0.0e+00,1598.2,1.00184,1.01968
DAKCFMEO_00526,WP_011103294.1,67.3,171,168,168,1.5e-47,183.7,1.01786,1.01786
DAKCFMEO_00527,WP_011103293.1,77.9,235,234,235,1.7e-97,350.1,1.00427,1
DAKCFMEO_00528,WP_011103292.1,76.2,172,172,171,1.7e-62,233.4,1,1.00585
DAKCFMEO_00529,WP_007246769.1,78.3,161,160,157,6.5e-61,228.0,1.00625,1.02548
DAKCFMEO_00530,WP_005769263.1,75.2,165,166,166,2.6e-65,242.7,0.993976,0.993976
DAKCFMEO_00531,WP_005769262.1,97.1,315,315,315,6.4e-177,614.4,1,1
DAKCFMEO_00532,WP_003381292.1,96.8,158,158,158,2.4e-84,305.8,1,1
DAKCFMEO_00532,WP_005736521.1,30.9,139,158,161,2.0e-17,83.6,0.879747,0.863354
DAKCFMEO_00533,WP_005769261.1,88.3,162,171,173,1.0e-83,303.9,0.947368,0.936416
DAKCFMEO_00534,WP_011103291.1,95.7,943,943,943,0.0e+00,1882.1,1,1
DAKCFMEO_00535,WP_005769259.1,96.1,308,316,308,2.2e-169,589.3,0.974684,1
DAKCFMEO_00536,WP_005769258.1,96.5,512,512,512,1.1e-274,939.9,1,1
DAKCFMEO_00537,WP_003344603.1,100.0,92,92,92,2.1e-43,169.1,1,1
DAKCFMEO_00538,WP_005769257.1,91.0,156,156,156,2.8e-77,282.3,1,1
DAKCFMEO_00539,WP_003381304.1,97.6,372,373,372,4.4e-201,694.9,0.997319,1
DAKCFMEO_00540,WP_005769256.1,96.1,407,407,407,4.6e-220,758.1,1,1
DAKCFMEO_00541,WP_002551972.1,100.0,91,91,91,1.0e-47,183.3,1,1
DAKCFMEO_00542,WP_003381306.1,99.0,103,103,103,3.8e-54,204.9,1,1
DAKCFMEO_00543,WP_003381308.1,96.3,322,322,322,1.5e-173,603.2,1,1
DAKCFMEO_00543,WP_007245492.1,33.8,219,322,295,4.9e-23,103.2,0.680124,0.742373
DAKCFMEO_00545,WP_002555214.1,96.2,80,80,80,6.4e-41,160.6,1,1
DAKCFMEO_00546,WP_005736691.1,92.2,205,205,205,3.6e-104,372.1,1,1
DAKCFMEO_00546,WP_005770450.1,43.1,204,205,257,9.3e-44,171.4,0.995122,0.793774
DAKCFMEO_00546,WP_005769477.1,40.3,211,205,224,1.6e-32,134.0,1.02927,0.941964
DAKCFMEO_00547,WP_007243764.1,91.2,102,102,102,1.7e-51,196.1,1,1
DAKCFMEO_00547,WP_011104027.1,38.0,100,102,103,9.1e-16,77.4,0.980392,0.970874
DAKCFMEO_00548,WP_003379718.1,98.8,161,168,162,4.1e-82,298.5,0.958333,0.993827
DAKCFMEO_00549,WP_024666223.1,65.3,98,111,98,1.5e-32,133.3,0.882883,1
DAKCFMEO_00550,WP_005771663.1,94.9,811,811,811,0.0e+00,1481.5,1,1
DAKCFMEO_00551,WP_003379721.1,97.5,162,162,162,7.5e-81,294.3,1,1
DAKCFMEO_00552,WP_005771665.1,95.0,617,617,617,0.0e+00,1198.0,1,1
DAKCFMEO_00553,WP_005770159.1,76.1,117,117,117,1.3e-37,150.2,1,1
DAKCFMEO_00554,WP_005770161.1,83.5,164,166,165,1.2e-73,270.4,0.987952,0.993939
DAKCFMEO_00554,WP_005617338.1,33.1,127,166,157,2.2e-11,63.5,0.76506,0.808917
DAKCFMEO_00555,WP_011105075.1,98.0,551,554,563,5.9e-314,1070.5,0.994585,0.978686
DAKCFMEO_00555,WP_007245346.1,38.2,513,554,636,3.2e-91,330.5,0.925993,0.806604
DAKCFMEO_00555,WP_046463329.1,31.8,538,554,636,6.8e-65,243.0,0.971119,0.845912
DAKCFMEO_00555,WP_024666072.1,30.2,529,554,529,6.8e-57,216.5,0.954874,1
DAKCFMEO_00556,WP_011105092.1,80.7,1278,1278,1278,0.0e+00,2018.4,1,1
DAKCFMEO_00556,WP_046463958.1,36.2,842,1278,825,8.4e-143,503.1,0.658842,1.02061
DAKCFMEO_00557,WP_007243779.1,98.6,417,417,417,1.0e-238,820.1,1,1
DAKCFMEO_00557,WP_005763690.1,77.9,416,417,417,2.8e-188,652.5,0.997602,0.997602
DAKCFMEO_00557,WP_052746243.1,37.8,357,417,369,2.4e-59,224.2,0.856115,0.96748
DAKCFMEO_00558,WP_011105095.1,73.0,189,189,189,1.1e-70,260.8,1,1
DAKCFMEO_00559,WP_005770183.1,95.1,325,325,325,7.2e-176,610.9,1,1
DAKCFMEO_00559,WP_005764786.1,40.2,323,325,335,9.8e-48,185.3,0.993846,0.964179
DAKCFMEO_00559,WP_005766271.1,30.2,364,325,354,3.7e-31,130.2,1.12,1.02825
DAKCFMEO_00559,WP_011105544.1,32.2,301,325,403,2.5e-27,117.5,0.926154,0.746898
DAKCFMEO_00560,WP_011105096.1,96.9,65,65,65,9.5e-35,139.8,1,1
DAKCFMEO_00561,WP_005770185.1,96.4,691,691,691,0.0e+00,1296.6,1,1
DAKCFMEO_00562,WP_005770186.1,80.3,122,122,122,2.9e-53,202.2,1,1
DAKCFMEO_00563,WP_005770187.1,96.9,455,455,455,4.6e-253,867.8,1,1
DAKCFMEO_00564,WP_007243783.1,92.6,148,148,148,4.6e-69,255.0,1,1
DAKCFMEO_00565,WP_011105097.1,93.4,258,258,258,1.3e-138,486.9,1,1
DAKCFMEO_00565,WP_005616041.1,46.0,237,258,259,6.2e-53,202.2,0.918605,0.915058
DAKCFMEO_00566,WP_005770190.1,80.5,77,77,77,4.4e-31,127.9,1,1
DAKCFMEO_00567,WP_005770191.1,90.6,374,374,374,1.5e-193,669.8,1,1
DAKCFMEO_00568,WP_003381744.1,94.5,55,55,55,2.0e-25,108.6,1,1
DAKCFMEO_00569,WP_011105098.1,95.5,335,335,335,3.8e-188,651.7,1,1
DAKCFMEO_00570,WP_011105099.1,95.8,479,479,479,1.8e-271,929.1,1,1
DAKCFMEO_00571,WP_011105101.1,91.0,733,733,733,0.0e+00,1326.2,1,1
DAKCFMEO_00571,WP_007245994.1,40.7,733,733,738,4.8e-143,503.1,1,0.993225
DAKCFMEO_00571,WP_011104241.1,38.6,735,733,736,3.8e-116,413.7,1.00273,0.998641
DAKCFMEO_00572,WP_011105102.1,84.5,329,329,329,1.4e-163,570.1,1,1
DAKCFMEO_00572,WP_005762709.1,55.9,324,329,327,1.4e-94,340.9,0.984802,0.990826
DAKCFMEO_00572,WP_010218671.1,53.1,326,329,331,1.1e-83,304.7,0.990881,0.984894
DAKCFMEO_00573,WP_011105103.1,92.3,168,188,176,1.0e-89,323.9,0.893617,0.954545
DAKCFMEO_00573,WP_005762712.1,59.1,149,188,225,3.3e-48,186.0,0.792553,0.662222
DAKCFMEO_00574,WP_011105104.1,93.3,431,431,431,5.2e-214,738.0,1,1
DAKCFMEO_00575,WP_011105105.1,91.7,361,361,361,8.0e-200,690.6,1,1
DAKCFMEO_00576,WP_005770220.1,93.3,419,419,427,1.0e-214,740.3,1,0.981265
DAKCFMEO_00577,WP_004397257.1,92.2,296,296,296,3.9e-152,531.9,1,1
DAKCFMEO_00578,WP_005770225.1,93.9,329,329,329,6.6e-185,641.0,1,1
DAKCFMEO_00579,WP_046463348.1,90.3,195,196,196,1.7e-103,369.8,0.994898,0.994898
DAKCFMEO_00580,WP_011105107.1,92.0,289,289,289,2.5e-159,555.8,1,1
DAKCFMEO_00581,WP_011105108.1,92.6,189,189,189,1.6e-103,369.8,1,1
DAKCFMEO_00582,WP_011105109.1,93.8,305,305,305,1.4e-173,603.2,1,1
DAKCFMEO_00583,WP_005770235.1,84.8,421,425,424,5.3e-211,728.0,0.990588,0.992925
DAKCFMEO_00584,WP_011104428.1,33.2,289,298,304,8.7e-43,168.7,0.969799,0.950658
DAKCFMEO_00584,WP_007245106.1,32.3,291,298,301,5.9e-39,156.0,0.97651,0.966777
DAKCFMEO_00584,WP_011104938.1,30.4,296,298,307,2.1e-36,147.5,0.993289,0.964169
DAKCFMEO_00584,WP_011104418.1,34.0,297,298,303,2.7e-36,147.1,0.996644,0.980198
DAKCFMEO_00584,WP_003377838.1,31.2,292,298,298,3.5e-36,146.7,0.979866,0.979866
DAKCFMEO_00584,WP_005615366.1,31.3,294,298,315,2.8e-33,137.1,0.986577,0.933333
DAKCFMEO_00584,WP_011103267.1,32.8,296,298,307,3.7e-33,136.7,0.993289,0.964169
DAKCFMEO_00584,WP_011103634.1,31.6,294,298,302,3.7e-33,136.7,0.986577,0.97351
DAKCFMEO_00584,WP_011104037.1,30.0,297,298,302,6.3e-33,136.0,0.996644,0.983444
DAKCFMEO_00584,WP_005617775.1,31.5,292,298,301,8.2e-33,135.6,0.979866,0.9701
DAKCFMEO_00584,WP_011104375.1,30.1,292,298,307,4.1e-32,133.3,0.979866,0.95114
DAKCFMEO_00584,WP_005765268.1,30.4,293,298,294,1.4e-29,124.8,0.983221,0.996599
DAKCFMEO_00587,WP_011103289.1,72.0,254,254,254,1.9e-94,340.1,1,1
DAKCFMEO_00589,WP_011103288.1,86.6,365,368,366,9.0e-191,660.6,0.991848,0.997268
DAKCFMEO_00590,WP_011103287.1,95.9,344,344,344,7.4e-195,674.1,1,1
DAKCFMEO_00591,WP_011103285.1,94.7,283,283,283,2.7e-150,525.8,1,1
DAKCFMEO_00592,WP_011103284.1,86.8,266,266,265,1.7e-127,449.9,1,1.00377
DAKCFMEO_00592,WP_011104080.1,38.3,269,266,277,3.5e-35,143.3,1.01128,0.971119
DAKCFMEO_00592,WP_007245567.1,34.0,238,266,247,1.2e-22,101.7,0.894737,0.963563
DAKCFMEO_00592,WP_005763638.1,30.9,223,266,223,2.4e-20,94.0,0.838346,1
DAKCFMEO_00592,WP_011105420.1,33.8,222,266,270,4.2e-20,93.2,0.834586,0.822222
DAKCFMEO_00592,WP_005768429.1,32.7,208,266,244,5.4e-20,92.8,0.781955,0.852459
DAKCFMEO_00592,WP_011104376.1,32.5,228,266,253,7.1e-20,92.4,0.857143,0.901186
DAKCFMEO_00592,WP_011103158.1,34.2,222,266,347,1.6e-19,91.3,0.834586,0.639769
DAKCFMEO_00592,WP_011104329.1,31.8,236,266,261,1.6e-19,91.3,0.887218,0.904215
DAKCFMEO_00592,WP_011104117.1,32.6,193,266,278,2.1e-19,90.9,0.725564,0.694245
DAKCFMEO_00592,WP_011104895.1,32.5,200,266,244,3.0e-18,87.0,0.75188,0.819672
DAKCFMEO_00592,WP_003383085.1,32.4,210,266,232,5.1e-18,86.3,0.789474,0.905172
DAKCFMEO_00592,WP_005768050.1,31.0,245,266,374,6.6e-18,85.9,0.921053,0.65508
DAKCFMEO_00592,WP_011103923.1,33.0,200,266,227,8.7e-18,85.5,0.75188,0.881057
DAKCFMEO_00592,WP_011105568.1,32.7,208,266,259,1.1e-17,85.1,0.781955,0.803089
DAKCFMEO_00592,WP_010203323.1,30.2,252,266,237,1.9e-17,84.3,0.947368,1.06329
DAKCFMEO_00592,WP_005770829.1,34.3,201,266,263,2.5e-17,84.0,0.755639,0.764259
DAKCFMEO_00593,WP_011103283.1,90.9,275,275,275,1.7e-133,469.9,1,1
DAKCFMEO_00593,WP_007246946.1,35.7,258,275,262,9.2e-31,128.6,0.938182,0.984733
DAKCFMEO_00594,WP_005769243.1,83.9,254,255,255,1.9e-107,383.3,0.996078,0.996078
DAKCFMEO_00594,WP_007246946.1,33.9,248,255,262,1.3e-31,131.3,0.972549,0.946565
DAKCFMEO_00594,WP_011103283.1,34.5,264,255,275,1.9e-30,127.5,1.03529,0.96
DAKCFMEO_00595,WP_011103282.1,94.3,575,615,575,0.0e+00,1098.6,0.934959,1
DAKCFMEO_00596,WP_005769238.1,83.5,255,255,254,7.1e-118,417.9,1,1.00394
DAKCFMEO_00596,WP_007244755.1,44.3,244,255,249,9.7e-51,194.9,0.956863,0.97992
DAKCFMEO_00596,WP_005764051.1,42.6,242,255,245,9.7e-43,168.3,0.94902,0.987755
DAKCFMEO_00596,WP_003380226.1,33.7,249,255,246,1.2e-35,144.8,0.976471,1.0122
DAKCFMEO_00596,WP_004396544.1,36.7,218,255,225,4.8e-34,139.4,0.854902,0.968889
DAKCFMEO_00596,WP_003383141.1,34.6,234,255,229,5.0e-31,129.4,0.917647,1.02183
DAKCFMEO_00596,WP_005766623.1,32.2,236,255,245,8.6e-31,128.6,0.92549,0.963265
DAKCFMEO_00596,WP_003382360.1,32.5,234,255,224,3.3e-30,126.7,0.917647,1.04464
DAKCFMEO_00596,WP_011103755.1,36.0,236,255,220,6.1e-29,122.5,0.92549,1.07273
DAKCFMEO_00596,WP_002555020.1,36.7,237,255,227,8.0e-29,122.1,0.929412,1.04405
DAKCFMEO_00596,WP_005764042.1,36.1,238,255,225,4.0e-28,119.8,0.933333,1.05778
DAKCFMEO_00596,WP_002554192.1,32.8,232,255,229,1.1e-25,111.7,0.909804,1.0131
DAKCFMEO_00596,WP_005739198.1,33.8,237,255,223,1.4e-25,111.3,0.929412,1.06278
DAKCFMEO_00596,WP_007246025.1,32.9,234,255,222,5.4e-25,109.4,0.917647,1.05405
DAKCFMEO_00596,WP_011103914.1,31.0,242,255,230,1.3e-23,104.8,0.94902,1.05217
DAKCFMEO_00596,WP_005770857.1,30.2,235,255,224,5.0e-23,102.8,0.921569,1.04911
DAKCFMEO_00596,WP_159229484.1,31.9,191,255,207,6.6e-23,102.4,0.74902,0.922705
DAKCFMEO_00596,WP_003381559.1,30.3,234,255,225,2.1e-21,97.4,0.917647,1.04
DAKCFMEO_00596,WP_011104125.1,30.4,237,255,233,1.3e-18,88.2,0.929412,1.01717
DAKCFMEO_00597,WP_005769235.1,86.7,444,455,448,1.2e-221,763.5,0.975824,0.991071
DAKCFMEO_00597,WP_005763465.1,32.7,297,455,436,5.4e-36,146.7,0.652747,0.681193
DAKCFMEO_00598,WP_011103281.1,91.6,656,656,656,0.0e+00,1239.6,1,1
DAKCFMEO_00599,WP_011103280.1,89.8,295,295,296,1.2e-150,526.9,1,0.996622
DAKCFMEO_00599,WP_005767820.1,35.9,284,295,296,1.2e-41,164.9,0.962712,0.959459
DAKCFMEO_00599,WP_011105293.1,31.5,289,295,301,4.9e-38,152.9,0.979661,0.960133
DAKCFMEO_00600,WP_011103279.1,95.1,508,508,508,7.9e-270,923.7,1,1
DAKCFMEO_00600,WP_011103274.1,45.6,482,508,497,2.5e-122,433.7,0.948819,0.969819
DAKCFMEO_00600,WP_011104588.1,44.5,476,508,500,1.7e-118,421.0,0.937008,0.952
DAKCFMEO_00600,WP_011104140.1,31.9,476,508,476,1.4e-64,241.9,0.937008,1
DAKCFMEO_00600,WP_011104646.1,36.7,436,508,491,6.6e-59,223.0,0.858268,0.887984
DAKCFMEO_00600,WP_005763655.1,32.3,431,508,490,3.1e-56,214.2,0.848425,0.879592
DAKCFMEO_00600,WP_011104137.1,31.0,436,508,493,9.9e-55,209.1,0.858268,0.884381
DAKCFMEO_00600,WP_011103085.1,30.7,436,508,480,9.3e-53,202.6,0.858268,0.908333
DAKCFMEO_00600,WP_011102988.1,31.6,418,508,497,4.3e-50,193.7,0.822835,0.841046
DAKCFMEO_00600,WP_011104361.1,30.9,502,508,505,5.3e-48,186.8,0.988189,0.994059
DAKCFMEO_00600,WP_011103053.1,31.1,427,508,485,5.8e-47,183.3,0.840551,0.880412
DAKCFMEO_00600,WP_005764523.1,31.8,415,508,493,4.6e-44,173.7,0.816929,0.841785
DAKCFMEO_00601,WP_005769228.1,89.8,313,323,314,6.5e-161,561.2,0.96904,0.996815
DAKCFMEO_00602,WP_011104705.1,89.1,385,386,386,7.2e-207,714.1,0.997409,0.997409
DAKCFMEO_00604,WP_011104311.1,81.2,128,128,128,9.2e-58,217.2,1,1
DAKCFMEO_00605,WP_011104312.1,92.9,337,337,337,5.5e-187,647.9,1,1
DAKCFMEO_00605,WP_011103268.1,38.9,324,337,321,5.8e-59,222.6,0.961424,1.00935
DAKCFMEO_00606,WP_005764591.1,91.0,210,215,212,1.7e-109,389.8,0.976744,0.990566
DAKCFMEO_00606,WP_011103446.1,31.6,209,215,246,4.7e-22,99.4,0.972093,0.849593
DAKCFMEO_00606,WP_005615650.1,34.1,179,215,228,3.7e-19,89.7,0.832558,0.785088
DAKCFMEO_00606,WP_005763961.1,33.3,174,215,225,3.5e-17,83.2,0.809302,0.773333
DAKCFMEO_00607,WP_011103277.1,91.7,697,697,697,0.0e+00,1266.9,1,1
DAKCFMEO_00608,WP_011103276.1,89.5,1230,1230,1230,0.0e+00,2240.3,1,1
DAKCFMEO_00609,WP_011103275.1,90.9,1158,1158,1158,0.0e+00,2157.1,1,1
DAKCFMEO_00610,WP_005738107.1,94.5,493,493,493,2.9e-285,974.9,1,1
DAKCFMEO_00615,WP_005769671.1,90.6,149,153,153,9.2e-81,293.9,0.973856,0.973856
DAKCFMEO_00616,WP_005769670.1,89.9,317,326,317,1.1e-168,587.0,0.972393,1
DAKCFMEO_00617,WP_005769669.1,89.7,145,147,147,4.4e-72,265.0,0.986395,0.986395
DAKCFMEO_00618,WP_011103884.1,75.0,725,732,730,7.7e-314,1070.5,0.990437,0.993151
DAKCFMEO_00618,WP_046463958.1,37.6,699,732,825,2.6e-125,444.1,0.954918,0.847273
DAKCFMEO_00618,WP_007244549.1,36.7,566,732,897,2.9e-100,360.9,0.773224,0.630992
DAKCFMEO_00618,WP_011104176.1,40.6,475,732,703,2.5e-99,357.8,0.648907,0.675676
DAKCFMEO_00618,WP_005764073.1,36.2,564,732,705,2.6e-96,347.8,0.770492,0.8
DAKCFMEO_00618,WP_011103090.1,37.1,544,732,643,1.8e-94,341.7,0.743169,0.846034
DAKCFMEO_00618,WP_044391024.1,33.6,584,732,730,8.0e-90,326.2,0.797814,0.8
DAKCFMEO_00618,WP_011104985.1,39.4,447,732,683,2.9e-87,317.8,0.610656,0.654466
DAKCFMEO_00618,WP_005762944.1,32.8,579,732,712,3.1e-81,297.7,0.790984,0.813202
DAKCFMEO_00618,WP_007247222.1,37.8,442,732,554,4.9e-79,290.4,0.603825,0.797834
DAKCFMEO_00618,WP_011107020.1,31.2,462,732,649,3.6e-58,221.1,0.631148,0.711864
DAKCFMEO_00619,WP_011103885.1,88.1,285,285,290,2.7e-142,499.2,1,0.982759
DAKCFMEO_00619,WP_011104620.1,32.0,244,285,294,2.4e-21,97.4,0.85614,0.829932
DAKCFMEO_00619,WP_011104375.1,31.1,193,285,307,3.2e-18,87.0,0.677193,0.628664
DAKCFMEO_00619,WP_011103634.1,30.6,193,285,302,1.0e-16,82.0,0.677193,0.639073
DAKCFMEO_00619,WP_011104172.1,30.2,199,285,305,3.9e-16,80.1,0.698246,0.652459
DAKCFMEO_00620,WP_007244781.1,97.0,471,474,475,8.1e-269,920.2,0.993671,0.991579
DAKCFMEO_00621,WP_011103886.1,94.8,213,213,213,4.4e-121,428.3,1,1
DAKCFMEO_00623,WP_005769662.1,94.4,360,360,360,2.2e-194,672.5,1,1
DAKCFMEO_00623,WP_011104133.1,32.9,359,360,364,5.4e-47,183.0,0.997222,0.986264
DAKCFMEO_00623,WP_011104435.1,31.9,383,360,396,2.3e-37,151.0,1.06389,0.967172
DAKCFMEO_00624,WP_007244780.1,97.8,370,370,370,1.0e-213,736.9,1,1
DAKCFMEO_00625,WP_011103887.1,82.9,334,334,334,5.7e-160,558.1,1,1
DAKCFMEO_00626,WP_007244779.1,92.3,209,209,211,3.0e-106,379.0,1,0.990521
DAKCFMEO_00627,WP_005617237.1,99.0,382,382,382,2.0e-225,775.8,1,1
DAKCFMEO_00628,WP_005769658.1,95.6,436,436,436,5.2e-238,817.8,1,1
DAKCFMEO_00628,WP_005769363.1,42.4,434,436,461,3.1e-105,376.7,0.995413,0.941432
DAKCFMEO_00628,WP_024656430.1,30.7,401,436,427,2.4e-41,164.5,0.919725,0.93911
DAKCFMEO_00629,WP_011103889.1,88.8,268,270,269,7.4e-134,471.1,0.992593,0.996283
DAKCFMEO_00630,WP_007244776.1,97.4,350,350,350,9.2e-201,693.7,1,1
DAKCFMEO_00630,WP_005762626.1,60.2,349,350,358,6.9e-116,411.8,0.997143,0.97486
DAKCFMEO_00631,WP_005769653.1,89.7,292,312,297,8.3e-145,507.7,0.935897,0.983165
DAKCFMEO_00631,WP_011104367.1,34.3,271,312,299,2.0e-37,151.0,0.86859,0.906355
DAKCFMEO_00631,WP_005766129.1,30.6,271,312,326,6.8e-30,125.9,0.86859,0.831288
DAKCFMEO_00632,WP_005769651.1,96.4,551,551,551,0.0e+00,1116.7,1,1
DAKCFMEO_00633,WP_005769649.1,98.8,249,249,249,4.5e-125,441.8,1,1
DAKCFMEO_00634,WP_005769647.1,96.4,309,309,309,1.4e-157,550.1,1,1
DAKCFMEO_00635,WP_011103890.1,83.2,273,280,275,1.6e-131,463.4,0.975,0.992727
DAKCFMEO_00636,WP_005769643.1,76.9,117,116,117,4.2e-41,161.8,1.00862,1
DAKCFMEO_00637,WP_005769641.1,91.9,271,271,271,9.4e-137,480.7,1,1
DAKCFMEO_00637,WP_005765926.1,35.7,252,271,260,3.7e-32,133.3,0.929889,0.969231
DAKCFMEO_00638,WP_003382014.1,97.7,479,479,479,4.7e-272,931.0,1,1
DAKCFMEO_00638,WP_005769539.1,40.3,472,479,473,7.3e-100,359.0,0.985386,0.997886
DAKCFMEO_00639,WP_046463567.1,51.8,220,219,217,1.2e-49,191.0,1.00457,1.01382
DAKCFMEO_00640,WP_005769636.1,89.4,85,85,85,5.5e-43,167.5,1,1
DAKCFMEO_00641,WP_005769634.1,87.1,201,201,201,9.2e-105,374.0,1,1
DAKCFMEO_00642,WP_005769631.1,98.8,429,429,429,4.1e-251,861.3,1,1
DAKCFMEO_00642,WP_011103932.1,32.4,367,429,375,4.2e-46,180.3,0.855478,0.978667
DAKCFMEO_00643,WP_005738085.1,97.6,124,128,124,3.6e-62,231.9,0.96875,1
DAKCFMEO_00644,WP_003382006.1,98.4,122,122,122,7.4e-65,240.7,1,1
DAKCFMEO_00645,WP_005769628.1,97.5,590,590,590,0.0e+00,1154.8,1,1
DAKCFMEO_00645,WP_005764756.1,32.7,550,590,538,7.7e-59,223.0,0.932203,1.0223
DAKCFMEO_00646,WP_003382004.1,96.2,234,234,234,1.2e-135,476.9,1,1
DAKCFMEO_00647,WP_005769626.1,99.4,943,943,943,0.0e+00,1907.9,1,1
DAKCFMEO_00648,WP_005769624.1,91.6,406,405,406,9.0e-176,610.9,1.00247,1
DAKCFMEO_00649,WP_003382001.1,96.7,478,478,478,8.0e-264,903.7,1,1
DAKCFMEO_00649,WP_005766202.1,31.7,458,478,452,5.0e-56,213.4,0.958159,1.01327
DAKCFMEO_00649,WP_046463388.1,31.5,457,478,465,7.2e-55,209.5,0.956067,0.982796
DAKCFMEO_00649,WP_005771330.1,30.7,463,478,464,7.9e-46,179.5,0.968619,0.997845
DAKCFMEO_00650,WP_002552981.1,99.7,388,388,388,1.3e-219,756.5,1,1
DAKCFMEO_00651,WP_005617294.1,97.6,293,293,293,4.4e-164,571.6,1,1
DAKCFMEO_00652,WP_005769618.1,90.4,437,437,437,1.3e-217,750.0,1,1
DAKCFMEO_00654,WP_005769616.1,96.7,635,635,635,0.0e+00,1204.5,1,1
DAKCFMEO_00655,WP_005769615.1,83.4,241,244,242,1.1e-115,410.6,0.987705,0.995868
DAKCFMEO_00655,WP_005766631.1,36.0,200,244,262,8.5e-28,118.6,0.819672,0.763359
DAKCFMEO_00657,WP_005769613.1,93.1,404,405,407,1.8e-216,746.1,0.997531,0.992629
DAKCFMEO_00657,WP_011104743.1,38.9,411,405,414,9.3e-72,265.4,1.01481,0.992754
DAKCFMEO_00657,WP_011105318.1,35.2,409,405,408,1.1e-59,225.3,1.00988,1.00245
DAKCFMEO_00657,WP_005765463.1,32.0,344,405,398,5.0e-25,110.2,0.849383,0.864322
DAKCFMEO_00658,WP_003379759.1,98.8,171,171,171,9.0e-101,360.5,1,1
DAKCFMEO_00659,WP_005769610.1,81.3,641,641,641,3.6e-280,958.4,1,1
DAKCFMEO_00659,WP_005766801.1,30.8,548,641,783,9.0e-61,229.6,0.854914,0.699872
DAKCFMEO_00660,WP_005769608.1,95.9,341,341,341,1.5e-179,623.2,1,1
DAKCFMEO_00661,WP_011103893.1,84.2,114,114,114,3.9e-52,198.4,1,1
DAKCFMEO_00662,WP_005769602.1,80.1,151,151,151,1.5e-62,233.4,1,1
DAKCFMEO_00663,WP_005618719.1,87.8,147,147,147,1.6e-74,273.1,1,1
DAKCFMEO_00665,WP_011103894.1,91.0,266,312,269,1.4e-144,506.9,0.852564,0.988848
DAKCFMEO_00666,WP_005765844.1,81.0,284,284,284,3.2e-135,475.7,1,1
DAKCFMEO_00667,WP_046463559.1,83.3,276,272,276,2.3e-127,449.5,1.01471,1
DAKCFMEO_00668,WP_005765838.1,96.0,349,349,349,7.8e-176,610.9,1,1
DAKCFMEO_00669,WP_005765836.1,84.6,350,351,344,9.0e-164,570.9,0.997151,1.01744
DAKCFMEO_00669,WP_005769235.1,35.8,271,351,448,1.3e-42,168.3,0.77208,0.604911
DAKCFMEO_00669,WP_005763465.1,32.7,294,351,436,7.6e-30,125.9,0.837607,0.674312
DAKCFMEO_00669,WP_011103711.1,30.1,296,351,450,4.5e-22,100.1,0.843305,0.657778
DAKCFMEO_00669,WP_011104914.1,30.6,278,351,460,3.3e-17,84.0,0.792023,0.604348
DAKCFMEO_00669,WP_007245011.1,30.7,264,351,440,1.9e-12,68.2,0.752137,0.6
DAKCFMEO_00670,WP_007244755.1,90.0,249,249,249,1.3e-127,450.3,1,1
DAKCFMEO_00670,WP_005764051.1,50.2,227,249,245,5.6e-59,222.2,0.911647,0.926531
DAKCFMEO_00670,WP_005769238.1,44.0,243,249,254,2.9e-47,183.3,0.975904,0.956693
DAKCFMEO_00670,WP_003380226.1,43.9,228,249,246,3.5e-45,176.4,0.915663,0.926829
DAKCFMEO_00670,WP_005766623.1,43.9,223,249,245,1.7e-44,174.1,0.895582,0.910204
DAKCFMEO_00670,WP_004396544.1,41.9,222,249,225,1.2e-42,167.9,0.891566,0.986667
DAKCFMEO_00670,WP_003383141.1,38.8,227,249,229,4.6e-37,149.4,0.911647,0.991266
DAKCFMEO_00670,WP_002554192.1,39.4,226,249,229,3.1e-33,136.7,0.907631,0.9869
DAKCFMEO_00670,WP_005739198.1,37.2,231,249,223,1.7e-31,131.0,0.927711,1.03587
DAKCFMEO_00670,WP_007246025.1,37.3,225,249,222,9.2e-30,125.2,0.903614,1.01351
DAKCFMEO_00670,WP_011103755.1,35.1,228,249,220,2.3e-28,120.6,0.915663,1.03636
DAKCFMEO_00670,WP_005764042.1,35.2,236,249,225,5.1e-28,119.4,0.947791,1.04889
DAKCFMEO_00670,WP_002555020.1,36.1,233,249,227,8.7e-28,118.6,0.935743,1.02643
DAKCFMEO_00670,WP_003382360.1,31.1,228,249,224,4.3e-27,116.3,0.915663,1.01786
DAKCFMEO_00670,WP_011103914.1,31.5,219,249,230,1.1e-25,111.7,0.879518,0.952174
DAKCFMEO_00670,WP_003381155.1,30.5,223,249,227,9.0e-25,108.6,0.895582,0.982379
DAKCFMEO_00670,WP_003381559.1,34.2,228,249,225,1.5e-24,107.8,0.915663,1.01333
DAKCFMEO_00670,WP_005770857.1,30.9,223,249,224,2.9e-23,103.6,0.895582,0.995536
DAKCFMEO_00670,WP_011104125.1,32.8,229,249,233,1.9e-22,100.9,0.919679,0.982833
DAKCFMEO_00670,WP_159229484.1,31.6,187,249,207,1.9e-22,100.9,0.751004,0.903382
DAKCFMEO_00671,WP_005765832.1,45.3,645,666,667,4.4e-143,503.1,0.968468,0.967016
DAKCFMEO_00672,WP_011103898.1,66.4,762,772,773,2.3e-268,919.5,0.987047,0.98577
DAKCFMEO_00672,WP_046463456.1,44.2,647,772,625,3.9e-135,476.9,0.838083,1.0352
DAKCFMEO_00673,WP_032639333.1,53.7,469,478,501,1.0e-141,498.0,0.981172,0.936128
DAKCFMEO_00674,WP_005765826.1,61.5,374,374,370,3.0e-141,496.1,1,1.01081
DAKCFMEO_00675,WP_011103899.1,72.3,837,837,837,0.0e+00,1231.1,1,1
DAKCFMEO_00676,WP_005765821.1,74.7,249,257,251,7.9e-101,361.3,0.968872,0.992032
DAKCFMEO_00676,WP_011103504.1,31.4,220,257,250,9.9e-27,115.2,0.856031,0.88
DAKCFMEO_00676,WP_010208763.1,30.8,234,257,260,8.6e-23,102.1,0.910506,0.9
DAKCFMEO_00677,WP_011103900.1,74.3,183,183,183,7.2e-72,264.6,1,1
DAKCFMEO_00678,WP_046463561.1,51.6,1503,1679,1682,0.0e+00,1451.4,0.895176,0.893579
DAKCFMEO_00679,WP_011103902.1,52.3,596,598,607,2.3e-180,626.7,0.996656,0.981878
DAKCFMEO_00681,WP_011103905.1,47.3,785,794,757,4.8e-197,682.6,0.988665,1.03699
DAKCFMEO_00682,WP_011103906.1,40.2,1005,975,996,2.3e-193,670.6,1.03077,1.00904
DAKCFMEO_00683,WP_005765807.1,40.9,164,165,161,6.8e-29,121.7,0.993939,1.01863
DAKCFMEO_00684,WP_046463561.1,39.7,1316,1283,1682,2.4e-251,863.6,1.02572,0.782402
DAKCFMEO_00685,WP_011103908.1,64.1,64,80,87,8.1e-20,90.5,0.8,0.735632
DAKCFMEO_00687,WP_011103910.1,95.7,564,564,564,5.6e-309,1053.9,1,1
DAKCFMEO_00688,WP_161797773.1,94.6,683,688,693,0.0e+00,1199.5,0.992733,0.98557
DAKCFMEO_00688,WP_005770081.1,30.4,559,688,732,1.4e-40,162.5,0.8125,0.763661
DAKCFMEO_00689,WP_011103912.1,87.9,190,190,190,4.1e-86,312.0,1,1
DAKCFMEO_00690,WP_011103913.1,92.1,887,887,887,0.0e+00,1568.5,1,1
DAKCFMEO_00691,WP_011103914.1,93.0,228,230,230,4.4e-119,421.8,0.991304,0.991304
DAKCFMEO_00691,WP_003382360.1,36.6,224,230,224,1.9e-37,150.6,0.973913,1
DAKCFMEO_00691,WP_011103755.1,38.0,221,230,220,2.7e-36,146.7,0.96087,1.00455
DAKCFMEO_00691,WP_003381559.1,37.0,219,230,225,8.8e-35,141.7,0.952174,0.973333
DAKCFMEO_00691,WP_002554192.1,35.3,218,230,229,1.5e-34,141.0,0.947826,0.951965
DAKCFMEO_00691,WP_007246025.1,36.1,219,230,222,2.2e-33,137.1,0.952174,0.986486
DAKCFMEO_00691,WP_005764042.1,33.6,220,230,225,2.4e-32,133.7,0.956522,0.977778
DAKCFMEO_00691,WP_005766623.1,31.2,221,230,245,6.5e-30,125.6,0.96087,0.902041
DAKCFMEO_00691,WP_003383141.1,30.5,223,230,229,8.5e-30,125.2,0.969565,0.973799
DAKCFMEO_00691,WP_003381155.1,32.0,219,230,227,1.9e-29,124.0,0.952174,0.964758
DAKCFMEO_00691,WP_005739198.1,35.4,226,230,223,5.5e-29,122.5,0.982609,1.01345
DAKCFMEO_00691,WP_003380226.1,32.4,225,230,246,3.0e-27,116.7,0.978261,0.914634
DAKCFMEO_00691,WP_005764051.1,31.8,233,230,245,1.2e-26,114.8,1.01304,0.95102
DAKCFMEO_00691,WP_005769238.1,32.5,237,230,254,1.2e-26,114.8,1.03043,0.933071
DAKCFMEO_00691,WP_007244755.1,31.6,231,230,249,5.7e-26,112.5,1.00435,0.927711
DAKCFMEO_00691,WP_002555020.1,33.3,222,230,227,1.6e-23,104.4,0.965217,0.977974
DAKCFMEO_00691,WP_004396544.1,31.4,223,230,225,1.0e-22,101.7,0.969565,0.991111
DAKCFMEO_00691,WP_005770857.1,30.2,222,230,224,1.5e-21,97.8,0.965217,0.991071
DAKCFMEO_00691,WP_011104866.1,30.2,169,230,222,3.1e-16,80.1,0.734783,0.761261
DAKCFMEO_00691,WP_002554843.1,30.5,164,230,208,2.9e-14,73.6,0.713043,0.788462
DAKCFMEO_00692,WP_005765788.1,92.4,92,92,92,2.2e-45,175.6,1,1
DAKCFMEO_00693,WP_005738027.1,96.7,305,305,305,6.8e-168,584.3,1,1
DAKCFMEO_00693,WP_010219554.1,41.4,280,305,349,4.7e-60,226.1,0.918033,0.802292
DAKCFMEO_00693,WP_002554476.1,43.2,287,305,319,3.7e-57,216.5,0.940984,0.899687
DAKCFMEO_00694,WP_005765784.1,86.2,318,318,327,3.5e-159,555.4,1,0.972477
DAKCFMEO_00695,WP_046463435.1,86.2,658,667,674,0.0e+00,1145.6,0.986507,0.976261
DAKCFMEO_00696,WP_011103916.1,85.4,253,253,253,5.4e-118,418.3,1,1
DAKCFMEO_00699,WP_024666974.1,52.7,74,120,79,2.5e-12,66.2,0.616667,0.936709
DAKCFMEO_00700,WP_011103917.1,71.3,491,434,491,3.6e-170,592.4,1.13134,1
DAKCFMEO_00700,WP_005771505.1,32.1,352,434,541,3.6e-37,150.6,0.81106,0.650647
DAKCFMEO_00700,WP_005767285.1,34.1,349,434,541,5.2e-36,146.7,0.804147,0.645102
DAKCFMEO_00700,WP_046463594.1,34.3,341,434,539,4.4e-35,143.7,0.785714,0.632653
DAKCFMEO_00700,WP_011103057.1,32.4,373,434,498,1.1e-33,139.0,0.859447,0.748996
DAKCFMEO_00700,WP_011105048.1,32.4,358,434,541,1.2e-32,135.6,0.824885,0.661738
DAKCFMEO_00700,WP_011103145.1,31.1,373,434,541,1.6e-29,125.2,0.859447,0.689464
DAKCFMEO_00701,WP_011103918.1,93.8,276,278,278,2.1e-152,532.7,0.992806,0.992806
DAKCFMEO_00701,WP_011104742.1,33.5,248,278,261,3.8e-24,106.7,0.892086,0.950192
DAKCFMEO_00702,WP_005765770.1,81.7,481,481,473,1.7e-221,763.1,1,1.01691
DAKCFMEO_00703,WP_005765767.1,87.5,144,144,144,4.8e-63,235.0,1,1
DAKCFMEO_00704,WP_005765765.1,85.3,102,102,102,6.9e-48,184.1,1,1
DAKCFMEO_00705,WP_003379830.1,85.3,109,109,109,1.6e-50,193.0,1,1
DAKCFMEO_00706,WP_005617338.1,94.9,157,157,157,3.7e-85,308.5,1,1
DAKCFMEO_00706,WP_005766442.1,39.0,141,157,158,1.4e-20,94.0,0.898089,0.892405
DAKCFMEO_00707,WP_005765750.1,93.9,838,838,838,0.0e+00,1451.8,1,1
DAKCFMEO_00708,WP_011103923.1,96.0,227,227,227,6.3e-118,417.9,1,1
DAKCFMEO_00708,WP_003383085.1,52.0,223,227,232,1.9e-53,203.8,0.982379,0.961207
DAKCFMEO_00708,WP_011103641.1,44.7,217,227,222,4.6e-44,172.6,0.955947,0.977477
DAKCFMEO_00708,WP_010203924.1,38.8,206,227,335,6.7e-35,142.1,0.907489,0.614925
DAKCFMEO_00708,WP_005763638.1,38.3,201,227,223,2.6e-31,130.2,0.885463,0.901345
DAKCFMEO_00708,WP_007246818.1,41.8,194,227,260,8.4e-30,125.2,0.854626,0.746154
DAKCFMEO_00708,WP_005769006.1,38.1,218,227,236,2.5e-29,123.6,0.960352,0.923729
DAKCFMEO_00708,WP_011104376.1,34.9,212,227,253,5.5e-29,122.5,0.933921,0.837945
DAKCFMEO_00708,WP_011104080.1,35.3,232,227,277,9.3e-29,121.7,1.02203,0.837545
DAKCFMEO_00708,WP_005768429.1,40.8,191,227,244,2.7e-28,120.2,0.84141,0.782787
DAKCFMEO_00708,WP_007243868.1,36.8,212,227,245,2.7e-28,120.2,0.933921,0.865306
DAKCFMEO_00708,WP_011104895.1,37.7,207,227,244,2.7e-28,120.2,0.911894,0.848361
DAKCFMEO_00708,WP_011104117.1,39.3,191,227,278,3.5e-28,119.8,0.84141,0.68705
DAKCFMEO_00708,WP_011104358.1,34.0,209,227,345,1.8e-27,117.5,0.920705,0.605797
DAKCFMEO_00708,WP_005737152.1,37.8,201,227,257,1.1e-26,114.8,0.885463,0.782101
DAKCFMEO_00709,WP_011103924.1,92.0,201,201,201,6.6e-103,367.9,1,1
DAKCFMEO_00710,WP_002553016.1,90.3,93,93,93,3.1e-47,181.8,1,1
DAKCFMEO_00711,WP_011103925.1,96.0,321,321,321,4.2e-184,638.3,1,1
DAKCFMEO_00712,WP_002553018.1,100.0,83,83,83,9.0e-14,70.5,1,1
DAKCFMEO_00713,WP_003382493.1,87.4,95,93,95,9.4e-44,170.2,1.02151,1
DAKCFMEO_00714,WP_003382491.1,97.5,358,358,358,2.9e-202,698.7,1,1
DAKCFMEO_00714,WP_011104335.1,55.0,333,358,360,4.9e-101,362.5,0.930168,0.925
DAKCFMEO_00716,WP_011103928.1,76.7,318,318,323,1.9e-141,496.5,1,0.98452
DAKCFMEO_00717,WP_005617359.1,95.0,298,302,306,5.7e-159,554.7,0.986755,0.973856
DAKCFMEO_00717,WP_046463764.1,38.7,302,302,319,3.1e-56,213.4,1,0.946708
DAKCFMEO_00718,WP_011103929.1,83.5,158,164,167,3.2e-71,262.3,0.963415,0.946108
DAKCFMEO_00719,WP_003382487.1,98.1,324,324,324,4.7e-183,634.8,1,1
DAKCFMEO_00720,WP_005617365.1,94.2,243,244,244,3.7e-140,491.9,0.995902,0.995902
DAKCFMEO_00721,WP_005765732.1,95.6,205,205,205,3.6e-112,398.7,1,1
DAKCFMEO_00722,WP_005765730.1,79.6,447,448,447,4.7e-210,724.9,0.997768,1
DAKCFMEO_00722,WP_007244435.1,39.0,397,448,493,2.7e-64,240.7,0.886161,0.805274
DAKCFMEO_00723,WP_161797774.1,92.9,325,326,325,1.1e-179,623.6,0.996933,1
DAKCFMEO_00724,WP_005765727.1,95.3,510,512,513,2.1e-270,925.6,0.996094,0.994152
DAKCFMEO_00725,WP_005765726.1,83.6,183,178,183,1.5e-82,300.1,1.02809,1
DAKCFMEO_00725,WP_005613972.1,47.0,166,178,167,3.1e-35,142.9,0.932584,0.994012
DAKCFMEO_00725,WP_005768489.1,32.4,145,178,158,1.3e-14,74.3,0.814607,0.917722
DAKCFMEO_00726,WP_046463438.1,91.0,233,235,239,7.2e-117,414.5,0.991489,0.974895
DAKCFMEO_00726,WP_003379548.1,30.8,224,235,236,5.0e-17,82.8,0.953191,0.949153
DAKCFMEO_00726,WP_005770837.1,30.2,235,235,244,3.0e-14,73.6,1,0.963115
DAKCFMEO_00727,WP_007244715.1,95.6,297,297,297,1.1e-157,550.4,1,1
DAKCFMEO_00728,WP_011103932.1,93.6,375,375,375,1.0e-205,710.3,1,1
DAKCFMEO_00728,WP_005769631.1,33.0,367,375,429,1.6e-46,181.4,0.978667,0.855478
DAKCFMEO_00729,WP_011103933.1,94.4,860,862,863,0.0e+00,1633.6,0.99768,0.996524
DAKCFMEO_00729,WP_007244335.1,47.0,892,862,914,1.3e-211,731.1,1.0348,0.97593
DAKCFMEO_00730,WP_005765721.1,87.5,393,401,396,1.2e-196,680.2,0.98005,0.992424
DAKCFMEO_00731,WP_003382474.1,98.2,272,272,272,1.0e-151,530.4,1,1
DAKCFMEO_00732,WP_011103934.1,98.2,791,838,791,0.0e+00,1541.9,0.943914,1
DAKCFMEO_00733,WP_005765719.1,85.2,330,328,330,7.8e-170,590.9,1.0061,1
DAKCFMEO_00734,WP_005765718.1,87.7,162,162,162,9.1e-87,313.9,1,1
DAKCFMEO_00735,WP_003382467.1,94.0,331,331,331,2.2e-180,625.9,1,1
DAKCFMEO_00736,WP_003382465.1,93.9,82,82,82,2.3e-38,152.1,1,1
DAKCFMEO_00737,WP_011103935.1,90.1,274,274,274,2.3e-122,433.0,1,1
DAKCFMEO_00738,WP_005738001.1,98.3,175,175,196,6.2e-97,347.8,1,0.892857
DAKCFMEO_00739,WP_003382460.1,93.3,344,344,344,1.0e-183,637.1,1,1
DAKCFMEO_00740,WP_005765713.1,89.3,252,289,253,8.3e-123,434.5,0.871972,0.996047
DAKCFMEO_00740,WP_011104407.1,32.9,234,289,249,6.7e-24,105.9,0.809689,0.939759
DAKCFMEO_00741,WP_046463439.1,86.6,906,906,906,0.0e+00,1627.8,1,1
DAKCFMEO_00742,WP_011103938.1,91.9,409,409,409,9.3e-221,760.4,1,1
DAKCFMEO_00743,WP_046463440.1,88.8,553,553,553,1.2e-290,993.0,1,1
DAKCFMEO_00744,WP_011103940.1,97.3,403,403,403,1.5e-223,769.6,1,1
DAKCFMEO_00745,WP_010220706.1,90.4,415,416,415,1.3e-238,819.7,0.997596,1
DAKCFMEO_00745,WP_011103557.1,91.3,415,416,431,1.3e-238,819.7,0.997596,0.962877
DAKCFMEO_00745,WP_011107018.1,91.1,415,416,431,2.2e-238,818.9,0.997596,0.962877
DAKCFMEO_00746,WP_005765699.1,95.3,191,191,191,2.8e-95,342.4,1,1
DAKCFMEO_00747,WP_011103941.1,87.8,403,447,403,8.3e-215,740.7,0.901566,1
DAKCFMEO_00748,WP_011103942.1,95.3,340,343,343,6.9e-185,641.0,0.991254,0.991254
DAKCFMEO_00749,WP_017709633.1,94.4,751,751,750,0.0e+00,1447.2,1,1.00133
DAKCFMEO_00751,WP_005765687.1,93.9,488,489,488,3.3e-265,908.3,0.997955,1
DAKCFMEO_00752,WP_003346101.1,97.4,114,114,114,8.7e-60,223.8,1,1
DAKCFMEO_00753,WP_046463398.1,34.8,1167,1212,1195,1.9e-184,641.3,0.962871,0.976569
DAKCFMEO_00754,WP_002554843.1,64.9,208,208,208,1.3e-74,273.9,1,1
DAKCFMEO_00754,WP_005768051.1,34.4,209,208,209,1.2e-30,127.9,1.00481,1
DAKCFMEO_00754,WP_005737926.1,31.0,210,208,214,6.1e-27,115.5,1.00962,0.981308
DAKCFMEO_00755,WP_003373331.1,68.0,128,132,130,7.0e-45,174.5,0.969697,0.984615
DAKCFMEO_00756,WP_005765682.1,97.7,440,443,443,8.4e-260,890.2,0.993228,0.993228
DAKCFMEO_00758,WP_005765681.1,93.6,110,113,118,1.6e-53,203.0,0.973451,0.932203
DAKCFMEO_00759,WP_003373338.1,94.6,130,130,130,4.3e-63,235.0,1,1
DAKCFMEO_00760,WP_003373339.1,89.4,104,104,104,4.6e-15,75.1,1,1
DAKCFMEO_00761,WP_011103955.1,85.0,353,361,356,5.1e-170,591.7,0.977839,0.991573
DAKCFMEO_00763,WP_007246378.1,73.4,79,80,82,2.3e-30,125.6,0.9875,0.963415
DAKCFMEO_00764,WP_005765677.1,88.3,308,309,309,4.5e-151,528.5,0.996764,0.996764
DAKCFMEO_00765,WP_011103957.1,95.8,239,239,239,4.3e-141,495.0,1,1
DAKCFMEO_00766,WP_011103958.1,88.0,200,200,200,7.0e-105,374.4,1,1
DAKCFMEO_00767,WP_007246376.1,97.0,394,394,449,1.3e-211,729.9,1,0.877506
DAKCFMEO_00767,WP_011104292.1,35.0,386,394,404,1.6e-47,184.9,0.979695,0.955446
DAKCFMEO_00768,WP_005765672.1,88.5,453,453,453,2.2e-231,795.8,1,1
DAKCFMEO_00769,WP_005737978.1,96.2,132,132,132,5.2e-72,264.6,1,1
DAKCFMEO_00769,WP_007243700.1,46.2,119,132,127,3.5e-28,119.0,0.901515,0.937008
DAKCFMEO_00770,WP_011103959.1,93.8,418,418,418,2.3e-235,808.9,1,1
DAKCFMEO_00770,WP_007244158.1,82.0,405,418,422,3.4e-202,698.7,0.9689,0.959716
DAKCFMEO_00770,WP_046463479.1,38.0,413,418,449,1.9e-72,267.7,0.988038,0.919822
DAKCFMEO_00770,WP_011104277.1,35.6,438,418,443,1.4e-67,251.5,1.04785,0.988713
DAKCFMEO_00770,WP_011105421.1,34.4,448,418,448,9.0e-62,232.3,1.07177,1
DAKCFMEO_00770,WP_011105463.1,35.6,438,418,424,7.6e-61,229.2,1.04785,1.03302
DAKCFMEO_00770,WP_005763528.1,31.4,433,418,441,3.8e-60,226.9,1.03589,0.981859
DAKCFMEO_00770,WP_011104478.1,32.3,418,418,441,1.4e-59,224.9,1,0.947846
DAKCFMEO_00770,WP_011104816.1,33.3,429,418,448,5.3e-54,206.5,1.02632,0.957589
DAKCFMEO_00770,WP_005769381.1,31.5,429,418,459,1.1e-40,162.2,1.02632,0.934641
DAKCFMEO_00771,WP_046464003.1,96.6,295,295,295,5.6e-159,554.7,1,1
DAKCFMEO_00772,WP_011103961.1,95.2,442,442,439,1.7e-244,839.3,1,1.00683
DAKCFMEO_00772,WP_024656430.1,31.4,420,442,427,1.2e-43,172.2,0.950226,0.983607
DAKCFMEO_00773,WP_005738807.1,95.4,635,635,635,0.0e+00,1229.5,1,1
DAKCFMEO_00774,WP_007246371.1,91.0,222,223,223,4.1e-114,405.2,0.995516,0.995516
DAKCFMEO_00775,WP_005765662.1,90.1,284,284,284,1.2e-147,516.9,1,1
DAKCFMEO_00776,WP_011103962.1,85.5,296,296,296,1.0e-152,533.9,1,1
DAKCFMEO_00777,WP_003315600.1,95.9,74,74,74,2.8e-35,141.7,1,1
DAKCFMEO_00778,WP_011103963.1,76.1,201,201,201,1.9e-89,323.2,1,1
DAKCFMEO_00779,WP_005617455.1,98.9,179,179,179,4.2e-101,361.7,1,1
DAKCFMEO_00780,WP_011103964.1,88.6,395,395,403,6.9e-205,707.6,1,0.980149
DAKCFMEO_00781,WP_005765657.1,94.5,308,308,308,1.6e-172,599.7,1,1
DAKCFMEO_00784,WP_010201131.1,33.5,462,471,465,8.3e-64,239.2,0.980892,0.993548
DAKCFMEO_00785,WP_005765656.1,91.3,600,603,602,1.2e-301,1029.6,0.995025,0.996678
DAKCFMEO_00785,WP_011104927.1,44.0,587,603,607,3.4e-110,393.7,0.973466,0.967051
DAKCFMEO_00785,WP_005768314.1,30.3,419,603,587,2.5e-28,121.7,0.694859,0.713799
DAKCFMEO_00786,WP_005765655.1,90.3,62,62,62,3.2e-24,104.8,1,1
DAKCFMEO_00787,WP_005765654.1,85.2,128,130,129,5.1e-56,211.5,0.984615,0.992248
DAKCFMEO_00788,WP_011103965.1,72.0,343,343,342,1.5e-147,516.9,1,1.00292
DAKCFMEO_00789,WP_011103966.1,84.2,341,347,343,8.9e-164,570.9,0.982709,0.994169
DAKCFMEO_00790,WP_005765651.1,66.2,65,65,65,3.1e-17,81.6,1,1
DAKCFMEO_00791,WP_007246451.1,56.2,105,108,120,3.2e-27,115.5,0.972222,0.875
DAKCFMEO_00792,WP_005617470.1,78.5,79,80,85,8.6e-30,123.6,0.9875,0.929412
DAKCFMEO_00793,WP_005765650.1,95.1,263,263,263,2.3e-148,519.2,1,1
DAKCFMEO_00793,WP_005765976.1,58.7,247,263,260,6.4e-82,298.5,0.939163,0.95
DAKCFMEO_00794,WP_007246362.1,68.5,73,80,79,2.4e-27,115.5,0.9125,0.924051
DAKCFMEO_00798,WP_003382419.1,93.9,66,82,66,3.3e-32,131.7,0.804878,1
DAKCFMEO_00798,WP_005764890.1,34.4,64,82,83,7.0e-11,60.8,0.780488,0.771084
DAKCFMEO_00799,WP_005765645.1,77.0,74,74,74,1.3e-27,116.3,1,1
DAKCFMEO_00800,WP_005765644.1,89.3,319,319,319,3.4e-154,538.9,1,1
DAKCFMEO_00800,WP_005764495.1,30.5,243,319,308,2.0e-21,97.8,0.761755,0.788961
DAKCFMEO_00800,WP_007246965.1,32.2,242,319,309,5.9e-21,96.3,0.758621,0.783172
DAKCFMEO_00801,WP_011103969.1,95.2,516,517,517,4.4e-276,944.5,0.998066,0.998066
DAKCFMEO_00801,WP_011103981.1,43.0,481,517,509,3.0e-99,357.1,0.930368,0.94499
DAKCFMEO_00801,WP_011104123.1,40.8,498,517,507,2.5e-98,354.0,0.96325,0.982249
DAKCFMEO_00801,WP_011104585.1,38.1,491,517,525,1.3e-94,341.7,0.94971,0.935238
DAKCFMEO_00801,WP_161797778.1,36.9,518,517,536,2.5e-90,327.4,1.00193,0.966418
DAKCFMEO_00801,WP_005764620.1,36.7,491,517,522,1.5e-82,301.6,0.94971,0.940613
DAKCFMEO_00801,WP_011103272.1,35.7,512,517,517,2.4e-64,241.1,0.990329,0.990329
DAKCFMEO_00801,WP_011103450.1,33.9,493,517,503,1.6e-63,238.4,0.953578,0.980119
DAKCFMEO_00802,WP_011103970.1,90.9,330,330,330,1.3e-156,547.0,1,1
DAKCFMEO_00802,WP_003380853.1,34.7,326,330,341,5.7e-35,142.9,0.987879,0.956012
DAKCFMEO_00802,WP_007246911.1,32.5,302,330,334,1.1e-30,128.6,0.915152,0.904192
DAKCFMEO_00803,WP_005765639.1,85.5,338,338,338,1.4e-161,563.5,1,1
DAKCFMEO_00803,WP_005763739.1,33.3,315,338,339,6.2e-45,176.0,0.931953,0.929204
DAKCFMEO_00803,WP_005765154.1,30.9,304,338,338,3.0e-31,130.6,0.899408,0.899408
DAKCFMEO_00803,WP_011103329.1,30.1,339,338,330,8.1e-29,122.5,1.00296,1.02727
DAKCFMEO_00804,WP_007246357.1,89.5,304,306,306,7.4e-146,511.1,0.993464,0.993464
DAKCFMEO_00805,WP_005765637.1,94.0,134,134,134,2.5e-66,245.7,1,1
DAKCFMEO_00806,WP_007246356.1,91.5,341,341,341,2.7e-181,629.0,1,1
DAKCFMEO_00807,WP_080898792.1,85.9,64,64,64,6.5e-28,117.1,1,1
DAKCFMEO_00808,WP_007246354.1,75.0,112,111,111,1.7e-39,156.4,1.00901,1.00901
DAKCFMEO_00809,WP_002553156.1,95.7,70,70,70,2.7e-35,141.7,1,1
DAKCFMEO_00809,WP_002554837.1,89.9,69,70,69,8.9e-31,126.7,0.985714,1
DAKCFMEO_00809,WP_005764082.1,71.4,70,70,70,4.3e-25,107.8,1,1
DAKCFMEO_00809,WP_044392708.1,52.4,63,70,91,2.9e-13,68.6,0.9,0.692308
DAKCFMEO_00810,WP_005765633.1,77.2,101,102,101,4.2e-37,148.3,0.990196,1
DAKCFMEO_00811,WP_005738829.1,98.0,640,640,640,0.0e+00,1283.5,1,1
DAKCFMEO_00812,WP_003367017.1,99.4,177,177,177,4.2e-93,335.1,1,1
DAKCFMEO_00813,WP_002553160.1,100.0,64,64,64,1.2e-29,122.9,1,1
DAKCFMEO_00814,WP_002553161.1,100.0,118,118,118,5.5e-57,214.5,1,1
DAKCFMEO_00815,WP_003382398.1,98.2,338,338,338,1.7e-196,679.5,1,1
DAKCFMEO_00816,WP_011103972.1,96.5,792,792,792,0.0e+00,1521.5,1,1
DAKCFMEO_00817,WP_002553164.1,100.0,100,100,100,2.9e-51,195.3,1,1
DAKCFMEO_00818,WP_003382396.1,94.9,118,118,118,2.8e-61,228.8,1,1
DAKCFMEO_00820,WP_005617091.1,78.8,85,85,85,4.0e-33,134.8,1,1
DAKCFMEO_00822,WP_005770745.1,47.8,159,153,159,1.3e-39,157.1,1.03922,1
DAKCFMEO_00823,WP_046464006.1,77.2,285,285,285,1.1e-127,450.7,1,1
DAKCFMEO_00824,WP_011103989.1,91.8,219,219,220,2.0e-113,402.9,1,0.995455
DAKCFMEO_00824,WP_003376376.1,49.7,199,219,205,8.9e-53,201.4,0.908676,0.970732
DAKCFMEO_00825,WP_005763096.1,56.8,569,570,566,2.3e-185,643.3,0.998246,1.0053
DAKCFMEO_00826,WP_007246901.1,93.5,231,231,231,3.2e-125,442.2,1,1
DAKCFMEO_00827,WP_011103990.1,80.2,243,247,243,1.1e-107,384.0,0.983806,1
DAKCFMEO_00828,WP_003376859.1,92.5,146,146,146,6.8e-73,267.7,1,1
DAKCFMEO_00829,WP_011103991.1,96.1,229,229,229,3.6e-121,428.7,1,1
DAKCFMEO_00829,WP_005767488.1,53.7,229,229,229,1.3e-67,250.8,1,1
DAKCFMEO_00829,WP_005763108.1,49.6,232,229,232,9.9e-63,234.6,1.0131,1
DAKCFMEO_00829,WP_005764926.1,38.5,213,229,233,5.5e-37,149.1,0.930131,0.914163
DAKCFMEO_00829,WP_011105230.1,38.4,211,229,238,1.2e-36,147.9,0.921397,0.886555
DAKCFMEO_00829,WP_011104317.1,35.4,223,229,258,1.1e-32,134.8,0.973799,0.864341
DAKCFMEO_00829,WP_005768429.1,35.8,215,229,244,5.5e-29,122.5,0.938865,0.881148
DAKCFMEO_00829,WP_011103489.1,31.9,216,229,254,1.4e-27,117.9,0.943231,0.850394
DAKCFMEO_00829,WP_011104376.1,32.3,223,229,253,1.8e-27,117.5,0.973799,0.881423
DAKCFMEO_00829,WP_011104117.1,30.1,226,229,278,5.7e-26,112.5,0.9869,0.81295
DAKCFMEO_00829,WP_005770464.1,30.8,221,229,329,9.7e-26,111.7,0.965066,0.671733
DAKCFMEO_00829,WP_003380252.1,33.2,214,229,326,3.7e-25,109.8,0.934498,0.656442
DAKCFMEO_00829,WP_007245567.1,32.6,227,229,247,6.3e-25,109.0,0.991266,0.919028
DAKCFMEO_00830,WP_005770308.1,95.9,245,245,245,2.0e-133,469.5,1,1
DAKCFMEO_00830,WP_011104862.1,65.1,241,245,253,2.3e-89,323.2,0.983673,0.952569
DAKCFMEO_00830,WP_003376420.1,53.9,241,245,286,2.2e-68,253.4,0.983673,0.842657
DAKCFMEO_00830,WP_003381484.1,34.8,253,245,255,1.8e-38,154.1,1.03265,0.992157
DAKCFMEO_00830,WP_003376366.1,32.3,282,245,291,1.4e-35,144.4,1.15102,0.969072
DAKCFMEO_00830,WP_011104320.1,35.3,249,245,264,1.9e-35,144.1,1.01633,0.943182
DAKCFMEO_00830,WP_011104117.1,30.4,240,245,278,1.1e-22,101.7,0.979592,0.863309
DAKCFMEO_00831,WP_005770310.1,93.4,377,379,380,4.9e-192,664.8,0.994723,0.992105
DAKCFMEO_00831,WP_011104863.1,53.2,342,379,391,1.5e-95,344.4,0.902375,0.87468
DAKCFMEO_00831,WP_011105220.1,34.7,352,379,359,1.2e-52,201.8,0.92876,0.980501
DAKCFMEO_00832,WP_005770312.1,96.0,300,300,300,3.8e-155,542.0,1,1
DAKCFMEO_00832,WP_044393615.1,56.0,293,300,305,1.1e-88,321.2,0.976667,0.960656
DAKCFMEO_00832,WP_002551844.1,30.1,292,300,304,9.8e-26,112.1,0.973333,0.960526
DAKCFMEO_00833,WP_007246896.1,94.9,393,393,393,2.8e-214,738.8,1,1
DAKCFMEO_00833,WP_005767480.1,59.8,396,393,414,1.2e-129,457.6,1.00763,0.956522
DAKCFMEO_00833,WP_011105219.1,44.8,404,393,421,1.3e-86,314.7,1.02799,0.95962
DAKCFMEO_00833,WP_005770316.1,35.2,361,393,382,1.1e-64,241.9,0.918575,0.945026
DAKCFMEO_00834,WP_005770316.1,92.1,382,382,382,8.2e-211,727.2,1,1
DAKCFMEO_00834,WP_007246896.1,36.0,361,382,393,1.9e-66,247.7,0.945026,0.918575
DAKCFMEO_00834,WP_011105219.1,31.9,376,382,421,1.7e-59,224.6,0.984293,0.893112
DAKCFMEO_00834,WP_005767480.1,33.1,366,382,414,5.7e-55,209.5,0.958115,0.884058
DAKCFMEO_00835,WP_005617488.1,96.7,210,210,210,2.6e-110,392.5,1,1
DAKCFMEO_00836,WP_011103993.1,91.6,510,512,511,2.2e-272,932.2,0.996094,0.998043
DAKCFMEO_00836,WP_005766477.1,33.3,426,512,483,5.1e-51,196.8,0.832031,0.881988
DAKCFMEO_00836,WP_046463318.1,33.0,440,512,467,9.7e-50,192.6,0.859375,0.942184
DAKCFMEO_00837,WP_011103735.1,79.0,181,181,181,3.5e-79,288.9,1,1
DAKCFMEO_00837,WP_003378637.1,39.2,176,181,196,1.4e-24,107.5,0.972376,0.897959
DAKCFMEO_00837,WP_011103847.1,30.7,176,181,188,3.6e-15,76.3,0.972376,0.93617
DAKCFMEO_00838,WP_011103734.1,84.1,296,296,293,8.1e-142,497.7,1,1.01024
DAKCFMEO_00839,WP_046463917.1,76.5,324,336,325,4.9e-143,501.9,0.964286,0.996923
DAKCFMEO_00839,WP_005764536.1,38.1,270,336,317,7.5e-51,195.7,0.803571,0.851735
DAKCFMEO_00839,WP_011103732.1,30.1,319,336,320,5.1e-31,129.8,0.949405,0.996875
DAKCFMEO_00839,WP_161797771.1,30.4,257,336,303,1.5e-27,118.2,0.764881,0.848185
DAKCFMEO_00840,WP_046463394.1,90.9,330,323,330,3.2e-176,612.1,1.02167,1
DAKCFMEO_00841,WP_011105037.1,91.6,310,310,310,2.3e-171,595.9,1,1
DAKCFMEO_00842,WP_011105036.1,89.8,479,483,481,1.6e-243,836.3,0.991718,0.995842
DAKCFMEO_00842,WP_046463318.1,30.6,467,483,467,2.0e-44,174.9,0.966874,1
DAKCFMEO_00848,WP_011104680.1,41.4,582,729,827,1.4e-102,368.6,0.798354,0.703748
DAKCFMEO_00848,WP_011104156.1,41.2,544,729,676,2.0e-96,348.2,0.746228,0.804734
DAKCFMEO_00848,WP_011103739.1,37.9,565,729,691,9.8e-88,319.3,0.775034,0.817656
DAKCFMEO_00848,WP_011103576.1,38.3,540,729,695,3.7e-87,317.4,0.740741,0.776978
DAKCFMEO_00848,WP_007243883.1,35.6,506,729,534,3.5e-69,257.7,0.694102,0.947566
DAKCFMEO_00848,WP_011104949.1,30.0,553,729,793,5.6e-51,197.2,0.758573,0.697352
DAKCFMEO_00850,WP_003375849.1,53.8,104,112,110,6.9e-25,107.8,0.928571,0.945455
DAKCFMEO_00851,WP_005615570.1,67.2,183,204,210,1.3e-69,257.3,0.897059,0.871429
DAKCFMEO_00852,WP_007244877.1,67.2,655,657,670,1.6e-270,926.4,0.996956,0.977612
DAKCFMEO_00853,WP_005764024.1,51.3,277,302,313,1.3e-86,314.3,0.917219,0.884984
DAKCFMEO_00859,WP_011104008.1,86.9,710,710,710,0.0e+00,1232.2,1,1
DAKCFMEO_00859,WP_011105438.1,41.3,429,710,448,5.2e-86,313.5,0.604225,0.957589
DAKCFMEO_00859,WP_044393047.1,35.5,442,710,437,4.2e-67,250.8,0.622535,1.01144
DAKCFMEO_00859,WP_011104703.1,31.3,435,710,422,1.1e-46,183.0,0.612676,1.03081
DAKCFMEO_00860,WP_005771214.1,82.9,492,492,496,1.4e-239,823.2,1,0.991935
DAKCFMEO_00862,WP_007246884.1,87.3,157,160,161,1.0e-77,283.9,0.98125,0.975155
DAKCFMEO_00862,WP_011105537.1,30.3,145,160,148,1.7e-13,70.5,0.90625,0.97973
DAKCFMEO_00863,WP_005771221.1,68.9,132,136,132,4.5e-47,181.8,0.970588,1
DAKCFMEO_00866,WP_005771225.1,84.8,296,291,296,5.5e-143,501.5,1.01718,1
DAKCFMEO_00867,WP_005771227.1,86.9,291,299,294,1.4e-141,496.9,0.973244,0.989796
DAKCFMEO_00867,WP_005617775.1,36.5,301,299,301,3.8e-46,179.9,1.00669,1
DAKCFMEO_00867,WP_007245106.1,36.1,280,299,301,4.2e-45,176.4,0.936455,0.930233
DAKCFMEO_00867,WP_003377838.1,33.8,278,299,298,6.3e-41,162.5,0.929766,0.932886
DAKCFMEO_00867,WP_011104172.1,33.8,290,299,305,1.0e-38,155.2,0.9699,0.95082
DAKCFMEO_00867,WP_007246000.1,33.3,285,299,301,1.1e-37,151.8,0.953177,0.946844
DAKCFMEO_00867,WP_005615366.1,32.1,293,299,315,1.4e-37,151.4,0.979933,0.930159
DAKCFMEO_00867,WP_011104938.1,35.0,280,299,307,9.4e-37,148.7,0.936455,0.912052
DAKCFMEO_00867,WP_011104037.1,30.6,297,299,302,3.1e-32,133.7,0.993311,0.983444
DAKCFMEO_00867,WP_011104375.1,31.1,286,299,307,4.5e-31,129.8,0.956522,0.931596
DAKCFMEO_00867,WP_011103267.1,31.7,284,299,307,1.1e-29,125.2,0.949833,0.925081
DAKCFMEO_00867,WP_011104418.1,32.2,273,299,303,2.5e-29,124.0,0.913043,0.90099
DAKCFMEO_00868,WP_011104011.1,86.7,646,646,646,1.7e-240,826.6,1,1
DAKCFMEO_00868,WP_011103402.1,34.5,539,646,626,3.2e-34,141.4,0.834365,0.861022
DAKCFMEO_00868,WP_011104030.1,37.4,535,646,629,8.0e-25,110.2,0.828173,0.850556
DAKCFMEO_00869,WP_005620205.1,32.8,250,262,280,1.6e-32,134.4,0.954198,0.892857
DAKCFMEO_00870,WP_011104012.1,79.1,187,190,190,1.4e-81,297.0,0.984211,0.984211
DAKCFMEO_00871,WP_011104013.1,91.2,968,968,968,0.0e+00,1796.9,1,1
DAKCFMEO_00871,WP_005763685.1,36.0,1004,968,1006,2.4e-174,607.4,1.03719,0.998012
DAKCFMEO_00872,WP_011104014.1,88.1,101,101,101,7.5e-55,207.2,1,1
DAKCFMEO_00873,WP_007246879.1,96.9,413,413,413,1.3e-238,819.7,1,1
DAKCFMEO_00873,WP_005763688.1,43.5,414,413,416,1.7e-97,350.9,1.00242,0.995192
DAKCFMEO_00874,WP_011104015.1,88.6,298,301,300,6.5e-147,514.6,0.990033,0.993333
DAKCFMEO_00874,WP_005769204.1,53.2,280,301,284,6.9e-72,265.4,0.930233,0.985915
DAKCFMEO_00875,WP_007246877.1,95.8,288,288,288,4.0e-162,565.1,1,1
DAKCFMEO_00875,WP_005763680.1,52.1,286,288,285,4.9e-83,302.4,0.993056,1.00351
DAKCFMEO_00875,WP_003363851.1,47.1,280,288,283,1.8e-69,257.3,0.972222,0.989399
DAKCFMEO_00875,WP_005766657.1,31.2,189,288,216,3.0e-16,80.5,0.65625,0.875
DAKCFMEO_00876,WP_005762869.1,97.0,201,205,201,8.8e-111,394.0,0.980488,1
DAKCFMEO_00877,WP_005763515.1,30.0,473,444,468,2.9e-42,167.5,1.06532,1.01068
DAKCFMEO_00878,WP_005762867.1,93.4,301,301,306,3.8e-163,568.5,1,0.98366
DAKCFMEO_00879,WP_005762866.1,93.0,227,227,227,5.8e-47,182.2,1,1
DAKCFMEO_00880,WP_005762863.1,98.4,446,445,446,3.4e-253,868.2,1.00225,1
DAKCFMEO_00881,WP_011104096.1,95.0,441,441,441,1.4e-238,819.7,1,1
DAKCFMEO_00881,WP_005739890.1,61.8,442,441,445,6.9e-153,535.0,1.00227,0.993258
DAKCFMEO_00883,WP_005762859.1,93.9,345,345,345,1.5e-200,693.0,1,1
DAKCFMEO_00884,WP_003382778.1,71.3,157,161,161,3.5e-62,232.3,0.975155,0.975155
DAKCFMEO_00885,WP_005762856.1,78.4,111,111,111,2.9e-44,172.2,1,1
DAKCFMEO_00886,WP_005764689.1,66.4,140,146,146,2.1e-50,193.0,0.958904,0.958904
DAKCFMEO_00887,WP_011104098.1,95.1,366,368,366,1.1e-201,696.8,0.994565,1
DAKCFMEO_00887,WP_011103708.1,30.6,346,368,362,2.9e-32,134.0,0.940217,0.955801
DAKCFMEO_00888,WP_011104099.1,69.8,517,530,528,7.3e-210,724.5,0.975472,0.979167
DAKCFMEO_00889,WP_011104100.1,93.6,1047,1049,1047,0.0e+00,1837.8,0.998093,1
DAKCFMEO_00889,WP_005768691.1,49.1,1048,1049,1044,2.4e-268,919.8,0.999047,1.00383
DAKCFMEO_00889,WP_003380455.1,41.8,1044,1049,1063,1.5e-209,724.5,0.995234,0.982126
DAKCFMEO_00890,WP_162839068.1,71.7,374,375,383,8.2e-139,488.0,0.997333,0.976501
DAKCFMEO_00890,WP_007246191.1,44.4,358,375,386,6.8e-69,255.8,0.954667,0.927461
DAKCFMEO_00890,WP_005762525.1,33.5,340,375,433,9.0e-37,149.1,0.906667,0.785219
DAKCFMEO_00891,WP_011104102.1,86.6,179,209,184,5.8e-86,311.6,0.856459,0.972826
DAKCFMEO_00893,WP_003376950.1,92.0,201,201,201,5.4e-105,374.8,1,1
DAKCFMEO_00893,WP_007249559.1,70.0,200,201,201,5.8e-83,301.6,0.995025,0.995025
DAKCFMEO_00894,WP_161797763.1,81.5,162,162,164,7.8e-70,257.7,1,0.987805
DAKCFMEO_00894,WP_007249558.1,60.0,150,162,162,3.6e-43,169.1,0.925926,0.925926
DAKCFMEO_00896,WP_005771282.1,91.6,273,274,273,4.6e-83,302.4,0.99635,1
DAKCFMEO_00897,WP_010203861.1,92.6,242,240,242,9.0e-115,407.5,1.00833,1
DAKCFMEO_00897,WP_044392584.1,60.5,228,240,228,1.0e-65,244.6,0.95,1
DAKCFMEO_00897,WP_005768984.1,57.5,212,240,230,6.3e-52,198.7,0.883333,0.921739
DAKCFMEO_00897,WP_002554655.1,30.9,220,240,231,3.4e-21,96.7,0.916667,0.952381
DAKCFMEO_00897,WP_007245914.1,32.4,207,240,236,9.2e-19,88.6,0.8625,0.877119
DAKCFMEO_00898,WP_005771285.1,96.2,133,133,133,6.8e-64,237.7,1,1
DAKCFMEO_00898,WP_005739842.1,69.2,133,133,133,2.2e-46,179.5,1,1
DAKCFMEO_00898,WP_005768982.1,51.9,131,133,134,2.6e-31,129.4,0.984962,0.977612
DAKCFMEO_00898,WP_005770871.1,36.4,132,133,148,3.1e-16,79.3,0.992481,0.891892
DAKCFMEO_00898,WP_005613239.1,34.2,117,133,141,3.8e-14,72.4,0.879699,0.829787
DAKCFMEO_00899,WP_007246690.1,91.1,800,800,800,0.0e+00,1433.7,1,1
DAKCFMEO_00899,WP_005764409.1,39.5,820,800,816,1.5e-129,458.4,1.025,1.0049
DAKCFMEO_00899,WP_005762818.1,35.0,841,800,832,1.4e-108,388.7,1.05125,1.01082
DAKCFMEO_00900,WP_011104020.1,94.2,434,433,434,5.2e-230,791.2,1.00231,1
DAKCFMEO_00901,WP_011104022.1,73.9,245,248,249,1.9e-107,383.3,0.987903,0.983936
DAKCFMEO_00902,WP_011104023.1,91.3,404,428,417,2.1e-199,689.5,0.943925,0.968825
DAKCFMEO_00903,WP_005617534.1,96.6,59,60,60,6.1e-28,117.1,0.983333,0.983333
DAKCFMEO_00904,WP_011104024.1,65.9,123,123,123,1.0e-45,177.2,1,1
DAKCFMEO_00905,WP_011104025.1,90.1,363,363,363,3.5e-203,701.8,1,1
DAKCFMEO_00905,WP_046463280.1,30.1,312,363,325,2.5e-31,131.0,0.859504,0.96
DAKCFMEO_00906,WP_005771267.1,96.4,277,277,277,5.7e-121,428.3,1,1
DAKCFMEO_00907,WP_011104026.1,84.6,661,661,661,1.5e-231,797.0,1,1
DAKCFMEO_00908,WP_005771273.1,93.5,306,306,306,5.1e-163,568.2,1,1
DAKCFMEO_00908,WP_007246965.1,40.1,309,306,309,1.4e-59,224.6,1.0098,1
DAKCFMEO_00908,WP_005764495.1,39.5,301,306,308,2.2e-57,217.2,0.98366,0.977273
DAKCFMEO_00909,WP_005771275.1,85.4,316,316,316,8.1e-164,570.9,1,1
DAKCFMEO_00911,WP_011103397.1,34.3,420,426,426,3.6e-58,220.3,0.985915,0.985915
DAKCFMEO_00913,WP_011105048.1,35.9,540,537,541,1.2e-34,142.5,1.00559,0.998152
DAKCFMEO_00913,WP_011105575.1,35.2,546,537,541,4.3e-32,134.0,1.01676,1.00924
DAKCFMEO_00913,WP_011104615.1,40.6,404,537,542,1.2e-31,132.5,0.752328,0.745387
DAKCFMEO_00913,WP_005767285.1,32.3,538,537,541,4.4e-29,124.0,1.00186,0.994455
DAKCFMEO_00913,WP_011103145.1,33.8,551,537,541,8.7e-25,109.8,1.02607,1.01848
DAKCFMEO_00913,WP_011105087.1,31.4,538,537,539,1.4e-22,102.4,1.00186,0.998145
DAKCFMEO_00913,WP_011104616.1,31.9,530,537,546,1.7e-20,95.5,0.986965,0.970696
DAKCFMEO_00914,WP_007246699.1,86.8,597,598,598,3.8e-287,981.5,0.998328,0.998328
DAKCFMEO_00916,WP_011104027.1,76.2,101,101,103,2.6e-39,155.6,1,0.980583
DAKCFMEO_00916,WP_007243764.1,42.0,100,101,102,1.1e-16,80.5,0.990099,0.980392
DAKCFMEO_00917,WP_005766014.1,34.7,236,257,249,1.4e-33,137.9,0.918288,0.947791
DAKCFMEO_00918,WP_007246697.1,90.2,132,132,132,3.7e-70,258.5,1,1
DAKCFMEO_00919,WP_011104028.1,91.7,661,658,662,0.0e+00,1213.7,1.00456,0.998489
DAKCFMEO_00920,WP_011104465.1,82.0,128,127,128,2.6e-60,225.7,1.00787,1
DAKCFMEO_00921,WP_011104464.1,95.9,853,853,853,0.0e+00,1663.7,1,1
DAKCFMEO_00922,WP_005770825.1,76.7,163,174,164,3.6e-73,268.9,0.936782,0.993902
DAKCFMEO_00923,WP_011104461.1,93.7,668,668,668,0.0e+00,1277.3,1,1
DAKCFMEO_00924,WP_005770829.1,80.5,262,263,263,8.6e-119,421.0,0.996198,0.996198
DAKCFMEO_00924,WP_011105568.1,47.7,216,263,259,1.7e-50,194.1,0.821293,0.833977
DAKCFMEO_00924,WP_005770064.1,38.3,243,263,263,6.7e-39,155.6,0.923954,0.923954
DAKCFMEO_00924,WP_011103331.1,34.6,246,263,381,6.5e-26,112.5,0.935361,0.645669
DAKCFMEO_00924,WP_011103158.1,35.3,215,263,347,2.5e-25,110.5,0.81749,0.619597
DAKCFMEO_00924,WP_005768959.1,31.8,236,263,368,4.2e-25,109.8,0.897338,0.641304
DAKCFMEO_00924,WP_005762887.1,38.4,216,263,337,5.5e-25,109.4,0.821293,0.64095
DAKCFMEO_00924,WP_005770464.1,32.1,246,263,329,1.2e-24,108.2,0.935361,0.74772
DAKCFMEO_00924,WP_010203924.1,34.7,222,263,335,6.1e-24,105.9,0.844106,0.662687
DAKCFMEO_00924,WP_011104057.1,34.2,219,263,342,6.1e-24,105.9,0.8327,0.640351
DAKCFMEO_00924,WP_003380252.1,34.0,209,263,326,1.0e-23,105.1,0.794677,0.641104
DAKCFMEO_00924,WP_011103923.1,37.9,211,263,227,1.0e-23,105.1,0.802281,0.929515
DAKCFMEO_00924,WP_003383085.1,34.5,223,263,232,4.0e-23,103.2,0.847909,0.961207
DAKCFMEO_00924,WP_005768050.1,33.8,237,263,374,2.0e-22,100.9,0.901141,0.63369
DAKCFMEO_00924,WP_011104460.1,36.5,203,263,254,2.0e-22,100.9,0.771863,0.799213
DAKCFMEO_00924,WP_011104080.1,31.2,247,263,277,2.6e-22,100.5,0.939163,0.891697
DAKCFMEO_00924,WP_011105420.1,34.8,204,263,270,7.5e-22,99.0,0.775665,0.755556
DAKCFMEO_00924,WP_011104358.1,34.0,212,263,345,2.2e-21,97.4,0.806084,0.614493
DAKCFMEO_00925,WP_032710978.1,89.4,340,340,340,4.2e-158,552.0,1,1
DAKCFMEO_00925,WP_011105570.1,38.0,342,340,346,2.3e-47,184.1,1.00588,0.988439
DAKCFMEO_00925,WP_011103269.1,35.3,275,340,322,5.5e-33,136.3,0.808824,0.854037
DAKCFMEO_00925,WP_010202134.1,33.8,278,340,329,3.9e-31,130.2,0.817647,0.844985
DAKCFMEO_00926,WP_010207498.1,86.6,335,337,337,6.2e-170,591.3,0.994065,0.994065
DAKCFMEO_00927,WP_007243745.1,54.4,237,238,249,8.2e-60,224.9,0.995798,0.951807
DAKCFMEO_00927,WP_005767289.1,46.6,232,238,237,3.9e-46,179.5,0.97479,0.978903
DAKCFMEO_00927,WP_005770837.1,43.1,232,238,244,5.3e-43,169.1,0.97479,0.95082
DAKCFMEO_00927,WP_011107021.1,31.6,228,238,233,9.2e-19,88.6,0.957983,0.978541
DAKCFMEO_00927,WP_002554489.1,33.1,172,238,237,1.8e-14,74.3,0.722689,0.725738
DAKCFMEO_00928,WP_005770837.1,96.7,244,244,244,3.8e-129,455.3,1,1
DAKCFMEO_00928,WP_007243745.1,57.2,229,244,249,2.6e-69,256.5,0.938525,0.919679
DAKCFMEO_00928,WP_005767289.1,41.2,238,244,237,1.0e-41,164.9,0.97541,1.00422
DAKCFMEO_00928,WP_011107021.1,32.6,224,244,233,3.4e-21,96.7,0.918033,0.961373
DAKCFMEO_00928,WP_007247319.1,33.2,208,244,234,2.6e-13,70.5,0.852459,0.888889
DAKCFMEO_00929,WP_005770839.1,87.9,240,240,240,1.4e-128,453.4,1,1
DAKCFMEO_00930,WP_011104460.1,90.6,254,254,254,2.0e-128,453.0,1,1
DAKCFMEO_00930,WP_005762887.1,45.0,240,254,337,1.2e-48,188.0,0.944882,0.712166
DAKCFMEO_00930,WP_011105043.1,41.6,262,254,326,1.1e-41,164.9,1.0315,0.803681
DAKCFMEO_00930,WP_005762885.1,40.0,255,254,333,1.8e-41,164.1,1.00394,0.765766
DAKCFMEO_00930,WP_011104459.1,36.2,260,254,279,3.6e-37,149.8,1.02362,0.9319
DAKCFMEO_00930,WP_011105060.1,38.0,258,254,322,1.8e-36,147.5,1.01575,0.801242
DAKCFMEO_00930,WP_011104208.1,39.9,258,254,337,3.3e-35,143.3,1.01575,0.765579
DAKCFMEO_00930,WP_010203924.1,39.4,226,254,335,5.7e-35,142.5,0.889764,0.674627
DAKCFMEO_00930,WP_011105044.1,42.2,230,254,334,3.7e-34,139.8,0.905512,0.688623
DAKCFMEO_00930,WP_005770464.1,37.0,230,254,329,1.2e-32,134.8,0.905512,0.699088
DAKCFMEO_00930,WP_005765582.1,35.5,228,254,376,1.6e-32,134.4,0.897638,0.606383
DAKCFMEO_00930,WP_011103489.1,37.6,226,254,254,1.1e-30,128.3,0.889764,0.889764
DAKCFMEO_00930,WP_011104376.1,38.3,227,254,253,1.1e-30,128.3,0.893701,0.897233
DAKCFMEO_00930,WP_007246637.1,34.3,245,254,254,2.1e-29,124.0,0.964567,0.964567
DAKCFMEO_00930,WP_011104057.1,37.7,223,254,342,2.7e-29,123.6,0.877953,0.652047
DAKCFMEO_00930,WP_011104329.1,36.8,231,254,261,1.4e-28,121.3,0.909449,0.885057
DAKCFMEO_00930,WP_005768429.1,36.5,233,254,244,3.0e-28,120.2,0.917323,0.954918
DAKCFMEO_00931,WP_011104459.1,93.2,279,279,279,5.1e-146,511.5,1,1
DAKCFMEO_00931,WP_005762885.1,46.2,266,279,333,1.6e-59,224.2,0.953405,0.798799
DAKCFMEO_00931,WP_011104208.1,44.4,259,279,337,1.1e-52,201.4,0.928315,0.768546
DAKCFMEO_00931,WP_011105044.1,42.9,266,279,334,1.1e-50,194.9,0.953405,0.796407
DAKCFMEO_00931,WP_011105060.1,43.9,255,279,322,2.0e-49,190.7,0.913978,0.791925
DAKCFMEO_00931,WP_011105043.1,39.9,281,279,326,2.4e-42,167.2,1.00717,0.861963
DAKCFMEO_00931,WP_005762887.1,39.1,276,279,337,2.3e-37,150.6,0.989247,0.818991
DAKCFMEO_00931,WP_011104460.1,34.5,261,279,254,1.5e-33,137.9,0.935484,1.02756
DAKCFMEO_00931,WP_011104085.1,38.1,236,279,273,7.2e-31,129.0,0.845878,0.864469
DAKCFMEO_00931,WP_011104329.1,30.9,265,279,261,1.7e-24,107.8,0.949821,1.01533
DAKCFMEO_00931,WP_010203924.1,31.4,245,279,335,1.2e-22,101.7,0.878136,0.731343
DAKCFMEO_00931,WP_011104358.1,31.1,251,279,345,1.0e-21,98.6,0.899642,0.727536
DAKCFMEO_00931,WP_005765582.1,31.0,232,279,376,1.4e-21,98.2,0.831541,0.617021
DAKCFMEO_00931,WP_011103716.1,31.6,256,279,254,5.7e-20,92.8,0.917563,1.00787
DAKCFMEO_00931,WP_005768429.1,31.2,199,279,244,9.7e-20,92.0,0.713262,0.815574
DAKCFMEO_00931,WP_007245567.1,30.3,238,279,247,3.7e-19,90.1,0.853047,0.963563
DAKCFMEO_00931,WP_011103923.1,31.0,239,279,227,1.4e-18,88.2,0.856631,1.05286
DAKCFMEO_00931,WP_011103489.1,30.5,213,279,254,5.3e-18,86.3,0.763441,0.838583
DAKCFMEO_00932,WP_007245922.1,95.0,301,301,301,4.0e-152,531.9,1,1
DAKCFMEO_00932,WP_007243753.1,45.9,270,301,303,1.5e-58,221.1,0.89701,0.891089
DAKCFMEO_00932,WP_011105045.1,39.1,271,301,287,4.2e-53,203.0,0.900332,0.944251
DAKCFMEO_00932,WP_005762883.1,38.2,262,301,302,6.3e-49,189.1,0.870432,0.86755
DAKCFMEO_00932,WP_005762406.1,38.4,255,301,306,1.2e-44,174.9,0.847176,0.833333
DAKCFMEO_00932,WP_165442256.1,35.1,265,301,295,1.7e-41,164.5,0.880399,0.898305
DAKCFMEO_00932,WP_005764441.1,32.6,230,301,340,2.3e-30,127.5,0.76412,0.676471
DAKCFMEO_00932,WP_011103059.1,32.4,247,301,340,1.9e-29,124.4,0.820598,0.726471
DAKCFMEO_00932,WP_011104693.1,30.9,246,301,339,7.2e-29,122.5,0.817276,0.725664
DAKCFMEO_00933,WP_010220797.1,97.4,345,345,345,1.7e-175,609.8,1,1
DAKCFMEO_00933,WP_005769384.1,41.9,329,345,336,5.2e-63,236.1,0.953623,0.979167
DAKCFMEO_00933,WP_005762408.1,30.4,316,345,324,1.4e-36,148.3,0.915942,0.975309
DAKCFMEO_00933,WP_005617711.1,31.2,304,345,305,9.2e-36,145.6,0.881159,0.996721
DAKCFMEO_00934,WP_011104458.1,93.1,540,540,540,7.5e-295,1006.9,1,1
DAKCFMEO_00935,WP_010210634.1,95.8,384,384,384,3.3e-228,785.0,1,1
DAKCFMEO_00936,WP_011105053.1,38.8,546,561,577,1.4e-102,368.2,0.973262,0.946274
DAKCFMEO_00939,WP_011104457.1,61.1,208,237,232,1.1e-72,267.7,0.877637,0.896552
DAKCFMEO_00939,WP_161797816.1,58.2,182,237,195,3.1e-59,223.0,0.767932,0.933333
DAKCFMEO_00940,WP_011104259.1,58.8,260,279,276,1.8e-90,327.0,0.9319,0.942029
DAKCFMEO_00940,WP_005768589.1,33.8,222,279,247,5.3e-26,112.8,0.795699,0.898785
DAKCFMEO_00941,WP_005770857.1,91.9,223,238,224,8.9e-115,407.5,0.936975,0.995536
DAKCFMEO_00941,WP_159229484.1,84.3,197,238,207,1.8e-91,330.1,0.827731,0.951691
DAKCFMEO_00941,WP_002555020.1,57.6,224,238,227,9.0e-75,274.6,0.941176,0.986784
DAKCFMEO_00941,WP_011104125.1,42.2,225,238,233,4.1e-51,196.1,0.945378,0.965665
DAKCFMEO_00941,WP_005764042.1,36.0,228,238,225,2.8e-36,146.7,0.957983,1.01333
DAKCFMEO_00941,WP_002554192.1,35.6,225,238,229,9.1e-35,141.7,0.945378,0.982533
DAKCFMEO_00941,WP_003382360.1,33.3,222,238,224,4.0e-30,126.3,0.932773,0.991071
DAKCFMEO_00941,WP_011103755.1,34.4,221,238,220,6.8e-30,125.6,0.928571,1.00455
DAKCFMEO_00941,WP_003381155.1,36.8,223,238,227,5.7e-29,122.5,0.936975,0.982379
DAKCFMEO_00941,WP_005739198.1,31.7,221,238,223,1.6e-26,114.4,0.928571,0.991031
DAKCFMEO_00941,WP_007244755.1,32.8,232,238,249,3.8e-25,109.8,0.97479,0.931727
DAKCFMEO_00941,WP_003383141.1,30.3,221,238,229,6.6e-25,109.0,0.928571,0.965066
DAKCFMEO_00941,WP_007246025.1,31.4,220,238,222,1.1e-24,108.2,0.92437,0.990991
DAKCFMEO_00941,WP_003380226.1,30.2,225,238,246,4.0e-22,99.8,0.945378,0.914634
DAKCFMEO_00941,WP_005769238.1,30.6,235,238,254,1.5e-21,97.8,0.987395,0.925197
DAKCFMEO_00941,WP_004396544.1,32.7,199,238,225,2.8e-20,93.6,0.836134,0.884444
DAKCFMEO_00941,WP_005764051.1,32.0,228,238,245,2.8e-20,93.6,0.957983,0.930612
DAKCFMEO_00941,WP_011103914.1,31.5,222,238,230,4.9e-20,92.8,0.932773,0.965217
DAKCFMEO_00942,WP_011104456.1,86.4,345,345,345,1.8e-177,616.3,1,1
DAKCFMEO_00943,WP_011104455.1,91.4,304,304,304,1.5e-162,566.6,1,1
DAKCFMEO_00944,WP_011104454.1,93.2,838,838,838,0.0e+00,1579.3,1,1
DAKCFMEO_00945,WP_011104453.1,82.3,640,640,640,0.0e+00,1083.9,1,1
DAKCFMEO_00946,WP_007245914.1,84.3,236,232,236,7.6e-103,367.9,1.01724,1
DAKCFMEO_00946,WP_002554655.1,60.3,219,232,231,3.7e-65,242.7,0.943966,0.948052
DAKCFMEO_00946,WP_010203861.1,33.8,207,232,242,1.4e-19,91.3,0.892241,0.855372
DAKCFMEO_00946,WP_005768984.1,33.5,185,232,230,6.8e-19,89.0,0.797414,0.804348
DAKCFMEO_00946,WP_044392584.1,31.1,219,232,228,7.6e-18,85.5,0.943966,0.960526
DAKCFMEO_00947,WP_005770871.1,91.2,148,148,148,2.2e-71,262.7,1,1
DAKCFMEO_00947,WP_161420636.1,57.5,146,148,151,4.5e-40,158.7,0.986486,0.966887
DAKCFMEO_00947,WP_005739842.1,35.6,132,148,133,1.2e-16,80.9,0.891892,0.992481
DAKCFMEO_00947,WP_005771285.1,34.8,132,148,133,7.7e-16,78.2,0.891892,0.992481
DAKCFMEO_00947,WP_005768982.1,32.6,135,148,134,5.0e-15,75.5,0.912162,1.00746
DAKCFMEO_00947,WP_005613239.1,38.2,131,148,141,2.7e-13,69.7,0.885135,0.929078
DAKCFMEO_00948,WP_046463904.1,75.8,281,279,277,2.1e-43,170.6,1.00717,1.01444
DAKCFMEO_00949,WP_046463903.1,91.9,665,665,665,0.0e+00,1129.8,1,1
DAKCFMEO_00949,WP_011105048.1,31.4,420,665,541,5.3e-32,134.0,0.631579,0.77634
DAKCFMEO_00949,WP_011103917.1,30.9,463,665,491,2.6e-31,131.7,0.696241,0.942974
DAKCFMEO_00950,WP_011103965.1,30.0,317,374,342,6.7e-24,106.3,0.847594,0.926901
DAKCFMEO_00950,WP_011103142.1,30.6,330,374,330,7.4e-23,102.8,0.882353,1
DAKCFMEO_00951,WP_007246342.1,39.6,154,170,178,7.2e-26,111.7,0.905882,0.865169
DAKCFMEO_00951,WP_011103465.1,30.3,165,170,180,4.9e-14,72.4,0.970588,0.916667
DAKCFMEO_00951,WP_007244528.1,30.3,152,170,172,4.5e-12,65.9,0.894118,0.883721
DAKCFMEO_00957,WP_005766318.1,76.9,446,453,453,5.5e-182,631.7,0.984547,0.984547
DAKCFMEO_00957,WP_007247551.1,42.8,449,453,458,2.8e-93,337.0,0.99117,0.980349
DAKCFMEO_00958,WP_007245868.1,82.4,216,216,216,5.1e-101,361.7,1,1
DAKCFMEO_00958,WP_005770794.1,53.0,215,216,218,2.8e-59,223.0,0.99537,0.986239
DAKCFMEO_00958,WP_005767352.1,41.5,200,216,214,1.6e-41,164.1,0.925926,0.934579
DAKCFMEO_00959,WP_046463317.1,91.3,912,915,913,0.0e+00,1673.7,0.996721,0.998905
DAKCFMEO_00959,WP_005767351.1,46.1,899,915,913,1.9e-213,737.3,0.982514,0.984666
DAKCFMEO_00960,WP_010204398.1,52.7,74,84,80,2.2e-12,65.9,0.880952,0.925
DAKCFMEO_00961,WP_005766308.1,53.5,101,111,118,3.2e-22,99.0,0.90991,0.855932
DAKCFMEO_00962,WP_046463316.1,83.2,274,290,299,3.4e-140,492.3,0.944828,0.916388
DAKCFMEO_00963,WP_011104874.1,30.2,506,557,562,4.7e-58,220.3,0.908438,0.900356
DAKCFMEO_00964,WP_011104448.1,91.3,413,413,413,3.0e-211,728.8,1,1
DAKCFMEO_00964,WP_011103856.1,40.1,414,413,415,4.3e-80,293.1,1.00242,0.99759
DAKCFMEO_00964,WP_011104091.1,35.2,358,413,383,1.1e-46,182.2,0.866828,0.934726
DAKCFMEO_00966,WP_003383141.1,36.2,232,229,229,6.3e-33,135.6,1.0131,1.0131
DAKCFMEO_00966,WP_002555020.1,38.7,230,229,227,5.3e-32,132.5,1.00437,1.01322
DAKCFMEO_00966,WP_003381155.1,33.9,224,229,227,1.8e-27,117.5,0.978166,0.986784
DAKCFMEO_00966,WP_003382360.1,33.2,223,229,224,1.8e-27,117.5,0.973799,0.995536
DAKCFMEO_00966,WP_005764042.1,34.1,223,229,225,1.8e-27,117.5,0.973799,0.991111
DAKCFMEO_00966,WP_003380226.1,35.9,237,229,246,2.3e-27,117.1,1.03493,0.963415
DAKCFMEO_00966,WP_004396544.1,33.6,226,229,225,5.2e-27,115.9,0.9869,1.00444
DAKCFMEO_00966,WP_005766623.1,33.3,228,229,245,1.3e-25,111.3,0.995633,0.930612
DAKCFMEO_00966,WP_011103914.1,32.6,224,229,230,3.7e-25,109.8,0.978166,0.973913
DAKCFMEO_00966,WP_005739198.1,33.9,224,229,223,8.2e-25,108.6,0.978166,1.00448
DAKCFMEO_00966,WP_005764051.1,34.3,236,229,245,3.1e-24,106.7,1.03057,0.963265
DAKCFMEO_00966,WP_007244755.1,32.5,234,229,249,9.1e-24,105.1,1.02183,0.939759
DAKCFMEO_00966,WP_011103755.1,32.1,224,229,220,9.1e-24,105.1,0.978166,1.01818
DAKCFMEO_00966,WP_003381559.1,32.3,226,229,225,2.0e-23,104.0,0.9869,1.00444
DAKCFMEO_00966,WP_005769238.1,31.5,232,229,254,3.5e-23,103.2,1.0131,0.913386
DAKCFMEO_00966,WP_007246025.1,32.3,226,229,222,3.8e-22,99.8,0.9869,1.01802
DAKCFMEO_00966,WP_005770857.1,31.6,225,229,224,2.5e-21,97.1,0.982533,1.00446
DAKCFMEO_00966,WP_159229484.1,31.8,195,229,207,1.2e-18,88.2,0.851528,0.942029
DAKCFMEO_00966,WP_011104866.1,31.8,157,229,222,2.7e-15,77.0,0.68559,0.707207
DAKCFMEO_00967,WP_005768689.1,37.8,389,501,486,1.3e-51,198.7,0.776447,0.800412
DAKCFMEO_00970,WP_011105356.1,30.3,1011,1028,1033,1.9e-121,431.8,0.983463,0.978703
DAKCFMEO_00970,WP_011104487.1,31.4,990,1028,1011,1.6e-120,428.7,0.963035,0.979228
DAKCFMEO_00971,WP_003382014.1,40.3,462,475,479,9.5e-100,358.6,0.972632,0.964509
DAKCFMEO_00971,WP_005769539.1,36.4,470,475,473,9.2e-87,315.5,0.989474,0.993658
DAKCFMEO_00974,WP_011104447.1,86.6,569,565,569,2.0e-290,992.3,1.00708,1
DAKCFMEO_00975,WP_011104446.1,70.9,5737,5669,6274,0.0e+00,2397.1,1.012,0.914409
DAKCFMEO_00977,WP_080597953.1,100.0,118,119,118,2.0e-67,249.2,0.991597,1
DAKCFMEO_00977,WP_078983211.1,96.6,118,119,118,5.5e-65,241.1,0.991597,1
DAKCFMEO_00977,WP_080946645.1,95.8,118,119,118,9.4e-65,240.4,0.991597,1
DAKCFMEO_00977,WP_080946591.1,94.9,118,119,118,3.6e-64,238.4,0.991597,1
DAKCFMEO_00977,WP_080115702.1,94.9,118,119,118,6.1e-64,237.7,0.991597,1
DAKCFMEO_00977,WP_159229490.1,94.1,118,119,118,4.0e-63,235.0,0.991597,1
DAKCFMEO_00977,WP_159229495.1,93.4,106,119,115,9.8e-54,203.8,0.890756,0.921739
DAKCFMEO_00977,WP_159229486.1,95.8,95,119,110,2.1e-48,186.0,0.798319,0.863636
DAKCFMEO_00988,WP_005618920.1,38.0,150,149,143,8.0e-21,94.7,1.00671,1.04895
DAKCFMEO_00993,WP_010211386.1,50.5,406,472,578,8.0e-107,382.1,0.860169,0.702422
DAKCFMEO_00993,WP_005763446.1,46.3,389,472,594,3.3e-97,350.1,0.824153,0.654882
DAKCFMEO_00993,WP_011103350.1,45.1,388,472,564,4.8e-88,319.7,0.822034,0.687943
DAKCFMEO_00993,WP_003377212.1,31.1,347,472,344,6.7e-29,123.2,0.735169,1.00872
DAKCFMEO_00993,WP_011106982.1,31.2,301,472,393,2.6e-17,84.7,0.637712,0.765903
DAKCFMEO_00993,WP_011107026.1,31.2,301,472,393,2.6e-17,84.7,0.637712,0.765903
DAKCFMEO_00994,WP_005767347.1,34.8,400,403,400,3.1e-51,197.2,0.992556,1
DAKCFMEO_00996,WP_011104427.1,75.1,430,438,438,5.2e-185,641.7,0.981735,0.981735
DAKCFMEO_00997,WP_011103775.1,82.2,152,159,157,4.6e-75,275.0,0.955975,0.968153
DAKCFMEO_00998,WP_005764509.1,37.7,332,337,344,1.7e-55,211.1,0.985163,0.965116
DAKCFMEO_00998,WP_005763696.1,38.9,321,337,367,1.6e-53,204.5,0.952522,0.874659
DAKCFMEO_00998,WP_005740596.1,35.7,227,337,330,2.7e-32,134.0,0.673591,0.687879
DAKCFMEO_00999,WP_007244847.1,91.3,473,473,473,2.6e-238,818.9,1,1
DAKCFMEO_01000,WP_011104242.1,35.7,294,306,304,1.1e-48,188.3,0.960784,0.967105
DAKCFMEO_01000,WP_011103609.1,34.6,292,306,297,2.7e-47,183.7,0.954248,0.983165
DAKCFMEO_01000,WP_011104428.1,31.8,289,306,304,2.0e-34,141.0,0.944444,0.950658
DAKCFMEO_01000,WP_011104938.1,31.8,296,306,307,4.9e-33,136.3,0.96732,0.964169
DAKCFMEO_01000,WP_007245106.1,30.3,290,306,301,4.8e-28,119.8,0.947712,0.963455
DAKCFMEO_01001,WP_007245876.1,80.6,284,287,287,6.9e-130,458.0,0.989547,0.989547
DAKCFMEO_01001,WP_011104195.1,30.2,305,287,331,1.5e-31,131.3,1.06272,0.92145
DAKCFMEO_01002,WP_011104419.1,80.0,270,285,278,1.1e-130,460.7,0.947368,0.971223
DAKCFMEO_01003,WP_011104418.1,74.7,300,306,303,3.8e-126,445.7,0.980392,0.990099
DAKCFMEO_01003,WP_007245106.1,36.1,294,306,301,9.3e-40,158.7,0.960784,0.976744
DAKCFMEO_01003,WP_011104938.1,31.7,290,306,307,3.5e-39,156.8,0.947712,0.944625
DAKCFMEO_01003,WP_003377838.1,33.2,289,306,298,1.7e-38,154.5,0.944444,0.969799
DAKCFMEO_01003,WP_011104428.1,31.1,296,306,304,1.4e-35,144.8,0.96732,0.973684
DAKCFMEO_01003,WP_007246000.1,33.1,296,306,301,3.1e-35,143.7,0.96732,0.983389
DAKCFMEO_01003,WP_005617775.1,31.2,288,306,301,6.9e-35,142.5,0.941176,0.956811
DAKCFMEO_01003,WP_011104172.1,34.0,294,306,305,6.9e-35,142.5,0.960784,0.963934
DAKCFMEO_01003,WP_011103634.1,31.5,298,306,302,3.4e-34,140.2,0.973856,0.986755
DAKCFMEO_01003,WP_005771227.1,31.7,287,306,294,1.3e-33,138.3,0.937908,0.97619
DAKCFMEO_01003,WP_005766247.1,32.1,290,306,319,9.3e-32,132.1,0.947712,0.909091
DAKCFMEO_01004,WP_011103987.1,65.7,213,216,214,1.3e-75,277.3,0.986111,0.995327
DAKCFMEO_01005,WP_005770293.1,75.9,145,148,148,3.1e-57,215.7,0.97973,0.97973
DAKCFMEO_01006,WP_005764499.1,40.8,142,178,177,5.6e-29,122.1,0.797753,0.80226
DAKCFMEO_01007,WP_011104938.1,33.6,298,303,307,6.1e-44,172.6,0.983498,0.970684
DAKCFMEO_01007,WP_003377838.1,34.4,282,303,298,4.0e-43,169.9,0.930693,0.946309
DAKCFMEO_01007,WP_007245106.1,36.3,292,303,301,2.6e-42,167.2,0.963696,0.9701
DAKCFMEO_01007,WP_011104037.1,30.2,288,303,302,3.3e-37,150.2,0.950495,0.953642
DAKCFMEO_01007,WP_005617775.1,34.3,303,303,301,9.5e-37,148.7,1,1.00664
DAKCFMEO_01007,WP_011104375.1,32.3,294,303,307,6.2e-36,146.0,0.970297,0.957655
DAKCFMEO_01007,WP_011104428.1,31.5,295,303,304,8.0e-36,145.6,0.973597,0.970395
DAKCFMEO_01007,WP_005615366.1,31.2,295,303,315,1.4e-35,144.8,0.973597,0.936508
DAKCFMEO_01007,WP_011103634.1,34.2,269,303,302,1.1e-32,135.2,0.887789,0.890728
DAKCFMEO_01007,WP_011104418.1,31.7,287,303,303,2.3e-30,127.5,0.947195,0.947195
DAKCFMEO_01007,WP_005765268.1,31.2,279,303,294,8.1e-28,119.0,0.920792,0.94898
DAKCFMEO_01009,WP_011104417.1,71.1,149,149,149,9.1e-57,214.2,1,1
DAKCFMEO_01010,WP_005766332.1,82.6,207,207,207,4.4e-94,338.6,1,1
DAKCFMEO_01011,WP_005766330.1,90.3,559,558,559,2.0e-282,965.7,1.00179,1
DAKCFMEO_01012,WP_005766329.1,95.1,204,204,204,1.3e-109,390.2,1,1
DAKCFMEO_01013,WP_005766327.1,91.3,161,161,209,1.9e-76,279.6,1,0.770335
DAKCFMEO_01014,WP_007245872.1,80.6,98,99,99,4.9e-43,167.9,0.989899,0.989899
DAKCFMEO_01015,WP_005766322.1,88.2,356,355,356,1.3e-183,636.7,1.00282,1
DAKCFMEO_01016,WP_005766320.1,82.8,116,116,116,5.8e-51,194.5,1,1
DAKCFMEO_01017,WP_007245870.1,92.4,105,105,105,2.1e-47,182.6,1,1
DAKCFMEO_01018,WP_003380539.1,95.2,84,84,84,3.6e-42,164.9,1,1
DAKCFMEO_01019,WP_005766304.1,81.8,159,159,159,1.2e-70,260.4,1,1
DAKCFMEO_01020,WP_011104413.1,82.9,409,410,402,4.5e-191,661.8,0.997561,1.01741
DAKCFMEO_01020,WP_011103367.1,47.0,387,410,392,2.3e-86,313.9,0.943902,0.987245
DAKCFMEO_01020,WP_005768685.1,37.4,393,410,399,5.4e-59,223.0,0.958537,0.984962
DAKCFMEO_01020,WP_007245350.1,35.3,399,410,391,3.5e-50,193.7,0.973171,1.02046
DAKCFMEO_01020,WP_011104287.1,30.8,402,410,413,1.8e-38,154.8,0.980488,0.973366
DAKCFMEO_01021,WP_011104412.1,89.1,257,257,257,4.2e-126,445.3,1,1
DAKCFMEO_01021,WP_005739372.1,31.7,224,257,276,1.4e-25,111.3,0.871595,0.811594
DAKCFMEO_01022,WP_011105496.1,31.7,542,656,680,3.7e-62,234.2,0.82622,0.797059
DAKCFMEO_01022,WP_011105476.1,30.2,539,656,678,1.4e-61,232.3,0.821646,0.794985
DAKCFMEO_01022,WP_011104070.1,31.9,540,656,680,2.9e-59,224.6,0.823171,0.794118
DAKCFMEO_01022,WP_005770647.1,32.2,494,656,675,8.6e-59,223.0,0.753049,0.731852
DAKCFMEO_01022,WP_011104993.1,30.8,539,656,763,1.5e-58,222.2,0.821646,0.706422
DAKCFMEO_01023,WP_005766298.1,94.0,234,234,234,5.1e-123,434.9,1,1
DAKCFMEO_01023,WP_011104813.1,36.2,232,234,248,1.3e-28,121.3,0.991453,0.935484
DAKCFMEO_01024,WP_046463315.1,73.3,434,434,447,4.8e-143,502.3,1,0.970917
DAKCFMEO_01025,WP_005766294.1,81.1,180,181,181,2.7e-79,289.3,0.994475,0.994475
DAKCFMEO_01026,WP_011104410.1,84.7,392,407,414,6.5e-174,604.7,0.963145,0.94686
DAKCFMEO_01028,WP_046463314.1,81.7,378,383,378,3.6e-190,658.7,0.986945,1
DAKCFMEO_01029,WP_024666650.1,70.6,180,200,177,1.1e-68,254.2,0.9,1.01695
DAKCFMEO_01030,WP_003380560.1,97.4,155,155,155,1.7e-82,299.7,1,1
DAKCFMEO_01030,WP_011103096.1,55.8,154,155,159,3.7e-45,175.6,0.993548,0.968553
DAKCFMEO_01030,WP_005613713.1,43.3,150,155,156,4.7e-32,132.1,0.967742,0.961538
DAKCFMEO_01030,WP_004655323.1,43.0,151,155,162,1.7e-29,123.6,0.974194,0.932099
DAKCFMEO_01030,WP_003376607.1,40.8,152,155,159,6.6e-26,111.7,0.980645,0.955975
DAKCFMEO_01030,WP_007243724.1,32.4,139,155,143,5.4e-20,92.0,0.896774,0.972028
DAKCFMEO_01030,WP_046463288.1,36.0,150,155,168,2.1e-19,90.1,0.967742,0.892857
DAKCFMEO_01030,WP_002555947.1,38.1,126,155,162,2.3e-18,86.7,0.812903,0.777778
DAKCFMEO_01031,WP_011104408.1,93.3,1160,1160,1160,0.0e+00,2201.4,1,1
DAKCFMEO_01032,WP_046463299.1,69.6,543,634,641,4.9e-120,426.4,0.856467,0.847114
DAKCFMEO_01032,WP_011105342.1,51.9,547,634,638,3.7e-59,224.2,0.862776,0.857367
DAKCFMEO_01032,WP_046463739.1,43.9,551,634,640,2.2e-51,198.4,0.869085,0.860938
DAKCFMEO_01032,WP_011105343.1,40.1,551,634,647,2.0e-44,175.3,0.869085,0.851623
DAKCFMEO_01032,WP_007244964.1,45.1,521,634,640,5.1e-40,160.6,0.821767,0.814063
DAKCFMEO_01032,WP_011104387.1,42.9,555,634,642,4.8e-22,100.9,0.875394,0.864486
DAKCFMEO_01032,WP_044390209.1,42.3,544,634,642,2.0e-20,95.5,0.858044,0.847352
DAKCFMEO_01033,WP_005617775.1,82.4,301,301,301,2.7e-140,492.7,1,1
DAKCFMEO_01033,WP_007245106.1,35.7,297,301,301,3.8e-46,179.9,0.986711,0.986711
DAKCFMEO_01033,WP_011104172.1,35.7,300,301,305,1.4e-43,171.4,0.996678,0.983607
DAKCFMEO_01033,WP_011104428.1,33.8,296,301,304,1.8e-43,171.0,0.983389,0.973684
DAKCFMEO_01033,WP_005771227.1,35.1,302,301,294,2.3e-43,170.6,1.00332,1.02721
DAKCFMEO_01033,WP_011104037.1,32.8,296,301,302,2.3e-43,170.6,0.983389,0.980132
DAKCFMEO_01033,WP_003377838.1,35.0,294,301,298,1.5e-42,167.9,0.976744,0.986577
DAKCFMEO_01033,WP_011104938.1,32.4,296,301,307,1.1e-40,161.8,0.983389,0.964169
DAKCFMEO_01033,WP_011104418.1,34.7,294,301,303,1.4e-40,161.4,0.976744,0.970297
DAKCFMEO_01033,WP_011103267.1,35.3,275,301,307,5.0e-38,152.9,0.913621,0.895765
DAKCFMEO_01033,WP_011103634.1,31.3,294,301,302,2.7e-36,147.1,0.976744,0.97351
DAKCFMEO_01033,WP_011104375.1,33.6,286,301,307,1.0e-35,145.2,0.950166,0.931596
DAKCFMEO_01033,WP_005615366.1,30.8,295,301,315,1.2e-34,141.7,0.980066,0.936508
DAKCFMEO_01033,WP_007246000.1,35.0,263,301,301,2.6e-34,140.6,0.873754,0.873754
DAKCFMEO_01033,WP_005765268.1,30.9,278,301,294,1.3e-30,128.3,0.923588,0.945578
DAKCFMEO_01034,WP_011104111.1,84.2,400,400,400,4.5e-196,678.3,1,1
DAKCFMEO_01034,WP_011103718.1,39.7,380,400,405,6.6e-70,259.2,0.95,0.938272
DAKCFMEO_01034,WP_011103055.1,33.9,422,400,434,8.4e-57,215.7,1.055,0.97235
DAKCFMEO_01034,WP_011103086.1,32.0,397,400,426,4.4e-50,193.4,0.9925,0.931925
DAKCFMEO_01034,WP_005767839.1,33.3,393,400,415,3.2e-48,187.2,0.9825,0.946988
DAKCFMEO_01034,WP_005770701.1,30.4,428,400,470,3.1e-43,170.6,1.07,0.910638
DAKCFMEO_01034,WP_011105299.1,31.2,420,400,468,5.3e-43,169.9,1.05,0.897436
DAKCFMEO_01034,WP_003383172.1,30.9,349,400,448,1.3e-38,155.2,0.8725,0.779018
DAKCFMEO_01035,WP_005762784.1,87.5,144,182,177,1.3e-62,233.8,0.791209,0.813559
DAKCFMEO_01036,WP_005762782.1,89.7,146,146,146,1.1e-67,250.4,1,1
DAKCFMEO_01037,WP_044391024.1,35.5,592,861,730,5.3e-101,363.6,0.687573,0.810959
DAKCFMEO_01037,WP_046463958.1,37.9,536,861,825,9.1e-101,362.8,0.622532,0.649697
DAKCFMEO_01037,WP_011103090.1,34.8,589,861,643,4.7e-89,323.9,0.684088,0.916019
DAKCFMEO_01037,WP_011103884.1,35.4,576,861,730,6.8e-88,320.1,0.66899,0.789041
DAKCFMEO_01037,WP_007244549.1,32.3,570,861,897,1.6e-84,308.9,0.662021,0.635452
DAKCFMEO_01038,WP_011104112.1,93.1,787,787,787,0.0e+00,1528.5,1,1
DAKCFMEO_01039,WP_011105579.1,68.4,316,326,320,1.6e-106,380.6,0.969325,0.9875
DAKCFMEO_01039,WP_003425052.1,63.4,213,326,247,4.4e-64,239.6,0.653374,0.862348
DAKCFMEO_01040,WP_011104113.1,81.3,278,282,281,9.8e-129,454.1,0.985816,0.989324
DAKCFMEO_01041,WP_005762776.1,80.7,280,280,280,7.5e-137,481.1,1,1
DAKCFMEO_01042,WP_011104114.1,88.9,279,279,279,8.7e-154,537.3,1,1
DAKCFMEO_01044,WP_011104120.1,90.8,249,249,249,2.1e-127,449.5,1,1
DAKCFMEO_01044,WP_005770693.1,34.1,208,249,250,6.2e-26,112.5,0.835341,0.832
DAKCFMEO_01044,WP_005770064.1,34.1,208,249,263,1.7e-23,104.4,0.835341,0.790875
DAKCFMEO_01044,WP_005768460.1,30.3,218,249,264,1.3e-20,94.7,0.875502,0.825758
DAKCFMEO_01044,WP_007245567.1,30.3,228,249,247,2.3e-20,94.0,0.915663,0.923077
DAKCFMEO_01044,WP_011105420.1,33.0,203,249,270,7.3e-19,89.0,0.815261,0.751852
DAKCFMEO_01044,WP_005767098.1,33.3,198,249,261,1.1e-17,85.1,0.795181,0.758621
DAKCFMEO_01044,WP_005770464.1,32.0,228,249,329,1.8e-17,84.3,0.915663,0.693009
DAKCFMEO_01044,WP_011105360.1,31.7,180,249,286,9.0e-17,82.0,0.722892,0.629371
DAKCFMEO_01044,WP_005620338.1,30.8,237,249,241,1.5e-16,81.3,0.951807,0.983402
DAKCFMEO_01044,WP_010203924.1,30.0,217,249,335,8.4e-15,75.5,0.871486,0.647761
DAKCFMEO_01045,WP_003376994.1,93.1,289,289,289,9.7e-132,464.2,1,1
DAKCFMEO_01046,WP_011104121.1,90.9,298,298,298,3.2e-154,538.9,1,1
DAKCFMEO_01048,WP_007245976.1,93.8,368,368,382,1.3e-210,726.5,1,0.963351
DAKCFMEO_01049,WP_002554489.1,36.9,203,239,237,1.4e-30,127.9,0.849372,0.85654
DAKCFMEO_01049,WP_005767289.1,30.3,165,239,237,2.9e-12,67.0,0.690377,0.696203
DAKCFMEO_01050,WP_011104122.1,84.5,290,290,290,7.2e-151,527.7,1,1
DAKCFMEO_01050,WP_011103398.1,30.7,287,290,294,1.4e-29,124.8,0.989655,0.97619
DAKCFMEO_01051,WP_007245978.1,92.0,337,337,337,8.6e-180,624.0,1,1
DAKCFMEO_01052,WP_011104123.1,93.1,507,507,507,2.4e-271,928.7,1,1
DAKCFMEO_01052,WP_011104585.1,43.8,489,507,525,1.1e-114,408.3,0.964497,0.931429
DAKCFMEO_01052,WP_011103969.1,41.3,501,507,517,6.3e-102,365.9,0.988166,0.969052
DAKCFMEO_01052,WP_011103981.1,40.4,500,507,509,5.5e-98,352.8,0.986193,0.982318
DAKCFMEO_01052,WP_005764620.1,41.0,490,507,522,2.1e-97,350.9,0.966469,0.938697
DAKCFMEO_01052,WP_161797778.1,39.5,501,507,536,2.8e-97,350.5,0.988166,0.934701
DAKCFMEO_01052,WP_011103450.1,32.4,491,507,503,3.8e-62,233.8,0.968442,0.976143
DAKCFMEO_01052,WP_011103272.1,32.8,482,507,517,6.0e-60,226.5,0.95069,0.932302
DAKCFMEO_01052,WP_005763959.1,30.2,496,507,511,9.6e-58,219.2,0.978304,0.970646
DAKCFMEO_01053,WP_003377005.1,96.0,321,321,321,8.5e-169,587.4,1,1
DAKCFMEO_01053,WP_003380853.1,33.7,323,321,341,3.3e-40,160.2,1.00623,0.947214
DAKCFMEO_01053,WP_007246911.1,30.6,297,321,334,3.2e-27,117.1,0.925234,0.889222
DAKCFMEO_01054,WP_011104099.1,33.0,454,515,528,1.8e-67,251.5,0.881553,0.859848
DAKCFMEO_01054,WP_011103501.1,33.5,433,515,502,1.1e-58,222.2,0.840777,0.86255
DAKCFMEO_01060,WP_046463494.1,74.4,273,286,283,7.4e-116,411.4,0.954545,0.964664
DAKCFMEO_01060,WP_010206379.1,48.1,266,286,293,5.0e-72,265.8,0.93007,0.90785
DAKCFMEO_01065,WP_005770888.1,73.5,283,290,291,6.2e-118,418.3,0.975862,0.972509
DAKCFMEO_01065,WP_005762770.1,30.6,186,290,290,8.8e-16,79.0,0.641379,0.641379
DAKCFMEO_01066,WP_005770885.1,91.5,141,141,141,4.1e-75,275.0,1,1
DAKCFMEO_01072,WP_007244820.1,38.2,701,714,695,4.0e-110,393.7,0.981793,1.00863
DAKCFMEO_01072,WP_005616857.1,33.2,717,714,709,4.2e-91,330.5,1.0042,1.01128
DAKCFMEO_01079,WP_005763897.1,33.3,240,259,268,9.0e-28,118.6,0.926641,0.895522
DAKCFMEO_01082,WP_005763862.1,47.4,430,442,449,4.4e-99,356.3,0.972851,0.957684
DAKCFMEO_01082,WP_005767000.1,44.7,416,442,452,2.5e-86,313.9,0.941176,0.920354
DAKCFMEO_01085,WP_003375709.1,43.1,216,218,217,1.5e-44,174.1,0.990826,0.995392
DAKCFMEO_01085,WP_007244364.1,36.2,213,218,250,2.8e-30,126.7,0.977064,0.852
DAKCFMEO_01090,WP_005768808.1,51.0,467,548,502,7.2e-136,478.8,0.85219,0.930279
DAKCFMEO_01091,WP_005762712.1,88.7,222,226,225,4.8e-110,391.7,0.982301,0.986667
DAKCFMEO_01091,WP_011105103.1,59.7,149,226,176,1.8e-48,187.2,0.659292,0.846591
DAKCFMEO_01092,WP_005762709.1,88.4,327,327,327,8.6e-169,587.4,1,1
DAKCFMEO_01092,WP_011105102.1,51.9,324,327,329,7.0e-86,312.0,0.990826,0.984802
DAKCFMEO_01092,WP_010218671.1,49.8,319,327,331,1.2e-72,268.1,0.975535,0.963746
DAKCFMEO_01093,WP_007245994.1,86.3,738,738,738,0.0e+00,1307.0,1,1
DAKCFMEO_01093,WP_011105101.1,40.2,733,738,733,3.2e-147,516.9,0.993225,1
DAKCFMEO_01093,WP_011104241.1,35.8,740,738,736,3.7e-111,397.1,1.00271,1.00543
DAKCFMEO_01094,WP_007245995.1,86.6,322,322,322,5.7e-157,548.1,1,1
DAKCFMEO_01095,WP_005762703.1,64.7,207,207,207,2.2e-77,283.1,1,1
DAKCFMEO_01096,WP_005762701.1,85.3,191,194,194,1.7e-100,359.8,0.984536,0.984536
DAKCFMEO_01098,WP_005762699.1,83.6,463,463,463,1.3e-226,780.0,1,1
DAKCFMEO_01098,WP_011104140.1,32.7,447,463,476,4.0e-71,263.5,0.965443,0.939076
DAKCFMEO_01098,WP_011103085.1,32.9,441,463,480,1.7e-69,258.1,0.952484,0.91875
DAKCFMEO_01098,WP_011104137.1,33.0,463,463,493,1.0e-66,248.8,1,0.939148
DAKCFMEO_01098,WP_005763655.1,30.8,454,463,490,4.5e-62,233.4,0.980562,0.926531
DAKCFMEO_01098,WP_011104646.1,32.7,450,463,491,3.2e-60,227.3,0.971922,0.916497
DAKCFMEO_01098,WP_011103053.1,30.8,454,463,485,3.0e-58,220.7,0.980562,0.936082
DAKCFMEO_01098,WP_011103748.1,30.8,441,463,505,5.7e-57,216.5,0.952484,0.873267
DAKCFMEO_01098,WP_011104290.1,31.9,451,463,482,9.7e-57,215.7,0.974082,0.935685
DAKCFMEO_01098,WP_005764523.1,30.3,435,463,493,1.1e-52,202.2,0.939525,0.882353
DAKCFMEO_01098,WP_011104361.1,30.2,467,463,505,1.1e-52,202.2,1.00864,0.924752
DAKCFMEO_01098,WP_011102988.1,30.5,440,463,497,1.4e-52,201.8,0.950324,0.885312
DAKCFMEO_01099,WP_005762697.1,91.9,283,292,292,1.6e-150,526.6,0.969178,0.969178
DAKCFMEO_01100,WP_011104133.1,92.0,363,363,364,1.3e-202,699.9,1,0.997253
DAKCFMEO_01100,WP_005769662.1,33.5,367,363,360,1.9e-47,184.5,1.01102,1.01944
DAKCFMEO_01100,WP_011104435.1,32.9,380,363,396,4.0e-42,166.8,1.04683,0.959596
DAKCFMEO_01101,WP_007246000.1,90.8,294,305,301,1.0e-155,543.9,0.963934,0.976744
DAKCFMEO_01101,WP_005765268.1,35.7,291,305,294,3.5e-47,183.3,0.954098,0.989796
DAKCFMEO_01101,WP_007245106.1,34.7,294,305,301,8.9e-43,168.7,0.963934,0.976744
DAKCFMEO_01101,WP_005771227.1,32.3,288,305,294,2.4e-40,160.6,0.944262,0.979592
DAKCFMEO_01101,WP_005615366.1,32.5,295,305,315,7.1e-40,159.1,0.967213,0.936508
DAKCFMEO_01101,WP_003377838.1,33.1,296,305,298,1.6e-39,157.9,0.970492,0.993289
DAKCFMEO_01101,WP_011103267.1,32.1,296,305,307,7.8e-39,155.6,0.970492,0.964169
DAKCFMEO_01101,WP_011104375.1,33.1,299,305,307,7.8e-39,155.6,0.980328,0.973941
DAKCFMEO_01101,WP_011104938.1,32.1,290,305,307,3.3e-37,150.2,0.95082,0.944625
DAKCFMEO_01101,WP_011103634.1,30.7,264,305,302,3.1e-35,143.7,0.865574,0.874172
DAKCFMEO_01101,WP_005617775.1,33.9,289,305,301,2.0e-34,141.0,0.947541,0.960133
DAKCFMEO_01101,WP_011104172.1,33.4,287,305,305,2.0e-34,141.0,0.940984,0.940984
DAKCFMEO_01101,WP_011104418.1,32.5,295,305,303,6.4e-33,136.0,0.967213,0.973597
DAKCFMEO_01102,WP_005762690.1,91.4,384,384,384,4.7e-198,684.9,1,1
DAKCFMEO_01102,WP_005768050.1,45.8,360,384,374,7.2e-82,298.9,0.9375,0.962567
DAKCFMEO_01102,WP_005737104.1,42.0,367,384,380,1.2e-68,255.0,0.955729,0.965789
DAKCFMEO_01102,WP_011104057.1,40.3,347,384,342,2.6e-63,237.3,0.903646,1.01462
DAKCFMEO_01102,WP_005770464.1,46.7,259,384,329,1.1e-61,231.9,0.674479,0.787234
DAKCFMEO_01102,WP_005764049.1,39.8,327,384,386,2.7e-60,227.3,0.851562,0.84715
DAKCFMEO_01102,WP_011103158.1,48.2,257,384,347,4.5e-60,226.5,0.669271,0.740634
DAKCFMEO_01102,WP_003380252.1,46.0,252,384,326,1.0e-59,225.3,0.65625,0.773006
DAKCFMEO_01102,WP_011103331.1,38.4,346,384,381,1.9e-58,221.1,0.901042,0.908136
DAKCFMEO_01102,WP_005768959.1,41.0,288,384,368,5.7e-55,209.5,0.75,0.782609
DAKCFMEO_01102,WP_044390643.1,45.7,243,384,356,2.5e-50,194.1,0.632812,0.682584
DAKCFMEO_01102,WP_005763692.1,42.1,242,384,392,6.4e-46,179.5,0.630208,0.617347
DAKCFMEO_01102,WP_003368676.1,37.2,250,384,385,1.6e-41,164.9,0.651042,0.649351
DAKCFMEO_01102,WP_011103489.1,36.7,237,384,254,2.6e-39,157.5,0.617188,0.933071
DAKCFMEO_01102,WP_005768429.1,37.9,240,384,244,3.4e-39,157.1,0.625,0.983607
DAKCFMEO_01102,WP_007247035.1,35.9,251,384,276,7.5e-39,156.0,0.653646,0.90942
DAKCFMEO_01102,WP_005740065.1,35.1,245,384,364,1.9e-37,151.4,0.638021,0.673077
DAKCFMEO_01102,WP_005765582.1,36.8,231,384,376,2.1e-36,147.9,0.601562,0.614362
DAKCFMEO_01102,WP_010203924.1,32.4,262,384,335,6.0e-36,146.4,0.682292,0.78209
DAKCFMEO_01102,WP_007243868.1,36.4,239,384,245,1.0e-35,145.6,0.622396,0.97551
DAKCFMEO_01103,WP_011104134.1,95.2,271,271,271,3.0e-135,475.7,1,1
DAKCFMEO_01103,WP_005768044.1,43.0,256,271,273,1.8e-47,184.1,0.944649,0.937729
DAKCFMEO_01103,WP_003383453.1,31.8,236,271,264,8.2e-32,132.1,0.870849,0.893939
DAKCFMEO_01103,WP_005767071.1,32.7,263,271,293,1.2e-25,111.7,0.97048,0.897611
DAKCFMEO_01103,WP_005770465.1,33.0,209,271,265,7.0e-15,75.9,0.771218,0.788679
DAKCFMEO_01104,WP_010219162.1,97.5,284,284,312,4.1e-143,501.9,1,0.910256
DAKCFMEO_01104,WP_005767073.1,30.2,212,284,306,6.2e-30,125.9,0.746479,0.69281
DAKCFMEO_01104,WP_007246654.1,30.6,255,284,290,2.0e-28,120.9,0.897887,0.87931
DAKCFMEO_01105,WP_005762684.1,90.3,341,341,341,1.3e-180,626.7,1,1
DAKCFMEO_01105,WP_003377314.1,38.1,328,341,344,1.9e-54,207.6,0.961877,0.953488
DAKCFMEO_01106,WP_011104135.1,93.0,369,369,369,2.5e-201,695.7,1,1
DAKCFMEO_01106,WP_011103237.1,56.0,366,369,363,1.2e-113,404.4,0.99187,1.00826
DAKCFMEO_01107,WP_005762682.1,90.4,94,96,96,2.7e-46,178.7,0.979167,0.979167
DAKCFMEO_01107,WP_005888835.1,39.2,97,96,98,2.7e-14,72.4,1.01042,0.989796
DAKCFMEO_01108,WP_005762801.1,75.6,131,131,167,5.7e-55,208.0,1,0.784431
DAKCFMEO_01109,WP_005762680.1,92.5,187,187,187,5.9e-106,377.9,1,1
DAKCFMEO_01109,WP_011103564.1,42.4,170,187,183,3.1e-38,152.9,0.909091,0.928962
DAKCFMEO_01110,WP_011104136.1,95.2,250,250,250,5.1e-129,454.9,1,1
DAKCFMEO_01111,WP_003382778.1,91.9,161,161,161,5.5e-84,304.7,1,1
DAKCFMEO_01112,WP_011104137.1,97.0,493,493,493,1.3e-274,939.5,1,1
DAKCFMEO_01112,WP_011103748.1,44.9,448,493,505,8.9e-109,388.7,0.908722,0.887129
DAKCFMEO_01112,WP_005763655.1,44.1,479,493,490,5.8e-108,386.0,0.971602,0.977551
DAKCFMEO_01112,WP_011102988.1,42.3,477,493,497,4.4e-100,359.8,0.967546,0.959759
DAKCFMEO_01112,WP_011103085.1,39.4,480,493,480,9.2e-98,352.1,0.973631,1
DAKCFMEO_01112,WP_011103256.1,39.8,492,493,506,2.1e-94,340.9,0.997972,0.972332
DAKCFMEO_01112,WP_011104361.1,38.4,479,493,505,8.6e-88,318.9,0.971602,0.948515
DAKCFMEO_01112,WP_011103053.1,37.1,466,493,485,1.1e-79,292.0,0.945233,0.960825
DAKCFMEO_01112,WP_011104646.1,37.9,475,493,491,1.1e-77,285.4,0.963489,0.967413
DAKCFMEO_01112,WP_011104140.1,32.5,471,493,476,8.4e-75,275.8,0.955375,0.989496
DAKCFMEO_01112,WP_011104290.1,35.2,488,493,482,5.1e-72,266.5,0.989858,1.01245
DAKCFMEO_01112,WP_005762699.1,31.5,457,493,463,6.7e-64,239.6,0.926978,0.987041
DAKCFMEO_01112,WP_005764523.1,32.8,463,493,493,5.3e-61,229.9,0.939148,0.939148
DAKCFMEO_01112,WP_011103274.1,31.4,481,493,497,9.0e-61,229.2,0.975659,0.967807
DAKCFMEO_01112,WP_005767841.1,30.8,452,493,496,3.3e-47,184.1,0.916836,0.91129
DAKCFMEO_01113,WP_007246008.1,88.7,282,277,282,1.2e-139,490.3,1.01805,1
DAKCFMEO_01113,WP_005764971.1,31.0,252,277,262,2.2e-24,107.5,0.909747,0.961832
DAKCFMEO_01114,WP_005762667.1,96.4,196,196,196,7.9e-109,387.5,1,1
DAKCFMEO_01115,WP_011104138.1,92.8,377,379,379,6.0e-214,737.6,0.994723,0.994723
DAKCFMEO_01115,WP_003379921.1,42.6,380,379,399,9.6e-79,288.5,1.00264,0.952381
DAKCFMEO_01115,WP_005767816.1,37.8,402,379,411,7.4e-63,235.7,1.06069,0.978102
DAKCFMEO_01116,WP_007246009.1,85.2,284,288,286,1.5e-140,493.4,0.986111,0.993007
DAKCFMEO_01116,WP_005764783.1,38.8,245,288,253,4.8e-38,152.9,0.850694,0.968379
DAKCFMEO_01116,WP_011104035.1,35.3,255,288,266,4.1e-37,149.8,0.885417,0.958647
DAKCFMEO_01116,WP_005771315.1,35.4,246,288,249,1.1e-34,141.7,0.854167,0.987952
DAKCFMEO_01116,WP_005762514.1,33.6,247,288,248,2.5e-34,140.6,0.857639,0.995968
DAKCFMEO_01116,WP_005770966.1,34.7,245,288,254,6.7e-32,132.5,0.850694,0.964567
DAKCFMEO_01116,WP_005770626.1,34.0,244,288,247,1.1e-31,131.7,0.847222,0.987854
DAKCFMEO_01116,WP_005764784.1,35.7,230,288,249,1.5e-28,121.3,0.798611,0.923695
DAKCFMEO_01116,WP_011103980.1,31.2,247,288,254,3.4e-28,120.2,0.857639,0.972441
DAKCFMEO_01116,WP_005762581.1,32.7,245,288,255,1.7e-27,117.9,0.850694,0.960784
DAKCFMEO_01116,WP_011104354.1,33.9,242,288,243,7.2e-26,112.5,0.840278,0.995885
DAKCFMEO_01116,WP_011103118.1,31.2,256,288,257,2.1e-25,110.9,0.888889,0.996109
DAKCFMEO_01116,WP_161633151.1,33.3,243,288,254,3.6e-25,110.2,0.84375,0.956693
DAKCFMEO_01116,WP_007245137.1,30.0,247,288,246,4.1e-21,96.7,0.857639,1.00407
DAKCFMEO_01116,WP_011104991.1,31.7,246,288,252,1.0e-19,92.0,0.854167,0.97619
DAKCFMEO_01116,WP_005767607.1,31.1,235,288,271,3.8e-19,90.1,0.815972,0.867159
DAKCFMEO_01116,WP_011103459.1,30.0,253,288,306,3.8e-19,90.1,0.878472,0.826797
DAKCFMEO_01116,WP_007245058.1,33.9,186,288,270,5.2e-16,79.7,0.645833,0.688889
DAKCFMEO_01116,WP_005614190.1,30.6,186,288,258,5.3e-13,69.7,0.645833,0.72093
DAKCFMEO_01118,WP_011104140.1,94.1,476,476,476,4.5e-259,887.9,1,1
DAKCFMEO_01118,WP_011103085.1,43.2,465,476,480,9.8e-105,375.2,0.976891,0.96875
DAKCFMEO_01118,WP_011103053.1,38.4,463,476,485,7.5e-89,322.4,0.972689,0.954639
DAKCFMEO_01118,WP_005763655.1,34.5,473,476,490,1.1e-76,282.0,0.993697,0.965306
DAKCFMEO_01118,WP_011104137.1,32.5,471,476,493,2.1e-75,277.7,0.989496,0.955375
DAKCFMEO_01118,WP_011104646.1,34.8,474,476,491,8.1e-75,275.8,0.995798,0.965377
DAKCFMEO_01118,WP_005762699.1,33.3,448,476,463,8.4e-72,265.8,0.941176,0.967603
DAKCFMEO_01118,WP_011104290.1,34.0,477,476,482,9.3e-71,262.3,1.0021,0.989627
DAKCFMEO_01118,WP_011102988.1,32.8,470,476,497,1.6e-67,251.5,0.987395,0.945674
DAKCFMEO_01118,WP_011103279.1,32.8,476,476,508,8.1e-67,249.2,1,0.937008
DAKCFMEO_01118,WP_011104361.1,33.6,453,476,505,9.0e-66,245.7,0.951681,0.89703
DAKCFMEO_01118,WP_011103748.1,34.1,437,476,505,8.4e-64,239.2,0.918067,0.865347
DAKCFMEO_01118,WP_005764523.1,33.2,461,476,493,1.2e-62,235.3,0.968487,0.935091
DAKCFMEO_01118,WP_011103256.1,34.0,482,476,506,1.8e-61,231.5,1.01261,0.952569
DAKCFMEO_01118,WP_011103274.1,30.7,482,476,497,2.4e-55,211.1,1.01261,0.969819
DAKCFMEO_01118,WP_011104588.1,30.4,483,476,500,2.4e-55,211.1,1.01471,0.966
DAKCFMEO_01118,WP_005763618.1,30.6,340,476,475,5.1e-37,150.2,0.714286,0.715789
DAKCFMEO_01119,WP_007246012.1,94.9,311,311,311,2.7e-164,572.4,1,1
DAKCFMEO_01120,WP_007246013.1,85.9,185,186,186,6.8e-86,311.2,0.994624,0.994624
DAKCFMEO_01121,WP_005737770.1,73.3,60,60,60,1.6e-20,92.4,1,1
DAKCFMEO_01123,WP_005765662.1,30.2,262,270,284,6.7e-18,85.9,0.97037,0.922535
DAKCFMEO_01124,WP_005762646.1,84.5,206,222,221,6.2e-94,338.2,0.927928,0.932127
DAKCFMEO_01125,WP_005762644.1,94.7,169,169,169,2.5e-87,315.8,1,1
DAKCFMEO_01126,WP_011104143.1,89.1,384,383,384,3.1e-178,619.0,1.00261,1
DAKCFMEO_01126,WP_011103633.1,53.5,370,383,405,4.5e-100,359.4,0.966057,0.91358
DAKCFMEO_01126,WP_011104979.1,32.5,366,383,388,5.8e-39,156.4,0.955614,0.943299
DAKCFMEO_01127,WP_011104144.1,89.3,299,300,300,1.3e-155,543.5,0.996667,0.996667
DAKCFMEO_01128,WP_011104145.1,63.8,80,80,80,1.8e-19,89.4,1,1
DAKCFMEO_01129,WP_011104146.1,95.1,246,252,253,6.1e-122,431.4,0.97619,0.972332
DAKCFMEO_01130,WP_011104147.1,70.2,57,59,59,7.6e-15,73.6,0.966102,0.966102
DAKCFMEO_01131,WP_011104148.1,83.5,200,200,231,1.8e-92,333.2,1,0.865801
DAKCFMEO_01132,WP_007246020.1,96.0,427,427,427,5.1e-246,844.3,1,1
DAKCFMEO_01132,WP_005769536.1,46.8,419,427,437,9.7e-112,398.3,0.981265,0.95881
DAKCFMEO_01132,WP_011103048.1,30.2,400,427,424,7.8e-45,176.0,0.936768,0.943396
DAKCFMEO_01132,WP_011103753.1,30.5,367,427,429,1.0e-36,149.1,0.859485,0.855478
DAKCFMEO_01134,WP_011105493.1,37.2,156,167,168,1.9e-23,103.6,0.934132,0.928571
DAKCFMEO_01134,WP_011104071.1,35.3,150,167,166,5.6e-23,102.1,0.898204,0.903614
DAKCFMEO_01135,WP_011105492.1,44.9,450,512,492,4.4e-119,422.9,0.878906,0.914634
DAKCFMEO_01135,WP_011104072.1,44.3,458,512,491,7.0e-117,415.6,0.894531,0.93279
DAKCFMEO_01139,WP_011105495.1,38.5,143,163,172,5.3e-26,112.1,0.877301,0.831395
DAKCFMEO_01140,WP_011105486.1,45.9,875,882,882,4.4e-191,662.9,0.992063,0.992063
DAKCFMEO_01140,WP_011104076.1,45.1,860,882,867,2.3e-184,640.6,0.975057,0.991926
DAKCFMEO_01140,WP_005614629.1,38.8,866,882,854,3.4e-151,530.4,0.981859,1.01405
DAKCFMEO_01140,WP_011104508.1,32.6,852,882,757,6.2e-105,376.7,0.965986,1.1255
DAKCFMEO_01154,WP_046464013.1,32.4,598,589,595,5.7e-78,286.6,1.01528,1.00504
DAKCFMEO_01154,WP_011104074.1,32.1,604,589,595,1.5e-70,261.9,1.02547,1.01513
DAKCFMEO_01159,WP_005762628.1,78.2,119,120,128,1.9e-49,189.5,0.991667,0.929688
DAKCFMEO_01161,WP_005762626.1,87.8,353,354,358,1.9e-182,632.9,0.997175,0.986034
DAKCFMEO_01161,WP_007244776.1,58.5,349,354,350,2.1e-112,400.2,0.985876,0.997143
DAKCFMEO_01162,WP_046463498.1,80.3,856,961,860,0.0e+00,1344.3,0.890739,0.995349
DAKCFMEO_01163,WP_005762621.1,71.5,186,184,184,1.6e-63,236.9,1.01087,1.01087
DAKCFMEO_01164,WP_005762619.1,85.5,311,312,312,3.2e-157,548.9,0.996795,0.996795
DAKCFMEO_01165,WP_005762617.1,83.2,493,493,493,1.8e-242,832.8,1,1
DAKCFMEO_01166,WP_005762615.1,91.9,493,493,493,2.2e-272,932.2,1,1
DAKCFMEO_01167,WP_011103331.1,52.1,361,368,381,2.1e-102,367.1,0.980978,0.947507
DAKCFMEO_01167,WP_005764049.1,46.3,367,368,386,2.7e-86,313.5,0.997283,0.950777
DAKCFMEO_01167,WP_005768959.1,46.9,311,368,368,9.7e-76,278.5,0.845109,0.845109
DAKCFMEO_01167,WP_005768050.1,43.8,320,368,374,8.8e-69,255.4,0.869565,0.855615
DAKCFMEO_01167,WP_011104057.1,38.8,356,368,342,1.3e-64,241.5,0.967391,1.04094
DAKCFMEO_01167,WP_005762690.1,38.6,337,368,384,2.2e-59,224.2,0.915761,0.877604
DAKCFMEO_01167,WP_005770464.1,46.8,235,368,329,4.8e-59,223.0,0.638587,0.714286
DAKCFMEO_01167,WP_003380252.1,45.1,237,368,326,5.9e-57,216.1,0.644022,0.726994
DAKCFMEO_01167,WP_005737104.1,37.4,286,368,380,1.6e-54,208.0,0.777174,0.752632
DAKCFMEO_01167,WP_011103158.1,39.4,289,368,347,1.0e-53,205.3,0.785326,0.832853
DAKCFMEO_01167,WP_005740065.1,33.1,360,368,364,2.2e-51,197.6,0.978261,0.989011
DAKCFMEO_01167,WP_044390643.1,33.9,360,368,356,9.1e-50,192.2,0.978261,1.01124
DAKCFMEO_01167,WP_011104697.1,34.9,307,368,371,1.0e-48,188.7,0.834239,0.827493
DAKCFMEO_01167,WP_011104358.1,38.9,229,368,345,8.5e-40,159.1,0.622283,0.663768
DAKCFMEO_01167,WP_003368676.1,35.0,240,368,385,2.7e-38,154.1,0.652174,0.623377
DAKCFMEO_01167,WP_005768429.1,38.6,241,368,244,4.7e-38,153.3,0.654891,0.987705
DAKCFMEO_01167,WP_011104329.1,36.0,247,368,261,9.8e-36,145.6,0.671196,0.94636
DAKCFMEO_01167,WP_005763692.1,34.9,249,368,392,2.2e-35,144.4,0.67663,0.635204
DAKCFMEO_01167,WP_011104308.1,31.6,320,368,362,8.3e-35,142.5,0.869565,0.883978
DAKCFMEO_01167,WP_007247035.1,33.8,222,368,276,2.0e-33,137.9,0.603261,0.804348
DAKCFMEO_01167,WP_005762478.1,36.0,250,368,263,4.5e-33,136.7,0.679348,0.95057
DAKCFMEO_01167,WP_011103489.1,36.1,230,368,254,1.0e-32,135.6,0.625,0.905512
DAKCFMEO_01167,WP_011104376.1,34.6,240,368,253,5.0e-32,133.3,0.652174,0.948617
DAKCFMEO_01168,WP_003382858.1,97.1,277,277,277,3.2e-148,518.8,1,1
DAKCFMEO_01168,WP_007246155.1,31.7,278,277,280,1.0e-29,125.2,1.00361,0.992857
DAKCFMEO_01169,WP_011104151.1,95.8,310,310,310,5.1e-163,568.2,1,1
DAKCFMEO_01169,WP_005769959.1,30.4,296,310,320,1.7e-25,111.3,0.954839,0.925
DAKCFMEO_01170,WP_003382856.1,93.0,440,440,440,1.1e-240,826.6,1,1
DAKCFMEO_01170,WP_005763521.1,69.8,434,440,438,9.5e-179,620.9,0.986364,0.990868
DAKCFMEO_01171,WP_005762608.1,94.7,301,316,301,4.9e-169,588.2,0.952532,1
DAKCFMEO_01171,WP_011103119.1,37.8,267,316,299,1.9e-51,197.6,0.844937,0.892977
DAKCFMEO_01172,WP_005762606.1,70.7,256,259,261,6.1e-109,388.3,0.988417,0.980843
DAKCFMEO_01173,WP_024668283.1,53.0,166,183,181,1.6e-47,183.7,0.907104,0.917127
DAKCFMEO_01173,WP_011103651.1,41.7,168,183,191,1.1e-32,134.4,0.918033,0.879581
DAKCFMEO_01176,WP_005762604.1,76.0,437,443,440,2.8e-194,672.5,0.986456,0.993182
DAKCFMEO_01177,WP_005762602.1,79.7,118,121,119,9.0e-47,180.6,0.975207,0.991597
DAKCFMEO_01177,WP_003382842.1,36.1,122,121,125,7.7e-14,71.2,1.00826,0.976
DAKCFMEO_01178,WP_011104152.1,89.9,1173,1168,1170,0.0e+00,1828.9,1.00428,1.00256
DAKCFMEO_01179,WP_046463499.1,91.9,272,273,273,3.6e-144,505.4,0.996337,0.996337
DAKCFMEO_01180,WP_011104154.1,79.9,204,204,204,1.6e-88,320.1,1,1
DAKCFMEO_01181,WP_011104155.1,90.3,392,393,393,2.6e-196,679.1,0.997455,0.997455
DAKCFMEO_01182,WP_003382842.1,96.0,125,125,125,2.7e-62,232.3,1,1
DAKCFMEO_01182,WP_005762602.1,36.1,122,125,119,8.5e-16,77.8,0.976,1.02521
DAKCFMEO_01183,WP_011104156.1,84.6,676,676,676,0.0e+00,1122.5,1,1
DAKCFMEO_01183,WP_011104680.1,48.8,559,676,827,5.8e-135,476.1,0.826923,0.675937
DAKCFMEO_01183,WP_032643380.1,51.7,439,676,697,7.1e-117,416.0,0.649408,0.629842
DAKCFMEO_01183,WP_011103576.1,46.2,496,676,695,1.4e-112,401.7,0.733728,0.713669
DAKCFMEO_01183,WP_011103739.1,47.5,469,676,691,1.8e-112,401.4,0.693787,0.678726
DAKCFMEO_01183,WP_032710559.1,43.0,437,676,432,1.9e-85,311.6,0.64645,1.01157
DAKCFMEO_01183,WP_007243883.1,35.1,499,676,534,1.7e-73,271.9,0.738166,0.934457
DAKCFMEO_01184,WP_007244012.1,90.7,493,494,494,1.1e-255,876.7,0.997976,0.997976
DAKCFMEO_01185,WP_011104157.1,82.6,270,270,270,7.5e-126,444.5,1,1
DAKCFMEO_01185,WP_011104164.1,30.9,178,270,282,2.0e-17,84.3,0.659259,0.631206
DAKCFMEO_01186,WP_005762586.1,87.4,278,278,278,3.7e-152,531.9,1,1
DAKCFMEO_01187,WP_005737718.1,93.4,259,259,259,5.6e-139,488.0,1,1
DAKCFMEO_01188,WP_011104158.1,87.4,382,382,382,2.5e-199,689.1,1,1
DAKCFMEO_01189,WP_005762581.1,93.7,255,255,255,1.9e-131,463.0,1,1
DAKCFMEO_01189,WP_005771315.1,37.9,248,255,249,6.6e-31,129.0,0.972549,0.995984
DAKCFMEO_01189,WP_011103980.1,35.4,254,255,254,3.3e-30,126.7,0.996078,1
DAKCFMEO_01189,WP_011104035.1,33.2,253,255,266,8.0e-29,122.1,0.992157,0.951128
DAKCFMEO_01189,WP_011103118.1,31.1,257,255,257,6.3e-26,112.5,1.00784,1
DAKCFMEO_01189,WP_011104991.1,33.7,255,255,252,9.2e-25,108.6,1,1.0119
DAKCFMEO_01189,WP_005770626.1,31.1,244,255,247,1.2e-24,108.2,0.956863,0.987854
DAKCFMEO_01189,WP_011104368.1,32.0,253,255,252,2.3e-23,104.0,0.992157,1.00397
DAKCFMEO_01189,WP_011104354.1,31.7,246,255,243,5.0e-23,102.8,0.964706,1.01235
DAKCFMEO_01189,WP_005762514.1,33.3,246,255,248,6.6e-23,102.4,0.964706,0.991935
DAKCFMEO_01189,WP_007246009.1,31.0,245,255,286,6.6e-23,102.4,0.960784,0.856643
DAKCFMEO_01189,WP_161633151.1,30.3,244,255,254,1.5e-19,91.3,0.956863,0.96063
DAKCFMEO_01189,WP_005614190.1,31.7,189,255,258,5.8e-19,89.4,0.741176,0.732558
DAKCFMEO_01189,WP_005764784.1,31.4,229,255,249,1.3e-18,88.2,0.898039,0.919679
DAKCFMEO_01190,WP_005762579.1,87.0,355,355,355,3.7e-189,655.2,1,1
DAKCFMEO_01191,WP_003382829.1,89.5,105,105,105,7.6e-50,190.7,1,1
DAKCFMEO_01192,WP_005762577.1,74.6,236,236,236,3.9e-102,365.5,1,1
DAKCFMEO_01193,WP_005762574.1,89.7,341,341,340,9.3e-158,550.8,1,1.00294
DAKCFMEO_01194,WP_011105543.1,79.8,322,326,323,1.2e-151,530.4,0.98773,0.996904
DAKCFMEO_01195,WP_007244983.1,86.1,122,132,123,1.2e-60,226.9,0.924242,0.99187
DAKCFMEO_01196,WP_005768309.1,81.0,216,216,216,2.1e-102,366.3,1,1
DAKCFMEO_01197,WP_011105544.1,91.1,403,402,403,1.2e-215,743.4,1.00249,1
DAKCFMEO_01197,WP_005770183.1,32.7,294,402,325,2.8e-28,120.9,0.731343,0.904615
DAKCFMEO_01198,WP_005768307.1,78.8,132,129,132,1.2e-52,200.3,1.02326,1
DAKCFMEO_01199,WP_007244980.1,90.4,408,408,407,1.5e-199,689.9,1,1.00246
DAKCFMEO_01199,WP_005763015.1,48.0,415,408,471,2.6e-98,353.6,1.01716,0.881104
DAKCFMEO_01200,WP_003378325.1,91.9,173,173,173,6.5e-91,327.8,1,1
DAKCFMEO_01201,WP_005768306.1,93.1,479,479,479,3.0e-263,901.7,1,1
DAKCFMEO_01201,WP_005765031.1,34.2,333,479,416,1.2e-41,165.6,0.695198,0.800481
DAKCFMEO_01201,WP_007246215.1,31.6,351,479,385,1.3e-40,162.2,0.732777,0.911688
DAKCFMEO_01202,WP_011103434.1,35.6,334,395,422,2.5e-53,204.1,0.84557,0.791469
DAKCFMEO_01203,WP_005768304.1,91.4,641,641,641,1.2e-291,996.5,1,1
DAKCFMEO_01203,WP_011105404.1,30.9,599,641,752,1.4e-61,232.3,0.934477,0.796543
DAKCFMEO_01203,WP_005770081.1,33.6,542,641,732,1.1e-58,222.6,0.845554,0.740437
DAKCFMEO_01203,WP_005766952.1,31.0,552,641,823,1.9e-50,195.3,0.861154,0.670717
DAKCFMEO_01203,WP_161797773.1,30.8,425,641,693,1.3e-35,146.0,0.663027,0.613276
DAKCFMEO_01204,WP_011105547.1,85.4,356,356,356,3.0e-130,459.5,1,1
DAKCFMEO_01205,WP_005768300.1,96.5,311,342,345,8.0e-133,468.0,0.909357,0.901449
DAKCFMEO_01206,WP_011105548.1,80.9,653,658,648,2.0e-289,989.2,0.992401,1.00772
DAKCFMEO_01207,WP_011105549.1,84.9,205,205,205,7.5e-94,337.8,1,1
DAKCFMEO_01208,WP_011105550.1,91.6,585,585,585,2.8e-311,1061.6,1,1
DAKCFMEO_01209,WP_011105551.1,80.7,431,452,451,4.0e-217,748.4,0.95354,0.955654
DAKCFMEO_01210,WP_011105552.1,72.0,150,151,151,2.2e-50,193.0,0.993377,0.993377
DAKCFMEO_01211,WP_011105553.1,95.1,206,206,206,7.7e-115,407.5,1,1
DAKCFMEO_01212,WP_011105554.1,97.1,309,309,309,2.3e-171,595.9,1,1
DAKCFMEO_01212,WP_011103592.1,31.5,257,309,271,3.8e-17,83.6,0.831715,0.948339
DAKCFMEO_01213,WP_005768286.1,96.3,539,539,539,0.0e+00,1092.8,1,1
DAKCFMEO_01213,WP_011105344.1,34.3,498,539,641,1.0e-78,288.9,0.923933,0.776911
DAKCFMEO_01215,WP_011105555.1,77.1,420,433,433,5.1e-177,615.1,0.969977,0.969977
DAKCFMEO_01216,WP_011105556.1,75.8,425,442,448,1.2e-197,683.7,0.961538,0.948661
DAKCFMEO_01217,WP_011105557.1,79.4,627,627,628,1.4e-300,1026.2,1,0.998408
DAKCFMEO_01218,WP_011105558.1,86.6,209,212,212,1.5e-97,350.1,0.985849,0.985849
DAKCFMEO_01219,WP_011105559.1,78.9,355,354,355,4.5e-147,515.4,1.00282,1
DAKCFMEO_01220,WP_005739694.1,94.2,433,433,434,8.6e-233,800.4,1,0.997696
DAKCFMEO_01220,WP_011105360.1,37.5,267,433,286,1.0e-39,159.1,0.616628,0.933566
DAKCFMEO_01220,WP_003368676.1,31.8,289,433,385,9.1e-33,136.0,0.667436,0.750649
DAKCFMEO_01221,WP_011105560.1,86.5,584,584,584,3.0e-289,988.4,1,1
DAKCFMEO_01223,WP_007244964.1,78.6,640,637,640,4.2e-196,679.1,1.00471,1
DAKCFMEO_01223,WP_046463739.1,69.4,640,637,640,6.0e-158,552.4,1.00471,1
DAKCFMEO_01223,WP_011105342.1,51.6,642,637,638,5.9e-73,270.0,1.00785,1.00627
DAKCFMEO_01223,WP_011105343.1,45.4,544,637,647,1.0e-64,242.7,0.854003,0.840804
DAKCFMEO_01223,WP_044390209.1,38.9,579,637,642,5.8e-44,173.7,0.908948,0.901869
DAKCFMEO_01223,WP_011104387.1,39.6,584,637,642,1.6e-41,165.6,0.916797,0.909657
DAKCFMEO_01223,WP_046463299.1,40.0,548,637,641,9.9e-36,146.4,0.860283,0.854914
DAKCFMEO_01223,WP_046463594.1,38.9,409,637,539,7.9e-33,136.7,0.642072,0.758813
DAKCFMEO_01224,WP_011105562.1,81.5,676,676,676,2.6e-292,998.8,1,1
DAKCFMEO_01224,WP_046463594.1,33.2,422,676,539,3.7e-41,164.5,0.62426,0.782931
DAKCFMEO_01224,WP_046463903.1,30.8,461,676,665,1.1e-40,162.9,0.681953,0.693233
DAKCFMEO_01224,WP_011105048.1,30.0,424,676,541,4.1e-32,134.4,0.627219,0.783734
DAKCFMEO_01226,WP_003378280.1,89.2,74,74,74,2.6e-36,145.2,1,1
DAKCFMEO_01226,WP_003381855.1,60.8,74,74,74,3.8e-24,104.8,1,1
DAKCFMEO_01226,WP_003425025.1,50.0,74,74,74,1.1e-18,86.7,1,1
DAKCFMEO_01230,WP_005766018.1,41.9,136,161,166,2.4e-18,86.7,0.84472,0.819277
DAKCFMEO_01231,WP_011105565.1,82.4,483,483,483,7.3e-241,827.4,1,1
DAKCFMEO_01232,WP_011105566.1,80.4,311,314,324,4.7e-148,518.5,0.990446,0.959877
DAKCFMEO_01233,WP_161797798.1,85.9,653,715,653,0.0e+00,1141.7,0.913287,1
DAKCFMEO_01233,WP_046463781.1,33.1,714,715,719,1.3e-89,325.5,0.998601,0.993046
DAKCFMEO_01234,WP_011105568.1,90.0,259,277,259,5.5e-140,491.5,0.935018,1
DAKCFMEO_01234,WP_005770829.1,47.9,219,277,263,8.1e-51,195.3,0.790614,0.8327
DAKCFMEO_01234,WP_005770064.1,37.3,233,277,263,9.3e-39,155.2,0.841155,0.885932
DAKCFMEO_01234,WP_005770464.1,32.7,226,277,329,3.1e-26,113.6,0.815884,0.68693
DAKCFMEO_01234,WP_005737104.1,31.0,239,277,380,4.0e-26,113.2,0.862816,0.628947
DAKCFMEO_01234,WP_005620333.1,34.3,216,277,269,7.6e-25,109.0,0.779783,0.802974
DAKCFMEO_01234,WP_007245567.1,36.3,212,277,247,3.8e-24,106.7,0.765343,0.8583
DAKCFMEO_01234,WP_005763638.1,31.9,210,277,223,4.9e-24,106.3,0.758123,0.941704
DAKCFMEO_01234,WP_011104460.1,30.0,227,277,254,1.1e-23,105.1,0.819495,0.893701
DAKCFMEO_01234,WP_005768460.1,32.4,247,277,264,3.2e-23,103.6,0.891697,0.935606
DAKCFMEO_01234,WP_011104080.1,31.6,237,277,277,3.2e-23,103.6,0.855596,0.855596
DAKCFMEO_01234,WP_005762478.1,33.8,216,277,263,7.1e-23,102.4,0.779783,0.821293
DAKCFMEO_01234,WP_007243868.1,31.3,211,277,245,1.6e-22,101.3,0.761733,0.861224
DAKCFMEO_01234,WP_010203924.1,31.2,215,277,335,2.7e-22,100.5,0.776173,0.641791
DAKCFMEO_01234,WP_005770693.1,33.2,232,277,250,6.0e-22,99.4,0.837545,0.928
DAKCFMEO_01234,WP_003380252.1,31.2,218,277,326,1.3e-21,98.2,0.787004,0.668712
DAKCFMEO_01234,WP_011104755.1,30.3,201,277,310,1.3e-21,98.2,0.725632,0.648387
DAKCFMEO_01234,WP_011104376.1,31.6,206,277,253,1.8e-21,97.8,0.743682,0.814229
DAKCFMEO_01234,WP_044390643.1,30.4,237,277,356,3.0e-21,97.1,0.855596,0.66573
DAKCFMEO_01234,WP_011103158.1,33.3,210,277,347,5.1e-21,96.3,0.758123,0.605187
DAKCFMEO_01235,WP_011105569.1,82.6,317,319,316,3.7e-148,518.8,0.99373,1.00316
DAKCFMEO_01236,WP_011105570.1,86.7,346,346,346,3.1e-161,562.4,1,1
DAKCFMEO_01236,WP_032710978.1,37.2,333,346,340,6.5e-50,192.6,0.962428,0.979412
DAKCFMEO_01236,WP_011103269.1,38.3,277,346,322,2.1e-40,161.0,0.800578,0.860248
DAKCFMEO_01236,WP_010202134.1,37.2,296,346,329,1.1e-36,148.7,0.855491,0.899696
DAKCFMEO_01238,WP_005762543.1,30.0,297,307,309,1.6e-39,157.9,0.967427,0.961165
DAKCFMEO_01238,WP_005738213.1,33.1,302,307,309,1.1e-37,151.8,0.983713,0.977346
DAKCFMEO_01238,WP_005764458.1,32.1,293,307,304,1.1e-35,145.2,0.954397,0.963816
DAKCFMEO_01243,WP_011105589.1,96.7,611,611,611,0.0e+00,1154.8,1,1
DAKCFMEO_01244,WP_007244951.1,93.7,255,255,255,7.0e-134,471.1,1,1
DAKCFMEO_01244,WP_005737391.1,30.5,259,255,274,1.4e-20,94.7,1.01569,0.945255
DAKCFMEO_01244,WP_011104424.1,30.8,240,255,252,4.0e-20,93.2,0.941176,0.952381
DAKCFMEO_01245,WP_011105590.1,87.5,440,440,455,9.8e-192,664.1,1,0.967033
DAKCFMEO_01246,WP_004882435.1,99.3,141,141,141,4.5e-74,271.6,1,1
DAKCFMEO_01247,WP_003377898.1,98.7,459,459,459,2.3e-260,892.1,1,1
DAKCFMEO_01248,WP_011105591.1,97.9,286,286,286,9.9e-153,533.9,1,1
DAKCFMEO_01249,WP_003377895.1,99.2,514,514,514,1.1e-287,983.0,1,1
DAKCFMEO_01250,WP_011105592.1,97.8,178,178,178,3.0e-91,328.9,1,1
DAKCFMEO_01251,WP_005613564.1,99.4,156,156,156,2.9e-45,176.0,1,1
DAKCFMEO_01252,WP_002555987.1,100.0,85,85,85,4.9e-39,154.5,1,1
DAKCFMEO_01253,WP_003377888.1,99.0,289,289,289,2.6e-161,562.4,1,1
DAKCFMEO_01254,WP_011105593.1,95.6,135,135,135,3.0e-67,248.8,1,1
DAKCFMEO_01255,WP_003377885.1,96.2,290,290,290,1.9e-151,529.6,1,1
DAKCFMEO_01256,WP_003377884.1,97.7,263,263,263,1.2e-144,506.9,1,1
DAKCFMEO_01256,WP_005766970.1,32.2,261,263,262,1.2e-32,134.8,0.992395,0.996183
DAKCFMEO_01257,WP_003377883.1,89.0,218,218,214,7.2e-111,394.4,1,1.01869
DAKCFMEO_01258,WP_011105594.1,97.0,630,630,630,0.0e+00,1231.9,1,1
DAKCFMEO_01259,WP_007244945.1,94.3,456,456,456,1.1e-241,830.1,1,1
DAKCFMEO_01260,WP_011105595.1,92.0,562,561,562,5.6e-301,1027.3,1.00178,1
DAKCFMEO_01261,WP_003377879.1,96.3,81,81,81,4.3e-45,174.5,1,1
DAKCFMEO_01262,WP_005768230.1,94.0,133,156,133,9.8e-70,257.3,0.852564,1
DAKCFMEO_01263,WP_002551315.1,100.0,44,44,44,1.6e-17,82.0,1,1
DAKCFMEO_01264,WP_011102932.1,97.5,511,510,511,2.6e-260,892.1,1.00196,1
DAKCFMEO_01265,WP_005768226.1,96.2,367,367,367,2.2e-197,682.6,1,1
DAKCFMEO_01266,WP_003377871.1,97.8,367,367,367,6.6e-210,724.2,1,1
DAKCFMEO_01267,WP_005768224.1,97.3,805,805,805,0.0e+00,1566.6,1,1
DAKCFMEO_01267,WP_003377107.1,37.4,663,805,634,1.0e-106,382.5,0.823602,1.04574
DAKCFMEO_01276,WP_011102950.1,92.3,209,209,209,1.9e-113,402.9,1,1
DAKCFMEO_01276,WP_046463612.1,46.2,197,209,209,5.9e-46,178.7,0.942584,0.942584
DAKCFMEO_01277,WP_011102951.1,96.3,348,348,348,2.5e-198,685.6,1,1
DAKCFMEO_01278,WP_011102952.1,99.6,240,240,240,1.6e-135,476.5,1,1
DAKCFMEO_01279,WP_011102953.1,98.3,651,651,651,0.0e+00,1277.3,1,1
DAKCFMEO_01280,WP_011102954.1,100.0,311,312,311,2.0e-175,609.4,0.996795,1
DAKCFMEO_01281,WP_011102955.1,99.2,628,628,628,0.0e+00,1241.5,1,1
DAKCFMEO_01283,WP_011102956.1,95.5,245,253,245,2.6e-141,495.7,0.968379,1
DAKCFMEO_01283,WP_046463616.1,45.2,252,253,249,1.0e-55,211.5,0.996047,1.01205
DAKCFMEO_01285,WP_011102957.1,97.5,322,322,322,3.2e-176,612.1,1,1
DAKCFMEO_01286,WP_011102958.1,97.0,301,301,301,8.8e-160,557.4,1,1
DAKCFMEO_01287,WP_011102959.1,99.0,518,523,518,3.5e-305,1041.2,0.99044,1
DAKCFMEO_01291,WP_011103527.1,77.4,124,177,131,2.0e-55,209.9,0.700565,0.946565
DAKCFMEO_01293,WP_005768204.1,94.9,256,256,256,8.9e-145,507.3,1,1
DAKCFMEO_01294,WP_011103029.1,90.2,183,184,183,4.6e-95,341.7,0.994565,1
DAKCFMEO_01295,WP_011103028.1,96.2,684,684,684,0.0e+00,1278.1,1,1
DAKCFMEO_01296,WP_003379468.1,99.0,315,337,315,7.2e-187,647.5,0.934718,1
DAKCFMEO_01297,WP_011103027.1,94.0,183,183,183,2.5e-101,362.5,1,1
DAKCFMEO_01298,WP_005768197.1,97.6,295,295,295,6.6e-168,584.3,1,1
DAKCFMEO_01299,WP_057443166.1,86.7,783,791,784,0.0e+00,1424.1,0.989886,0.998724
DAKCFMEO_01299,WP_011105470.1,47.8,751,791,778,1.1e-206,714.5,0.949431,0.965296
DAKCFMEO_01300,WP_005768190.1,93.0,457,457,457,6.5e-239,820.8,1,1
DAKCFMEO_01301,WP_011103025.1,95.2,438,436,448,3.5e-242,831.6,1.00459,0.977679
DAKCFMEO_01302,WP_005768186.1,95.5,314,314,314,6.6e-174,604.4,1,1
DAKCFMEO_01303,WP_005768180.1,95.8,168,168,168,3.1e-90,325.5,1,1
DAKCFMEO_01303,WP_007245711.1,37.3,161,168,179,3.5e-25,109.4,0.958333,0.899441
DAKCFMEO_01304,WP_011103024.1,89.4,341,341,341,5.3e-177,614.8,1,1
DAKCFMEO_01305,WP_046463633.1,88.1,371,370,371,8.2e-184,637.5,1.0027,1
DAKCFMEO_01306,WP_011103022.1,81.1,185,185,185,5.7e-85,308.1,1,1
DAKCFMEO_01307,WP_011103021.1,89.8,325,325,325,5.6e-168,584.7,1,1
DAKCFMEO_01307,WP_011105383.1,33.0,324,325,325,7.8e-37,149.1,0.996923,0.996923
DAKCFMEO_01307,WP_005767792.1,32.5,240,325,333,1.7e-23,104.8,0.738462,0.720721
DAKCFMEO_01308,WP_005768167.1,97.7,303,304,304,3.0e-184,638.6,0.996711,0.996711
DAKCFMEO_01309,WP_011103018.1,90.1,272,273,274,1.2e-139,490.3,0.996337,0.992701
DAKCFMEO_01310,WP_011103017.1,90.0,522,522,522,9.9e-260,890.2,1,1
DAKCFMEO_01313,WP_011104070.1,75.6,442,494,680,2.5e-151,530.0,0.894737,0.65
DAKCFMEO_01313,WP_011105476.1,67.0,452,494,678,1.5e-132,467.6,0.91498,0.666667
DAKCFMEO_01316,WP_011104065.1,86.9,191,191,191,1.7e-95,343.2,1,1
DAKCFMEO_01318,WP_011104064.1,94.1,522,522,522,1.2e-276,946.4,1,1
DAKCFMEO_01319,WP_011104063.1,81.9,94,92,94,6.9e-39,154.1,1.02174,1
DAKCFMEO_01320,WP_007246648.1,85.8,113,113,113,1.1e-54,206.8,1,1
DAKCFMEO_01321,WP_003383427.1,94.5,73,75,75,5.1e-32,131.0,0.973333,0.973333
DAKCFMEO_01322,WP_044393213.1,80.9,209,209,234,2.3e-90,326.2,1,0.893162
DAKCFMEO_01323,WP_011104060.1,92.8,320,320,320,6.9e-179,620.9,1,1
DAKCFMEO_01323,WP_005766463.1,33.5,284,320,338,2.2e-23,104.4,0.8875,0.840237
DAKCFMEO_01324,WP_046463594.1,85.9,539,539,539,1.2e-223,770.4,1,1
DAKCFMEO_01324,WP_011103145.1,35.9,554,539,541,1.9e-43,171.8,1.02783,1.02403
DAKCFMEO_01324,WP_011105562.1,30.8,415,539,676,1.1e-38,156.0,0.769944,0.613905
DAKCFMEO_01324,WP_005771505.1,30.1,379,539,541,5.3e-38,153.7,0.703154,0.700555
DAKCFMEO_01324,WP_011105575.1,33.8,544,539,541,6.9e-38,153.3,1.00928,1.00555
DAKCFMEO_01324,WP_011105048.1,33.5,546,539,541,9.0e-38,152.9,1.01299,1.00924
DAKCFMEO_01324,WP_005767285.1,34.4,422,539,541,9.9e-37,149.4,0.782931,0.780037
DAKCFMEO_01324,WP_011104615.1,35.0,411,539,542,2.7e-34,141.4,0.762523,0.758303
DAKCFMEO_01324,WP_011104479.1,30.3,459,539,542,4.6e-34,140.6,0.851577,0.846863
DAKCFMEO_01324,WP_011105087.1,36.6,407,539,539,3.9e-33,137.5,0.755102,0.755102
DAKCFMEO_01324,WP_011103917.1,32.0,356,539,491,3.6e-31,131.0,0.660482,0.725051
DAKCFMEO_01325,WP_011104058.1,92.8,278,284,279,4.1e-143,501.9,0.978873,0.996416
DAKCFMEO_01326,WP_011104057.1,93.3,342,368,342,1.5e-182,633.3,0.929348,1
DAKCFMEO_01326,WP_005770464.1,46.0,337,368,329,9.7e-76,278.5,0.915761,1.02432
DAKCFMEO_01326,WP_005768050.1,44.0,361,368,374,3.1e-74,273.5,0.980978,0.965241
DAKCFMEO_01326,WP_011103331.1,40.4,356,368,381,1.9e-71,264.2,0.967391,0.934383
DAKCFMEO_01326,WP_005737104.1,41.3,341,368,380,3.3e-68,253.4,0.92663,0.897368
DAKCFMEO_01326,WP_005762690.1,38.9,342,368,384,9.1e-66,245.4,0.929348,0.890625
DAKCFMEO_01326,WP_011103158.1,40.9,347,368,347,1.9e-63,237.7,0.942935,1
DAKCFMEO_01326,WP_003380252.1,47.7,241,368,326,6.7e-61,229.2,0.654891,0.739264
DAKCFMEO_01326,WP_005768959.1,46.8,233,368,368,5.7e-60,226.1,0.633152,0.633152
DAKCFMEO_01326,WP_044390643.1,41.4,314,368,356,7.4e-60,225.7,0.853261,0.882022
DAKCFMEO_01326,WP_005764049.1,44.0,241,368,386,7.0e-58,219.2,0.654891,0.624352
DAKCFMEO_01326,WP_003368676.1,37.0,246,368,385,4.0e-45,176.8,0.668478,0.638961
DAKCFMEO_01326,WP_005768429.1,37.1,240,368,244,4.5e-41,163.3,0.652174,0.983607
DAKCFMEO_01326,WP_011104358.1,38.1,226,368,345,8.5e-40,159.1,0.61413,0.655072
DAKCFMEO_01326,WP_005762478.1,36.4,250,368,263,1.9e-39,157.9,0.679348,0.95057
DAKCFMEO_01326,WP_011104376.1,36.8,242,368,253,4.2e-39,156.8,0.657609,0.956522
DAKCFMEO_01326,WP_005763692.1,36.8,247,368,392,7.2e-39,156.0,0.671196,0.630102
DAKCFMEO_01326,WP_011103489.1,34.9,229,368,254,4.7e-38,153.3,0.622283,0.901575
DAKCFMEO_01326,WP_007243868.1,38.8,232,368,245,8.0e-38,152.5,0.630435,0.946939
DAKCFMEO_01326,WP_005740065.1,31.2,282,368,364,6.8e-37,149.4,0.766304,0.774725
DAKCFMEO_01326,WP_011104329.1,33.7,258,368,261,4.4e-36,146.7,0.701087,0.988506
DAKCFMEO_01326,WP_007247035.1,34.4,227,368,276,7.5e-36,146.0,0.616848,0.822464
DAKCFMEO_01327,WP_007246654.1,95.9,290,290,290,9.4e-151,527.3,1,1
DAKCFMEO_01327,WP_010219162.1,30.2,255,290,312,5.5e-26,112.8,0.87931,0.817308
DAKCFMEO_01328,WP_003383453.1,98.1,264,264,264,6.4e-138,484.6,1,1
DAKCFMEO_01328,WP_005768044.1,36.2,243,264,273,2.0e-38,154.1,0.920455,0.89011
DAKCFMEO_01328,WP_011104134.1,32.1,237,264,271,3.3e-33,136.7,0.897727,0.874539
DAKCFMEO_01328,WP_005767071.1,30.3,244,264,293,5.2e-23,102.8,0.924242,0.832765
DAKCFMEO_01329,WP_007246655.1,92.6,95,102,96,9.0e-48,183.7,0.931373,0.989583
DAKCFMEO_01329,WP_003382315.1,52.4,84,102,103,1.4e-21,96.7,0.823529,0.815534
DAKCFMEO_01330,WP_011104056.1,80.4,453,453,463,4.3e-219,755.0,1,0.978402
DAKCFMEO_01330,WP_007247117.1,53.0,445,453,469,1.9e-126,447.2,0.98234,0.948827
DAKCFMEO_01331,WP_011104055.1,86.2,405,405,394,2.8e-201,695.7,1,1.02792
DAKCFMEO_01331,WP_011103051.1,43.9,378,405,384,6.0e-79,289.3,0.933333,0.984375
DAKCFMEO_01332,WP_011104054.1,94.0,350,350,350,8.9e-188,650.6,1,1
DAKCFMEO_01333,WP_011104053.1,84.8,446,450,449,4.0e-217,748.4,0.991111,0.993318
DAKCFMEO_01334,WP_011104052.1,95.2,332,332,332,6.0e-186,644.4,1,1
DAKCFMEO_01335,WP_011104051.1,86.2,174,179,177,1.2e-90,327.0,0.972067,0.983051
DAKCFMEO_01336,WP_011104050.1,80.3,173,173,172,8.3e-78,284.3,1,1.00581
DAKCFMEO_01337,WP_005617613.1,76.5,102,105,106,4.9e-41,161.4,0.971429,0.962264
DAKCFMEO_01338,WP_005771485.1,86.5,207,209,208,2.4e-103,369.4,0.990431,0.995192
DAKCFMEO_01341,WP_005764458.1,64.8,301,308,304,3.6e-108,386.0,0.977273,0.990132
DAKCFMEO_01341,WP_005738213.1,53.5,299,308,309,7.0e-88,318.5,0.970779,0.967638
DAKCFMEO_01341,WP_005762543.1,32.0,297,308,309,2.8e-36,147.1,0.964286,0.961165
DAKCFMEO_01343,WP_011104047.1,93.4,572,572,572,0.0e+00,1084.7,1,1
DAKCFMEO_01344,WP_007246667.1,95.7,629,629,629,0.0e+00,1231.5,1,1
DAKCFMEO_01344,WP_011105194.1,73.7,619,629,631,1.3e-277,949.9,0.984102,0.980983
DAKCFMEO_01345,WP_011104046.1,82.5,126,146,142,3.0e-57,215.7,0.863014,0.887324
DAKCFMEO_01346,WP_011104045.1,78.5,284,285,285,2.4e-122,433.0,0.996491,0.996491
DAKCFMEO_01347,WP_011104044.1,85.3,102,102,102,2.9e-46,178.7,1,1
DAKCFMEO_01348,WP_011104043.1,72.9,273,273,277,1.1e-116,414.1,1,0.98556
DAKCFMEO_01349,WP_010205556.1,85.6,194,194,194,1.4e-89,323.6,1,1
DAKCFMEO_01349,WP_007246986.1,34.4,195,194,202,1.8e-28,120.6,1.00515,0.965347
DAKCFMEO_01350,WP_010205558.1,76.8,164,164,162,9.0e-74,270.8,1,1.01235
DAKCFMEO_01351,WP_005617589.1,86.6,67,67,67,2.7e-24,105.1,1,1
DAKCFMEO_01352,WP_010205561.1,70.3,64,65,66,3.3e-19,88.2,0.984615,0.969697
DAKCFMEO_01353,WP_011104041.1,91.4,479,485,483,4.4e-246,844.7,0.987629,0.991718
DAKCFMEO_01354,WP_161797789.1,94.3,435,439,435,6.7e-225,774.2,0.990888,1
DAKCFMEO_01355,WP_007246679.1,86.2,472,472,472,1.9e-238,819.3,1,1
DAKCFMEO_01356,WP_003381855.1,94.6,74,74,74,1.2e-38,152.9,1,1
DAKCFMEO_01356,WP_003378280.1,62.2,74,74,74,2.9e-24,105.1,1,1
DAKCFMEO_01356,WP_003425025.1,55.1,69,74,74,3.4e-20,91.7,0.932432,0.932432
DAKCFMEO_01357,WP_011103371.1,42.7,356,516,478,3.9e-67,250.4,0.689922,0.74477
DAKCFMEO_01357,WP_011103783.1,40.2,351,516,471,4.1e-64,240.4,0.680233,0.745223
DAKCFMEO_01357,WP_002555721.1,42.4,330,516,478,7.7e-63,236.1,0.639535,0.690377
DAKCFMEO_01357,WP_003382141.1,40.4,339,516,491,1.7e-62,235.0,0.656977,0.690428
DAKCFMEO_01357,WP_011104948.1,41.8,354,516,444,1.5e-61,231.9,0.686047,0.797297
DAKCFMEO_01357,WP_011105485.1,41.5,323,516,505,1.9e-61,231.5,0.625969,0.639604
DAKCFMEO_01357,WP_007246574.1,41.5,323,516,461,8.0e-60,226.1,0.625969,0.700651
DAKCFMEO_01357,WP_007246617.1,38.2,359,516,442,1.8e-56,214.9,0.695736,0.812217
DAKCFMEO_01357,WP_011103301.1,40.2,323,516,446,9.1e-56,212.6,0.625969,0.724215
DAKCFMEO_01357,WP_005769514.1,37.2,323,516,439,3.0e-51,197.6,0.625969,0.735763
DAKCFMEO_01357,WP_011103533.1,38.9,311,516,314,2.4e-48,188.0,0.602713,0.990446
DAKCFMEO_01357,WP_011104402.1,35.5,344,516,434,9.5e-45,176.0,0.666667,0.792627
DAKCFMEO_01363,WP_011104036.1,91.0,608,608,608,0.0e+00,1175.2,1,1
DAKCFMEO_01363,WP_005766210.1,35.8,597,608,605,2.2e-101,364.4,0.981908,0.986777
DAKCFMEO_01364,WP_011104035.1,90.6,266,266,266,1.0e-135,477.2,1,1
DAKCFMEO_01364,WP_005762514.1,38.4,250,266,248,6.4e-37,149.1,0.93985,1.00806
DAKCFMEO_01364,WP_005770966.1,34.9,252,266,254,6.0e-35,142.5,0.947368,0.992126
DAKCFMEO_01364,WP_005770626.1,35.0,254,266,247,1.3e-34,141.4,0.954887,1.02834
DAKCFMEO_01364,WP_005764783.1,34.8,256,266,253,3.0e-34,140.2,0.962406,1.01186
DAKCFMEO_01364,WP_005771315.1,33.5,257,266,249,1.9e-33,137.5,0.966165,1.03213
DAKCFMEO_01364,WP_007246009.1,34.1,252,266,286,7.3e-33,135.6,0.947368,0.881119
DAKCFMEO_01364,WP_005764784.1,37.5,256,266,249,1.4e-31,131.3,0.962406,1.02811
DAKCFMEO_01364,WP_005765466.1,35.4,246,266,242,8.9e-31,128.6,0.924812,1.01653
DAKCFMEO_01364,WP_005762581.1,35.6,253,266,255,1.5e-30,127.9,0.951128,0.992157
DAKCFMEO_01364,WP_011103980.1,31.9,257,266,254,3.8e-29,123.2,0.966165,1.01181
DAKCFMEO_01364,WP_011104991.1,33.0,264,266,252,6.4e-29,122.5,0.992481,1.04762
DAKCFMEO_01364,WP_011103118.1,31.4,261,266,257,1.6e-24,107.8,0.981203,1.01556
DAKCFMEO_01364,WP_161633151.1,32.5,252,266,254,4.7e-24,106.3,0.947368,0.992126
DAKCFMEO_01364,WP_011104368.1,31.5,267,266,252,8.1e-24,105.5,1.00376,1.05952
DAKCFMEO_01364,WP_046463592.1,30.9,256,266,253,4.9e-21,96.3,0.962406,1.01186
DAKCFMEO_01364,WP_011104354.1,31.3,249,266,243,2.1e-19,90.9,0.93609,1.02469
DAKCFMEO_01364,WP_011103459.1,31.2,247,266,306,3.5e-19,90.1,0.928571,0.80719
DAKCFMEO_01364,WP_007245137.1,31.5,254,266,246,9.0e-15,75.5,0.954887,1.03252
DAKCFMEO_01365,WP_011104034.1,93.3,345,345,345,3.0e-188,652.1,1,1
DAKCFMEO_01365,WP_011105506.1,33.8,355,345,335,1.1e-44,175.3,1.02899,1.0597
DAKCFMEO_01365,WP_011104281.1,32.9,356,345,335,2.4e-36,147.5,1.03188,1.06269
DAKCFMEO_01365,WP_011104195.1,32.7,343,345,331,1.0e-26,115.5,0.994203,1.03625
DAKCFMEO_01366,WP_007246686.1,93.0,603,603,603,0.0e+00,1088.6,1,1
DAKCFMEO_01366,WP_005762824.1,30.8,441,603,593,7.7e-38,153.3,0.731343,0.743676
DAKCFMEO_01366,WP_005766911.1,30.9,437,603,589,2.9e-37,151.4,0.72471,0.741935
DAKCFMEO_01368,WP_011104033.1,88.9,351,352,358,2.5e-182,632.5,0.997159,0.980447
DAKCFMEO_01369,WP_003381839.1,94.7,302,302,302,4.4e-167,581.6,1,1
DAKCFMEO_01370,WP_011103705.1,33.9,304,335,329,2.1e-45,177.6,0.907463,0.924012
DAKCFMEO_01370,WP_044391155.1,34.8,273,335,338,1.1e-41,165.2,0.814925,0.807692
DAKCFMEO_01370,WP_005767090.1,32.7,318,335,321,1.7e-34,141.4,0.949254,0.990654
DAKCFMEO_01371,WP_007246688.1,91.9,270,271,271,1.8e-143,503.1,0.99631,0.99631
DAKCFMEO_01372,WP_011103705.1,31.7,262,325,329,1.4e-38,154.8,0.806154,0.796353
DAKCFMEO_01372,WP_005767090.1,31.6,253,325,321,3.3e-35,143.7,0.778462,0.788162
DAKCFMEO_01373,WP_011104032.1,92.3,336,342,345,1.3e-180,626.7,0.982456,0.973913
DAKCFMEO_01373,WP_011105359.1,55.9,333,342,339,2.2e-106,380.2,0.973684,0.982301
DAKCFMEO_01375,WP_005771258.1,92.2,706,706,703,0.0e+00,1319.7,1,1.00427
DAKCFMEO_01375,WP_011104482.1,42.7,682,706,711,2.4e-155,543.9,0.966006,0.959212
DAKCFMEO_01375,WP_005765172.1,30.2,679,706,706,1.7e-73,271.9,0.961756,0.961756
DAKCFMEO_01377,WP_011104094.1,91.8,388,388,388,5.9e-209,721.1,1,1
DAKCFMEO_01378,WP_005617714.1,98.4,186,186,186,7.2e-104,370.9,1,1
DAKCFMEO_01379,WP_011104093.1,79.4,301,301,301,1.4e-133,470.3,1,1
DAKCFMEO_01380,WP_005762877.1,95.0,302,302,302,2.0e-159,556.2,1,1
DAKCFMEO_01381,WP_005738493.1,98.4,506,506,506,1.1e-300,1026.2,1,1
DAKCFMEO_01382,WP_005617711.1,97.7,305,305,305,9.9e-159,553.9,1,1
DAKCFMEO_01382,WP_005769384.1,37.5,333,305,336,4.0e-51,196.4,1.0918,0.991071
DAKCFMEO_01382,WP_005769341.1,37.3,308,305,315,2.6e-50,193.7,1.00984,0.977778
DAKCFMEO_01382,WP_005762408.1,34.3,321,305,324,4.0e-43,169.9,1.05246,0.990741
DAKCFMEO_01382,WP_005771075.1,33.2,310,305,318,1.6e-39,157.9,1.01639,0.974843
DAKCFMEO_01382,WP_011104380.1,33.1,311,305,316,8.6e-38,152.1,1.01967,0.984177
DAKCFMEO_01382,WP_005739846.1,36.7,278,305,355,5.6e-37,149.4,0.911475,0.783099
DAKCFMEO_01382,WP_011104338.1,31.4,350,305,354,1.8e-35,144.4,1.14754,0.988701
DAKCFMEO_01382,WP_010220797.1,31.9,304,305,345,5.8e-34,139.4,0.996721,0.881159
DAKCFMEO_01382,WP_011104692.1,31.9,276,305,357,1.7e-33,137.9,0.904918,0.773109
DAKCFMEO_01383,WP_005762883.1,94.7,302,302,302,1.3e-155,543.5,1,1
DAKCFMEO_01383,WP_007243753.1,38.6,272,302,303,4.0e-51,196.4,0.900662,0.89769
DAKCFMEO_01383,WP_007245922.1,35.2,281,302,301,1.5e-45,177.9,0.930464,0.933555
DAKCFMEO_01383,WP_005762406.1,41.7,254,302,306,1.5e-42,167.9,0.84106,0.830065
DAKCFMEO_01383,WP_011105045.1,34.8,282,302,287,1.8e-40,161.0,0.933775,0.982578
DAKCFMEO_01383,WP_165442256.1,33.8,275,302,295,2.4e-32,134.0,0.910596,0.932203
DAKCFMEO_01383,WP_005771077.1,32.9,258,302,292,2.7e-23,104.0,0.854305,0.883562
DAKCFMEO_01384,WP_005762885.1,93.7,333,333,333,6.7e-177,614.4,1,1
DAKCFMEO_01384,WP_011105060.1,47.8,318,333,322,1.9e-75,277.3,0.954955,0.987578
DAKCFMEO_01384,WP_011104208.1,46.1,321,333,337,3.7e-74,273.1,0.963964,0.952522
DAKCFMEO_01384,WP_011105044.1,42.0,314,333,334,3.9e-60,226.5,0.942943,0.94012
DAKCFMEO_01384,WP_011104459.1,45.1,266,333,279,3.1e-57,216.9,0.798799,0.953405
DAKCFMEO_01384,WP_005762887.1,41.6,286,333,337,5.2e-52,199.5,0.858859,0.848665
DAKCFMEO_01384,WP_011105043.1,42.1,292,333,326,8.8e-52,198.7,0.876877,0.895706
DAKCFMEO_01384,WP_011104460.1,40.6,256,333,254,9.7e-43,168.7,0.768769,1.00787
DAKCFMEO_01384,WP_005765582.1,33.7,243,333,376,2.0e-32,134.4,0.72973,0.646277
DAKCFMEO_01384,WP_010203924.1,32.5,249,333,335,7.7e-32,132.5,0.747748,0.743284
DAKCFMEO_01384,WP_007245567.1,35.5,234,333,247,2.1e-29,124.4,0.702703,0.947368
DAKCFMEO_01384,WP_011104085.1,33.8,240,333,273,3.6e-29,123.6,0.720721,0.879121
DAKCFMEO_01384,WP_007243868.1,33.1,236,333,245,6.8e-28,119.4,0.708709,0.963265
DAKCFMEO_01384,WP_011104057.1,32.7,254,333,342,2.6e-27,117.5,0.762763,0.74269
DAKCFMEO_01384,WP_011104358.1,34.8,224,333,345,5.7e-27,116.3,0.672673,0.649275
DAKCFMEO_01384,WP_005770464.1,30.5,256,333,329,7.5e-27,115.9,0.768769,0.778116
DAKCFMEO_01384,WP_005768429.1,32.9,228,333,244,2.2e-26,114.4,0.684685,0.934426
DAKCFMEO_01384,WP_011104117.1,32.9,243,333,278,1.1e-25,112.1,0.72973,0.874101
DAKCFMEO_01384,WP_007246637.1,33.8,234,333,254,2.4e-25,110.9,0.702703,0.92126
DAKCFMEO_01385,WP_005762887.1,91.6,335,336,337,1.9e-179,622.9,0.997024,0.994065
DAKCFMEO_01385,WP_011105043.1,45.5,277,336,326,4.7e-61,229.6,0.824405,0.849693
DAKCFMEO_01385,WP_005762885.1,41.3,286,336,333,1.6e-53,204.5,0.85119,0.858859
DAKCFMEO_01385,WP_011104208.1,40.6,303,336,337,6.1e-53,202.6,0.901786,0.89911
DAKCFMEO_01385,WP_011105060.1,38.5,304,336,322,2.2e-50,194.1,0.904762,0.944099
DAKCFMEO_01385,WP_011104460.1,46.8,222,336,254,8.3e-50,192.2,0.660714,0.874016
DAKCFMEO_01385,WP_011105044.1,39.4,282,336,334,1.6e-45,177.9,0.839286,0.844311
DAKCFMEO_01385,WP_005765582.1,37.0,270,336,376,7.8e-40,159.1,0.803571,0.718085
DAKCFMEO_01385,WP_011104459.1,39.9,276,336,279,4.3e-38,153.3,0.821429,0.989247
DAKCFMEO_01385,WP_010203924.1,37.3,225,336,335,3.1e-36,147.1,0.669643,0.671642
DAKCFMEO_01385,WP_011104085.1,36.9,249,336,273,3.4e-35,143.7,0.741071,0.912088
DAKCFMEO_01385,WP_005768429.1,36.9,217,336,244,1.0e-31,132.1,0.645833,0.889344
DAKCFMEO_01385,WP_007246637.1,33.6,250,336,254,1.7e-31,131.3,0.744048,0.984252
DAKCFMEO_01385,WP_011104376.1,34.9,235,336,253,1.7e-31,131.3,0.699405,0.928854
DAKCFMEO_01385,WP_011104329.1,32.7,248,336,261,3.0e-31,130.6,0.738095,0.950192
DAKCFMEO_01385,WP_011104117.1,34.1,232,336,278,5.1e-31,129.8,0.690476,0.834532
DAKCFMEO_01385,WP_003368676.1,32.7,245,336,385,1.1e-30,128.6,0.729167,0.636364
DAKCFMEO_01385,WP_011104057.1,33.9,224,336,342,1.9e-30,127.9,0.666667,0.654971
DAKCFMEO_01385,WP_007245567.1,33.8,240,336,247,2.5e-30,127.5,0.714286,0.97166
DAKCFMEO_01386,WP_005762889.1,90.0,472,475,475,8.2e-261,893.6,0.993684,0.993684
DAKCFMEO_01387,WP_011104091.1,88.5,382,382,383,4.4e-172,598.6,1,0.997389
DAKCFMEO_01387,WP_011104448.1,36.1,310,382,413,8.6e-43,169.1,0.811518,0.750605
DAKCFMEO_01387,WP_011103856.1,31.6,313,382,415,2.2e-30,127.9,0.819372,0.754217
DAKCFMEO_01388,WP_005762891.1,88.3,503,507,507,1.0e-264,906.7,0.99211,0.99211
DAKCFMEO_01388,WP_046463318.1,33.3,460,507,467,2.7e-60,227.6,0.907298,0.985011
DAKCFMEO_01390,WP_011104090.1,93.9,788,786,788,0.0e+00,1521.1,1.00254,1
DAKCFMEO_01390,WP_046463416.1,41.9,811,786,805,1.2e-179,624.8,1.03181,1.00745
DAKCFMEO_01391,WP_011104089.1,83.1,249,249,249,9.0e-126,444.1,1,1
DAKCFMEO_01392,WP_011104088.1,78.7,188,188,188,1.0e-81,297.4,1,1
DAKCFMEO_01393,WP_011104087.1,89.5,381,381,381,2.5e-196,679.1,1,1
DAKCFMEO_01394,WP_011104086.1,91.2,238,238,238,2.0e-122,433.0,1,1
DAKCFMEO_01394,WP_003383085.1,35.1,222,238,232,9.5e-24,105.1,0.932773,0.956897
DAKCFMEO_01394,WP_007243868.1,36.6,194,238,245,1.6e-23,104.4,0.815126,0.791837
DAKCFMEO_01394,WP_011103923.1,37.0,189,238,227,1.0e-22,101.7,0.794118,0.832599
DAKCFMEO_01394,WP_011104329.1,32.3,223,238,261,2.3e-22,100.5,0.936975,0.854406
DAKCFMEO_01394,WP_007246637.1,32.8,204,238,254,3.0e-22,100.1,0.857143,0.80315
DAKCFMEO_01394,WP_005768429.1,34.5,203,238,244,1.5e-21,97.8,0.852941,0.831967
DAKCFMEO_01394,WP_007245567.1,32.0,222,238,247,4.4e-21,96.3,0.932773,0.898785
DAKCFMEO_01394,WP_011103489.1,34.2,202,238,254,4.4e-21,96.3,0.848739,0.795276
DAKCFMEO_01394,WP_011104117.1,31.8,220,238,278,9.8e-21,95.1,0.92437,0.791367
DAKCFMEO_01394,WP_011104080.1,33.6,223,238,277,1.8e-19,90.9,0.936975,0.805054
DAKCFMEO_01394,WP_005764926.1,33.8,201,238,233,7.8e-18,85.5,0.844538,0.862661
DAKCFMEO_01394,WP_011104085.1,32.2,227,238,273,1.3e-17,84.7,0.953782,0.831502
DAKCFMEO_01394,WP_005762478.1,31.0,203,238,263,1.7e-17,84.3,0.852941,0.771863
DAKCFMEO_01394,WP_005769006.1,30.3,238,238,236,5.0e-17,82.8,1,1.00847
DAKCFMEO_01394,WP_010203924.1,31.8,220,238,335,1.1e-16,81.6,0.92437,0.656716
DAKCFMEO_01395,WP_011104085.1,88.6,273,273,273,8.9e-135,474.2,1,1
DAKCFMEO_01395,WP_011105060.1,37.0,257,273,322,1.9e-36,147.5,0.941392,0.798137
DAKCFMEO_01395,WP_005762887.1,37.3,249,273,337,6.8e-34,139.0,0.912088,0.738872
DAKCFMEO_01395,WP_011104208.1,34.7,262,273,337,8.3e-32,132.1,0.959707,0.777448
DAKCFMEO_01395,WP_011104329.1,33.6,256,273,261,5.4e-31,129.4,0.937729,0.980843
DAKCFMEO_01395,WP_011105044.1,37.1,232,273,334,1.6e-30,127.9,0.849817,0.694611
DAKCFMEO_01395,WP_011105043.1,35.1,231,273,326,2.7e-30,127.1,0.846154,0.708589
DAKCFMEO_01395,WP_011104459.1,35.3,235,273,279,7.8e-30,125.6,0.860806,0.842294
DAKCFMEO_01395,WP_005762885.1,32.2,242,273,333,1.7e-29,124.4,0.886447,0.726727
DAKCFMEO_01395,WP_003380252.1,30.2,242,273,326,1.6e-27,117.9,0.886447,0.742331
DAKCFMEO_01395,WP_011104460.1,33.9,236,273,254,1.8e-26,114.4,0.864469,0.929134
DAKCFMEO_01395,WP_005765582.1,30.5,262,273,376,5.2e-26,112.8,0.959707,0.696809
DAKCFMEO_01395,WP_003383085.1,36.2,235,273,232,9.8e-25,108.6,0.860806,1.01293
DAKCFMEO_01395,WP_011103923.1,34.4,218,273,227,6.4e-24,105.9,0.798535,0.960352
DAKCFMEO_01395,WP_005768429.1,33.3,243,273,244,8.3e-24,105.5,0.89011,0.995902
DAKCFMEO_01395,WP_005762690.1,32.7,251,273,384,7.0e-23,102.4,0.919414,0.653646
DAKCFMEO_01395,WP_010203924.1,31.2,221,273,335,7.0e-23,102.4,0.809524,0.659701
DAKCFMEO_01395,WP_007246818.1,32.2,239,273,260,1.2e-22,101.7,0.875458,0.919231
DAKCFMEO_01396,WP_011104084.1,96.1,281,290,295,8.5e-160,557.4,0.968966,0.952542
DAKCFMEO_01397,WP_011104083.1,89.1,359,359,359,3.2e-185,642.1,1,1
DAKCFMEO_01398,WP_011104082.1,79.3,198,198,198,2.8e-90,325.9,1,1
DAKCFMEO_01399,WP_007246944.1,88.2,152,161,154,2.8e-72,265.8,0.944099,0.987013
DAKCFMEO_01400,WP_011104081.1,83.8,234,234,239,3.3e-106,379.0,1,0.979079
DAKCFMEO_01401,WP_007246946.1,92.7,262,262,262,5.3e-137,481.5,1,1
DAKCFMEO_01401,WP_011103283.1,35.1,265,262,275,2.1e-32,134.0,1.01145,0.963636
DAKCFMEO_01401,WP_005769243.1,42.8,159,262,255,3.3e-30,126.7,0.60687,0.623529
DAKCFMEO_01402,WP_007246947.1,92.9,336,335,336,3.7e-175,608.6,1.00299,1
DAKCFMEO_01403,WP_011104080.1,83.4,277,277,277,1.3e-125,443.7,1,1
DAKCFMEO_01403,WP_011103284.1,40.4,235,277,265,3.4e-33,136.7,0.848375,0.886792
DAKCFMEO_01403,WP_005768429.1,37.4,243,277,244,5.8e-33,136.0,0.877256,0.995902
DAKCFMEO_01403,WP_007243868.1,38.1,231,277,245,1.7e-32,134.4,0.833935,0.942857
DAKCFMEO_01403,WP_005737152.1,35.2,244,277,257,2.2e-32,134.0,0.880866,0.949416
DAKCFMEO_01403,WP_011104376.1,37.7,231,277,253,3.8e-32,133.3,0.833935,0.913043
DAKCFMEO_01403,WP_005762478.1,37.6,245,277,263,4.2e-31,129.8,0.884477,0.931559
DAKCFMEO_01403,WP_007245567.1,37.6,242,277,247,7.1e-31,129.0,0.873646,0.979757
DAKCFMEO_01403,WP_010203924.1,38.6,220,277,335,3.5e-30,126.7,0.794224,0.656716
DAKCFMEO_01403,WP_011104117.1,36.0,236,277,278,4.6e-30,126.3,0.851986,0.848921
DAKCFMEO_01403,WP_007246637.1,33.8,237,277,254,1.8e-29,124.4,0.855596,0.933071
DAKCFMEO_01403,WP_003383085.1,38.2,212,277,232,1.1e-28,121.7,0.765343,0.913793
DAKCFMEO_01403,WP_011103923.1,37.6,210,277,227,3.7e-27,116.7,0.758123,0.92511
DAKCFMEO_01403,WP_011103489.1,33.0,227,277,254,4.8e-27,116.3,0.819495,0.893701
DAKCFMEO_01403,WP_011104329.1,34.2,234,277,261,6.2e-27,115.9,0.844765,0.896552
DAKCFMEO_01403,WP_011105420.1,35.1,228,277,270,1.2e-25,111.7,0.823105,0.844444
DAKCFMEO_01403,WP_005767689.1,35.7,230,277,270,1.5e-25,111.3,0.830325,0.851852
DAKCFMEO_01403,WP_011103641.1,35.9,220,277,222,1.5e-25,111.3,0.794224,0.990991
DAKCFMEO_01403,WP_011104895.1,31.3,227,277,244,4.5e-25,109.8,0.819495,0.930328
DAKCFMEO_01403,WP_003380252.1,33.8,228,277,326,1.7e-24,107.8,0.823105,0.699387
DAKCFMEO_01403,WP_011103716.1,30.5,233,277,254,3.8e-24,106.7,0.841155,0.917323
DAKCFMEO_01404,WP_011104030.1,92.1,629,630,629,9.5e-257,880.6,0.998413,1
DAKCFMEO_01404,WP_011103402.1,54.4,627,630,626,8.6e-141,495.4,0.995238,1.0016
DAKCFMEO_01405,WP_011104029.1,89.1,275,275,275,6.6e-138,484.6,1,1
DAKCFMEO_01406,WP_007245931.1,88.3,332,332,332,7.9e-178,617.5,1,1
DAKCFMEO_01407,WP_005738213.1,97.7,309,309,309,9.6e-170,590.5,1,1
DAKCFMEO_01407,WP_005764458.1,58.7,300,309,304,3.1e-99,356.3,0.970874,0.986842
DAKCFMEO_01408,WP_002553918.1,99.6,259,259,259,1.9e-147,516.2,1,1
DAKCFMEO_01408,WP_011105523.1,58.6,256,259,277,3.0e-84,306.2,0.988417,0.924188
DAKCFMEO_01408,WP_011104329.1,35.4,268,259,261,3.4e-35,143.3,1.03475,1.02682
DAKCFMEO_01408,WP_011104117.1,33.9,251,259,278,1.2e-32,134.8,0.969112,0.902878
DAKCFMEO_01408,WP_005768429.1,34.8,244,259,244,2.7e-32,133.7,0.942085,1
DAKCFMEO_01408,WP_010203924.1,33.2,232,259,335,4.6e-32,132.9,0.895753,0.692537
DAKCFMEO_01408,WP_005737152.1,33.7,258,259,257,6.0e-32,132.5,0.996139,1.00389
DAKCFMEO_01408,WP_007243868.1,34.6,237,259,245,7.9e-32,132.1,0.915058,0.967347
DAKCFMEO_01408,WP_007246637.1,32.3,257,259,254,1.1e-30,128.3,0.992278,1.01181
DAKCFMEO_01408,WP_007245567.1,34.7,245,259,247,4.3e-30,126.3,0.945946,0.991903
DAKCFMEO_01408,WP_005770464.1,33.5,236,259,329,1.3e-29,124.8,0.911197,0.717325
DAKCFMEO_01408,WP_011104376.1,32.5,246,259,253,2.8e-29,123.6,0.949807,0.972332
DAKCFMEO_01408,WP_011103716.1,31.4,258,259,254,6.2e-29,122.5,0.996139,1.01575
DAKCFMEO_01408,WP_011104895.1,34.5,226,259,244,1.2e-27,118.2,0.872587,0.92623
DAKCFMEO_01408,WP_005762478.1,30.8,260,259,263,2.6e-27,117.1,1.00386,0.988593
DAKCFMEO_01408,WP_005768959.1,31.1,257,259,368,3.8e-26,113.2,0.992278,0.69837
DAKCFMEO_01408,WP_003380252.1,31.7,240,259,326,4.9e-26,112.8,0.926641,0.736196
DAKCFMEO_01408,WP_044390643.1,32.4,250,259,356,4.9e-26,112.8,0.965251,0.702247
DAKCFMEO_01408,WP_003368676.1,32.2,245,259,385,6.4e-26,112.5,0.945946,0.636364
DAKCFMEO_01408,WP_005737104.1,31.6,231,259,380,5.5e-25,109.4,0.891892,0.607895
DAKCFMEO_01409,WP_005618859.1,97.6,294,294,294,2.2e-155,542.7,1,1
DAKCFMEO_01410,WP_005770815.1,97.0,331,331,331,6.7e-177,614.4,1,1
DAKCFMEO_01411,WP_005770813.1,90.9,341,339,341,2.2e-175,609.4,1.0059,1
DAKCFMEO_01412,WP_005770811.1,51.5,97,98,94,4.5e-12,65.1,0.989796,1.03191
DAKCFMEO_01414,WP_011104467.1,78.7,559,566,576,1.5e-261,896.3,0.987633,0.970486
DAKCFMEO_01415,WP_011104468.1,84.8,165,165,166,1.3e-80,293.5,1,0.993976
DAKCFMEO_01417,WP_005767282.1,95.0,300,301,300,7.5e-159,554.3,0.996678,1
DAKCFMEO_01418,WP_046463326.1,84.0,357,362,361,4.9e-157,548.5,0.986188,0.98892
DAKCFMEO_01419,WP_011104472.1,90.6,414,414,414,9.4e-229,786.9,1,1
DAKCFMEO_01420,WP_005767285.1,84.3,541,541,541,6.1e-220,758.1,1,1
DAKCFMEO_01420,WP_011103145.1,47.7,539,541,541,7.2e-96,345.9,0.996303,0.996303
DAKCFMEO_01420,WP_011105048.1,43.5,545,541,541,9.5e-88,318.9,1.00739,1.00739
DAKCFMEO_01420,WP_011105575.1,42.7,543,541,541,7.0e-83,302.8,1.0037,1.0037
DAKCFMEO_01420,WP_005764624.1,37.5,542,541,542,3.5e-82,300.4,1.00185,1
DAKCFMEO_01420,WP_011104615.1,39.4,548,541,542,1.4e-75,278.5,1.01294,1.01107
DAKCFMEO_01420,WP_011104479.1,36.2,542,541,542,8.6e-73,269.2,1.00185,1
DAKCFMEO_01420,WP_011105087.1,42.0,541,541,539,1.2e-71,265.4,1,1.00371
DAKCFMEO_01420,WP_005771505.1,35.2,545,541,541,8.3e-68,252.7,1.00739,1.00739
DAKCFMEO_01420,WP_011104616.1,40.0,548,541,546,7.1e-51,196.4,1.01294,1.00366
DAKCFMEO_01420,WP_011103510.1,32.9,501,541,550,3.0e-41,164.5,0.926063,0.910909
DAKCFMEO_01420,WP_046463594.1,37.6,367,541,539,7.4e-40,159.8,0.678373,0.680891
DAKCFMEO_01420,WP_011103917.1,31.7,356,541,491,2.0e-37,151.8,0.658041,0.725051
DAKCFMEO_01420,WP_011104672.1,31.7,546,541,546,4.2e-27,117.5,1.00924,1
DAKCFMEO_01423,WP_011104473.1,86.7,377,379,379,3.5e-182,632.1,0.994723,0.994723
DAKCFMEO_01424,WP_011104474.1,84.2,361,363,363,1.6e-176,613.2,0.99449,0.99449
DAKCFMEO_01425,WP_046463327.1,77.1,363,386,363,9.5e-175,607.4,0.940415,1
DAKCFMEO_01426,WP_005767289.1,97.9,235,237,237,2.5e-125,442.6,0.991561,0.991561
DAKCFMEO_01426,WP_007243745.1,52.1,234,237,249,7.6e-58,218.4,0.987342,0.939759
DAKCFMEO_01426,WP_005770837.1,42.4,231,237,244,2.4e-43,170.2,0.974684,0.946721
DAKCFMEO_01426,WP_011107021.1,30.4,224,237,233,7.5e-21,95.5,0.945148,0.961373
DAKCFMEO_01427,WP_007246084.1,96.8,441,448,441,3.3e-243,835.1,0.984375,1
DAKCFMEO_01427,WP_046463482.1,68.5,444,448,458,1.3e-175,610.5,0.991071,0.969432
DAKCFMEO_01427,WP_005769128.1,40.2,410,448,435,1.8e-84,307.8,0.915179,0.942529
DAKCFMEO_01427,WP_011103763.1,35.9,426,448,441,1.8e-76,281.2,0.950893,0.965986
DAKCFMEO_01428,WP_005767295.1,94.4,450,450,450,8.9e-257,880.2,1,1
DAKCFMEO_01428,WP_011104268.1,34.2,433,450,424,6.7e-63,236.1,0.962222,1.02123
DAKCFMEO_01429,WP_007246082.1,80.2,217,217,217,9.6e-100,357.5,1,1
DAKCFMEO_01430,WP_011104476.1,84.5,317,318,318,1.5e-157,550.1,0.996855,0.996855
DAKCFMEO_01430,WP_011103472.1,33.5,233,318,324,3.1e-30,127.1,0.732704,0.719136
DAKCFMEO_01430,WP_011104568.1,31.6,247,318,310,5.3e-30,126.3,0.77673,0.796774
DAKCFMEO_01430,WP_011104003.1,30.0,247,318,313,1.3e-20,95.1,0.77673,0.789137
DAKCFMEO_01431,WP_011104482.1,89.7,711,707,711,0.0e+00,1289.6,1.00566,1
DAKCFMEO_01431,WP_005771258.1,42.9,680,707,703,9.3e-160,558.5,0.96181,0.967283
DAKCFMEO_01431,WP_011103467.1,31.5,727,707,833,6.4e-84,306.6,1.02829,0.872749
DAKCFMEO_01431,WP_005765172.1,31.9,683,707,706,6.8e-78,286.6,0.966054,0.967422
DAKCFMEO_01431,WP_011104229.1,31.0,674,707,728,2.2e-68,255.0,0.953324,0.925824
DAKCFMEO_01432,WP_005767320.1,89.4,311,311,311,2.0e-143,503.1,1,1
DAKCFMEO_01433,WP_003381155.1,96.0,227,227,227,8.5e-123,434.1,1,1
DAKCFMEO_01433,WP_002554192.1,44.7,219,227,229,6.4e-46,178.7,0.964758,0.956332
DAKCFMEO_01433,WP_003382360.1,44.3,221,227,224,1.2e-44,174.5,0.973568,0.986607
DAKCFMEO_01433,WP_005764042.1,42.1,221,227,225,1.3e-43,171.0,0.973568,0.982222
DAKCFMEO_01433,WP_002555020.1,41.5,224,227,227,2.4e-40,160.2,0.986784,0.986784
DAKCFMEO_01433,WP_007246025.1,37.7,220,227,222,1.2e-39,157.9,0.969163,0.990991
DAKCFMEO_01433,WP_011103755.1,36.7,221,227,220,7.1e-37,148.7,0.973568,1.00455
DAKCFMEO_01433,WP_003381559.1,35.0,223,227,225,7.9e-36,145.2,0.982379,0.991111
DAKCFMEO_01433,WP_003383141.1,34.5,220,227,229,1.8e-32,134.0,0.969163,0.960699
DAKCFMEO_01433,WP_005770857.1,38.4,219,227,224,1.5e-31,131.0,0.964758,0.977679
DAKCFMEO_01433,WP_005739198.1,35.7,221,227,223,2.6e-31,130.2,0.973568,0.991031
DAKCFMEO_01433,WP_011104125.1,34.4,221,227,233,3.4e-31,129.8,0.973568,0.948498
DAKCFMEO_01433,WP_003380226.1,38.0,229,227,246,3.5e-28,119.8,1.00881,0.930894
DAKCFMEO_01433,WP_004396544.1,34.6,228,227,225,3.9e-27,116.3,1.00441,1.01333
DAKCFMEO_01433,WP_005766623.1,36.8,223,227,245,8.7e-27,115.2,0.982379,0.910204
DAKCFMEO_01433,WP_005764051.1,33.0,230,227,245,1.5e-26,114.4,1.01322,0.938776
DAKCFMEO_01433,WP_011103914.1,30.6,219,227,230,7.4e-26,112.1,0.964758,0.952174
DAKCFMEO_01433,WP_159229484.1,39.8,181,227,207,2.1e-25,110.5,0.797357,0.874396
DAKCFMEO_01433,WP_007244755.1,30.5,223,227,249,1.8e-24,107.5,0.982379,0.895582
DAKCFMEO_01434,WP_007246072.1,84.7,464,465,465,1.6e-224,773.1,0.997849,0.997849
DAKCFMEO_01434,WP_011103754.1,30.4,316,465,457,5.0e-21,97.1,0.67957,0.691466
DAKCFMEO_01435,WP_011104920.1,46.9,273,287,294,3.9e-72,266.2,0.95122,0.928571
DAKCFMEO_01436,WP_011104485.1,69.3,368,402,395,7.2e-133,468.4,0.915423,0.931646
DAKCFMEO_01436,WP_005765592.1,44.7,358,402,372,5.8e-74,272.7,0.890547,0.962366
DAKCFMEO_01437,WP_011104486.1,71.0,366,366,366,5.3e-143,501.9,1,1
DAKCFMEO_01437,WP_011105357.1,46.4,343,366,356,2.4e-79,290.4,0.937158,0.963483
DAKCFMEO_01437,WP_005765592.1,31.0,352,366,372,3.3e-36,147.1,0.961749,0.946237
DAKCFMEO_01437,WP_011104485.1,31.1,351,366,395,2.7e-30,127.5,0.959016,0.888608
DAKCFMEO_01438,WP_011104487.1,92.5,1008,1015,1011,0.0e+00,1772.3,0.993103,0.997033
DAKCFMEO_01438,WP_011105356.1,68.5,1010,1015,1033,0.0e+00,1369.4,0.995074,0.977735
DAKCFMEO_01438,WP_011103298.1,36.8,1022,1015,1036,9.8e-187,648.7,1.0069,0.986486
DAKCFMEO_01439,WP_011104489.1,90.7,398,404,398,7.6e-191,661.0,0.985149,1
DAKCFMEO_01440,WP_024666348.1,75.1,225,225,248,2.1e-97,349.7,1,0.907258
DAKCFMEO_01441,WP_011104490.1,75.0,240,239,240,8.7e-102,364.4,1.00418,1
DAKCFMEO_01442,WP_046463321.1,86.3,782,779,779,0.0e+00,1110.5,1.00385,1.00385
DAKCFMEO_01443,WP_007246060.1,68.8,176,176,175,6.5e-62,231.5,1,1.00571
DAKCFMEO_01444,WP_003381177.1,91.1,203,203,203,1.6e-101,363.2,1,1
DAKCFMEO_01445,WP_011104492.1,76.5,362,363,354,1.1e-153,537.3,0.997245,1.0226
DAKCFMEO_01446,WP_007246058.1,86.7,240,244,244,4.1e-115,408.7,0.983607,0.983607
DAKCFMEO_01447,WP_011104493.1,80.0,210,210,210,2.6e-94,339.3,1,1
DAKCFMEO_01448,WP_011104494.1,81.0,121,123,127,1.2e-49,190.3,0.98374,0.952756
DAKCFMEO_01449,WP_007246056.1,88.9,144,144,144,5.8e-69,254.6,1,1
DAKCFMEO_01450,WP_005618920.1,94.4,143,143,143,1.1e-75,276.9,1,1
DAKCFMEO_01451,WP_005767347.1,95.5,400,400,400,1.2e-199,690.3,1,1
DAKCFMEO_01452,WP_010211386.1,93.6,574,578,578,9.2e-307,1046.6,0.99308,0.99308
DAKCFMEO_01452,WP_011103350.1,41.2,483,578,564,2.4e-97,350.9,0.83564,0.856383
DAKCFMEO_01452,WP_005763446.1,38.4,534,578,594,1.7e-95,344.7,0.923875,0.89899
DAKCFMEO_01453,WP_005767349.1,52.0,75,75,75,2.2e-11,62.4,1,1
DAKCFMEO_01454,WP_005767351.1,91.1,913,913,913,0.0e+00,1673.7,1,1
DAKCFMEO_01454,WP_046463317.1,47.2,899,913,913,1.3e-222,767.7,0.984666,0.984666
DAKCFMEO_01455,WP_005767352.1,86.0,214,214,214,1.5e-100,360.1,1,1
DAKCFMEO_01455,WP_007245868.1,42.9,205,214,216,4.1e-42,166.0,0.957944,0.949074
DAKCFMEO_01455,WP_005770794.1,40.7,194,214,218,3.8e-40,159.5,0.906542,0.889908
DAKCFMEO_01457,WP_011104495.1,70.1,177,180,179,1.3e-70,260.4,0.983333,0.988827
DAKCFMEO_01457,WP_011105221.1,39.6,169,180,180,3.9e-22,99.4,0.938889,0.938889
DAKCFMEO_01458,WP_011104496.1,84.8,296,325,296,3.2e-139,489.2,0.910769,1
DAKCFMEO_01458,WP_005768326.1,31.3,249,325,316,1.6e-26,114.8,0.766154,0.787975
DAKCFMEO_01458,WP_003317531.1,31.4,293,325,298,8.4e-23,102.4,0.901538,0.983221
DAKCFMEO_01458,WP_011104604.1,30.5,295,325,317,6.0e-21,96.3,0.907692,0.930599
DAKCFMEO_01459,WP_005767359.1,95.6,527,527,527,2.0e-292,998.8,1,1
DAKCFMEO_01461,WP_011103538.1,45.3,148,235,184,1.9e-29,124.0,0.629787,0.804348
DAKCFMEO_01462,WP_005615731.1,32.3,359,369,368,1.6e-38,154.8,0.9729,0.975543
DAKCFMEO_01463,WP_007244820.1,66.3,698,696,695,1.7e-246,846.7,1.00287,1.00432
DAKCFMEO_01463,WP_005616857.1,33.0,703,696,709,1.4e-83,305.4,1.01006,0.991537
DAKCFMEO_01464,WP_005763855.1,36.3,333,309,330,4.2e-48,186.4,1.07767,1.00909
DAKCFMEO_01465,WP_005763862.1,65.5,446,451,449,1.0e-164,574.3,0.988914,0.993318
DAKCFMEO_01465,WP_005767000.1,45.1,443,451,452,3.1e-92,333.6,0.982262,0.980088
DAKCFMEO_01465,WP_003377898.1,30.2,410,451,459,1.2e-38,155.6,0.909091,0.893246
DAKCFMEO_01469,WP_003375709.1,73.7,217,217,217,1.5e-84,307.0,1,1
DAKCFMEO_01469,WP_007244364.1,42.2,211,217,250,4.6e-33,136.0,0.97235,0.844
DAKCFMEO_01470,WP_003375712.1,53.6,84,86,88,9.6e-19,87.0,0.976744,0.954545
DAKCFMEO_01471,WP_005763879.1,49.0,255,265,264,2.0e-67,250.4,0.962264,0.965909
DAKCFMEO_01472,WP_003375716.1,54.7,349,361,359,2.2e-101,363.6,0.966759,0.972145
DAKCFMEO_01472,WP_005766982.1,32.2,351,361,378,4.0e-34,140.2,0.972299,0.928571
DAKCFMEO_01473,WP_011103532.1,43.6,1619,1719,1795,0.0e+00,1143.3,0.941827,0.90195
DAKCFMEO_01477,WP_005763915.1,58.9,124,132,129,9.8e-39,154.1,0.939394,0.96124
DAKCFMEO_01478,WP_007244826.1,35.4,113,117,119,1.3e-18,87.0,0.965812,0.94958
DAKCFMEO_01480,WP_007244827.1,45.7,680,671,699,2.8e-158,553.5,1.01341,0.972818
DAKCFMEO_01483,WP_007244829.1,33.9,189,192,193,3.3e-19,89.7,0.984375,0.979275
DAKCFMEO_01485,WP_005763897.1,61.3,248,263,268,4.5e-75,275.8,0.942966,0.925373
DAKCFMEO_01486,WP_005763898.1,33.9,124,119,124,2.1e-11,63.2,1.04202,1
DAKCFMEO_01489,WP_011103533.1,59.3,280,312,314,1.6e-92,334.0,0.897436,0.89172
DAKCFMEO_01489,WP_005763906.1,59.5,274,312,302,1.4e-88,320.9,0.878205,0.907285
DAKCFMEO_01489,WP_011104948.1,44.7,282,312,444,6.1e-63,235.7,0.903846,0.635135
DAKCFMEO_01489,WP_007246617.1,40.8,289,312,442,5.2e-62,232.6,0.926282,0.653846
DAKCFMEO_01489,WP_007246574.1,42.4,283,312,461,7.0e-59,222.2,0.907051,0.613883
DAKCFMEO_01489,WP_011103371.1,37.8,315,312,478,1.1e-51,198.4,1.00962,0.658996
DAKCFMEO_01489,WP_005769514.1,36.6,309,312,439,9.1e-51,195.3,0.990385,0.703872
DAKCFMEO_01489,WP_011103301.1,33.8,302,312,446,4.0e-46,179.9,0.967949,0.67713
DAKCFMEO_01489,WP_003380235.1,36.8,288,312,448,4.4e-45,176.4,0.923077,0.642857
DAKCFMEO_01489,WP_005765610.1,38.9,211,312,316,1.2e-39,158.3,0.676282,0.667722
DAKCFMEO_01489,WP_011104402.1,33.8,287,312,434,6.1e-39,156.0,0.919872,0.66129
DAKCFMEO_01490,WP_011104498.1,76.7,387,391,391,5.8e-180,624.8,0.98977,0.98977
DAKCFMEO_01491,WP_005767364.1,88.4,449,449,456,7.8e-221,760.8,1,0.984649
DAKCFMEO_01492,WP_005767365.1,89.4,445,445,445,9.2e-222,763.8,1,1
DAKCFMEO_01493,WP_007246047.1,87.1,599,598,599,5.2e-289,987.6,1.00167,1
DAKCFMEO_01494,WP_005767369.1,60.6,127,144,127,2.3e-41,162.9,0.881944,1
DAKCFMEO_01495,WP_011104500.1,86.4,479,479,475,9.3e-204,704.1,1,1.00842
DAKCFMEO_01496,WP_002553978.1,97.8,223,223,223,3.7e-115,408.7,1,1
DAKCFMEO_01498,WP_011104238.1,56.1,735,812,866,8.3e-221,761.5,0.905172,0.84873
DAKCFMEO_01501,WP_005767378.1,87.7,130,130,130,1.9e-63,236.1,1,1
DAKCFMEO_01502,WP_011104502.1,78.3,120,120,120,5.1e-50,191.4,1,1
DAKCFMEO_01503,WP_011104503.1,69.7,99,98,99,7.6e-36,144.1,1.0102,1
DAKCFMEO_01504,WP_005767383.1,82.9,111,111,111,2.7e-50,192.2,1,1
DAKCFMEO_01505,WP_011104504.1,91.9,333,333,333,1.8e-185,642.9,1,1
DAKCFMEO_01506,WP_005767387.1,89.2,332,332,332,6.9e-182,630.9,1,1
DAKCFMEO_01507,WP_005618952.1,93.8,464,464,464,6.8e-252,864.0,1,1
DAKCFMEO_01508,WP_011104505.1,96.5,426,426,426,3.9e-238,818.1,1,1
DAKCFMEO_01509,WP_011104506.1,94.4,124,124,124,6.6e-61,227.6,1,1
DAKCFMEO_01510,WP_011104507.1,97.0,440,440,440,4.0e-246,844.7,1,1
DAKCFMEO_01511,WP_005767395.1,96.6,207,207,207,8.3e-109,387.5,1,1
DAKCFMEO_01512,WP_010200894.1,96.5,775,774,801,0.0e+00,1446.8,1.00129,0.967541
DAKCFMEO_01513,WP_005767399.1,90.7,205,229,229,1.8e-112,399.8,0.895197,0.895197
DAKCFMEO_01514,WP_005767401.1,95.7,235,235,235,3.8e-134,471.9,1,1
DAKCFMEO_01515,WP_003405083.1,98.6,72,72,72,1.9e-36,145.6,1,1
DAKCFMEO_01516,WP_011104508.1,98.7,757,757,757,0.0e+00,1446.8,1,1
DAKCFMEO_01516,WP_005614629.1,36.7,872,757,854,5.0e-143,503.1,1.15192,1.02108
DAKCFMEO_01516,WP_011104076.1,35.5,681,757,867,1.4e-105,378.6,0.899604,0.785467
DAKCFMEO_01516,WP_011105486.1,31.7,867,757,882,3.8e-103,370.5,1.14531,0.982993
DAKCFMEO_01517,WP_003380148.1,99.2,120,120,120,1.9e-65,242.7,1,1
DAKCFMEO_01518,WP_044392708.1,75.3,81,89,91,4.3e-30,124.8,0.910112,0.89011
DAKCFMEO_01518,WP_002553156.1,51.6,62,89,70,5.1e-15,74.7,0.696629,0.885714
DAKCFMEO_01518,WP_002554837.1,49.2,65,89,69,1.6e-13,69.7,0.730337,0.942029
DAKCFMEO_01518,WP_005764082.1,54.2,59,89,70,4.8e-13,68.2,0.662921,0.842857
DAKCFMEO_01521,WP_011104510.1,95.7,741,741,743,0.0e+00,1395.9,1,0.997308
DAKCFMEO_01522,WP_003380135.1,88.5,148,148,148,3.3e-75,275.4,1,1
DAKCFMEO_01523,WP_011104511.1,96.2,366,366,376,1.8e-215,742.7,1,0.973404
DAKCFMEO_01524,WP_005767416.1,92.7,206,206,206,5.4e-108,384.8,1,1
DAKCFMEO_01525,WP_003380132.1,98.5,456,456,456,2.1e-261,895.6,1,1
DAKCFMEO_01526,WP_007246030.1,95.9,388,388,388,3.5e-225,775.0,1,1
DAKCFMEO_01527,WP_005767420.1,82.0,139,140,143,1.4e-62,233.4,0.992857,0.972028
DAKCFMEO_01528,WP_011104512.1,84.5,239,243,248,1.0e-105,377.5,0.983539,0.96371
DAKCFMEO_01529,WP_011104513.1,97.5,441,441,441,3.7e-255,874.8,1,1
DAKCFMEO_01530,WP_002554011.1,100.0,137,137,137,2.6e-74,272.3,1,1
DAKCFMEO_01531,WP_002554012.1,97.3,224,224,224,1.6e-129,456.4,1,1
DAKCFMEO_01532,WP_005619059.1,95.1,593,593,593,0.0e+00,1186.0,1,1
DAKCFMEO_01533,WP_003380120.1,97.0,165,165,165,3.3e-92,332.0,1,1
DAKCFMEO_01534,WP_011104514.1,96.7,452,452,452,2.5e-267,915.2,1,1
DAKCFMEO_01535,WP_007246028.1,96.7,905,905,905,0.0e+00,1779.6,1,1
DAKCFMEO_01536,WP_003411662.1,99.7,335,335,335,1.8e-190,659.4,1,1
DAKCFMEO_01537,WP_003380115.1,97.8,182,182,182,4.8e-92,331.6,1,1
DAKCFMEO_01538,WP_003380113.1,96.4,169,169,169,1.7e-83,303.1,1,1
DAKCFMEO_01539,WP_003380111.1,99.0,102,102,102,2.8e-49,188.7,1,1
DAKCFMEO_01540,WP_007246027.1,98.2,617,617,617,0.0e+00,1185.2,1,1
DAKCFMEO_01541,WP_005619067.1,96.7,510,510,510,1.8e-274,939.1,1,1
DAKCFMEO_01542,WP_011104515.1,95.9,489,489,489,2.6e-254,872.1,1,1
DAKCFMEO_01543,WP_011104516.1,92.9,354,354,354,7.6e-179,620.9,1,1
DAKCFMEO_01544,WP_011104517.1,88.6,484,559,559,3.3e-184,639.4,0.865832,0.865832
DAKCFMEO_01544,WP_046463307.1,41.4,476,559,544,9.6e-43,169.5,0.851521,0.875
DAKCFMEO_01544,WP_011103402.1,35.3,411,559,626,1.3e-26,115.9,0.735242,0.65655
DAKCFMEO_01545,WP_011104518.1,91.6,440,440,439,3.4e-221,761.9,1,1.00228
DAKCFMEO_01545,WP_005739017.1,30.0,467,440,448,7.3e-38,152.9,1.06136,1.04241
DAKCFMEO_01545,WP_011103754.1,30.7,277,440,457,7.6e-19,89.7,0.629545,0.606127
DAKCFMEO_01546,WP_007246025.1,92.3,222,222,222,5.8e-116,411.4,1,1
DAKCFMEO_01546,WP_003381559.1,48.9,221,222,225,2.0e-52,200.3,0.995495,0.982222
DAKCFMEO_01546,WP_011103755.1,47.7,216,222,220,1.7e-51,197.2,0.972973,0.981818
DAKCFMEO_01546,WP_003382360.1,38.2,220,222,224,2.4e-37,150.2,0.990991,0.982143
DAKCFMEO_01546,WP_003381155.1,36.4,220,222,227,4.1e-37,149.4,0.990991,0.969163
DAKCFMEO_01546,WP_005739198.1,41.3,218,222,223,1.7e-35,144.1,0.981982,0.977578
DAKCFMEO_01546,WP_002554192.1,39.4,221,222,229,1.9e-34,140.6,0.995495,0.965066
DAKCFMEO_01546,WP_003383141.1,34.4,218,222,229,2.1e-33,137.1,0.981982,0.951965
DAKCFMEO_01546,WP_005764042.1,39.6,222,222,225,4.7e-33,136.0,1,0.986667
DAKCFMEO_01546,WP_002555020.1,37.3,220,222,227,1.5e-31,131.0,0.990991,0.969163
DAKCFMEO_01546,WP_004396544.1,37.3,220,222,225,1.7e-30,127.5,0.990991,0.977778
DAKCFMEO_01546,WP_007244755.1,36.9,225,222,249,3.1e-29,123.2,1.01351,0.903614
DAKCFMEO_01546,WP_011103914.1,34.7,219,222,230,3.1e-29,123.2,0.986486,0.952174
DAKCFMEO_01546,WP_005770857.1,31.8,220,222,224,1.5e-26,114.4,0.990991,0.982143
DAKCFMEO_01546,WP_005769238.1,33.3,234,222,254,8.8e-24,105.1,1.05405,0.92126
DAKCFMEO_01546,WP_005764051.1,33.0,227,222,245,1.2e-23,104.8,1.02252,0.926531
DAKCFMEO_01546,WP_011104125.1,30.4,204,222,233,2.0e-23,104.0,0.918919,0.875536
DAKCFMEO_01546,WP_003380226.1,30.9,233,222,246,2.6e-23,103.6,1.04955,0.947154
DAKCFMEO_01546,WP_005766623.1,33.8,228,222,245,2.2e-22,100.5,1.02703,0.930612
DAKCFMEO_01547,WP_005767446.1,84.2,101,101,101,1.7e-43,169.5,1,1
DAKCFMEO_01548,WP_005767449.1,64.7,102,102,102,1.1e-32,133.7,1,1
DAKCFMEO_01548,WP_005767572.1,44.7,103,102,102,1.8e-16,79.7,1.0098,1.0098
DAKCFMEO_01548,WP_005767446.1,32.7,101,102,101,4.6e-12,65.1,0.990196,1
DAKCFMEO_01549,WP_005760695.1,96.6,118,118,118,1.3e-69,256.5,1,1
DAKCFMEO_01550,WP_005621919.1,93.1,130,130,130,1.8e-61,229.6,1,1
DAKCFMEO_01551,WP_005768313.1,95.5,288,288,288,1.3e-160,560.1,1,1
DAKCFMEO_01552,WP_003378342.1,95.7,161,161,161,2.1e-83,302.8,1,1
DAKCFMEO_01552,WP_003378389.1,30.2,116,161,133,6.2e-11,62.0,0.720497,0.87218
DAKCFMEO_01553,WP_005768314.1,93.2,588,588,587,1.5e-280,959.5,1,1.0017
DAKCFMEO_01554,WP_005768316.1,96.3,135,135,135,1.4e-72,266.5,1,1
DAKCFMEO_01554,WP_005760706.1,30.4,135,135,139,2.7e-15,76.3,1,0.971223
DAKCFMEO_01555,WP_005768318.1,82.1,280,280,280,4.7e-123,435.3,1,1
DAKCFMEO_01556,WP_011105542.1,96.6,727,727,727,0.0e+00,1388.2,1,1
DAKCFMEO_01556,WP_011102994.1,37.0,640,727,669,4.4e-104,373.6,0.88033,0.956652
DAKCFMEO_01557,WP_046463958.1,43.9,556,841,825,5.3e-130,459.9,0.661118,0.673939
DAKCFMEO_01557,WP_011103090.1,42.1,541,841,643,1.0e-120,429.1,0.643282,0.841369
DAKCFMEO_01557,WP_007244549.1,38.4,563,841,897,5.2e-109,390.2,0.669441,0.627648
DAKCFMEO_01557,WP_005764073.1,37.6,574,841,705,1.1e-106,382.5,0.682521,0.814184
DAKCFMEO_01557,WP_011103884.1,36.5,564,841,730,7.8e-89,323.2,0.67063,0.772603
DAKCFMEO_01557,WP_044391024.1,32.4,584,841,730,1.3e-88,322.4,0.694411,0.8
DAKCFMEO_01557,WP_005762944.1,31.1,544,841,712,2.7e-73,271.6,0.646849,0.764045
DAKCFMEO_01558,WP_005768321.1,98.3,288,288,288,6.9e-154,537.7,1,1
DAKCFMEO_01558,WP_003375897.1,41.7,276,288,288,2.4e-53,203.8,0.958333,0.958333
DAKCFMEO_01559,WP_005768325.1,75.4,61,73,61,1.1e-20,93.2,0.835616,1
DAKCFMEO_01560,WP_005768326.1,91.1,314,316,316,8.9e-163,567.4,0.993671,0.993671
DAKCFMEO_01560,WP_011104496.1,32.1,249,316,296,1.1e-27,118.6,0.787975,0.841216
DAKCFMEO_01561,WP_011105540.1,97.9,471,471,471,6.2e-269,920.6,1,1
DAKCFMEO_01561,WP_007244651.1,46.2,442,471,447,4.8e-112,399.4,0.938429,0.988814
DAKCFMEO_01561,WP_011104163.1,46.6,444,471,649,1.4e-111,397.9,0.942675,0.684129
DAKCFMEO_01561,WP_011104273.1,45.7,442,471,450,2.0e-110,394.0,0.938429,0.982222
DAKCFMEO_01561,WP_011105457.1,47.2,432,471,579,3.4e-110,393.3,0.917197,0.746114
DAKCFMEO_01562,WP_011105539.1,96.5,602,602,602,0.0e+00,1153.3,1,1
DAKCFMEO_01563,WP_011105538.1,82.9,222,223,222,1.2e-110,393.7,0.995516,1
DAKCFMEO_01564,WP_011105537.1,85.8,148,148,148,2.7e-77,282.3,1,1
DAKCFMEO_01564,WP_007246884.1,33.3,141,148,161,4.8e-18,85.5,0.952703,0.875776
DAKCFMEO_01565,WP_011105536.1,74.4,207,212,212,1.2e-89,323.9,0.976415,0.976415
DAKCFMEO_01566,WP_011105535.1,78.1,520,520,520,1.5e-220,760.0,1,1
DAKCFMEO_01567,WP_005768334.1,92.6,403,403,403,2.3e-211,729.2,1,1
DAKCFMEO_01568,WP_005768336.1,92.1,291,291,290,1.1e-151,530.4,1,1.00345
DAKCFMEO_01568,WP_005763930.1,62.6,286,291,314,2.1e-102,366.7,0.982818,0.910828
DAKCFMEO_01569,WP_011105534.1,88.9,334,334,334,2.2e-172,599.4,1,1
DAKCFMEO_01570,WP_007244998.1,94.8,483,483,483,2.1e-251,862.4,1,1
DAKCFMEO_01571,WP_005739655.1,98.3,474,474,474,3.2e-265,908.3,1,1
DAKCFMEO_01571,WP_011105011.1,42.5,466,474,458,7.0e-95,342.4,0.983122,1.01747
DAKCFMEO_01571,WP_005766716.1,39.6,462,474,464,2.7e-86,313.9,0.974684,0.99569
DAKCFMEO_01572,WP_005768341.1,96.0,301,301,303,1.3e-163,570.1,1,0.993399
DAKCFMEO_01572,WP_005767508.1,33.0,291,301,291,1.5e-34,141.4,0.966777,1
DAKCFMEO_01572,WP_005764318.1,30.2,255,301,299,1.9e-16,81.3,0.847176,0.852843
DAKCFMEO_01573,WP_011105533.1,53.6,211,211,210,1.3e-64,240.7,1,1.00476
DAKCFMEO_01573,WP_011105531.1,33.9,192,211,210,1.4e-23,104.4,0.909953,0.914286
DAKCFMEO_01574,WP_003340324.1,98.2,163,163,163,2.7e-86,312.4,1,1
DAKCFMEO_01575,WP_011105529.1,98.1,359,360,360,9.1e-204,703.7,0.997222,0.997222
DAKCFMEO_01576,WP_003378385.1,96.3,81,81,81,1.9e-37,149.1,1,1
DAKCFMEO_01577,WP_005621857.1,81.9,177,177,177,1.1e-80,293.9,1,1
DAKCFMEO_01578,WP_011105527.1,84.2,303,303,303,3.2e-157,548.9,1,1
DAKCFMEO_01578,WP_005764048.1,30.6,268,303,291,4.6e-31,129.8,0.884488,0.920962
DAKCFMEO_01579,WP_003378389.1,98.5,133,133,133,4.9e-70,258.1,1,1
DAKCFMEO_01580,WP_057443137.1,93.0,429,429,429,2.3e-214,739.2,1,1
DAKCFMEO_01580,WP_005767577.1,48.5,406,429,438,5.2e-105,375.9,0.946387,0.926941
DAKCFMEO_01580,WP_011104732.1,32.0,412,429,445,2.9e-47,184.1,0.960373,0.925843
DAKCFMEO_01580,WP_005767375.1,30.9,405,429,433,3.2e-38,154.1,0.944056,0.935335
DAKCFMEO_01580,WP_007246194.1,30.0,403,429,433,3.1e-33,137.5,0.939394,0.930716
DAKCFMEO_01581,WP_005768354.1,94.6,332,332,332,1.0e-177,617.1,1,1
DAKCFMEO_01582,WP_005768357.1,90.0,761,761,761,0.0e+00,1363.6,1,1
DAKCFMEO_01583,WP_046464027.1,83.5,556,556,556,2.5e-245,842.4,1,1
DAKCFMEO_01584,WP_011105523.1,95.3,277,277,277,2.8e-152,532.3,1,1
DAKCFMEO_01584,WP_002553918.1,59.1,257,277,259,2.0e-86,313.5,0.927798,0.992278
DAKCFMEO_01584,WP_005768429.1,36.0,247,277,244,1.5e-33,137.9,0.891697,1.0123
DAKCFMEO_01584,WP_007243868.1,36.6,243,277,245,2.6e-33,137.1,0.877256,0.991837
DAKCFMEO_01584,WP_011104329.1,36.8,250,277,261,4.9e-32,132.9,0.902527,0.957854
DAKCFMEO_01584,WP_007245567.1,38.9,247,277,247,2.4e-31,130.6,0.891697,1
DAKCFMEO_01584,WP_005737152.1,32.8,259,277,257,7.1e-31,129.0,0.935018,1.00778
DAKCFMEO_01584,WP_011103489.1,32.5,246,277,254,4.6e-30,126.3,0.888087,0.968504
DAKCFMEO_01584,WP_011104117.1,34.9,252,277,278,7.9e-30,125.6,0.909747,0.906475
DAKCFMEO_01584,WP_005762478.1,34.8,250,277,263,1.3e-29,124.8,0.902527,0.95057
DAKCFMEO_01584,WP_007246637.1,33.1,257,277,254,1.3e-29,124.8,0.927798,1.01181
DAKCFMEO_01584,WP_003368676.1,32.6,239,277,385,1.8e-29,124.4,0.862816,0.620779
DAKCFMEO_01584,WP_011104376.1,35.2,247,277,253,3.0e-29,123.6,0.891697,0.976285
DAKCFMEO_01584,WP_011104895.1,37.4,227,277,244,6.7e-29,122.5,0.819495,0.930328
DAKCFMEO_01584,WP_005770464.1,34.3,236,277,329,8.7e-29,122.1,0.851986,0.717325
DAKCFMEO_01584,WP_010203924.1,35.5,242,277,335,1.5e-28,121.3,0.873646,0.722388
DAKCFMEO_01584,WP_011103716.1,32.0,253,277,254,3.3e-28,120.2,0.913357,0.996063
DAKCFMEO_01584,WP_003380252.1,33.7,243,277,326,5.6e-28,119.4,0.877256,0.745399
DAKCFMEO_01584,WP_005763692.1,32.2,242,277,392,3.7e-27,116.7,0.873646,0.617347
DAKCFMEO_01584,WP_007247035.1,30.9,233,277,276,3.7e-27,116.7,0.841155,0.844203
DAKCFMEO_01584,WP_005765582.1,33.6,226,277,376,5.3e-26,112.8,0.815884,0.601064
DAKCFMEO_01584,WP_011104358.1,30.5,239,277,345,9.0e-26,112.1,0.862816,0.692754
DAKCFMEO_01584,WP_011104057.1,31.1,251,277,342,2.6e-25,110.5,0.906137,0.733918
DAKCFMEO_01585,WP_003378397.1,96.9,254,254,253,2.7e-133,469.2,1,1.00395
DAKCFMEO_01587,WP_005768363.1,90.0,299,298,297,1.5e-148,520.0,1.00336,1.00673
DAKCFMEO_01588,WP_011105522.1,59.3,1524,1742,1550,0.0e+00,1774.2,0.874856,0.983226
DAKCFMEO_01589,WP_046464026.1,87.3,300,306,300,4.2e-149,521.9,0.980392,1
DAKCFMEO_01590,WP_003383143.1,97.5,446,446,446,3.8e-252,864.8,1,1
DAKCFMEO_01591,WP_007245011.1,91.8,428,428,440,4.7e-231,794.7,1,0.972727
DAKCFMEO_01592,WP_003383141.1,99.1,229,229,229,1.9e-130,459.5,1,1
DAKCFMEO_01592,WP_007244755.1,39.2,227,229,249,1.5e-39,157.5,0.991266,0.911647
DAKCFMEO_01592,WP_004396544.1,33.9,224,229,225,1.0e-35,144.8,0.978166,0.995556
DAKCFMEO_01592,WP_005764051.1,36.4,228,229,245,1.4e-35,144.4,0.995633,0.930612
DAKCFMEO_01592,WP_011103755.1,38.5,226,229,220,3.9e-35,142.9,0.9869,1.02727
DAKCFMEO_01592,WP_003380226.1,37.1,232,229,246,4.4e-34,139.4,1.0131,0.943089
DAKCFMEO_01592,WP_003381155.1,34.5,220,229,227,1.7e-33,137.5,0.960699,0.969163
DAKCFMEO_01592,WP_007246025.1,33.6,220,229,222,1.7e-33,137.5,0.960699,0.990991
DAKCFMEO_01592,WP_005769238.1,35.0,234,229,254,4.8e-33,136.0,1.02183,0.92126
DAKCFMEO_01592,WP_003381559.1,33.5,224,229,225,1.8e-32,134.0,0.978166,0.995556
DAKCFMEO_01592,WP_003382360.1,34.7,219,229,224,4.1e-32,132.9,0.956332,0.977679
DAKCFMEO_01592,WP_002555020.1,35.6,222,229,227,1.5e-31,131.0,0.969432,0.977974
DAKCFMEO_01592,WP_005766623.1,34.1,226,229,245,1.5e-31,131.0,0.9869,0.922449
DAKCFMEO_01592,WP_005764042.1,33.9,227,229,225,5.9e-31,129.0,0.991266,1.00889
DAKCFMEO_01592,WP_002554192.1,32.4,219,229,229,5.0e-30,125.9,0.956332,0.956332
DAKCFMEO_01592,WP_011103914.1,30.7,228,229,230,6.5e-30,125.6,0.995633,0.991304
DAKCFMEO_01592,WP_011104125.1,33.9,224,229,233,3.6e-28,119.8,0.978166,0.961373
DAKCFMEO_01592,WP_005770857.1,30.5,226,229,224,6.1e-28,119.0,0.9869,1.00893
DAKCFMEO_01592,WP_005739198.1,30.5,223,229,223,5.7e-26,112.5,0.973799,1
DAKCFMEO_01592,WP_159229484.1,33.1,181,229,207,4.8e-25,109.4,0.790393,0.874396
DAKCFMEO_01593,WP_003317528.1,55.1,118,125,126,1.2e-30,127.1,0.944,0.936508
DAKCFMEO_01594,WP_007245012.1,92.2,296,296,296,2.5e-159,555.8,1,1
DAKCFMEO_01595,WP_011105520.1,71.7,184,189,186,1.5e-77,283.5,0.973545,0.989247
DAKCFMEO_01596,WP_003383136.1,98.1,54,55,55,1.8e-31,128.6,0.981818,0.981818
DAKCFMEO_01597,WP_011105519.1,91.4,382,382,382,3.3e-204,705.3,1,1
DAKCFMEO_01597,WP_011103938.1,30.0,303,382,409,1.6e-28,121.7,0.793194,0.740831
DAKCFMEO_01598,WP_003383132.1,95.6,91,99,91,1.7e-43,169.5,0.919192,1
DAKCFMEO_01598,WP_002552737.1,52.2,90,99,90,2.9e-19,89.0,0.909091,1
DAKCFMEO_01598,WP_002553164.1,37.1,89,99,100,6.5e-11,61.2,0.89899,0.89
DAKCFMEO_01599,WP_024658065.1,89.1,147,146,147,2.1e-66,246.1,1.00685,1
DAKCFMEO_01600,WP_024667547.1,86.2,123,125,125,5.3e-58,218.0,0.984,0.984
DAKCFMEO_01601,WP_011105516.1,90.8,653,653,653,0.0e+00,1201.8,1,1
DAKCFMEO_01602,WP_003383126.1,91.6,107,106,107,6.3e-44,171.0,1.00943,1
DAKCFMEO_01602,WP_005768387.1,42.1,95,106,105,3.7e-12,65.5,0.896226,0.904762
DAKCFMEO_01603,WP_011105515.1,67.3,101,101,101,7.1e-29,120.9,1,1
DAKCFMEO_01603,WP_005768387.1,47.6,103,101,105,1.6e-12,66.6,1.0198,0.980952
DAKCFMEO_01605,WP_003383123.1,91.5,71,71,71,1.8e-31,129.0,1,1
DAKCFMEO_01606,WP_011105514.1,92.9,496,497,497,2.0e-265,909.1,0.997988,0.997988
DAKCFMEO_01607,WP_005768392.1,97.9,484,484,484,2.7e-259,888.6,1,1
DAKCFMEO_01608,WP_005768393.1,95.3,106,107,107,1.5e-48,186.4,0.990654,0.990654
DAKCFMEO_01609,WP_044392973.1,90.1,373,373,373,2.3e-186,646.0,1,1
DAKCFMEO_01610,WP_011105513.1,85.9,298,302,306,2.2e-150,526.2,0.986755,0.973856
DAKCFMEO_01610,WP_005620804.1,40.8,292,302,301,8.2e-57,215.3,0.966887,0.9701
DAKCFMEO_01610,WP_011104206.1,40.2,291,302,301,1.6e-52,201.1,0.963576,0.966777
DAKCFMEO_01610,WP_005767834.1,33.7,294,302,303,1.5e-34,141.4,0.97351,0.970297
DAKCFMEO_01610,WP_005768148.1,32.9,286,302,316,7.5e-34,139.0,0.94702,0.905063
DAKCFMEO_01610,WP_011104205.1,30.6,291,302,298,1.8e-32,134.4,0.963576,0.97651
DAKCFMEO_01610,WP_005769505.1,31.5,305,302,306,9.5e-29,122.1,1.00993,0.996732
DAKCFMEO_01610,WP_005768142.1,30.5,292,302,318,4.0e-27,116.7,0.966887,0.918239
DAKCFMEO_01610,WP_005767830.1,30.0,300,302,308,2.9e-25,110.5,0.993377,0.974026
DAKCFMEO_01611,WP_011105512.1,96.9,393,393,393,4.9e-227,781.2,1,1
DAKCFMEO_01611,WP_044389757.1,34.1,375,393,387,3.7e-57,216.9,0.954198,0.968992
DAKCFMEO_01611,WP_005770780.1,30.7,374,393,383,8.8e-51,195.7,0.951654,0.976501
DAKCFMEO_01612,WP_011105511.1,87.9,406,406,406,1.4e-208,719.9,1,1
DAKCFMEO_01612,WP_007245808.1,35.7,387,406,396,3.9e-62,233.4,0.953202,0.977273
DAKCFMEO_01613,WP_007245851.1,80.4,184,188,203,6.0e-82,298.1,0.978723,0.906404
DAKCFMEO_01614,WP_011104404.1,82.6,344,344,342,2.0e-155,543.1,1,1.00585
DAKCFMEO_01615,WP_011104405.1,91.6,1253,1254,1254,0.0e+00,2362.8,0.999203,0.999203
DAKCFMEO_01616,WP_005766271.1,94.6,354,353,354,1.2e-179,623.6,1.00283,1
DAKCFMEO_01616,WP_005770183.1,30.2,368,353,325,6.9e-31,129.4,1.04249,1.13231
DAKCFMEO_01617,WP_005766274.1,90.2,61,61,61,1.6e-23,102.4,1,1
DAKCFMEO_01618,WP_011104406.1,82.6,235,240,240,6.0e-103,368.2,0.979167,0.979167
DAKCFMEO_01619,WP_046463313.1,81.4,102,102,149,1.8e-40,159.5,1,0.684564
DAKCFMEO_01620,WP_011104407.1,91.1,248,248,249,1.3e-129,456.8,1,0.995984
DAKCFMEO_01620,WP_005765713.1,32.6,233,248,253,1.7e-23,104.4,0.939516,0.920949
DAKCFMEO_01621,WP_007245964.1,45.8,83,93,83,1.2e-14,73.6,0.892473,1
DAKCFMEO_01622,WP_007245963.1,79.6,279,279,279,4.7e-131,461.8,1,1
DAKCFMEO_01622,WP_011105361.1,31.7,186,279,298,3.7e-19,90.1,0.666667,0.624161
DAKCFMEO_01623,WP_005762812.1,78.3,152,152,152,1.6e-69,256.5,1,1
DAKCFMEO_01625,WP_046464012.1,51.7,267,280,335,6.4e-80,292.0,0.953571,0.797015
DAKCFMEO_01626,WP_011104079.1,62.9,1173,1172,1168,0.0e+00,1488.0,1.00085,1.00428
DAKCFMEO_01626,WP_046464016.1,59.7,1177,1172,1175,0.0e+00,1399.0,1.00427,1.0017
DAKCFMEO_01627,WP_046463302.1,57.8,289,295,296,3.7e-86,312.8,0.979661,0.976351
DAKCFMEO_01627,WP_011105480.1,56.2,290,295,291,5.3e-85,308.9,0.983051,0.996564
DAKCFMEO_01628,WP_010213774.1,72.2,443,443,443,8.9e-193,667.5,1,1
DAKCFMEO_01628,WP_011105481.1,67.9,443,443,443,4.1e-182,632.1,1,1
DAKCFMEO_01629,WP_011105482.1,62.7,150,162,166,3.9e-53,202.2,0.925926,0.903614
DAKCFMEO_01629,WP_007246952.1,62.0,158,162,163,1.2e-51,197.2,0.975309,0.969325
DAKCFMEO_01630,WP_011105483.1,40.1,404,385,398,2.3e-67,250.8,1.04935,1.01508
DAKCFMEO_01632,WP_011104077.1,58.2,502,506,509,5.3e-157,548.9,0.992095,0.986248
DAKCFMEO_01632,WP_011105485.1,55.9,499,506,505,2.1e-150,526.9,0.986166,0.988119
DAKCFMEO_01632,WP_011103783.1,41.6,351,506,471,2.1e-68,254.6,0.693676,0.745223
DAKCFMEO_01632,WP_011103371.1,41.8,347,506,478,1.9e-66,248.1,0.685771,0.725941
DAKCFMEO_01632,WP_011103301.1,42.1,311,506,446,6.8e-64,239.6,0.614625,0.697309
DAKCFMEO_01632,WP_005769514.1,39.0,323,506,439,5.8e-63,236.5,0.63834,0.735763
DAKCFMEO_01632,WP_003382141.1,39.2,357,506,491,2.9e-62,234.2,0.705534,0.727088
DAKCFMEO_01632,WP_007246973.1,41.6,346,506,368,9.6e-58,219.2,0.683794,0.940217
DAKCFMEO_01632,WP_007246617.1,41.6,308,506,442,2.4e-56,214.5,0.608696,0.696833
DAKCFMEO_01632,WP_011104948.1,40.9,330,506,444,6.4e-54,206.5,0.652174,0.743243
DAKCFMEO_01632,WP_003380235.1,38.4,323,506,448,4.6e-52,200.3,0.63834,0.720982
DAKCFMEO_01632,WP_011104402.1,38.2,325,506,434,4.3e-50,193.7,0.642292,0.748848
DAKCFMEO_01633,WP_011105486.1,71.6,883,870,882,0.0e+00,1201.4,1.01494,1.00113
DAKCFMEO_01633,WP_011104076.1,68.5,872,870,867,0.0e+00,1164.8,1.0023,1.00577
DAKCFMEO_01633,WP_005614629.1,38.3,831,870,854,1.1e-143,505.4,0.955172,0.973068
DAKCFMEO_01633,WP_011104508.1,36.1,690,870,757,6.2e-105,376.7,0.793103,0.911493
DAKCFMEO_01634,WP_011104075.1,70.1,335,334,335,8.0e-138,484.6,1.00299,1
DAKCFMEO_01634,WP_011105487.1,64.2,335,334,335,1.3e-124,440.7,1.00299,1
DAKCFMEO_01635,WP_011104074.1,68.9,595,595,595,2.5e-246,845.9,1,1
DAKCFMEO_01635,WP_046464013.1,65.7,595,595,595,1.6e-234,806.6,1,1
DAKCFMEO_01636,WP_011105491.1,59.7,129,136,135,4.3e-37,148.7,0.948529,0.955556
DAKCFMEO_01636,WP_011104073.1,44.9,127,136,135,2.2e-25,109.8,0.933824,0.940741
DAKCFMEO_01637,WP_011104072.1,87.2,491,491,491,2.9e-261,895.2,1,1
DAKCFMEO_01637,WP_011105492.1,84.3,490,491,492,5.5e-252,864.4,0.997963,0.995935
DAKCFMEO_01638,WP_011104071.1,70.9,165,165,166,4.2e-63,235.3,1,0.993976
DAKCFMEO_01638,WP_011105493.1,74.8,163,165,168,9.4e-63,234.2,0.987879,0.970238
DAKCFMEO_01639,WP_011105494.1,54.0,517,516,518,2.8e-166,579.7,1.00194,0.998069
DAKCFMEO_01640,WP_011105495.1,72.6,168,175,172,1.5e-71,263.5,0.96,0.976744
DAKCFMEO_01640,WP_007246961.1,51.5,165,175,171,8.7e-43,167.9,0.942857,0.964912
DAKCFMEO_01643,WP_010201804.1,88.7,195,206,210,8.0e-96,344.4,0.946602,0.928571
DAKCFMEO_01644,WP_005770490.1,94.1,337,337,337,5.4e-190,657.9,1,1
DAKCFMEO_01645,WP_005770492.1,91.2,284,285,283,7.1e-119,421.4,0.996491,1.00353
DAKCFMEO_01646,WP_005614924.1,99.1,338,338,338,3.0e-193,668.7,1,1
DAKCFMEO_01647,WP_002552075.1,98.8,163,163,163,1.1e-82,300.4,1,1
DAKCFMEO_01648,WP_007246092.1,98.3,574,574,574,0.0e+00,1138.6,1,1
DAKCFMEO_01649,WP_005770496.1,69.7,142,142,138,8.9e-46,177.6,1,1.02899
DAKCFMEO_01650,WP_005770497.1,86.0,107,109,109,1.3e-49,189.9,0.981651,0.981651
DAKCFMEO_01651,WP_010201647.1,74.4,234,246,233,9.0e-70,258.1,0.95122,1.00429
DAKCFMEO_01652,WP_005614914.1,95.9,773,773,773,0.0e+00,1494.6,1,1
DAKCFMEO_01653,WP_011103375.1,84.0,512,512,512,8.6e-224,770.8,1,1
DAKCFMEO_01654,WP_007246096.1,88.6,114,114,114,4.5e-24,105.1,1,1
DAKCFMEO_01655,WP_011103373.1,68.5,251,257,259,5.9e-96,345.1,0.976654,0.969112
DAKCFMEO_01657,WP_007246097.1,78.0,109,118,110,1.0e-50,193.7,0.923729,0.990909
DAKCFMEO_01658,WP_011103372.1,88.1,235,237,237,3.1e-120,425.6,0.991561,0.991561
DAKCFMEO_01659,WP_005770507.1,92.3,390,390,390,5.8e-212,731.1,1,1
DAKCFMEO_01659,WP_005739631.1,30.3,386,390,402,1.1e-32,135.6,0.989744,0.960199
DAKCFMEO_01660,WP_005614892.1,95.2,146,146,146,5.3e-78,284.6,1,1
DAKCFMEO_01661,WP_007246099.1,86.7,294,295,295,7.6e-156,544.3,0.99661,0.99661
DAKCFMEO_01662,WP_002552060.1,98.3,58,58,58,4.5e-28,117.5,1,1
DAKCFMEO_01663,WP_017684227.1,96.6,984,984,984,0.0e+00,1846.6,1,1
DAKCFMEO_01664,WP_011103371.1,93.7,478,477,478,3.5e-251,861.7,1.0021,1
DAKCFMEO_01664,WP_011103783.1,42.4,389,477,471,1.2e-81,298.5,0.815514,0.825902
DAKCFMEO_01664,WP_002555721.1,42.2,386,477,478,4.2e-79,290.0,0.809224,0.807531
DAKCFMEO_01664,WP_003380235.1,41.0,393,477,448,5.4e-79,289.7,0.823899,0.877232
DAKCFMEO_01664,WP_011103301.1,36.7,474,477,446,1.1e-76,282.0,0.993711,1.06278
DAKCFMEO_01664,WP_007246574.1,37.4,468,477,461,5.6e-76,279.6,0.981132,1.01518
DAKCFMEO_01664,WP_007246617.1,40.4,376,477,442,9.0e-74,272.3,0.78826,0.850679
DAKCFMEO_01664,WP_011104948.1,38.8,389,477,444,3.2e-71,263.8,0.815514,0.876126
DAKCFMEO_01664,WP_011105485.1,45.0,333,477,505,1.0e-69,258.8,0.698113,0.659406
DAKCFMEO_01664,WP_003382141.1,34.3,493,477,491,8.4e-64,239.2,1.03354,1.00407
DAKCFMEO_01664,WP_007244904.1,40.2,326,477,502,3.0e-61,230.7,0.683438,0.649402
DAKCFMEO_01664,WP_005769514.1,42.1,323,477,439,3.9e-61,230.3,0.677149,0.735763
DAKCFMEO_01664,WP_011104077.1,39.9,333,477,509,4.0e-58,220.3,0.698113,0.654224
DAKCFMEO_01664,WP_011104402.1,38.8,338,477,434,2.7e-54,207.6,0.708595,0.778802
DAKCFMEO_01665,WP_003382274.1,95.7,467,467,467,2.1e-256,879.0,1,1
DAKCFMEO_01666,WP_011103370.1,85.5,166,168,168,6.8e-77,281.2,0.988095,0.988095
DAKCFMEO_01667,WP_005770519.1,95.1,266,266,266,9.6e-142,497.3,1,1
DAKCFMEO_01668,WP_007246105.1,80.5,282,283,283,1.1e-127,450.7,0.996466,0.996466
DAKCFMEO_01670,WP_011103369.1,95.3,554,554,554,0.0e+00,1087.8,1,1
DAKCFMEO_01671,WP_007245081.1,63.9,640,645,651,4.4e-249,855.1,0.992248,0.983103
DAKCFMEO_01672,WP_011103368.1,83.3,288,288,288,1.7e-144,506.5,1,1
DAKCFMEO_01673,WP_011103367.1,93.4,392,392,392,1.5e-204,706.4,1,1
DAKCFMEO_01673,WP_011104413.1,45.1,388,392,402,6.0e-84,305.8,0.989796,0.965174
DAKCFMEO_01673,WP_005768685.1,44.8,400,392,399,3.3e-82,300.1,1.02041,1.00251
DAKCFMEO_01673,WP_007245350.1,43.1,401,392,391,6.0e-68,252.7,1.02296,1.02558
DAKCFMEO_01673,WP_011104287.1,34.3,402,392,413,2.0e-50,194.5,1.02551,0.973366
DAKCFMEO_01673,WP_011103263.1,32.2,435,392,425,4.7e-36,146.7,1.10969,1.02353
DAKCFMEO_01674,WP_005766463.1,89.9,337,338,338,2.3e-180,625.9,0.997041,0.997041
DAKCFMEO_01674,WP_011104060.1,33.1,284,338,320,7.1e-25,109.4,0.840237,0.8875
DAKCFMEO_01675,WP_005766460.1,85.3,992,992,987,0.0e+00,1654.8,1,1.00507
DAKCFMEO_01676,WP_032710582.1,65.3,98,107,102,6.1e-31,127.9,0.915888,0.960784
DAKCFMEO_01677,WP_004656644.1,86.3,117,117,117,7.1e-41,161.0,1,1
DAKCFMEO_01678,WP_003377508.1,97.9,701,701,701,0.0e+00,1315.4,1,1
DAKCFMEO_01679,WP_002555121.1,100.0,89,89,89,2.8e-45,175.3,1,1
DAKCFMEO_01680,WP_005766456.1,97.4,305,305,305,4.1e-173,601.7,1,1
DAKCFMEO_01681,WP_003377505.1,92.0,138,138,138,8.4e-65,240.7,1,1
DAKCFMEO_01682,WP_003377503.1,94.3,844,844,841,0.0e+00,1343.6,1,1.00357
DAKCFMEO_01683,WP_005620402.1,99.6,493,493,493,2.1e-251,862.4,1,1
DAKCFMEO_01684,WP_024419631.1,88.8,152,152,152,4.0e-76,278.5,1,1
DAKCFMEO_01687,WP_005739097.1,87.6,251,251,251,1.1e-120,427.2,1,1
DAKCFMEO_01688,WP_005766449.1,96.2,447,447,447,7.2e-251,860.5,1,1
DAKCFMEO_01689,WP_011105022.1,87.3,283,283,283,5.8e-137,481.5,1,1
DAKCFMEO_01690,WP_011105023.1,95.4,634,637,634,0.0e+00,1151.7,0.99529,1
DAKCFMEO_01691,WP_005620411.1,96.3,215,216,216,1.5e-116,413.3,0.99537,0.99537
DAKCFMEO_01692,WP_003377487.1,94.1,102,102,103,3.6e-49,188.3,1,0.990291
DAKCFMEO_01693,WP_005766442.1,97.5,158,158,158,9.5e-81,293.9,1,1
DAKCFMEO_01693,WP_005617338.1,36.9,141,158,157,8.8e-18,84.7,0.892405,0.898089
DAKCFMEO_01694,WP_007243709.1,98.5,1073,1073,1073,0.0e+00,2101.6,1,1
DAKCFMEO_01695,WP_007243710.1,95.2,378,378,378,2.3e-213,735.7,1,1
DAKCFMEO_01696,WP_005766439.1,96.6,267,267,267,2.7e-144,505.8,1,1
DAKCFMEO_01697,WP_003377482.1,98.4,380,379,380,1.3e-173,603.6,1.00264,1
DAKCFMEO_01698,WP_011105024.1,96.4,638,638,638,0.0e+00,1168.7,1,1
DAKCFMEO_01698,WP_011103546.1,39.4,601,638,620,5.3e-114,406.4,0.942006,0.969355
DAKCFMEO_01698,WP_011104950.1,36.6,528,638,564,8.6e-88,319.3,0.827586,0.93617
DAKCFMEO_01699,WP_003377479.1,95.7,187,187,187,2.1e-95,342.8,1,1
DAKCFMEO_01700,WP_011105025.1,95.5,556,557,557,1.6e-295,1009.2,0.998205,0.998205
DAKCFMEO_01701,WP_002555142.1,99.2,122,122,135,2.2e-64,239.2,1,0.903704
DAKCFMEO_01702,WP_011105026.1,93.7,174,174,173,2.5e-90,325.9,1,1.00578
DAKCFMEO_01703,WP_011105028.1,68.0,103,106,104,1.2e-34,140.2,0.971698,0.990385
DAKCFMEO_01704,WP_005620437.1,91.6,143,144,144,1.4e-75,276.6,0.993056,0.993056
DAKCFMEO_01705,WP_007243715.1,96.6,467,467,467,4.4e-259,887.9,1,1
DAKCFMEO_01706,WP_003377471.1,96.2,160,160,160,1.2e-86,313.5,1,1
DAKCFMEO_01707,WP_005770837.1,30.0,233,255,244,2.9e-18,87.0,0.913725,0.954918
DAKCFMEO_01707,WP_002554489.1,31.3,230,255,237,6.0e-16,79.3,0.901961,0.970464
DAKCFMEO_01707,WP_011107021.1,30.3,231,255,233,7.8e-16,79.0,0.905882,0.991416
DAKCFMEO_01713,WP_003377470.1,72.8,92,95,94,8.4e-32,130.6,0.968421,0.978723
DAKCFMEO_01723,WP_003382970.1,58.8,80,81,83,2.2e-17,82.4,0.987654,0.963855
DAKCFMEO_01725,WP_011103402.1,86.9,626,626,626,6.5e-258,884.4,1,1
DAKCFMEO_01725,WP_011104030.1,51.4,626,626,629,1.6e-126,448.0,1,0.995231
DAKCFMEO_01725,WP_011104011.1,31.7,540,626,646,4.7e-22,100.9,0.86262,0.835913
DAKCFMEO_01726,WP_046463739.1,76.6,640,640,640,6.8e-210,724.9,1,1
DAKCFMEO_01726,WP_007244964.1,56.9,640,640,640,6.5e-136,479.2,1,1
DAKCFMEO_01726,WP_011105342.1,42.7,583,640,638,3.5e-81,297.4,0.910937,0.913793
DAKCFMEO_01726,WP_011105343.1,41.3,547,640,647,1.6e-73,271.9,0.854688,0.84544
DAKCFMEO_01726,WP_011104387.1,33.2,591,640,642,5.5e-42,167.2,0.923438,0.920561
DAKCFMEO_01726,WP_044390209.1,37.3,641,640,642,5.5e-42,167.2,1.00156,0.998442
DAKCFMEO_01726,WP_011105575.1,37.9,449,640,541,3.8e-35,144.4,0.701562,0.829945
DAKCFMEO_01726,WP_046463299.1,32.9,553,640,641,3.8e-35,144.4,0.864062,0.862715
DAKCFMEO_01726,WP_005767285.1,37.7,401,640,541,2.5e-34,141.7,0.626563,0.74122
DAKCFMEO_01726,WP_011104479.1,31.3,428,640,542,1.6e-33,139.0,0.66875,0.789668
DAKCFMEO_01726,WP_011103510.1,33.3,466,640,550,1.8e-29,125.6,0.728125,0.847273
DAKCFMEO_01726,WP_011104026.1,33.0,521,640,661,7.9e-25,110.2,0.814063,0.7882
DAKCFMEO_01731,WP_011103411.1,51.6,1567,1452,1561,0.0e+00,1552.0,1.0792,1.00384
DAKCFMEO_01732,WP_011103412.1,65.4,448,456,454,2.3e-180,626.3,0.982456,0.986784
DAKCFMEO_01733,WP_007244130.1,74.5,275,276,275,4.6e-107,382.1,0.996377,1
DAKCFMEO_01734,WP_005770966.1,87.0,254,254,254,1.2e-125,443.7,1,1
DAKCFMEO_01734,WP_011103979.1,33.8,263,254,266,2.6e-35,143.7,1.03543,0.988722
DAKCFMEO_01734,WP_011104035.1,33.7,252,254,266,2.2e-34,140.6,0.992126,0.947368
DAKCFMEO_01734,WP_046463592.1,36.9,244,254,253,2.2e-34,140.6,0.96063,0.964427
DAKCFMEO_01734,WP_005770626.1,32.8,247,254,247,2.7e-32,133.7,0.972441,1
DAKCFMEO_01734,WP_005764784.1,34.1,252,254,249,5.9e-32,132.5,0.992126,1.01205
DAKCFMEO_01734,WP_011104354.1,39.3,247,254,243,7.7e-32,132.1,0.972441,1.01646
DAKCFMEO_01734,WP_011104991.1,32.4,250,254,252,1.2e-29,124.8,0.984252,0.992063
DAKCFMEO_01734,WP_005762581.1,30.3,241,254,255,2.7e-29,123.6,0.948819,0.945098
DAKCFMEO_01734,WP_005764783.1,32.4,250,254,253,3.6e-29,123.2,0.984252,0.988142
DAKCFMEO_01734,WP_005767607.1,34.1,220,254,271,6.1e-29,122.5,0.866142,0.811808
DAKCFMEO_01734,WP_007246009.1,33.1,245,254,286,6.1e-29,122.5,0.964567,0.856643
DAKCFMEO_01734,WP_011103980.1,31.0,252,254,254,4.4e-27,116.3,0.992126,0.992126
DAKCFMEO_01734,WP_011104931.1,32.5,252,254,257,5.7e-27,115.9,0.992126,0.980545
DAKCFMEO_01734,WP_005771315.1,31.1,244,254,249,1.4e-25,111.3,0.96063,0.97992
DAKCFMEO_01734,WP_005763057.1,33.6,226,254,254,2.4e-25,110.5,0.889764,0.889764
DAKCFMEO_01734,WP_005765466.1,31.1,241,254,242,7.0e-25,109.0,0.948819,0.995868
DAKCFMEO_01734,WP_161633151.1,33.6,241,254,254,7.0e-25,109.0,0.948819,0.948819
DAKCFMEO_01734,WP_011104271.1,31.1,251,254,250,2.0e-24,107.5,0.988189,1.004
DAKCFMEO_01734,WP_005762514.1,30.2,252,254,248,3.5e-24,106.7,0.992126,1.01613
DAKCFMEO_01734,WP_011103459.1,35.9,198,254,306,3.5e-24,106.7,0.779528,0.647059
DAKCFMEO_01734,WP_005619926.1,31.4,255,254,244,3.2e-22,100.1,1.00394,1.04508
DAKCFMEO_01734,WP_007245137.1,32.8,241,254,246,8.0e-21,95.5,0.948819,0.979675
DAKCFMEO_01734,WP_011103737.1,31.7,189,254,262,1.0e-20,95.1,0.744094,0.721374
DAKCFMEO_01735,WP_007244158.1,92.2,422,422,422,2.8e-236,812.0,1,1
DAKCFMEO_01735,WP_011103959.1,81.9,403,422,418,4.6e-199,688.3,0.954976,0.964115
DAKCFMEO_01735,WP_046463479.1,37.0,424,422,449,9.1e-70,258.8,1.00474,0.944321
DAKCFMEO_01735,WP_011104277.1,34.4,439,422,443,2.0e-64,241.1,1.04028,0.990971
DAKCFMEO_01735,WP_011105463.1,35.1,436,422,424,1.0e-57,218.8,1.03318,1.0283
DAKCFMEO_01735,WP_005763528.1,31.5,416,422,441,6.3e-55,209.5,0.985782,0.943311
DAKCFMEO_01735,WP_011105421.1,32.9,438,422,448,6.3e-55,209.5,1.03791,0.977679
DAKCFMEO_01735,WP_011104478.1,31.1,415,422,441,3.5e-53,203.8,0.983412,0.941043
DAKCFMEO_01735,WP_011104816.1,31.8,425,422,448,1.8e-49,191.4,1.00711,0.948661
DAKCFMEO_01736,WP_011103399.1,93.1,275,275,275,4.0e-151,528.5,1,1
DAKCFMEO_01737,WP_011103398.1,85.0,293,294,294,4.4e-156,545.0,0.996599,0.996599
DAKCFMEO_01737,WP_011104122.1,32.4,278,294,290,2.1e-33,137.5,0.945578,0.958621
DAKCFMEO_01738,WP_005770956.1,90.6,341,340,341,7.6e-176,610.9,1.00294,1
DAKCFMEO_01739,WP_005770954.1,89.7,175,175,175,4.1e-85,308.5,1,1
DAKCFMEO_01740,WP_011103397.1,94.4,426,426,426,3.3e-213,735.3,1,1
DAKCFMEO_01741,WP_011103396.1,84.4,326,326,323,7.3e-144,504.6,1,1.00929
DAKCFMEO_01742,WP_011103395.1,79.9,289,289,293,4.1e-146,511.9,1,0.986348
DAKCFMEO_01744,WP_005615033.1,94.7,170,202,170,4.2e-89,322.0,0.841584,1
DAKCFMEO_01745,WP_005770944.1,66.4,220,218,220,7.7e-81,294.7,1.00917,1
DAKCFMEO_01746,WP_011103393.1,93.8,418,418,418,4.9e-225,774.6,1,1
DAKCFMEO_01747,WP_002556144.1,90.4,156,159,160,3.6e-80,292.0,0.981132,0.975
DAKCFMEO_01748,WP_005770940.1,90.7,335,335,334,4.0e-169,588.6,1,1.00299
DAKCFMEO_01749,WP_003380356.1,87.2,149,149,149,2.0e-72,266.2,1,1
DAKCFMEO_01750,WP_005770938.1,86.2,152,157,153,2.5e-73,269.2,0.968153,0.993464
DAKCFMEO_01751,WP_005770915.1,86.0,386,387,400,3.8e-200,691.8,0.997416,0.965
DAKCFMEO_01752,WP_003314356.1,85.2,155,157,157,5.0e-74,271.6,0.987261,0.987261
DAKCFMEO_01753,WP_011103387.1,82.2,409,413,422,3.6e-196,678.7,0.990315,0.969194
DAKCFMEO_01754,WP_032710981.1,88.2,203,216,203,9.6e-92,330.9,0.939815,1
DAKCFMEO_01755,WP_005771478.1,96.1,760,759,760,0.0e+00,1498.0,1.00132,1
DAKCFMEO_01756,WP_005771480.1,85.8,261,257,261,2.7e-64,240.0,1.01556,1
DAKCFMEO_01757,WP_003380333.1,100.0,135,135,135,4.6e-68,251.5,1,1
DAKCFMEO_01758,WP_005771481.1,67.2,186,187,187,2.5e-64,239.6,0.994652,0.994652
DAKCFMEO_01759,WP_005771483.1,85.2,520,523,523,1.9e-274,939.1,0.994264,0.994264
DAKCFMEO_01760,WP_044393047.1,89.2,437,437,437,4.6e-218,751.5,1,1
DAKCFMEO_01760,WP_007243826.1,54.8,436,437,437,6.8e-129,455.3,0.997712,0.997712
DAKCFMEO_01760,WP_024667882.1,45.7,435,437,438,1.1e-99,358.2,0.995423,0.993151
DAKCFMEO_01760,WP_011105438.1,43.6,436,437,448,5.8e-96,345.9,0.997712,0.973214
DAKCFMEO_01760,WP_011104703.1,42.0,436,437,422,7.9e-85,308.9,0.997712,1.03318
DAKCFMEO_01760,WP_011104008.1,35.4,432,437,710,1.5e-67,251.5,0.988558,0.608451
DAKCFMEO_01761,WP_005771491.1,81.8,340,343,348,7.2e-166,577.8,0.991254,0.977011
DAKCFMEO_01762,WP_005771489.1,31.2,311,298,319,2.0e-31,131.0,1.04362,0.974922
DAKCFMEO_01764,WP_011103526.1,78.1,598,602,601,5.7e-267,914.4,0.993355,0.995008
DAKCFMEO_01764,WP_011104918.1,46.8,536,602,604,1.7e-125,444.5,0.890365,0.887417
DAKCFMEO_01764,WP_005764779.1,31.3,434,602,457,8.5e-29,123.2,0.72093,0.949672
DAKCFMEO_01764,WP_011103993.1,30.3,422,602,511,3.3e-25,111.3,0.700997,0.825832
DAKCFMEO_01765,WP_011103525.1,91.3,369,369,369,1.5e-198,686.4,1,1
DAKCFMEO_01765,WP_005614499.1,36.7,360,369,364,2.2e-56,214.2,0.97561,0.989011
DAKCFMEO_01765,WP_011103449.1,36.0,361,369,363,4.8e-51,196.4,0.97832,0.99449
DAKCFMEO_01766,WP_005763950.1,87.8,370,369,370,1.0e-173,604.0,1.00271,1
DAKCFMEO_01766,WP_007245542.1,32.9,331,369,366,4.7e-38,153.3,0.897019,0.904372
DAKCFMEO_01767,WP_005763952.1,92.8,306,306,306,2.4e-160,559.3,1,1
DAKCFMEO_01767,WP_005770049.1,37.7,289,306,308,1.6e-44,174.5,0.944444,0.938312
DAKCFMEO_01768,WP_011103524.1,92.6,338,341,338,1.2e-197,683.3,0.991202,1
DAKCFMEO_01769,WP_005615650.1,90.4,228,228,228,2.2e-126,446.0,1,1
DAKCFMEO_01769,WP_005763961.1,48.8,203,228,225,1.6e-49,190.7,0.890351,0.902222
DAKCFMEO_01769,WP_011103446.1,32.5,200,228,246,1.5e-26,114.4,0.877193,0.813008
DAKCFMEO_01769,WP_005764591.1,35.1,185,228,212,1.7e-22,100.9,0.811404,0.872642
DAKCFMEO_01770,WP_005763959.1,86.3,504,511,511,1.4e-250,859.8,0.986301,0.986301
DAKCFMEO_01770,WP_011103450.1,37.0,503,511,503,1.4e-80,295.0,0.984344,1
DAKCFMEO_01770,WP_011103272.1,37.0,508,511,517,3.9e-75,276.9,0.994129,0.982592
DAKCFMEO_01770,WP_011104585.1,30.5,508,511,525,3.9e-59,223.8,0.994129,0.967619
DAKCFMEO_01770,WP_161797778.1,32.5,492,511,536,2.5e-58,221.1,0.962818,0.91791
DAKCFMEO_01770,WP_005764620.1,30.9,512,511,522,1.6e-57,218.4,1.00196,0.980843
DAKCFMEO_01770,WP_011104123.1,30.6,496,511,507,3.7e-57,217.2,0.970646,0.978304
DAKCFMEO_01770,WP_011103981.1,31.5,482,511,509,3.2e-53,204.1,0.943249,0.946955
DAKCFMEO_01770,WP_011103969.1,30.0,487,511,517,5.9e-47,183.3,0.953033,0.941973
DAKCFMEO_01771,WP_005763961.1,80.8,224,225,225,1.3e-102,367.1,0.995556,0.995556
DAKCFMEO_01771,WP_005615650.1,49.3,205,225,228,2.8e-49,189.9,0.911111,0.899123
DAKCFMEO_01771,WP_005764591.1,30.9,175,225,212,2.4e-16,80.5,0.777778,0.825472
DAKCFMEO_01772,WP_011103523.1,84.4,128,128,131,4.0e-61,228.4,1,0.977099
DAKCFMEO_01773,WP_005763967.1,87.7,228,228,228,3.6e-113,402.1,1,1
DAKCFMEO_01773,WP_011104136.1,32.3,155,228,250,1.5e-13,71.2,0.679825,0.62
DAKCFMEO_01774,WP_011105348.1,40.1,434,448,391,4.8e-69,256.5,0.96875,1.10997
DAKCFMEO_01774,WP_011105042.1,36.0,430,448,392,5.9e-59,223.0,0.959821,1.09694
DAKCFMEO_01777,WP_005768464.1,34.6,515,556,664,1.3e-87,318.5,0.926259,0.775602
DAKCFMEO_01779,WP_011103519.1,30.5,285,289,425,2.9e-27,117.1,0.986159,0.670588
DAKCFMEO_01780,WP_007243735.1,92.5,504,504,504,8.4e-272,930.2,1,1
DAKCFMEO_01781,WP_011105043.1,90.5,326,326,326,6.6e-169,587.8,1,1
DAKCFMEO_01781,WP_005762887.1,46.6,277,326,337,1.1e-59,224.9,0.849693,0.821958
DAKCFMEO_01781,WP_005762885.1,40.1,334,326,333,1.5e-51,198.0,1.02454,1.003
DAKCFMEO_01781,WP_011105060.1,40.1,312,326,322,8.1e-50,192.2,0.957055,0.968944
DAKCFMEO_01781,WP_011105044.1,40.1,292,326,334,1.2e-48,188.3,0.895706,0.874251
DAKCFMEO_01781,WP_011104208.1,40.3,283,326,337,1.7e-44,174.5,0.868098,0.839763
DAKCFMEO_01781,WP_011104459.1,39.9,281,326,279,7.3e-43,169.1,0.861963,1.00717
DAKCFMEO_01781,WP_010203924.1,40.6,249,326,335,9.5e-43,168.7,0.763804,0.743284
DAKCFMEO_01781,WP_011104460.1,41.0,268,326,254,5.2e-41,162.9,0.822086,1.05512
DAKCFMEO_01781,WP_005765582.1,38.3,253,326,376,8.4e-39,155.6,0.776074,0.672872
DAKCFMEO_01781,WP_007243868.1,37.6,221,326,245,7.6e-32,132.5,0.677914,0.902041
DAKCFMEO_01781,WP_005770464.1,37.4,222,326,329,1.4e-30,128.3,0.680982,0.674772
DAKCFMEO_01781,WP_011104085.1,35.2,233,326,273,3.2e-30,127.1,0.714724,0.85348
DAKCFMEO_01781,WP_011104329.1,33.9,236,326,261,4.2e-30,126.7,0.723926,0.904215
DAKCFMEO_01781,WP_007247035.1,37.4,230,326,276,1.2e-29,125.2,0.705521,0.833333
DAKCFMEO_01781,WP_007245567.1,34.2,234,326,247,3.5e-29,123.6,0.717791,0.947368
DAKCFMEO_01781,WP_005768429.1,31.1,225,326,244,6.6e-28,119.4,0.690184,0.922131
DAKCFMEO_01781,WP_007246637.1,32.9,237,326,254,9.6e-27,115.5,0.726994,0.933071
DAKCFMEO_01782,WP_011105044.1,91.4,326,334,334,4.7e-170,591.7,0.976048,0.976048
DAKCFMEO_01782,WP_011104208.1,46.5,318,334,337,3.1e-73,270.0,0.952096,0.94362
DAKCFMEO_01782,WP_005762885.1,44.0,293,334,333,1.6e-64,241.1,0.877246,0.87988
DAKCFMEO_01782,WP_011105060.1,39.9,318,334,322,1.5e-62,234.6,0.952096,0.987578
DAKCFMEO_01782,WP_011104459.1,43.3,277,334,279,2.2e-55,210.7,0.829341,0.992832
DAKCFMEO_01782,WP_011105043.1,38.2,322,334,326,3.2e-54,206.8,0.964072,0.98773
DAKCFMEO_01782,WP_005762887.1,39.4,297,334,337,4.2e-46,179.9,0.889222,0.881306
DAKCFMEO_01782,WP_011104460.1,42.2,230,334,254,6.8e-36,146.0,0.688623,0.905512
DAKCFMEO_01782,WP_011104085.1,37.6,234,334,273,9.2e-33,135.6,0.700599,0.857143
DAKCFMEO_01782,WP_010203924.1,30.8,240,334,335,5.9e-32,132.9,0.718563,0.716418
DAKCFMEO_01782,WP_011104329.1,32.0,247,334,261,4.4e-27,116.7,0.739521,0.94636
DAKCFMEO_01782,WP_005765582.1,30.9,236,334,376,1.3e-26,115.2,0.706587,0.62766
DAKCFMEO_01782,WP_011103716.1,32.6,236,334,254,9.2e-25,109.0,0.706587,0.929134
DAKCFMEO_01782,WP_007243868.1,31.3,230,334,245,2.7e-24,107.5,0.688623,0.938776
DAKCFMEO_01782,WP_005768429.1,31.4,226,334,244,4.6e-24,106.7,0.676647,0.92623
DAKCFMEO_01783,WP_011105045.1,92.7,287,287,287,1.3e-149,523.5,1,1
DAKCFMEO_01783,WP_007245922.1,41.2,272,287,301,3.6e-54,206.5,0.947735,0.903654
DAKCFMEO_01783,WP_005762883.1,34.9,289,287,302,1.3e-43,171.4,1.00697,0.956954
DAKCFMEO_01783,WP_007243753.1,39.0,259,287,303,2.1e-41,164.1,0.902439,0.854785
DAKCFMEO_01783,WP_165442256.1,35.3,286,287,295,1.3e-38,154.8,0.996516,0.969492
DAKCFMEO_01783,WP_005762406.1,34.5,255,287,306,3.2e-34,140.2,0.888502,0.833333
DAKCFMEO_01783,WP_005771077.1,31.5,273,287,292,2.1e-25,110.9,0.95122,0.934932
DAKCFMEO_01783,WP_011104693.1,30.4,247,287,339,4.5e-20,93.2,0.860627,0.728614
DAKCFMEO_01784,WP_005769341.1,95.6,315,315,315,4.3e-165,575.1,1,1
DAKCFMEO_01784,WP_005769384.1,35.0,331,315,336,3.2e-51,196.8,1.05079,0.985119
DAKCFMEO_01784,WP_005617711.1,36.1,310,315,305,7.3e-48,185.7,0.984127,1.01639
DAKCFMEO_01784,WP_005771075.1,31.7,315,315,318,9.2e-43,168.7,1,0.990566
DAKCFMEO_01784,WP_005762408.1,33.1,317,315,324,3.1e-38,153.7,1.00635,0.978395
DAKCFMEO_01784,WP_011104380.1,30.4,312,315,316,7.1e-35,142.5,0.990476,0.987342
DAKCFMEO_01784,WP_010220797.1,30.3,317,315,345,1.3e-33,138.3,1.00635,0.918841
DAKCFMEO_01785,WP_011105046.1,84.6,253,254,254,2.9e-127,449.1,0.996063,0.996063
DAKCFMEO_01786,WP_046463396.1,76.0,304,304,313,4.9e-142,498.4,1,0.971246
DAKCFMEO_01787,WP_011105048.1,81.3,493,541,541,2.4e-176,613.2,0.911275,0.911275
DAKCFMEO_01787,WP_011105575.1,72.5,541,541,541,1.5e-165,577.4,1,1
DAKCFMEO_01787,WP_005767285.1,47.5,497,541,541,8.6e-73,269.2,0.918669,0.918669
DAKCFMEO_01787,WP_011104615.1,46.8,494,541,542,1.6e-66,248.4,0.913124,0.911439
DAKCFMEO_01787,WP_005771505.1,35.4,495,541,541,3.2e-59,224.2,0.914972,0.914972
DAKCFMEO_01787,WP_011103145.1,41.1,496,541,541,1.7e-57,218.4,0.916821,0.916821
DAKCFMEO_01787,WP_005764624.1,34.9,493,541,542,2.3e-57,218.0,0.911275,0.909594
DAKCFMEO_01787,WP_011105087.1,42.8,500,541,539,5.6e-56,213.4,0.924214,0.927644
DAKCFMEO_01787,WP_011104479.1,35.9,496,541,542,8.1e-55,209.5,0.916821,0.915129
DAKCFMEO_01787,WP_011103510.1,41.0,480,541,550,3.8e-36,147.5,0.887246,0.872727
DAKCFMEO_01787,WP_046463594.1,41.5,328,541,539,4.8e-31,130.6,0.606285,0.608534
DAKCFMEO_01787,WP_011104616.1,35.7,496,541,546,1.1e-27,119.4,0.916821,0.908425
DAKCFMEO_01788,WP_005769977.1,79.2,207,207,207,1.1e-87,317.4,1,1
DAKCFMEO_01788,WP_005616037.1,30.4,207,207,215,9.4e-20,91.7,1,0.962791
DAKCFMEO_01788,WP_011105129.1,31.0,197,207,199,4.0e-18,86.3,0.951691,0.98995
DAKCFMEO_01789,WP_161797801.1,77.7,524,549,540,7.1e-232,797.7,0.954463,0.97037
DAKCFMEO_01789,WP_011103339.1,45.9,529,549,537,4.6e-130,459.5,0.96357,0.985102
DAKCFMEO_01790,WP_011103337.1,57.5,167,165,168,9.1e-50,191.0,1.01212,0.994048
DAKCFMEO_01791,WP_011103336.1,68.7,422,422,422,4.0e-174,605.5,1,1
DAKCFMEO_01791,WP_046463934.1,53.6,425,422,421,2.8e-127,449.9,1.00711,1.0095
DAKCFMEO_01792,WP_003379656.1,80.9,162,195,166,5.9e-72,265.0,0.830769,0.975904
DAKCFMEO_01792,WP_005762795.1,44.1,152,195,165,1.4e-33,137.5,0.779487,0.921212
DAKCFMEO_01795,WP_011105049.1,81.2,607,607,607,8.5e-295,1006.9,1,1
DAKCFMEO_01795,WP_011104985.1,31.8,425,607,683,2.2e-56,214.9,0.700165,0.622255
DAKCFMEO_01795,WP_011103090.1,31.9,426,607,643,1.8e-55,211.8,0.701812,0.662519
DAKCFMEO_01796,WP_046463393.1,96.9,261,261,261,4.8e-138,485.0,1,1
DAKCFMEO_01797,WP_007243742.1,76.1,71,71,66,6.3e-24,104.0,1,1.07576
DAKCFMEO_01798,WP_046463392.1,65.4,52,67,64,8.6e-15,73.6,0.776119,0.8125
DAKCFMEO_01802,WP_011105051.1,84.8,79,79,79,2.6e-34,138.7,1,1
DAKCFMEO_01804,WP_011104280.1,72.3,383,390,394,1.2e-156,547.4,0.982051,0.972081
DAKCFMEO_01806,WP_011105052.1,96.3,517,517,517,2.1e-294,1005.4,1,1
DAKCFMEO_01807,WP_005769363.1,92.2,461,460,461,1.3e-242,833.2,1.00217,1
DAKCFMEO_01807,WP_005769658.1,43.9,433,460,436,4.9e-109,389.4,0.941304,0.993119
DAKCFMEO_01808,WP_005620479.1,97.4,303,303,303,2.1e-169,589.3,1,1
DAKCFMEO_01812,WP_011103101.1,88.2,595,595,595,1.1e-294,1006.5,1,1
DAKCFMEO_01813,WP_003380235.1,99.1,448,448,448,1.3e-252,866.3,1,1
DAKCFMEO_01813,WP_011103371.1,37.3,474,448,478,2.8e-77,283.9,1.05804,0.991632
DAKCFMEO_01813,WP_011103783.1,42.5,367,448,471,2.9e-74,273.9,0.819196,0.779193
DAKCFMEO_01813,WP_011103301.1,39.1,402,448,446,1.9e-73,271.2,0.897321,0.901345
DAKCFMEO_01813,WP_002555721.1,39.7,378,448,478,7.1e-73,269.2,0.84375,0.790795
DAKCFMEO_01813,WP_007246617.1,35.7,443,448,442,8.7e-71,262.3,0.988839,1.00226
DAKCFMEO_01813,WP_007246574.1,35.8,453,448,461,2.4e-68,254.2,1.01116,0.982646
DAKCFMEO_01813,WP_011104948.1,37.0,430,448,444,5.5e-65,243.0,0.959821,0.968468
DAKCFMEO_01813,WP_003382141.1,39.2,388,448,491,1.1e-60,228.8,0.866071,0.790224
DAKCFMEO_01813,WP_007244904.1,40.0,325,448,502,3.9e-55,210.3,0.725446,0.64741
DAKCFMEO_01813,WP_005769514.1,39.5,304,448,439,1.8e-52,201.4,0.678571,0.692483
DAKCFMEO_01813,WP_011105485.1,38.5,304,448,505,5.3e-52,199.9,0.678571,0.60198
DAKCFMEO_01813,WP_011104402.1,37.1,326,448,434,8.5e-50,192.6,0.727679,0.751152
DAKCFMEO_01813,WP_005763906.1,38.1,307,448,302,5.1e-47,183.3,0.685268,1.01656
DAKCFMEO_01813,WP_011103533.1,38.2,288,448,314,1.7e-45,178.3,0.642857,0.917197
DAKCFMEO_01814,WP_005763472.1,87.5,281,281,279,1.2e-129,457.2,1,1.00717
DAKCFMEO_01815,WP_011103100.1,55.8,95,94,95,3.3e-20,92.0,1.01064,1
DAKCFMEO_01817,WP_011103099.1,89.0,155,154,155,1.4e-76,280.0,1.00649,1
DAKCFMEO_01818,WP_011103042.1,94.4,443,443,443,6.5e-228,784.3,1,1
DAKCFMEO_01818,WP_005766635.1,42.1,418,443,450,8.9e-84,305.4,0.943567,0.928889
DAKCFMEO_01818,WP_011104856.1,40.5,378,443,435,6.0e-72,266.2,0.853273,0.868966
DAKCFMEO_01819,WP_007247215.1,95.6,413,413,413,2.1e-212,732.6,1,1
DAKCFMEO_01820,WP_011102998.1,88.7,362,393,395,1.9e-186,646.4,0.92112,0.916456
DAKCFMEO_01821,WP_011102997.1,84.7,459,459,459,8.5e-231,793.9,1,1
DAKCFMEO_01822,WP_011102996.1,93.6,547,547,550,9.4e-269,920.2,1,0.994545
DAKCFMEO_01823,WP_011104146.1,44.3,237,249,253,1.3e-52,201.1,0.951807,0.936759
DAKCFMEO_01824,WP_005769588.1,97.7,435,435,435,6.2e-231,794.3,1,1
DAKCFMEO_01825,WP_011102978.1,81.1,132,133,132,4.3e-66,245.0,0.992481,1
DAKCFMEO_01827,WP_005769583.1,93.8,465,465,465,6.4e-250,857.4,1,1
DAKCFMEO_01828,WP_011102979.1,95.4,691,691,691,0.0e+00,1301.6,1,1
DAKCFMEO_01829,WP_005769579.1,98.0,307,307,307,5.1e-171,594.7,1,1
DAKCFMEO_01830,WP_005613236.1,93.2,250,250,248,1.0e-60,228.0,1,1.00806
DAKCFMEO_01831,WP_005613239.1,97.1,139,139,141,1.6e-71,263.1,1,0.985816
DAKCFMEO_01831,WP_161420636.1,40.3,134,139,151,1.3e-17,84.0,0.964029,0.887417
DAKCFMEO_01831,WP_005739842.1,35.0,117,139,133,2.7e-15,76.3,0.841727,0.879699
DAKCFMEO_01831,WP_005771285.1,33.3,117,139,133,4.7e-15,75.5,0.841727,0.879699
DAKCFMEO_01831,WP_005770871.1,39.2,130,139,148,6.1e-15,75.1,0.935252,0.878378
DAKCFMEO_01831,WP_005768982.1,33.6,125,139,134,5.2e-14,72.0,0.899281,0.932836
DAKCFMEO_01832,WP_007246518.1,84.1,320,318,318,5.9e-122,431.8,1.00629,1.00629
DAKCFMEO_01832,WP_007245914.1,38.0,200,318,236,4.6e-26,113.2,0.628931,0.847458
DAKCFMEO_01832,WP_002554655.1,38.5,192,318,231,1.4e-25,111.7,0.603774,0.831169
DAKCFMEO_01832,WP_044392584.1,32.0,228,318,228,7.2e-19,89.4,0.716981,1
DAKCFMEO_01832,WP_005768984.1,31.9,226,318,230,4.7e-18,86.7,0.710692,0.982609
DAKCFMEO_01832,WP_010203861.1,32.5,194,318,242,6.7e-17,82.8,0.610063,0.801653
DAKCFMEO_01833,WP_011102980.1,84.4,282,286,282,1.2e-142,500.4,0.986014,1
DAKCFMEO_01834,WP_003377974.1,90.6,245,245,245,7.5e-133,467.6,1,1
DAKCFMEO_01835,WP_011102981.1,94.4,126,126,126,7.1e-63,234.2,1,1
DAKCFMEO_01835,WP_002552194.1,33.3,123,126,127,9.8e-12,64.3,0.97619,0.968504
DAKCFMEO_01835,WP_005762476.1,34.3,108,126,128,8.3e-11,61.2,0.857143,0.84375
DAKCFMEO_01836,WP_005769571.1,98.7,701,701,701,0.0e+00,1367.8,1,1
DAKCFMEO_01836,WP_007247360.1,31.9,737,701,747,4.0e-115,410.2,1.05136,0.986613
DAKCFMEO_01837,WP_002551500.1,96.6,87,87,87,9.7e-43,166.8,1,1
DAKCFMEO_01838,WP_003377979.1,88.8,214,206,214,8.3e-101,360.9,1.03883,1
DAKCFMEO_01839,WP_007246513.1,94.1,287,287,287,6.9e-146,511.1,1,1
DAKCFMEO_01840,WP_005769567.1,99.2,240,240,240,1.8e-131,463.0,1,1
DAKCFMEO_01841,WP_005769565.1,63.1,122,122,122,1.8e-42,166.4,1,1
DAKCFMEO_01842,WP_005613323.1,99.6,259,259,259,3.1e-153,535.4,1,1
DAKCFMEO_01843,WP_007246510.1,95.8,213,213,213,2.8e-112,399.1,1,1
DAKCFMEO_01844,WP_005769563.1,71.0,207,214,210,1.1e-71,264.2,0.96729,0.985714
DAKCFMEO_01845,WP_002551508.1,94.4,301,301,301,3.3e-159,555.4,1,1
DAKCFMEO_01845,WP_005763455.1,30.6,291,301,432,7.5e-26,112.5,0.966777,0.673611
DAKCFMEO_01846,WP_046463701.1,84.4,861,861,861,0.0e+00,1441.8,1,1
DAKCFMEO_01847,WP_011102984.1,95.4,151,151,151,1.4e-81,296.6,1,1
DAKCFMEO_01848,WP_046463702.1,98.0,402,402,402,2.0e-223,769.2,1,1
DAKCFMEO_01849,WP_005769555.1,90.2,224,224,224,1.9e-111,396.4,1,1
DAKCFMEO_01850,WP_011102986.1,93.6,528,528,528,8.4e-291,993.4,1,1
DAKCFMEO_01850,WP_005769383.1,50.3,531,528,531,1.3e-153,537.7,1.00568,1
DAKCFMEO_01850,WP_011105058.1,45.9,540,528,540,2.2e-134,473.8,1.02273,1
DAKCFMEO_01850,WP_011105057.1,46.7,525,528,535,1.9e-133,470.7,0.994318,0.981308
DAKCFMEO_01850,WP_011105059.1,42.4,526,528,530,3.6e-124,439.9,0.996212,0.992453
DAKCFMEO_01851,WP_002551514.1,100.0,77,77,77,5.2e-40,157.5,1,1
DAKCFMEO_01852,WP_002551515.1,98.0,51,51,51,3.5e-24,104.4,1,1
DAKCFMEO_01854,WP_005769553.1,93.2,117,123,121,9.1e-63,233.8,0.95122,0.966942
DAKCFMEO_01855,WP_011102988.1,88.1,497,497,497,9.2e-255,873.6,1,1
DAKCFMEO_01855,WP_011104361.1,45.4,493,497,505,9.8e-124,438.3,0.991952,0.976238
DAKCFMEO_01855,WP_011104137.1,39.2,477,497,493,4.2e-90,326.6,0.959759,0.967546
DAKCFMEO_01855,WP_005763655.1,38.0,482,497,490,5.5e-90,326.2,0.969819,0.983673
DAKCFMEO_01855,WP_011103256.1,37.2,484,497,506,1.4e-82,301.6,0.973843,0.956522
DAKCFMEO_01855,WP_011103748.1,35.1,496,497,505,6.0e-81,296.2,0.997988,0.982178
DAKCFMEO_01855,WP_011104646.1,36.4,475,497,491,8.7e-72,265.8,0.955734,0.967413
DAKCFMEO_01855,WP_011103085.1,33.7,472,497,480,4.5e-68,253.4,0.949698,0.983333
DAKCFMEO_01855,WP_011104140.1,31.1,470,497,476,1.8e-61,231.5,0.945674,0.987395
DAKCFMEO_01855,WP_011103053.1,32.1,473,497,485,6.9e-61,229.6,0.95171,0.975258
DAKCFMEO_01855,WP_011104290.1,31.0,487,497,482,7.4e-55,209.5,0.979879,1.01037
DAKCFMEO_01855,WP_011104588.1,30.9,485,497,500,1.2e-49,192.2,0.975855,0.97
DAKCFMEO_01855,WP_011103279.1,31.0,394,497,508,2.8e-46,181.0,0.792757,0.775591
DAKCFMEO_01855,WP_005764523.1,30.5,489,497,493,7.0e-45,176.4,0.983903,0.991886
DAKCFMEO_01855,WP_011103274.1,31.5,483,497,497,1.2e-44,175.6,0.971831,0.971831
DAKCFMEO_01855,WP_161797808.1,30.5,466,497,489,1.8e-40,161.8,0.937626,0.952965
DAKCFMEO_01856,WP_005769547.1,84.2,379,381,382,8.5e-176,610.9,0.994751,0.992147
DAKCFMEO_01857,WP_010208311.1,92.6,526,530,526,2.1e-289,988.8,0.992453,1
DAKCFMEO_01858,WP_005769539.1,91.1,473,473,473,5.8e-259,887.5,1,1
DAKCFMEO_01858,WP_003382014.1,40.3,472,473,479,5.3e-103,369.4,0.997886,0.985386
DAKCFMEO_01859,WP_005769538.1,70.7,82,83,83,3.1e-30,125.2,0.987952,0.987952
DAKCFMEO_01860,WP_005769536.1,89.9,437,437,437,9.3e-235,807.0,1,1
DAKCFMEO_01860,WP_007246020.1,48.9,419,437,427,4.3e-115,409.5,0.95881,0.981265
DAKCFMEO_01860,WP_011103048.1,34.1,369,437,424,1.3e-50,195.3,0.844394,0.870283
DAKCFMEO_01861,WP_005769534.1,89.7,117,135,117,2.2e-62,232.6,0.866667,1
DAKCFMEO_01862,WP_004655323.1,99.4,162,162,162,1.4e-87,316.6,1,1
DAKCFMEO_01862,WP_003380560.1,42.4,151,162,155,6.0e-30,125.2,0.932099,0.974194
DAKCFMEO_01862,WP_002555947.1,41.1,141,162,162,6.9e-26,111.7,0.87037,0.87037
DAKCFMEO_01862,WP_003376607.1,40.8,152,162,159,1.2e-25,110.9,0.938272,0.955975
DAKCFMEO_01862,WP_046463288.1,39.3,150,162,168,1.2e-25,110.9,0.925926,0.892857
DAKCFMEO_01862,WP_005613713.1,37.3,150,162,156,4.5e-25,109.0,0.925926,0.961538
DAKCFMEO_01862,WP_011103096.1,32.5,151,162,159,1.4e-23,104.0,0.932099,0.949686
DAKCFMEO_01862,WP_007243724.1,32.1,140,162,143,2.5e-20,93.2,0.864198,0.979021
DAKCFMEO_01863,WP_005769533.1,92.8,433,433,433,3.7e-236,811.6,1,1
DAKCFMEO_01864,WP_005769531.1,92.3,117,117,117,1.9e-57,216.1,1,1
DAKCFMEO_01865,WP_005769528.1,84.6,356,357,357,2.6e-174,605.9,0.997199,0.997199
DAKCFMEO_01866,WP_010208319.1,94.0,182,182,182,9.6e-93,334.0,1,1
DAKCFMEO_01866,WP_005764330.1,50.3,183,182,182,2.4e-43,169.9,1.00549,1.00549
DAKCFMEO_01867,WP_005769524.1,50.0,140,140,107,7.3e-32,131.3,1,1.30841
DAKCFMEO_01868,WP_011102991.1,91.5,638,640,643,0.0e+00,1188.7,0.996875,0.992224
DAKCFMEO_01870,WP_011102992.1,83.3,270,272,272,3.6e-120,425.6,0.992647,0.992647
DAKCFMEO_01871,WP_011102993.1,83.7,416,417,417,1.1e-213,736.9,0.997602,0.997602
DAKCFMEO_01872,WP_005769516.1,83.3,293,294,294,9.2e-146,510.8,0.996599,0.996599
DAKCFMEO_01873,WP_005769514.1,89.7,437,439,439,1.9e-224,772.7,0.995444,0.995444
DAKCFMEO_01873,WP_011104077.1,41.1,309,439,509,4.7e-61,229.9,0.703872,0.607073
DAKCFMEO_01873,WP_011105485.1,42.0,305,439,505,1.0e-60,228.8,0.694761,0.60396
DAKCFMEO_01873,WP_011103371.1,39.1,350,439,478,2.8e-58,220.7,0.797267,0.732218
DAKCFMEO_01873,WP_011103301.1,40.6,310,439,446,7.8e-56,212.6,0.70615,0.695067
DAKCFMEO_01873,WP_003380235.1,40.6,330,439,448,1.5e-54,208.4,0.751708,0.736607
DAKCFMEO_01873,WP_007244904.1,39.9,313,439,502,1.5e-54,208.4,0.712984,0.623506
DAKCFMEO_01873,WP_005767731.1,33.6,429,439,521,3.1e-52,200.7,0.977221,0.823417
DAKCFMEO_01873,WP_011103783.1,36.2,326,439,471,9.8e-51,195.7,0.742597,0.692144
DAKCFMEO_01873,WP_002555721.1,34.4,358,439,478,1.7e-50,194.9,0.81549,0.748954
DAKCFMEO_01873,WP_007246617.1,36.1,305,439,442,1.1e-49,192.2,0.694761,0.690045
DAKCFMEO_01873,WP_007246574.1,35.5,313,439,461,1.6e-45,178.3,0.712984,0.678959
DAKCFMEO_01873,WP_011104402.1,37.7,300,439,434,3.6e-45,177.2,0.683371,0.691244
DAKCFMEO_01873,WP_011103533.1,38.5,278,439,314,4.7e-45,176.8,0.633257,0.88535
DAKCFMEO_01873,WP_011104948.1,33.0,339,439,444,3.1e-44,174.1,0.77221,0.763514
DAKCFMEO_01873,WP_005763906.1,35.2,281,439,302,3.9e-39,157.1,0.640091,0.930464
DAKCFMEO_01874,WP_003378039.1,97.4,189,189,189,9.6e-96,344.0,1,1
DAKCFMEO_01875,WP_011102994.1,97.5,669,689,669,0.0e+00,1320.8,0.970972,1
DAKCFMEO_01875,WP_011105542.1,37.6,643,689,727,4.0e-107,383.6,0.933237,0.884457
DAKCFMEO_01876,WP_007247222.1,79.9,553,557,554,8.1e-260,890.6,0.992819,0.998195
DAKCFMEO_01876,WP_005764073.1,37.7,440,557,705,6.5e-84,306.2,0.789946,0.624113
DAKCFMEO_01876,WP_011104985.1,37.5,440,557,683,3.4e-80,293.9,0.789946,0.644217
DAKCFMEO_01876,WP_046463431.1,36.7,461,557,763,3.4e-80,293.9,0.827648,0.604194
DAKCFMEO_01876,WP_011104176.1,38.7,442,557,703,9.2e-78,285.8,0.793537,0.628734
DAKCFMEO_01876,WP_044391024.1,35.7,442,557,730,2.9e-76,280.8,0.793537,0.605479
DAKCFMEO_01876,WP_011103884.1,36.6,443,557,730,9.8e-72,265.8,0.795332,0.606849
DAKCFMEO_01876,WP_011103090.1,36.3,432,557,643,2.9e-71,264.2,0.775583,0.671851
DAKCFMEO_01876,WP_011104266.1,35.3,439,557,656,4.4e-64,240.4,0.788151,0.669207
DAKCFMEO_01876,WP_011107020.1,34.0,430,557,649,1.5e-59,225.3,0.771993,0.662558
DAKCFMEO_01876,WP_011105049.1,30.4,425,557,607,5.6e-51,196.8,0.763016,0.700165
DAKCFMEO_01877,WP_011102995.1,88.9,460,460,460,7.0e-233,800.8,1,1
DAKCFMEO_01878,WP_005769505.1,92.8,305,306,306,2.7e-164,572.4,0.996732,0.996732
DAKCFMEO_01878,WP_005767830.1,55.2,290,306,308,4.1e-88,319.3,0.947712,0.941558
DAKCFMEO_01878,WP_005768142.1,31.2,308,306,318,4.2e-32,133.3,1.00654,0.968553
DAKCFMEO_01878,WP_005620804.1,33.0,303,306,301,2.3e-30,127.5,0.990196,1.00664
DAKCFMEO_01878,WP_011105513.1,31.4,306,306,306,8.1e-28,119.0,1,1
DAKCFMEO_01878,WP_005768148.1,32.1,290,306,316,5.3e-27,116.3,0.947712,0.917722
DAKCFMEO_01878,WP_011104206.1,33.0,279,306,301,9.9e-26,112.1,0.911765,0.92691
DAKCFMEO_01879,WP_005769504.1,94.1,658,658,658,0.0e+00,1139.0,1,1
DAKCFMEO_01879,WP_011103917.1,31.7,432,658,491,1.5e-34,142.5,0.656535,0.879837
DAKCFMEO_01880,WP_005740380.1,44.0,91,95,91,2.4e-18,85.9,0.957895,1
DAKCFMEO_01883,WP_044392676.1,65.9,179,231,184,8.8e-67,248.1,0.774892,0.972826
DAKCFMEO_01884,WP_044392641.1,64.6,642,642,642,1.1e-257,883.6,1,1
DAKCFMEO_01885,WP_011102975.1,70.3,296,296,296,1.6e-126,446.8,1,1
DAKCFMEO_01886,WP_159250468.1,39.9,278,375,309,5.4e-50,193.0,0.741333,0.899676
DAKCFMEO_01888,WP_161797817.1,41.0,561,584,550,4.4e-123,436.4,0.960616,1.02
DAKCFMEO_01891,WP_052746254.1,84.6,169,169,185,2.0e-84,306.2,1,0.913514
DAKCFMEO_01901,WP_080946637.1,95.1,287,292,287,6.6e-152,531.2,0.982877,1
DAKCFMEO_01902,WP_011103651.1,47.2,161,172,191,3.4e-39,156.0,0.936047,0.842932
DAKCFMEO_01902,WP_024668283.1,47.5,158,172,181,3.2e-37,149.4,0.918605,0.872928
DAKCFMEO_01903,WP_005768139.1,30.7,270,293,333,1.5e-26,114.8,0.921502,0.810811
DAKCFMEO_01906,WP_005768530.1,65.9,205,207,207,7.6e-78,284.6,0.990338,0.990338
DAKCFMEO_01907,WP_005739893.1,91.1,101,101,101,1.2e-47,183.3,1,1
DAKCFMEO_01908,WP_005768515.1,98.6,70,88,93,4.1e-33,134.8,0.795455,0.752688
DAKCFMEO_01909,WP_002555808.1,100.0,112,112,112,1.6e-58,219.5,1,1
DAKCFMEO_01910,WP_005739890.1,98.9,445,445,445,2.6e-245,842.0,1,1
DAKCFMEO_01910,WP_011104096.1,63.6,437,445,441,6.9e-153,535.0,0.982022,0.99093
DAKCFMEO_01911,WP_005768513.1,91.4,140,150,141,2.3e-76,279.3,0.933333,0.992908
DAKCFMEO_01912,WP_005768511.1,74.3,109,109,109,9.6e-32,130.6,1,1
DAKCFMEO_01913,WP_005768510.1,90.4,230,230,230,1.7e-123,436.4,1,1
DAKCFMEO_01914,WP_007246535.1,91.6,299,299,299,5.7e-159,554.7,1,1
DAKCFMEO_01914,WP_005765876.1,36.5,293,299,298,8.8e-43,168.7,0.979933,0.983221
DAKCFMEO_01915,WP_011103037.1,95.1,244,244,244,7.2e-128,451.1,1,1
DAKCFMEO_01916,WP_011103038.1,94.2,276,276,276,7.1e-156,544.3,1,1
DAKCFMEO_01917,WP_011103039.1,94.9,415,415,415,1.1e-229,790.0,1,1
DAKCFMEO_01917,WP_011103031.1,35.1,416,415,412,1.0e-49,192.2,1.00241,1.00971
DAKCFMEO_01918,WP_011103040.1,87.8,49,49,48,6.1e-18,83.6,1,1.02083
DAKCFMEO_01919,WP_005768497.1,91.8,110,110,110,8.2e-55,207.2,1,1
DAKCFMEO_01920,WP_007246537.1,90.4,135,135,135,3.0e-67,248.8,1,1
DAKCFMEO_01921,WP_011103041.1,89.1,948,948,948,0.0e+00,1729.5,1,1
DAKCFMEO_01922,WP_005768492.1,91.5,82,82,82,1.5e-37,149.4,1,1
DAKCFMEO_01923,WP_005768491.1,90.1,91,91,91,4.3e-41,161.4,1,1
DAKCFMEO_01925,WP_011103000.1,95.9,464,464,464,2.2e-263,902.1,1,1
DAKCFMEO_01926,WP_007247213.1,91.1,360,360,360,1.3e-181,630.2,1,1
DAKCFMEO_01927,WP_007247212.1,90.7,248,248,248,1.2e-127,450.3,1,1
DAKCFMEO_01927,WP_011104866.1,32.0,150,248,222,1.5e-11,64.7,0.604839,0.675676
DAKCFMEO_01928,WP_011103001.1,90.7,313,313,313,3.5e-159,555.4,1,1
DAKCFMEO_01929,WP_011103002.1,86.4,258,258,258,1.0e-124,440.7,1,1
DAKCFMEO_01930,WP_046463328.1,85.5,372,373,373,9.8e-177,614.0,0.997319,0.997319
DAKCFMEO_01931,WP_011103004.1,91.5,412,414,414,1.0e-206,713.8,0.995169,0.995169
DAKCFMEO_01932,WP_005769478.1,58.9,175,171,175,2.4e-53,203.0,1.02339,1
DAKCFMEO_01933,WP_005738602.1,86.5,156,166,157,2.7e-78,285.8,0.939759,0.993631
DAKCFMEO_01934,WP_005769477.1,92.4,224,224,224,2.0e-116,412.9,1,1
DAKCFMEO_01934,WP_005736691.1,39.8,211,224,205,2.1e-33,137.1,0.941964,1.02927
DAKCFMEO_01934,WP_005770450.1,33.8,210,224,257,5.8e-23,102.4,0.9375,0.817121
DAKCFMEO_01936,WP_005769473.1,64.2,159,156,162,2.0e-54,206.5,1.01923,0.981481
DAKCFMEO_01937,WP_046463329.1,98.1,636,651,636,0.0e+00,1094.7,0.976959,1
DAKCFMEO_01937,WP_024666072.1,34.9,525,651,529,2.9e-83,304.3,0.806452,0.992439
DAKCFMEO_01937,WP_011105075.1,32.2,538,651,563,2.1e-65,245.0,0.826421,0.955595
DAKCFMEO_01937,WP_007245346.1,32.0,531,651,636,1.3e-59,225.7,0.815668,0.834906
DAKCFMEO_01938,WP_005769469.1,91.9,197,197,197,2.8e-98,352.4,1,1
DAKCFMEO_01939,WP_007247202.1,89.0,210,210,210,2.7e-99,355.9,1,1
DAKCFMEO_01939,WP_011103475.1,35.1,211,210,209,1.6e-22,100.9,1.00476,1.00957
DAKCFMEO_01939,WP_005768796.1,30.9,149,210,210,1.5e-12,67.8,0.709524,0.709524
DAKCFMEO_01944,WP_011103008.1,88.1,631,632,632,1.8e-311,1062.4,0.998418,0.998418
DAKCFMEO_01945,WP_005768435.1,87.8,222,222,222,1.7e-107,383.3,1,1
DAKCFMEO_01946,WP_005768434.1,92.7,220,219,220,1.2e-113,403.7,1.00457,1
DAKCFMEO_01947,WP_011105390.1,97.0,336,336,336,4.2e-187,648.3,1,1
DAKCFMEO_01948,WP_005768431.1,98.2,736,736,736,0.0e+00,1395.2,1,1
DAKCFMEO_01949,WP_005621407.1,97.8,500,500,500,2.4e-287,981.9,1,1
DAKCFMEO_01950,WP_005768429.1,97.5,244,244,244,1.1e-131,463.8,1,1
DAKCFMEO_01950,WP_005762478.1,53.0,249,244,263,9.9e-69,254.6,1.02049,0.946768
DAKCFMEO_01950,WP_007246637.1,52.4,246,244,254,3.0e-65,243.0,1.0082,0.968504
DAKCFMEO_01950,WP_011104329.1,51.6,248,244,261,1.9e-64,240.4,1.01639,0.950192
DAKCFMEO_01950,WP_007243868.1,51.5,237,244,245,2.5e-64,240.0,0.971311,0.967347
DAKCFMEO_01950,WP_011104376.1,52.5,236,244,253,2.5e-64,240.0,0.967213,0.932806
DAKCFMEO_01950,WP_007245567.1,53.3,242,244,247,9.6e-64,238.0,0.991803,0.979757
DAKCFMEO_01950,WP_011103489.1,49.4,239,244,254,2.8e-63,236.5,0.979508,0.940945
DAKCFMEO_01950,WP_005737152.1,50.0,250,244,257,1.8e-62,233.8,1.02459,0.972763
DAKCFMEO_01950,WP_011104117.1,51.3,238,244,278,1.8e-62,233.8,0.97541,0.856115
DAKCFMEO_01950,WP_011103716.1,49.0,249,244,254,5.8e-61,228.8,1.02049,0.980315
DAKCFMEO_01950,WP_011104895.1,49.0,243,244,244,7.9e-58,218.4,0.995902,0.995902
DAKCFMEO_01950,WP_010203924.1,43.5,223,244,335,2.6e-45,176.8,0.913934,0.665672
DAKCFMEO_01950,WP_005762690.1,38.9,239,244,384,3.0e-41,163.3,0.979508,0.622396
DAKCFMEO_01950,WP_011104057.1,37.1,240,244,342,7.4e-40,158.7,0.983607,0.701754
DAKCFMEO_01950,WP_003380252.1,37.1,240,244,326,3.7e-39,156.4,0.983607,0.736196
DAKCFMEO_01950,WP_005768959.1,37.5,240,244,368,1.4e-38,154.5,0.983607,0.652174
DAKCFMEO_01950,WP_005737104.1,35.0,240,244,380,1.2e-37,151.4,0.983607,0.631579
DAKCFMEO_01950,WP_011103331.1,36.4,247,244,381,4.5e-37,149.4,1.0123,0.648294
DAKCFMEO_01950,WP_044390643.1,37.4,238,244,356,1.7e-36,147.5,0.97541,0.668539
DAKCFMEO_01950,WP_011103641.1,38.9,226,244,222,5.0e-36,146.0,0.92623,1.01802
DAKCFMEO_01950,WP_005770464.1,35.8,240,244,329,1.1e-35,144.8,0.983607,0.729483
DAKCFMEO_01950,WP_011103158.1,37.1,240,244,347,1.1e-35,144.8,0.983607,0.691643
DAKCFMEO_01950,WP_005768050.1,34.5,229,244,374,1.9e-35,144.1,0.938525,0.612299
DAKCFMEO_01951,WP_046464032.1,96.3,215,215,216,2.2e-112,399.4,1,0.99537
DAKCFMEO_01951,WP_003381368.1,38.6,202,215,222,6.1e-30,125.6,0.939535,0.90991
DAKCFMEO_01951,WP_011104377.1,33.8,207,215,219,2.2e-27,117.1,0.962791,0.945205
DAKCFMEO_01951,WP_011104188.1,33.3,207,215,220,1.4e-26,114.4,0.962791,0.940909
DAKCFMEO_01951,WP_003380046.1,34.3,198,215,221,6.8e-21,95.5,0.92093,0.895928
DAKCFMEO_01951,WP_011104269.1,31.7,199,215,246,2.6e-20,93.6,0.925581,0.808943
DAKCFMEO_01951,WP_005762766.1,33.2,208,215,262,4.4e-20,92.8,0.967442,0.793893
DAKCFMEO_01951,WP_003383265.1,30.5,223,215,229,5.7e-20,92.4,1.03721,0.973799
DAKCFMEO_01951,WP_005768815.1,30.5,197,215,277,1.1e-18,88.2,0.916279,0.711191
DAKCFMEO_01951,WP_005766150.1,36.6,161,215,221,3.1e-18,86.7,0.748837,0.728507
DAKCFMEO_01951,WP_004396522.1,31.1,212,215,248,4.1e-18,86.3,0.986047,0.854839
DAKCFMEO_01951,WP_011103715.1,31.2,202,215,232,2.0e-17,84.0,0.939535,0.87069
DAKCFMEO_01952,WP_003380046.1,95.0,221,221,221,3.6e-110,392.1,1,1
DAKCFMEO_01952,WP_011104187.1,32.4,219,221,220,2.0e-28,120.6,0.99095,0.995455
DAKCFMEO_01952,WP_005766150.1,33.2,211,221,221,1.7e-27,117.5,0.954751,0.954751
DAKCFMEO_01952,WP_003381368.1,35.9,198,221,222,6.5e-27,115.5,0.895928,0.891892
DAKCFMEO_01952,WP_046464032.1,38.1,202,221,216,2.8e-22,100.1,0.914027,0.935185
DAKCFMEO_01952,WP_003383265.1,32.4,207,221,229,8.2e-22,98.6,0.936652,0.90393
DAKCFMEO_01952,WP_005768815.1,32.2,199,221,277,1.0e-19,91.7,0.900452,0.718412
DAKCFMEO_01952,WP_011105443.1,31.7,224,221,231,2.7e-17,83.6,1.01357,0.969697
DAKCFMEO_01952,WP_004396522.1,30.0,217,221,248,1.7e-14,74.3,0.9819,0.875
DAKCFMEO_01952,WP_011104269.1,30.0,200,221,246,5.3e-13,69.3,0.904977,0.813008
DAKCFMEO_01953,WP_005768426.1,96.2,261,261,261,2.3e-140,492.7,1,1
DAKCFMEO_01953,WP_005766145.1,32.9,234,261,290,4.7e-24,106.3,0.896552,0.806897
DAKCFMEO_01953,WP_003379555.1,30.6,265,261,277,6.3e-21,95.9,1.01533,0.956679
DAKCFMEO_01954,WP_007247319.1,96.6,233,234,234,1.5e-122,433.3,0.995726,0.995726
DAKCFMEO_01954,WP_007243745.1,30.7,231,234,249,4.3e-13,69.7,0.987179,0.927711
DAKCFMEO_01955,WP_003380053.1,93.6,109,109,109,5.6e-56,211.1,1,1
DAKCFMEO_01956,WP_002551560.1,99.3,419,419,419,9.5e-237,813.5,1,1
DAKCFMEO_01957,WP_005768425.1,98.4,487,488,488,2.1e-291,995.3,0.997951,0.997951
DAKCFMEO_01958,WP_005768422.1,92.5,322,322,322,2.1e-183,636.0,1,1
DAKCFMEO_01959,WP_005737044.1,93.2,222,222,222,3.3e-127,448.7,1,1
DAKCFMEO_01960,WP_005768419.1,98.7,448,449,449,3.4e-264,904.8,0.997773,0.997773
DAKCFMEO_01964,WP_011105385.1,63.3,90,92,90,1.1e-28,120.2,0.978261,1
DAKCFMEO_01965,WP_011105384.1,54.8,520,667,655,1.1e-154,541.6,0.77961,0.793893
DAKCFMEO_01966,WP_011105383.1,91.4,325,332,325,3.2e-171,595.5,0.978916,1
DAKCFMEO_01966,WP_005767792.1,31.6,345,332,333,1.7e-42,167.9,1.03916,1.03604
DAKCFMEO_01966,WP_011103021.1,37.2,298,332,325,2.1e-37,151.0,0.89759,0.916923
DAKCFMEO_01966,WP_005739770.1,31.0,303,332,320,5.3e-33,136.3,0.912651,0.946875
DAKCFMEO_01967,WP_002551568.1,97.8,135,134,135,1.7e-67,249.6,1.00746,1
DAKCFMEO_01967,WP_007244365.1,35.9,131,134,167,3.2e-13,69.3,0.977612,0.784431
DAKCFMEO_01968,WP_005765622.1,87.2,149,149,149,2.1e-74,272.7,1,1
DAKCFMEO_01969,WP_011105382.1,94.0,50,50,50,3.2e-22,97.8,1,1
DAKCFMEO_01970,WP_011105381.1,81.8,203,203,203,4.3e-94,338.6,1,1
DAKCFMEO_01971,WP_003380079.1,97.2,109,109,109,1.6e-55,209.5,1,1
DAKCFMEO_01972,WP_002551573.1,92.8,69,69,69,1.2e-27,116.3,1,1
DAKCFMEO_01973,WP_005621372.1,88.0,184,184,184,2.2e-92,332.8,1,1
DAKCFMEO_01974,WP_011105380.1,92.8,444,444,444,1.8e-246,845.9,1,1
DAKCFMEO_01975,WP_011105379.1,95.2,395,395,395,1.4e-218,753.1,1,1
DAKCFMEO_01975,WP_011105378.1,34.3,402,395,409,5.3e-56,213.0,1.01772,0.982885
DAKCFMEO_01976,WP_011105378.1,89.7,406,425,409,2.8e-212,732.3,0.955294,0.992665
DAKCFMEO_01976,WP_011105379.1,34.1,399,425,395,3.9e-52,200.3,0.938824,1.01013
DAKCFMEO_01977,WP_007247176.1,97.0,333,333,333,5.0e-188,651.4,1,1
DAKCFMEO_01979,WP_011103094.1,93.7,537,538,538,2.3e-280,958.7,0.998141,0.998141
DAKCFMEO_01980,WP_005763440.1,88.9,360,360,360,3.5e-187,648.7,1,1
DAKCFMEO_01980,WP_046463296.1,36.7,362,360,374,1.4e-50,194.9,1.00556,0.967914
DAKCFMEO_01981,WP_011103095.1,88.3,128,128,128,1.2e-60,226.9,1,1
DAKCFMEO_01981,WP_011103496.1,50.8,122,128,127,7.8e-25,107.8,0.953125,0.96063
DAKCFMEO_01982,WP_003380209.1,92.5,106,106,106,1.0e-49,190.3,1,1
DAKCFMEO_01982,WP_011105515.1,41.8,91,106,101,1.7e-12,66.6,0.858491,0.90099
DAKCFMEO_01983,WP_005763446.1,94.6,594,594,594,0.0e+00,1112.4,1,1
DAKCFMEO_01983,WP_010211386.1,38.0,540,594,578,7.4e-94,339.3,0.909091,0.934256
DAKCFMEO_01983,WP_011103350.1,43.0,391,594,564,4.8e-85,310.1,0.658249,0.693262
DAKCFMEO_01984,WP_005763448.1,60.0,115,115,115,4.4e-35,141.7,1,1
DAKCFMEO_01985,WP_011103096.1,94.8,154,155,159,1.1e-78,287.0,0.993548,0.968553
DAKCFMEO_01985,WP_003380560.1,54.5,154,155,155,2.4e-44,172.9,0.993548,0.993548
DAKCFMEO_01985,WP_005613713.1,41.1,151,155,156,3.6e-32,132.5,0.974194,0.967949
DAKCFMEO_01985,WP_003376607.1,41.4,152,155,159,8.0e-32,131.3,0.980645,0.955975
DAKCFMEO_01985,WP_004655323.1,31.8,151,155,162,2.0e-22,100.1,0.974194,0.932099
DAKCFMEO_01985,WP_002555947.1,35.3,153,155,162,7.5e-22,98.2,0.987097,0.944444
DAKCFMEO_01985,WP_046463288.1,34.7,150,155,168,2.9e-21,96.3,0.967742,0.892857
DAKCFMEO_01986,WP_005763452.1,93.6,455,455,455,2.7e-245,842.0,1,1
DAKCFMEO_01987,WP_005763453.1,96.9,382,382,382,2.1e-222,765.8,1,1
DAKCFMEO_01987,WP_011103052.1,31.2,381,382,385,1.2e-39,158.7,0.997382,0.98961
DAKCFMEO_01988,WP_005763455.1,97.0,432,432,432,4.1e-243,834.7,1,1
DAKCFMEO_01989,WP_005763456.1,88.8,529,529,529,1.0e-280,959.9,1,1
DAKCFMEO_01990,WP_005763459.1,96.1,127,127,127,7.0e-66,244.2,1,1
DAKCFMEO_01991,WP_005763462.1,95.7,773,773,773,0.0e+00,1429.8,1,1
DAKCFMEO_01992,WP_003380226.1,98.4,246,246,246,2.3e-137,482.6,1,1
DAKCFMEO_01992,WP_007244755.1,44.3,228,246,249,3.7e-47,183.0,0.926829,0.915663
DAKCFMEO_01992,WP_005764051.1,41.7,230,246,245,1.9e-43,170.6,0.934959,0.938776
DAKCFMEO_01992,WP_005766623.1,41.6,231,246,245,1.4e-41,164.5,0.939024,0.942857
DAKCFMEO_01992,WP_005769238.1,36.2,246,246,254,6.3e-39,155.6,1,0.968504
DAKCFMEO_01992,WP_004396544.1,38.1,218,246,225,3.8e-36,146.4,0.886179,0.968889
DAKCFMEO_01992,WP_003383141.1,35.5,231,246,229,3.0e-33,136.7,0.939024,1.00873
DAKCFMEO_01992,WP_003381559.1,34.2,228,246,225,2.8e-31,130.2,0.926829,1.01333
DAKCFMEO_01992,WP_003382360.1,35.0,226,246,224,2.8e-31,130.2,0.918699,1.00893
DAKCFMEO_01992,WP_002554192.1,34.7,225,246,229,7.0e-30,125.6,0.914634,0.982533
DAKCFMEO_01992,WP_005739198.1,34.5,226,246,223,4.5e-29,122.9,0.918699,1.01345
DAKCFMEO_01992,WP_005764042.1,32.6,233,246,225,7.7e-29,122.1,0.947154,1.03556
DAKCFMEO_01992,WP_003381155.1,36.6,227,246,227,1.0e-28,121.7,0.922764,1
DAKCFMEO_01992,WP_002555020.1,34.5,226,246,227,2.5e-27,117.1,0.918699,0.995595
DAKCFMEO_01992,WP_011103755.1,32.6,227,246,220,5.5e-27,115.9,0.922764,1.03182
DAKCFMEO_01992,WP_011103914.1,30.1,229,246,230,2.3e-25,110.5,0.930894,0.995652
DAKCFMEO_01992,WP_007246025.1,30.9,233,246,222,1.7e-23,104.4,0.947154,1.04955
DAKCFMEO_01993,WP_005763465.1,97.2,436,436,436,8.1e-247,847.0,1,1
DAKCFMEO_01993,WP_005769235.1,33.4,299,436,448,1.7e-34,141.7,0.68578,0.667411
DAKCFMEO_01993,WP_011103499.1,31.3,319,436,468,2.7e-32,134.4,0.731651,0.681624
DAKCFMEO_01993,WP_005765836.1,34.2,269,436,344,1.0e-31,132.5,0.616972,0.781977
DAKCFMEO_01994,WP_003318100.1,100.0,301,301,301,1.9e-170,592.8,1,1
DAKCFMEO_01995,WP_005768489.1,96.8,158,158,158,1.3e-85,310.1,1,1
DAKCFMEO_01995,WP_005765726.1,32.4,145,158,183,3.1e-15,76.3,0.917722,0.79235
DAKCFMEO_01995,WP_005613972.1,30.8,146,158,167,5.5e-12,65.5,0.924051,0.874251
DAKCFMEO_01996,WP_005768488.1,87.6,259,260,260,1.1e-134,473.8,0.996154,0.996154
DAKCFMEO_01997,WP_003377907.1,90.2,132,135,135,3.3e-66,245.4,0.977778,0.977778
DAKCFMEO_01998,WP_005613652.1,94.3,300,300,300,6.9e-165,574.3,1,1
DAKCFMEO_01999,WP_005613653.1,96.9,514,513,514,8.2e-299,1020.0,1.00195,1
DAKCFMEO_02001,WP_046463848.1,63.9,230,241,235,8.0e-79,288.1,0.954357,0.978723
DAKCFMEO_02002,WP_046463848.1,54.4,226,238,235,1.2e-58,221.1,0.94958,0.961702
DAKCFMEO_02003,WP_074843309.1,74.5,149,149,149,1.4e-57,216.9,1,1
DAKCFMEO_02004,WP_011103045.1,81.0,237,237,237,2.0e-111,396.4,1,1
DAKCFMEO_02006,WP_011103046.1,80.7,285,285,285,7.9e-134,471.1,1,1
DAKCFMEO_02006,WP_046463731.1,57.5,275,285,296,6.5e-88,318.5,0.964912,0.929054
DAKCFMEO_02007,WP_005771069.1,93.7,222,222,222,6.1e-126,444.5,1,1
DAKCFMEO_02008,WP_011103048.1,94.1,424,431,424,1.4e-235,809.7,0.983759,1
DAKCFMEO_02008,WP_005769536.1,34.1,370,431,437,4.0e-49,190.3,0.858469,0.846682
DAKCFMEO_02008,WP_007246020.1,31.1,418,431,427,1.5e-43,171.8,0.969838,0.978923
DAKCFMEO_02009,WP_011103049.1,94.5,545,545,545,2.8e-305,1041.6,1,1
DAKCFMEO_02010,WP_005771075.1,92.8,318,318,318,2.1e-156,546.2,1,1
DAKCFMEO_02010,WP_005769341.1,32.1,315,318,315,4.3e-40,159.8,0.990566,1
DAKCFMEO_02010,WP_005617711.1,33.9,310,318,305,1.3e-39,158.3,0.974843,1.01639
DAKCFMEO_02010,WP_010220797.1,30.3,330,318,345,1.0e-25,112.1,1.03774,0.956522
DAKCFMEO_02011,WP_005771077.1,87.3,292,287,292,6.7e-141,494.6,1.01742,1
DAKCFMEO_02011,WP_011105045.1,31.9,270,287,287,9.3e-26,112.1,0.940767,0.940767
DAKCFMEO_02011,WP_005762883.1,32.2,289,287,302,1.6e-25,111.3,1.00697,0.956954
DAKCFMEO_02011,WP_005762406.1,30.6,248,287,306,5.1e-24,106.3,0.864111,0.810458
DAKCFMEO_02011,WP_011104693.1,30.6,206,287,339,1.3e-14,75.1,0.71777,0.60767
DAKCFMEO_02011,WP_005764441.1,30.8,214,287,340,8.2e-14,72.4,0.745645,0.629412
DAKCFMEO_02012,WP_011103050.1,91.7,613,613,613,0.0e+00,1096.6,1,1
DAKCFMEO_02012,WP_011104382.1,36.5,534,613,548,4.2e-92,333.6,0.871126,0.974453
DAKCFMEO_02012,WP_011104339.1,35.5,529,613,525,5.9e-86,313.2,0.862969,1.00762
DAKCFMEO_02012,WP_005770761.1,36.0,530,613,536,1.0e-82,302.4,0.8646,0.988806
DAKCFMEO_02012,WP_011103058.1,36.7,528,613,527,3.0e-82,300.8,0.861338,1.0019
DAKCFMEO_02013,WP_003382315.1,93.2,103,103,103,1.7e-54,206.1,1,1
DAKCFMEO_02013,WP_007246655.1,51.2,84,103,96,2.5e-21,95.9,0.815534,0.875
DAKCFMEO_02014,WP_007247117.1,88.5,469,469,469,4.9e-242,831.2,1,1
DAKCFMEO_02014,WP_011104056.1,53.5,445,469,463,2.0e-126,447.2,0.948827,0.961123
DAKCFMEO_02015,WP_011103051.1,88.5,384,384,384,5.9e-201,694.5,1,1
DAKCFMEO_02015,WP_011104055.1,42.5,369,384,394,1.3e-78,288.1,0.960938,0.936548
DAKCFMEO_02016,WP_011103052.1,92.7,385,385,385,2.4e-210,725.7,1,1
DAKCFMEO_02016,WP_005763453.1,32.6,390,385,382,6.2e-41,162.9,1.01299,1.02094
DAKCFMEO_02017,WP_011103053.1,93.8,485,485,485,9.9e-246,843.6,1,1
DAKCFMEO_02017,WP_011103085.1,57.5,473,485,480,3.5e-158,552.7,0.975258,0.985417
DAKCFMEO_02017,WP_011104140.1,38.4,463,485,476,1.1e-90,328.6,0.954639,0.972689
DAKCFMEO_02017,WP_011104137.1,37.3,466,485,493,1.1e-82,302.0,0.960825,0.945233
DAKCFMEO_02017,WP_011102988.1,35.1,473,485,497,7.0e-74,272.7,0.975258,0.95171
DAKCFMEO_02017,WP_011104646.1,33.1,483,485,491,7.2e-71,262.7,0.995876,0.983707
DAKCFMEO_02017,WP_005763655.1,32.9,477,485,490,6.1e-70,259.6,0.983505,0.973469
DAKCFMEO_02017,WP_011104361.1,30.7,473,485,505,1.5e-63,238.4,0.975258,0.936634
DAKCFMEO_02017,WP_011103256.1,33.0,479,485,506,5.5e-63,236.5,0.987629,0.94664
DAKCFMEO_02017,WP_011103748.1,33.1,471,485,505,2.1e-62,234.6,0.971134,0.932673
DAKCFMEO_02017,WP_005762699.1,31.7,445,485,463,8.9e-61,229.2,0.917526,0.961123
DAKCFMEO_02017,WP_011104290.1,30.9,466,485,482,1.7e-56,214.9,0.960825,0.966805
DAKCFMEO_02017,WP_005764523.1,30.7,460,485,493,2.8e-54,207.6,0.948454,0.933063
DAKCFMEO_02017,WP_011103274.1,31.5,457,485,497,4.4e-52,200.3,0.942268,0.919517
DAKCFMEO_02017,WP_011103279.1,31.5,441,485,508,2.9e-51,197.6,0.909278,0.86811
DAKCFMEO_02017,WP_161797808.1,30.0,470,485,489,6.0e-41,163.3,0.969072,0.961145
DAKCFMEO_02018,WP_003382104.1,98.5,458,458,458,1.2e-272,932.9,1,1
DAKCFMEO_02018,WP_003382103.1,34.3,455,458,452,2.4e-76,280.8,0.99345,1.00664
DAKCFMEO_02018,WP_161797788.1,31.6,370,458,413,4.4e-54,206.8,0.80786,0.895884
DAKCFMEO_02020,WP_003382103.1,98.7,452,452,452,1.1e-267,916.4,1,1
DAKCFMEO_02020,WP_161797788.1,41.7,408,452,413,2.5e-89,323.9,0.902655,0.987893
DAKCFMEO_02020,WP_003382104.1,34.1,455,452,458,1.7e-74,274.6,1.00664,0.99345
DAKCFMEO_02021,WP_011105418.1,93.4,454,455,455,1.3e-260,892.9,0.997802,0.997802
DAKCFMEO_02021,WP_003383172.1,35.7,446,455,448,1.6e-75,278.1,0.98022,0.995536
DAKCFMEO_02021,WP_011105299.1,32.1,417,455,468,2.9e-61,230.7,0.916484,0.891026
DAKCFMEO_02021,WP_011103055.1,32.2,426,455,434,1.9e-49,191.4,0.936264,0.981567
DAKCFMEO_02021,WP_011104111.1,30.7,417,455,400,3.0e-42,167.5,0.916484,1.0425
DAKCFMEO_02022,WP_005767078.1,97.8,365,365,365,1.1e-207,716.8,1,1
DAKCFMEO_02022,WP_011105417.1,53.6,358,365,374,8.9e-114,404.8,0.980822,0.957219
DAKCFMEO_02022,WP_005762461.1,48.3,360,365,359,4.9e-104,372.5,0.986301,1.00279
DAKCFMEO_02023,WP_011105417.1,95.6,360,364,374,2.8e-200,692.2,0.989011,0.962567
DAKCFMEO_02023,WP_005767078.1,56.7,349,364,365,3.8e-117,416.0,0.958791,0.956164
DAKCFMEO_02023,WP_005762461.1,52.5,354,364,359,2.9e-109,389.8,0.972527,0.986072
DAKCFMEO_02024,WP_005737104.1,98.4,380,380,380,1.3e-216,746.5,1,1
DAKCFMEO_02024,WP_005768050.1,45.2,325,380,374,4.3e-71,263.1,0.855263,0.868984
DAKCFMEO_02024,WP_005762690.1,41.0,349,380,384,1.9e-66,247.7,0.918421,0.908854
DAKCFMEO_02024,WP_011104057.1,41.8,323,380,342,2.5e-66,247.3,0.85,0.944444
DAKCFMEO_02024,WP_005770464.1,48.8,240,380,329,6.9e-61,229.2,0.631579,0.729483
DAKCFMEO_02024,WP_003380252.1,47.9,261,380,326,2.6e-60,227.3,0.686842,0.800613
DAKCFMEO_02024,WP_011103331.1,38.0,355,380,381,5.9e-60,226.1,0.934211,0.931759
DAKCFMEO_02024,WP_005768959.1,39.4,327,380,368,1.4e-56,214.9,0.860526,0.888587
DAKCFMEO_02024,WP_005764049.1,40.2,291,380,386,3.3e-55,210.3,0.765789,0.753886
DAKCFMEO_02024,WP_044390643.1,36.2,345,380,356,9.7e-55,208.8,0.907895,0.969101
DAKCFMEO_02024,WP_011104358.1,40.4,250,380,345,9.1e-45,175.6,0.657895,0.724638
DAKCFMEO_02024,WP_005740065.1,35.3,241,380,364,7.2e-42,166.0,0.634211,0.662088
DAKCFMEO_02024,WP_007247035.1,39.8,251,380,276,9.4e-42,165.6,0.660526,0.90942
DAKCFMEO_02024,WP_005763692.1,39.3,242,380,392,2.3e-40,161.0,0.636842,0.617347
DAKCFMEO_02024,WP_003368676.1,35.6,267,380,385,4.8e-38,153.3,0.702632,0.693506
DAKCFMEO_02024,WP_011104697.1,33.6,274,380,371,2.4e-37,151.0,0.721053,0.738544
DAKCFMEO_02024,WP_011103489.1,34.2,240,380,254,8.5e-35,142.5,0.631579,0.944882
DAKCFMEO_02024,WP_005768429.1,33.9,239,380,244,1.5e-34,141.7,0.628947,0.979508
DAKCFMEO_02024,WP_011104376.1,35.6,236,380,253,2.5e-34,141.0,0.621053,0.932806
DAKCFMEO_02024,WP_007243868.1,35.4,240,380,245,4.2e-34,140.2,0.631579,0.979592
DAKCFMEO_02025,WP_005767073.1,96.1,306,306,306,1.7e-163,569.7,1,1
DAKCFMEO_02025,WP_007246654.1,30.7,290,306,290,6.4e-33,136.0,0.947712,1
DAKCFMEO_02025,WP_010219162.1,32.5,212,306,312,1.9e-32,134.4,0.69281,0.679487
DAKCFMEO_02026,WP_005767071.1,97.3,292,293,293,4.6e-153,535.0,0.996587,0.996587
DAKCFMEO_02026,WP_011104134.1,31.7,259,293,271,1.1e-26,115.2,0.883959,0.95572
DAKCFMEO_02028,WP_011105414.1,85.3,795,795,795,0.0e+00,1449.5,1,1
DAKCFMEO_02029,WP_005767067.1,87.5,312,313,313,1.2e-164,573.5,0.996805,0.996805
DAKCFMEO_02030,WP_005767065.1,66.7,57,63,63,2.3e-14,72.0,0.904762,0.904762
DAKCFMEO_02031,WP_005767063.1,91.7,252,252,252,3.7e-127,448.7,1,1
DAKCFMEO_02032,WP_024666025.1,80.0,210,212,211,3.6e-99,355.5,0.990566,0.995261
DAKCFMEO_02033,WP_005767059.1,86.2,145,145,145,3.4e-69,255.4,1,1
DAKCFMEO_02034,WP_011103058.1,94.5,526,527,527,1.9e-282,965.7,0.998102,0.998102
DAKCFMEO_02034,WP_011104339.1,70.7,522,527,525,4.0e-208,718.8,0.990512,0.994286
DAKCFMEO_02034,WP_005770761.1,69.1,528,527,536,1.1e-200,694.1,1.0019,0.985075
DAKCFMEO_02034,WP_011104382.1,43.9,528,527,548,3.9e-110,393.3,1.0019,0.963504
DAKCFMEO_02034,WP_011103050.1,37.7,528,527,613,2.3e-86,314.3,1.0019,0.861338
DAKCFMEO_02035,WP_011103059.1,92.9,340,340,340,5.6e-187,647.9,1,1
DAKCFMEO_02035,WP_005764441.1,74.4,340,340,340,7.9e-149,521.2,1,1
DAKCFMEO_02035,WP_011104693.1,68.5,337,340,339,4.3e-139,488.8,0.991176,0.9941
DAKCFMEO_02035,WP_007245922.1,32.8,247,340,301,5.1e-31,129.8,0.726471,0.820598
DAKCFMEO_02035,WP_165442256.1,33.6,214,340,295,6.9e-20,92.8,0.629412,0.725424
DAKCFMEO_02036,WP_005739846.1,97.2,355,355,355,4.6e-192,664.8,1,1
DAKCFMEO_02036,WP_011104338.1,76.9,355,355,354,1.0e-154,540.8,1,1.00282
DAKCFMEO_02036,WP_011104692.1,69.6,355,355,357,2.8e-141,496.1,1,0.994398
DAKCFMEO_02036,WP_005617711.1,32.7,352,355,305,3.8e-37,150.2,0.991549,1.1541
DAKCFMEO_02036,WP_011104380.1,32.4,272,355,316,1.5e-28,121.7,0.766197,0.860759
DAKCFMEO_02037,WP_046463852.1,84.7,628,628,627,0.0e+00,1111.7,1,1.00159
DAKCFMEO_02037,WP_011104337.1,61.3,594,628,622,1.1e-228,787.3,0.94586,0.954984
DAKCFMEO_02037,WP_011104691.1,48.3,592,628,618,4.7e-171,595.9,0.942675,0.957929
DAKCFMEO_02037,WP_005770766.1,41.9,614,628,609,7.8e-134,472.2,0.977707,1.00821
DAKCFMEO_02038,WP_044392586.1,93.0,906,905,941,0.0e+00,1716.4,1.0011,0.962806
DAKCFMEO_02039,WP_005739842.1,95.5,133,133,133,1.9e-61,229.6,1,1
DAKCFMEO_02039,WP_005771285.1,72.2,133,133,133,7.6e-47,181.0,1,1
DAKCFMEO_02039,WP_005768982.1,47.3,131,133,134,3.9e-27,115.5,0.984962,0.977612
DAKCFMEO_02039,WP_005770871.1,35.6,132,133,148,8.5e-14,71.2,0.992481,0.891892
DAKCFMEO_02039,WP_005613239.1,33.3,117,133,141,2.7e-12,66.2,0.879699,0.829787
DAKCFMEO_02040,WP_044392584.1,95.2,228,235,228,5.7e-114,404.8,0.970213,1
DAKCFMEO_02040,WP_010203861.1,58.6,239,235,242,1.7e-65,243.8,1.01702,0.987603
DAKCFMEO_02040,WP_005768984.1,56.0,216,235,230,1.0e-54,208.0,0.919149,0.93913
DAKCFMEO_02040,WP_002554655.1,32.7,214,235,231,5.7e-21,95.9,0.910638,0.926407
DAKCFMEO_02040,WP_007245914.1,30.4,224,235,236,5.9e-18,85.9,0.953191,0.949153
DAKCFMEO_02040,WP_007246518.1,31.8,198,235,318,1.3e-17,84.7,0.842553,0.622642
DAKCFMEO_02041,WP_052746256.1,85.5,276,282,267,3.7e-59,223.0,0.978723,1.03371
DAKCFMEO_02043,WP_005771123.1,73.8,84,84,84,3.5e-21,95.1,1,1
DAKCFMEO_02044,WP_046463853.1,91.7,384,384,384,1.9e-199,689.5,1,1
DAKCFMEO_02044,WP_011104556.1,60.6,388,384,393,4.9e-123,435.6,1.01042,0.987277
DAKCFMEO_02044,WP_005771029.1,54.5,374,384,404,1.2e-108,387.9,0.973958,0.925743
DAKCFMEO_02045,WP_005613713.1,94.2,156,156,156,1.9e-81,296.2,1,1
DAKCFMEO_02045,WP_011103096.1,43.3,150,156,159,1.9e-33,136.7,0.961538,0.943396
DAKCFMEO_02045,WP_003380560.1,42.7,150,156,155,6.2e-32,131.7,0.961538,0.967742
DAKCFMEO_02045,WP_003376607.1,37.3,153,156,159,1.2e-24,107.5,0.980769,0.962264
DAKCFMEO_02045,WP_004655323.1,37.3,150,156,162,8.1e-24,104.8,0.961538,0.925926
DAKCFMEO_02045,WP_007243724.1,30.9,139,156,143,1.9e-17,83.6,0.891026,0.972028
DAKCFMEO_02045,WP_046463288.1,30.0,150,156,168,3.3e-17,82.8,0.961538,0.892857
DAKCFMEO_02045,WP_002555947.1,30.5,151,156,162,4.8e-16,79.0,0.967949,0.932099
DAKCFMEO_02046,WP_003377258.1,87.1,224,224,224,6.0e-113,401.4,1,1
DAKCFMEO_02047,WP_010205374.1,88.9,99,97,99,7.2e-47,180.6,1.02062,1
DAKCFMEO_02049,WP_011105169.1,68.6,392,403,392,7.4e-146,511.5,0.972705,1
DAKCFMEO_02051,WP_005771032.1,36.9,168,235,258,1.0e-17,85.1,0.714894,0.651163
DAKCFMEO_02052,WP_005763322.1,77.0,443,446,446,6.8e-209,721.1,0.993274,0.993274
DAKCFMEO_02053,WP_011104327.1,81.6,255,255,255,6.2e-130,458.0,1,1
DAKCFMEO_02057,WP_011103227.1,88.3,256,256,256,1.3e-124,440.3,1,1
DAKCFMEO_02061,WP_007247160.1,86.8,121,121,121,3.6e-56,211.8,1,1
DAKCFMEO_02061,WP_011105154.1,54.0,124,121,124,4.5e-30,125.2,1.02479,1
DAKCFMEO_02061,WP_003380449.1,54.1,122,121,120,3.8e-29,122.1,1.00826,1.01667
DAKCFMEO_02061,WP_002554971.1,50.4,121,121,126,2.6e-25,109.4,1,0.960317
DAKCFMEO_02062,WP_011103979.1,36.5,274,273,266,1.5e-33,137.9,1.00366,1.03008
DAKCFMEO_02062,WP_005770966.1,35.6,264,273,254,4.4e-33,136.3,0.967033,1.03937
DAKCFMEO_02062,WP_007246009.1,34.6,257,273,286,7.8e-30,125.6,0.941392,0.898601
DAKCFMEO_02062,WP_011104035.1,33.7,270,273,266,1.6e-27,117.9,0.989011,1.01504
DAKCFMEO_02062,WP_161633151.1,31.6,256,273,254,2.3e-26,114.0,0.937729,1.00787
DAKCFMEO_02062,WP_005771315.1,34.5,261,273,249,4.0e-26,113.2,0.956044,1.04819
DAKCFMEO_02062,WP_005762581.1,32.7,260,273,255,2.0e-25,110.9,0.952381,1.01961
DAKCFMEO_02062,WP_005764783.1,33.6,259,273,253,2.6e-25,110.5,0.948718,1.02372
DAKCFMEO_02062,WP_011103980.1,31.8,261,273,254,3.7e-24,106.7,0.956044,1.02756
DAKCFMEO_02062,WP_005762514.1,34.6,257,273,248,1.4e-23,104.8,0.941392,1.03629
DAKCFMEO_02062,WP_005765466.1,32.5,252,273,242,1.9e-23,104.4,0.923077,1.04132
DAKCFMEO_02062,WP_005770626.1,32.4,256,273,247,7.0e-23,102.4,0.937729,1.03644
DAKCFMEO_02062,WP_005764784.1,33.9,242,273,249,9.2e-23,102.1,0.886447,0.971888
DAKCFMEO_02062,WP_011104991.1,32.6,261,273,252,6.6e-21,95.9,0.956044,1.03571
DAKCFMEO_02062,WP_007245058.1,30.6,245,273,270,4.0e-18,86.7,0.897436,0.907407
DAKCFMEO_02062,WP_005619926.1,30.7,251,273,244,2.0e-17,84.3,0.919414,1.02869
DAKCFMEO_02062,WP_011104354.1,30.3,251,273,243,2.0e-17,84.3,0.919414,1.03292
DAKCFMEO_02071,WP_080597953.1,88.5,113,131,118,1.3e-54,206.8,0.862595,0.957627
DAKCFMEO_02071,WP_078983211.1,85.8,113,131,118,3.1e-53,202.2,0.862595,0.957627
DAKCFMEO_02071,WP_080946645.1,85.0,113,131,118,5.3e-53,201.4,0.862595,0.957627
DAKCFMEO_02071,WP_080115702.1,85.0,113,131,118,9.1e-53,200.7,0.862595,0.957627
DAKCFMEO_02071,WP_080946591.1,84.1,113,131,118,2.0e-52,199.5,0.862595,0.957627
DAKCFMEO_02071,WP_159229490.1,84.1,113,131,118,5.9e-52,198.0,0.862595,0.957627
DAKCFMEO_02071,WP_159229495.1,82.2,101,131,115,1.5e-42,166.8,0.770992,0.878261
DAKCFMEO_02071,WP_159229486.1,83.3,90,131,110,3.1e-37,149.1,0.687023,0.818182
DAKCFMEO_02079,WP_011103085.1,97.1,480,480,480,2.8e-269,921.8,1,1
DAKCFMEO_02079,WP_011103053.1,57.2,474,480,485,2.5e-156,546.6,0.9875,0.97732
DAKCFMEO_02079,WP_011104140.1,43.0,465,480,476,9.9e-105,375.2,0.96875,0.976891
DAKCFMEO_02079,WP_011104137.1,39.5,479,480,493,3.1e-98,353.6,0.997917,0.971602
DAKCFMEO_02079,WP_005763655.1,36.0,472,480,490,1.6e-86,314.7,0.983333,0.963265
DAKCFMEO_02079,WP_011102988.1,36.0,472,480,497,3.5e-78,287.0,0.983333,0.949698
DAKCFMEO_02079,WP_011104361.1,33.9,478,480,505,2.3e-77,284.3,0.995833,0.946535
DAKCFMEO_02079,WP_011104290.1,34.0,468,480,482,5.0e-72,266.5,0.975,0.970954
DAKCFMEO_02079,WP_011104646.1,34.2,476,480,491,5.0e-72,266.5,0.991667,0.96945
DAKCFMEO_02079,WP_011103748.1,32.8,467,480,505,3.0e-69,257.3,0.972917,0.924752
DAKCFMEO_02079,WP_011103256.1,32.9,487,480,506,4.8e-67,250.0,1.01458,0.962451
DAKCFMEO_02079,WP_005762699.1,31.5,441,480,463,1.5e-65,245.0,0.91875,0.952484
DAKCFMEO_02079,WP_005764523.1,32.2,485,480,493,1.9e-63,238.0,1.01042,0.983773
DAKCFMEO_02079,WP_011103274.1,31.6,456,480,497,2.5e-55,211.1,0.95,0.917505
DAKCFMEO_02079,WP_011104588.1,30.1,465,480,500,1.3e-51,198.7,0.96875,0.93
DAKCFMEO_02080,WP_011103086.1,96.7,426,426,426,6.3e-236,810.8,1,1
DAKCFMEO_02080,WP_011103055.1,45.2,420,426,434,7.7e-109,388.7,0.985915,0.967742
DAKCFMEO_02080,WP_005767839.1,42.0,414,426,415,2.2e-95,344.0,0.971831,0.99759
DAKCFMEO_02080,WP_005770701.1,33.1,417,426,470,1.2e-50,195.3,0.978873,0.887234
DAKCFMEO_02080,WP_011103718.1,34.3,397,426,405,3.7e-47,183.7,0.931925,0.980247
DAKCFMEO_02080,WP_011104111.1,31.7,388,426,400,1.1e-46,182.2,0.910798,0.97
DAKCFMEO_02080,WP_011105299.1,30.5,348,426,468,4.2e-38,153.7,0.816901,0.74359
DAKCFMEO_02080,WP_007243834.1,31.3,323,426,427,5.8e-32,133.3,0.758216,0.75644
DAKCFMEO_02081,WP_046463817.1,83.6,446,462,463,5.1e-207,714.9,0.965368,0.963283
DAKCFMEO_02083,WP_005768479.1,92.6,148,148,148,3.0e-76,278.9,1,1
DAKCFMEO_02083,WP_003425026.1,40.3,129,148,144,8.0e-21,94.7,0.871622,0.895833
DAKCFMEO_02083,WP_011105578.1,39.5,129,148,144,8.0e-21,94.7,0.871622,0.895833
DAKCFMEO_02083,WP_005770083.1,36.2,130,148,133,7.0e-17,81.6,0.878378,0.977444
DAKCFMEO_02084,WP_011105404.1,88.8,721,745,752,0.0e+00,1224.5,0.967785,0.958777
DAKCFMEO_02084,WP_005770081.1,35.1,716,745,732,1.3e-87,318.9,0.961074,0.978142
DAKCFMEO_02084,WP_005768304.1,31.9,576,745,641,6.1e-61,230.3,0.773154,0.898596
DAKCFMEO_02085,WP_011105403.1,91.0,266,267,266,1.2e-147,516.9,0.996255,1
DAKCFMEO_02086,WP_011105402.1,91.0,401,401,401,8.8e-216,743.8,1,1
DAKCFMEO_02087,WP_011105401.1,93.0,454,458,458,5.0e-239,821.2,0.991266,0.991266
DAKCFMEO_02087,WP_005767720.1,42.8,449,458,469,4.0e-95,343.2,0.980349,0.957356
DAKCFMEO_02087,WP_011105441.1,36.8,440,458,463,2.6e-70,260.8,0.960699,0.950324
DAKCFMEO_02088,WP_011105400.1,95.3,515,515,515,4.8e-275,941.0,1,1
DAKCFMEO_02088,WP_011105399.1,39.3,478,515,513,4.9e-86,313.2,0.928155,0.931774
DAKCFMEO_02088,WP_007245619.1,31.8,472,515,515,8.8e-59,222.6,0.916505,0.916505
DAKCFMEO_02089,WP_011105399.1,91.2,512,513,513,4.0e-269,921.4,0.998051,0.998051
DAKCFMEO_02089,WP_011105400.1,39.2,479,513,515,3.1e-88,320.5,0.933723,0.930097
DAKCFMEO_02089,WP_007245619.1,32.4,519,513,515,2.9e-54,207.6,1.0117,1.00777
DAKCFMEO_02090,WP_007247035.1,93.8,276,276,276,7.8e-147,514.2,1,1
DAKCFMEO_02090,WP_011104358.1,57.2,269,276,345,5.0e-85,308.9,0.974638,0.77971
DAKCFMEO_02090,WP_005763692.1,51.0,261,276,392,1.6e-67,250.8,0.945652,0.665816
DAKCFMEO_02090,WP_010203924.1,41.9,227,276,335,2.3e-45,177.2,0.822464,0.677612
DAKCFMEO_02090,WP_005737104.1,40.2,251,276,380,5.1e-45,176.0,0.90942,0.660526
DAKCFMEO_02090,WP_011103158.1,41.5,224,276,347,8.6e-45,175.3,0.811594,0.645533
DAKCFMEO_02090,WP_003380252.1,37.6,226,276,326,1.8e-42,167.5,0.818841,0.693252
DAKCFMEO_02090,WP_005770464.1,37.6,221,276,329,1.1e-39,158.3,0.800725,0.671733
DAKCFMEO_02090,WP_005768959.1,37.4,222,276,368,5.4e-39,156.0,0.804348,0.603261
DAKCFMEO_02090,WP_011104057.1,34.8,227,276,342,1.7e-37,151.0,0.822464,0.663743
DAKCFMEO_02090,WP_007245567.1,37.0,227,276,247,2.3e-37,150.6,0.822464,0.919028
DAKCFMEO_02090,WP_011104329.1,38.7,222,276,261,4.3e-36,146.4,0.804348,0.850575
DAKCFMEO_02090,WP_011103489.1,36.9,225,276,254,5.6e-36,146.0,0.815217,0.885827
DAKCFMEO_02090,WP_007243868.1,37.7,223,276,245,1.6e-35,144.4,0.807971,0.910204
DAKCFMEO_02090,WP_011105360.1,41.0,200,276,286,1.1e-34,141.7,0.724638,0.699301
DAKCFMEO_02090,WP_005767098.1,39.2,204,276,261,2.4e-34,140.6,0.73913,0.781609
DAKCFMEO_02090,WP_007246637.1,35.8,229,276,254,3.1e-34,140.2,0.82971,0.901575
DAKCFMEO_02090,WP_005768429.1,38.3,222,276,244,5.2e-34,139.4,0.804348,0.909836
DAKCFMEO_02091,WP_003380009.1,97.9,283,283,283,7.8e-150,524.2,1,1
DAKCFMEO_02091,WP_005764515.1,45.3,278,283,321,2.0e-57,217.2,0.982332,0.866044
DAKCFMEO_02091,WP_003379931.1,44.7,253,283,281,2.9e-48,186.8,0.893993,0.900356
DAKCFMEO_02091,WP_003400010.1,33.2,184,283,217,1.1e-18,88.6,0.650177,0.847926
DAKCFMEO_02091,WP_011105067.1,30.5,187,283,237,4.7e-14,73.2,0.660777,0.78903
DAKCFMEO_02092,WP_010218951.1,96.0,322,322,322,3.6e-183,635.2,1,1
DAKCFMEO_02092,WP_011103622.1,45.5,336,322,337,1.7e-84,307.4,1.04348,0.997033
DAKCFMEO_02093,WP_057443298.1,95.9,565,576,565,0.0e+00,1123.2,0.980903,1
DAKCFMEO_02096,WP_046463318.1,32.8,469,468,467,1.0e-45,179.1,1.00214,1.00428
DAKCFMEO_02096,WP_005762891.1,31.0,462,468,507,3.2e-39,157.5,0.987179,0.911243
DAKCFMEO_02097,WP_011104111.1,31.8,381,449,400,9.7e-46,179.1,0.848552,0.9525
DAKCFMEO_02102,WP_005765123.1,54.1,307,310,311,1.7e-97,350.5,0.990323,0.987138
DAKCFMEO_02103,WP_005765563.1,85.6,236,234,235,2.7e-116,412.5,1.00855,1.00426
DAKCFMEO_02104,WP_011105349.1,91.5,188,188,188,3.2e-99,355.5,1,1
DAKCFMEO_02105,WP_005765561.1,93.2,177,177,177,4.6e-92,331.6,1,1
DAKCFMEO_02106,WP_011105348.1,92.3,390,391,391,8.7e-200,690.6,0.997442,0.997442
DAKCFMEO_02106,WP_011105042.1,67.7,381,391,392,4.5e-140,492.3,0.974425,0.971939
DAKCFMEO_02107,WP_005765559.1,86.8,197,205,206,2.0e-99,356.3,0.960976,0.956311
DAKCFMEO_02108,WP_081011124.1,97.0,236,249,236,2.7e-130,459.1,0.947791,1
DAKCFMEO_02109,WP_005765557.1,89.4,454,454,454,3.2e-246,845.1,1,1
DAKCFMEO_02110,WP_011105319.1,89.8,421,422,418,9.6e-205,707.2,0.99763,1.00718
DAKCFMEO_02111,WP_005765469.1,88.4,293,294,297,2.3e-144,506.1,0.996599,0.986532
DAKCFMEO_02111,WP_005764318.1,34.9,289,294,299,4.1e-37,149.8,0.982993,0.966555
DAKCFMEO_02111,WP_011103885.1,30.9,301,294,290,3.2e-21,97.1,1.02381,1.03793
DAKCFMEO_02112,WP_005765433.1,93.8,259,259,259,2.5e-139,489.2,1,1
DAKCFMEO_02113,WP_005765431.1,59.7,124,159,130,5.3e-39,155.2,0.779874,0.953846
DAKCFMEO_02114,WP_005765429.1,98.0,558,558,558,0.0e+00,1100.5,1,1
DAKCFMEO_02115,WP_011105305.1,83.2,291,299,291,3.2e-130,459.1,0.973244,1
DAKCFMEO_02116,WP_003378783.1,93.9,99,99,99,3.1e-53,201.8,1,1
DAKCFMEO_02117,WP_011105304.1,92.9,282,283,283,2.3e-146,512.7,0.996466,0.996466
DAKCFMEO_02117,WP_005770594.1,32.3,201,283,306,4.7e-14,73.2,0.710247,0.656863
DAKCFMEO_02118,WP_005765423.1,87.6,266,266,266,1.3e-127,450.3,1,1
DAKCFMEO_02119,WP_046463872.1,75.0,204,211,212,8.5e-85,307.8,0.966825,0.962264
DAKCFMEO_02120,WP_011105302.1,84.8,310,310,311,7.5e-146,511.1,1,0.996785
DAKCFMEO_02120,WP_007245842.1,38.3,303,310,312,1.1e-40,161.8,0.977419,0.971154
DAKCFMEO_02121,WP_005765417.1,55.5,119,131,141,1.1e-29,124.0,0.908397,0.843972
DAKCFMEO_02122,WP_005765415.1,63.0,254,254,254,9.6e-83,301.2,1,1
DAKCFMEO_02123,WP_011105301.1,96.4,305,309,308,7.9e-164,570.9,0.987055,0.99026
DAKCFMEO_02124,WP_005765411.1,93.6,204,214,204,1.2e-107,383.6,0.953271,1
DAKCFMEO_02125,WP_011105300.1,94.6,239,239,239,7.5e-130,457.6,1,1
DAKCFMEO_02126,WP_011105299.1,97.9,468,468,468,5.4e-281,960.7,1,1
DAKCFMEO_02126,WP_011105418.1,31.4,417,468,455,5.5e-60,226.5,0.891026,0.916484
DAKCFMEO_02126,WP_011103055.1,30.5,433,468,434,2.0e-46,181.4,0.925214,0.997696
DAKCFMEO_02126,WP_011104111.1,31.6,418,468,400,1.5e-44,175.3,0.893162,1.045
DAKCFMEO_02126,WP_005770701.1,31.2,432,468,470,8.9e-42,166.0,0.923077,0.919149
DAKCFMEO_02126,WP_011103086.1,30.2,348,468,426,1.5e-41,165.2,0.74359,0.816901
DAKCFMEO_02127,WP_011105298.1,91.6,499,624,625,1.4e-268,919.8,0.799679,0.7984
DAKCFMEO_02128,WP_003378760.1,92.3,182,182,182,1.4e-99,356.7,1,1
DAKCFMEO_02128,WP_011104590.1,30.9,178,182,179,1.1e-11,64.7,0.978022,0.994413
DAKCFMEO_02129,WP_003378759.1,96.9,192,192,192,1.5e-104,373.2,1,1
DAKCFMEO_02130,WP_005765402.1,88.2,634,634,629,6.5e-221,761.5,1,1.00795
DAKCFMEO_02131,WP_005765400.1,92.9,281,281,281,1.7e-157,549.7,1,1
DAKCFMEO_02132,WP_005765398.1,97.7,469,469,469,8.6e-271,926.8,1,1
DAKCFMEO_02133,WP_002551711.1,95.4,131,131,131,2.4e-69,255.8,1,1
DAKCFMEO_02134,WP_011105295.1,94.2,260,260,261,1.1e-147,516.9,1,0.996169
DAKCFMEO_02135,WP_007247340.1,97.3,485,485,485,5.6e-233,801.2,1,1
DAKCFMEO_02135,WP_011105322.1,35.7,456,485,449,2.7e-65,244.2,0.940206,1.01559
DAKCFMEO_02135,WP_005765159.1,31.9,454,485,450,4.9e-59,223.4,0.936082,1.00889
DAKCFMEO_02135,WP_044391022.1,30.8,455,485,456,1.5e-47,185.3,0.938144,0.997807
DAKCFMEO_02136,WP_005765392.1,97.2,212,212,212,5.1e-122,431.4,1,1
DAKCFMEO_02137,WP_005765391.1,85.8,429,429,429,3.0e-201,695.7,1,1
DAKCFMEO_02138,WP_011105293.1,96.7,301,301,301,1.2e-159,557.0,1,1
DAKCFMEO_02138,WP_011103280.1,31.1,289,301,296,1.0e-35,145.2,0.960133,0.976351
DAKCFMEO_02138,WP_005767820.1,30.5,285,301,296,4.5e-31,129.8,0.946844,0.962838
DAKCFMEO_02139,WP_005737391.1,97.4,272,273,274,1.6e-144,506.5,0.996337,0.992701
DAKCFMEO_02139,WP_007244951.1,30.6,255,273,255,3.1e-18,87.0,0.934066,1
DAKCFMEO_02140,WP_011103118.1,93.4,257,257,257,2.3e-132,466.1,1,1
DAKCFMEO_02140,WP_011103979.1,34.1,267,257,266,2.3e-39,157.1,1.03891,1.00376
DAKCFMEO_02140,WP_161633151.1,33.6,250,257,254,9.5e-30,125.2,0.972763,0.984252
DAKCFMEO_02140,WP_005764784.1,32.3,260,257,249,1.4e-28,121.3,1.01167,1.04418
DAKCFMEO_02140,WP_005771315.1,31.6,256,257,249,3.1e-28,120.2,0.996109,1.02811
DAKCFMEO_02140,WP_005762581.1,30.4,257,257,255,4.0e-28,119.8,1,1.00784
DAKCFMEO_02140,WP_011103980.1,31.3,259,257,254,6.4e-26,112.5,1.00778,1.01969
DAKCFMEO_02140,WP_005764783.1,31.2,253,257,253,8.4e-26,112.1,0.984436,1
DAKCFMEO_02140,WP_007246009.1,31.6,256,257,286,1.2e-24,108.2,0.996109,0.895105
DAKCFMEO_02140,WP_011104035.1,30.7,261,257,266,1.5e-22,101.3,1.01556,0.981203
DAKCFMEO_02140,WP_007245058.1,30.6,183,257,270,1.7e-15,77.8,0.712062,0.677778
DAKCFMEO_02140,WP_011103737.1,31.8,195,257,262,3.0e-15,77.0,0.758755,0.744275
DAKCFMEO_02141,WP_005763521.1,90.2,438,435,438,7.1e-235,807.4,1.0069,1
DAKCFMEO_02141,WP_003382856.1,68.9,434,435,440,1.6e-178,620.2,0.997701,0.986364
DAKCFMEO_02142,WP_011103119.1,87.2,298,307,299,1.9e-154,539.7,0.970684,0.996656
DAKCFMEO_02142,WP_005762608.1,41.0,271,307,301,7.8e-55,208.8,0.882736,0.900332
DAKCFMEO_02143,WP_005763524.1,95.2,417,418,419,1.4e-216,746.5,0.997608,0.995227
DAKCFMEO_02144,WP_003373363.1,85.0,107,110,109,8.2e-47,180.6,0.972727,0.981651
DAKCFMEO_02144,WP_005767301.1,86.0,107,110,109,9.1e-46,177.2,0.972727,0.981651
DAKCFMEO_02145,WP_017698872.1,68.1,72,72,74,2.8e-19,88.6,1,0.972973
DAKCFMEO_02146,WP_011104478.1,91.6,441,441,441,1.9e-240,825.9,1,1
DAKCFMEO_02146,WP_005763528.1,83.9,441,441,441,3.3e-224,771.9,1,1
DAKCFMEO_02146,WP_011104816.1,38.7,450,441,448,1.1e-81,298.5,1.02041,1.00446
DAKCFMEO_02146,WP_011105463.1,33.0,448,441,424,8.0e-61,229.2,1.01587,1.0566
DAKCFMEO_02146,WP_011103959.1,32.6,436,441,418,4.4e-59,223.4,0.988662,1.04306
DAKCFMEO_02146,WP_007244158.1,31.8,415,441,422,6.0e-56,213.0,0.941043,0.983412
DAKCFMEO_02146,WP_011104277.1,31.0,462,441,443,6.6e-55,209.5,1.04762,1.04289
DAKCFMEO_02146,WP_005769381.1,31.7,429,441,459,7.3e-54,206.1,0.972789,0.934641
DAKCFMEO_02146,WP_046463479.1,30.0,446,441,449,2.9e-50,194.1,1.01134,0.993318
DAKCFMEO_02147,WP_011103123.1,94.6,1048,1050,1053,0.0e+00,1863.2,0.998095,0.995252
DAKCFMEO_02148,WP_005763543.1,80.9,425,425,422,5.7e-173,601.7,1,1.00711
DAKCFMEO_02149,WP_007244563.1,84.1,408,419,408,3.1e-187,649.0,0.973747,1
DAKCFMEO_02150,WP_003382360.1,96.4,224,224,224,2.4e-122,432.6,1,1
DAKCFMEO_02150,WP_002554192.1,55.2,223,224,229,1.7e-67,250.4,0.995536,0.973799
DAKCFMEO_02150,WP_005764042.1,52.5,223,224,225,2.0e-63,236.9,0.995536,0.991111
DAKCFMEO_02150,WP_003381155.1,43.9,221,224,227,1.0e-43,171.4,0.986607,0.973568
DAKCFMEO_02150,WP_007246025.1,38.6,220,224,222,1.3e-38,154.5,0.982143,0.990991
DAKCFMEO_02150,WP_005739198.1,39.6,225,224,223,4.9e-38,152.5,1.00446,1.00897
DAKCFMEO_02150,WP_003381559.1,37.1,224,224,225,1.4e-37,151.0,1,0.995556
DAKCFMEO_02150,WP_011103755.1,36.0,225,224,220,2.0e-36,147.1,1.00446,1.02273
DAKCFMEO_02150,WP_002555020.1,38.1,223,224,227,6.6e-35,142.1,0.995536,0.982379
DAKCFMEO_02150,WP_011103914.1,35.0,220,224,230,8.6e-35,141.7,0.982143,0.956522
DAKCFMEO_02150,WP_011104125.1,35.6,225,224,233,2.3e-32,133.7,1.00446,0.965665
DAKCFMEO_02150,WP_005766623.1,35.6,222,224,245,2.0e-31,130.6,0.991071,0.906122
DAKCFMEO_02150,WP_003380226.1,35.4,226,224,246,4.4e-31,129.4,1.00893,0.918699
DAKCFMEO_02150,WP_005770857.1,33.8,225,224,224,1.7e-30,127.5,1.00446,1.00446
DAKCFMEO_02150,WP_003383141.1,34.2,219,224,229,2.9e-30,126.7,0.977679,0.956332
DAKCFMEO_02150,WP_005769238.1,33.3,234,224,254,6.4e-30,125.6,1.04464,0.92126
DAKCFMEO_02150,WP_007244755.1,32.8,232,224,249,6.6e-27,115.5,1.03571,0.931727
DAKCFMEO_02150,WP_159229484.1,34.3,181,224,207,1.2e-25,111.3,0.808036,0.874396
DAKCFMEO_02150,WP_005764051.1,31.4,226,224,245,5.2e-24,105.9,1.00893,0.922449
DAKCFMEO_02150,WP_004396544.1,30.7,218,224,225,2.0e-23,104.0,0.973214,0.968889
DAKCFMEO_02151,WP_011103124.1,77.5,463,463,463,6.2e-205,708.0,1,1
DAKCFMEO_02151,WP_011104627.1,39.3,305,463,462,1.0e-53,205.7,0.658747,0.660173
DAKCFMEO_02151,WP_005764043.1,34.1,370,463,454,3.7e-48,187.2,0.799136,0.814978
DAKCFMEO_02152,WP_003382364.1,87.2,133,133,133,5.1e-59,221.5,1,1
DAKCFMEO_02153,WP_005763550.1,81.3,107,135,136,2.7e-39,156.0,0.792593,0.786765
DAKCFMEO_02154,WP_011103125.1,69.1,560,560,561,5.0e-233,801.6,1,0.998217
DAKCFMEO_02157,WP_002555698.1,98.5,396,396,396,7.6e-220,757.3,1,1
DAKCFMEO_02158,WP_005763555.1,92.7,331,331,331,7.9e-178,617.5,1,1
DAKCFMEO_02159,WP_007244559.1,94.9,666,667,665,0.0e+00,1285.8,0.998501,1.0015
DAKCFMEO_02160,WP_011103126.1,95.4,347,349,347,6.8e-196,677.6,0.994269,1
DAKCFMEO_02160,WP_003375919.1,44.7,329,349,333,9.5e-81,295.0,0.942693,0.987988
DAKCFMEO_02160,WP_007244218.1,34.8,345,349,487,3.1e-47,183.7,0.988539,0.708419
DAKCFMEO_02161,WP_005763560.1,96.1,387,387,387,1.0e-205,710.3,1,1
DAKCFMEO_02162,WP_003382372.1,81.6,76,77,77,4.3e-34,137.9,0.987013,0.987013
DAKCFMEO_02164,WP_003382373.1,86.1,108,108,108,6.8e-54,204.1,1,1
DAKCFMEO_02165,WP_005763563.1,97.2,354,354,354,1.6e-200,693.0,1,1
DAKCFMEO_02166,WP_005763565.1,86.2,138,139,139,1.5e-66,246.5,0.992806,0.992806
DAKCFMEO_02167,WP_005763567.1,87.5,136,136,136,5.9e-63,234.6,1,1
DAKCFMEO_02167,WP_011105370.1,31.9,113,136,131,5.1e-14,72.0,0.830882,0.862595
DAKCFMEO_02167,WP_011105374.1,32.7,110,136,131,1.9e-13,70.1,0.808824,0.839695
DAKCFMEO_02168,WP_003382379.1,98.5,325,346,325,4.1e-193,668.3,0.939306,1
DAKCFMEO_02169,WP_011103127.1,96.0,176,176,176,1.3e-102,366.7,1,1
DAKCFMEO_02170,WP_011103128.1,98.5,686,686,686,0.0e+00,1401.3,1,1
DAKCFMEO_02170,WP_011104734.1,30.2,549,686,679,1.3e-70,262.3,0.800292,0.808542
DAKCFMEO_02171,WP_046463891.1,92.0,654,654,653,0.0e+00,1241.5,1,1.00153
DAKCFMEO_02172,WP_046463890.1,85.2,406,406,406,1.2e-204,706.8,1,1
DAKCFMEO_02173,WP_011103131.1,85.4,268,268,265,1.3e-122,433.7,1,1.01132
DAKCFMEO_02174,WP_011103132.1,52.7,431,422,598,6.8e-126,445.3,1.02133,0.720736
DAKCFMEO_02176,WP_007244552.1,95.4,432,432,432,1.8e-254,872.5,1,1
DAKCFMEO_02176,WP_011104360.1,46.2,407,432,416,8.6e-108,385.2,0.94213,0.978365
DAKCFMEO_02177,WP_005763583.1,97.3,366,366,366,8.1e-216,743.8,1,1
DAKCFMEO_02178,WP_005613930.1,97.7,346,346,346,5.3e-201,694.5,1,1
DAKCFMEO_02179,WP_011103135.1,83.9,248,248,248,1.7e-116,413.3,1,1
DAKCFMEO_02180,WP_005739631.1,99.0,397,446,402,1.6e-234,806.2,0.890135,0.987562
DAKCFMEO_02182,WP_011103103.1,84.4,256,259,259,1.8e-132,466.5,0.988417,0.988417
DAKCFMEO_02182,WP_011103362.1,34.7,173,259,182,9.3e-17,82.0,0.667954,0.950549
DAKCFMEO_02183,WP_011103104.1,73.5,701,696,677,2.4e-253,869.4,1.00718,1.03545
DAKCFMEO_02184,WP_005613805.1,93.8,291,291,291,6.3e-163,567.8,1,1
DAKCFMEO_02185,WP_005763490.1,92.6,215,215,214,4.9e-112,398.3,1,1.00467
DAKCFMEO_02187,WP_005613810.1,96.7,211,211,211,6.5e-117,414.5,1,1
DAKCFMEO_02188,WP_005763493.1,94.9,921,921,921,0.0e+00,1688.3,1,1
DAKCFMEO_02189,WP_003380192.1,91.6,95,95,95,1.5e-49,189.5,1,1
DAKCFMEO_02190,WP_005763495.1,90.2,316,316,316,1.7e-169,589.7,1,1
DAKCFMEO_02191,WP_161797821.1,72.3,314,314,314,6.5e-113,401.7,1,1
DAKCFMEO_02192,WP_007247038.1,93.1,160,160,160,1.1e-84,307.0,1,1
DAKCFMEO_02193,WP_005768460.1,92.8,265,265,264,6.4e-138,484.6,1,1.00379
DAKCFMEO_02193,WP_005770693.1,38.2,207,265,250,1.2e-27,118.2,0.781132,0.828
DAKCFMEO_02193,WP_010203323.1,33.0,221,265,237,1.6e-24,107.8,0.833962,0.932489
DAKCFMEO_02193,WP_005767689.1,36.8,193,265,270,2.1e-24,107.5,0.728302,0.714815
DAKCFMEO_02193,WP_003380252.1,30.4,227,265,326,4.4e-22,99.8,0.856604,0.696319
DAKCFMEO_02193,WP_011105568.1,33.1,236,265,259,1.7e-21,97.8,0.890566,0.911197
DAKCFMEO_02193,WP_011105420.1,34.7,190,265,270,1.4e-20,94.7,0.716981,0.703704
DAKCFMEO_02194,WP_007247039.1,96.9,262,262,262,6.1e-117,414.8,1,1
DAKCFMEO_02194,WP_011103866.1,36.6,243,262,299,1.3e-13,71.6,0.927481,0.812709
DAKCFMEO_02195,WP_007247040.1,79.0,238,238,238,9.9e-98,350.9,1,1
DAKCFMEO_02196,WP_011105396.1,93.0,716,715,716,0.0e+00,1336.2,1.0014,1
DAKCFMEO_02196,WP_046463487.1,40.8,458,715,501,1.6e-95,345.1,0.640559,0.914172
DAKCFMEO_02197,WP_010203924.1,97.0,335,366,335,2.5e-185,642.5,0.915301,1
DAKCFMEO_02197,WP_005765582.1,46.3,348,366,376,6.2e-75,275.8,0.95082,0.925532
DAKCFMEO_02197,WP_007243868.1,44.3,244,366,245,4.1e-50,193.4,0.666667,0.995918
DAKCFMEO_02197,WP_011103489.1,39.8,256,366,254,9.4e-47,182.2,0.699454,1.00787
DAKCFMEO_02197,WP_005768429.1,44.6,222,366,244,1.0e-45,178.7,0.606557,0.909836
DAKCFMEO_02197,WP_005737152.1,41.9,253,366,257,6.7e-45,176.0,0.691257,0.984436
DAKCFMEO_02197,WP_007245567.1,43.8,226,366,247,6.7e-45,176.0,0.617486,0.91498
DAKCFMEO_02197,WP_011105043.1,42.6,235,366,326,1.1e-44,175.3,0.642077,0.720859
DAKCFMEO_02197,WP_007247035.1,41.4,227,366,276,2.2e-43,171.0,0.620219,0.822464
DAKCFMEO_02197,WP_007246637.1,40.2,246,366,254,1.4e-42,168.3,0.672131,0.968504
DAKCFMEO_02197,WP_011104329.1,42.0,231,366,261,3.1e-42,167.2,0.631148,0.885057
DAKCFMEO_02197,WP_003380252.1,38.0,255,366,326,6.9e-42,166.0,0.696721,0.782209
DAKCFMEO_02197,WP_005762478.1,37.5,253,366,263,4.5e-41,163.3,0.691257,0.961977
DAKCFMEO_02197,WP_011104895.1,41.4,222,366,244,5.9e-41,162.9,0.606557,0.909836
DAKCFMEO_02197,WP_011104376.1,38.4,237,366,253,3.8e-40,160.2,0.647541,0.936759
DAKCFMEO_02197,WP_011104358.1,39.4,236,366,345,1.9e-39,157.9,0.644809,0.684058
DAKCFMEO_02197,WP_011103716.1,36.1,252,366,254,2.5e-39,157.5,0.688525,0.992126
DAKCFMEO_02197,WP_005737104.1,38.6,228,366,380,4.2e-39,156.8,0.622951,0.6
DAKCFMEO_02197,WP_005762887.1,40.0,225,366,337,9.4e-39,155.6,0.614754,0.667656
DAKCFMEO_02197,WP_003368676.1,32.8,250,366,385,4.7e-38,153.3,0.68306,0.649351
DAKCFMEO_02197,WP_011103923.1,37.7,223,366,227,5.2e-37,149.8,0.60929,0.982379
DAKCFMEO_02197,WP_005762690.1,32.6,276,366,384,6.7e-37,149.4,0.754098,0.71875
DAKCFMEO_02198,WP_011105395.1,98.2,224,224,224,9.3e-114,404.1,1,1
DAKCFMEO_02198,WP_005765584.1,47.3,205,224,214,6.3e-46,178.7,0.915179,0.957944
DAKCFMEO_02199,WP_005768450.1,89.5,257,257,257,1.1e-123,437.2,1,1
DAKCFMEO_02199,WP_011105375.1,66.2,260,257,260,3.6e-93,335.9,1.01167,1
DAKCFMEO_02199,WP_011105353.1,35.3,255,257,262,2.1e-32,134.0,0.992218,0.973282
DAKCFMEO_02200,WP_011105394.1,76.2,210,210,210,1.4e-92,333.6,1,1
DAKCFMEO_02200,WP_007249559.1,30.3,155,210,201,4.4e-17,82.8,0.738095,0.771144
DAKCFMEO_02201,WP_003375846.1,31.9,282,299,295,6.5e-30,125.9,0.943144,0.955932
DAKCFMEO_02207,WP_007247044.1,64.9,171,192,162,2.5e-59,223.0,0.890625,1.05556
DAKCFMEO_02208,WP_007244877.1,40.2,512,530,670,1.7e-102,367.9,0.966038,0.764179
DAKCFMEO_02210,WP_011105393.1,83.2,214,216,216,7.6e-97,347.8,0.990741,0.990741
DAKCFMEO_02211,WP_011105392.1,89.8,509,510,510,6.5e-256,877.5,0.998039,0.998039
DAKCFMEO_02212,WP_003380033.1,95.9,246,246,246,8.0e-135,474.2,1,1
DAKCFMEO_02212,WP_003380298.1,30.8,208,246,212,1.0e-17,85.1,0.845528,0.981132
DAKCFMEO_02213,WP_005768437.1,91.8,352,352,352,3.9e-191,661.8,1,1
DAKCFMEO_02216,WP_005769461.1,93.5,93,95,95,8.9e-50,190.3,0.978947,0.978947
DAKCFMEO_02217,WP_161797764.1,95.5,695,705,695,0.0e+00,1334.3,0.985816,1
DAKCFMEO_02218,WP_011103010.1,94.5,181,182,181,1.5e-82,300.1,0.994505,1
DAKCFMEO_02218,WP_005615845.1,49.4,160,182,174,1.7e-20,94.0,0.879121,0.91954
DAKCFMEO_02221,WP_011103011.1,84.9,350,351,351,7.1e-177,614.4,0.997151,0.997151
DAKCFMEO_02222,WP_005768137.1,75.4,114,137,114,8.9e-51,194.1,0.832117,1
DAKCFMEO_02223,WP_003379415.1,84.4,77,77,77,5.2e-32,131.0,1,1
DAKCFMEO_02223,WP_003379418.1,52.7,74,77,74,3.4e-15,75.1,0.961039,1
DAKCFMEO_02224,WP_005768138.1,89.5,143,143,143,5.8e-69,254.6,1,1
DAKCFMEO_02225,WP_005768139.1,97.3,333,333,333,2.2e-188,652.5,1,1
DAKCFMEO_02226,WP_003379418.1,87.8,74,74,74,7.2e-31,127.1,1,1
DAKCFMEO_02226,WP_003379415.1,52.7,74,74,77,5.6e-15,74.3,1,0.961039
DAKCFMEO_02227,WP_005613459.1,81.9,72,72,71,4.3e-28,117.9,1,1.01408
DAKCFMEO_02228,WP_005768141.1,95.4,108,108,108,2.3e-49,189.1,1,1
DAKCFMEO_02229,WP_005768142.1,91.8,318,318,318,2.2e-169,589.3,1,1
DAKCFMEO_02229,WP_011104206.1,34.4,259,318,301,4.8e-31,129.8,0.814465,0.860465
DAKCFMEO_02229,WP_005769505.1,30.1,306,318,306,6.3e-31,129.4,0.962264,1
DAKCFMEO_02229,WP_005767834.1,32.0,256,318,303,1.5e-29,124.8,0.805031,0.844884
DAKCFMEO_02229,WP_011105513.1,31.1,296,318,306,7.7e-29,122.5,0.930818,0.96732
DAKCFMEO_02229,WP_005620804.1,31.6,307,318,301,1.2e-26,115.2,0.965409,1.01993
DAKCFMEO_02229,WP_011104205.1,30.5,305,318,298,8.8e-25,109.0,0.959119,1.02349
DAKCFMEO_02229,WP_005767830.1,31.1,267,318,308,1.1e-22,102.1,0.839623,0.866883
DAKCFMEO_02229,WP_005768148.1,30.7,293,318,316,3.8e-20,93.6,0.921384,0.927215
DAKCFMEO_02230,WP_005768143.1,96.1,409,409,409,2.1e-236,812.4,1,1
DAKCFMEO_02231,WP_011103014.1,95.9,270,270,270,1.5e-142,500.0,1,1
DAKCFMEO_02232,WP_005768144.1,74.9,171,158,171,1.8e-50,193.4,1.08228,1
DAKCFMEO_02233,WP_005768145.1,79.0,272,274,274,6.6e-130,458.0,0.992701,0.992701
DAKCFMEO_02235,WP_005768148.1,87.7,316,316,316,5.6e-165,574.7,1,1
DAKCFMEO_02235,WP_011105513.1,35.4,291,316,306,5.3e-38,152.9,0.920886,0.95098
DAKCFMEO_02235,WP_011104205.1,31.5,292,316,298,4.9e-36,146.4,0.924051,0.979866
DAKCFMEO_02235,WP_005766100.1,32.2,304,316,317,5.1e-33,136.3,0.962025,0.958991
DAKCFMEO_02235,WP_005767834.1,33.1,293,316,303,5.1e-33,136.3,0.927215,0.966997
DAKCFMEO_02235,WP_005620804.1,32.7,294,316,301,6.6e-33,136.0,0.93038,0.976744
DAKCFMEO_02235,WP_005769505.1,33.4,290,316,306,1.2e-29,125.2,0.917722,0.947712
DAKCFMEO_02235,WP_011104206.1,33.1,293,316,301,6.4e-28,119.4,0.927215,0.973422
DAKCFMEO_02235,WP_005767830.1,30.6,288,316,308,1.5e-24,108.2,0.911392,0.935065
DAKCFMEO_02236,WP_005768150.1,93.0,501,501,501,7.5e-289,986.9,1,1
DAKCFMEO_02237,WP_011103015.1,86.0,308,308,308,2.1e-156,546.2,1,1
DAKCFMEO_02237,WP_005763694.1,52.0,298,308,315,3.7e-81,296.2,0.967532,0.946032
DAKCFMEO_02238,WP_005768154.1,71.4,105,105,105,2.3e-38,152.5,1,1
DAKCFMEO_02239,WP_011103665.1,66.8,208,225,248,5.9e-76,278.5,0.924444,0.83871
DAKCFMEO_02240,WP_046463924.1,80.2,242,244,244,7.2e-112,397.9,0.991803,0.991803
DAKCFMEO_02241,WP_005766631.1,94.7,262,262,262,2.6e-147,515.8,1,1
DAKCFMEO_02241,WP_005769615.1,34.3,248,262,242,6.7e-31,129.0,0.946565,1.02479
DAKCFMEO_02242,WP_005766633.1,78.1,114,114,116,1.0e-47,183.7,1,0.982759
DAKCFMEO_02243,WP_003381559.1,96.0,225,225,225,6.0e-121,427.9,1,1
DAKCFMEO_02243,WP_007246025.1,47.1,221,225,222,3.1e-48,186.4,0.982222,0.995495
DAKCFMEO_02243,WP_011103755.1,40.2,219,225,220,6.8e-40,158.7,0.973333,0.995455
DAKCFMEO_02243,WP_005764042.1,38.6,223,225,225,1.7e-38,154.1,0.991111,0.991111
DAKCFMEO_02243,WP_005739198.1,38.6,223,225,223,1.1e-37,151.4,0.991111,1
DAKCFMEO_02243,WP_003382360.1,37.1,224,225,224,1.6e-36,147.5,0.995556,1
DAKCFMEO_02243,WP_003381155.1,33.6,223,225,227,2.1e-33,137.1,0.991111,0.982379
DAKCFMEO_02243,WP_002554192.1,35.2,219,225,229,6.2e-33,135.6,0.973333,0.956332
DAKCFMEO_02243,WP_011103914.1,36.1,219,225,230,4.4e-31,129.4,0.973333,0.952174
DAKCFMEO_02243,WP_003383141.1,33.9,224,225,229,1.3e-30,127.9,0.995556,0.978166
DAKCFMEO_02243,WP_003380226.1,33.3,228,225,246,2.1e-28,120.6,1.01333,0.926829
DAKCFMEO_02243,WP_002555020.1,32.3,223,225,227,1.7e-27,117.5,0.991111,0.982379
DAKCFMEO_02243,WP_007244755.1,34.2,228,225,249,2.6e-23,103.6,1.01333,0.915663
DAKCFMEO_02243,WP_005770857.1,30.1,219,225,224,1.7e-22,100.9,0.973333,0.977679
DAKCFMEO_02243,WP_004396544.1,32.1,221,225,225,3.8e-22,99.8,0.982222,0.982222
DAKCFMEO_02243,WP_005766623.1,33.5,224,225,245,3.8e-22,99.8,0.995556,0.914286
DAKCFMEO_02243,WP_005769238.1,31.1,235,225,254,3.9e-19,89.7,1.04444,0.925197
DAKCFMEO_02244,WP_005739017.1,91.5,448,448,448,2.4e-230,792.3,1,1
DAKCFMEO_02244,WP_011103754.1,30.7,277,448,457,9.8e-22,99.4,0.618304,0.606127
DAKCFMEO_02246,WP_005766635.1,99.1,450,450,450,2.1e-242,832.4,1,1
DAKCFMEO_02246,WP_011104856.1,53.3,418,450,435,1.3e-122,434.5,0.928889,0.96092
DAKCFMEO_02246,WP_011103042.1,42.2,415,450,443,7.4e-86,312.4,0.922222,0.936795
DAKCFMEO_02247,WP_005766637.1,91.5,164,164,164,1.5e-89,323.2,1,1
DAKCFMEO_02249,WP_011103669.1,94.5,274,274,274,1.5e-153,536.6,1,1
DAKCFMEO_02250,WP_011103670.1,93.3,223,223,223,6.8e-125,441.0,1,1
DAKCFMEO_02252,WP_003381567.1,92.5,200,201,201,2.7e-104,372.5,0.995025,0.995025
DAKCFMEO_02253,WP_011103671.1,89.7,117,117,117,3.2e-57,215.3,1,1
DAKCFMEO_02254,WP_005739010.1,89.0,155,155,155,5.7e-78,284.6,1,1
DAKCFMEO_02255,WP_011103672.1,80.7,135,135,135,6.9e-64,237.7,1,1
DAKCFMEO_02256,WP_005766645.1,89.7,145,145,145,7.7e-77,280.8,1,1
DAKCFMEO_02257,WP_011103472.1,31.9,251,329,324,9.7e-27,115.5,0.762918,0.774691
DAKCFMEO_02257,WP_011104476.1,31.1,289,329,318,8.2e-26,112.5,0.878419,0.908805
DAKCFMEO_02257,WP_011104568.1,30.3,254,329,310,4.1e-25,110.2,0.772036,0.819355
DAKCFMEO_02257,WP_007246890.1,31.1,212,329,319,1.5e-16,81.6,0.644377,0.664577
DAKCFMEO_02257,WP_010207549.1,30.2,232,329,309,8.8e-12,65.9,0.705167,0.750809
DAKCFMEO_02259,WP_011103673.1,91.8,917,917,917,0.0e+00,1617.1,1,1
DAKCFMEO_02259,WP_005766801.1,33.3,658,917,783,1.1e-72,269.6,0.717557,0.840358
DAKCFMEO_02260,WP_005616363.1,94.7,300,300,300,2.5e-162,565.8,1,1
DAKCFMEO_02260,WP_007245803.1,39.2,314,300,324,3.0e-51,196.8,1.04667,0.969136
DAKCFMEO_02260,WP_024666158.1,38.8,309,300,316,2.6e-47,183.7,1.03,0.977848
DAKCFMEO_02260,WP_005768541.1,34.9,312,300,372,4.8e-41,162.9,1.04,0.83871
DAKCFMEO_02261,WP_011103674.1,88.9,451,451,451,7.3e-235,807.4,1,1
DAKCFMEO_02262,WP_007247360.1,97.7,747,747,747,0.0e+00,1466.8,1,1
DAKCFMEO_02262,WP_005769571.1,32.7,738,747,701,3.2e-118,420.6,0.987952,1.05278
DAKCFMEO_02263,WP_011103676.1,87.4,277,277,277,4.5e-142,498.4,1,1
DAKCFMEO_02264,WP_005616372.1,84.7,177,180,179,2.5e-69,256.1,0.983333,0.988827
DAKCFMEO_02265,WP_003381582.1,96.6,59,59,59,2.7e-28,118.2,1,1
DAKCFMEO_02266,WP_003381583.1,94.5,237,237,237,2.5e-125,442.6,1,1
DAKCFMEO_02267,WP_005766657.1,91.7,216,216,216,9.9e-113,400.6,1,1
DAKCFMEO_02267,WP_007246877.1,30.6,196,216,288,2.0e-17,84.0,0.907407,0.680556
DAKCFMEO_02268,WP_003381585.1,98.3,352,352,352,9.2e-201,693.7,1,1
DAKCFMEO_02269,WP_011103677.1,90.9,320,357,366,6.3e-165,574.7,0.896359,0.874317
DAKCFMEO_02270,WP_005616381.1,84.6,357,357,357,5.9e-163,568.2,1,1
DAKCFMEO_02271,WP_003381589.1,98.7,234,234,234,1.2e-132,466.8,1,1
DAKCFMEO_02272,WP_005766661.1,87.8,254,254,254,3.4e-136,478.8,1,1
DAKCFMEO_02273,WP_044393666.1,76.8,241,240,240,5.5e-96,345.1,1.00417,1.00417
DAKCFMEO_02274,WP_005766666.1,86.2,181,180,181,6.2e-84,304.7,1.00556,1
DAKCFMEO_02275,WP_005766669.1,94.8,442,442,442,2.6e-253,868.6,1,1
DAKCFMEO_02275,WP_011104674.1,50.2,426,442,430,3.0e-124,439.9,0.963801,0.990698
DAKCFMEO_02276,WP_005766671.1,97.0,203,203,203,7.4e-110,391.0,1,1
DAKCFMEO_02277,WP_005766673.1,91.4,431,431,431,3.4e-229,788.5,1,1
DAKCFMEO_02278,WP_005766675.1,92.6,216,216,216,8.9e-114,404.1,1,1
DAKCFMEO_02279,WP_011103680.1,91.1,302,302,302,5.5e-162,564.7,1,1
DAKCFMEO_02280,WP_011103681.1,83.1,332,333,334,2.8e-167,582.4,0.996997,0.994012
DAKCFMEO_02281,WP_005766682.1,94.8,484,486,486,2.2e-269,922.2,0.995885,0.995885
DAKCFMEO_02282,WP_005766684.1,91.3,173,173,173,2.4e-85,309.3,1,1
DAKCFMEO_02283,WP_005766686.1,90.3,350,350,350,9.8e-179,620.5,1,1
DAKCFMEO_02284,WP_005766688.1,85.7,189,190,190,2.0e-93,336.3,0.994737,0.994737
DAKCFMEO_02285,WP_011103682.1,70.7,242,243,243,4.7e-87,315.5,0.995885,0.995885
DAKCFMEO_02286,WP_161797812.1,87.2,399,402,399,1.7e-190,659.8,0.992537,1
DAKCFMEO_02287,WP_011103684.1,91.3,183,183,183,4.2e-96,345.1,1,1
DAKCFMEO_02287,WP_007244088.1,45.3,139,183,162,2.4e-27,116.7,0.759563,0.858025
DAKCFMEO_02287,WP_004397843.1,46.5,129,183,161,9.2e-27,114.8,0.704918,0.801242
DAKCFMEO_02288,WP_046463934.1,84.9,424,427,421,4.1e-211,728.4,0.992974,1.00713
DAKCFMEO_02288,WP_011103336.1,52.1,426,427,422,4.8e-119,422.5,0.997658,1.00948
DAKCFMEO_02290,WP_020306396.1,94.6,74,74,74,1.7e-35,142.5,1,1
DAKCFMEO_02291,WP_005766701.1,72.3,101,101,101,5.1e-35,141.4,1,1
DAKCFMEO_02292,WP_163004347.1,81.1,454,492,454,6.8e-194,671.4,0.922764,1
DAKCFMEO_02294,WP_005766707.1,48.7,78,104,104,4.6e-15,75.1,0.75,0.75
DAKCFMEO_02295,WP_005766709.1,81.3,198,200,199,4.4e-91,328.6,0.99,0.994975
DAKCFMEO_02295,WP_005766026.1,30.1,176,200,236,4.4e-14,72.8,0.88,0.745763
DAKCFMEO_02296,WP_005766711.1,87.1,318,319,320,9.7e-157,547.4,0.996865,0.99375
DAKCFMEO_02297,WP_011103689.1,82.4,204,204,204,2.5e-102,365.9,1,1
DAKCFMEO_02298,WP_005766716.1,95.7,464,464,464,1.8e-257,882.5,1,1
DAKCFMEO_02298,WP_011105011.1,43.5,460,464,458,4.2e-100,359.8,0.991379,1.00437
DAKCFMEO_02298,WP_005739655.1,40.8,461,464,474,3.1e-87,317.0,0.993534,0.972574
DAKCFMEO_02299,WP_003314637.1,98.3,175,175,175,1.1e-88,320.5,1,1
DAKCFMEO_02300,WP_003378929.1,93.8,97,97,97,1.2e-49,189.9,1,1
DAKCFMEO_02301,WP_005766720.1,95.2,314,316,317,3.9e-166,578.6,0.993671,0.990536
DAKCFMEO_02302,WP_011103690.1,83.3,210,210,210,2.5e-100,359.4,1,1
DAKCFMEO_02303,WP_161797811.1,92.7,589,608,589,1.6e-306,1045.8,0.96875,1
DAKCFMEO_02303,WP_005762826.1,30.7,528,608,581,1.2e-51,199.1,0.868421,0.908778
DAKCFMEO_02303,WP_011104366.1,30.6,563,608,619,1.7e-45,178.7,0.925987,0.909532
DAKCFMEO_02304,WP_011103691.1,82.6,818,820,818,0.0e+00,1370.9,0.997561,1
DAKCFMEO_02304,WP_046463958.1,31.5,559,820,825,2.1e-62,235.3,0.681707,0.677576
DAKCFMEO_02305,WP_005766727.1,89.1,258,261,261,2.6e-139,489.2,0.988506,0.988506
DAKCFMEO_02306,WP_005766730.1,75.2,307,308,308,1.8e-128,453.4,0.996753,0.996753
DAKCFMEO_02307,WP_007245137.1,82.9,246,246,246,1.3e-113,403.7,1,1
DAKCFMEO_02307,WP_005771315.1,30.0,243,246,249,3.9e-12,66.6,0.987805,0.975904
DAKCFMEO_02308,WP_011103692.1,91.5,223,223,223,3.5e-121,428.7,1,1
DAKCFMEO_02309,WP_005766737.1,97.4,232,232,232,7.8e-132,464.2,1,1
DAKCFMEO_02310,WP_005766740.1,93.4,441,450,443,6.4e-223,767.7,0.98,0.995485
DAKCFMEO_02311,WP_005766742.1,93.6,358,358,358,1.1e-190,660.2,1,1
DAKCFMEO_02312,WP_005766744.1,99.0,886,928,928,0.0e+00,1616.3,0.954741,0.954741
DAKCFMEO_02312,WP_005762992.1,37.9,639,928,751,1.0e-105,379.4,0.688578,0.850866
DAKCFMEO_02313,WP_005766746.1,96.1,361,361,361,1.2e-206,713.4,1,1
DAKCFMEO_02314,WP_005616461.1,98.1,364,364,364,1.0e-202,700.3,1,1
DAKCFMEO_02315,WP_005766747.1,77.1,538,545,538,1.1e-229,790.4,0.987156,1
DAKCFMEO_02316,WP_005616463.1,96.1,229,229,229,8.9e-120,424.1,1,1
DAKCFMEO_02317,WP_002554562.1,97.9,563,561,563,3.8e-313,1067.8,1.00357,1
DAKCFMEO_02318,WP_002554561.1,100.0,97,98,98,2.9e-51,195.3,0.989796,0.989796
DAKCFMEO_02318,WP_002553164.1,32.2,90,98,100,4.5e-12,65.1,0.918367,0.9
DAKCFMEO_02318,WP_002552737.1,36.3,91,98,90,2.2e-11,62.8,0.928571,1.01111
DAKCFMEO_02319,WP_005766750.1,47.5,80,83,80,1.9e-11,62.8,0.963855,1
DAKCFMEO_02320,WP_005766752.1,74.2,480,476,480,1.2e-211,730.3,1.0084,1
DAKCFMEO_02321,WP_011103695.1,70.8,325,325,326,3.2e-131,462.6,1,0.996933
DAKCFMEO_02322,WP_011103696.1,66.5,337,338,338,2.1e-125,443.4,0.997041,0.997041
DAKCFMEO_02323,WP_011103697.1,94.1,663,665,664,0.0e+00,1236.9,0.996992,0.998494
DAKCFMEO_02324,WP_005766760.1,63.6,110,110,109,7.7e-29,120.9,1,1.00917
DAKCFMEO_02325,WP_005766763.1,65.6,186,206,189,6.6e-66,245.0,0.902913,0.984127
DAKCFMEO_02325,WP_046463480.1,31.8,195,206,202,9.4e-20,91.7,0.946602,0.965347
DAKCFMEO_02326,WP_011103699.1,88.7,425,425,425,9.7e-213,733.8,1,1
DAKCFMEO_02327,WP_002554553.1,97.1,68,68,68,8.4e-34,136.7,1,1
DAKCFMEO_02328,WP_005766772.1,74.4,160,160,160,2.4e-63,236.1,1,1
DAKCFMEO_02329,WP_005766774.1,74.6,134,128,134,5.1e-48,184.9,1.04688,1
DAKCFMEO_02330,WP_005766776.1,70.9,378,377,378,2.5e-167,582.8,1.00265,1
DAKCFMEO_02331,WP_003373297.1,100.0,189,189,189,8.7e-105,374.0,1,1
DAKCFMEO_02332,WP_011103700.1,93.2,339,339,339,3.7e-183,635.2,1,1
DAKCFMEO_02333,WP_005766782.1,96.4,139,139,139,2.2e-73,269.2,1,1
DAKCFMEO_02334,WP_003373291.1,90.1,141,159,157,9.3e-68,250.8,0.886792,0.898089
DAKCFMEO_02334,WP_005769271.1,46.8,124,159,147,2.2e-24,106.7,0.779874,0.843537
DAKCFMEO_02335,WP_011103701.1,90.2,235,235,248,8.8e-115,407.5,1,0.947581
DAKCFMEO_02336,WP_032710594.1,84.1,283,284,293,4.3e-140,491.9,0.996479,0.96587
DAKCFMEO_02336,WP_005762770.1,37.1,267,284,290,4.6e-41,162.9,0.940141,0.92069
DAKCFMEO_02336,WP_011104667.1,32.8,262,284,284,3.4e-28,120.2,0.922535,0.922535
DAKCFMEO_02339,WP_046463922.1,67.5,77,77,77,3.4e-23,101.7,1,1
DAKCFMEO_02341,WP_005766790.1,96.2,448,448,448,1.2e-258,886.3,1,1
DAKCFMEO_02342,WP_005766792.1,92.1,253,253,253,2.1e-138,486.1,1,1
DAKCFMEO_02343,WP_003373273.1,98.2,562,556,562,8.6e-286,976.9,1.01079,1
DAKCFMEO_02343,WP_011105110.1,40.8,373,556,442,1.0e-65,245.7,0.670863,0.843891
DAKCFMEO_02343,WP_005762956.1,38.8,356,556,459,5.2e-65,243.4,0.640288,0.775599
DAKCFMEO_02343,WP_005616197.1,37.2,366,556,445,9.5e-51,196.1,0.658273,0.822472
DAKCFMEO_02343,WP_046463295.1,33.6,372,556,486,3.1e-49,191.0,0.669065,0.765432
DAKCFMEO_02344,WP_005766795.1,83.9,254,255,255,1.5e-128,453.4,0.996078,0.996078
DAKCFMEO_02345,WP_005766796.1,66.2,219,223,220,1.0e-88,320.9,0.982063,0.995455
DAKCFMEO_02346,WP_004397849.1,96.9,295,295,295,2.1e-158,552.7,1,1
DAKCFMEO_02347,WP_004657364.1,98.0,403,446,403,1.5e-240,826.2,0.903587,1
DAKCFMEO_02348,WP_005766799.1,86.9,130,131,131,4.8e-70,258.1,0.992366,0.992366
DAKCFMEO_02349,WP_004397843.1,94.4,161,161,161,2.6e-89,322.4,1,1
DAKCFMEO_02349,WP_007244088.1,55.4,139,161,162,2.3e-42,166.4,0.863354,0.858025
DAKCFMEO_02349,WP_011103684.1,47.4,137,161,183,2.5e-28,119.8,0.850932,0.748634
DAKCFMEO_02350,WP_005766801.1,83.4,781,787,783,0.0e+00,1276.5,0.992376,0.997446
DAKCFMEO_02350,WP_011103673.1,32.2,646,787,917,1.5e-70,262.3,0.820839,0.704471
DAKCFMEO_02350,WP_005769610.1,31.1,543,787,641,2.7e-59,224.9,0.689962,0.847114
DAKCFMEO_02351,WP_005766802.1,91.2,294,296,296,1.9e-159,556.2,0.993243,0.993243
DAKCFMEO_02352,WP_005766803.1,90.0,160,160,160,1.1e-81,297.0,1,1
DAKCFMEO_02354,WP_005766804.1,91.8,256,256,256,6.8e-129,454.5,1,1
DAKCFMEO_02360,WP_005766806.1,90.8,240,240,240,4.2e-128,451.8,1,1
DAKCFMEO_02361,WP_005764536.1,32.9,313,316,317,2.5e-48,187.2,0.990506,0.987382
DAKCFMEO_02361,WP_011103732.1,34.8,316,316,320,3.4e-45,176.8,1,0.9875
DAKCFMEO_02361,WP_046463917.1,32.7,312,316,325,1.3e-39,158.3,0.987342,0.96
DAKCFMEO_02366,WP_007245106.1,91.0,301,302,301,6.3e-158,551.2,0.996689,1
DAKCFMEO_02366,WP_011104172.1,37.6,303,302,305,6.5e-54,205.7,1.00331,0.993443
DAKCFMEO_02366,WP_011104938.1,37.5,291,302,307,1.1e-53,204.9,0.963576,0.947883
DAKCFMEO_02366,WP_003377838.1,36.2,290,302,298,1.2e-50,194.9,0.960265,0.973154
DAKCFMEO_02366,WP_005617775.1,37.4,294,302,301,2.8e-49,190.3,0.97351,0.976744
DAKCFMEO_02366,WP_011104037.1,35.1,296,302,302,3.5e-47,183.3,0.980132,0.980132
DAKCFMEO_02366,WP_005771227.1,35.5,282,302,294,4.5e-47,183.0,0.933775,0.959184
DAKCFMEO_02366,WP_011104375.1,35.2,287,302,307,1.2e-44,174.9,0.950331,0.934853
DAKCFMEO_02366,WP_011103634.1,35.7,283,302,302,2.1e-44,174.1,0.937086,0.937086
DAKCFMEO_02366,WP_011104428.1,32.7,297,302,304,8.0e-44,172.2,0.983444,0.976974
DAKCFMEO_02366,WP_011104418.1,36.3,289,302,303,1.4e-43,171.4,0.956954,0.953795
DAKCFMEO_02366,WP_011103267.1,34.5,290,302,307,4.1e-40,159.8,0.960265,0.944625
DAKCFMEO_02366,WP_005615366.1,31.5,308,302,315,5.4e-40,159.5,1.01987,0.977778
DAKCFMEO_02366,WP_007246000.1,33.6,292,302,301,5.4e-40,159.5,0.966887,0.9701
DAKCFMEO_02366,WP_005765268.1,31.4,293,302,294,4.0e-35,143.3,0.970199,0.996599
DAKCFMEO_02366,WP_011103609.1,31.5,289,302,297,2.0e-34,141.0,0.956954,0.973064
DAKCFMEO_02366,WP_005766247.1,30.8,289,302,319,1.0e-30,128.6,0.956954,0.905956
DAKCFMEO_02366,WP_005764422.1,30.7,280,302,291,4.9e-25,109.8,0.927152,0.962199
DAKCFMEO_02367,WP_005766812.1,83.5,388,391,397,6.9e-189,654.4,0.992327,0.97733
DAKCFMEO_02368,WP_011103705.1,87.5,329,329,329,1.5e-157,550.1,1,1
DAKCFMEO_02368,WP_005767090.1,33.3,300,329,321,1.6e-42,167.9,0.911854,0.934579
DAKCFMEO_02368,WP_044391155.1,34.8,319,329,338,8.2e-42,165.6,0.969605,0.943787
DAKCFMEO_02368,WP_011103109.1,30.7,277,329,311,8.5e-31,129.0,0.841945,0.890675
DAKCFMEO_02368,WP_011103995.1,32.0,316,329,324,1.7e-26,114.8,0.960486,0.975309
DAKCFMEO_02369,WP_011103706.1,86.9,527,527,527,9.1e-269,920.2,1,1
DAKCFMEO_02370,WP_011103707.1,80.7,202,201,204,5.2e-92,331.6,1.00498,0.990196
DAKCFMEO_02371,WP_005767686.1,92.4,301,301,301,2.1e-161,562.8,1,1
DAKCFMEO_02374,WP_005767688.1,89.8,285,284,285,2.7e-134,472.6,1.00352,1
DAKCFMEO_02374,WP_005767089.1,46.4,239,284,265,9.8e-60,224.9,0.841549,0.901887
DAKCFMEO_02374,WP_011104191.1,40.2,264,284,282,2.3e-45,177.2,0.929577,0.93617
DAKCFMEO_02374,WP_011105423.1,33.2,241,284,285,1.5e-36,147.9,0.848592,0.845614
DAKCFMEO_02374,WP_005764735.1,33.0,188,284,271,4.0e-21,96.7,0.661972,0.693727
DAKCFMEO_02375,WP_005767689.1,83.8,277,277,270,7.2e-124,438.0,1,1.02593
DAKCFMEO_02375,WP_011105420.1,46.6,251,277,270,6.6e-53,202.2,0.906137,0.92963
DAKCFMEO_02375,WP_010203323.1,47.1,204,277,237,2.6e-41,163.7,0.736462,0.860759
DAKCFMEO_02375,WP_007246818.1,42.8,208,277,260,2.5e-36,147.1,0.750903,0.8
DAKCFMEO_02375,WP_011105360.1,36.2,260,277,286,4.0e-34,139.8,0.938628,0.909091
DAKCFMEO_02375,WP_005767098.1,37.0,211,277,261,1.5e-33,137.9,0.761733,0.808429
DAKCFMEO_02375,WP_005770464.1,38.8,209,277,329,2.7e-30,127.1,0.754513,0.635258
DAKCFMEO_02375,WP_011104329.1,35.8,232,277,261,6.0e-30,125.9,0.837545,0.888889
DAKCFMEO_02375,WP_003380252.1,37.6,213,277,326,3.0e-29,123.6,0.768953,0.653374
DAKCFMEO_02375,WP_011104117.1,33.7,258,277,278,8.7e-29,122.1,0.931408,0.928058
DAKCFMEO_02375,WP_044390643.1,37.7,215,277,356,8.7e-29,122.1,0.776173,0.603933
DAKCFMEO_02375,WP_011103158.1,38.9,221,277,347,7.4e-28,119.0,0.797834,0.636888
DAKCFMEO_02375,WP_011104057.1,38.2,225,277,342,4.8e-27,116.3,0.812274,0.657895
DAKCFMEO_02375,WP_003383085.1,36.3,226,277,232,1.4e-26,114.8,0.815884,0.974138
DAKCFMEO_02375,WP_011103641.1,36.4,217,277,222,6.9e-26,112.5,0.783394,0.977477
DAKCFMEO_02375,WP_005768429.1,36.2,207,277,244,9.0e-26,112.1,0.747292,0.848361
DAKCFMEO_02375,WP_011104080.1,35.4,229,277,277,1.5e-25,111.3,0.826715,0.826715
DAKCFMEO_02376,WP_005767690.1,87.0,100,100,100,6.1e-49,187.6,1,1
DAKCFMEO_02378,WP_011103709.1,92.3,274,275,273,3.6e-152,531.9,0.996364,1.00366
DAKCFMEO_02379,WP_005767692.1,85.4,103,103,103,9.7e-50,190.3,1,1
DAKCFMEO_02380,WP_011103710.1,97.5,484,484,484,2.0e-267,915.6,1,1
DAKCFMEO_02381,WP_005767695.1,88.7,186,186,186,9.8e-93,334.0,1,1
DAKCFMEO_02382,WP_011103711.1,86.5,451,451,450,3.6e-226,778.5,1,1.00222
DAKCFMEO_02382,WP_011103499.1,30.4,316,451,468,2.0e-27,118.2,0.700665,0.675214
DAKCFMEO_02382,WP_011104914.1,30.2,288,451,460,7.0e-20,93.2,0.638581,0.626087
DAKCFMEO_02383,WP_005767699.1,60.9,156,156,154,7.6e-14,71.6,1,1.01299
DAKCFMEO_02384,WP_004396544.1,95.1,225,225,225,7.9e-121,427.6,1,1
DAKCFMEO_02384,WP_007244755.1,41.4,222,225,249,2.8e-41,163.3,0.986667,0.891566
DAKCFMEO_02384,WP_003380226.1,39.0,218,225,246,2.1e-36,147.1,0.968889,0.886179
DAKCFMEO_02384,WP_005764051.1,39.2,227,225,245,6.0e-36,145.6,1.00889,0.926531
DAKCFMEO_02384,WP_003383141.1,34.4,224,225,229,8.6e-35,141.7,0.995556,0.978166
DAKCFMEO_02384,WP_005739198.1,38.1,218,225,223,1.2e-33,137.9,0.968889,0.977578
DAKCFMEO_02384,WP_005769238.1,37.2,218,225,254,2.3e-32,133.7,0.968889,0.858268
DAKCFMEO_02384,WP_007246025.1,37.7,220,225,222,8.9e-32,131.7,0.977778,0.990991
DAKCFMEO_02384,WP_005766623.1,35.3,224,225,245,2.0e-31,130.6,0.995556,0.914286
DAKCFMEO_02384,WP_011103755.1,38.0,200,225,220,1.9e-29,124.0,0.888889,0.909091
DAKCFMEO_02384,WP_002554192.1,35.1,205,225,229,9.6e-26,111.7,0.911111,0.895197
DAKCFMEO_02384,WP_003382360.1,31.2,218,225,224,1.8e-24,107.5,0.968889,0.973214
DAKCFMEO_02384,WP_003381155.1,31.1,222,225,227,4.0e-24,106.3,0.986667,0.977974
DAKCFMEO_02384,WP_002555020.1,33.8,219,225,227,1.5e-23,104.4,0.973333,0.964758
DAKCFMEO_02384,WP_005764042.1,32.9,219,225,225,1.5e-23,104.4,0.973333,0.973333
DAKCFMEO_02384,WP_003381559.1,31.5,222,225,225,2.9e-22,100.1,0.986667,0.986667
DAKCFMEO_02384,WP_011103914.1,31.5,219,225,230,6.4e-22,99.0,0.973333,0.952174
DAKCFMEO_02384,WP_159229484.1,33.5,182,225,207,4.2e-21,96.3,0.808889,0.879227
DAKCFMEO_02384,WP_011104125.1,31.2,202,225,233,5.1e-19,89.4,0.897778,0.866953
DAKCFMEO_02384,WP_005770857.1,30.9,181,225,224,1.9e-18,87.4,0.804444,0.808036
DAKCFMEO_02385,WP_005767701.1,59.1,137,135,137,3.6e-36,145.6,1.01481,1
DAKCFMEO_02386,WP_005767703.1,86.9,99,99,99,5.8e-44,171.0,1,1
DAKCFMEO_02387,WP_004396551.1,92.4,198,211,198,1.5e-102,366.7,0.938389,1
DAKCFMEO_02388,WP_005767709.1,93.7,287,287,287,1.2e-161,563.5,1,1
DAKCFMEO_02389,WP_004396553.1,97.6,209,209,209,1.2e-118,420.2,1,1
DAKCFMEO_02390,WP_004396554.1,98.5,272,272,272,2.6e-142,499.2,1,1
DAKCFMEO_02391,WP_005767714.1,91.5,260,261,257,8.5e-135,474.2,0.996169,1.01167
DAKCFMEO_02392,WP_005767716.1,92.1,63,63,63,8.3e-28,116.7,1,1
DAKCFMEO_02393,WP_005767718.1,87.5,409,407,408,1.7e-198,686.4,1.00491,1.00245
DAKCFMEO_02394,WP_005767720.1,94.5,469,469,469,3.8e-250,858.2,1,1
DAKCFMEO_02394,WP_011105401.1,42.9,448,469,458,3.6e-99,356.7,0.955224,0.978166
DAKCFMEO_02394,WP_011105441.1,36.7,439,469,463,1.2e-70,261.9,0.936034,0.948164
DAKCFMEO_02395,WP_005767723.1,97.1,137,137,137,2.8e-68,252.3,1,1
DAKCFMEO_02396,WP_005616613.1,93.5,169,170,170,8.7e-88,317.4,0.994118,0.994118
DAKCFMEO_02397,WP_011103722.1,88.2,331,334,334,4.5e-165,575.1,0.991018,0.991018
DAKCFMEO_02398,WP_011103723.1,94.2,874,874,874,0.0e+00,1626.7,1,1
DAKCFMEO_02399,WP_005731386.1,98.0,410,410,410,6.7e-219,754.2,1,1
DAKCFMEO_02400,WP_002554426.1,100.0,62,62,62,4.3e-29,120.9,1,1
DAKCFMEO_02400,WP_002554157.1,70.9,55,62,62,6.1e-15,73.9,0.887097,0.887097
DAKCFMEO_02400,WP_003381023.1,52.5,59,62,64,1.4e-11,62.8,0.951613,0.921875
DAKCFMEO_02404,WP_007245069.1,73.2,164,164,163,1.3e-64,240.4,1,1.00613
DAKCFMEO_02405,WP_005767763.1,96.9,480,480,480,1.9e-236,812.8,1,1
DAKCFMEO_02406,WP_002554423.1,99.0,105,105,108,1.6e-52,199.5,1,0.972222
DAKCFMEO_02408,WP_010204340.1,66.2,80,80,79,2.4e-24,105.5,1,1.01266
DAKCFMEO_02411,WP_005771485.1,90.9,208,208,208,4.4e-110,391.7,1,1
DAKCFMEO_02412,WP_005767798.1,67.8,199,199,199,7.3e-78,284.6,1,1
DAKCFMEO_02414,WP_044390572.1,94.5,308,308,308,2.1e-169,589.3,1,1
DAKCFMEO_02415,WP_011104938.1,87.3,306,306,307,1.9e-157,549.7,1,0.996743
DAKCFMEO_02415,WP_011104428.1,37.9,306,306,304,6.0e-55,209.1,1,1.00658
DAKCFMEO_02415,WP_007245106.1,39.2,286,306,301,3.3e-53,203.4,0.934641,0.950166
DAKCFMEO_02415,WP_011103634.1,40.7,290,306,302,1.2e-50,194.9,0.947712,0.960265
DAKCFMEO_02415,WP_011104037.1,36.0,289,306,302,5.8e-50,192.6,0.944444,0.956954
DAKCFMEO_02415,WP_003377838.1,37.6,282,306,298,1.2e-47,184.9,0.921569,0.946309
DAKCFMEO_02415,WP_011104172.1,36.3,289,306,305,2.8e-44,173.7,0.944444,0.947541
DAKCFMEO_02415,WP_005615366.1,35.4,288,306,315,1.1e-43,171.8,0.941176,0.914286
DAKCFMEO_02415,WP_011104418.1,34.2,292,306,303,9.0e-43,168.7,0.954248,0.963696
DAKCFMEO_02415,WP_005617775.1,32.5,302,306,301,2.2e-41,164.1,0.986928,1.00332
DAKCFMEO_02415,WP_011104375.1,31.5,289,306,307,3.9e-38,153.3,0.944444,0.941368
DAKCFMEO_02415,WP_007246000.1,33.3,294,306,301,8.7e-38,152.1,0.960784,0.976744
DAKCFMEO_02415,WP_005771227.1,33.7,282,306,294,5.6e-37,149.4,0.921569,0.959184
DAKCFMEO_02415,WP_011103267.1,30.1,286,306,307,2.6e-34,140.6,0.934641,0.931596
DAKCFMEO_02415,WP_011104242.1,30.0,297,306,304,3.4e-34,140.2,0.970588,0.976974
DAKCFMEO_02415,WP_005764422.1,31.1,286,306,291,1.0e-30,128.6,0.934641,0.982818
DAKCFMEO_02419,WP_011104366.1,90.9,617,617,619,0.0e+00,1098.2,1,0.996769
DAKCFMEO_02419,WP_007247023.1,47.5,609,617,610,1.3e-157,551.2,0.987034,0.998361
DAKCFMEO_02419,WP_010213170.1,35.8,531,617,600,7.8e-62,233.0,0.860616,0.885
DAKCFMEO_02419,WP_005766911.1,32.7,483,617,589,1.1e-50,196.1,0.78282,0.820034
DAKCFMEO_02421,WP_005765647.1,51.3,234,325,233,3.4e-64,240.0,0.72,1.00429
DAKCFMEO_02422,WP_011103732.1,72.6,318,320,320,8.0e-135,474.6,0.99375,0.99375
DAKCFMEO_02422,WP_046463917.1,38.0,213,320,325,2.6e-37,150.6,0.665625,0.655385
DAKCFMEO_02422,WP_005764536.1,32.9,246,320,317,4.2e-35,143.3,0.76875,0.776025
DAKCFMEO_02423,WP_046463918.1,49.4,89,92,93,9.3e-20,90.5,0.967391,0.956989
DAKCFMEO_02424,WP_011103731.1,61.9,674,685,693,1.1e-263,903.7,0.983942,0.972583
DAKCFMEO_02425,WP_011104226.1,38.8,129,132,127,3.3e-18,85.9,0.977273,1.01575
DAKCFMEO_02425,WP_007249562.1,41.2,131,132,129,6.2e-17,81.6,0.992424,1.0155
DAKCFMEO_02425,WP_080394021.1,38.8,129,132,127,1.8e-16,80.1,0.977273,1.01575
DAKCFMEO_02428,WP_011104931.1,57.8,256,257,257,3.3e-83,302.8,0.996109,0.996109
DAKCFMEO_02428,WP_005770966.1,31.4,258,257,254,1.9e-25,110.9,1.00389,1.01575
DAKCFMEO_02428,WP_011104354.1,33.6,253,257,243,2.7e-24,107.1,0.984436,1.04115
DAKCFMEO_02428,WP_046463592.1,30.6,248,257,253,7.3e-22,99.0,0.964981,0.980237
DAKCFMEO_02428,WP_005619926.1,30.0,250,257,244,2.2e-18,87.4,0.972763,1.02459
DAKCFMEO_02428,WP_161633151.1,31.6,250,257,254,1.9e-17,84.3,0.972763,0.984252
DAKCFMEO_02428,WP_011103613.1,31.4,204,257,253,1.9e-14,74.3,0.793774,0.806324
DAKCFMEO_02429,WP_005767834.1,32.0,294,309,303,6.7e-38,152.5,0.951456,0.970297
DAKCFMEO_02429,WP_005768148.1,34.7,297,309,316,2.2e-36,147.5,0.961165,0.939873
DAKCFMEO_02429,WP_005769505.1,32.8,302,309,306,5.7e-29,122.9,0.977346,0.986928
DAKCFMEO_02429,WP_011105513.1,30.2,295,309,306,1.7e-28,121.3,0.954693,0.964052
DAKCFMEO_02429,WP_005768142.1,30.0,297,309,318,1.8e-27,117.9,0.961165,0.933962
DAKCFMEO_02430,WP_005766833.1,77.6,161,167,167,1.3e-72,266.9,0.964072,0.964072
DAKCFMEO_02431,WP_005770794.1,72.9,214,214,218,9.2e-87,314.3,1,0.981651
DAKCFMEO_02431,WP_007245868.1,49.3,211,214,216,1.4e-55,210.7,0.985981,0.976852
DAKCFMEO_02431,WP_005767352.1,39.0,213,214,214,1.3e-40,161.0,0.995327,0.995327
DAKCFMEO_02432,WP_046463317.1,71.6,899,898,913,0.0e+00,1322.4,1.00111,0.984666
DAKCFMEO_02432,WP_005767351.1,45.7,911,898,913,2.4e-213,736.9,1.01448,0.997809
DAKCFMEO_02433,WP_046463305.1,55.6,81,83,82,9.3e-19,87.0,0.975904,0.987805
DAKCFMEO_02434,WP_161797783.1,72.8,320,360,333,1.3e-130,460.7,0.888889,0.960961
DAKCFMEO_02435,WP_046463536.1,68.3,268,268,270,3.3e-110,392.5,1,0.992593
DAKCFMEO_02435,WP_007245058.1,36.7,264,268,270,3.5e-43,169.9,0.985075,0.977778
DAKCFMEO_02435,WP_011103477.1,38.5,192,268,272,5.6e-25,109.4,0.716418,0.705882
DAKCFMEO_02435,WP_007245738.1,34.1,185,268,252,3.2e-20,93.6,0.690299,0.734127
DAKCFMEO_02435,WP_046463381.1,32.0,194,268,229,9.0e-15,75.5,0.723881,0.847162
DAKCFMEO_02435,WP_011104368.1,34.0,203,268,252,1.2e-14,75.1,0.757463,0.805556
DAKCFMEO_02435,WP_005765466.1,30.8,185,268,242,2.0e-14,74.3,0.690299,0.764463
DAKCFMEO_02435,WP_011104271.1,32.4,173,268,250,1.0e-13,72.0,0.645522,0.692
DAKCFMEO_02436,WP_005767500.1,72.2,97,98,97,9.6e-39,153.7,0.989796,1
DAKCFMEO_02437,WP_011103739.1,72.7,681,695,691,3.3e-287,981.9,0.979856,0.985528
DAKCFMEO_02437,WP_011104680.1,45.1,667,695,827,1.2e-159,558.1,0.959712,0.80653
DAKCFMEO_02437,WP_032643380.1,48.0,562,695,697,6.6e-134,472.6,0.808633,0.806313
DAKCFMEO_02437,WP_011103576.1,44.9,541,695,695,1.5e-117,418.3,0.778417,0.778417
DAKCFMEO_02437,WP_011104156.1,45.2,493,695,676,5.4e-112,399.8,0.709353,0.72929
DAKCFMEO_02437,WP_007243883.1,35.0,515,695,534,2.8e-68,254.6,0.741007,0.964419
DAKCFMEO_02438,WP_007246046.1,49.8,283,296,302,8.0e-81,295.0,0.956081,0.937086
DAKCFMEO_02438,WP_007246985.1,33.7,288,296,296,2.4e-40,160.6,0.972973,0.972973
DAKCFMEO_02438,WP_005764318.1,32.5,246,296,299,2.6e-31,130.6,0.831081,0.822742
DAKCFMEO_02439,WP_005765721.1,34.6,390,360,396,5.2e-42,166.4,1.08333,0.984848
DAKCFMEO_02440,WP_005766635.1,53.3,430,434,450,6.0e-125,442.2,0.990783,0.955556
DAKCFMEO_02440,WP_011104856.1,48.2,407,434,435,2.6e-104,373.6,0.937788,0.935632
DAKCFMEO_02440,WP_011103042.1,43.1,418,434,443,1.5e-83,304.7,0.963134,0.943567
DAKCFMEO_02441,WP_005769588.1,52.3,434,434,435,2.6e-120,426.8,1,0.997701
DAKCFMEO_02442,WP_011104277.1,38.1,436,416,443,5.1e-81,296.2,1.04808,0.984199
DAKCFMEO_02442,WP_011103959.1,40.6,409,416,418,2.5e-80,293.9,0.983173,0.978469
DAKCFMEO_02442,WP_007244158.1,40.1,401,416,422,8.9e-78,285.4,0.963942,0.950237
DAKCFMEO_02442,WP_046463479.1,38.6,425,416,449,8.9e-78,285.4,1.02163,0.946548
DAKCFMEO_02442,WP_011105421.1,33.5,445,416,448,1.6e-66,248.1,1.06971,0.993304
DAKCFMEO_02442,WP_011104478.1,31.9,436,416,441,4.5e-61,229.9,1.04808,0.988662
DAKCFMEO_02442,WP_005763528.1,33.0,440,416,441,4.9e-60,226.5,1.05769,0.997732
DAKCFMEO_02442,WP_011105463.1,34.0,412,416,424,2.5e-56,214.2,0.990385,0.971698
DAKCFMEO_02442,WP_005769381.1,30.4,358,416,459,3.4e-37,150.6,0.860577,0.779956
DAKCFMEO_02443,WP_011103740.1,96.8,476,483,483,1.9e-273,935.6,0.985507,0.985507
DAKCFMEO_02444,WP_046463915.1,92.9,239,239,239,4.4e-122,431.8,1,1
DAKCFMEO_02444,WP_011104658.1,37.9,235,239,249,1.2e-37,151.4,0.983264,0.943775
DAKCFMEO_02445,WP_005767814.1,92.2,243,243,243,9.1e-123,434.1,1,1
DAKCFMEO_02447,WP_005767816.1,89.5,411,407,411,9.6e-218,750.4,1.00983,1
DAKCFMEO_02447,WP_011104138.1,38.4,404,407,379,1.4e-64,241.5,0.992629,1.06596
DAKCFMEO_02447,WP_003379921.1,33.2,416,407,399,1.0e-46,182.2,1.02211,1.04261
DAKCFMEO_02449,WP_005762877.1,31.4,296,301,302,4.0e-35,143.3,0.983389,0.980132
DAKCFMEO_02449,WP_005764287.1,30.6,206,301,302,9.5e-13,68.9,0.684385,0.682119
DAKCFMEO_02450,WP_005771032.1,37.4,171,254,258,2.3e-28,120.6,0.673228,0.662791
DAKCFMEO_02450,WP_010216200.1,33.0,194,254,317,1.5e-19,91.3,0.76378,0.611987
DAKCFMEO_02452,WP_005767820.1,95.3,296,296,296,1.4e-154,540.0,1,1
DAKCFMEO_02452,WP_011103280.1,35.6,284,296,296,4.5e-39,156.4,0.959459,0.959459
DAKCFMEO_02452,WP_011105293.1,30.2,281,296,301,1.4e-29,124.8,0.949324,0.933555
DAKCFMEO_02453,WP_011103748.1,95.2,505,505,505,2.6e-281,961.8,1,1
DAKCFMEO_02453,WP_011104137.1,45.1,448,505,493,5.9e-108,386.0,0.887129,0.908722
DAKCFMEO_02453,WP_011102988.1,37.3,493,505,497,1.8e-88,321.2,0.976238,0.991952
DAKCFMEO_02453,WP_011103256.1,37.7,493,505,506,2.2e-86,314.3,0.976238,0.974308
DAKCFMEO_02453,WP_005763655.1,35.5,473,505,490,6.4e-78,286.2,0.936634,0.965306
DAKCFMEO_02453,WP_011103085.1,32.7,468,505,480,5.0e-67,250.0,0.926733,0.975
DAKCFMEO_02453,WP_011104361.1,34.5,443,505,505,2.5e-66,247.7,0.877228,0.877228
DAKCFMEO_02453,WP_011104646.1,34.6,468,505,491,1.4e-64,241.9,0.926733,0.953157
DAKCFMEO_02453,WP_011104140.1,32.1,467,505,476,1.2e-60,228.8,0.924752,0.981092
DAKCFMEO_02453,WP_011103053.1,32.3,470,505,485,3.5e-60,227.3,0.930693,0.969072
DAKCFMEO_02453,WP_005762699.1,32.8,448,505,463,2.5e-58,221.1,0.887129,0.967603
DAKCFMEO_02453,WP_005764523.1,32.6,473,505,493,1.2e-57,218.8,0.936634,0.959432
DAKCFMEO_02453,WP_011104290.1,31.7,448,505,482,4.1e-53,203.8,0.887129,0.929461
DAKCFMEO_02453,WP_011103279.1,30.0,426,505,508,1.3e-46,182.2,0.843564,0.838583
DAKCFMEO_02453,WP_005763618.1,30.2,344,505,475,2.1e-33,138.3,0.681188,0.724211
DAKCFMEO_02454,WP_005767827.1,94.5,385,385,385,9.1e-218,750.4,1,1
DAKCFMEO_02455,WP_011103750.1,95.0,458,458,458,2.0e-256,879.0,1,1
DAKCFMEO_02456,WP_005767834.1,97.7,301,301,303,2.9e-171,595.5,1,0.993399
DAKCFMEO_02456,WP_005620804.1,32.5,292,301,301,3.4e-34,140.2,0.9701,0.9701
DAKCFMEO_02456,WP_011105513.1,32.2,289,301,306,9.8e-34,138.7,0.960133,0.944444
DAKCFMEO_02456,WP_011104205.1,31.8,289,301,298,1.0e-30,128.6,0.960133,0.969799
DAKCFMEO_02456,WP_005768142.1,31.1,289,301,318,1.7e-30,127.9,0.960133,0.908805
DAKCFMEO_02456,WP_011104206.1,31.2,298,301,301,2.3e-30,127.5,0.990033,0.990033
DAKCFMEO_02456,WP_005768148.1,30.7,290,301,316,5.5e-29,122.9,0.963455,0.917722
DAKCFMEO_02456,WP_005766100.1,30.4,293,301,317,6.8e-27,115.9,0.973422,0.92429
DAKCFMEO_02456,WP_005764812.1,30.8,185,301,305,2.3e-14,74.3,0.614618,0.606557
DAKCFMEO_02457,WP_005767836.1,94.3,442,442,442,3.1e-230,792.0,1,1
DAKCFMEO_02458,WP_011103752.1,83.5,460,460,461,2.6e-219,755.7,1,0.997831
DAKCFMEO_02459,WP_005767839.1,91.6,415,415,415,8.3e-225,773.9,1,1
DAKCFMEO_02459,WP_011103086.1,41.1,414,415,426,5.2e-94,339.3,0.99759,0.971831
DAKCFMEO_02459,WP_011103055.1,42.8,414,415,434,2.2e-92,334.0,0.99759,0.953917
DAKCFMEO_02459,WP_005770701.1,33.8,420,415,470,3.6e-55,210.3,1.01205,0.893617
DAKCFMEO_02459,WP_011103718.1,33.3,403,415,405,8.7e-49,189.1,0.971084,0.995062
DAKCFMEO_02459,WP_011104111.1,31.7,404,415,400,3.8e-44,173.7,0.973494,1.01
DAKCFMEO_02460,WP_005767841.1,94.8,496,496,496,5.7e-273,934.1,1,1
DAKCFMEO_02460,WP_011104137.1,31.8,453,496,493,4.7e-49,190.3,0.913306,0.918864
DAKCFMEO_02460,WP_161797808.1,31.5,429,496,489,2.8e-38,154.5,0.864919,0.877301
DAKCFMEO_02461,WP_011103753.1,88.6,429,428,429,7.4e-229,787.3,1.00234,1
DAKCFMEO_02461,WP_007246020.1,31.9,367,428,427,1.3e-39,158.7,0.857477,0.859485
DAKCFMEO_02462,WP_011103754.1,93.0,457,457,457,1.0e-239,823.5,1,1
DAKCFMEO_02462,WP_011104914.1,30.2,464,457,460,3.3e-41,164.1,1.01532,1.0087
DAKCFMEO_02462,WP_005764043.1,31.2,295,457,454,6.7e-18,86.7,0.645514,0.64978
DAKCFMEO_02462,WP_011104518.1,30.3,277,457,439,4.1e-15,77.4,0.606127,0.630979
DAKCFMEO_02463,WP_011103755.1,95.9,220,220,220,5.2e-117,414.8,1,1
DAKCFMEO_02463,WP_007246025.1,49.1,216,220,222,2.8e-54,206.5,0.981818,0.972973
DAKCFMEO_02463,WP_005739198.1,42.5,219,220,223,3.4e-44,172.9,0.995455,0.982063
DAKCFMEO_02463,WP_003381559.1,40.6,219,220,225,1.8e-40,160.6,0.995455,0.973333
DAKCFMEO_02463,WP_002554192.1,38.1,223,220,229,3.0e-40,159.8,1.01364,0.973799
DAKCFMEO_02463,WP_002555020.1,41.9,222,220,227,7.4e-39,155.2,1.00909,0.977974
DAKCFMEO_02463,WP_003382360.1,35.7,224,220,224,1.2e-36,147.9,1.01818,1
DAKCFMEO_02463,WP_005764042.1,38.0,221,220,225,5.8e-36,145.6,1.00455,0.982222
DAKCFMEO_02463,WP_003381155.1,36.7,221,220,227,1.0e-35,144.8,1.00455,0.973568
DAKCFMEO_02463,WP_003383141.1,36.6,224,220,229,1.0e-32,134.8,1.01818,0.978166
DAKCFMEO_02463,WP_011103914.1,36.2,221,220,230,5.1e-32,132.5,1.00455,0.96087
DAKCFMEO_02463,WP_011104125.1,35.8,226,220,233,9.6e-31,128.3,1.02727,0.969957
DAKCFMEO_02463,WP_005764051.1,35.8,226,220,245,4.8e-30,125.9,1.02727,0.922449
DAKCFMEO_02463,WP_004396544.1,38.5,200,220,225,8.2e-30,125.2,0.909091,0.888889
DAKCFMEO_02463,WP_007244755.1,35.7,235,220,249,8.2e-30,125.2,1.06818,0.943775
DAKCFMEO_02463,WP_005770857.1,33.5,221,220,224,4.1e-29,122.9,1.00455,0.986607
DAKCFMEO_02463,WP_005769238.1,33.9,236,220,254,1.5e-28,120.9,1.07273,0.929134
DAKCFMEO_02463,WP_159229484.1,33.3,198,220,207,3.2e-26,113.2,0.9,0.956522
DAKCFMEO_02463,WP_003380226.1,32.2,227,220,246,1.0e-24,108.2,1.03182,0.922764
DAKCFMEO_02463,WP_005766623.1,32.7,223,220,245,1.0e-24,108.2,1.01364,0.910204
DAKCFMEO_02464,WP_005767847.1,87.4,87,88,87,2.8e-21,95.5,0.988636,1
DAKCFMEO_02465,WP_007245030.1,89.3,178,181,181,9.2e-96,344.0,0.983425,0.983425
DAKCFMEO_02466,WP_011103756.1,91.0,432,432,432,3.8e-233,801.6,1,1
DAKCFMEO_02467,WP_005767853.1,80.6,206,206,206,8.0e-88,317.8,1,1
DAKCFMEO_02468,WP_011103757.1,87.0,677,677,677,0.0e+00,1194.5,1,1
DAKCFMEO_02471,WP_011103759.1,71.6,204,204,204,1.2e-80,293.9,1,1
DAKCFMEO_02472,WP_011103760.1,86.8,744,745,745,0.0e+00,1305.8,0.998658,0.998658
DAKCFMEO_02472,WP_011104130.1,50.1,751,745,993,9.0e-214,738.0,1.00805,0.756294
DAKCFMEO_02473,WP_044393960.1,67.3,294,353,300,1.3e-122,434.1,0.832861,0.98
DAKCFMEO_02474,WP_044393960.1,79.3,193,195,300,9.0e-97,347.4,0.989744,0.643333
DAKCFMEO_02474,WP_046463524.1,74.2,124,195,126,1.0e-55,211.1,0.635897,0.984127
DAKCFMEO_02477,WP_011104070.1,73.2,526,691,680,1.6e-233,803.5,0.761216,0.773529
DAKCFMEO_02477,WP_011105496.1,67.6,519,691,680,1.5e-215,743.8,0.751085,0.763235
DAKCFMEO_02477,WP_011104993.1,62.8,535,691,763,1.3e-203,704.1,0.77424,0.70118
DAKCFMEO_02477,WP_011105476.1,63.2,524,691,678,2.1e-196,680.2,0.758321,0.772861
DAKCFMEO_02477,WP_005770647.1,58.0,517,691,675,7.6e-175,608.6,0.748191,0.765926
DAKCFMEO_02477,WP_011104580.1,52.2,525,691,675,1.8e-152,534.3,0.759768,0.777778
DAKCFMEO_02480,WP_011103763.1,95.5,441,441,441,3.2e-243,835.1,1,1
DAKCFMEO_02480,WP_005769128.1,37.9,404,441,435,2.3e-79,290.8,0.9161,0.928736
DAKCFMEO_02480,WP_007246084.1,35.9,426,441,441,1.2e-77,285.0,0.965986,0.965986
DAKCFMEO_02480,WP_046463482.1,34.7,409,441,458,7.0e-73,269.2,0.927438,0.893013
DAKCFMEO_02481,WP_011103764.1,93.7,394,394,394,1.4e-221,763.1,1,1
DAKCFMEO_02482,WP_007244403.1,82.4,289,290,289,2.7e-137,482.6,0.996552,1
DAKCFMEO_02483,WP_005771604.1,96.7,456,457,457,4.9e-263,901.0,0.997812,0.997812
DAKCFMEO_02485,WP_007244400.1,87.5,224,224,224,2.1e-97,349.7,1,1
DAKCFMEO_02486,WP_011103766.1,84.2,533,533,533,5.1e-227,781.6,1,1
DAKCFMEO_02487,WP_005771596.1,88.3,231,231,231,2.4e-117,416.0,1,1
DAKCFMEO_02488,WP_003382703.1,89.7,68,69,68,3.3e-30,124.8,0.985507,1
DAKCFMEO_02489,WP_046463592.1,90.0,251,252,253,3.7e-127,448.7,0.996032,0.992095
DAKCFMEO_02489,WP_005770966.1,34.4,244,252,254,1.0e-31,131.7,0.968254,0.96063
DAKCFMEO_02489,WP_005770626.1,32.7,248,252,247,2.2e-23,104.0,0.984127,1.00405
DAKCFMEO_02489,WP_007246009.1,31.3,249,252,286,2.1e-21,97.4,0.988095,0.870629
DAKCFMEO_02489,WP_011104035.1,32.0,256,252,266,1.0e-20,95.1,1.01587,0.962406
DAKCFMEO_02489,WP_161633151.1,33.2,247,252,254,1.8e-20,94.4,0.980159,0.972441
DAKCFMEO_02489,WP_005764783.1,30.1,246,252,253,3.0e-20,93.6,0.97619,0.972332
DAKCFMEO_02489,WP_005765466.1,30.0,243,252,242,2.6e-19,90.5,0.964286,1.00413
DAKCFMEO_02489,WP_011103737.1,30.8,185,252,262,7.4e-11,62.4,0.734127,0.706107
DAKCFMEO_02491,WP_024667998.1,90.0,340,340,340,2.6e-184,639.0,1,1
DAKCFMEO_02491,WP_005767011.1,34.3,335,340,308,2.1e-45,177.6,0.985294,1.08766
DAKCFMEO_02492,WP_011103771.1,79.8,1173,1192,1173,0.0e+00,1933.3,0.98406,1
DAKCFMEO_02492,WP_005767015.1,33.9,1213,1192,1191,2.6e-178,620.9,1.01762,1.01847
DAKCFMEO_02493,WP_005771583.1,88.8,240,241,241,1.3e-126,446.8,0.995851,0.995851
DAKCFMEO_02494,WP_007244389.1,89.8,372,372,372,1.2e-198,686.8,1,1
DAKCFMEO_02494,WP_011104557.1,42.4,349,372,373,6.3e-75,275.8,0.938172,0.935657
DAKCFMEO_02495,WP_161797788.1,84.0,413,447,413,9.9e-208,717.2,0.923937,1
DAKCFMEO_02495,WP_003382103.1,43.1,432,447,452,1.2e-99,358.2,0.966443,0.955752
DAKCFMEO_02495,WP_003382104.1,30.6,441,447,458,1.3e-55,211.8,0.986577,0.962882
DAKCFMEO_02496,WP_011103773.1,97.4,418,468,465,1.3e-221,763.5,0.893162,0.898925
DAKCFMEO_02497,WP_032606863.1,94.4,248,248,249,3.3e-136,478.8,1,0.995984
DAKCFMEO_02498,WP_005771571.1,81.9,155,155,155,5.0e-66,245.0,1,1
DAKCFMEO_02499,WP_005616754.1,76.4,106,103,104,3.7e-33,135.2,1.02913,1.01923
DAKCFMEO_02500,WP_032608868.1,91.3,229,229,252,1.2e-116,413.7,1,0.90873
DAKCFMEO_02501,WP_005771567.1,96.1,308,308,308,1.2e-164,573.5,1,1
DAKCFMEO_02501,WP_003378076.1,53.6,304,308,308,8.3e-89,321.6,0.987013,0.987013
DAKCFMEO_02501,WP_003375857.1,35.1,282,308,298,2.1e-44,174.1,0.915584,0.946309
DAKCFMEO_02502,WP_003382687.1,98.9,275,275,275,1.7e-157,549.7,1,1
DAKCFMEO_02502,WP_005770000.1,35.5,276,275,269,6.8e-42,165.6,1.00364,1.02602
DAKCFMEO_02503,WP_005767037.1,97.0,135,135,135,1.4e-69,256.5,1,1
DAKCFMEO_02504,WP_002554316.1,97.9,146,146,146,5.2e-73,268.1,1,1
DAKCFMEO_02505,WP_007244383.1,71.5,221,225,229,9.4e-66,244.6,0.982222,0.965066
DAKCFMEO_02506,WP_005767033.1,91.9,442,442,441,4.1e-222,765.0,1,1.00227
DAKCFMEO_02506,WP_011103777.1,33.9,593,442,586,8.0e-69,255.8,1.34163,1.01195
DAKCFMEO_02507,WP_017682472.1,81.7,60,63,63,2.0e-26,112.1,0.952381,0.952381
DAKCFMEO_02508,WP_005767027.1,97.6,246,246,246,5.7e-133,468.0,1,1
DAKCFMEO_02509,WP_002554310.1,100.0,262,262,262,1.3e-143,503.4,1,1
DAKCFMEO_02510,WP_007244381.1,93.5,231,238,237,2.7e-119,422.5,0.970588,0.974684
DAKCFMEO_02511,WP_005767023.1,99.2,369,369,369,4.3e-201,694.9,1,1
DAKCFMEO_02512,WP_005767021.1,91.5,414,413,416,8.0e-204,704.1,1.00242,0.995192
DAKCFMEO_02513,WP_005767017.1,81.6,686,685,686,1.6e-273,936.4,1.00146,1
DAKCFMEO_02514,WP_011103779.1,79.2,530,530,530,4.0e-224,771.9,1,1
DAKCFMEO_02515,WP_005767015.1,81.3,1191,1190,1191,0.0e+00,2008.8,1.00084,1
DAKCFMEO_02515,WP_011103771.1,33.6,1205,1190,1173,9.4e-181,629.0,1.01261,1.02728
DAKCFMEO_02516,WP_005767013.1,74.2,968,968,968,0.0e+00,1424.8,1,1
DAKCFMEO_02517,WP_005767011.1,94.5,308,308,308,3.7e-169,588.6,1,1
DAKCFMEO_02517,WP_024667998.1,35.5,335,308,340,3.3e-45,176.8,1.08766,0.985294
DAKCFMEO_02518,WP_005767010.1,62.1,282,282,282,5.5e-71,262.3,1,1
DAKCFMEO_02519,WP_005767009.1,84.6,130,130,130,2.4e-53,202.6,1,1
DAKCFMEO_02520,WP_011103781.1,75.9,494,493,492,5.1e-189,655.2,1.00203,1.00407
DAKCFMEO_02521,WP_003382140.1,89.8,128,128,129,1.5e-60,226.5,1,0.992248
DAKCFMEO_02522,WP_002554297.1,90.8,98,98,98,2.3e-45,175.6,1,1
DAKCFMEO_02523,WP_003382141.1,97.6,491,491,491,1.4e-276,946.0,1,1
DAKCFMEO_02523,WP_007246574.1,37.6,497,491,461,1.8e-69,258.1,1.01222,1.07809
DAKCFMEO_02523,WP_007246617.1,35.4,489,491,442,8.9e-69,255.8,0.995927,1.10633
DAKCFMEO_02523,WP_011103783.1,39.5,380,491,471,3.2e-66,247.3,0.773931,0.806794
DAKCFMEO_02523,WP_002555721.1,35.3,496,491,478,2.1e-65,244.6,1.01018,1.03766
DAKCFMEO_02523,WP_011104077.1,42.2,344,491,509,4.6e-65,243.4,0.700611,0.675835
DAKCFMEO_02523,WP_024666240.1,42.0,371,491,590,6.0e-65,243.0,0.755601,0.628814
DAKCFMEO_02523,WP_011104948.1,44.9,332,491,444,4.3e-63,236.9,0.676171,0.747748
DAKCFMEO_02523,WP_011103371.1,41.3,341,491,478,7.3e-63,236.1,0.694501,0.713389
DAKCFMEO_02523,WP_011103301.1,33.5,484,491,446,1.1e-61,232.3,0.985743,1.0852
DAKCFMEO_02523,WP_011105485.1,39.5,372,491,505,1.5e-60,228.4,0.757637,0.736634
DAKCFMEO_02523,WP_003380235.1,39.4,388,491,448,4.4e-60,226.9,0.790224,0.866071
DAKCFMEO_02523,WP_007244904.1,38.5,330,491,502,5.1e-56,213.4,0.672098,0.657371
DAKCFMEO_02524,WP_044390087.1,91.2,399,404,404,1.0e-203,703.7,0.987624,0.987624
DAKCFMEO_02525,WP_011103783.1,91.3,471,471,471,2.5e-241,828.9,1,1
DAKCFMEO_02525,WP_002555721.1,38.9,478,471,478,1.8e-82,301.2,1.01486,1
DAKCFMEO_02525,WP_011103371.1,42.9,389,471,478,9.1e-79,288.9,0.825902,0.813808
DAKCFMEO_02525,WP_011103301.1,37.3,459,471,446,5.5e-76,279.6,0.974522,1.02915
DAKCFMEO_02525,WP_003380235.1,43.2,368,471,448,2.8e-75,277.3,0.781316,0.821429
DAKCFMEO_02525,WP_011104948.1,42.3,366,471,444,1.8e-74,274.6,0.77707,0.824324
DAKCFMEO_02525,WP_007246617.1,41.2,369,471,442,1.4e-71,265.0,0.783439,0.834842
DAKCFMEO_02525,WP_007246574.1,38.9,468,471,461,1.6e-70,261.5,0.993631,1.01518
DAKCFMEO_02525,WP_003382141.1,40.0,380,471,491,6.8e-66,246.1,0.806794,0.773931
DAKCFMEO_02525,WP_011105485.1,41.5,340,471,505,1.4e-63,238.4,0.721868,0.673267
DAKCFMEO_02525,WP_011104077.1,40.5,316,471,509,8.0e-59,222.6,0.670913,0.620825
DAKCFMEO_02525,WP_005769514.1,36.4,335,471,439,2.8e-51,197.6,0.711253,0.763098
DAKCFMEO_02525,WP_007244904.1,38.4,352,471,502,8.9e-50,192.6,0.747346,0.701195
DAKCFMEO_02525,WP_011104402.1,35.9,382,471,434,1.3e-48,188.7,0.81104,0.880184
DAKCFMEO_02525,WP_005767731.1,35.7,314,471,521,1.6e-43,171.8,0.666667,0.602687
DAKCFMEO_02526,WP_003382144.1,94.5,109,109,109,9.3e-51,193.7,1,1
DAKCFMEO_02527,WP_007244370.1,96.8,594,593,594,5.2e-315,1073.5,1.00169,1
DAKCFMEO_02528,WP_002554291.1,99.7,338,338,338,4.9e-183,634.8,1,1
DAKCFMEO_02529,WP_005767003.1,88.0,274,274,272,1.1e-116,414.1,1,1.00735
DAKCFMEO_02530,WP_005767000.1,95.8,452,452,452,3.6e-250,858.2,1,1
DAKCFMEO_02530,WP_005763862.1,44.1,442,452,449,4.8e-93,336.3,0.977876,0.98441
DAKCFMEO_02531,WP_002554288.1,93.3,149,149,149,8.1e-74,270.8,1,1
DAKCFMEO_02532,WP_005616835.1,78.0,100,100,100,5.7e-39,154.5,1,1
DAKCFMEO_02533,WP_011103785.1,82.5,565,565,568,2.9e-273,935.3,1,0.994718
DAKCFMEO_02534,WP_005766990.1,73.7,118,118,118,7.0e-44,171.0,1,1
DAKCFMEO_02535,WP_011103786.1,60.5,474,474,474,1.8e-87,317.8,1,1
DAKCFMEO_02536,WP_007244365.1,94.6,167,166,167,7.7e-81,294.3,1.00602,1
DAKCFMEO_02536,WP_002551568.1,36.1,108,166,135,4.9e-11,62.4,0.650602,0.8
DAKCFMEO_02537,WP_003378750.1,97.2,322,322,322,4.1e-179,621.7,1,1
DAKCFMEO_02538,WP_003378749.1,93.5,153,153,152,3.5e-72,265.4,1,1.00658
DAKCFMEO_02539,WP_005766986.1,86.0,136,136,146,5.2e-59,221.5,1,0.931507
DAKCFMEO_02540,WP_007244364.1,96.4,250,250,250,2.3e-121,429.5,1,1
DAKCFMEO_02540,WP_003375709.1,38.3,209,250,217,4.6e-29,122.9,0.836,0.963134
DAKCFMEO_02541,WP_002554277.1,93.3,89,89,89,1.0e-39,156.8,1,1
DAKCFMEO_02542,WP_007244363.1,88.4,258,261,258,2.7e-120,426.0,0.988506,1
DAKCFMEO_02543,WP_005766982.1,90.7,378,378,378,5.4e-191,661.4,1,1
DAKCFMEO_02543,WP_003375716.1,30.0,353,378,359,3.8e-27,117.1,0.933862,0.983287
DAKCFMEO_02544,WP_005616857.1,96.2,709,709,709,0.0e+00,1258.8,1,1
DAKCFMEO_02544,WP_007244820.1,33.6,705,709,695,1.1e-83,305.8,0.994358,1.01439
DAKCFMEO_02545,WP_005766980.1,97.5,442,442,442,1.2e-242,833.2,1,1
DAKCFMEO_02546,WP_003412391.1,100.0,277,277,277,7.8e-155,540.8,1,1
DAKCFMEO_02547,WP_003378731.1,99.6,246,246,246,3.6e-135,475.3,1,1
DAKCFMEO_02548,WP_003378730.1,97.6,124,124,128,3.2e-63,235.3,1,0.96875
DAKCFMEO_02548,WP_004880039.1,31.9,116,124,122,7.9e-14,71.2,0.935484,0.95082
DAKCFMEO_02549,WP_005766975.1,96.9,261,261,261,7.9e-141,494.2,1,1
DAKCFMEO_02550,WP_011103790.1,93.9,755,752,748,4.4e-269,921.8,1.00399,1.00936
DAKCFMEO_02551,WP_010207872.1,95.1,390,390,390,1.9e-175,609.8,1,1
DAKCFMEO_02551,WP_005769995.1,36.6,383,390,358,2.4e-56,214.2,0.982051,1.06983
DAKCFMEO_02552,WP_003378725.1,95.1,246,246,246,9.5e-128,450.7,1,1
DAKCFMEO_02553,WP_011103791.1,93.2,295,295,295,5.4e-154,538.1,1,1
DAKCFMEO_02554,WP_005766970.1,98.9,262,262,262,2.0e-144,506.1,1,1
DAKCFMEO_02554,WP_003377884.1,32.0,256,262,263,3.3e-30,126.7,0.977099,0.973384
DAKCFMEO_02555,WP_007244357.1,84.7,287,287,295,9.4e-111,394.4,1,0.972881
DAKCFMEO_02556,WP_002554262.1,100.0,159,159,159,3.8e-85,308.5,1,1
DAKCFMEO_02556,WP_003381223.1,36.1,147,159,179,3.1e-23,102.8,0.924528,0.821229
DAKCFMEO_02557,WP_005766966.1,91.7,133,133,133,1.7e-62,233.0,1,1
DAKCFMEO_02558,WP_005766964.1,91.2,182,182,182,1.1e-93,337.0,1,1
DAKCFMEO_02559,WP_007244356.1,91.8,244,244,244,2.2e-124,439.5,1,1
DAKCFMEO_02559,WP_011103659.1,40.6,229,244,250,6.5e-44,172.2,0.938525,0.916
DAKCFMEO_02561,WP_005766956.1,67.3,98,154,155,4.5e-27,115.5,0.636364,0.632258
DAKCFMEO_02562,WP_011103794.1,79.8,460,460,460,8.0e-221,760.8,1,1
DAKCFMEO_02563,WP_005766954.1,85.0,227,227,227,1.3e-110,393.7,1,1
DAKCFMEO_02564,WP_005766953.1,71.0,62,72,67,2.3e-18,85.5,0.861111,0.925373
DAKCFMEO_02565,WP_005766952.1,80.6,820,817,823,0.0e+00,1301.2,1.00367,0.996355
DAKCFMEO_02565,WP_005770081.1,34.1,742,817,732,1.2e-94,342.4,0.908201,1.01366
DAKCFMEO_02566,WP_011103795.1,74.9,179,179,178,6.3e-73,268.1,1,1.00562
DAKCFMEO_02567,WP_007244349.1,78.8,471,471,470,8.8e-215,740.7,1,1.00213
DAKCFMEO_02568,WP_005766948.1,85.3,150,150,150,1.9e-70,259.6,1,1
DAKCFMEO_02568,WP_005769733.1,38.7,142,150,139,1.4e-20,94.0,0.946667,1.02158
DAKCFMEO_02569,WP_005766946.1,86.7,83,81,83,1.7e-33,136.0,1.02469,1
DAKCFMEO_02570,WP_005766943.1,77.7,323,325,325,3.0e-153,535.8,0.993846,0.993846
DAKCFMEO_02571,WP_005766941.1,77.2,57,59,63,5.1e-19,87.4,0.966102,0.904762
DAKCFMEO_02572,WP_011103796.1,89.1,202,202,202,5.4e-105,374.8,1,1
DAKCFMEO_02573,WP_011103797.1,89.6,480,480,480,1.0e-263,903.3,1,1
DAKCFMEO_02574,WP_010207888.1,75.0,228,226,229,1.2e-97,350.5,1.00885,0.995633
DAKCFMEO_02575,WP_046464008.1,56.6,152,152,152,5.4e-49,188.3,1,1
DAKCFMEO_02578,WP_046463456.1,69.7,618,713,625,1.8e-243,836.6,0.86676,0.9888
DAKCFMEO_02578,WP_011103898.1,40.6,699,713,773,7.0e-139,489.2,0.980365,0.904269
DAKCFMEO_02579,WP_005766927.1,55.6,162,175,178,1.3e-46,180.6,0.925714,0.910112
DAKCFMEO_02580,WP_011103803.1,42.9,210,221,220,1.8e-45,177.2,0.950226,0.954545
DAKCFMEO_02581,WP_011103804.1,93.1,521,521,521,3.0e-216,745.7,1,1
DAKCFMEO_02581,WP_011103647.1,54.1,455,521,521,8.3e-81,295.8,0.873321,0.873321
DAKCFMEO_02582,WP_046463454.1,69.2,263,263,263,7.1e-105,374.8,1,1
DAKCFMEO_02583,WP_007244335.1,92.9,914,914,914,0.0e+00,1724.5,1,1
DAKCFMEO_02583,WP_011103933.1,45.8,891,914,863,1.3e-209,724.5,0.974836,1.03244
DAKCFMEO_02584,WP_011103806.1,93.5,356,360,357,1.8e-204,706.1,0.988889,0.997199
DAKCFMEO_02585,WP_005766916.1,84.5,84,84,84,4.1e-38,151.4,1,1
DAKCFMEO_02585,WP_011104802.1,43.7,71,84,83,7.0e-14,70.9,0.845238,0.855422
DAKCFMEO_02586,WP_005766914.1,86.2,378,383,380,6.3e-195,674.5,0.986945,0.994737
DAKCFMEO_02587,WP_003378668.1,80.7,57,59,56,2.1e-20,92.0,0.966102,1.01786
DAKCFMEO_02588,WP_005766911.1,85.6,589,592,589,4.9e-279,954.5,0.994932,1
DAKCFMEO_02588,WP_010213170.1,35.8,590,592,600,7.7e-83,302.8,0.996622,0.983333
DAKCFMEO_02588,WP_005762826.1,32.9,571,592,581,7.0e-60,226.5,0.964527,0.982788
DAKCFMEO_02588,WP_161797811.1,32.4,590,592,589,1.0e-58,222.6,0.996622,1.0017
DAKCFMEO_02588,WP_011104366.1,31.8,532,592,619,2.9e-58,221.1,0.898649,0.859451
DAKCFMEO_02588,WP_005762824.1,33.1,489,592,593,7.2e-57,216.5,0.826014,0.824621
DAKCFMEO_02588,WP_007247023.1,31.7,495,592,610,2.1e-56,214.9,0.836149,0.811475
DAKCFMEO_02588,WP_007246686.1,31.8,475,592,603,5.2e-39,157.1,0.802365,0.787728
DAKCFMEO_02589,WP_003378666.1,96.8,93,93,93,2.2e-48,185.7,1,1
DAKCFMEO_02590,WP_005766910.1,88.9,180,180,180,2.0e-95,342.8,1,1
DAKCFMEO_02591,WP_057443274.1,76.7,270,275,275,2.1e-123,436.4,0.981818,0.981818
DAKCFMEO_02592,WP_005766904.1,94.5,55,55,55,4.9e-24,104.0,1,1
DAKCFMEO_02593,WP_005766903.1,95.8,453,454,454,8.7e-244,837.0,0.997797,0.997797
DAKCFMEO_02594,WP_024667462.1,97.0,232,244,232,7.0e-123,434.5,0.95082,1
DAKCFMEO_02595,WP_005766899.1,85.7,336,336,335,3.4e-168,585.5,1,1.00299
DAKCFMEO_02596,WP_032710620.1,88.1,310,311,314,1.3e-158,553.5,0.996785,0.987261
DAKCFMEO_02600,WP_005766893.1,90.0,200,200,200,6.1e-109,387.9,1,1
DAKCFMEO_02601,WP_011103812.1,77.3,128,128,128,2.1e-54,206.1,1,1
DAKCFMEO_02602,WP_007244324.1,87.8,123,123,125,4.2e-60,224.9,1,0.984
DAKCFMEO_02603,WP_007244323.1,97.2,181,181,202,8.6e-94,337.4,1,0.89604
DAKCFMEO_02603,WP_005768747.1,77.7,179,181,187,9.0e-75,274.2,0.98895,0.957219
DAKCFMEO_02604,WP_003378641.1,93.5,185,185,185,2.8e-100,359.0,1,1
DAKCFMEO_02605,WP_003378639.1,66.0,106,106,105,2.9e-33,135.6,1,1.00952
DAKCFMEO_02606,WP_003378637.1,97.4,196,196,196,1.1e-107,383.6,1,1
DAKCFMEO_02606,WP_011103735.1,34.9,175,196,181,5.0e-23,102.4,0.892857,0.966851
DAKCFMEO_02607,WP_011103814.1,93.4,302,302,302,5.0e-171,594.7,1,1
DAKCFMEO_02608,WP_044390159.1,89.7,261,266,261,1.7e-138,486.5,0.981203,1
DAKCFMEO_02610,WP_011103816.1,86.1,324,323,343,3.0e-150,525.8,1.0031,0.944606
DAKCFMEO_02611,WP_007244321.1,98.1,363,363,363,8.9e-207,713.8,1,1
DAKCFMEO_02612,WP_005766876.1,86.1,389,387,394,5.6e-191,661.4,1.00517,0.98731
DAKCFMEO_02613,WP_005616977.1,92.6,204,204,204,4.8e-109,388.3,1,1
DAKCFMEO_02614,WP_011103818.1,92.3,181,181,181,2.3e-99,355.9,1,1
DAKCFMEO_02615,WP_005766869.1,81.5,227,227,227,1.2e-103,370.5,1,1
DAKCFMEO_02616,WP_003378621.1,69.9,239,240,240,6.3e-100,358.2,0.995833,0.995833
DAKCFMEO_02617,WP_003315128.1,95.7,92,92,92,2.6e-46,178.7,1,1
DAKCFMEO_02619,WP_011103820.1,86.6,172,172,172,1.4e-82,300.1,1,1
DAKCFMEO_02620,WP_007244314.1,83.8,308,308,305,2.6e-127,449.5,1,1.00984
DAKCFMEO_02621,WP_002552853.1,90.5,63,63,63,9.2e-27,113.2,1,1
DAKCFMEO_02622,WP_005766858.1,95.5,286,286,286,7.3e-164,570.9,1,1
DAKCFMEO_02623,WP_011103821.1,93.4,697,697,695,0.0e+00,1321.2,1,1.00288
DAKCFMEO_02624,WP_003378612.1,88.5,78,78,78,1.3e-33,136.3,1,1
DAKCFMEO_02625,WP_005617305.1,95.6,113,113,113,4.6e-61,228.0,1,1
DAKCFMEO_02626,WP_005617003.1,98.7,469,469,469,1.4e-276,946.0,1,1
DAKCFMEO_02627,WP_003378609.1,99.4,319,319,319,4.6e-183,634.8,1,1
DAKCFMEO_02628,WP_003378608.1,91.3,276,276,276,2.7e-147,515.8,1,1
DAKCFMEO_02628,WP_011105232.1,31.1,289,276,297,2.5e-28,120.6,1.0471,0.973064
DAKCFMEO_02629,WP_005766850.1,83.9,124,124,123,2.1e-51,196.1,1,1.00813
DAKCFMEO_02630,WP_011103822.1,85.3,238,242,242,4.8e-124,438.3,0.983471,0.983471
DAKCFMEO_02631,WP_005617011.1,95.7,323,323,323,8.8e-182,630.6,1,1
DAKCFMEO_02632,WP_005738376.1,85.6,229,229,229,1.5e-106,380.2,1,1
DAKCFMEO_02634,WP_007244311.1,79.8,104,104,109,4.8e-49,188.0,1,0.954128
DAKCFMEO_02635,WP_024667446.1,66.9,130,135,139,5.5e-45,174.9,0.962963,0.935252
DAKCFMEO_02637,WP_011103824.1,84.4,122,122,122,1.0e-58,220.3,1,1
DAKCFMEO_02639,WP_007246451.1,48.8,80,92,120,2.1e-16,79.3,0.869565,0.666667
DAKCFMEO_02641,WP_005771315.1,89.6,249,249,249,2.5e-120,426.0,1,1
DAKCFMEO_02641,WP_005770626.1,38.0,245,249,247,5.2e-33,136.0,0.983936,0.991903
DAKCFMEO_02641,WP_011104035.1,32.9,255,249,266,6.4e-31,129.0,1.0241,0.958647
DAKCFMEO_02641,WP_005762581.1,37.7,260,249,255,5.4e-30,125.9,1.04418,1.01961
DAKCFMEO_02641,WP_007246009.1,33.7,243,249,286,7.1e-30,125.6,0.975904,0.84965
DAKCFMEO_02641,WP_011103979.1,32.2,258,249,266,7.1e-30,125.6,1.03614,0.969925
DAKCFMEO_02641,WP_011103118.1,32.5,255,249,257,4.6e-29,122.9,1.0241,0.992218
DAKCFMEO_02641,WP_005764783.1,32.4,244,249,253,4.3e-27,116.3,0.97992,0.964427
DAKCFMEO_02641,WP_005762514.1,34.5,249,249,248,5.6e-27,115.9,1,1.00403
DAKCFMEO_02641,WP_005770966.1,31.1,244,249,254,1.7e-23,104.4,0.97992,0.96063
DAKCFMEO_02641,WP_005764784.1,32.1,234,249,249,3.2e-22,100.1,0.939759,0.939759
DAKCFMEO_02641,WP_011103980.1,32.1,252,249,254,1.6e-21,97.8,1.01205,0.992126
DAKCFMEO_02641,WP_161633151.1,33.9,245,249,254,7.8e-21,95.5,0.983936,0.964567
DAKCFMEO_02641,WP_005765466.1,32.6,236,249,242,5.1e-20,92.8,0.947791,0.975207
DAKCFMEO_02641,WP_005619926.1,32.8,247,249,244,1.5e-19,91.3,0.991968,1.0123
DAKCFMEO_02641,WP_011104354.1,32.0,247,249,243,5.6e-19,89.4,0.991968,1.01646
DAKCFMEO_02641,WP_011103477.1,30.8,198,249,272,3.9e-12,66.6,0.795181,0.727941
DAKCFMEO_02642,WP_011103847.1,87.9,182,185,188,1.1e-93,337.0,0.983784,0.968085
DAKCFMEO_02645,WP_011103848.1,94.2,918,914,918,0.0e+00,1745.3,1.00438,1
DAKCFMEO_02646,WP_011103849.1,82.2,174,174,174,4.0e-80,292.0,1,1
DAKCFMEO_02647,WP_011103850.1,96.5,1150,1150,1150,0.0e+00,2157.9,1,1
DAKCFMEO_02648,WP_007244218.1,97.7,487,487,487,3.5e-275,941.4,1,1
DAKCFMEO_02648,WP_003375919.1,38.4,333,487,333,1.7e-56,214.9,0.683778,1
DAKCFMEO_02648,WP_011103126.1,34.8,345,487,347,1.9e-42,168.3,0.708419,0.994236
DAKCFMEO_02649,WP_011103851.1,85.5,415,421,420,4.8e-204,704.9,0.985748,0.988095
DAKCFMEO_02650,WP_046464042.1,50.1,373,386,375,1.2e-95,344.7,0.966321,0.994667
DAKCFMEO_02650,WP_011105223.1,44.0,377,386,376,7.5e-79,288.9,0.976684,1.00266
DAKCFMEO_02652,WP_011103852.1,95.1,432,430,432,1.8e-230,792.7,1.00465,1
DAKCFMEO_02652,WP_005767375.1,67.4,414,430,433,1.1e-158,554.3,0.962791,0.95612
DAKCFMEO_02652,WP_011104204.1,40.0,405,430,438,2.9e-79,290.4,0.94186,0.924658
DAKCFMEO_02652,WP_011104951.1,32.4,374,430,441,5.3e-57,216.5,0.869767,0.848073
DAKCFMEO_02652,WP_011104732.1,34.4,413,430,445,3.8e-55,210.3,0.960465,0.92809
DAKCFMEO_02652,WP_007246194.1,33.9,381,430,433,3.0e-52,200.7,0.886047,0.879908
DAKCFMEO_02652,WP_011103567.1,33.7,404,430,438,3.5e-45,177.2,0.939535,0.922374
DAKCFMEO_02653,WP_005771329.1,68.7,323,334,327,1.9e-123,436.8,0.967066,0.987768
DAKCFMEO_02654,WP_005771330.1,97.2,464,464,464,7.5e-267,913.7,1,1
DAKCFMEO_02654,WP_003382001.1,30.2,463,464,478,1.4e-47,185.3,0.997845,0.968619
DAKCFMEO_02655,WP_003383089.1,95.8,240,240,240,5.4e-136,478.0,1,1
DAKCFMEO_02655,WP_005768957.1,30.3,234,240,253,6.6e-25,109.0,0.975,0.924901
DAKCFMEO_02656,WP_005771334.1,82.1,195,195,195,1.8e-84,306.6,1,1
DAKCFMEO_02657,WP_007244213.1,92.0,386,386,416,2.3e-197,682.6,1,0.927885
DAKCFMEO_02657,WP_005771340.1,57.3,372,386,414,1.3e-120,427.6,0.963731,0.898551
DAKCFMEO_02658,WP_003383085.1,97.0,232,232,232,1.1e-125,443.7,1,1
DAKCFMEO_02658,WP_011103923.1,52.0,223,232,227,5.0e-54,205.7,0.961207,0.982379
DAKCFMEO_02658,WP_011103641.1,39.8,221,232,222,1.1e-35,144.8,0.952586,0.995495
DAKCFMEO_02658,WP_005763638.1,39.5,215,232,223,3.4e-34,139.8,0.926724,0.964126
DAKCFMEO_02658,WP_010203924.1,36.6,224,232,335,5.8e-34,139.0,0.965517,0.668657
DAKCFMEO_02658,WP_011104376.1,40.7,204,232,253,1.3e-33,137.9,0.87931,0.806324
DAKCFMEO_02658,WP_005737152.1,38.1,231,232,257,1.4e-32,134.4,0.99569,0.898833
DAKCFMEO_02658,WP_007245567.1,40.7,209,232,247,1.4e-32,134.4,0.900862,0.846154
DAKCFMEO_02658,WP_011104117.1,36.9,225,232,278,1.6e-31,131.0,0.969828,0.809353
DAKCFMEO_02658,WP_007246818.1,39.7,209,232,260,2.0e-31,130.6,0.900862,0.803846
DAKCFMEO_02658,WP_005768429.1,38.7,204,232,244,2.7e-31,130.2,0.87931,0.836066
DAKCFMEO_02658,WP_007243868.1,36.9,203,232,245,3.0e-30,126.7,0.875,0.828571
DAKCFMEO_02658,WP_011104329.1,38.2,212,232,261,1.1e-29,124.8,0.913793,0.812261
DAKCFMEO_02658,WP_005769006.1,38.7,212,232,236,3.3e-29,123.2,0.913793,0.898305
DAKCFMEO_02658,WP_011103716.1,36.9,214,232,254,5.6e-29,122.5,0.922414,0.84252
DAKCFMEO_02658,WP_005762478.1,36.2,232,232,263,7.3e-29,122.1,1,0.882129
DAKCFMEO_02658,WP_005768050.1,33.6,232,232,374,1.2e-28,121.3,1,0.620321
DAKCFMEO_02658,WP_011104057.1,34.5,223,232,342,1.2e-28,121.3,0.961207,0.652047
DAKCFMEO_02658,WP_007246637.1,35.8,232,232,254,4.7e-28,119.4,1,0.913386
DAKCFMEO_02659,WP_005771340.1,96.4,414,414,414,8.6e-206,710.7,1,1
DAKCFMEO_02659,WP_007244213.1,52.4,416,414,416,2.7e-119,423.3,1.00483,1
DAKCFMEO_02660,WP_011104627.1,34.2,459,453,462,2.9e-58,220.7,1.01325,0.993506
DAKCFMEO_02660,WP_005764043.1,40.5,304,453,454,5.2e-55,209.9,0.671082,0.669604
DAKCFMEO_02661,WP_002554192.1,57.3,225,226,229,2.8e-73,269.6,0.995575,0.982533
DAKCFMEO_02661,WP_005764042.1,51.8,224,226,225,2.0e-63,236.9,0.99115,0.995556
DAKCFMEO_02661,WP_003382360.1,51.3,224,226,224,3.7e-62,232.6,0.99115,1
DAKCFMEO_02661,WP_003381155.1,44.8,223,226,227,3.5e-52,199.5,0.986726,0.982379
DAKCFMEO_02661,WP_003381559.1,42.0,224,226,225,7.8e-44,171.8,0.99115,0.995556
DAKCFMEO_02661,WP_005739198.1,42.0,224,226,223,3.3e-42,166.4,0.99115,1.00448
DAKCFMEO_02661,WP_011103755.1,40.5,222,226,220,4.7e-41,162.5,0.982301,1.00909
DAKCFMEO_02661,WP_007246025.1,40.0,220,226,222,1.3e-38,154.5,0.973451,0.990991
DAKCFMEO_02661,WP_002555020.1,37.5,224,226,227,1.6e-36,147.5,0.99115,0.986784
DAKCFMEO_02661,WP_004396544.1,38.2,220,226,225,3.6e-33,136.3,0.973451,0.977778
DAKCFMEO_02661,WP_011103914.1,34.7,219,226,230,2.0e-31,130.6,0.969027,0.952174
DAKCFMEO_02661,WP_005770857.1,34.1,220,226,224,5.8e-31,129.0,0.973451,0.982143
DAKCFMEO_02661,WP_003383141.1,32.0,219,226,229,1.3e-30,127.9,0.969027,0.956332
DAKCFMEO_02661,WP_005764051.1,35.4,226,226,245,4.9e-30,125.9,1,0.922449
DAKCFMEO_02661,WP_007244755.1,34.8,230,226,249,5.4e-29,122.5,1.0177,0.923695
DAKCFMEO_02661,WP_005766623.1,36.8,223,226,245,9.3e-29,121.7,0.986726,0.910204
DAKCFMEO_02661,WP_003380226.1,35.2,227,226,246,3.5e-28,119.8,1.00442,0.922764
DAKCFMEO_02661,WP_011104125.1,32.3,223,226,233,3.9e-27,116.3,0.986726,0.957082
DAKCFMEO_02661,WP_159229484.1,35.7,182,226,207,1.9e-26,114.0,0.80531,0.879227
DAKCFMEO_02661,WP_005769238.1,31.5,235,226,254,3.4e-23,103.2,1.03982,0.925197
DAKCFMEO_02661,WP_011104866.1,31.0,158,226,222,3.8e-14,73.2,0.699115,0.711712
DAKCFMEO_02662,WP_005771341.1,91.3,276,276,276,3.5e-147,515.4,1,1
DAKCFMEO_02663,WP_007244210.1,79.8,89,88,89,2.2e-34,139.0,1.01136,1
DAKCFMEO_02664,WP_046464043.1,78.9,204,203,202,1.0e-90,327.4,1.00493,1.0099
DAKCFMEO_02665,WP_003382959.1,88.4,233,233,233,1.1e-122,433.7,1,1
DAKCFMEO_02665,WP_005767596.1,38.4,198,233,270,1.5e-34,141.0,0.849785,0.733333
DAKCFMEO_02666,WP_003382960.1,90.8,98,99,99,1.3e-46,179.9,0.989899,0.989899
DAKCFMEO_02667,WP_011103855.1,94.4,393,393,394,1.7e-211,729.6,1,0.997462
DAKCFMEO_02668,WP_003315067.1,99.4,161,161,161,1.0e-85,310.5,1,1
DAKCFMEO_02669,WP_005771350.1,91.3,310,311,309,2.7e-156,545.8,0.996785,1.00324
DAKCFMEO_02671,WP_011104677.1,46.2,730,723,722,1.7e-172,600.9,1.00968,1.01108
DAKCFMEO_02671,WP_005769699.1,36.9,740,723,743,7.1e-123,436.0,1.02351,0.995962
DAKCFMEO_02671,WP_046463309.1,38.0,693,723,803,3.5e-122,433.7,0.958506,0.863014
DAKCFMEO_02672,WP_011103856.1,86.6,411,413,415,1.4e-203,703.4,0.995157,0.990361
DAKCFMEO_02672,WP_011104448.1,39.8,410,413,413,4.5e-82,299.7,0.992736,0.992736
DAKCFMEO_02672,WP_011104091.1,35.0,314,413,383,7.6e-37,149.4,0.760291,0.819843
DAKCFMEO_02673,WP_011103857.1,73.1,134,136,147,4.2e-53,201.8,0.985294,0.911565
DAKCFMEO_02673,WP_010209623.1,35.3,133,136,141,3.8e-17,82.4,0.977941,0.943262
DAKCFMEO_02673,WP_057443138.1,36.4,99,136,133,7.8e-15,74.7,0.727941,0.744361
DAKCFMEO_02674,WP_002556012.1,60.0,60,64,66,6.9e-14,70.5,0.9375,0.909091
DAKCFMEO_02674,WP_011103604.1,50.8,63,64,60,1.4e-11,62.8,0.984375,1.05
DAKCFMEO_02675,WP_005740380.1,46.2,91,93,91,1.4e-18,86.7,0.978495,1
DAKCFMEO_02677,WP_011103861.1,87.8,311,312,336,3.2e-165,575.5,0.996795,0.925595
DAKCFMEO_02677,WP_005763161.1,30.6,294,312,337,1.9e-24,107.8,0.942308,0.872404
DAKCFMEO_02677,WP_005769670.1,31.6,215,312,317,1.5e-16,81.6,0.689103,0.678233
DAKCFMEO_02678,WP_005770721.1,87.4,143,143,143,1.9e-67,249.6,1,1
DAKCFMEO_02679,WP_003382984.1,93.5,153,154,154,1.1e-76,280.4,0.993506,0.993506
DAKCFMEO_02679,WP_003382360.1,30.9,139,154,224,2.0e-11,63.5,0.902597,0.620536
DAKCFMEO_02680,WP_046464039.1,79.6,774,775,775,0.0e+00,1182.9,0.99871,0.99871
DAKCFMEO_02681,WP_005617102.1,93.2,222,222,222,3.3e-111,395.6,1,1
DAKCFMEO_02681,WP_005765089.1,33.8,201,222,220,2.1e-25,110.5,0.905405,0.913636
DAKCFMEO_02681,WP_011105129.1,32.9,210,222,199,1.5e-18,87.8,0.945946,1.05528
DAKCFMEO_02681,WP_002554843.1,30.7,199,222,208,8.0e-17,82.0,0.896396,0.956731
DAKCFMEO_02681,WP_011104866.1,30.9,175,222,222,2.7e-12,67.0,0.788288,0.788288
DAKCFMEO_02682,WP_011103863.1,81.9,393,394,394,1.3e-182,633.6,0.997462,0.997462
DAKCFMEO_02683,WP_005617103.1,87.4,175,175,174,1.1e-85,310.5,1,1.00575
DAKCFMEO_02684,WP_007246342.1,94.4,177,178,178,3.2e-93,335.5,0.994382,0.994382
DAKCFMEO_02685,WP_044390135.1,83.7,252,252,252,4.0e-121,428.7,1,1
DAKCFMEO_02685,WP_005894403.1,31.7,224,252,247,5.9e-24,105.9,0.888889,0.906883
DAKCFMEO_02685,WP_046463300.1,31.8,239,252,256,4.7e-21,96.3,0.948413,0.933594
DAKCFMEO_02686,WP_162839071.1,87.9,4339,4339,4337,0.0e+00,7698.6,1,1.00046
DAKCFMEO_02686,WP_011103873.1,44.3,2626,4339,2875,0.0e+00,2011.1,0.605209,0.913391
DAKCFMEO_02686,WP_011103871.1,42.0,2657,4339,2625,0.0e+00,1851.6,0.612353,1.01219
DAKCFMEO_02686,WP_011105032.1,32.3,3689,4339,3432,0.0e+00,1674.1,0.850196,1.07488
DAKCFMEO_02686,WP_011105127.1,30.8,4422,4339,4531,0.0e+00,1640.9,1.01913,0.975944
DAKCFMEO_02687,WP_005770701.1,93.6,470,470,470,5.4e-257,880.9,1,1
DAKCFMEO_02687,WP_011103055.1,35.7,445,470,434,3.1e-63,237.3,0.946809,1.02535
DAKCFMEO_02687,WP_011103086.1,32.3,418,470,426,7.8e-54,206.1,0.889362,0.981221
DAKCFMEO_02687,WP_005767839.1,34.3,420,470,415,8.6e-53,202.6,0.893617,1.01205
DAKCFMEO_02687,WP_011104111.1,30.5,430,470,400,1.0e-45,179.1,0.914894,1.075
DAKCFMEO_02687,WP_011105299.1,30.8,432,470,468,1.3e-40,162.2,0.919149,0.923077
DAKCFMEO_02688,WP_005770699.1,98.7,75,75,75,1.3e-40,159.5,1,1
DAKCFMEO_02688,WP_162839055.1,60.3,58,75,69,1.3e-16,79.7,0.773333,0.84058
DAKCFMEO_02689,WP_005770697.1,86.7,301,302,309,1.3e-139,490.3,0.996689,0.97411
DAKCFMEO_02690,WP_011103866.1,98.3,299,299,299,6.5e-131,461.5,1,1
DAKCFMEO_02690,WP_007247039.1,36.2,243,299,262,2.1e-12,67.8,0.812709,0.927481
DAKCFMEO_02691,WP_005770693.1,91.4,244,254,250,2.2e-127,449.5,0.96063,0.976
DAKCFMEO_02691,WP_005768460.1,37.2,207,254,264,2.2e-26,114.0,0.814961,0.784091
DAKCFMEO_02691,WP_011104120.1,34.9,209,254,249,6.3e-26,112.5,0.822835,0.839357
DAKCFMEO_02691,WP_011105568.1,32.3,220,254,259,8.0e-21,95.5,0.866142,0.849421
DAKCFMEO_02691,WP_005770064.1,30.7,228,254,263,3.7e-18,86.7,0.897638,0.86692
DAKCFMEO_02691,WP_011105420.1,32.2,205,254,270,6.3e-18,85.9,0.807087,0.759259
DAKCFMEO_02691,WP_005767689.1,30.8,201,254,270,3.1e-17,83.6,0.791339,0.744444
DAKCFMEO_02691,WP_011104460.1,32.5,197,254,254,4.1e-17,83.2,0.775591,0.775591
DAKCFMEO_02691,WP_005770829.1,33.3,234,254,263,1.6e-16,81.3,0.92126,0.889734
DAKCFMEO_02691,WP_005763638.1,34.4,212,254,223,1.7e-15,77.8,0.834646,0.950673
DAKCFMEO_02692,WP_010204647.1,94.2,310,310,310,9.4e-165,573.9,1,1
DAKCFMEO_02693,WP_005770688.1,84.2,190,189,190,9.0e-86,310.8,1.00529,1
DAKCFMEO_02694,WP_005770686.1,90.2,112,112,110,9.2e-54,203.8,1,1.01818
DAKCFMEO_02695,WP_005770684.1,90.6,180,180,180,2.2e-97,349.4,1,1
DAKCFMEO_02696,WP_044390137.1,92.4,406,403,404,7.8e-220,757.3,1.00744,1.00495
DAKCFMEO_02697,WP_011103869.1,97.2,325,325,325,2.0e-189,656.0,1,1
DAKCFMEO_02698,WP_046464036.1,85.9,1136,1136,1136,0.0e+00,1938.3,1,1
DAKCFMEO_02698,WP_011105031.1,38.8,1071,1136,1753,3.0e-184,640.6,0.942782,0.610953
DAKCFMEO_02699,WP_011103871.1,81.6,2625,2599,2625,0.0e+00,4273.8,1.01,1
DAKCFMEO_02699,WP_011103873.1,60.3,2592,2599,2875,0.0e+00,2965.3,0.997307,0.901565
DAKCFMEO_02699,WP_162839071.1,41.9,2613,2599,4337,0.0e+00,1808.1,1.00539,0.60249
DAKCFMEO_02699,WP_011103872.1,34.2,2620,2599,2151,0.0e+00,1229.2,1.00808,1.21804
DAKCFMEO_02700,WP_011103872.1,83.4,2157,2156,2151,0.0e+00,3582.7,1.00046,1.00279
DAKCFMEO_02700,WP_011103873.1,40.7,2581,2156,2875,0.0e+00,1629.0,1.19712,0.897739
DAKCFMEO_02700,WP_011105032.1,44.5,2135,2156,3432,0.0e+00,1616.3,0.99026,0.622086
DAKCFMEO_02700,WP_011103871.1,34.1,2635,2156,2625,0.0e+00,1228.8,1.22217,1.00381
DAKCFMEO_02700,WP_011104219.1,35.0,2140,2156,3168,7.7e-282,965.7,0.992579,0.675505
DAKCFMEO_02700,WP_011105031.1,36.5,1702,2156,1753,1.3e-268,921.8,0.789425,0.970907
DAKCFMEO_02701,WP_011103873.1,83.9,2879,2881,2875,0.0e+00,4778.0,0.999306,1.00139
DAKCFMEO_02701,WP_011103871.1,59.3,2622,2881,2625,0.0e+00,2918.3,0.910101,0.998857
DAKCFMEO_02701,WP_162839071.1,42.8,2660,2881,4337,0.0e+00,1911.3,0.923291,0.613327
DAKCFMEO_02701,WP_011103872.1,41.2,2592,2881,2151,0.0e+00,1657.9,0.899688,1.20502
DAKCFMEO_02701,WP_011105127.1,30.7,3387,2881,4531,0.0e+00,1201.8,1.17563,0.747517
DAKCFMEO_02701,WP_011105032.1,31.7,2747,2881,3432,0.0e+00,1130.2,0.953488,0.800408
DAKCFMEO_02702,WP_046463309.1,78.9,809,809,803,0.0e+00,1315.4,1,1.00747
DAKCFMEO_02702,WP_005769699.1,55.3,691,809,743,8.0e-232,798.1,0.854141,0.930013
DAKCFMEO_02702,WP_011104677.1,35.9,716,809,722,2.6e-113,404.4,0.885043,0.99169
DAKCFMEO_02703,WP_005769699.1,83.8,748,748,743,0.0e+00,1263.8,1,1.00673
DAKCFMEO_02703,WP_046463309.1,56.8,659,748,803,9.0e-230,791.2,0.881016,0.820672
DAKCFMEO_02703,WP_011104677.1,37.0,679,748,722,2.9e-111,397.5,0.907754,0.940443
DAKCFMEO_02704,WP_011103875.1,92.8,554,554,554,2.9e-294,1005.0,1,1
DAKCFMEO_02705,WP_044390144.1,89.5,287,286,292,4.3e-156,545.0,1.0035,0.982877
DAKCFMEO_02706,WP_011103877.1,85.7,426,426,427,2.6e-221,762.3,1,0.997658
DAKCFMEO_02707,WP_007246323.1,93.3,447,447,447,1.8e-249,855.9,1,1
DAKCFMEO_02708,WP_011103878.1,91.2,536,536,544,2.7e-313,1068.1,1,0.985294
DAKCFMEO_02709,WP_046463311.1,86.1,461,467,462,8.1e-221,760.8,0.987152,0.997835
DAKCFMEO_02710,WP_005769685.1,88.4,657,655,656,0.0e+00,1105.9,1.00305,1.00152
DAKCFMEO_02710,WP_011104221.1,46.4,657,655,668,2.9e-139,490.3,1.00305,0.983533
DAKCFMEO_02711,WP_005769683.1,87.9,390,390,390,4.2e-178,618.6,1,1
DAKCFMEO_02711,WP_010216538.1,30.8,354,390,383,1.5e-34,141.7,0.907692,0.924282
DAKCFMEO_02712,WP_011103880.1,84.0,773,782,773,0.0e+00,1330.9,0.988491,1
DAKCFMEO_02714,WP_011103882.1,96.0,398,398,398,6.9e-221,760.8,1,1
DAKCFMEO_02714,WP_011105431.1,52.4,393,398,399,2.5e-117,416.8,0.987437,0.984962
DAKCFMEO_02715,WP_005769676.1,96.3,671,671,671,0.0e+00,1264.2,1,1
DAKCFMEO_02716,WP_005764106.1,83.9,310,310,310,2.3e-155,542.7,1,1
DAKCFMEO_02717,WP_005764108.1,80.6,98,117,105,1.9e-38,152.9,0.837607,0.933333
DAKCFMEO_02718,WP_005764110.1,90.2,163,163,163,8.6e-85,307.4,1,1
DAKCFMEO_02719,WP_005764112.1,92.2,409,410,409,1.7e-209,723.0,0.997561,1
DAKCFMEO_02720,WP_011103489.1,99.2,254,254,254,3.2e-147,515.4,1,1
DAKCFMEO_02720,WP_011104895.1,60.3,242,254,244,5.8e-80,292.0,0.952756,0.991803
DAKCFMEO_02720,WP_007243868.1,55.2,239,254,245,4.8e-74,272.3,0.940945,0.97551
DAKCFMEO_02720,WP_007246637.1,51.4,247,254,254,9.6e-67,248.1,0.972441,0.972441
DAKCFMEO_02720,WP_005762478.1,51.4,249,254,263,3.1e-65,243.0,0.980315,0.946768
DAKCFMEO_02720,WP_005737152.1,50.2,247,254,257,2.0e-64,240.4,0.972441,0.961089
DAKCFMEO_02720,WP_011104376.1,50.8,238,254,253,4.5e-64,239.2,0.937008,0.940711
DAKCFMEO_02720,WP_011103716.1,47.4,247,254,254,5.9e-64,238.8,0.972441,0.972441
DAKCFMEO_02720,WP_005768429.1,50.0,236,254,244,1.1e-62,234.6,0.929134,0.967213
DAKCFMEO_02720,WP_011104329.1,48.2,251,254,261,1.9e-62,233.8,0.988189,0.961686
DAKCFMEO_02720,WP_007245567.1,51.6,244,254,247,7.2e-62,231.9,0.96063,0.987854
DAKCFMEO_02720,WP_011104117.1,48.6,243,254,278,8.7e-60,224.9,0.956693,0.874101
DAKCFMEO_02720,WP_010203924.1,42.6,244,254,335,3.4e-48,186.4,0.96063,0.728358
DAKCFMEO_02720,WP_005768050.1,37.2,253,254,374,5.1e-44,172.6,0.996063,0.676471
DAKCFMEO_02720,WP_005765582.1,38.5,234,254,376,3.7e-42,166.4,0.92126,0.62234
DAKCFMEO_02720,WP_005762690.1,37.7,252,254,384,4.8e-42,166.0,0.992126,0.65625
DAKCFMEO_02720,WP_005768959.1,35.4,243,254,368,5.0e-39,156.0,0.956693,0.660326
DAKCFMEO_02720,WP_011104057.1,35.8,229,254,342,1.1e-38,154.8,0.901575,0.669591
DAKCFMEO_02720,WP_003380252.1,36.4,242,254,326,2.5e-38,153.7,0.952756,0.742331
DAKCFMEO_02720,WP_011104358.1,35.9,256,254,345,2.5e-38,153.7,1.00787,0.742029
DAKCFMEO_02720,WP_005770464.1,36.6,227,254,329,3.2e-38,153.3,0.893701,0.68997
DAKCFMEO_02720,WP_005737104.1,36.0,242,254,380,5.5e-38,152.5,0.952756,0.636842
DAKCFMEO_02720,WP_005764049.1,34.7,242,254,386,3.3e-35,143.3,0.952756,0.626943
DAKCFMEO_02720,WP_007247035.1,36.4,225,254,276,5.7e-35,142.5,0.885827,0.815217
DAKCFMEO_02720,WP_011103331.1,31.4,229,254,381,1.3e-34,141.4,0.901575,0.60105
DAKCFMEO_02721,WP_005764114.1,93.7,365,365,365,1.4e-199,689.9,1,1
DAKCFMEO_02722,WP_011103488.1,92.9,393,393,393,1.3e-208,719.9,1,1
DAKCFMEO_02723,WP_005764116.1,94.2,342,342,342,6.9e-185,641.0,1,1
DAKCFMEO_02724,WP_007244032.1,88.1,219,219,219,3.4e-113,402.1,1,1
DAKCFMEO_02725,WP_046463295.1,92.0,489,488,486,1.2e-246,846.7,1.00205,1.00617
DAKCFMEO_02725,WP_011105110.1,38.0,363,488,442,2.9e-67,250.8,0.743852,0.821267
DAKCFMEO_02725,WP_005762956.1,37.6,367,488,459,5.0e-64,240.0,0.752049,0.799564
DAKCFMEO_02725,WP_005616197.1,37.8,368,488,445,1.7e-59,224.9,0.754098,0.826966
DAKCFMEO_02725,WP_003373273.1,33.9,372,488,562,1.4e-53,205.3,0.762295,0.661922
DAKCFMEO_02726,WP_005736458.1,91.2,148,149,148,3.5e-77,282.0,0.993289,1
DAKCFMEO_02727,WP_005764130.1,81.5,81,81,81,1.6e-36,146.0,1,1
DAKCFMEO_02728,WP_005764132.1,90.5,158,161,161,7.2e-76,277.7,0.981366,0.981366
DAKCFMEO_02729,WP_003376021.1,98.7,464,464,464,5.0e-271,927.5,1,1
DAKCFMEO_02730,WP_046463297.1,84.4,392,392,392,7.6e-196,677.6,1,1
DAKCFMEO_02731,WP_005764136.1,91.9,259,259,259,2.5e-134,472.6,1,1
DAKCFMEO_02732,WP_005764140.1,95.0,438,438,438,2.9e-244,838.6,1,1
DAKCFMEO_02732,WP_011104257.1,33.2,416,438,464,6.3e-50,193.0,0.949772,0.896552
DAKCFMEO_02732,WP_011105583.1,31.2,430,438,442,4.1e-49,190.3,0.981735,0.972851
DAKCFMEO_02733,WP_005764142.1,96.6,493,493,493,2.8e-280,958.4,1,1
DAKCFMEO_02734,WP_005764144.1,93.1,390,390,390,2.8e-206,712.2,1,1
DAKCFMEO_02735,WP_003376036.1,91.3,470,470,470,1.6e-237,816.2,1,1
DAKCFMEO_02736,WP_005615404.1,92.5,494,493,493,9.0e-279,953.4,1.00203,1.00203
DAKCFMEO_02737,WP_011103483.1,85.4,536,536,536,1.5e-263,902.9,1,1
DAKCFMEO_02738,WP_011103482.1,96.5,479,485,479,1.5e-278,952.6,0.987629,1
DAKCFMEO_02739,WP_011103481.1,92.9,380,377,378,8.3e-208,717.2,1.00796,1.00529
DAKCFMEO_02740,WP_005764153.1,96.3,518,518,518,2.0e-289,988.8,1,1
DAKCFMEO_02740,WP_005770932.1,43.3,390,518,471,8.5e-86,312.4,0.752896,0.828025
DAKCFMEO_02741,WP_011103480.1,93.4,391,391,391,3.6e-214,738.4,1,1
DAKCFMEO_02742,WP_003376052.1,92.3,222,222,222,2.3e-112,399.4,1,1
DAKCFMEO_02743,WP_007244046.1,96.7,483,483,483,6.3e-277,947.2,1,1
DAKCFMEO_02743,WP_011104599.1,45.0,476,483,485,5.8e-113,402.5,0.985507,0.981443
DAKCFMEO_02744,WP_011103479.1,67.4,635,867,922,3.9e-253,869.0,0.732411,0.68872
DAKCFMEO_02744,WP_011104970.1,54.6,646,867,940,2.2e-195,677.2,0.745098,0.687234
DAKCFMEO_02744,WP_011104973.1,53.6,633,867,886,1.5e-188,654.4,0.730104,0.714447
DAKCFMEO_02746,WP_005764169.1,86.4,154,154,154,9.3e-73,267.3,1,1
DAKCFMEO_02747,WP_011103477.1,91.9,272,272,272,2.7e-139,489.2,1,1
DAKCFMEO_02747,WP_007245058.1,32.8,274,272,270,3.5e-30,126.7,1.00735,1.01481
DAKCFMEO_02747,WP_046463536.1,37.0,181,272,270,9.2e-23,102.1,0.665441,0.67037
DAKCFMEO_02747,WP_011104271.1,33.5,188,272,250,1.2e-19,91.7,0.691176,0.752
DAKCFMEO_02747,WP_005619926.1,33.7,199,272,244,2.8e-19,90.5,0.731618,0.815574
DAKCFMEO_02747,WP_011103737.1,32.0,197,272,262,7.5e-17,82.4,0.724265,0.751908
DAKCFMEO_02747,WP_011103118.1,30.3,211,272,257,1.4e-15,78.2,0.775735,0.821012
DAKCFMEO_02747,WP_005767607.1,32.6,175,272,271,1.6e-14,74.7,0.643382,0.645756
DAKCFMEO_02747,WP_005614190.1,30.2,189,272,258,2.0e-14,74.3,0.694853,0.732558
DAKCFMEO_02747,WP_005770966.1,32.4,185,272,254,2.7e-14,73.9,0.680147,0.728346
DAKCFMEO_02747,WP_005763057.1,32.6,184,272,254,3.9e-13,70.1,0.676471,0.724409
DAKCFMEO_02747,WP_005768839.1,32.6,175,272,262,1.9e-12,67.8,0.643382,0.667939
DAKCFMEO_02747,WP_007246009.1,31.9,182,272,286,1.2e-11,65.1,0.669118,0.636364
DAKCFMEO_02748,WP_011103474.1,91.2,283,284,286,2.5e-148,519.2,0.996479,0.98951
DAKCFMEO_02748,WP_011104635.1,39.5,276,284,294,6.8e-53,202.2,0.971831,0.938776
DAKCFMEO_02749,WP_003365425.1,86.4,66,66,66,3.5e-29,121.3,1,1
DAKCFMEO_02751,WP_005764177.1,80.0,475,496,498,3.2e-215,742.3,0.957661,0.953815
DAKCFMEO_02752,WP_005615366.1,92.9,312,315,315,1.9e-165,576.2,0.990476,0.990476
DAKCFMEO_02752,WP_011104938.1,32.3,291,315,307,7.3e-40,159.1,0.92381,0.947883
DAKCFMEO_02752,WP_003377838.1,32.3,291,315,298,1.2e-39,158.3,0.92381,0.97651
DAKCFMEO_02752,WP_011103634.1,32.9,295,315,302,1.2e-37,151.8,0.936508,0.976821
DAKCFMEO_02752,WP_011104172.1,33.2,292,315,305,1.2e-37,151.8,0.926984,0.957377
DAKCFMEO_02752,WP_011104037.1,32.2,304,315,302,1.3e-36,148.3,0.965079,1.00662
DAKCFMEO_02752,WP_005771227.1,31.2,292,315,294,8.4e-36,145.6,0.926984,0.993197
DAKCFMEO_02752,WP_005617775.1,30.6,297,315,301,2.7e-34,140.6,0.942857,0.986711
DAKCFMEO_02752,WP_007246000.1,30.4,289,315,301,6.0e-34,139.4,0.91746,0.960133
DAKCFMEO_02753,WP_011103472.1,92.0,324,324,324,5.9e-170,591.3,1,1
DAKCFMEO_02753,WP_011104568.1,31.0,245,324,310,2.9e-31,130.6,0.756173,0.790323
DAKCFMEO_02753,WP_011104476.1,37.1,210,324,318,3.7e-31,130.2,0.648148,0.660377
DAKCFMEO_02753,WP_003382085.1,33.5,263,324,409,3.2e-30,127.1,0.811728,0.643032
DAKCFMEO_02754,WP_007244060.1,88.9,297,303,300,1.5e-151,530.0,0.980198,0.99
DAKCFMEO_02755,WP_005764184.1,85.8,289,292,291,4.9e-147,515.0,0.989726,0.993127
DAKCFMEO_02756,WP_011103471.1,70.4,108,109,110,8.1e-39,154.1,0.990826,0.981818
DAKCFMEO_02757,WP_046463402.1,74.8,516,524,513,1.7e-227,783.1,0.984733,1.00585
DAKCFMEO_02758,WP_007244063.1,79.8,104,128,114,6.2e-38,151.4,0.8125,0.912281
DAKCFMEO_02759,WP_010205787.1,86.2,167,167,167,6.5e-80,291.2,1,1
DAKCFMEO_02759,WP_007244528.1,45.5,167,167,172,1.2e-38,154.1,1,0.97093
DAKCFMEO_02759,WP_011103465.1,42.2,154,167,180,4.7e-30,125.6,0.922156,0.855556
DAKCFMEO_02760,WP_005764194.1,83.4,325,325,325,5.4e-155,541.6,1,1
DAKCFMEO_02760,WP_011103142.1,36.5,323,325,330,3.3e-43,170.2,0.993846,0.978788
DAKCFMEO_02760,WP_011103466.1,32.1,327,325,320,8.6e-28,119.0,1.00615,1.02188
DAKCFMEO_02760,WP_010201831.1,31.0,300,325,321,1.7e-23,104.8,0.923077,0.934579
DAKCFMEO_02761,WP_011103468.1,95.5,782,782,782,0.0e+00,1530.8,1,1
DAKCFMEO_02762,WP_005764200.1,93.6,141,142,142,3.3e-72,265.4,0.992958,0.992958
DAKCFMEO_02763,WP_005764206.1,80.0,110,110,110,1.7e-44,172.9,1,1
DAKCFMEO_02768,WP_007244070.1,75.5,110,109,110,4.8e-23,101.7,1.00917,1
DAKCFMEO_02769,WP_011103464.1,95.1,162,162,162,4.2e-84,305.1,1,1
DAKCFMEO_02770,WP_005764221.1,93.1,87,90,88,1.8e-39,156.0,0.966667,0.988636
DAKCFMEO_02771,WP_007244073.1,88.9,415,412,416,3.2e-213,735.3,1.00728,0.997596
DAKCFMEO_02772,WP_046463403.1,87.4,738,738,737,0.0e+00,1248.0,1,1.00136
DAKCFMEO_02773,WP_005764227.1,92.7,668,706,706,0.0e+00,1270.4,0.946176,0.946176
DAKCFMEO_02774,WP_005764229.1,80.1,654,654,654,1.7e-296,1012.7,1,1
DAKCFMEO_02775,WP_005764231.1,83.1,290,290,290,4.5e-145,508.4,1,1
DAKCFMEO_02777,WP_005768735.1,83.1,267,267,267,5.3e-132,464.9,1,1
DAKCFMEO_02779,WP_011103459.1,90.4,303,303,306,3.6e-161,562.0,1,0.990196
DAKCFMEO_02779,WP_005770966.1,36.6,194,303,254,1.9e-24,107.8,0.640264,0.76378
DAKCFMEO_02779,WP_005765466.1,35.6,205,303,242,7.8e-23,102.4,0.676568,0.847107
DAKCFMEO_02779,WP_005764784.1,32.0,250,303,249,8.6e-22,99.0,0.825083,1.00402
DAKCFMEO_02779,WP_005770626.1,30.1,249,303,247,1.6e-20,94.7,0.821782,1.0081
DAKCFMEO_02779,WP_011104991.1,31.0,255,303,252,1.8e-19,91.3,0.841584,1.0119
DAKCFMEO_02779,WP_011103979.1,36.1,194,303,266,4.4e-18,86.7,0.640264,0.729323
DAKCFMEO_02779,WP_005764783.1,34.0,188,303,253,1.3e-17,85.1,0.620462,0.743083
DAKCFMEO_02779,WP_007246009.1,30.3,261,303,286,3.5e-15,77.0,0.861386,0.912587
DAKCFMEO_02780,WP_005768738.1,82.7,150,150,150,2.7e-69,255.8,1,1
DAKCFMEO_02782,WP_011103458.1,85.6,201,201,201,3.6e-101,362.1,1,1
DAKCFMEO_02783,WP_005768834.1,37.5,259,320,302,4.2e-35,143.3,0.809375,0.857616
DAKCFMEO_02784,WP_005768741.1,90.0,190,189,190,6.2e-95,341.3,1.00529,1
DAKCFMEO_02785,WP_005768743.1,86.0,236,236,236,2.2e-113,402.9,1,1
DAKCFMEO_02786,WP_005768747.1,92.5,186,186,187,2.8e-95,342.4,1,0.994652
DAKCFMEO_02786,WP_007244323.1,80.0,180,186,202,8.9e-78,284.3,0.967742,0.891089
DAKCFMEO_02787,WP_003379302.1,96.7,123,123,123,2.9e-61,228.8,1,1
DAKCFMEO_02788,WP_005768750.1,93.9,98,98,98,2.1e-49,189.1,1,1
DAKCFMEO_02789,WP_005768752.1,92.9,112,113,113,1.8e-57,216.1,0.99115,0.99115
DAKCFMEO_02790,WP_005736511.1,98.4,320,320,320,4.8e-180,624.8,1,1
DAKCFMEO_02790,WP_007246288.1,35.9,315,320,520,1.0e-41,165.2,0.984375,0.605769
DAKCFMEO_02791,WP_003380444.1,36.2,177,199,187,6.3e-29,122.1,0.889447,0.946524
DAKCFMEO_02791,WP_011104801.1,35.2,142,199,157,6.9e-12,65.5,0.713568,0.904459
DAKCFMEO_02792,WP_007244082.1,93.9,247,253,253,3.8e-132,465.3,0.976285,0.976285
DAKCFMEO_02793,WP_011103457.1,48.3,118,118,114,2.3e-23,102.8,1,1.03509
DAKCFMEO_02795,WP_011104442.1,97.0,363,363,503,1.1e-209,723.4,1,0.72167
DAKCFMEO_02795,WP_003409202.1,82.4,363,363,517,9.2e-180,624.0,1,0.702128
DAKCFMEO_02795,WP_011105416.1,82.4,363,363,517,9.2e-180,624.0,1,0.702128
DAKCFMEO_02795,WP_164923172.1,82.4,363,363,501,9.2e-180,624.0,1,0.724551
DAKCFMEO_02795,WP_080898634.1,41.4,302,363,187,1.7e-48,188.0,0.831956,1.61497
DAKCFMEO_02797,WP_010201143.1,94.5,403,403,403,1.2e-220,760.0,1,1
DAKCFMEO_02798,WP_005767873.1,91.4,475,475,474,2.2e-245,842.4,1,1.00211
DAKCFMEO_02799,WP_005614195.1,89.0,364,364,364,6.8e-191,661.0,1,1
DAKCFMEO_02800,WP_002551953.1,98.3,116,116,116,5.0e-63,234.6,1,1
DAKCFMEO_02800,WP_003380604.1,41.8,110,116,107,9.3e-17,80.9,0.948276,1.02804
DAKCFMEO_02801,WP_005767875.1,97.1,344,344,344,1.9e-195,676.0,1,1
DAKCFMEO_02802,WP_003377457.1,90.1,142,142,142,1.3e-73,270.0,1,1
DAKCFMEO_02803,WP_011103217.1,58.8,311,299,310,1.7e-94,340.5,1.04013,1.00323
DAKCFMEO_02804,WP_005614190.1,91.5,258,258,258,1.9e-134,473.0,1,1
DAKCFMEO_02804,WP_011104937.1,37.8,246,258,261,5.6e-38,152.5,0.953488,0.942529
DAKCFMEO_02804,WP_011103737.1,38.0,221,258,262,1.2e-32,134.8,0.856589,0.843511
DAKCFMEO_02804,WP_007245058.1,34.8,187,258,270,6.9e-20,92.4,0.724806,0.692593
DAKCFMEO_02804,WP_005767607.1,30.6,245,258,271,1.7e-18,87.8,0.949612,0.904059
DAKCFMEO_02804,WP_005770966.1,31.7,189,258,254,1.4e-17,84.7,0.732558,0.744094
DAKCFMEO_02804,WP_011104271.1,35.5,186,258,250,2.4e-17,84.0,0.72093,0.744
DAKCFMEO_02804,WP_005763057.1,34.2,193,258,254,7.1e-17,82.4,0.748062,0.759843
DAKCFMEO_02804,WP_005764784.1,32.2,183,258,249,6.7e-15,75.9,0.709302,0.73494
DAKCFMEO_02804,WP_011103477.1,31.9,191,258,272,6.7e-15,75.9,0.74031,0.702206
DAKCFMEO_02804,WP_007246009.1,30.7,189,258,286,3.3e-14,73.6,0.732558,0.660839
DAKCFMEO_02805,WP_005767882.1,97.3,112,112,112,4.9e-63,234.6,1,1
DAKCFMEO_02806,WP_005767884.1,94.0,215,215,215,6.2e-115,407.9,1,1
DAKCFMEO_02807,WP_002551946.1,99.2,264,264,264,3.3e-150,525.4,1,1
DAKCFMEO_02808,WP_005767887.1,98.6,140,140,140,7.4e-77,280.8,1,1
DAKCFMEO_02809,WP_005614181.1,81.8,214,214,214,8.0e-99,354.4,1,1
DAKCFMEO_02810,WP_011103216.1,81.8,231,230,231,7.8e-108,384.4,1.00435,1
DAKCFMEO_02811,WP_005767891.1,86.7,278,278,278,4.7e-131,461.8,1,1
DAKCFMEO_02812,WP_011103215.1,96.3,348,353,349,3.8e-186,645.2,0.985836,0.997135
DAKCFMEO_02813,WP_005767895.1,94.5,199,199,199,5.2e-108,384.8,1,1
DAKCFMEO_02815,WP_011104522.1,75.6,180,181,181,4.3e-77,282.0,0.994475,0.994475
DAKCFMEO_02815,WP_011104790.1,70.2,181,181,177,6.4e-65,241.5,1,1.0226
DAKCFMEO_02815,WP_011103843.1,67.4,181,181,177,5.4e-64,238.4,1,1.0226
DAKCFMEO_02817,WP_004407132.1,52.1,167,170,180,1.3e-43,170.6,0.982353,0.927778
DAKCFMEO_02818,WP_011104529.1,42.8,601,600,689,1.0e-111,398.7,1.00167,0.872279
DAKCFMEO_02825,WP_011103204.1,66.3,841,842,714,2.1e-211,730.3,0.998812,1.17787
DAKCFMEO_02826,WP_005614160.1,92.8,97,98,98,1.9e-47,182.6,0.989796,0.989796
DAKCFMEO_02827,WP_005768018.1,86.1,115,115,115,4.1e-57,214.9,1,1
DAKCFMEO_02828,WP_011103203.1,93.8,498,498,498,1.7e-272,932.6,1,1
DAKCFMEO_02829,WP_005768022.1,87.3,55,61,62,4.9e-25,107.5,0.901639,0.887097
DAKCFMEO_02830,WP_005768024.1,82.7,196,196,196,3.4e-96,345.5,1,1
DAKCFMEO_02831,WP_005768026.1,79.2,77,112,112,4.4e-32,131.7,0.6875,0.6875
DAKCFMEO_02832,WP_005739807.1,96.1,129,129,129,6.0e-65,241.1,1,1
DAKCFMEO_02833,WP_046463952.1,79.0,143,145,145,1.1e-62,233.8,0.986207,0.986207
DAKCFMEO_02834,WP_005768035.1,92.1,203,203,203,3.3e-110,392.1,1,1
DAKCFMEO_02834,WP_003381514.1,53.5,198,203,217,8.0e-56,211.5,0.975369,0.912442
DAKCFMEO_02834,WP_011103415.1,68.2,129,203,133,1.4e-47,184.1,0.635468,0.969925
DAKCFMEO_02834,WP_011104545.1,36.5,200,203,243,2.3e-26,113.6,0.985222,0.823045
DAKCFMEO_02834,WP_011104827.1,35.1,194,203,234,2.3e-26,113.6,0.955665,0.82906
DAKCFMEO_02835,WP_005768037.1,72.8,81,85,82,1.3e-28,119.8,0.952941,0.987805
DAKCFMEO_02837,WP_046463953.1,96.2,80,80,80,2.2e-41,162.2,1,1
DAKCFMEO_02838,WP_011103197.1,84.0,643,643,640,0.0e+00,1091.6,1,1.00469
DAKCFMEO_02840,WP_007244435.1,94.1,491,493,493,2.0e-270,925.6,0.995943,0.995943
DAKCFMEO_02840,WP_005765730.1,33.0,464,493,447,3.8e-59,223.8,0.941176,1.03803
DAKCFMEO_02841,WP_046463955.1,91.9,272,272,272,2.5e-145,509.2,1,1
DAKCFMEO_02842,WP_005739815.1,97.3,224,224,224,5.2e-125,441.4,1,1
DAKCFMEO_02843,WP_005768044.1,97.0,271,274,273,7.1e-140,491.1,0.989051,0.992674
DAKCFMEO_02843,WP_011104134.1,42.0,255,274,271,5.7e-49,189.1,0.930657,0.940959
DAKCFMEO_02843,WP_003383453.1,36.2,243,274,264,5.4e-39,156.0,0.886861,0.920455
DAKCFMEO_02843,WP_005739341.1,30.7,199,274,226,2.8e-11,63.9,0.726277,0.880531
DAKCFMEO_02844,WP_011103195.1,95.9,415,415,415,2.7e-223,768.8,1,1
DAKCFMEO_02845,WP_003377314.1,94.8,344,344,344,3.1e-193,668.7,1,1
DAKCFMEO_02845,WP_005762684.1,37.8,331,344,341,6.1e-56,212.6,0.962209,0.970674
DAKCFMEO_02846,WP_005768050.1,98.1,374,374,374,8.5e-213,733.8,1,1
DAKCFMEO_02846,WP_005762690.1,47.0,353,374,384,5.7e-84,305.8,0.94385,0.919271
DAKCFMEO_02846,WP_005737104.1,45.1,326,374,380,6.0e-73,269.2,0.871658,0.857895
DAKCFMEO_02846,WP_011104057.1,43.0,356,374,342,1.1e-71,265.0,0.951872,1.04094
DAKCFMEO_02846,WP_005770464.1,43.7,318,374,329,1.3e-64,241.5,0.850267,0.966565
DAKCFMEO_02846,WP_011103158.1,37.9,338,374,347,1.3e-64,241.5,0.903743,0.974063
DAKCFMEO_02846,WP_011103331.1,40.7,305,374,381,4.3e-63,236.5,0.815508,0.800525
DAKCFMEO_02846,WP_005764049.1,44.0,291,374,386,5.6e-63,236.1,0.778075,0.753886
DAKCFMEO_02846,WP_005768959.1,39.6,323,374,368,6.8e-61,229.2,0.863636,0.877717
DAKCFMEO_02846,WP_003380252.1,46.9,243,374,326,8.9e-61,228.8,0.649733,0.745399
DAKCFMEO_02846,WP_044390643.1,41.9,291,374,356,9.2e-58,218.8,0.778075,0.817416
DAKCFMEO_02846,WP_003368676.1,34.8,256,374,385,1.7e-43,171.4,0.684492,0.664935
DAKCFMEO_02846,WP_011104697.1,34.1,276,374,371,4.9e-43,169.9,0.737968,0.743935
DAKCFMEO_02846,WP_011103489.1,36.4,253,374,254,1.9e-42,167.9,0.676471,0.996063
DAKCFMEO_02846,WP_011104358.1,36.2,260,374,345,2.7e-41,164.1,0.695187,0.753623
DAKCFMEO_02846,WP_005740065.1,34.7,239,374,364,7.8e-41,162.5,0.639037,0.656593
DAKCFMEO_02846,WP_005763692.1,36.5,252,374,392,5.1e-40,159.8,0.673797,0.642857
DAKCFMEO_02846,WP_011104329.1,37.3,249,374,261,2.1e-38,154.5,0.665775,0.954023
DAKCFMEO_02846,WP_007243868.1,35.4,240,374,245,1.8e-37,151.4,0.641711,0.979592
DAKCFMEO_02846,WP_005768429.1,35.4,229,374,244,2.6e-36,147.5,0.612299,0.938525
DAKCFMEO_02846,WP_005737152.1,34.6,254,374,257,3.4e-36,147.1,0.679144,0.988327
DAKCFMEO_02846,WP_005762478.1,35.7,255,374,263,3.4e-36,147.1,0.681818,0.969582
DAKCFMEO_02847,WP_005768051.1,97.1,209,209,209,5.4e-108,384.8,1,1
DAKCFMEO_02847,WP_005737926.1,36.0,211,209,214,6.3e-32,132.1,1.00957,0.985981
DAKCFMEO_02847,WP_002554843.1,33.0,209,209,208,1.5e-28,120.9,1,1.00481
DAKCFMEO_02848,WP_046463956.1,84.8,671,671,682,0.0e+00,1112.1,1,0.983871
DAKCFMEO_02849,WP_024667176.1,78.4,283,321,328,3.3e-104,372.9,0.88162,0.862805
DAKCFMEO_02850,WP_011103191.1,78.3,254,255,255,2.7e-117,416.0,0.996078,0.996078
DAKCFMEO_02851,WP_046463963.1,88.6,220,224,223,9.9e-116,410.6,0.982143,0.986547
DAKCFMEO_02852,WP_007244442.1,92.4,341,341,341,1.2e-189,656.8,1,1
DAKCFMEO_02853,WP_046463957.1,88.7,927,926,927,0.0e+00,1679.1,1.00108,1
DAKCFMEO_02854,WP_010217367.1,92.0,440,442,440,1.8e-225,776.2,0.995475,1
DAKCFMEO_02855,WP_011103187.1,93.0,329,329,329,8.7e-177,614.0,1,1
DAKCFMEO_02856,WP_005768067.1,94.0,268,268,268,2.6e-147,515.8,1,1
DAKCFMEO_02857,WP_005768068.1,93.7,126,126,126,6.9e-66,244.2,1,1
DAKCFMEO_02858,WP_011103186.1,81.7,300,300,300,6.5e-147,514.6,1,1
DAKCFMEO_02859,WP_007244448.1,88.7,106,107,106,2.8e-52,198.7,0.990654,1
DAKCFMEO_02860,WP_011103185.1,98.9,640,640,640,0.0e+00,1265.0,1,1
DAKCFMEO_02861,WP_007244449.1,94.8,423,423,423,6.0e-231,794.3,1,1
DAKCFMEO_02862,WP_011103184.1,96.3,520,520,520,2.1e-310,1058.5,1,1
DAKCFMEO_02863,WP_011103183.1,91.9,405,410,409,5.8e-223,767.7,0.987805,0.99022
DAKCFMEO_02864,WP_011103182.1,89.6,173,175,174,9.5e-90,323.9,0.988571,0.994253
DAKCFMEO_02864,WP_011103370.1,36.5,137,175,168,9.4e-13,68.2,0.782857,0.815476
DAKCFMEO_02865,WP_011103181.1,96.6,117,117,117,4.3e-62,231.5,1,1
DAKCFMEO_02866,WP_005614129.1,92.6,189,189,189,8.1e-95,340.9,1,1
DAKCFMEO_02867,WP_005614128.1,96.2,341,341,341,4.2e-190,658.3,1,1
DAKCFMEO_02868,WP_002551877.1,100.0,71,71,71,2.8e-32,131.7,1,1
DAKCFMEO_02869,WP_007244455.1,92.8,652,651,652,0.0e+00,1208.4,1.00154,1
DAKCFMEO_02870,WP_005614111.1,97.9,616,616,616,0.0e+00,1092.8,1,1
DAKCFMEO_02871,WP_046463958.1,82.5,816,820,825,0.0e+00,1359.0,0.995122,0.989091
DAKCFMEO_02871,WP_011103090.1,45.7,547,820,643,1.7e-141,498.0,0.667073,0.8507
DAKCFMEO_02871,WP_011103884.1,36.2,702,820,730,1.1e-119,425.6,0.856098,0.961644
DAKCFMEO_02871,WP_007244549.1,37.8,553,820,897,9.6e-108,386.0,0.67439,0.616499
DAKCFMEO_02871,WP_044391024.1,36.6,582,820,730,8.7e-101,362.8,0.709756,0.79726
DAKCFMEO_02871,WP_005762944.1,35.4,545,820,712,7.1e-95,343.2,0.664634,0.765449
DAKCFMEO_02871,WP_005764073.1,36.1,559,820,705,8.7e-93,336.3,0.681707,0.792908
DAKCFMEO_02871,WP_011103691.1,31.9,573,820,818,2.5e-63,238.4,0.69878,0.700489
DAKCFMEO_02878,WP_005771485.1,90.9,208,208,208,7.5e-110,391.0,1,1
DAKCFMEO_02881,WP_005770011.1,84.4,403,405,404,1.8e-179,623.2,0.995062,0.997525
DAKCFMEO_02882,WP_004880039.1,100.0,122,122,122,3.4e-62,231.9,1,1
DAKCFMEO_02882,WP_002551738.1,36.5,115,122,136,2.6e-17,82.8,0.942623,0.845588
DAKCFMEO_02882,WP_003378730.1,31.9,116,122,128,8.6e-13,67.8,0.95082,0.90625
DAKCFMEO_02883,WP_005770009.1,72.0,93,96,96,1.1e-31,130.2,0.96875,0.96875
DAKCFMEO_02884,WP_011103345.1,87.3,700,694,700,0.0e+00,1146.0,1.00865,1
DAKCFMEO_02885,WP_005770005.1,86.1,552,552,551,4.3e-144,506.1,1,1.00181
DAKCFMEO_02885,WP_011105048.1,35.0,403,552,541,1.8e-17,85.5,0.730072,0.744917
DAKCFMEO_02885,WP_011103145.1,33.6,408,552,541,3.1e-17,84.7,0.73913,0.754159
DAKCFMEO_02885,WP_011105575.1,36.9,406,552,541,2.6e-16,81.6,0.735507,0.750462
DAKCFMEO_02885,WP_005767285.1,35.0,403,552,541,3.4e-16,81.3,0.730072,0.744917
DAKCFMEO_02886,WP_003381223.1,92.7,179,179,179,7.0e-88,317.8,1,1
DAKCFMEO_02886,WP_002554262.1,36.7,147,179,159,1.6e-23,104.0,0.821229,0.924528
DAKCFMEO_02887,WP_005770000.1,90.0,269,269,269,8.7e-143,500.7,1,1
DAKCFMEO_02887,WP_003382687.1,36.9,271,269,275,6.4e-45,175.6,1.00743,0.985455
DAKCFMEO_02888,WP_005769998.1,68.3,167,177,168,2.6e-66,246.1,0.943503,0.994048
DAKCFMEO_02889,WP_005769995.1,93.9,358,358,358,1.9e-185,642.9,1,1
DAKCFMEO_02889,WP_010207872.1,36.0,383,358,390,5.9e-54,206.1,1.06983,0.982051
DAKCFMEO_02889,WP_005765912.1,31.9,348,358,336,1.4e-39,158.3,0.972067,1.03571
DAKCFMEO_02890,WP_011105175.1,85.7,308,308,308,8.4e-158,550.8,1,1
DAKCFMEO_02891,WP_007244951.1,30.8,250,258,255,9.6e-22,98.6,0.968992,0.980392
DAKCFMEO_02891,WP_011104424.1,32.5,197,258,252,4.8e-21,96.3,0.763566,0.781746
DAKCFMEO_02892,WP_011103517.1,82.0,579,579,579,1.3e-276,946.4,1,1
DAKCFMEO_02893,WP_005771392.1,32.9,356,382,367,9.5e-42,165.6,0.931937,0.970027
DAKCFMEO_02893,WP_007244389.1,31.6,377,382,372,1.2e-41,165.2,0.986911,1.01344
DAKCFMEO_02894,WP_011105585.1,32.5,212,337,247,2.8e-21,97.4,0.62908,0.8583
DAKCFMEO_02899,WP_024667101.1,39.6,134,143,71,4.1e-14,72.4,0.937063,1.88732
DAKCFMEO_02900,WP_011104257.1,90.3,464,464,464,2.3e-252,865.5,1,1
DAKCFMEO_02900,WP_011105583.1,54.4,441,464,442,5.9e-139,488.8,0.950431,0.997738
DAKCFMEO_02900,WP_005764140.1,32.6,417,464,438,1.5e-49,191.8,0.898707,0.952055
DAKCFMEO_02904,WP_005763809.1,92.2,358,355,358,8.4e-186,644.0,1.00845,1
DAKCFMEO_02905,WP_003383369.1,93.5,153,153,153,3.8e-74,271.9,1,1
DAKCFMEO_02905,WP_004655323.1,30.9,139,153,162,1.2e-11,64.3,0.908497,0.858025
DAKCFMEO_02906,WP_005763807.1,96.4,559,559,559,0.0e+00,1134.4,1,1
DAKCFMEO_02907,WP_005763805.1,79.7,261,263,268,5.2e-124,438.3,0.992395,0.973881
DAKCFMEO_02908,WP_057443183.1,66.0,776,788,775,3.8e-295,1008.4,0.984772,1.00129
DAKCFMEO_02909,WP_005763801.1,98.0,303,303,303,6.3e-182,630.9,1,1
DAKCFMEO_02910,WP_005614033.1,98.0,249,251,251,1.9e-147,516.2,0.992032,0.992032
DAKCFMEO_02911,WP_005614032.1,75.0,88,104,98,7.3e-37,147.5,0.846154,0.897959
DAKCFMEO_02912,WP_005763799.1,94.5,383,386,389,2.7e-222,765.4,0.992228,0.984576
DAKCFMEO_02913,WP_005763797.1,84.6,610,610,610,0.0e+00,1093.6,1,1
DAKCFMEO_02914,WP_002555565.1,94.3,53,53,53,9.8e-22,96.3,1,1
DAKCFMEO_02915,WP_011103167.1,92.7,592,592,592,0.0e+00,1115.1,1,1
DAKCFMEO_02915,WP_011103162.1,52.5,598,592,601,4.0e-180,625.9,1.01014,0.995008
DAKCFMEO_02915,WP_011105272.1,39.9,547,592,600,1.3e-103,371.7,0.923986,0.911667
DAKCFMEO_02916,WP_010207011.1,92.1,431,449,432,1.3e-228,786.6,0.959911,0.997685
DAKCFMEO_02917,WP_011103162.1,95.7,601,601,601,0.0e+00,1185.2,1,1
DAKCFMEO_02917,WP_011103167.1,50.8,598,601,592,1.8e-172,600.5,0.995008,1.01014
DAKCFMEO_02917,WP_011105272.1,37.1,563,601,600,3.9e-98,353.6,0.936772,0.938333
DAKCFMEO_02918,WP_003382340.1,90.8,98,98,98,9.2e-42,163.7,1,1
DAKCFMEO_02919,WP_005763772.1,85.8,226,227,226,1.9e-106,379.8,0.995595,1
DAKCFMEO_02920,WP_011103161.1,83.6,268,269,269,3.0e-127,449.1,0.996283,0.996283
DAKCFMEO_02921,WP_005763768.1,92.1,240,247,243,8.6e-129,454.1,0.97166,0.987654
DAKCFMEO_02922,WP_011103160.1,91.2,396,396,396,2.9e-211,728.8,1,1
DAKCFMEO_02923,WP_005763762.1,94.3,352,352,352,1.3e-191,663.3,1,1
DAKCFMEO_02924,WP_005763760.1,78.9,242,246,244,3.6e-95,342.4,0.98374,0.991803
DAKCFMEO_02925,WP_005763757.1,80.6,253,254,254,3.9e-108,385.6,0.996063,0.996063
DAKCFMEO_02926,WP_011103159.1,82.9,638,634,638,0.0e+00,1114.4,1.00631,1
DAKCFMEO_02927,WP_005763753.1,89.2,277,277,277,3.5e-155,542.0,1,1
DAKCFMEO_02927,WP_080946587.1,31.8,236,277,268,2.1e-22,100.9,0.851986,0.880597
DAKCFMEO_02928,WP_011103158.1,89.9,347,343,347,2.4e-177,615.9,1.01166,1
DAKCFMEO_02928,WP_011104057.1,40.7,339,343,342,4.9e-66,246.1,0.988338,0.991228
DAKCFMEO_02928,WP_005768050.1,39.3,331,343,374,1.4e-65,244.6,0.965015,0.885027
DAKCFMEO_02928,WP_005770464.1,39.1,343,343,329,1.0e-63,238.4,1,1.04255
DAKCFMEO_02928,WP_005737104.1,43.3,289,343,380,3.9e-63,236.5,0.842566,0.760526
DAKCFMEO_02928,WP_005762690.1,47.6,267,343,384,3.3e-62,233.4,0.778426,0.695312
DAKCFMEO_02928,WP_005768959.1,46.6,253,343,368,1.5e-59,224.6,0.737609,0.6875
DAKCFMEO_02928,WP_044390643.1,40.8,331,343,356,1.7e-58,221.1,0.965015,0.929775
DAKCFMEO_02928,WP_003380252.1,49.3,229,343,326,6.5e-58,219.2,0.667638,0.702454
DAKCFMEO_02928,WP_011103331.1,37.7,329,343,381,1.9e-57,217.6,0.959184,0.863517
DAKCFMEO_02928,WP_005764049.1,38.1,294,343,386,5.1e-55,209.5,0.857143,0.761658
DAKCFMEO_02928,WP_007247035.1,41.1,224,343,276,2.9e-42,167.2,0.653061,0.811594
DAKCFMEO_02928,WP_005763692.1,42.0,238,343,392,6.5e-42,166.0,0.693878,0.607143
DAKCFMEO_02928,WP_011104358.1,37.8,233,343,345,1.4e-41,164.9,0.6793,0.675362
DAKCFMEO_02928,WP_011104376.1,38.7,238,343,253,2.7e-40,160.6,0.693878,0.940711
DAKCFMEO_02928,WP_003368676.1,38.8,242,343,385,6.7e-39,156.0,0.705539,0.628571
DAKCFMEO_02928,WP_010203924.1,37.2,223,343,335,2.2e-37,151.0,0.650146,0.665672
DAKCFMEO_02928,WP_011104329.1,38.8,250,343,261,6.3e-37,149.4,0.728863,0.957854
DAKCFMEO_02928,WP_007243868.1,38.3,227,343,245,8.2e-37,149.1,0.661808,0.926531
DAKCFMEO_02928,WP_011104895.1,36.9,225,343,244,2.6e-35,144.1,0.655977,0.922131
DAKCFMEO_02928,WP_005768429.1,37.0,238,343,244,7.7e-35,142.5,0.693878,0.97541
DAKCFMEO_02928,WP_011105420.1,40.4,213,343,270,7.7e-35,142.5,0.620991,0.788889
DAKCFMEO_02929,WP_007244499.1,97.0,264,264,264,7.0e-137,481.1,1,1
DAKCFMEO_02929,WP_007246654.1,30.2,212,264,290,1.0e-10,62.0,0.80303,0.731034
DAKCFMEO_02930,WP_005763744.1,89.3,289,289,289,3.5e-137,482.3,1,1
DAKCFMEO_02931,WP_005763742.1,95.5,333,333,333,3.9e-185,641.7,1,1
DAKCFMEO_02931,WP_011104766.1,30.7,296,333,355,1.4e-36,148.3,0.888889,0.833803
DAKCFMEO_02932,WP_005763739.1,82.3,339,339,339,7.9e-157,547.7,1,1
DAKCFMEO_02932,WP_005765639.1,34.2,325,339,338,3.5e-40,160.2,0.958702,0.961538
DAKCFMEO_02933,WP_005763737.1,96.6,324,324,324,4.2e-192,664.8,1,1
DAKCFMEO_02935,WP_005763735.1,87.1,294,295,295,1.4e-149,523.5,0.99661,0.99661
DAKCFMEO_02936,WP_005763732.1,84.3,172,175,172,4.6e-76,278.5,0.982857,1
DAKCFMEO_02937,WP_005763731.1,92.1,723,725,725,0.0e+00,1359.4,0.997241,0.997241
DAKCFMEO_02937,WP_005765147.1,62.2,725,725,725,1.1e-269,923.7,1,1
DAKCFMEO_02938,WP_005763705.1,86.4,147,147,148,8.9e-65,240.7,1,0.993243
DAKCFMEO_02938,WP_005763193.1,41.7,115,147,135,9.7e-19,87.8,0.782313,0.851852
DAKCFMEO_02939,WP_005763703.1,94.4,644,655,644,0.0e+00,1213.0,0.983206,1
DAKCFMEO_02940,WP_011103148.1,89.5,237,237,237,1.0e-123,437.2,1,1
DAKCFMEO_02942,WP_007244528.1,89.5,172,172,172,6.3e-86,311.2,1,1
DAKCFMEO_02942,WP_010205787.1,46.3,162,172,167,1.9e-37,150.2,0.94186,0.97006
DAKCFMEO_02942,WP_011103465.1,50.3,157,172,180,3.3e-34,139.4,0.912791,0.872222
DAKCFMEO_02943,WP_011103142.1,83.1,325,327,330,4.4e-157,548.5,0.993884,0.984848
DAKCFMEO_02943,WP_005764194.1,36.6,328,327,325,4.2e-46,179.9,1.00306,1.00923
DAKCFMEO_02943,WP_011103466.1,39.4,322,327,320,3.3e-43,170.2,0.984709,1.00625
DAKCFMEO_02943,WP_010201831.1,31.8,286,327,321,3.2e-22,100.5,0.874618,0.890966
DAKCFMEO_02944,WP_011103143.1,94.7,377,377,377,6.4e-208,717.6,1,1
DAKCFMEO_02945,WP_005763669.1,74.1,58,59,60,7.8e-20,90.1,0.983051,0.966667
DAKCFMEO_02946,WP_010205456.1,88.9,208,209,209,3.0e-106,379.0,0.995215,0.995215
DAKCFMEO_02948,WP_011104914.1,31.2,295,475,460,4.8e-19,90.5,0.621053,0.641304
DAKCFMEO_02949,WP_011103755.1,38.7,217,226,220,2.2e-38,153.7,0.960177,0.986364
DAKCFMEO_02949,WP_007244755.1,35.6,225,226,249,1.1e-32,134.8,0.995575,0.903614
DAKCFMEO_02949,WP_007246025.1,35.7,221,226,222,5.3e-32,132.5,0.977876,0.995495
DAKCFMEO_02949,WP_002554192.1,36.9,217,226,229,5.8e-31,129.0,0.960177,0.947598
DAKCFMEO_02949,WP_005766623.1,35.4,226,226,245,2.2e-30,127.1,1,0.922449
DAKCFMEO_02949,WP_003383141.1,36.2,224,226,229,3.8e-30,126.3,0.99115,0.978166
DAKCFMEO_02949,WP_005769238.1,33.9,233,226,254,6.4e-30,125.6,1.03097,0.917323
DAKCFMEO_02949,WP_004396544.1,33.5,224,226,225,1.6e-28,120.9,0.99115,0.995556
DAKCFMEO_02949,WP_005764051.1,34.4,224,226,245,3.5e-28,119.8,0.99115,0.914286
DAKCFMEO_02949,WP_003381559.1,33.6,220,226,225,1.0e-27,118.2,0.973451,0.977778
DAKCFMEO_02949,WP_011103914.1,35.3,221,226,230,3.0e-27,116.7,0.977876,0.96087
DAKCFMEO_02949,WP_005739198.1,36.3,223,226,223,8.7e-27,115.2,0.986726,1
DAKCFMEO_02949,WP_005770857.1,34.4,221,226,224,3.3e-26,113.2,0.977876,0.986607
DAKCFMEO_02949,WP_003380226.1,32.3,229,226,246,3.6e-25,109.8,1.01327,0.930894
DAKCFMEO_02949,WP_003382360.1,32.7,217,226,224,1.1e-24,108.2,0.960177,0.96875
DAKCFMEO_02949,WP_159229484.1,35.8,204,226,207,1.1e-24,108.2,0.902655,0.985507
DAKCFMEO_02949,WP_003381155.1,35.6,225,226,227,1.4e-24,107.8,0.995575,0.991189
DAKCFMEO_02949,WP_002555020.1,32.6,224,226,227,1.2e-23,104.8,0.99115,0.986784
DAKCFMEO_02949,WP_005764042.1,30.6,219,226,225,1.2e-20,94.7,0.969027,0.973333
DAKCFMEO_02949,WP_011104125.1,32.0,175,226,233,2.9e-14,73.6,0.774336,0.751073
DAKCFMEO_02950,WP_005613972.1,89.8,167,167,167,3.3e-84,305.4,1,1
DAKCFMEO_02950,WP_005765726.1,48.0,171,167,183,7.3e-39,154.8,1.02395,0.934426
DAKCFMEO_02950,WP_005768489.1,34.2,146,167,158,1.6e-14,73.9,0.874251,0.924051
DAKCFMEO_02951,WP_005763674.1,90.8,295,297,299,1.3e-160,560.1,0.993266,0.986622
DAKCFMEO_02951,WP_011103454.1,50.2,287,297,307,1.0e-75,278.1,0.96633,0.934853
DAKCFMEO_02952,WP_005763678.1,42.5,280,356,332,1.3e-48,188.3,0.786517,0.843373
DAKCFMEO_02953,WP_005763676.1,77.0,187,188,187,2.1e-66,246.5,0.994681,1
DAKCFMEO_02958,WP_003379921.1,98.7,396,399,399,5.3e-229,787.7,0.992481,0.992481
DAKCFMEO_02958,WP_011104138.1,42.9,380,399,379,9.5e-77,282.0,0.952381,1.00264
DAKCFMEO_02958,WP_005767816.1,35.5,397,399,411,1.9e-48,188.0,0.994987,0.965937
DAKCFMEO_02959,WP_005763680.1,95.1,285,285,285,6.2e-163,567.8,1,1
DAKCFMEO_02959,WP_007246877.1,52.8,286,285,288,8.8e-85,308.1,1.00351,0.993056
DAKCFMEO_02959,WP_003363851.1,44.8,279,285,283,1.3e-67,251.1,0.978947,0.985866
DAKCFMEO_02960,WP_011103144.1,88.1,210,210,210,3.1e-95,342.4,1,1
DAKCFMEO_02961,WP_005763685.1,96.4,1006,1006,1006,0.0e+00,1984.5,1,1
DAKCFMEO_02961,WP_011104013.1,37.4,1004,1006,968,9.1e-177,615.5,0.998012,1.03719
DAKCFMEO_02962,WP_003379926.1,92.8,97,98,98,1.0e-56,213.4,0.989796,0.989796
DAKCFMEO_02963,WP_005763688.1,99.8,416,416,416,5.1e-251,860.9,1,1
DAKCFMEO_02963,WP_007246879.1,43.2,414,416,413,1.3e-97,351.3,0.995192,1.00242
DAKCFMEO_02964,WP_005763690.1,96.2,417,417,417,6.8e-235,807.4,1,1
DAKCFMEO_02964,WP_007243779.1,79.3,416,417,417,4.6e-191,661.8,0.997602,0.997602
DAKCFMEO_02964,WP_052746243.1,39.2,357,417,369,1.1e-64,241.9,0.856115,0.96748
DAKCFMEO_02966,WP_005764067.1,72.7,110,110,118,6.9e-46,177.6,1,0.932203
DAKCFMEO_02967,WP_003375928.1,87.9,149,156,152,9.1e-76,277.3,0.955128,0.980263
DAKCFMEO_02968,WP_044390979.1,80.4,204,204,204,7.7e-91,327.8,1,1
DAKCFMEO_02969,WP_005764059.1,84.6,857,857,857,0.0e+00,1372.8,1,1
DAKCFMEO_02970,WP_010201831.1,74.2,314,316,321,2.1e-132,466.5,0.993671,0.978193
DAKCFMEO_02970,WP_005764194.1,33.4,293,316,325,1.0e-25,112.1,0.927215,0.901538
DAKCFMEO_02971,WP_005764054.1,86.0,172,172,172,7.0e-77,281.2,1,1
DAKCFMEO_02973,WP_003375919.1,98.8,333,333,333,4.5e-189,654.8,1,1
DAKCFMEO_02973,WP_011103126.1,44.7,329,333,347,3.5e-77,283.1,0.987988,0.948127
DAKCFMEO_02973,WP_007244218.1,37.8,333,333,487,9.1e-57,215.3,1,0.683778
DAKCFMEO_02974,WP_005764053.1,95.2,608,608,608,0.0e+00,1158.3,1,1
DAKCFMEO_02975,WP_005764052.1,91.0,321,321,321,1.8e-174,606.3,1,1
DAKCFMEO_02976,WP_005764051.1,94.7,245,245,245,1.5e-133,469.9,1,1
DAKCFMEO_02976,WP_007244755.1,50.2,227,245,249,2.5e-59,223.4,0.926531,0.911647
DAKCFMEO_02976,WP_003380226.1,42.0,231,245,246,7.2e-43,168.7,0.942857,0.939024
DAKCFMEO_02976,WP_005769238.1,41.7,242,245,254,6.1e-42,165.6,0.987755,0.952756
DAKCFMEO_02976,WP_005766623.1,39.6,240,245,245,1.1e-38,154.8,0.979592,0.979592
DAKCFMEO_02976,WP_004396544.1,39.1,230,245,225,4.1e-38,152.9,0.938776,1.02222
DAKCFMEO_02976,WP_003383141.1,37.2,226,245,229,2.5e-35,143.7,0.922449,0.9869
DAKCFMEO_02976,WP_011103755.1,35.4,226,245,220,1.4e-30,127.9,0.922449,1.02727
DAKCFMEO_02976,WP_002554192.1,36.0,225,245,229,7.0e-30,125.6,0.918367,0.982533
DAKCFMEO_02976,WP_005739198.1,36.1,227,245,223,1.6e-29,124.4,0.926531,1.01794
DAKCFMEO_02976,WP_003381155.1,34.3,230,245,227,1.0e-28,121.7,0.938776,1.01322
DAKCFMEO_02976,WP_005764042.1,35.0,226,245,225,1.3e-28,121.3,0.922449,1.00444
DAKCFMEO_02976,WP_002555020.1,36.2,229,245,227,5.5e-27,115.9,0.934694,1.00881
DAKCFMEO_02976,WP_007246025.1,34.3,230,245,222,1.0e-25,111.7,0.938776,1.03604
DAKCFMEO_02976,WP_003382360.1,31.0,226,245,224,3.0e-25,110.2,0.922449,1.00893
DAKCFMEO_02976,WP_011103914.1,31.5,235,245,230,2.0e-24,107.5,0.959184,1.02174
DAKCFMEO_02976,WP_005770857.1,30.8,227,245,224,7.5e-24,105.5,0.926531,1.01339
DAKCFMEO_02976,WP_159229484.1,31.0,187,245,207,4.8e-23,102.8,0.763265,0.903382
DAKCFMEO_02976,WP_003381559.1,31.3,227,245,225,9.1e-22,98.6,0.926531,1.00889
DAKCFMEO_02977,WP_011103499.1,90.8,468,468,468,1.1e-244,840.1,1,1
DAKCFMEO_02977,WP_005769235.1,36.3,281,468,448,2.5e-36,147.9,0.600427,0.627232
DAKCFMEO_02977,WP_005763465.1,32.9,322,468,436,7.3e-36,146.4,0.688034,0.738532
DAKCFMEO_02977,WP_011103711.1,30.2,315,468,450,7.3e-28,119.8,0.673077,0.7
DAKCFMEO_02978,WP_005736422.1,95.6,428,428,428,3.0e-238,818.5,1,1
DAKCFMEO_02979,WP_003375907.1,96.0,302,302,302,1.8e-165,576.2,1,1
DAKCFMEO_02980,WP_005615493.1,92.9,281,281,281,4.5e-150,525.0,1,1
DAKCFMEO_02981,WP_005764049.1,93.8,386,386,386,5.5e-207,714.5,1,1
DAKCFMEO_02981,WP_011103331.1,46.9,360,386,381,4.1e-85,309.7,0.932642,0.944882
DAKCFMEO_02981,WP_005768959.1,44.0,359,386,368,1.4e-77,284.6,0.930052,0.975543
DAKCFMEO_02981,WP_005768050.1,45.9,292,386,374,7.5e-63,235.7,0.756477,0.780749
DAKCFMEO_02981,WP_005762690.1,41.5,325,386,384,1.9e-61,231.1,0.841969,0.846354
DAKCFMEO_02981,WP_003380252.1,45.6,239,386,326,1.6e-57,218.0,0.619171,0.733129
DAKCFMEO_02981,WP_005770464.1,43.7,238,386,329,1.6e-57,218.0,0.61658,0.723404
DAKCFMEO_02981,WP_005737104.1,43.3,277,386,380,2.1e-57,217.6,0.717617,0.728947
DAKCFMEO_02981,WP_011104057.1,44.0,241,386,342,2.8e-57,217.2,0.624352,0.704678
DAKCFMEO_02981,WP_011103158.1,44.9,236,386,347,2.9e-54,207.2,0.611399,0.680115
DAKCFMEO_02981,WP_011104697.1,36.4,352,386,371,2.1e-49,191.0,0.911917,0.948787
DAKCFMEO_02981,WP_005740065.1,32.7,342,386,364,6.2e-49,189.5,0.88601,0.93956
DAKCFMEO_02981,WP_044390643.1,40.2,241,386,356,1.3e-43,171.8,0.624352,0.676966
DAKCFMEO_02981,WP_003368676.1,35.0,240,386,385,1.7e-35,144.8,0.621762,0.623377
DAKCFMEO_02981,WP_011104358.1,34.4,262,386,345,1.5e-34,141.7,0.678756,0.75942
DAKCFMEO_02981,WP_005768429.1,35.8,243,386,244,9.6e-34,139.0,0.629534,0.995902
DAKCFMEO_02981,WP_005762478.1,34.4,253,386,263,8.1e-33,136.0,0.65544,0.961977
DAKCFMEO_02981,WP_005737152.1,35.3,252,386,257,1.4e-32,135.2,0.65285,0.980545
DAKCFMEO_02981,WP_011103489.1,34.7,242,386,254,1.4e-32,135.2,0.626943,0.952756
DAKCFMEO_02981,WP_011104329.1,35.3,249,386,261,2.4e-32,134.4,0.645078,0.954023
DAKCFMEO_02981,WP_010203924.1,33.1,275,386,335,5.3e-32,133.3,0.712435,0.820896
DAKCFMEO_02981,WP_011104117.1,33.3,240,386,278,1.2e-31,132.1,0.621762,0.863309
DAKCFMEO_02981,WP_011104376.1,33.6,241,386,253,1.2e-31,132.1,0.624352,0.952569
DAKCFMEO_02982,WP_005736419.1,91.6,453,453,453,2.0e-256,879.0,1,1
DAKCFMEO_02983,WP_005764048.1,89.0,290,291,291,1.3e-160,560.1,0.996564,0.996564
DAKCFMEO_02984,WP_003375897.1,98.3,288,288,288,2.6e-153,535.8,1,1
DAKCFMEO_02984,WP_005768321.1,41.7,276,288,288,1.4e-53,204.5,0.958333,0.958333
DAKCFMEO_02984,WP_007245604.1,33.3,279,288,286,2.2e-30,127.5,0.96875,0.975524
DAKCFMEO_02985,WP_003375894.1,96.5,489,489,489,2.5e-281,961.8,1,1
DAKCFMEO_02985,WP_011104394.1,37.5,504,489,510,8.3e-91,328.9,1.03067,0.988235
DAKCFMEO_02986,WP_005764047.1,89.9,237,237,237,1.0e-118,420.6,1,1
DAKCFMEO_02987,WP_005764046.1,96.4,224,223,224,3.5e-121,428.7,1.00448,1
DAKCFMEO_02987,WP_007244779.1,32.3,158,223,211,2.0e-15,77.4,0.70852,0.748815
DAKCFMEO_02988,WP_005764045.1,93.7,79,98,79,2.1e-41,162.5,0.806122,1
DAKCFMEO_02989,WP_005615514.1,91.7,156,156,156,5.5e-73,268.1,1,1
DAKCFMEO_02990,WP_011103501.1,78.0,500,508,502,3.7e-227,781.9,0.984252,0.996016
DAKCFMEO_02990,WP_011104099.1,34.4,387,508,528,1.6e-49,191.8,0.761811,0.732955
DAKCFMEO_02991,WP_005764043.1,86.1,454,454,454,5.1e-220,758.1,1,1
DAKCFMEO_02991,WP_011103124.1,38.3,311,454,463,3.3e-49,190.7,0.685022,0.671706
DAKCFMEO_02991,WP_005763465.1,30.3,284,454,436,1.3e-21,99.0,0.625551,0.651376
DAKCFMEO_02991,WP_011103754.1,31.2,279,454,457,4.6e-19,90.5,0.614537,0.610503
DAKCFMEO_02992,WP_005764042.1,95.1,224,225,225,2.3e-120,426.0,0.995556,0.995556
DAKCFMEO_02992,WP_002554192.1,56.4,225,225,229,2.0e-71,263.5,1,0.982533
DAKCFMEO_02992,WP_003382360.1,51.1,223,225,224,6.8e-64,238.4,0.991111,0.995536
DAKCFMEO_02992,WP_003381155.1,42.5,221,225,227,4.1e-45,176.0,0.982222,0.973568
DAKCFMEO_02992,WP_002555020.1,41.6,221,225,227,5.4e-45,175.6,0.982222,0.973568
DAKCFMEO_02992,WP_005739198.1,43.6,225,225,223,2.5e-42,166.8,1,1.00897
DAKCFMEO_02992,WP_005770857.1,37.6,221,225,224,4.0e-40,159.5,0.982222,0.986607
DAKCFMEO_02992,WP_003381559.1,38.6,223,225,225,5.8e-39,155.6,0.991111,0.991111
DAKCFMEO_02992,WP_007246025.1,41.6,221,225,222,1.4e-37,151.0,0.982222,0.995495
DAKCFMEO_02992,WP_011103755.1,37.1,221,225,220,1.6e-36,147.5,0.982222,1.00455
DAKCFMEO_02992,WP_011104125.1,36.4,225,225,233,1.6e-33,137.5,1,0.965665
DAKCFMEO_02992,WP_011103914.1,34.1,220,225,230,1.3e-30,127.9,0.977778,0.956522
DAKCFMEO_02992,WP_159229484.1,35.6,180,225,207,1.3e-30,127.9,0.8,0.869565
DAKCFMEO_02992,WP_005766623.1,34.2,231,225,245,3.7e-30,126.3,1.02667,0.942857
DAKCFMEO_02992,WP_003383141.1,34.4,227,225,229,4.9e-30,125.9,1.00889,0.991266
DAKCFMEO_02992,WP_007244755.1,34.8,227,225,249,1.9e-29,124.0,1.00889,0.911647
DAKCFMEO_02992,WP_003380226.1,32.7,226,225,246,4.6e-28,119.4,1.00444,0.918699
DAKCFMEO_02992,WP_005769238.1,36.3,234,225,254,4.6e-28,119.4,1.04,0.92126
DAKCFMEO_02992,WP_005764051.1,34.5,226,225,245,6.0e-28,119.0,1.00444,0.922449
DAKCFMEO_02992,WP_004396544.1,34.7,222,225,225,2.1e-25,110.5,0.986667,0.986667
DAKCFMEO_02993,WP_011103502.1,95.0,1034,1033,1034,0.0e+00,1820.1,1.00097,1
DAKCFMEO_02993,WP_011104174.1,42.4,1024,1033,1035,9.9e-219,755.0,0.991288,0.989372
DAKCFMEO_02994,WP_011103503.1,82.9,385,388,388,8.1e-166,577.8,0.992268,0.992268
DAKCFMEO_02994,WP_005762525.1,33.9,342,388,433,1.5e-47,184.9,0.881443,0.789838
DAKCFMEO_02995,WP_005764038.1,43.4,129,128,125,5.4e-18,85.1,1.00781,1.032
DAKCFMEO_02996,WP_007244885.1,87.6,194,194,194,2.4e-94,339.3,1,1
DAKCFMEO_02997,WP_011103504.1,68.4,250,248,250,1.5e-88,320.5,1.00806,1
DAKCFMEO_02997,WP_010208763.1,34.7,251,248,260,1.2e-34,141.4,1.0121,0.965385
DAKCFMEO_02997,WP_005765821.1,32.7,223,248,251,1.2e-26,114.8,0.899194,0.888446
DAKCFMEO_02998,WP_011103899.1,33.7,780,854,837,3.7e-118,420.6,0.913349,0.9319
DAKCFMEO_02999,WP_010208763.1,56.6,258,257,260,1.6e-77,283.9,1.00389,0.992308
DAKCFMEO_02999,WP_011103504.1,38.9,239,257,250,2.7e-40,160.2,0.929961,0.956
DAKCFMEO_02999,WP_005765821.1,32.6,227,257,251,9.9e-27,115.2,0.883268,0.904382
DAKCFMEO_03000,WP_007244881.1,64.7,334,334,332,2.6e-128,453.0,1,1.00602
DAKCFMEO_03001,WP_003375863.1,81.6,76,76,74,2.0e-28,119.0,1,1.02703
DAKCFMEO_03002,WP_005764030.1,85.2,250,250,250,2.5e-123,436.0,1,1
DAKCFMEO_03003,WP_005770015.1,58.4,101,107,108,4.4e-29,121.7,0.943925,0.935185
DAKCFMEO_03004,WP_007244879.1,57.8,154,189,157,4.0e-41,162.5,0.814815,0.980892
DAKCFMEO_03005,WP_003375857.1,90.6,298,298,298,1.4e-146,513.5,1,1
DAKCFMEO_03005,WP_003378076.1,34.4,294,298,308,7.4e-42,165.6,0.986577,0.954545
DAKCFMEO_03005,WP_005771567.1,32.3,285,298,308,2.9e-38,153.7,0.956376,0.925325
DAKCFMEO_03006,WP_005764026.1,84.0,169,169,169,4.7e-78,285.0,1,1
DAKCFMEO_03007,WP_005764024.1,85.6,313,313,313,2.3e-155,542.7,1,1
DAKCFMEO_03008,WP_007244877.1,97.6,670,670,670,0.0e+00,1319.7,1,1
DAKCFMEO_03009,WP_005615570.1,98.4,183,212,210,6.5e-101,361.3,0.863208,0.871429
DAKCFMEO_03010,WP_003375849.1,94.5,110,110,110,5.0e-52,198.0,1,1
DAKCFMEO_03011,WP_003375846.1,98.0,295,295,295,1.8e-157,549.7,1,1
DAKCFMEO_03012,WP_005764019.1,82.3,294,299,294,1.1e-141,497.3,0.983278,1
DAKCFMEO_03013,WP_032640254.1,78.9,213,213,213,1.1e-92,334.0,1,1
DAKCFMEO_03014,WP_011103508.1,96.5,339,339,339,9.2e-198,683.7,1,1
DAKCFMEO_03015,WP_011103509.1,83.1,320,323,331,7.7e-154,537.7,0.990712,0.966767
DAKCFMEO_03016,WP_011103511.1,86.6,262,262,263,2.2e-135,476.1,1,0.996198
DAKCFMEO_03016,WP_005765569.1,30.7,189,262,268,7.7e-19,89.0,0.721374,0.705224
DAKCFMEO_03018,WP_011103513.1,88.4,172,172,172,1.5e-87,316.6,1,1
DAKCFMEO_03019,WP_005763992.1,74.8,393,395,395,2.5e-154,539.7,0.994937,0.994937
DAKCFMEO_03020,WP_010204183.1,90.0,239,239,239,3.3e-117,415.6,1,1
DAKCFMEO_03023,WP_007246986.1,33.7,193,189,202,3.5e-21,96.3,1.02116,0.955446
DAKCFMEO_03023,WP_010205556.1,33.5,185,189,194,7.5e-16,78.6,0.978836,0.953608
DAKCFMEO_03024,WP_005763583.1,32.7,248,394,366,4.4e-26,113.6,0.629442,0.677596
DAKCFMEO_03025,WP_046463556.1,34.4,221,315,323,1.1e-22,102.1,0.701587,0.684211
DAKCFMEO_03028,WP_003379028.1,97.9,236,236,236,2.9e-134,472.2,1,1
DAKCFMEO_03029,WP_005767663.1,93.7,252,252,252,2.2e-140,492.7,1,1
DAKCFMEO_03030,WP_007245782.1,95.2,372,372,372,5.5e-204,704.5,1,1
DAKCFMEO_03031,WP_003379025.1,96.6,292,292,292,2.9e-160,558.9,1,1
DAKCFMEO_03032,WP_003379024.1,96.8,187,187,187,3.1e-102,365.5,1,1
DAKCFMEO_03033,WP_011104801.1,92.3,156,157,157,7.3e-81,294.3,0.993631,0.993631
DAKCFMEO_03034,WP_007245780.1,92.4,356,356,356,8.0e-160,557.8,1,1
DAKCFMEO_03034,WP_005616381.1,30.8,325,356,357,4.3e-20,93.6,0.912921,0.910364
DAKCFMEO_03035,WP_011104802.1,92.8,83,83,83,1.5e-40,159.5,1,1
DAKCFMEO_03035,WP_005766916.1,42.7,82,83,84,1.0e-12,67.0,0.987952,0.97619
DAKCFMEO_03036,WP_005767670.1,96.6,477,477,477,2.4e-220,759.2,1,1
DAKCFMEO_03037,WP_011104803.1,97.2,352,352,352,1.4e-201,696.4,1,1
DAKCFMEO_03040,WP_011103171.1,69.5,429,429,432,1.7e-169,590.1,1,0.993056
DAKCFMEO_03041,WP_007247202.1,37.8,209,211,210,1.7e-24,107.5,0.990521,0.995238
DAKCFMEO_03041,WP_011103475.1,31.6,212,211,209,2.0e-17,84.0,1.00474,1.01435
DAKCFMEO_03042,WP_011104306.1,38.2,338,340,359,8.1e-53,202.2,0.994118,0.941504
DAKCFMEO_03044,WP_005763843.1,58.8,279,300,281,7.3e-90,325.1,0.93,0.992883
DAKCFMEO_03045,WP_011105040.1,95.0,755,756,756,0.0e+00,1473.0,0.998677,0.998677
DAKCFMEO_03046,WP_005765726.1,63.5,178,178,183,7.2e-61,228.0,1,0.972678
DAKCFMEO_03046,WP_005613972.1,43.9,171,178,167,4.4e-34,139.0,0.960674,1.02395
DAKCFMEO_03046,WP_005768489.1,32.6,144,178,158,1.9e-13,70.5,0.808989,0.911392
DAKCFMEO_03047,WP_005767827.1,44.6,381,401,385,2.9e-89,323.6,0.950125,0.98961
DAKCFMEO_03052,WP_011106959.1,63.0,146,146,146,1.9e-46,179.9,1,1
DAKCFMEO_03073,WP_011105562.1,52.5,674,678,676,5.0e-179,622.5,0.9941,0.997041
DAKCFMEO_03073,WP_011104615.1,34.3,458,678,542,1.4e-32,136.0,0.675516,0.845018
DAKCFMEO_03073,WP_011103510.1,33.8,464,678,550,1.7e-30,129.0,0.684366,0.843636
DAKCFMEO_03074,WP_011104442.1,36.7,479,508,503,8.1e-81,295.8,0.942913,0.952286
DAKCFMEO_03074,WP_003409202.1,35.2,494,508,517,3.2e-77,283.9,0.972441,0.955513
DAKCFMEO_03074,WP_011105416.1,35.0,497,508,517,3.2e-77,283.9,0.978346,0.961315
DAKCFMEO_03074,WP_164923172.1,35.6,478,508,501,4.1e-77,283.5,0.940945,0.954092
DAKCFMEO_03076,WP_011105580.1,60.9,110,110,110,1.3e-31,130.2,1,1
DAKCFMEO_03079,WP_011104506.1,37.0,119,127,124,1.1e-13,70.9,0.937008,0.959677
DAKCFMEO_03080,WP_003425054.1,78.6,103,117,107,1.5e-46,179.9,0.880342,0.962617
DAKCFMEO_03080,WP_003425060.1,42.3,104,117,107,2.4e-20,92.8,0.888889,0.971963
DAKCFMEO_03081,WP_003317533.1,99.4,181,181,181,1.4e-104,373.2,1,1
DAKCFMEO_03081,WP_005614429.1,69.9,173,181,175,6.4e-73,268.1,0.955801,0.988571
DAKCFMEO_03082,WP_003317532.1,99.5,200,200,200,9.2e-113,400.6,1,1
DAKCFMEO_03083,WP_011105083.1,99.5,389,389,389,4.9e-219,754.6,1,1
DAKCFMEO_03083,WP_005765115.1,75.3,377,389,386,2.7e-161,562.8,0.969152,0.976684
DAKCFMEO_03084,WP_003317531.1,99.3,298,298,298,3.3e-167,582.0,1,1
DAKCFMEO_03084,WP_011104604.1,71.0,297,298,317,3.6e-113,402.5,0.996644,0.936909
DAKCFMEO_03084,WP_005736179.1,42.2,296,298,308,3.2e-61,229.9,0.993289,0.961039
DAKCFMEO_03084,WP_011104496.1,30.8,250,298,296,8.5e-22,99.0,0.838926,0.844595
DAKCFMEO_03085,WP_057443217.1,99.5,207,330,330,8.9e-113,401.4,0.627273,0.627273
DAKCFMEO_03086,WP_003317528.1,98.4,126,126,126,1.9e-71,262.7,1,1
DAKCFMEO_03087,WP_003425065.1,99.1,320,320,320,4.6e-183,634.8,1,1
DAKCFMEO_03087,WP_057443118.1,32.9,286,320,322,2.0e-29,124.4,0.89375,0.888199
DAKCFMEO_03087,WP_005765876.1,31.4,277,320,298,3.8e-20,93.6,0.865625,0.92953
DAKCFMEO_03089,WP_005769085.1,71.8,426,429,426,1.7e-164,573.5,0.993007,1
DAKCFMEO_03092,WP_011105579.1,90.0,320,320,320,1.3e-148,520.4,1,1
DAKCFMEO_03092,WP_003425052.1,85.9,213,320,247,1.5e-96,347.4,0.665625,0.862348
DAKCFMEO_03094,WP_011104028.1,58.2,661,673,662,7.3e-223,768.1,0.982169,0.998489
DAKCFMEO_03107,WP_011104368.1,88.1,252,252,252,5.0e-124,438.3,1,1
DAKCFMEO_03107,WP_011104035.1,32.4,262,252,266,2.8e-26,113.6,1.03968,0.984962
DAKCFMEO_03107,WP_005764783.1,32.4,253,252,253,1.0e-23,105.1,1.00397,1
DAKCFMEO_03107,WP_005771315.1,30.8,250,252,249,1.0e-23,105.1,0.992063,1.00402
DAKCFMEO_03107,WP_005762581.1,30.9,256,252,255,5.0e-23,102.8,1.01587,1.00392
DAKCFMEO_03107,WP_005762514.1,31.4,258,252,248,5.5e-22,99.4,1.02381,1.04032
DAKCFMEO_03107,WP_005765466.1,31.0,252,252,242,4.7e-21,96.3,1,1.04132
DAKCFMEO_03107,WP_011104271.1,30.3,234,252,250,4.8e-18,86.3,0.928571,0.936
DAKCFMEO_03107,WP_007245058.1,30.1,209,252,270,5.9e-16,79.3,0.829365,0.774074
DAKCFMEO_03107,WP_046463536.1,33.5,194,252,270,1.7e-15,77.8,0.769841,0.718519
DAKCFMEO_03107,WP_005767607.1,30.6,196,252,271,1.2e-13,71.6,0.777778,0.723247
DAKCFMEO_03108,WP_011104367.1,85.0,293,317,299,1.7e-137,483.4,0.92429,0.979933
DAKCFMEO_03108,WP_005769653.1,37.3,268,317,297,1.6e-42,167.9,0.845426,0.902357
DAKCFMEO_03108,WP_005766129.1,32.9,252,317,326,1.0e-41,165.2,0.794953,0.773006
DAKCFMEO_03115,WP_007246451.1,44.1,102,114,120,2.7e-16,79.3,0.894737,0.85
DAKCFMEO_03118,WP_011103304.1,82.8,558,557,642,7.6e-266,910.6,1.0018,0.869159
DAKCFMEO_03119,WP_005769281.1,65.6,459,473,485,7.1e-164,571.6,0.970402,0.946392
DAKCFMEO_03121,WP_046463447.1,94.3,229,229,229,1.7e-123,436.4,1,1
DAKCFMEO_03122,WP_011104809.1,95.8,215,215,215,2.3e-122,432.6,1,1
DAKCFMEO_03123,WP_011104810.1,96.6,208,207,272,7.1e-68,251.5,1.00483,0.764706
DAKCFMEO_03124,WP_002554651.1,95.2,166,165,166,9.0e-82,297.4,1.00606,1
DAKCFMEO_03125,WP_011104811.1,97.5,433,433,433,3.1e-174,605.9,1,1
DAKCFMEO_03126,WP_005616090.1,99.7,356,356,356,4.3e-89,322.8,1,1
DAKCFMEO_03127,WP_161420636.1,99.3,151,154,151,3.9e-79,288.5,0.980519,1
DAKCFMEO_03127,WP_005770871.1,56.2,146,154,148,3.6e-40,159.1,0.948052,0.986486
DAKCFMEO_03127,WP_005613239.1,40.3,134,154,141,5.5e-17,82.0,0.87013,0.950355
DAKCFMEO_03127,WP_005739842.1,31.4,137,154,133,2.4e-12,66.6,0.88961,1.03008
DAKCFMEO_03127,WP_005768982.1,31.9,141,154,134,1.2e-11,64.3,0.915584,1.05224
DAKCFMEO_03128,WP_002554655.1,97.4,231,231,231,4.0e-120,425.2,1,1
DAKCFMEO_03128,WP_007245914.1,60.7,219,231,236,9.4e-69,254.6,0.948052,0.927966
DAKCFMEO_03128,WP_007246518.1,38.1,194,231,318,7.5e-26,112.1,0.839827,0.610063
DAKCFMEO_03128,WP_010203861.1,31.3,217,231,242,3.5e-23,103.2,0.939394,0.896694
DAKCFMEO_03128,WP_044392584.1,33.3,210,231,228,6.0e-23,102.4,0.909091,0.921053
DAKCFMEO_03128,WP_005768984.1,31.9,210,231,230,1.5e-21,97.8,0.909091,0.913043
DAKCFMEO_03129,WP_003378990.1,94.2,155,155,155,1.4e-79,290.0,1,1
DAKCFMEO_03130,WP_010209286.1,96.0,352,352,353,2.9e-194,672.2,1,0.997167
DAKCFMEO_03131,WP_007245442.1,97.0,202,202,202,2.6e-107,382.5,1,1
DAKCFMEO_03132,WP_011104812.1,96.6,176,174,176,1.9e-90,326.2,1.01149,1
DAKCFMEO_03133,WP_011104813.1,98.0,248,248,248,1.4e-134,473.4,1,1
DAKCFMEO_03133,WP_005766298.1,36.9,233,248,234,1.1e-27,118.2,0.939516,0.995726
DAKCFMEO_03134,WP_011104814.1,95.8,591,591,591,0.0e+00,1140.2,1,1
DAKCFMEO_03135,WP_007245440.1,85.1,114,114,114,6.7e-52,197.6,1,1
DAKCFMEO_03136,WP_003314356.1,98.7,157,157,157,6.3e-85,307.8,1,1
DAKCFMEO_03137,WP_044390721.1,92.1,202,201,202,4.1e-97,348.6,1.00498,1
DAKCFMEO_03138,WP_005766070.1,80.9,68,68,68,1.7e-26,112.5,1,1
DAKCFMEO_03139,WP_011104815.1,80.1,141,141,143,7.2e-64,237.7,1,0.986014
DAKCFMEO_03141,WP_011104816.1,91.7,448,444,448,4.7e-242,831.2,1.00901,1
DAKCFMEO_03141,WP_005763528.1,40.3,449,444,441,6.8e-84,305.8,1.01126,1.01814
DAKCFMEO_03141,WP_011104478.1,38.3,449,444,441,6.6e-79,289.3,1.01126,1.01814
DAKCFMEO_03141,WP_011105463.1,38.5,452,444,424,4.1e-73,270.0,1.01802,1.06604
DAKCFMEO_03141,WP_005769381.1,37.3,461,444,459,4.9e-66,246.5,1.03829,1.00436
DAKCFMEO_03141,WP_046463479.1,33.5,424,444,449,4.5e-51,196.8,0.954955,0.944321
DAKCFMEO_03141,WP_011103959.1,33.2,440,444,418,5.4e-49,189.9,0.990991,1.05263
DAKCFMEO_03141,WP_007244158.1,33.3,427,444,422,3.9e-47,183.7,0.961712,1.01185
DAKCFMEO_03141,WP_011104277.1,30.2,444,444,443,8.1e-45,176.0,1,1.00226
DAKCFMEO_03142,WP_011104817.1,94.7,571,571,571,0.0e+00,1076.2,1,1
DAKCFMEO_03143,WP_007245435.1,94.0,318,318,318,1.3e-172,600.1,1,1
DAKCFMEO_03144,WP_011104818.1,93.8,352,353,353,2.7e-192,665.6,0.997167,0.997167
DAKCFMEO_03147,WP_011104819.1,94.2,880,880,880,0.0e+00,1581.2,1,1
DAKCFMEO_03148,WP_011104820.1,91.4,444,443,444,4.7e-242,831.2,1.00226,1
DAKCFMEO_03149,WP_005766050.1,95.4,631,631,631,0.0e+00,1167.1,1,1
DAKCFMEO_03151,WP_011104834.1,95.0,442,447,443,7.0e-254,870.5,0.988814,0.997743
DAKCFMEO_03151,WP_005620645.1,31.9,373,447,442,2.4e-36,147.9,0.834452,0.843891
DAKCFMEO_03152,WP_005766046.1,70.6,143,147,146,9.9e-56,210.7,0.972789,0.979452
DAKCFMEO_03153,WP_004397570.1,90.7,236,236,236,8.0e-124,437.6,1,1
DAKCFMEO_03154,WP_005766044.1,95.4,152,153,153,1.0e-79,290.4,0.993464,0.993464
DAKCFMEO_03155,WP_005766043.1,87.8,230,235,230,3.7e-121,428.7,0.978723,1
DAKCFMEO_03156,WP_005616041.1,99.6,259,259,259,2.5e-155,542.3,1,1
DAKCFMEO_03156,WP_011105097.1,43.9,237,259,258,1.4e-52,201.1,0.915058,0.918605
DAKCFMEO_03157,WP_005736179.1,97.4,308,308,308,2.1e-169,589.3,1,1
DAKCFMEO_03157,WP_003317531.1,41.9,296,308,298,2.4e-59,223.8,0.961039,0.993289
DAKCFMEO_03157,WP_011104604.1,39.3,295,308,317,7.9e-55,208.8,0.957792,0.930599
DAKCFMEO_03158,WP_005766041.1,95.9,121,121,121,7.4e-57,214.2,1,1
DAKCFMEO_03159,WP_005616037.1,94.0,215,215,215,6.6e-109,387.9,1,1
DAKCFMEO_03159,WP_011105129.1,35.2,199,215,199,4.7e-22,99.4,0.925581,1
DAKCFMEO_03160,WP_005766026.1,89.4,236,236,236,7.7e-127,447.6,1,1
DAKCFMEO_03161,WP_004397588.1,92.0,138,138,138,3.1e-67,248.8,1,1
DAKCFMEO_03162,WP_005766024.1,85.9,369,372,373,3.2e-188,652.1,0.991935,0.989276
DAKCFMEO_03163,WP_005766020.1,89.3,140,140,155,8.2e-68,250.8,1,0.903226
DAKCFMEO_03164,WP_004397594.1,98.0,353,354,354,6.4e-194,671.0,0.997175,0.997175
DAKCFMEO_03165,WP_005766018.1,76.2,160,160,166,1.5e-62,233.4,1,0.963855
DAKCFMEO_03166,WP_011104855.1,96.4,855,859,855,0.0e+00,1625.1,0.995343,1
DAKCFMEO_03167,WP_005736188.1,93.5,107,107,107,1.5e-58,219.5,1,1
DAKCFMEO_03168,WP_005616022.1,95.8,336,336,335,1.0e-177,617.1,1,1.00299
DAKCFMEO_03169,WP_005766016.1,89.6,288,288,288,4.1e-130,458.8,1,1
DAKCFMEO_03170,WP_007245422.1,96.4,225,225,225,9.3e-122,430.6,1,1
DAKCFMEO_03171,WP_005766014.1,94.8,249,249,249,8.7e-137,480.7,1,1
DAKCFMEO_03172,WP_011103598.1,90.3,352,352,352,2.1e-184,639.4,1,1
DAKCFMEO_03173,WP_005766012.1,96.8,157,157,157,4.1e-84,305.1,1,1
DAKCFMEO_03174,WP_005766011.1,92.5,279,282,281,6.5e-157,547.7,0.989362,0.992883
DAKCFMEO_03175,WP_005766009.1,97.0,370,370,370,1.6e-211,729.6,1,1
DAKCFMEO_03176,WP_003377838.1,94.3,298,298,298,9.0e-165,573.9,1,1
DAKCFMEO_03176,WP_007245106.1,35.9,290,298,301,8.7e-51,195.3,0.973154,0.963455
DAKCFMEO_03176,WP_011104938.1,36.9,282,298,307,4.0e-48,186.4,0.946309,0.918567
DAKCFMEO_03176,WP_005771227.1,34.3,280,298,294,1.0e-43,171.8,0.939597,0.952381
DAKCFMEO_03176,WP_011104428.1,31.9,285,298,304,8.7e-43,168.7,0.956376,0.9375
DAKCFMEO_03176,WP_011104375.1,33.5,284,298,307,2.5e-42,167.2,0.95302,0.925081
DAKCFMEO_03176,WP_011103634.1,32.2,292,298,302,1.3e-41,164.9,0.979866,0.966887
DAKCFMEO_03176,WP_011104037.1,31.6,291,298,302,2.8e-41,163.7,0.97651,0.963576
DAKCFMEO_03176,WP_005615366.1,32.3,291,298,315,2.4e-40,160.6,0.97651,0.92381
DAKCFMEO_03176,WP_005617775.1,33.0,285,298,301,1.5e-39,157.9,0.956376,0.946844
DAKCFMEO_03176,WP_011104172.1,32.5,292,298,305,2.0e-39,157.5,0.979866,0.957377
DAKCFMEO_03176,WP_011104418.1,33.3,285,298,303,3.4e-39,156.8,0.956376,0.940594
DAKCFMEO_03176,WP_011103609.1,32.0,294,298,297,4.2e-37,149.8,0.986577,0.989899
DAKCFMEO_03176,WP_007246000.1,30.7,287,298,301,3.5e-36,146.7,0.963087,0.953488
DAKCFMEO_03176,WP_005766247.1,34.9,281,298,319,1.1e-34,141.7,0.942953,0.880878
DAKCFMEO_03177,WP_005766007.1,93.2,236,236,236,1.0e-126,447.2,1,1
DAKCFMEO_03178,WP_003377835.1,97.8,92,118,92,2.4e-44,172.6,0.779661,1
DAKCFMEO_03179,WP_005766003.1,94.9,428,428,428,2.7e-231,795.4,1,1
DAKCFMEO_03179,WP_011105084.1,54.5,426,428,427,1.2e-125,444.5,0.995327,0.997658
DAKCFMEO_03180,WP_003377831.1,97.9,281,281,281,1.3e-157,550.1,1,1
DAKCFMEO_03181,WP_003377829.1,98.7,543,543,543,0.0e+00,1077.0,1,1
DAKCFMEO_03182,WP_044390753.1,71.0,445,445,445,6.8e-193,667.9,1,1
DAKCFMEO_03183,WP_003377825.1,96.5,315,315,315,2.2e-177,615.9,1,1
DAKCFMEO_03184,WP_011103596.1,97.0,1173,1173,1173,0.0e+00,2288.5,1,1
DAKCFMEO_03184,WP_011104197.1,30.0,906,1173,1031,1.5e-98,355.9,0.772379,0.878758
DAKCFMEO_03185,WP_005765997.1,89.4,217,217,217,1.2e-105,377.1,1,1
DAKCFMEO_03186,WP_011103595.1,90.5,380,380,380,4.5e-193,668.3,1,1
DAKCFMEO_03187,WP_011103594.1,96.1,258,258,258,1.9e-115,409.8,1,1
DAKCFMEO_03188,WP_003377815.1,95.9,146,146,146,1.7e-79,289.7,1,1
DAKCFMEO_03188,WP_011105118.1,34.1,135,146,165,6.9e-17,81.6,0.924658,0.818182
DAKCFMEO_03189,WP_005765994.1,89.5,351,351,351,3.8e-122,432.6,1,1
DAKCFMEO_03190,WP_002554721.1,100.0,167,167,167,1.5e-84,306.6,1,1
DAKCFMEO_03191,WP_007245414.1,95.2,795,795,795,0.0e+00,1501.1,1,1
DAKCFMEO_03192,WP_011103593.1,89.1,450,450,450,1.2e-234,806.6,1,1
DAKCFMEO_03193,WP_005765988.1,90.4,396,396,396,1.4e-202,699.9,1,1
DAKCFMEO_03194,WP_011103592.1,94.5,271,271,271,4.4e-142,498.4,1,1
DAKCFMEO_03194,WP_011105554.1,31.5,273,271,309,6.3e-16,79.3,1.00738,0.883495
DAKCFMEO_03195,WP_005765985.1,96.4,251,251,251,9.3e-139,487.3,1,1
DAKCFMEO_03196,WP_005765982.1,83.8,185,185,185,6.8e-78,284.6,1,1
DAKCFMEO_03197,WP_002554728.1,98.4,247,247,247,2.1e-135,476.1,1,1
DAKCFMEO_03198,WP_005765978.1,88.6,289,289,287,9.4e-135,474.2,1,1.00697
DAKCFMEO_03199,WP_005615972.1,99.2,247,247,247,2.4e-139,489.2,1,1
DAKCFMEO_03200,WP_005765976.1,93.1,260,260,260,1.9e-147,516.2,1,1
DAKCFMEO_03200,WP_005765650.1,58.5,253,260,263,1.0e-84,307.8,0.973077,0.961977
DAKCFMEO_03201,WP_007245412.1,94.5,899,899,898,0.0e+00,1720.3,1,1.00111
DAKCFMEO_03202,WP_011103591.1,94.5,397,397,397,4.3e-231,794.7,1,1
DAKCFMEO_03203,WP_011103590.1,72.2,266,278,282,5.5e-116,411.8,0.956835,0.943262
DAKCFMEO_03204,WP_003377785.1,93.0,115,115,115,1.2e-61,229.9,1,1
DAKCFMEO_03205,WP_003377783.1,94.2,344,344,344,5.0e-183,634.8,1,1
DAKCFMEO_03206,WP_011103589.1,90.5,401,401,401,4.8e-214,738.0,1,1
DAKCFMEO_03207,WP_011103588.1,83.0,135,135,135,1.2e-60,226.9,1,1
DAKCFMEO_03208,WP_011103587.1,85.5,276,276,276,3.1e-135,475.7,1,1
DAKCFMEO_03209,WP_011103586.1,58.0,810,837,842,2.5e-289,989.2,0.967742,0.961995
DAKCFMEO_03210,WP_005765961.1,96.3,383,383,383,1.1e-218,753.4,1,1
DAKCFMEO_03211,WP_005615949.1,93.7,269,269,269,6.7e-151,527.7,1,1
DAKCFMEO_03212,WP_005765957.1,89.6,125,125,125,2.8e-67,248.8,1,1
DAKCFMEO_03214,WP_007245401.1,92.6,833,833,833,0.0e+00,1541.6,1,1
DAKCFMEO_03215,WP_005765949.1,92.1,229,229,229,1.4e-109,390.2,1,1
DAKCFMEO_03216,WP_011105356.1,47.1,1017,1022,1033,1.2e-261,897.5,0.995108,0.984511
DAKCFMEO_03216,WP_011104487.1,44.2,1016,1022,1011,3.2e-238,819.7,0.994129,1.00495
DAKCFMEO_03216,WP_011103298.1,41.3,1016,1022,1036,2.0e-219,757.3,0.994129,0.980695
DAKCFMEO_03217,WP_005765592.1,33.2,343,366,372,3.0e-37,150.6,0.937158,0.922043
DAKCFMEO_03217,WP_011103299.1,33.3,375,366,371,9.7e-36,145.6,1.02459,1.01078
DAKCFMEO_03217,WP_011104485.1,32.7,361,366,395,1.4e-34,141.7,0.986339,0.913924
DAKCFMEO_03217,WP_011104486.1,30.0,343,366,366,3.6e-30,127.1,0.937158,0.937158
DAKCFMEO_03219,WP_005765943.1,89.8,264,264,269,3.3e-134,472.2,1,0.981413
DAKCFMEO_03220,WP_005765940.1,84.1,207,206,207,2.5e-97,349.4,1.00485,1
DAKCFMEO_03221,WP_005765937.1,86.9,229,229,229,1.5e-119,423.3,1,1
DAKCFMEO_03222,WP_007243725.1,31.9,235,277,269,6.3e-19,89.4,0.848375,0.873606
DAKCFMEO_03223,WP_007245396.1,89.4,284,287,289,5.5e-151,528.1,0.989547,0.982699
DAKCFMEO_03224,WP_007245395.1,82.5,103,103,103,1.2e-44,173.3,1,1
DAKCFMEO_03225,WP_005765933.1,92.0,224,224,224,4.9e-115,408.3,1,1
DAKCFMEO_03226,WP_011103583.1,90.2,215,215,215,2.5e-108,386.0,1,1
DAKCFMEO_03228,WP_011103582.1,93.8,878,878,878,0.0e+00,1623.6,1,1
DAKCFMEO_03230,WP_005765928.1,93.4,137,137,137,2.5e-61,229.2,1,1
DAKCFMEO_03231,WP_005765926.1,79.2,260,260,260,8.8e-108,384.4,1,1
DAKCFMEO_03232,WP_011103581.1,85.3,102,107,106,8.5e-49,187.2,0.953271,0.962264
DAKCFMEO_03233,WP_007245391.1,83.7,294,300,298,3.2e-154,538.9,0.98,0.986577
DAKCFMEO_03234,WP_005765921.1,96.9,425,425,425,2.9e-241,828.6,1,1
DAKCFMEO_03236,WP_024657440.1,90.9,241,241,259,1.3e-121,430.3,1,0.930502
DAKCFMEO_03237,WP_005765916.1,98.4,500,533,500,1.3e-286,979.5,0.938086,1
DAKCFMEO_03238,WP_096059895.1,98.0,304,304,364,6.8e-168,584.3,1,0.835165
DAKCFMEO_03238,WP_011103430.1,41.0,288,304,360,1.7e-49,191.0,0.947368,0.8
DAKCFMEO_03240,WP_005765914.1,93.1,334,334,334,8.8e-177,614.0,1,1
DAKCFMEO_03241,WP_005765912.1,85.4,336,336,336,9.8e-160,557.4,1,1
DAKCFMEO_03241,WP_005769995.1,34.0,347,336,358,2.9e-42,167.2,1.03274,0.969274
DAKCFMEO_03242,WP_011103579.1,85.7,792,786,793,0.0e+00,1261.1,1.00763,0.998739
DAKCFMEO_03243,WP_005765908.1,91.3,229,229,229,6.8e-120,424.5,1,1
DAKCFMEO_03244,WP_011103578.1,82.3,424,424,426,3.6e-175,609.0,1,0.995305
DAKCFMEO_03245,WP_003377717.1,89.8,177,178,178,9.7e-90,323.9,0.994382,0.994382
DAKCFMEO_03246,WP_005765904.1,85.9,540,540,540,1.6e-180,627.1,1,1
DAKCFMEO_03246,WP_011105575.1,32.3,452,540,541,4.5e-21,97.4,0.837037,0.83549
DAKCFMEO_03246,WP_011105048.1,31.2,461,540,541,6.5e-20,93.6,0.853704,0.852126
DAKCFMEO_03246,WP_011105087.1,31.0,445,540,539,1.2e-13,72.8,0.824074,0.825603
DAKCFMEO_03247,WP_005765900.1,87.1,249,250,248,6.7e-97,348.2,0.996,1.00403
DAKCFMEO_03248,WP_011103576.1,76.7,694,698,695,0.0e+00,1084.3,0.994269,0.998561
DAKCFMEO_03248,WP_011103739.1,43.8,544,698,691,3.3e-117,417.2,0.77937,0.787265
DAKCFMEO_03248,WP_011104949.1,33.5,778,698,793,6.4e-113,402.9,1.11461,0.981084
DAKCFMEO_03248,WP_007243883.1,35.3,490,698,534,2.3e-70,261.5,0.702006,0.917603
DAKCFMEO_03249,WP_011103575.1,92.7,368,368,368,1.4e-204,706.4,1,1
DAKCFMEO_03249,WP_011103986.1,47.9,357,368,363,2.0e-89,323.9,0.970109,0.983471
DAKCFMEO_03249,WP_011104372.1,32.4,290,368,367,5.9e-33,136.3,0.788043,0.790191
DAKCFMEO_03249,WP_011104980.1,37.7,231,368,349,5.0e-32,133.3,0.627717,0.661891
DAKCFMEO_03249,WP_005767796.1,30.7,339,368,360,2.3e-29,124.4,0.921196,0.941667
DAKCFMEO_03250,WP_011103574.1,95.8,571,571,569,0.0e+00,1087.0,1,1.00351
DAKCFMEO_03251,WP_003377703.1,98.3,180,180,180,1.7e-102,366.3,1,1
DAKCFMEO_03252,WP_005765892.1,64.9,279,292,279,2.7e-105,376.3,0.955479,1
DAKCFMEO_03253,WP_007245377.1,85.7,98,98,98,1.2e-41,163.3,1,1
DAKCFMEO_03254,WP_005765888.1,77.7,220,220,220,3.7e-91,328.9,1,1
DAKCFMEO_03255,WP_161797770.1,70.3,411,429,443,3.7e-159,555.8,0.958042,0.927765
DAKCFMEO_03256,WP_046463398.1,77.7,1193,1213,1195,0.0e+00,1847.0,0.983512,0.998326
DAKCFMEO_03257,WP_011103569.1,95.5,469,469,469,2.8e-269,921.8,1,1
DAKCFMEO_03258,WP_005765880.1,97.0,434,434,434,2.1e-239,822.4,1,1
DAKCFMEO_03259,WP_007245372.1,91.9,246,246,246,3.9e-129,455.3,1,1
DAKCFMEO_03260,WP_005765876.1,93.3,298,298,298,8.4e-163,567.4,1,1
DAKCFMEO_03260,WP_007246535.1,37.7,297,298,299,2.5e-45,177.2,0.996644,0.993311
DAKCFMEO_03260,WP_003425065.1,31.3,278,298,320,5.0e-22,99.8,0.932886,0.86875
DAKCFMEO_03261,WP_002552524.1,99.1,116,116,116,4.4e-59,221.5,1,1
DAKCFMEO_03262,WP_005765874.1,98.0,250,250,250,7.6e-141,494.2,1,1
DAKCFMEO_03263,WP_005765872.1,95.5,179,179,179,2.1e-100,359.4,1,1
DAKCFMEO_03264,WP_003377687.1,97.6,85,85,85,3.2e-43,168.3,1,1
DAKCFMEO_03265,WP_007245370.1,97.6,458,458,458,1.2e-216,746.9,1,1
DAKCFMEO_03266,WP_005765867.1,72.6,270,270,270,4.9e-101,362.1,1,1
DAKCFMEO_03267,WP_007245369.1,78.6,415,414,415,6.4e-185,641.3,1.00242,1
DAKCFMEO_03268,WP_011103567.1,92.0,438,439,438,4.1e-222,765.0,0.997722,1
DAKCFMEO_03268,WP_011104732.1,36.7,441,439,445,2.0e-64,241.1,1.00456,0.991011
DAKCFMEO_03268,WP_011106976.1,35.5,439,439,448,9.8e-59,222.2,1,0.979911
DAKCFMEO_03268,WP_011107023.1,36.3,416,439,448,3.7e-58,220.3,0.947608,0.928571
DAKCFMEO_03268,WP_011104951.1,33.4,404,439,441,2.3e-52,201.1,0.920273,0.9161
DAKCFMEO_03268,WP_011104204.1,32.7,437,439,438,4.3e-46,180.3,0.995444,0.997717
DAKCFMEO_03268,WP_007246194.1,32.7,407,439,433,1.2e-43,172.2,0.927107,0.939954
DAKCFMEO_03268,WP_011103852.1,32.4,401,439,432,1.5e-43,171.8,0.91344,0.928241
DAKCFMEO_03268,WP_005767577.1,31.3,393,439,438,5.4e-41,163.3,0.895216,0.89726
DAKCFMEO_03269,WP_005765861.1,96.4,393,393,393,5.6e-215,741.1,1,1
DAKCFMEO_03270,WP_005765859.1,92.3,155,155,155,2.2e-77,282.7,1,1
DAKCFMEO_03271,WP_005771683.1,88.6,70,72,72,1.2e-33,136.3,0.972222,0.972222
DAKCFMEO_03272,WP_005615845.1,93.7,174,174,174,4.6e-76,278.5,1,1
DAKCFMEO_03272,WP_011103010.1,48.7,152,174,181,2.2e-17,83.6,0.873563,0.839779
DAKCFMEO_03273,WP_011103566.1,93.4,198,226,198,1.2e-108,387.1,0.876106,1
DAKCFMEO_03274,WP_011103564.1,92.2,180,183,183,7.6e-98,350.9,0.983607,0.983607
DAKCFMEO_03274,WP_005762680.1,44.1,170,183,187,7.2e-40,158.3,0.928962,0.909091
DAKCFMEO_03275,WP_005771689.1,93.6,187,187,187,4.0e-102,365.2,1,1
DAKCFMEO_03276,WP_005771691.1,93.1,101,103,103,3.6e-52,198.4,0.980583,0.980583
DAKCFMEO_03277,WP_011103562.1,95.4,1298,1298,1298,0.0e+00,2510.3,1,1
DAKCFMEO_03278,WP_080546580.1,92.4,475,474,497,3.1e-260,891.7,1.00211,0.955734
DAKCFMEO_03279,WP_007247479.1,91.6,166,167,169,6.7e-85,307.8,0.994012,0.982249
DAKCFMEO_03280,WP_011103560.1,95.8,457,457,457,2.1e-269,922.2,1,1
DAKCFMEO_03283,WP_024668184.1,71.9,274,287,275,2.2e-107,383.3,0.954704,0.996364
DAKCFMEO_03289,WP_005764104.1,89.7,116,116,116,8.3e-58,217.2,1,1
DAKCFMEO_03290,WP_005764101.1,96.4,333,333,333,1.5e-189,656.4,1,1
DAKCFMEO_03291,WP_002552279.1,96.8,93,93,93,3.2e-44,171.8,1,1
DAKCFMEO_03291,WP_002552737.1,42.2,90,93,90,1.7e-13,69.7,0.967742,1
DAKCFMEO_03292,WP_007244904.1,94.6,501,502,502,8.3e-272,930.2,0.998008,0.998008
DAKCFMEO_03292,WP_005767731.1,40.1,514,502,521,2.2e-102,367.5,1.0239,0.986564
DAKCFMEO_03292,WP_011104349.1,35.1,442,502,667,2.0e-63,238.0,0.880478,0.662669
DAKCFMEO_03292,WP_011103371.1,41.7,326,502,478,3.4e-63,237.3,0.649402,0.682008
DAKCFMEO_03292,WP_011103301.1,42.4,311,502,446,2.8e-62,234.2,0.619522,0.697309
DAKCFMEO_03292,WP_007246574.1,43.3,307,502,461,1.0e-59,225.7,0.611554,0.665944
DAKCFMEO_03292,WP_011104077.1,39.4,348,502,509,1.2e-57,218.8,0.693227,0.683694
DAKCFMEO_03292,WP_005769514.1,34.0,450,502,439,6.8e-56,213.0,0.896414,1.02506
DAKCFMEO_03292,WP_002555721.1,37.8,368,502,478,2.0e-55,211.5,0.733068,0.769874
DAKCFMEO_03292,WP_007246617.1,40.1,322,502,442,2.0e-55,211.5,0.641434,0.728507
DAKCFMEO_03292,WP_005769193.1,33.9,425,502,617,6.6e-51,196.4,0.846614,0.688817
DAKCFMEO_03292,WP_011103783.1,39.1,307,502,471,1.5e-50,195.3,0.611554,0.651805
DAKCFMEO_03293,WP_005764071.1,90.0,568,571,576,5.5e-288,984.2,0.994746,0.986111
DAKCFMEO_03294,WP_005615457.1,78.7,127,129,129,1.1e-50,193.7,0.984496,0.984496
DAKCFMEO_03294,WP_003377196.1,36.7,120,129,121,3.9e-16,79.0,0.930233,0.991736
DAKCFMEO_03295,WP_005764073.1,81.9,701,705,705,0.0e+00,1134.8,0.994326,0.994326
DAKCFMEO_03295,WP_005762944.1,32.9,695,705,712,7.0e-99,356.3,0.985816,0.976124
DAKCFMEO_03295,WP_011103884.1,35.7,557,705,730,2.7e-95,344.4,0.790071,0.763014
DAKCFMEO_03295,WP_046463958.1,36.2,560,705,825,1.8e-94,341.7,0.794326,0.678788
DAKCFMEO_03295,WP_011104985.1,40.0,435,705,683,2.0e-93,338.2,0.617021,0.636896
DAKCFMEO_03295,WP_011103090.1,34.3,557,705,643,3.7e-92,334.0,0.790071,0.866252
DAKCFMEO_03295,WP_011104176.1,36.9,436,705,703,6.8e-86,313.2,0.61844,0.620199
DAKCFMEO_03295,WP_044391024.1,31.4,589,705,730,2.0e-82,301.6,0.835461,0.806849
DAKCFMEO_03295,WP_007247222.1,34.4,479,705,554,2.9e-81,297.7,0.679433,0.864621
DAKCFMEO_03296,WP_011103496.1,91.3,127,127,127,9.4e-63,233.8,1,1
DAKCFMEO_03296,WP_011103095.1,53.3,107,127,128,8.6e-24,104.4,0.84252,0.835938
DAKCFMEO_03297,WP_005764078.1,94.3,954,954,954,0.0e+00,1819.3,1,1
DAKCFMEO_03298,WP_046463296.1,88.8,374,374,374,7.5e-193,667.5,1,1
DAKCFMEO_03298,WP_005763440.1,36.5,362,374,360,3.3e-47,183.7,0.967914,1.00556
DAKCFMEO_03299,WP_005764082.1,95.7,70,70,70,7.8e-35,140.2,1,1
DAKCFMEO_03299,WP_002554837.1,80.6,67,70,69,2.4e-28,118.6,0.957143,0.971014
DAKCFMEO_03299,WP_002553156.1,70.0,70,70,70,1.9e-25,109.0,1,1
DAKCFMEO_03299,WP_044392708.1,49.2,65,70,91,4.9e-13,67.8,0.928571,0.714286
DAKCFMEO_03301,WP_005764084.1,87.8,353,353,353,4.9e-178,618.2,1,1
DAKCFMEO_03302,WP_003375972.1,76.7,373,373,375,9.9e-153,534.3,1,0.994667
DAKCFMEO_03303,WP_011103494.1,92.7,495,496,496,4.1e-263,901.4,0.997984,0.997984
DAKCFMEO_03304,WP_005764092.1,94.4,142,142,142,5.2e-78,284.6,1,1
DAKCFMEO_03305,WP_005764094.1,80.5,149,149,141,2.6e-56,212.6,1,1.05674
DAKCFMEO_03307,WP_011103493.1,97.4,948,948,948,0.0e+00,1859.0,1,1
DAKCFMEO_03308,WP_032621684.1,89.2,325,337,328,1.9e-166,579.7,0.964392,0.990854
DAKCFMEO_03309,WP_011103984.1,32.4,296,339,310,6.9e-36,146.0,0.873156,0.954839
DAKCFMEO_03310,WP_011103983.1,39.3,267,282,278,1.5e-44,174.5,0.946809,0.960432
DAKCFMEO_03311,WP_011103763.1,48.1,418,433,441,1.9e-110,394.0,0.965358,0.947846
DAKCFMEO_03311,WP_005769128.1,42.4,406,433,435,2.3e-84,307.4,0.937644,0.933333
DAKCFMEO_03311,WP_007246084.1,36.7,420,433,441,6.2e-74,272.7,0.969977,0.952381
DAKCFMEO_03311,WP_046463482.1,35.2,426,433,458,5.3e-73,269.6,0.983834,0.930131
DAKCFMEO_03312,WP_005770966.1,39.9,243,249,254,7.1e-38,152.1,0.975904,0.956693
DAKCFMEO_03312,WP_005770626.1,38.6,249,249,247,7.8e-37,148.7,1,1.0081
DAKCFMEO_03312,WP_005762581.1,38.6,251,249,255,1.1e-33,138.3,1.00803,0.984314
DAKCFMEO_03312,WP_011104035.1,36.7,259,249,266,1.4e-33,137.9,1.04016,0.973684
DAKCFMEO_03312,WP_011103118.1,33.1,254,249,257,1.2e-32,134.8,1.02008,0.988327
DAKCFMEO_03312,WP_005764784.1,37.7,247,249,249,8.4e-31,128.6,0.991968,0.991968
DAKCFMEO_03312,WP_011103979.1,34.1,267,249,266,3.2e-30,126.7,1.07229,1.00376
DAKCFMEO_03312,WP_005771315.1,32.8,247,249,249,4.6e-29,122.9,0.991968,0.991968
DAKCFMEO_03312,WP_011104354.1,36.0,247,249,243,7.8e-29,122.1,0.991968,1.01646
DAKCFMEO_03312,WP_005764783.1,36.9,255,249,253,1.7e-28,120.9,1.0241,1.00791
DAKCFMEO_03312,WP_161633151.1,35.3,249,249,254,3.9e-28,119.8,1,0.980315
DAKCFMEO_03312,WP_011103980.1,33.7,249,249,254,5.1e-28,119.4,1,0.980315
DAKCFMEO_03312,WP_011104991.1,36.5,260,249,252,6.6e-28,119.0,1.04418,1.03175
DAKCFMEO_03312,WP_007246009.1,35.5,248,249,286,9.6e-27,115.2,0.995984,0.867133
DAKCFMEO_03312,WP_011104931.1,34.4,253,249,257,1.6e-26,114.4,1.01606,0.984436
DAKCFMEO_03312,WP_005762514.1,35.5,251,249,248,9.0e-25,108.6,1.00803,1.0121
DAKCFMEO_03312,WP_005765466.1,35.8,243,249,242,2.0e-24,107.5,0.975904,1.00413
DAKCFMEO_03312,WP_011103459.1,37.2,207,249,306,3.2e-22,100.1,0.831325,0.676471
DAKCFMEO_03312,WP_005619926.1,32.3,251,249,244,1.5e-19,91.3,1.00803,1.02869
DAKCFMEO_03312,WP_007245137.1,31.9,248,249,246,1.5e-19,91.3,0.995984,1.00813
DAKCFMEO_03312,WP_011104368.1,30.6,255,249,252,2.5e-19,90.5,1.0241,1.0119
DAKCFMEO_03312,WP_046463592.1,30.4,253,249,253,6.2e-18,85.9,1.01606,1
DAKCFMEO_03312,WP_007245058.1,32.4,188,249,270,9.9e-16,78.6,0.75502,0.696296
DAKCFMEO_03312,WP_011104271.1,30.6,248,249,250,1.3e-15,78.2,0.995984,0.992
DAKCFMEO_03313,WP_005620804.1,32.3,291,305,301,3.6e-36,146.7,0.954098,0.966777
DAKCFMEO_03313,WP_005768142.1,31.7,300,305,318,8.1e-28,119.0,0.983607,0.943396
DAKCFMEO_03315,WP_005763930.1,80.1,301,315,314,3.3e-141,495.7,0.955556,0.958599
DAKCFMEO_03315,WP_005768336.1,66.3,273,315,290,1.1e-101,364.4,0.866667,0.941379
DAKCFMEO_03316,WP_024668283.1,78.5,163,175,181,9.6e-74,270.8,0.931429,0.900552
DAKCFMEO_03316,WP_011103651.1,47.3,167,175,191,5.5e-37,148.7,0.954286,0.874346
DAKCFMEO_03319,WP_003413692.1,38.9,162,176,174,1.6e-28,120.6,0.920455,0.931034
DAKCFMEO_03319,WP_011105093.1,36.1,158,176,177,1.0e-19,91.3,0.897727,0.892655
DAKCFMEO_03321,WP_011103606.1,34.0,97,101,103,2.3e-11,62.8,0.960396,0.941748
DAKCFMEO_03323,WP_046463820.1,60.2,133,136,136,2.2e-41,162.9,0.977941,0.977941
DAKCFMEO_03329,WP_005771042.1,96.0,354,354,354,5.6e-198,684.5,1,1
DAKCFMEO_03330,WP_005736309.1,96.8,371,377,371,1.2e-219,756.5,0.984085,1
DAKCFMEO_03331,WP_002552468.1,100.0,111,111,111,2.3e-57,215.7,1,1
DAKCFMEO_03332,WP_005771039.1,97.6,622,622,622,0.0e+00,1153.7,1,1
DAKCFMEO_03333,WP_003380592.1,96.7,303,303,303,4.4e-159,555.1,1,1
DAKCFMEO_03334,WP_007247086.1,95.0,179,179,179,4.7e-68,251.9,1,1
DAKCFMEO_03335,WP_003380594.1,98.2,271,271,271,1.4e-151,530.0,1,1
DAKCFMEO_03335,WP_011103224.1,32.3,229,271,247,4.5e-22,99.8,0.845018,0.927126
DAKCFMEO_03336,WP_005771034.1,91.1,257,255,257,1.6e-130,459.9,1.00784,1
DAKCFMEO_03337,WP_005771032.1,91.5,258,262,258,3.5e-136,478.8,0.984733,1
DAKCFMEO_03338,WP_003380601.1,98.0,150,150,163,1.2e-80,293.5,1,0.920245
DAKCFMEO_03339,WP_005771029.1,97.8,404,404,404,4.6e-228,784.6,1,1
DAKCFMEO_03339,WP_046463853.1,55.9,374,404,384,9.2e-112,398.3,0.925743,0.973958
DAKCFMEO_03339,WP_011104556.1,55.1,374,404,393,5.2e-107,382.5,0.925743,0.951654
DAKCFMEO_03340,WP_003380603.1,99.2,128,128,128,1.8e-69,256.1,1,1
DAKCFMEO_03341,WP_003380604.1,98.1,107,107,107,1.0e-57,216.9,1,1
DAKCFMEO_03341,WP_002551953.1,40.9,110,107,116,7.3e-16,77.8,1.02804,0.948276
DAKCFMEO_03342,WP_005771027.1,94.2,173,173,173,4.2e-90,325.1,1,1
DAKCFMEO_03343,WP_011103546.1,94.0,620,621,620,0.0e+00,1120.1,0.99839,1
DAKCFMEO_03343,WP_011105024.1,40.3,601,621,638,8.0e-115,409.1,0.967794,0.942006
DAKCFMEO_03343,WP_011104950.1,35.5,600,621,564,7.8e-78,286.2,0.966184,1.06383
DAKCFMEO_03344,WP_005615771.1,96.5,113,113,113,8.4e-63,233.8,1,1
DAKCFMEO_03345,WP_005771023.1,77.3,66,66,66,5.8e-24,104.0,1,1
DAKCFMEO_03346,WP_002552482.1,100.0,141,141,141,1.6e-71,263.1,1,1
DAKCFMEO_03347,WP_005771021.1,97.4,382,382,382,9.9e-217,746.9,1,1
DAKCFMEO_03348,WP_005771019.1,87.3,252,252,252,3.2e-123,435.6,1,1
DAKCFMEO_03349,WP_005771017.1,88.9,333,333,331,7.3e-123,434.9,1,1.00604
DAKCFMEO_03350,WP_003380613.1,98.1,369,369,369,7.1e-204,704.1,1,1
DAKCFMEO_03351,WP_011103548.1,97.2,429,429,429,7.9e-247,847.0,1,1
DAKCFMEO_03352,WP_011103549.1,89.2,213,213,213,3.7e-104,372.1,1,1
DAKCFMEO_03353,WP_005771013.1,96.1,383,383,384,3.4e-140,492.7,1,0.997396
DAKCFMEO_03354,WP_003380618.1,98.6,489,489,489,1.7e-269,922.5,1,1
DAKCFMEO_03355,WP_005771011.1,92.9,382,382,382,2.1e-214,739.2,1,1
DAKCFMEO_03356,WP_011103550.1,89.3,262,263,263,8.0e-141,494.2,0.996198,0.996198
DAKCFMEO_03356,WP_005763805.1,30.5,249,263,268,3.3e-17,83.6,0.946768,0.929104
DAKCFMEO_03358,WP_011103551.1,96.9,289,289,289,6.7e-157,547.7,1,1
DAKCFMEO_03358,WP_007244715.1,30.0,237,289,297,1.2e-20,95.1,0.820069,0.79798
DAKCFMEO_03359,WP_003380623.1,96.6,556,556,556,0.0e+00,1090.1,1,1
DAKCFMEO_03361,WP_005771007.1,94.2,274,274,274,1.0e-151,530.4,1,1
DAKCFMEO_03362,WP_161797807.1,97.2,459,471,459,6.6e-186,644.8,0.974522,1
DAKCFMEO_03364,WP_005771002.1,91.8,182,182,182,8.1e-100,357.5,1,1
DAKCFMEO_03365,WP_003380633.1,98.6,489,489,489,1.7e-253,869.4,1,1
DAKCFMEO_03366,WP_005771001.1,96.0,525,525,525,4.1e-306,1044.3,1,1
DAKCFMEO_03370,WP_011104442.1,94.8,500,492,503,1.9e-281,962.2,1.01626,0.994036
DAKCFMEO_03370,WP_003409202.1,74.8,512,492,517,7.5e-225,774.2,1.04065,0.990329
DAKCFMEO_03370,WP_011105416.1,74.8,512,492,517,7.5e-225,774.2,1.04065,0.990329
DAKCFMEO_03370,WP_164923172.1,78.2,473,492,501,6.6e-221,761.1,0.961382,0.944112
DAKCFMEO_03370,WP_080898634.1,42.4,297,492,187,1.9e-50,194.9,0.603659,1.58824
DAKCFMEO_03371,WP_080597953.1,100.0,118,119,118,2.0e-67,249.2,0.991597,1
DAKCFMEO_03371,WP_078983211.1,96.6,118,119,118,5.5e-65,241.1,0.991597,1
DAKCFMEO_03371,WP_080946645.1,95.8,118,119,118,9.4e-65,240.4,0.991597,1
DAKCFMEO_03371,WP_080946591.1,94.9,118,119,118,3.6e-64,238.4,0.991597,1
DAKCFMEO_03371,WP_080115702.1,94.9,118,119,118,6.1e-64,237.7,0.991597,1
DAKCFMEO_03371,WP_159229490.1,94.1,118,119,118,4.0e-63,235.0,0.991597,1
DAKCFMEO_03371,WP_159229495.1,93.4,106,119,115,9.8e-54,203.8,0.890756,0.921739
DAKCFMEO_03371,WP_159229486.1,95.8,95,119,110,2.1e-48,186.0,0.798319,0.863636
DAKCFMEO_03373,WP_005768762.1,85.5,406,414,403,1.9e-205,709.5,0.980676,1.00744
DAKCFMEO_03374,WP_011103456.1,93.5,367,367,367,6.4e-205,707.6,1,1
DAKCFMEO_03374,WP_011104924.1,35.2,352,367,368,8.8e-45,175.6,0.959128,0.956522
DAKCFMEO_03374,WP_005767796.1,34.5,362,367,360,1.1e-44,175.3,0.986376,1.00556
DAKCFMEO_03374,WP_011104372.1,31.2,362,367,367,2.8e-43,170.6,0.986376,0.986376
DAKCFMEO_03374,WP_011104374.1,32.5,351,367,365,3.1e-42,167.2,0.956403,0.961644
DAKCFMEO_03374,WP_011104980.1,41.4,222,367,349,1.0e-40,162.2,0.604905,0.636103
DAKCFMEO_03375,WP_007244088.1,88.3,162,162,162,3.0e-82,298.9,1,1
DAKCFMEO_03375,WP_004397843.1,52.4,145,162,161,3.1e-42,166.0,0.895062,0.900621
DAKCFMEO_03375,WP_011103684.1,45.4,152,162,183,1.3e-29,124.0,0.938272,0.830601
DAKCFMEO_03376,WP_005736521.1,91.9,161,161,161,6.7e-82,297.7,1,1
DAKCFMEO_03376,WP_003381292.1,33.1,139,161,158,5.2e-18,85.5,0.863354,0.879747
DAKCFMEO_03378,WP_007244090.1,97.8,696,696,696,0.0e+00,1327.0,1,1
DAKCFMEO_03379,WP_011103454.1,91.9,297,298,307,8.7e-168,583.9,0.996644,0.967427
DAKCFMEO_03379,WP_005763674.1,47.6,290,298,299,1.2e-73,271.2,0.973154,0.9699
DAKCFMEO_03380,WP_003379278.1,96.5,229,234,229,1.1e-117,417.2,0.978632,1
DAKCFMEO_03380,WP_002554651.1,33.9,177,234,166,4.1e-11,63.2,0.75641,1.06627
DAKCFMEO_03381,WP_005770049.1,41.1,304,308,308,3.3e-53,203.4,0.987013,0.987013
DAKCFMEO_03381,WP_005763952.1,33.0,291,308,306,6.1e-31,129.4,0.944805,0.95098
DAKCFMEO_03382,WP_007245542.1,30.6,346,371,366,5.2e-37,149.8,0.932615,0.945355
DAKCFMEO_03382,WP_005763950.1,30.8,331,371,370,1.3e-24,108.6,0.892183,0.894595
DAKCFMEO_03383,WP_011103450.1,90.1,504,504,503,7.9e-254,870.5,1,1.00199
DAKCFMEO_03383,WP_005763959.1,37.2,503,504,511,8.3e-78,285.8,0.998016,0.984344
DAKCFMEO_03383,WP_011103272.1,37.1,493,504,517,1.5e-74,275.0,0.978175,0.953578
DAKCFMEO_03383,WP_011103981.1,36.0,481,504,509,3.6e-65,243.8,0.954365,0.94499
DAKCFMEO_03383,WP_011104585.1,34.8,483,504,525,8.0e-65,242.7,0.958333,0.92
DAKCFMEO_03383,WP_011103969.1,33.8,491,504,517,2.0e-60,228.0,0.974206,0.94971
DAKCFMEO_03383,WP_005764620.1,30.7,488,504,522,4.6e-60,226.9,0.968254,0.934866
DAKCFMEO_03383,WP_011104123.1,31.7,498,504,507,1.9e-58,221.5,0.988095,0.982249
DAKCFMEO_03383,WP_161797778.1,30.2,514,504,536,1.1e-53,205.7,1.01984,0.958955
DAKCFMEO_03383,WP_011103158.1,30.3,314,504,347,3.2e-21,97.8,0.623016,0.904899
DAKCFMEO_03384,WP_011103449.1,92.6,363,363,363,6.6e-202,697.6,1,1
DAKCFMEO_03384,WP_005614499.1,34.0,362,363,364,3.2e-55,210.3,0.997245,0.994505
DAKCFMEO_03384,WP_011103525.1,35.0,366,363,369,1.8e-50,194.5,1.00826,0.99187
DAKCFMEO_03386,WP_007244096.1,90.9,242,247,242,2.0e-125,443.0,0.979757,1
DAKCFMEO_03386,WP_005770041.1,38.5,205,247,218,1.7e-39,157.5,0.82996,0.940367
DAKCFMEO_03386,WP_003376205.1,36.0,197,247,202,9.5e-35,141.7,0.797571,0.975248
DAKCFMEO_03387,WP_003379266.1,95.6,360,360,360,1.2e-203,703.4,1,1
DAKCFMEO_03388,WP_011103446.1,94.7,245,246,246,3.3e-136,478.8,0.995935,0.995935
DAKCFMEO_03388,WP_005615650.1,31.5,200,246,228,2.0e-24,107.5,0.813008,0.877193
DAKCFMEO_03388,WP_005764591.1,32.1,209,246,212,1.3e-23,104.8,0.849593,0.985849
DAKCFMEO_03389,WP_002552194.1,98.4,127,127,127,1.4e-69,256.5,1,1
DAKCFMEO_03389,WP_011102981.1,32.5,123,127,126,1.7e-11,63.5,0.968504,0.97619
DAKCFMEO_03390,WP_011103445.1,83.4,259,259,259,3.4e-128,452.2,1,1
DAKCFMEO_03391,WP_011103444.1,80.4,163,177,180,2.8e-73,269.2,0.920904,0.905556
DAKCFMEO_03392,WP_007244100.1,77.6,392,399,395,1.8e-176,613.2,0.982456,0.992405
DAKCFMEO_03393,WP_011103443.1,84.5,909,910,910,0.0e+00,1515.7,0.998901,0.998901
DAKCFMEO_03394,WP_046463642.1,91.9,454,454,454,4.3e-251,861.3,1,1
DAKCFMEO_03394,WP_011104719.1,46.2,431,454,451,5.3e-116,412.5,0.949339,0.955654
DAKCFMEO_03395,WP_011103441.1,94.3,645,645,645,0.0e+00,1217.2,1,1
DAKCFMEO_03396,WP_005768794.1,90.4,560,560,560,2.8e-308,1051.6,1,1
DAKCFMEO_03397,WP_005768796.1,93.8,210,209,210,1.7e-106,379.8,1.00478,1
DAKCFMEO_03397,WP_005764543.1,34.0,200,209,214,1.2e-19,91.3,0.956938,0.934579
DAKCFMEO_03397,WP_007247202.1,31.8,132,209,210,2.3e-13,70.5,0.631579,0.628571
DAKCFMEO_03398,WP_011104568.1,31.7,300,322,310,9.8e-32,132.1,0.931677,0.967742
DAKCFMEO_03398,WP_003382085.1,33.5,275,322,409,5.4e-30,126.3,0.854037,0.672372
DAKCFMEO_03398,WP_011103472.1,31.7,252,322,324,2.8e-26,114.0,0.782609,0.777778
DAKCFMEO_03398,WP_007246890.1,30.1,226,322,319,5.4e-22,99.8,0.701863,0.708464
DAKCFMEO_03398,WP_011104003.1,30.4,250,322,313,5.2e-17,83.2,0.776398,0.798722
DAKCFMEO_03399,WP_005768797.1,94.0,332,332,332,9.0e-182,630.6,1,1
DAKCFMEO_03400,WP_005768799.1,96.9,194,194,194,8.6e-100,357.5,1,1
DAKCFMEO_03401,WP_007244107.1,87.9,272,271,272,2.2e-133,469.5,1.00369,1
DAKCFMEO_03402,WP_005736538.1,92.3,209,209,209,1.2e-112,400.2,1,1
DAKCFMEO_03403,WP_011103440.1,73.6,87,87,86,2.5e-30,125.6,1,1.01163
DAKCFMEO_03404,WP_003318204.1,78.3,60,60,60,5.3e-24,104.0,1,1
DAKCFMEO_03405,WP_005768804.1,93.0,387,387,387,9.4e-215,740.3,1,1
DAKCFMEO_03407,WP_003379241.1,95.6,68,68,68,9.0e-36,143.3,1,1
DAKCFMEO_03408,WP_005768806.1,94.3,194,194,193,4.3e-99,355.1,1,1.00518
DAKCFMEO_03409,WP_005736543.1,80.5,77,77,77,1.4e-32,132.9,1,1
DAKCFMEO_03410,WP_005768808.1,94.4,502,502,502,4.0e-274,937.9,1,1
DAKCFMEO_03411,WP_005768811.1,93.0,298,298,298,7.9e-161,560.8,1,1
DAKCFMEO_03412,WP_007244110.1,94.5,273,273,273,1.3e-146,513.5,1,1
DAKCFMEO_03412,WP_005765569.1,33.7,276,273,268,6.1e-35,142.5,1.01099,1.02985
DAKCFMEO_03413,WP_005768815.1,94.2,277,275,277,3.0e-138,485.7,1.00727,1
DAKCFMEO_03413,WP_003381368.1,41.5,217,275,222,2.0e-33,137.5,0.789091,0.977477
DAKCFMEO_03413,WP_011104187.1,37.0,200,275,220,2.8e-27,117.1,0.727273,0.909091
DAKCFMEO_03413,WP_011104330.1,34.5,220,275,324,6.4e-24,105.9,0.8,0.679012
DAKCFMEO_03413,WP_046463429.1,35.3,235,275,242,6.4e-24,105.9,0.854545,0.971074
DAKCFMEO_03413,WP_004396522.1,31.8,211,275,248,1.4e-23,104.8,0.767273,0.850806
DAKCFMEO_03413,WP_011105443.1,31.9,226,275,231,1.2e-22,101.7,0.821818,0.978355
DAKCFMEO_03413,WP_005766150.1,34.3,198,275,221,6.0e-22,99.4,0.72,0.895928
DAKCFMEO_03413,WP_005740602.1,31.8,217,275,229,3.0e-21,97.1,0.789091,0.947598
DAKCFMEO_03413,WP_007246619.1,33.5,215,275,221,6.6e-21,95.9,0.781818,0.972851
DAKCFMEO_03413,WP_003383265.1,32.4,207,275,229,3.6e-19,90.1,0.752727,0.90393
DAKCFMEO_03413,WP_011104188.1,30.8,195,275,220,1.8e-18,87.8,0.709091,0.886364
DAKCFMEO_03413,WP_003380046.1,30.7,199,275,221,3.1e-18,87.0,0.723636,0.900452
DAKCFMEO_03413,WP_011104269.1,30.0,207,275,246,1.1e-12,68.6,0.752727,0.841463
DAKCFMEO_03414,WP_005768817.1,95.8,95,95,95,4.4e-49,188.0,1,1
DAKCFMEO_03415,WP_005768818.1,82.9,164,164,164,2.4e-74,272.7,1,1
DAKCFMEO_03416,WP_005768820.1,98.4,185,185,185,9.1e-107,380.6,1,1
DAKCFMEO_03417,WP_005736551.1,99.1,212,212,212,6.7e-114,404.4,1,1
DAKCFMEO_03418,WP_005768822.1,94.3,424,425,425,4.6e-223,768.1,0.997647,0.997647
DAKCFMEO_03419,WP_005768824.1,93.8,340,340,340,1.4e-193,669.8,1,1
DAKCFMEO_03420,WP_011103436.1,85.7,300,300,300,2.4e-157,549.3,1,1
DAKCFMEO_03421,WP_005768828.1,91.5,328,328,328,5.8e-181,627.9,1,1
DAKCFMEO_03422,WP_005768830.1,90.1,71,71,71,8.8e-34,136.7,1,1
DAKCFMEO_03423,WP_005768832.1,92.4,317,320,318,2.0e-178,619.4,0.990625,0.996855
DAKCFMEO_03424,WP_005768834.1,88.1,302,300,302,1.3e-155,543.5,1.00667,1
DAKCFMEO_03425,WP_005768836.1,85.7,476,482,482,5.4e-252,864.4,0.987552,0.987552
DAKCFMEO_03426,WP_005736559.1,85.0,140,141,140,1.4e-70,260.0,0.992908,1
DAKCFMEO_03427,WP_005768839.1,86.5,266,266,262,1.4e-124,440.3,1,1.01527
DAKCFMEO_03427,WP_011103477.1,33.1,175,266,272,6.0e-11,62.8,0.657895,0.643382
DAKCFMEO_03428,WP_005768840.1,91.1,415,415,415,2.6e-234,805.4,1,1
DAKCFMEO_03429,WP_005768843.1,90.6,266,266,266,2.7e-144,505.8,1,1
DAKCFMEO_03430,WP_011103434.1,92.2,422,422,422,7.3e-229,787.3,1,1
DAKCFMEO_03431,WP_011103433.1,80.5,169,170,167,5.8e-76,278.1,0.994118,1.01198
DAKCFMEO_03432,WP_086000462.1,89.9,99,119,99,1.2e-51,196.8,0.831933,1
DAKCFMEO_03433,WP_005768852.1,94.8,135,172,135,1.1e-77,283.9,0.784884,1
DAKCFMEO_03434,WP_005768855.1,85.6,263,271,275,8.0e-128,451.1,0.97048,0.956364
DAKCFMEO_03435,WP_161797790.1,88.7,256,259,256,2.9e-127,449.1,0.988417,1
DAKCFMEO_03436,WP_011103431.1,88.1,277,277,277,8.4e-141,494.2,1,1
DAKCFMEO_03437,WP_011103430.1,95.0,360,360,360,3.2e-193,668.7,1,1
DAKCFMEO_03437,WP_096059895.1,38.1,336,360,364,1.8e-50,194.5,0.933333,0.923077
DAKCFMEO_03438,WP_005615192.1,96.9,425,425,425,2.7e-223,768.8,1,1
DAKCFMEO_03439,WP_011103429.1,82.9,556,556,575,8.2e-220,757.7,1,0.966957
DAKCFMEO_03440,WP_005768866.1,95.6,205,205,205,1.3e-117,416.8,1,1
DAKCFMEO_03441,WP_005768868.1,94.6,278,282,282,7.5e-153,534.3,0.985816,0.985816
DAKCFMEO_03443,WP_002552145.1,100.0,310,310,313,5.5e-173,601.3,1,0.990415
DAKCFMEO_03444,WP_005768871.1,86.8,204,204,203,3.8e-98,352.1,1,1.00493
DAKCFMEO_03445,WP_011103428.1,97.9,194,194,194,1.9e-110,392.9,1,1
DAKCFMEO_03446,WP_005768873.1,97.5,366,366,366,1.8e-207,716.1,1,1
DAKCFMEO_03447,WP_005771402.1,92.7,357,366,357,1.0e-202,700.3,0.97541,1
DAKCFMEO_03447,WP_011105467.1,71.7,346,366,360,3.7e-152,532.3,0.945355,0.961111
DAKCFMEO_03447,WP_011103232.1,30.7,257,366,309,3.6e-22,100.5,0.702186,0.831715
DAKCFMEO_03448,WP_005771401.1,90.7,301,301,301,5.0e-155,541.6,1,1
DAKCFMEO_03449,WP_011103413.1,96.3,296,296,296,3.0e-168,585.5,1,1
DAKCFMEO_03450,WP_007244127.1,75.7,300,302,309,2.8e-137,482.6,0.993377,0.970874
DAKCFMEO_03450,WP_005771387.1,30.4,247,302,299,2.0e-23,104.4,0.817881,0.826087
DAKCFMEO_03451,WP_005771397.1,86.2,181,181,181,5.2e-91,328.2,1,1
DAKCFMEO_03451,WP_007246576.1,66.3,181,181,181,8.7e-70,257.7,1,1
DAKCFMEO_03452,WP_007244130.1,93.8,275,275,275,1.0e-130,460.7,1,1
DAKCFMEO_03453,WP_011103412.1,86.1,454,455,454,3.7e-226,778.5,0.997802,1
DAKCFMEO_03454,WP_011103411.1,76.2,1614,1608,1561,0.0e+00,2139.8,1.00373,1.03395
DAKCFMEO_03455,WP_011104695.1,37.7,610,619,618,1.8e-95,344.7,0.98546,0.987055
DAKCFMEO_03456,WP_005771392.1,87.1,364,369,367,2.8e-184,639.0,0.98645,0.991826
DAKCFMEO_03456,WP_011104557.1,30.1,335,369,373,7.0e-26,112.8,0.907859,0.898123
DAKCFMEO_03457,WP_005771391.1,93.6,314,314,316,1.4e-171,596.7,1,0.993671
DAKCFMEO_03458,WP_005771390.1,92.1,316,316,316,5.4e-160,558.1,1,1
DAKCFMEO_03459,WP_005771389.1,82.9,129,133,133,1.2e-52,200.3,0.969925,0.969925
DAKCFMEO_03462,WP_005771387.1,73.6,299,325,299,3.2e-131,462.6,0.92,1
DAKCFMEO_03463,WP_011103405.1,79.4,612,685,685,1.0e-240,827.4,0.893431,0.893431
DAKCFMEO_03464,WP_011103404.1,64.5,369,376,373,2.5e-127,449.9,0.981383,0.989276
DAKCFMEO_03466,WP_011104672.1,69.7,544,548,546,7.0e-139,488.8,0.992701,0.996337
DAKCFMEO_03466,WP_011105087.1,37.4,492,548,539,1.0e-12,69.7,0.89781,0.912801
DAKCFMEO_03467,WP_010204046.1,73.4,395,398,398,9.9e-159,554.3,0.992462,0.992462
DAKCFMEO_03468,WP_005771495.1,77.1,140,144,145,5.1e-65,241.5,0.972222,0.965517
DAKCFMEO_03469,WP_011104616.1,56.0,546,546,546,6.8e-102,365.9,1,1
DAKCFMEO_03469,WP_011105087.1,40.7,545,546,539,3.4e-53,204.1,0.998168,1.01113
DAKCFMEO_03469,WP_011103145.1,37.0,540,546,541,3.2e-51,197.6,0.989011,0.998152
DAKCFMEO_03469,WP_011104615.1,39.6,541,546,542,5.5e-51,196.8,0.990842,0.998155
DAKCFMEO_03469,WP_005771505.1,30.1,544,546,541,2.1e-50,194.9,0.996337,1.00555
DAKCFMEO_03469,WP_011104479.1,31.6,541,546,542,8.2e-47,183.0,0.990842,0.998155
DAKCFMEO_03469,WP_005764624.1,30.0,540,546,542,2.6e-45,177.9,0.989011,0.99631
DAKCFMEO_03469,WP_011105575.1,34.5,539,546,541,2.5e-43,171.4,0.987179,0.996303
DAKCFMEO_03470,WP_011103382.1,83.2,661,669,671,0.0e+00,1160.2,0.988042,0.985097
DAKCFMEO_03471,WP_003380309.1,96.2,239,239,239,1.6e-132,466.5,1,1
DAKCFMEO_03472,WP_005771500.1,85.9,405,402,407,4.0e-184,638.6,1.00746,0.995086
DAKCFMEO_03472,WP_011103633.1,30.0,387,402,405,3.1e-43,170.6,0.962687,0.955556
DAKCFMEO_03473,WP_011105006.1,67.9,137,147,150,7.1e-54,204.5,0.931973,0.913333
DAKCFMEO_03474,WP_032606961.1,72.6,113,161,114,2.5e-28,119.8,0.701863,0.991228
DAKCFMEO_03475,WP_011103380.1,83.3,216,219,219,1.1e-103,370.5,0.986301,0.986301
DAKCFMEO_03476,WP_005771505.1,80.6,541,557,541,4.4e-221,761.9,0.971275,1
DAKCFMEO_03476,WP_011104479.1,39.1,542,557,542,7.3e-75,276.2,0.97307,1
DAKCFMEO_03476,WP_005764624.1,38.6,542,557,542,2.3e-73,271.2,0.97307,1
DAKCFMEO_03476,WP_011103145.1,44.3,544,557,541,3.9e-68,253.8,0.976661,1.00555
DAKCFMEO_03476,WP_011105048.1,41.5,544,557,541,5.6e-67,250.0,0.976661,1.00555
DAKCFMEO_03476,WP_011105575.1,41.3,538,557,541,2.3e-65,244.6,0.965889,0.994455
DAKCFMEO_03476,WP_011104615.1,38.0,542,557,542,3.6e-58,220.7,0.97307,1
DAKCFMEO_03476,WP_011105087.1,41.1,538,557,539,1.7e-55,211.8,0.965889,0.998145
DAKCFMEO_03476,WP_005767285.1,36.8,546,557,541,1.1e-54,209.1,0.980251,1.00924
DAKCFMEO_03476,WP_011104616.1,40.7,553,557,546,8.9e-41,162.9,0.992819,1.01282
DAKCFMEO_03477,WP_003380298.1,96.2,212,212,212,8.8e-122,430.6,1,1
DAKCFMEO_03477,WP_003380033.1,30.3,208,212,246,4.8e-19,89.4,0.981132,0.845528
DAKCFMEO_03478,WP_005771507.1,80.7,135,135,135,4.3e-58,218.4,1,1
DAKCFMEO_03479,WP_003380294.1,92.7,151,150,151,3.4e-80,292.0,1.00667,1
DAKCFMEO_03480,WP_005771509.1,79.2,269,269,267,2.8e-117,416.0,1,1.00749
DAKCFMEO_03481,WP_011103378.1,95.5,425,425,425,5.3e-227,781.2,1,1
DAKCFMEO_03482,WP_003380289.1,96.9,229,233,235,6.0e-124,438.0,0.982833,0.974468
DAKCFMEO_03483,WP_011103377.1,96.9,939,939,939,0.0e+00,1697.9,1,1
DAKCFMEO_03487,WP_011103219.1,76.2,319,319,319,8.8e-142,497.7,1,1
DAKCFMEO_03488,WP_005768914.1,76.2,248,249,249,5.3e-110,391.7,0.995984,0.995984
DAKCFMEO_03489,WP_005768916.1,79.6,142,142,142,5.2e-62,231.5,1,1
DAKCFMEO_03494,WP_005768918.1,95.1,122,122,122,6.7e-50,191.0,1,1
DAKCFMEO_03495,WP_003317113.1,100.0,177,177,177,5.4e-101,361.3,1,1
DAKCFMEO_03496,WP_002555500.1,97.9,143,143,143,3.9e-73,268.5,1,1
DAKCFMEO_03497,WP_003317112.1,97.0,231,231,231,8.1e-121,427.6,1,1
DAKCFMEO_03498,WP_004397081.1,98.2,166,166,166,1.3e-80,293.5,1,1
DAKCFMEO_03499,WP_005768921.1,82.6,121,121,121,2.1e-43,169.5,1,1
DAKCFMEO_03500,WP_011103220.1,99.1,1357,1357,1357,0.0e+00,2646.3,1,1
DAKCFMEO_03501,WP_004397078.1,99.6,1399,1399,1399,0.0e+00,2727.2,1,1
DAKCFMEO_03502,WP_002555494.1,100.0,123,123,123,1.6e-67,249.6,1,1
DAKCFMEO_03503,WP_004397077.1,99.4,156,156,156,3.8e-82,298.5,1,1
DAKCFMEO_03504,WP_005768927.1,98.7,701,701,701,0.0e+00,1375.9,1,1
DAKCFMEO_03505,WP_007245455.1,94.7,397,397,397,4.1e-221,761.5,1,1
DAKCFMEO_03506,WP_002555491.1,99.0,103,103,103,2.1e-52,199.1,1,1
DAKCFMEO_03507,WP_004397052.1,98.6,211,211,211,1.6e-115,409.8,1,1
DAKCFMEO_03508,WP_002555489.1,98.0,200,200,200,2.9e-106,379.0,1,1
DAKCFMEO_03509,WP_002555488.1,100.0,99,99,99,9.3e-50,190.3,1,1
DAKCFMEO_03510,WP_004397049.1,98.9,274,274,274,5.9e-155,541.2,1,1
DAKCFMEO_03511,WP_004883670.1,100.0,91,91,91,9.5e-49,186.8,1,1
DAKCFMEO_03512,WP_002555485.1,100.0,110,110,110,2.0e-53,202.6,1,1
DAKCFMEO_03513,WP_003176422.1,100.0,228,228,228,3.0e-128,452.2,1,1
DAKCFMEO_03514,WP_002555482.1,100.0,137,137,137,8.3e-73,267.3,1,1
DAKCFMEO_03515,WP_002555481.1,100.0,63,63,63,2.9e-28,118.2,1,1
DAKCFMEO_03516,WP_002555480.1,100.0,88,88,88,4.7e-45,174.5,1,1
DAKCFMEO_03517,WP_002555479.1,100.0,122,122,122,6.3e-64,237.7,1,1
DAKCFMEO_03518,WP_002555478.1,100.0,104,104,104,5.0e-54,204.5,1,1
DAKCFMEO_03519,WP_005768935.1,98.3,179,179,179,8.2e-97,347.4,1,1
DAKCFMEO_03520,WP_002555476.1,100.0,101,101,101,2.3e-51,195.7,1,1
DAKCFMEO_03521,WP_002555475.1,98.5,130,130,130,9.3e-66,243.8,1,1
DAKCFMEO_03522,WP_005768939.1,98.9,177,177,177,4.2e-93,335.1,1,1
DAKCFMEO_03523,WP_002555473.1,100.0,116,116,116,3.2e-57,215.3,1,1
DAKCFMEO_03524,WP_003317099.1,98.8,166,166,166,1.1e-87,317.0,1,1
DAKCFMEO_03525,WP_002555471.1,98.3,58,58,58,9.0e-29,119.8,1,1
DAKCFMEO_03526,WP_002555470.1,98.6,144,144,144,3.9e-73,268.5,1,1
DAKCFMEO_03527,WP_002555469.1,99.8,444,444,444,4.1e-246,844.7,1,1
DAKCFMEO_03528,WP_002555467.1,99.2,118,118,118,5.7e-62,231.1,1,1
DAKCFMEO_03529,WP_002555466.1,100.0,129,129,129,2.1e-70,259.2,1,1
DAKCFMEO_03530,WP_002555465.1,100.0,206,206,206,1.7e-114,406.4,1,1
DAKCFMEO_03531,WP_002555464.1,99.7,333,333,333,1.5e-184,639.8,1,1
DAKCFMEO_03532,WP_004397026.1,99.2,128,128,128,4.9e-67,248.1,1,1
DAKCFMEO_03533,WP_046463487.1,44.6,473,481,501,4.3e-116,412.9,0.983368,0.944112
DAKCFMEO_03533,WP_011105396.1,41.4,471,481,716,4.6e-102,366.3,0.97921,0.657821
DAKCFMEO_03534,WP_005614296.1,95.5,154,154,154,6.2e-85,307.8,1,1
DAKCFMEO_03534,WP_002554851.1,42.9,154,154,156,1.7e-26,113.6,1,0.987179
DAKCFMEO_03535,WP_005768946.1,98.2,944,944,944,0.0e+00,1867.4,1,1
DAKCFMEO_03536,WP_005768949.1,94.0,464,464,464,1.2e-240,826.6,1,1
DAKCFMEO_03537,WP_003426596.1,94.8,134,184,189,3.7e-68,252.3,0.728261,0.708995
DAKCFMEO_03538,WP_005767796.1,80.2,359,363,360,1.1e-169,590.5,0.988981,0.997222
DAKCFMEO_03538,WP_011104372.1,53.4,354,363,367,3.4e-105,376.3,0.975207,0.964578
DAKCFMEO_03538,WP_011104980.1,50.8,354,363,349,2.5e-92,333.6,0.975207,1.01433
DAKCFMEO_03538,WP_011104924.1,42.1,368,363,368,8.9e-74,271.9,1.01377,1
DAKCFMEO_03538,WP_011103456.1,41.6,226,363,367,4.3e-44,173.3,0.62259,0.615804
DAKCFMEO_03538,WP_011104374.1,34.5,351,363,365,1.2e-41,165.2,0.966942,0.961644
DAKCFMEO_03538,WP_011103575.1,34.5,226,363,368,3.7e-27,117.1,0.62259,0.61413
DAKCFMEO_03539,WP_011103224.1,68.4,247,251,247,2.7e-101,362.8,0.984064,1
DAKCFMEO_03539,WP_003380594.1,31.0,229,251,271,1.9e-22,100.9,0.912351,0.845018
DAKCFMEO_03540,WP_005768957.1,78.7,253,253,253,1.3e-111,397.1,1,1
DAKCFMEO_03540,WP_003383089.1,30.7,238,253,240,6.5e-23,102.4,0.940711,0.991667
DAKCFMEO_03541,WP_005768959.1,78.6,370,372,368,9.2e-167,580.9,0.994624,1.00543
DAKCFMEO_03541,WP_011103331.1,49.2,315,372,381,4.0e-77,283.1,0.846774,0.826772
DAKCFMEO_03541,WP_005764049.1,41.8,359,372,386,1.1e-71,265.0,0.965054,0.930052
DAKCFMEO_03541,WP_005768050.1,38.7,318,372,374,6.4e-59,222.6,0.854839,0.850267
DAKCFMEO_03541,WP_011104057.1,41.6,286,372,342,1.1e-58,221.9,0.768817,0.836257
DAKCFMEO_03541,WP_011103158.1,45.3,256,372,347,4.6e-57,216.5,0.688172,0.737752
DAKCFMEO_03541,WP_005762690.1,39.1,294,372,384,3.9e-56,213.4,0.790323,0.765625
DAKCFMEO_03541,WP_005770464.1,37.2,341,372,329,6.6e-56,212.6,0.916667,1.03647
DAKCFMEO_03541,WP_011104697.1,37.7,324,372,371,4.3e-55,209.9,0.870968,0.873315
DAKCFMEO_03541,WP_005737104.1,40.6,308,372,380,2.1e-54,207.6,0.827957,0.810526
DAKCFMEO_03541,WP_005740065.1,34.9,344,372,364,4.0e-53,203.4,0.924731,0.945055
DAKCFMEO_03541,WP_003380252.1,42.4,236,372,326,9.8e-52,198.7,0.634409,0.723926
DAKCFMEO_03541,WP_044390643.1,43.5,237,372,356,3.9e-48,186.8,0.637097,0.66573
DAKCFMEO_03541,WP_005737152.1,36.4,258,372,257,2.3e-37,151.0,0.693548,1.00389
DAKCFMEO_03541,WP_011104117.1,36.0,239,372,278,2.9e-35,144.1,0.642473,0.859712
DAKCFMEO_03541,WP_011104329.1,36.1,252,372,261,1.9e-34,141.4,0.677419,0.965517
DAKCFMEO_03541,WP_005768429.1,35.4,240,372,244,3.5e-33,137.1,0.645161,0.983607
DAKCFMEO_03541,WP_007246637.1,33.1,248,372,254,6.0e-33,136.3,0.666667,0.976378
DAKCFMEO_03542,WP_005768960.1,91.6,297,297,297,1.5e-148,520.0,1,1
DAKCFMEO_03542,WP_007246155.1,32.3,288,297,280,1.1e-24,108.6,0.969697,1.02857
DAKCFMEO_03543,WP_005768962.1,84.1,296,297,297,1.9e-138,486.5,0.996633,0.996633
DAKCFMEO_03543,WP_005769959.1,30.5,282,297,320,6.1e-20,92.8,0.949495,0.88125
DAKCFMEO_03544,WP_011103225.1,67.6,435,436,478,4.2e-171,595.5,0.997706,0.910042
DAKCFMEO_03545,WP_005768966.1,86.7,376,404,376,1.1e-194,673.7,0.930693,1
DAKCFMEO_03546,WP_011103229.1,90.0,768,762,768,0.0e+00,1393.3,1.00787,1
DAKCFMEO_03548,WP_011103980.1,31.9,251,244,254,1.4e-25,111.3,1.02869,0.988189
DAKCFMEO_03548,WP_011103118.1,31.5,251,244,257,1.8e-25,110.9,1.02869,0.976654
DAKCFMEO_03548,WP_011104354.1,32.6,242,244,243,5.1e-25,109.4,0.991803,0.995885
DAKCFMEO_03548,WP_005764783.1,31.8,258,244,253,4.4e-24,106.3,1.05738,1.01976
DAKCFMEO_03548,WP_005762581.1,31.5,254,244,255,3.7e-23,103.2,1.04098,0.996078
DAKCFMEO_03548,WP_005764784.1,32.4,238,244,249,1.8e-22,100.9,0.97541,0.955823
DAKCFMEO_03548,WP_007246009.1,32.6,258,244,286,2.4e-22,100.5,1.05738,0.902098
DAKCFMEO_03548,WP_011103979.1,30.0,257,244,266,5.3e-22,99.4,1.05328,0.966165
DAKCFMEO_03548,WP_005619926.1,30.9,256,244,244,8.5e-20,92.0,1.04918,1.04918
DAKCFMEO_03548,WP_011104035.1,30.1,259,244,266,2.5e-19,90.5,1.06148,0.973684
DAKCFMEO_03548,WP_161633151.1,30.2,255,244,254,1.0e-17,85.1,1.04508,1.00394
DAKCFMEO_03548,WP_005762514.1,30.0,257,244,248,2.8e-15,77.0,1.05328,1.03629
DAKCFMEO_03548,WP_011103477.1,34.6,188,244,272,1.1e-14,75.1,0.770492,0.691176
DAKCFMEO_03548,WP_011104271.1,33.9,174,244,250,2.4e-14,73.9,0.713115,0.696
DAKCFMEO_03548,WP_011103613.1,31.6,187,244,253,1.2e-13,71.6,0.766393,0.73913
DAKCFMEO_03548,WP_005614190.1,31.8,195,244,258,1.6e-13,71.2,0.79918,0.755814
DAKCFMEO_03549,WP_003382082.1,33.9,183,282,221,5.0e-24,106.3,0.648936,0.828054
DAKCFMEO_03550,WP_005768991.1,84.5,271,272,272,2.7e-139,489.2,0.996324,0.996324
DAKCFMEO_03552,WP_005768994.1,89.7,767,762,767,0.0e+00,1206.4,1.00656,1
DAKCFMEO_03553,WP_032621927.1,95.9,294,294,294,2.5e-167,582.4,1,1
DAKCFMEO_03554,WP_011103232.1,87.7,309,309,309,3.9e-155,542.0,1,1
DAKCFMEO_03554,WP_011104263.1,30.3,294,309,342,1.8e-27,117.9,0.951456,0.859649
DAKCFMEO_03554,WP_011105467.1,33.5,239,309,360,3.2e-24,107.1,0.773463,0.663889
DAKCFMEO_03554,WP_005771489.1,33.1,278,309,319,1.2e-23,105.1,0.899676,0.871473
DAKCFMEO_03556,WP_005768999.1,89.9,228,228,228,8.2e-118,417.5,1,1
DAKCFMEO_03557,WP_005769001.1,90.2,173,173,174,9.7e-87,313.9,1,0.994253
DAKCFMEO_03557,WP_005621857.1,37.2,172,173,177,4.0e-24,105.9,0.99422,0.971751
DAKCFMEO_03558,WP_005769004.1,95.0,421,421,421,3.1e-227,781.9,1,1
DAKCFMEO_03559,WP_005769006.1,94.5,236,236,236,1.5e-122,433.3,1,1
DAKCFMEO_03559,WP_011103923.1,39.0,218,236,227,1.2e-31,131.3,0.923729,0.960352
DAKCFMEO_03559,WP_003383085.1,40.2,199,236,232,1.5e-29,124.4,0.84322,0.857759
DAKCFMEO_03559,WP_011103641.1,36.2,210,236,222,2.9e-25,110.2,0.889831,0.945946
DAKCFMEO_03559,WP_005771461.1,36.3,223,236,230,2.5e-24,107.1,0.944915,0.969565
DAKCFMEO_03559,WP_011104080.1,36.5,219,236,277,7.2e-24,105.5,0.927966,0.790614
DAKCFMEO_03559,WP_011104117.1,34.7,213,236,278,7.9e-23,102.1,0.902542,0.766187
DAKCFMEO_03559,WP_011104376.1,34.4,212,236,253,1.4e-22,101.3,0.898305,0.837945
DAKCFMEO_03559,WP_005770464.1,35.1,202,236,329,8.8e-22,98.6,0.855932,0.613982
DAKCFMEO_03559,WP_007245567.1,36.5,203,236,247,1.5e-21,97.8,0.860169,0.821862
DAKCFMEO_03559,WP_005763638.1,37.2,188,236,223,2.0e-21,97.4,0.79661,0.843049
DAKCFMEO_03559,WP_003380252.1,33.8,210,236,326,4.4e-21,96.3,0.889831,0.644172
DAKCFMEO_03559,WP_007243868.1,34.7,202,236,245,1.3e-20,94.7,0.855932,0.82449
DAKCFMEO_03559,WP_005768429.1,37.3,201,236,244,4.8e-20,92.8,0.851695,0.82377
DAKCFMEO_03559,WP_005737152.1,35.7,196,236,257,1.4e-19,91.3,0.830508,0.762646
DAKCFMEO_03560,WP_011103233.1,88.2,195,195,195,2.4e-94,339.3,1,1
DAKCFMEO_03561,WP_005614373.1,67.4,138,140,140,1.6e-55,209.9,0.985714,0.985714
DAKCFMEO_03562,WP_005769010.1,79.5,117,117,118,5.5e-49,188.0,1,0.991525
DAKCFMEO_03563,WP_003379146.1,93.4,290,290,290,6.5e-152,531.2,1,1
DAKCFMEO_03564,WP_011103234.1,85.3,217,218,217,7.7e-105,374.4,0.995413,1
DAKCFMEO_03565,WP_003379143.1,89.9,149,149,149,2.2e-71,262.7,1,1
DAKCFMEO_03566,WP_003379141.1,99.4,154,165,154,6.2e-83,301.2,0.933333,1
DAKCFMEO_03567,WP_011103235.1,90.3,381,381,381,8.7e-197,680.6,1,1
DAKCFMEO_03568,WP_011103236.1,95.9,220,220,220,8.0e-118,417.5,1,1
DAKCFMEO_03569,WP_011103237.1,96.7,363,363,363,3.3e-201,695.3,1,1
DAKCFMEO_03569,WP_011104135.1,55.7,368,363,369,1.6e-110,394.0,1.01377,0.99729
DAKCFMEO_03570,WP_002555427.1,100.0,158,158,158,1.1e-81,297.0,1,1
DAKCFMEO_03570,WP_005616613.1,30.9,152,158,170,3.2e-12,66.2,0.962025,0.894118
DAKCFMEO_03571,WP_011103238.1,94.5,165,165,165,3.0e-85,308.9,1,1
DAKCFMEO_03572,WP_011103239.1,84.6,319,321,321,1.2e-151,530.4,0.993769,0.993769
DAKCFMEO_03573,WP_003379129.1,97.6,205,205,205,1.3e-114,406.8,1,1
DAKCFMEO_03574,WP_005769026.1,84.6,136,139,138,7.4e-61,227.6,0.978417,0.985507
DAKCFMEO_03575,WP_011103240.1,95.4,631,631,631,0.0e+00,1203.3,1,1
DAKCFMEO_03576,WP_007245492.1,93.6,295,295,295,5.1e-152,531.6,1,1
DAKCFMEO_03576,WP_003381308.1,32.6,218,295,322,1.7e-22,101.3,0.738983,0.677019
DAKCFMEO_03577,WP_003379121.1,96.3,81,81,81,9.6e-37,146.7,1,1
DAKCFMEO_03578,WP_011103241.1,89.4,387,388,388,2.7e-209,722.2,0.997423,0.997423
DAKCFMEO_03578,WP_011104933.1,43.2,366,388,389,2.3e-80,293.9,0.943299,0.940874
DAKCFMEO_03578,WP_005770586.1,32.8,369,388,403,1.1e-45,178.7,0.951031,0.915633
DAKCFMEO_03579,WP_005769036.1,90.7,280,280,280,1.5e-153,536.6,1,1
DAKCFMEO_03581,WP_011103353.1,40.6,207,222,206,5.2e-32,132.5,0.932432,1.00485
DAKCFMEO_03582,WP_005770134.1,87.7,244,245,243,8.0e-127,447.6,0.995918,1.00412
DAKCFMEO_03583,WP_005614429.1,97.1,175,175,175,1.7e-99,356.3,1,1
DAKCFMEO_03583,WP_003317533.1,70.5,173,175,181,4.8e-73,268.5,0.988571,0.955801
DAKCFMEO_03584,WP_011103253.1,87.3,268,270,269,1.8e-143,503.1,0.992593,0.996283
DAKCFMEO_03585,WP_005770132.1,92.0,213,215,215,3.6e-107,382.1,0.990698,0.990698
DAKCFMEO_03586,WP_024667238.1,91.4,152,153,152,1.6e-77,283.1,0.993464,1
DAKCFMEO_03587,WP_005770129.1,85.3,292,292,287,2.9e-139,489.2,1,1.01742
DAKCFMEO_03588,WP_011103255.1,97.0,464,464,464,6.6e-255,874.0,1,1
DAKCFMEO_03589,WP_011103256.1,97.8,506,506,506,3.1e-290,991.5,1,1
DAKCFMEO_03589,WP_011104137.1,39.8,492,506,493,6.8e-96,345.9,0.972332,0.997972
DAKCFMEO_03589,WP_011102988.1,39.6,485,506,497,2.3e-91,330.9,0.958498,0.975855
DAKCFMEO_03589,WP_011103748.1,37.3,493,506,505,3.4e-87,317.0,0.974308,0.976238
DAKCFMEO_03589,WP_011104361.1,37.6,482,506,505,8.3e-86,312.4,0.952569,0.954455
DAKCFMEO_03589,WP_005763655.1,37.1,480,506,490,7.0e-85,309.3,0.948617,0.979592
DAKCFMEO_03589,WP_011104646.1,36.1,476,506,491,4.7e-73,270.0,0.940711,0.96945
DAKCFMEO_03589,WP_011103085.1,33.9,487,506,480,2.4e-69,257.7,0.962451,1.01458
DAKCFMEO_03589,WP_011104140.1,33.3,475,506,476,1.0e-59,225.7,0.938735,0.997899
DAKCFMEO_03589,WP_011103053.1,32.1,477,506,485,2.3e-59,224.6,0.942688,0.983505
DAKCFMEO_03589,WP_011104290.1,31.5,480,506,482,1.9e-58,221.5,0.948617,0.995851
DAKCFMEO_03589,WP_005764523.1,30.8,448,506,493,6.9e-48,186.4,0.885375,0.908722
DAKCFMEO_03590,WP_005770120.1,93.3,449,449,449,9.5e-251,860.1,1,1
DAKCFMEO_03590,WP_005766570.1,30.9,366,449,486,5.0e-42,166.8,0.815145,0.753086
DAKCFMEO_03591,WP_003379089.1,96.2,209,209,209,3.5e-115,408.7,1,1
DAKCFMEO_03592,WP_005770118.1,83.0,94,98,94,5.1e-40,157.9,0.959184,1
DAKCFMEO_03593,WP_005770116.1,89.7,213,213,213,1.4e-106,380.2,1,1
DAKCFMEO_03594,WP_005770114.1,93.2,575,575,575,7.3e-147,515.4,1,1
DAKCFMEO_03595,WP_005770111.1,84.1,151,151,151,3.1e-73,268.9,1,1
DAKCFMEO_03596,WP_005770109.1,90.8,120,120,120,1.3e-53,203.4,1,1
DAKCFMEO_03597,WP_005770108.1,90.3,238,238,238,2.3e-115,409.5,1,1
DAKCFMEO_03598,WP_011103257.1,91.3,196,196,196,8.2e-98,350.9,1,1
DAKCFMEO_03599,WP_007244669.1,86.3,438,438,438,4.6e-218,751.5,1,1
DAKCFMEO_03600,WP_005763225.1,92.8,223,223,223,3.2e-122,432.2,1,1
DAKCFMEO_03601,WP_011105195.1,90.0,421,421,421,4.8e-212,731.5,1,1
DAKCFMEO_03602,WP_161458274.1,96.8,219,222,219,2.2e-123,436.0,0.986486,1
DAKCFMEO_03603,WP_005763231.1,90.6,128,128,128,2.0e-60,226.1,1,1
DAKCFMEO_03604,WP_003313894.1,100.0,155,155,155,6.5e-90,324.3,1,1
DAKCFMEO_03605,WP_011105194.1,96.4,631,631,631,0.0e+00,1234.9,1,1
DAKCFMEO_03605,WP_007246667.1,73.5,619,631,629,7.0e-276,944.1,0.980983,0.984102
DAKCFMEO_03606,WP_007244673.1,99.2,367,381,367,3.7e-203,701.8,0.963255,1
DAKCFMEO_03606,WP_162839066.1,30.8,367,381,403,1.1e-34,142.1,0.963255,0.91067
DAKCFMEO_03607,WP_005736753.1,96.4,335,335,335,1.5e-192,666.4,1,1
DAKCFMEO_03607,WP_011103312.1,31.0,255,335,413,1.4e-25,111.7,0.761194,0.617433
DAKCFMEO_03608,WP_007244675.1,94.4,342,341,342,1.2e-184,640.2,1.00293,1
DAKCFMEO_03610,WP_003376558.1,97.2,386,386,386,6.5e-216,744.2,1,1
DAKCFMEO_03611,WP_005763243.1,85.7,91,103,91,2.2e-41,162.5,0.883495,1
DAKCFMEO_03612,WP_007244676.1,94.5,218,218,218,4.9e-120,424.9,1,1
DAKCFMEO_03613,WP_005763246.1,97.0,335,335,335,5.1e-193,667.9,1,1
DAKCFMEO_03614,WP_005763248.1,95.5,442,442,445,3.4e-245,841.6,1,0.993258
DAKCFMEO_03614,WP_011103312.1,48.1,405,442,413,6.1e-101,362.5,0.91629,0.98063
DAKCFMEO_03615,WP_003376569.1,92.2,51,51,51,3.0e-20,91.3,1,1
DAKCFMEO_03616,WP_005763127.1,86.5,237,238,246,1.9e-120,426.4,0.995798,0.963415
DAKCFMEO_03617,WP_007244641.1,90.7,364,370,370,1.4e-186,646.7,0.983784,0.983784
DAKCFMEO_03618,WP_005763130.1,92.5,400,400,400,4.8e-222,764.6,1,1
DAKCFMEO_03619,WP_011105216.1,78.4,445,447,476,1.9e-195,676.4,0.995526,0.934874
DAKCFMEO_03620,WP_005763134.1,98.1,208,208,208,1.1e-111,397.1,1,1
DAKCFMEO_03621,WP_005763136.1,97.1,243,244,243,1.0e-134,473.8,0.995902,1
DAKCFMEO_03621,WP_011104407.1,31.3,217,244,249,7.7e-13,68.9,0.889344,0.871486
DAKCFMEO_03622,WP_011105215.1,87.6,565,564,567,6.9e-283,967.2,1.00177,0.996473
DAKCFMEO_03626,WP_005763150.1,94.9,197,198,198,2.0e-99,356.3,0.994949,0.994949
DAKCFMEO_03627,WP_007244646.1,89.8,929,929,929,0.0e+00,1627.1,1,1
DAKCFMEO_03628,WP_011105210.1,94.4,431,431,431,2.0e-237,815.8,1,1
DAKCFMEO_03629,WP_011105209.1,96.1,534,534,534,3.0e-296,1011.5,1,1
DAKCFMEO_03630,WP_002555375.1,100.0,106,106,106,5.1e-54,204.5,1,1
DAKCFMEO_03631,WP_005763161.1,94.4,337,337,337,1.1e-182,633.6,1,1
DAKCFMEO_03631,WP_005769670.1,33.7,258,337,317,1.1e-28,122.1,0.765579,0.81388
DAKCFMEO_03632,WP_011105208.1,68.5,467,452,453,2.5e-166,579.7,1.03319,1.03091
DAKCFMEO_03633,WP_007244650.1,92.5,292,292,292,6.8e-157,547.7,1,1
DAKCFMEO_03634,WP_007244651.1,96.4,447,447,447,2.7e-250,858.6,1,1
DAKCFMEO_03634,WP_011104273.1,61.3,444,447,450,1.1e-155,544.3,0.993289,0.986667
DAKCFMEO_03634,WP_011105540.1,45.7,442,447,471,3.5e-112,399.8,0.988814,0.938429
DAKCFMEO_03634,WP_011104163.1,46.6,442,447,649,9.5e-110,391.7,0.988814,0.681048
DAKCFMEO_03634,WP_011105457.1,44.8,455,447,579,2.7e-104,373.6,1.0179,0.785838
DAKCFMEO_03635,WP_002555370.1,93.4,152,152,151,4.1e-57,215.3,1,1.00662
DAKCFMEO_03635,WP_005764289.1,31.8,151,152,145,3.3e-14,72.8,0.993421,1.04138
DAKCFMEO_03636,WP_002555369.1,96.0,150,150,150,1.2e-80,293.5,1,1
DAKCFMEO_03637,WP_011105207.1,86.3,593,594,604,4.9e-295,1007.7,0.998316,0.981788
DAKCFMEO_03639,WP_011105206.1,76.0,250,242,250,3.2e-96,345.9,1.03306,1
DAKCFMEO_03640,WP_005763178.1,80.5,293,294,294,2.0e-124,439.9,0.996599,0.996599
DAKCFMEO_03641,WP_007244655.1,71.9,295,294,295,3.8e-115,409.1,1.0034,1
DAKCFMEO_03642,WP_005763182.1,93.8,418,418,418,1.7e-225,776.2,1,1
DAKCFMEO_03643,WP_007244656.1,90.9,396,396,396,1.1e-202,700.3,1,1
DAKCFMEO_03644,WP_005763186.1,85.0,419,416,419,1.3e-198,686.8,1.00721,1
DAKCFMEO_03646,WP_005763190.1,53.2,62,63,68,7.1e-11,60.5,0.984127,0.911765
DAKCFMEO_03647,WP_005763193.1,94.1,135,135,135,1.1e-69,256.9,1,1
DAKCFMEO_03647,WP_005763705.1,40.7,113,135,148,4.9e-17,82.0,0.837037,0.763514
DAKCFMEO_03649,WP_011105204.1,93.0,775,789,782,0.0e+00,1468.8,0.982256,0.991049
DAKCFMEO_03650,WP_002555356.1,99.0,97,97,97,1.7e-48,186.0,1,1
DAKCFMEO_03651,WP_011105203.1,92.2,1649,1648,1649,0.0e+00,3040.0,1.00061,1
DAKCFMEO_03652,WP_007244661.1,90.8,444,446,446,4.0e-225,775.0,0.995516,0.995516
DAKCFMEO_03653,WP_046463551.1,68.8,282,298,300,7.0e-117,414.8,0.946309,0.94
DAKCFMEO_03654,WP_011105476.1,30.4,451,472,678,1.1e-47,185.7,0.955508,0.665192
DAKCFMEO_03654,WP_011105496.1,30.5,452,472,680,7.8e-46,179.5,0.957627,0.664706
DAKCFMEO_03655,WP_005763203.1,98.0,637,637,637,0.0e+00,1248.8,1,1
DAKCFMEO_03656,WP_011105201.1,91.9,123,123,123,3.5e-62,231.9,1,1
DAKCFMEO_03657,WP_007244663.1,83.9,180,181,180,6.2e-84,304.7,0.994475,1
DAKCFMEO_03658,WP_011105200.1,95.8,359,359,359,7.4e-198,684.1,1,1
DAKCFMEO_03659,WP_011105198.1,90.5,550,551,551,1.9e-293,1002.3,0.998185,0.998185
DAKCFMEO_03660,WP_005763213.1,74.4,254,258,260,8.8e-100,357.8,0.984496,0.976923
DAKCFMEO_03661,WP_005763215.1,62.6,155,156,156,6.6e-50,191.4,0.99359,0.99359
DAKCFMEO_03662,WP_005763217.1,76.2,151,151,151,2.9e-58,219.2,1,1
DAKCFMEO_03663,WP_046463552.1,87.4,922,922,922,0.0e+00,1660.2,1,1
DAKCFMEO_03664,WP_011105196.1,73.0,674,674,672,1.2e-262,900.2,1,1.00298
DAKCFMEO_03665,WP_011103258.1,81.3,187,187,187,7.8e-90,324.3,1,1
DAKCFMEO_03665,WP_011103259.1,30.8,169,187,212,7.0e-14,72.0,0.903743,0.79717
DAKCFMEO_03666,WP_011103259.1,78.8,212,207,212,1.3e-90,327.0,1.02415,1
DAKCFMEO_03667,WP_046463383.1,90.8,249,249,249,8.1e-135,474.2,1,1
DAKCFMEO_03668,WP_005770099.1,90.1,101,101,101,4.0e-48,184.9,1,1
DAKCFMEO_03669,WP_011103261.1,74.4,285,285,285,1.9e-127,449.9,1,1
DAKCFMEO_03670,WP_011103262.1,87.4,451,451,451,2.3e-228,785.8,1,1
DAKCFMEO_03671,WP_011103263.1,93.4,425,425,425,9.6e-229,786.9,1,1
DAKCFMEO_03671,WP_011103367.1,31.1,431,425,392,2.7e-37,151.0,1.01412,1.09949
DAKCFMEO_03672,WP_005614458.1,77.2,92,92,92,3.9e-34,138.3,1,1
DAKCFMEO_03673,WP_005770090.1,75.8,483,483,465,3.5e-211,728.8,1,1.03871
DAKCFMEO_03674,WP_046463386.1,93.0,342,342,366,5.3e-177,614.8,1,0.934426
DAKCFMEO_03676,WP_005770085.1,98.9,272,298,298,5.7e-151,528.1,0.912752,0.912752
DAKCFMEO_03677,WP_005770083.1,90.2,133,133,133,1.9e-66,246.1,1,1
DAKCFMEO_03677,WP_003425026.1,36.9,141,133,144,2.7e-20,92.8,1.06015,0.979167
DAKCFMEO_03677,WP_011105578.1,35.5,141,133,144,4.6e-20,92.0,1.06015,0.979167
DAKCFMEO_03677,WP_005768479.1,36.9,130,133,148,4.3e-18,85.5,0.977444,0.878378
DAKCFMEO_03678,WP_005770081.1,86.2,731,732,732,0.0e+00,1216.8,0.998634,0.998634
DAKCFMEO_03678,WP_005766952.1,35.2,735,732,823,1.6e-93,338.6,1.0041,0.893074
DAKCFMEO_03678,WP_011105404.1,35.6,716,732,752,6.6e-92,333.2,0.978142,0.952128
DAKCFMEO_03678,WP_005768304.1,34.1,508,732,641,4.0e-57,217.6,0.693989,0.792512
DAKCFMEO_03678,WP_161797773.1,30.4,546,732,693,5.8e-40,160.6,0.745902,0.787879
DAKCFMEO_03679,WP_005770079.1,82.5,126,126,126,1.6e-54,206.5,1,1
DAKCFMEO_03680,WP_005770077.1,83.1,65,65,65,8.9e-25,106.7,1,1
DAKCFMEO_03681,WP_005770075.1,91.2,398,398,398,2.3e-200,692.6,1,1
DAKCFMEO_03682,WP_005770073.1,89.9,337,337,337,1.6e-173,603.2,1,1
DAKCFMEO_03683,WP_011103267.1,88.0,301,301,307,8.3e-150,524.2,1,0.980456
DAKCFMEO_03683,WP_011104375.1,31.4,299,301,307,5.5e-37,149.4,0.993355,0.973941
DAKCFMEO_03683,WP_005765268.1,35.3,292,301,294,7.2e-37,149.1,0.9701,0.993197
DAKCFMEO_03683,WP_007246000.1,32.9,289,301,301,2.1e-36,147.5,0.960133,0.960133
DAKCFMEO_03683,WP_007245106.1,33.1,290,301,301,2.7e-36,147.1,0.963455,0.963455
DAKCFMEO_03683,WP_011103634.1,32.5,295,301,302,8.3e-33,135.6,0.980066,0.976821
DAKCFMEO_03683,WP_005771227.1,31.6,291,301,294,4.5e-31,129.8,0.966777,0.989796
DAKCFMEO_03683,WP_005617775.1,32.0,272,301,301,1.5e-29,124.8,0.903654,0.903654
DAKCFMEO_03683,WP_011104172.1,30.2,298,301,305,1.6e-28,121.3,0.990033,0.977049
DAKCFMEO_03683,WP_011104418.1,30.1,296,301,303,2.1e-28,120.9,0.983389,0.976898
DAKCFMEO_03684,WP_005770069.1,85.7,230,230,230,2.3e-107,382.9,1,1
DAKCFMEO_03685,WP_005614495.1,96.5,317,317,317,7.8e-183,634.0,1,1
DAKCFMEO_03686,WP_011103268.1,90.0,319,322,321,2.0e-178,619.4,0.990683,0.993769
DAKCFMEO_03686,WP_011104312.1,38.3,324,322,337,1.3e-60,228.0,1.00621,0.961424
DAKCFMEO_03687,WP_005614499.1,96.7,364,364,364,3.0e-210,725.3,1,1
DAKCFMEO_03687,WP_011103525.1,38.1,360,364,369,9.6e-60,225.3,0.989011,0.97561
DAKCFMEO_03687,WP_011103449.1,33.1,362,364,363,1.2e-54,208.4,0.994505,0.997245
DAKCFMEO_03688,WP_005770064.1,92.0,263,263,263,7.7e-136,477.6,1,1
DAKCFMEO_03688,WP_005770829.1,39.7,247,263,263,1.0e-39,158.3,0.939163,0.939163
DAKCFMEO_03688,WP_011105568.1,33.9,233,263,259,2.7e-35,143.7,0.885932,0.899614
DAKCFMEO_03688,WP_011104120.1,33.5,224,263,249,1.5e-25,111.3,0.851711,0.899598
DAKCFMEO_03688,WP_011104329.1,30.4,237,263,261,3.2e-25,110.2,0.901141,0.908046
DAKCFMEO_03688,WP_003380252.1,33.5,227,263,326,4.2e-25,109.8,0.863118,0.696319
DAKCFMEO_03688,WP_011103331.1,30.7,231,263,381,1.6e-24,107.8,0.878327,0.606299
DAKCFMEO_03688,WP_007246637.1,32.1,234,263,254,2.3e-23,104.0,0.889734,0.92126
DAKCFMEO_03688,WP_011104057.1,32.9,225,263,342,5.2e-23,102.8,0.855513,0.657895
DAKCFMEO_03688,WP_011104358.1,33.3,219,263,345,2.0e-22,100.9,0.8327,0.634783
DAKCFMEO_03688,WP_007247035.1,31.0,216,263,276,2.6e-22,100.5,0.821293,0.782609
DAKCFMEO_03688,WP_007243868.1,31.0,213,263,245,1.7e-21,97.8,0.809886,0.869388
DAKCFMEO_03688,WP_044390643.1,31.8,223,263,356,1.7e-21,97.8,0.847909,0.626404
DAKCFMEO_03688,WP_002553918.1,32.3,229,263,259,4.9e-21,96.3,0.870722,0.88417
DAKCFMEO_03688,WP_005620333.1,31.7,221,263,269,1.4e-20,94.7,0.840304,0.821561
DAKCFMEO_03689,WP_011103269.1,88.5,322,322,322,2.0e-154,539.7,1,1
DAKCFMEO_03689,WP_010202134.1,37.4,273,322,329,3.7e-39,156.8,0.847826,0.829787
DAKCFMEO_03689,WP_011105570.1,33.4,341,322,346,2.2e-36,147.5,1.05901,0.985549
DAKCFMEO_03689,WP_032710978.1,33.3,327,322,340,3.8e-36,146.7,1.01553,0.961765
DAKCFMEO_03690,WP_010202134.1,95.1,324,324,329,2.0e-165,576.2,1,0.984802
DAKCFMEO_03690,WP_011103269.1,37.7,273,324,322,2.4e-38,154.1,0.842593,0.847826
DAKCFMEO_03690,WP_011105570.1,35.9,298,324,346,1.9e-35,144.4,0.919753,0.861272
DAKCFMEO_03690,WP_032710978.1,33.1,281,324,340,6.0e-29,122.9,0.867284,0.826471
DAKCFMEO_03691,WP_007245539.1,90.2,306,306,306,4.2e-157,548.5,1,1
DAKCFMEO_03692,WP_007245540.1,93.7,365,363,365,1.2e-182,633.6,1.00551,1
DAKCFMEO_03695,WP_011103270.1,94.5,451,451,451,4.3e-251,861.3,1,1
DAKCFMEO_03696,WP_046463381.1,85.0,226,227,229,2.6e-108,386.0,0.995595,0.9869
DAKCFMEO_03696,WP_011103227.1,32.5,197,227,256,3.8e-14,73.2,0.867841,0.769531
DAKCFMEO_03696,WP_007245738.1,30.6,193,227,252,2.3e-11,63.9,0.85022,0.765873
DAKCFMEO_03699,WP_005770049.1,99.4,308,308,308,8.7e-163,567.4,1,1
DAKCFMEO_03699,WP_005763952.1,37.7,289,308,306,1.7e-41,164.5,0.938312,0.944444
DAKCFMEO_03700,WP_007245542.1,97.0,366,366,366,1.4e-196,679.9,1,1
DAKCFMEO_03700,WP_005763950.1,32.6,331,366,370,7.9e-38,152.5,0.904372,0.894595
DAKCFMEO_03700,WP_005770049.1,31.0,242,366,308,1.0e-13,72.4,0.661202,0.785714
DAKCFMEO_03702,WP_011104320.1,32.5,197,236,264,4.8e-20,92.8,0.834746,0.746212
DAKCFMEO_03702,WP_011104329.1,31.1,196,236,261,4.8e-20,92.8,0.830508,0.750958
DAKCFMEO_03702,WP_011104317.1,38.9,175,236,258,6.3e-20,92.4,0.741525,0.678295
DAKCFMEO_03702,WP_003376420.1,37.0,189,236,286,1.4e-19,91.3,0.800847,0.660839
DAKCFMEO_03702,WP_005768429.1,31.9,182,236,244,1.5e-18,87.8,0.771186,0.745902
DAKCFMEO_03702,WP_011103641.1,34.4,183,236,222,2.6e-18,87.0,0.775424,0.824324
DAKCFMEO_03703,WP_007245544.1,84.7,196,197,197,4.5e-96,345.1,0.994924,0.994924
DAKCFMEO_03704,WP_005770041.1,92.3,220,220,218,1.4e-117,416.8,1,1.00917
DAKCFMEO_03704,WP_003376205.1,41.6,197,220,202,7.9e-41,161.8,0.895455,0.975248
DAKCFMEO_03704,WP_007244096.1,37.2,199,220,242,2.4e-37,150.2,0.904545,0.822314
DAKCFMEO_03705,WP_011103273.1,92.0,465,465,465,1.1e-241,830.1,1,1
DAKCFMEO_03706,WP_007245546.1,85.6,306,306,306,2.0e-151,529.6,1,1
DAKCFMEO_03707,WP_003383172.1,93.3,448,448,448,2.3e-252,865.5,1,1
DAKCFMEO_03707,WP_011105418.1,36.2,445,448,455,1.2e-75,278.5,0.993304,0.978022
DAKCFMEO_03707,WP_011103055.1,31.5,372,448,434,8.5e-42,166.0,0.830357,0.857143
DAKCFMEO_03707,WP_011103086.1,31.5,372,448,426,1.4e-39,158.7,0.830357,0.873239
DAKCFMEO_03707,WP_011104111.1,30.5,348,448,400,2.6e-38,154.5,0.776786,0.87
DAKCFMEO_03708,WP_011103274.1,95.8,497,497,497,6.5e-285,973.8,1,1
DAKCFMEO_03708,WP_011104588.1,61.5,494,497,500,3.3e-180,625.9,0.993964,0.988
DAKCFMEO_03708,WP_011103279.1,45.6,482,497,508,2.3e-125,443.7,0.969819,0.948819
DAKCFMEO_03708,WP_011104646.1,35.2,458,497,491,2.2e-62,234.6,0.921529,0.93279
DAKCFMEO_03708,WP_011104290.1,31.9,473,497,482,1.4e-58,221.9,0.95171,0.981328
DAKCFMEO_03708,WP_011102988.1,33.8,470,497,497,1.8e-56,214.9,0.945674,0.945674
DAKCFMEO_03708,WP_011103085.1,31.6,456,497,480,2.3e-56,214.5,0.917505,0.95
DAKCFMEO_03708,WP_005763655.1,30.0,474,497,490,1.5e-55,211.8,0.953722,0.967347
DAKCFMEO_03708,WP_011104361.1,30.8,448,497,505,1.0e-48,189.1,0.901408,0.887129
DAKCFMEO_03709,WP_005762572.1,94.5,164,164,164,2.8e-91,328.9,1,1
DAKCFMEO_03710,WP_004396332.1,96.4,552,552,552,0.0e+00,1095.5,1,1
DAKCFMEO_03712,WP_005762569.1,76.3,359,366,366,2.2e-157,549.7,0.980874,0.980874
DAKCFMEO_03715,WP_011104161.1,97.0,1239,1239,1239,0.0e+00,2436.4,1,1
DAKCFMEO_03716,WP_005762564.1,85.2,770,767,770,0.0e+00,1374.8,1.00391,1
DAKCFMEO_03717,WP_011104162.1,90.6,340,340,340,1.2e-181,630.2,1,1
DAKCFMEO_03718,WP_002553665.1,98.5,197,197,197,1.8e-113,402.9,1,1
DAKCFMEO_03719,WP_007243732.1,81.7,427,434,434,4.0e-206,711.8,0.983871,0.983871
DAKCFMEO_03720,WP_011104163.1,82.7,648,658,649,1.2e-307,1049.7,0.984802,0.998459
DAKCFMEO_03720,WP_011105457.1,40.3,626,658,579,9.7e-111,395.6,0.951368,1.08117
DAKCFMEO_03720,WP_011104273.1,47.3,442,658,450,9.1e-109,389.0,0.671733,0.982222
DAKCFMEO_03720,WP_011105540.1,44.4,462,658,471,1.4e-106,381.7,0.702128,0.980892
DAKCFMEO_03720,WP_007244651.1,45.2,442,658,447,7.9e-105,375.9,0.671733,0.988814
DAKCFMEO_03721,WP_011104164.1,84.2,278,277,282,4.3e-129,455.3,1.00361,0.985816
DAKCFMEO_03721,WP_005739372.1,30.9,265,277,276,2.6e-25,110.5,0.956679,0.960145
DAKCFMEO_03721,WP_011104412.1,32.0,247,277,257,3.9e-21,96.7,0.891697,0.961089
DAKCFMEO_03721,WP_011104157.1,32.4,210,277,270,3.3e-20,93.6,0.758123,0.777778
DAKCFMEO_03722,WP_005762555.1,92.9,535,535,535,7.0e-293,1000.3,1,1
DAKCFMEO_03723,WP_044389757.1,96.4,387,387,387,2.2e-219,755.7,1,1
DAKCFMEO_03723,WP_005770780.1,34.9,367,387,383,6.6e-67,249.2,0.94832,0.958225
DAKCFMEO_03723,WP_011105512.1,33.6,375,387,393,3.1e-56,213.8,0.968992,0.954198
DAKCFMEO_03724,WP_011104166.1,89.6,297,303,299,2.3e-152,532.7,0.980198,0.993311
DAKCFMEO_03725,WP_005762545.1,92.1,126,130,130,6.5e-59,221.1,0.969231,0.969231
DAKCFMEO_03726,WP_005762543.1,92.2,309,311,309,1.1e-160,560.5,0.993569,1
DAKCFMEO_03726,WP_005764458.1,30.7,300,311,304,2.7e-31,130.6,0.96463,0.986842
DAKCFMEO_03727,WP_011104167.1,94.4,409,409,409,1.1e-232,800.0,1,1
DAKCFMEO_03727,WP_005770780.1,31.8,355,409,383,2.0e-37,151.4,0.867971,0.926893
DAKCFMEO_03728,WP_046463508.1,77.7,448,448,447,1.1e-190,660.6,1,1.00224
DAKCFMEO_03729,WP_011104169.1,90.0,270,270,270,8.2e-149,520.8,1,1
DAKCFMEO_03730,WP_005762534.1,83.4,223,223,223,3.3e-111,395.6,1,1
DAKCFMEO_03731,WP_011104170.1,86.4,575,577,574,4.6e-298,1017.7,0.996534,1.00174
DAKCFMEO_03732,WP_046463502.1,84.4,1226,1226,1226,0.0e+00,2093.5,1,1
DAKCFMEO_03733,WP_011104172.1,78.7,305,305,305,8.1e-137,481.1,1,1
DAKCFMEO_03733,WP_007245106.1,37.4,297,305,301,1.9e-53,204.1,0.97377,0.986711
DAKCFMEO_03733,WP_011104938.1,36.9,293,305,307,6.4e-49,189.1,0.960656,0.954397
DAKCFMEO_03733,WP_005617775.1,32.6,301,305,301,6.8e-43,169.1,0.986885,1
DAKCFMEO_03733,WP_003377838.1,34.0,291,305,298,4.4e-42,166.4,0.954098,0.97651
DAKCFMEO_03733,WP_011104037.1,32.9,289,305,302,3.8e-41,163.3,0.947541,0.956954
DAKCFMEO_03733,WP_011103634.1,31.1,293,305,302,6.4e-41,162.5,0.960656,0.970199
DAKCFMEO_03733,WP_011104428.1,30.7,290,305,304,4.1e-40,159.8,0.95082,0.953947
DAKCFMEO_03733,WP_005771227.1,32.5,302,305,294,4.6e-39,156.4,0.990164,1.02721
DAKCFMEO_03733,WP_007246000.1,34.5,290,305,301,6.6e-38,152.5,0.95082,0.963455
DAKCFMEO_03733,WP_005615366.1,31.6,291,305,315,1.2e-36,148.3,0.954098,0.92381
DAKCFMEO_03733,WP_011104418.1,31.8,289,305,303,8.1e-36,145.6,0.947541,0.953795
DAKCFMEO_03733,WP_011104375.1,32.2,292,305,307,1.2e-34,141.7,0.957377,0.95114
DAKCFMEO_03734,WP_004396268.1,88.6,166,166,166,2.1e-78,286.2,1,1
DAKCFMEO_03735,WP_005762525.1,84.9,438,438,433,4.1e-190,658.7,1,1.01155
DAKCFMEO_03735,WP_011103503.1,32.1,340,438,388,3.1e-44,174.1,0.776256,0.876289
DAKCFMEO_03735,WP_162839068.1,35.9,359,438,383,5.8e-27,116.7,0.819635,0.937337
DAKCFMEO_03736,WP_011103502.1,48.7,1030,1036,1034,1.2e-259,891.0,0.994208,0.996132
DAKCFMEO_03736,WP_011104174.1,46.2,1025,1036,1035,1.9e-233,803.9,0.989382,0.990338
DAKCFMEO_03736,WP_011104100.1,30.1,1056,1036,1047,5.4e-108,387.1,1.01931,1.0086
DAKCFMEO_03737,WP_011104174.1,92.0,1035,1035,1035,0.0e+00,1761.5,1,1
DAKCFMEO_03737,WP_011103502.1,42.8,1022,1035,1034,7.6e-219,755.4,0.98744,0.988395
DAKCFMEO_03738,WP_011104175.1,85.0,472,472,490,1.8e-191,663.3,1,0.963265
DAKCFMEO_03739,WP_011104176.1,74.9,690,703,703,6.2e-281,961.1,0.981508,0.981508
DAKCFMEO_03739,WP_046463431.1,34.8,696,703,763,2.5e-112,401.0,0.990043,0.912189
DAKCFMEO_03739,WP_011103884.1,43.3,443,703,730,1.6e-98,355.1,0.630156,0.606849
DAKCFMEO_03739,WP_007247222.1,37.7,438,703,554,2.1e-79,291.6,0.623044,0.790614
DAKCFMEO_03740,WP_005762514.1,89.5,248,248,248,2.7e-122,432.6,1,1
DAKCFMEO_03740,WP_011104035.1,35.9,251,248,266,2.6e-32,133.7,1.0121,0.943609
DAKCFMEO_03740,WP_005771315.1,34.5,249,248,249,5.1e-28,119.4,1.00403,1
DAKCFMEO_03740,WP_007246009.1,32.1,246,248,286,5.1e-28,119.4,0.991935,0.86014
DAKCFMEO_03740,WP_011104354.1,35.4,246,248,243,8.1e-26,112.1,0.991935,1.01235
DAKCFMEO_03740,WP_005764783.1,33.7,249,248,253,2.3e-25,110.5,1.00403,0.98419
DAKCFMEO_03740,WP_005770626.1,31.4,245,248,247,2.3e-25,110.5,0.987903,0.991903
DAKCFMEO_03740,WP_005762581.1,33.3,246,248,255,1.2e-24,108.2,0.991935,0.964706
DAKCFMEO_03740,WP_005770966.1,31.6,247,248,254,9.9e-24,105.1,0.995968,0.972441
DAKCFMEO_03740,WP_011104368.1,30.6,258,248,252,3.0e-20,93.6,1.04032,1.02381
DAKCFMEO_03740,WP_005765466.1,31.2,247,248,242,1.8e-17,84.3,0.995968,1.02066
DAKCFMEO_03740,WP_005764784.1,34.9,235,248,249,5.2e-17,82.8,0.947581,0.943775
DAKCFMEO_03740,WP_005619926.1,30.8,253,248,244,3.4e-16,80.1,1.02016,1.03689
DAKCFMEO_03743,WP_007243982.1,91.1,672,673,672,0.0e+00,1307.7,0.998514,1
DAKCFMEO_03744,WP_011104178.1,91.2,1107,1108,1108,0.0e+00,2055.4,0.999097,0.999097
DAKCFMEO_03745,WP_011104179.1,88.8,738,743,741,0.0e+00,1432.5,0.993271,0.995951
DAKCFMEO_03746,WP_057443127.1,66.1,882,880,884,2.0e-212,733.8,1.00227,0.997738
DAKCFMEO_03747,WP_024666071.1,92.0,388,400,397,7.0e-197,681.0,0.97,0.97733
DAKCFMEO_03747,WP_005767725.1,54.4,397,400,399,1.2e-116,414.5,0.9925,0.994987
DAKCFMEO_03748,WP_007243977.1,84.8,375,377,377,7.6e-185,641.0,0.994695,0.994695
DAKCFMEO_03749,WP_024666072.1,95.8,529,529,529,3.5e-297,1014.6,1,1
DAKCFMEO_03749,WP_046463329.1,34.8,526,529,636,3.9e-86,313.5,0.994329,0.827044
DAKCFMEO_03749,WP_007245346.1,31.2,538,529,636,3.8e-73,270.4,1.01701,0.845912
DAKCFMEO_03749,WP_011105075.1,30.5,525,529,563,4.3e-61,230.3,0.992439,0.932504
DAKCFMEO_03751,WP_046463596.1,83.7,584,653,638,1.6e-222,766.9,0.894334,0.915361
DAKCFMEO_03752,WP_011104183.1,65.3,245,266,287,4.5e-91,328.9,0.921053,0.853659
DAKCFMEO_03754,WP_005762491.1,75.5,233,233,233,1.1e-98,354.0,1,1
DAKCFMEO_03756,WP_046463503.1,63.3,177,188,182,3.8e-60,225.7,0.941489,0.972527
DAKCFMEO_03757,WP_011105170.1,68.8,205,207,207,8.6e-82,297.7,0.990338,0.990338
DAKCFMEO_03757,WP_011104756.1,38.2,199,207,207,1.5e-38,154.1,0.961353,0.961353
DAKCFMEO_03758,WP_005762487.1,92.9,141,141,141,8.8e-78,283.9,1,1
DAKCFMEO_03759,WP_005762486.1,88.4,147,147,147,6.0e-69,254.6,1,1
DAKCFMEO_03760,WP_044389725.1,71.6,109,115,119,8.6e-39,154.1,0.947826,0.915966
DAKCFMEO_03761,WP_004396234.1,95.4,283,283,283,1.1e-156,547.0,1,1
DAKCFMEO_03761,WP_005766145.1,34.6,217,283,290,5.4e-26,112.8,0.766784,0.748276
DAKCFMEO_03762,WP_011104187.1,96.8,220,220,220,5.5e-111,394.8,1,1
DAKCFMEO_03762,WP_005766150.1,38.1,202,220,221,5.1e-32,132.5,0.918182,0.914027
DAKCFMEO_03762,WP_003381368.1,38.1,202,220,222,4.1e-29,122.9,0.918182,0.90991
DAKCFMEO_03762,WP_003380046.1,32.9,219,220,221,1.0e-27,118.2,0.995455,0.99095
DAKCFMEO_03762,WP_005768815.1,38.1,197,220,277,1.0e-27,118.2,0.895455,0.711191
DAKCFMEO_03762,WP_011105443.1,37.1,205,220,231,1.5e-23,104.4,0.931818,0.887446
DAKCFMEO_03762,WP_005740602.1,36.0,214,220,229,3.3e-23,103.2,0.972727,0.934498
DAKCFMEO_03762,WP_011104269.1,33.2,205,220,246,4.3e-23,102.8,0.931818,0.833333
DAKCFMEO_03762,WP_046463429.1,33.6,214,220,242,2.8e-22,100.1,0.972727,0.884298
DAKCFMEO_03762,WP_011104377.1,33.0,209,220,219,4.1e-21,96.3,0.95,0.954338
DAKCFMEO_03762,WP_011104270.1,36.3,212,220,233,6.9e-21,95.5,0.963636,0.909871
DAKCFMEO_03762,WP_011104330.1,31.4,226,220,324,1.0e-16,81.6,1.02727,0.697531
DAKCFMEO_03762,WP_011104116.1,31.8,223,220,244,2.3e-16,80.5,1.01364,0.913934
DAKCFMEO_03763,WP_011104188.1,95.0,220,220,220,1.6e-113,403.3,1,1
DAKCFMEO_03763,WP_011104377.1,37.1,210,220,219,4.8e-30,125.9,0.954545,0.958904
DAKCFMEO_03763,WP_046464032.1,32.4,207,220,216,3.2e-26,113.2,0.940909,0.958333
DAKCFMEO_03763,WP_046463429.1,32.7,211,220,242,2.3e-24,107.1,0.959091,0.871901
DAKCFMEO_03763,WP_003381368.1,35.9,192,220,222,5.1e-24,105.9,0.872727,0.864865
DAKCFMEO_03763,WP_011104270.1,30.6,216,220,233,5.9e-20,92.4,0.981818,0.927039
DAKCFMEO_03763,WP_005768815.1,31.3,195,220,277,1.1e-18,88.2,0.886364,0.703971
DAKCFMEO_03763,WP_004396522.1,30.8,214,220,248,1.4e-18,87.8,0.972727,0.862903
DAKCFMEO_03763,WP_005762766.1,31.9,210,220,262,2.5e-18,87.0,0.954545,0.801527
DAKCFMEO_03763,WP_005740602.1,32.4,216,220,229,3.2e-18,86.7,0.981818,0.943231
DAKCFMEO_03763,WP_011105443.1,31.1,193,220,231,9.7e-15,75.1,0.877273,0.835498
DAKCFMEO_03764,WP_005762478.1,93.9,263,263,263,4.9e-138,485.0,1,1
DAKCFMEO_03764,WP_007246637.1,55.1,247,263,254,6.3e-69,255.4,0.939163,0.972441
DAKCFMEO_03764,WP_005737152.1,51.2,250,263,257,2.2e-66,246.9,0.95057,0.972763
DAKCFMEO_03764,WP_005768429.1,52.4,246,263,244,2.2e-66,246.9,0.935361,1.0082
DAKCFMEO_03764,WP_007245567.1,52.6,251,263,247,1.9e-65,243.8,0.954373,1.01619
DAKCFMEO_03764,WP_011104329.1,48.8,248,263,261,2.3e-63,236.9,0.942966,0.950192
DAKCFMEO_03764,WP_011103716.1,48.8,246,263,254,6.7e-63,235.3,0.935361,0.968504
DAKCFMEO_03764,WP_007243868.1,49.6,250,263,245,1.5e-62,234.2,0.95057,1.02041
DAKCFMEO_03764,WP_011104117.1,50.2,249,263,278,1.9e-62,233.8,0.946768,0.895683
DAKCFMEO_03764,WP_011103489.1,48.5,262,263,254,2.5e-62,233.4,0.996198,1.0315
DAKCFMEO_03764,WP_011104376.1,47.8,251,263,253,2.8e-61,229.9,0.954373,0.992095
DAKCFMEO_03764,WP_011104895.1,47.4,251,263,244,5.5e-57,215.7,0.954373,1.02869
DAKCFMEO_03764,WP_005765582.1,40.1,232,263,376,2.2e-42,167.2,0.882129,0.617021
DAKCFMEO_03764,WP_010203924.1,37.3,252,263,335,7.2e-41,162.2,0.958175,0.752239
DAKCFMEO_03764,WP_011104057.1,35.9,248,263,342,9.7e-38,151.8,0.942966,0.725146
DAKCFMEO_03764,WP_005768959.1,37.0,254,263,368,1.3e-37,151.4,0.965779,0.690217
DAKCFMEO_03764,WP_005770464.1,37.6,250,263,329,3.7e-37,149.8,0.95057,0.759878
DAKCFMEO_03764,WP_005768050.1,36.7,251,263,374,6.3e-37,149.1,0.954373,0.671123
DAKCFMEO_03764,WP_003380252.1,34.5,249,263,326,2.7e-35,143.7,0.946768,0.763804
DAKCFMEO_03764,WP_044390643.1,34.7,251,263,356,5.9e-35,142.5,0.954373,0.705056
DAKCFMEO_03764,WP_005764049.1,34.8,253,263,386,1.3e-34,141.4,0.961977,0.65544
DAKCFMEO_03764,WP_011103331.1,35.3,252,263,381,5.5e-33,136.0,0.958175,0.661417
DAKCFMEO_03764,WP_005762690.1,33.3,252,263,384,1.2e-32,134.8,0.958175,0.65625
DAKCFMEO_03764,WP_005737104.1,33.6,250,263,380,6.1e-32,132.5,0.95057,0.657895
DAKCFMEO_03765,WP_005762476.1,93.0,128,128,128,8.0e-70,257.3,1,1
DAKCFMEO_03765,WP_011102981.1,31.8,107,128,126,8.4e-11,61.2,0.835938,0.849206
DAKCFMEO_03766,WP_005762474.1,93.3,253,260,254,4.3e-139,488.4,0.973077,0.996063
DAKCFMEO_03767,WP_005762472.1,87.6,395,401,411,4.0e-208,718.4,0.985037,0.961071
DAKCFMEO_03768,WP_011104189.1,83.3,306,306,307,9.3e-149,520.8,1,0.996743
DAKCFMEO_03769,WP_046463504.1,91.0,748,832,830,0.0e+00,1399.4,0.899038,0.901205
DAKCFMEO_03770,WP_005762465.1,88.6,88,90,88,4.7e-40,157.9,0.977778,1
DAKCFMEO_03771,WP_005762461.1,79.1,359,359,359,4.0e-175,608.6,1,1
DAKCFMEO_03771,WP_011105417.1,53.2,357,359,374,7.6e-110,391.7,0.994429,0.954545
DAKCFMEO_03771,WP_005767078.1,49.4,360,359,365,1.9e-105,377.1,1.00279,0.986301
DAKCFMEO_03772,WP_010203323.1,83.1,237,237,237,6.2e-108,384.8,1,1
DAKCFMEO_03772,WP_011105420.1,44.2,226,237,270,8.8e-46,178.3,0.953586,0.837037
DAKCFMEO_03772,WP_005767689.1,45.0,211,237,270,4.1e-43,169.5,0.890295,0.781481
DAKCFMEO_03772,WP_005770464.1,41.7,216,237,329,3.5e-34,139.8,0.911392,0.656535
DAKCFMEO_03772,WP_011105360.1,44.0,182,237,286,5.9e-34,139.0,0.767932,0.636364
DAKCFMEO_03772,WP_005767098.1,38.2,220,237,261,2.9e-33,136.7,0.92827,0.842912
DAKCFMEO_03772,WP_003380252.1,41.6,209,237,326,5.0e-33,136.0,0.881857,0.641104
DAKCFMEO_03772,WP_011103158.1,42.9,212,237,347,4.2e-32,132.9,0.894515,0.610951
DAKCFMEO_03772,WP_005768959.1,37.0,230,237,368,6.7e-30,125.6,0.970464,0.625
DAKCFMEO_03772,WP_011104376.1,37.4,211,237,253,9.7e-29,121.7,0.890295,0.833992
DAKCFMEO_03772,WP_044390643.1,37.2,218,237,356,6.3e-28,119.0,0.919831,0.61236
DAKCFMEO_03772,WP_011104057.1,38.8,214,237,342,1.1e-27,118.2,0.902954,0.625731
DAKCFMEO_03772,WP_007246818.1,33.7,243,237,260,4.1e-27,116.3,1.02532,0.934615
DAKCFMEO_03772,WP_011104329.1,34.6,240,237,261,1.6e-26,114.4,1.01266,0.91954
DAKCFMEO_03772,WP_011103641.1,34.6,211,237,222,3.5e-26,113.2,0.890295,0.95045
DAKCFMEO_03772,WP_007243868.1,38.4,203,237,245,7.7e-26,112.1,0.85654,0.828571
DAKCFMEO_03772,WP_007245567.1,36.4,206,237,247,1.7e-25,110.9,0.869198,0.834008
DAKCFMEO_03773,WP_011104191.1,85.1,281,281,282,1.0e-130,460.7,1,0.996454
DAKCFMEO_03773,WP_005767089.1,42.1,240,281,265,6.9e-50,192.2,0.854093,0.90566
DAKCFMEO_03773,WP_005767688.1,40.5,242,281,285,1.3e-43,171.4,0.86121,0.849123
DAKCFMEO_03773,WP_011105423.1,36.0,228,281,285,5.2e-37,149.4,0.811388,0.8
DAKCFMEO_03773,WP_005764735.1,35.9,195,281,271,3.6e-22,100.1,0.69395,0.719557
DAKCFMEO_03774,WP_011104192.1,81.4,334,336,336,1.9e-150,526.6,0.994048,0.994048
DAKCFMEO_03774,WP_005767090.1,30.3,310,336,321,2.3e-31,131.0,0.922619,0.965732
DAKCFMEO_03774,WP_011103995.1,31.9,313,336,324,1.4e-25,111.7,0.931548,0.966049
DAKCFMEO_03775,WP_024666082.1,85.1,228,228,228,5.3e-117,414.8,1,1
DAKCFMEO_03776,WP_011104195.1,90.3,331,331,331,7.4e-176,610.9,1,1
DAKCFMEO_03776,WP_011104281.1,35.3,312,331,335,3.0e-44,173.7,0.942598,0.931343
DAKCFMEO_03776,WP_011103110.1,33.3,330,331,345,1.8e-33,137.9,0.996979,0.956522
DAKCFMEO_03776,WP_007245876.1,30.0,310,331,287,8.5e-31,129.0,0.936556,1.08014
DAKCFMEO_03776,WP_011104034.1,32.4,352,331,345,2.6e-27,117.5,1.06344,1.02029
DAKCFMEO_03777,WP_010203307.1,93.2,205,205,205,1.7e-106,379.8,1,1
DAKCFMEO_03777,WP_002554100.1,44.6,202,205,202,1.1e-41,164.5,0.985366,1
DAKCFMEO_03778,WP_005762447.1,91.3,206,207,206,1.4e-108,386.7,0.995169,1
DAKCFMEO_03779,WP_046463506.1,86.6,471,471,471,8.4e-242,830.5,1,1
DAKCFMEO_03780,WP_011104197.1,89.3,1031,1031,1031,0.0e+00,1870.5,1,1
DAKCFMEO_03781,WP_011104198.1,94.3,282,283,283,1.7e-168,586.3,0.996466,0.996466
DAKCFMEO_03785,WP_046463531.1,81.6,299,299,299,2.7e-145,509.2,1,1
DAKCFMEO_03786,WP_011104203.1,93.1,418,419,419,1.5e-221,763.1,0.997613,0.997613
DAKCFMEO_03787,WP_011104204.1,90.9,438,436,438,3.2e-219,755.4,1.00459,1
DAKCFMEO_03787,WP_011103852.1,39.1,417,436,432,2.8e-74,273.9,0.956422,0.965278
DAKCFMEO_03787,WP_005767375.1,38.3,412,436,433,1.4e-70,261.5,0.944954,0.951501
DAKCFMEO_03787,WP_011104732.1,37.2,414,436,445,4.7e-69,256.5,0.949541,0.930337
DAKCFMEO_03787,WP_011104951.1,34.5,377,436,441,1.4e-57,218.4,0.864679,0.854875
DAKCFMEO_03787,WP_011103567.1,31.9,420,436,438,2.3e-44,174.5,0.963303,0.958904
DAKCFMEO_03787,WP_007246194.1,30.9,421,436,433,8.3e-42,166.0,0.965596,0.972286
DAKCFMEO_03788,WP_011104205.1,93.0,298,300,298,3.9e-160,558.5,0.993333,1
DAKCFMEO_03788,WP_005620804.1,32.3,294,300,301,1.1e-34,141.7,0.98,0.976744
DAKCFMEO_03788,WP_011105513.1,30.9,291,300,306,1.8e-32,134.4,0.97,0.95098
DAKCFMEO_03788,WP_005768148.1,30.5,295,300,316,1.3e-30,128.3,0.983333,0.933544
DAKCFMEO_03788,WP_005767834.1,32.2,289,300,303,5.0e-30,126.3,0.963333,0.953795
DAKCFMEO_03788,WP_011104206.1,33.2,256,300,301,3.7e-25,110.2,0.853333,0.850498
DAKCFMEO_03789,WP_011104206.1,91.7,301,301,301,4.8e-158,551.6,1,1
DAKCFMEO_03789,WP_011105513.1,40.1,292,301,306,6.1e-52,199.1,0.9701,0.954248
DAKCFMEO_03789,WP_005620804.1,37.5,299,301,301,3.6e-44,173.3,0.993355,0.993355
DAKCFMEO_03789,WP_005768142.1,35.3,258,301,318,2.2e-33,137.5,0.857143,0.811321
DAKCFMEO_03789,WP_005767834.1,31.0,297,301,303,8.6e-30,125.6,0.986711,0.980198
DAKCFMEO_03789,WP_011104205.1,35.5,256,301,298,3.0e-27,117.1,0.850498,0.85906
DAKCFMEO_03789,WP_005769505.1,32.3,279,301,306,7.8e-23,102.4,0.92691,0.911765
DAKCFMEO_03789,WP_005768148.1,33.1,293,301,316,1.3e-22,101.7,0.973422,0.927215
DAKCFMEO_03790,WP_011104207.1,92.9,1013,1015,1015,0.0e+00,1921.4,0.99803,0.99803
DAKCFMEO_03791,WP_003382657.1,95.9,295,295,295,5.4e-170,591.3,1,1
DAKCFMEO_03792,WP_005762418.1,72.2,349,363,363,4.8e-144,505.4,0.961433,0.961433
DAKCFMEO_03793,WP_007245492.1,37.6,221,303,295,2.3e-27,117.5,0.729373,0.749153
DAKCFMEO_03800,WP_005762416.1,88.6,316,316,316,9.9e-154,537.3,1,1
DAKCFMEO_03800,WP_011103034.1,30.2,275,316,311,1.1e-30,128.6,0.870253,0.884244
DAKCFMEO_03801,WP_007243944.1,85.4,485,486,486,2.6e-254,872.1,0.997942,0.997942
DAKCFMEO_03802,WP_005762408.1,90.4,324,324,324,2.8e-159,555.8,1,1
DAKCFMEO_03802,WP_005769384.1,36.2,337,324,336,4.7e-50,193.0,1.04012,1.00298
DAKCFMEO_03802,WP_005617711.1,36.8,321,324,305,3.0e-49,190.3,0.990741,1.05246
DAKCFMEO_03802,WP_005769341.1,35.8,321,324,315,7.3e-43,169.1,0.990741,1.01905
DAKCFMEO_03802,WP_010220797.1,34.2,316,324,345,4.0e-41,163.3,0.975309,0.915942
DAKCFMEO_03802,WP_011104380.1,33.0,330,324,316,2.9e-39,157.1,1.01852,1.0443
DAKCFMEO_03803,WP_005762406.1,87.9,306,306,306,1.5e-143,503.4,1,1
DAKCFMEO_03803,WP_007245922.1,37.5,275,306,301,3.0e-46,180.3,0.898693,0.913621
DAKCFMEO_03803,WP_005762883.1,41.1,287,306,302,1.5e-45,177.9,0.937908,0.950331
DAKCFMEO_03803,WP_007243753.1,35.4,288,306,303,1.2e-42,168.3,0.941176,0.950495
DAKCFMEO_03803,WP_011105045.1,33.2,286,306,287,1.7e-33,137.9,0.934641,0.996516
DAKCFMEO_03803,WP_165442256.1,35.1,271,306,295,6.7e-30,125.9,0.885621,0.918644
DAKCFMEO_03803,WP_005764441.1,31.9,232,306,340,3.1e-27,117.1,0.75817,0.682353
DAKCFMEO_03803,WP_011104693.1,30.0,260,306,339,1.3e-25,111.7,0.849673,0.766962
DAKCFMEO_03803,WP_005771077.1,31.2,263,306,292,1.5e-21,98.2,0.859477,0.900685
DAKCFMEO_03804,WP_011104208.1,91.0,324,334,337,4.5e-165,575.1,0.97006,0.961424
DAKCFMEO_03804,WP_005762885.1,48.5,297,334,333,3.1e-73,270.0,0.889222,0.891892
DAKCFMEO_03804,WP_011105060.1,46.5,314,334,322,2.2e-71,263.8,0.94012,0.975155
DAKCFMEO_03804,WP_011105044.1,47.3,294,334,334,3.7e-66,246.5,0.88024,0.88024
DAKCFMEO_03804,WP_011104459.1,44.3,262,334,279,8.0e-53,202.2,0.784431,0.939068
DAKCFMEO_03804,WP_005762887.1,42.6,303,334,337,4.4e-51,196.4,0.907186,0.89911
DAKCFMEO_03804,WP_011105043.1,40.1,294,334,326,5.0e-47,183.0,0.88024,0.90184
DAKCFMEO_03804,WP_011104460.1,41.0,256,334,254,2.6e-35,144.1,0.766467,1.00787
DAKCFMEO_03804,WP_011104085.1,37.0,262,334,273,9.2e-33,135.6,0.784431,0.959707
DAKCFMEO_03804,WP_010203924.1,34.0,247,334,335,3.0e-31,130.6,0.739521,0.737313
DAKCFMEO_03804,WP_005765582.1,32.8,247,334,376,7.3e-30,125.9,0.739521,0.656915
DAKCFMEO_03804,WP_011104329.1,32.7,245,334,261,6.2e-29,122.9,0.733533,0.938697
DAKCFMEO_03804,WP_007243868.1,35.2,244,334,245,1.0e-28,122.1,0.730539,0.995918
DAKCFMEO_03804,WP_011104358.1,33.2,238,334,345,4.4e-27,116.7,0.712575,0.689855
DAKCFMEO_03804,WP_007247035.1,31.0,239,334,276,9.8e-27,115.5,0.715569,0.865942
DAKCFMEO_03804,WP_011104057.1,30.7,270,334,342,9.8e-27,115.5,0.808383,0.789474
DAKCFMEO_03804,WP_005737152.1,34.0,259,334,257,1.7e-26,114.8,0.775449,1.00778
DAKCFMEO_03804,WP_011103158.1,32.6,236,334,347,2.9e-26,114.0,0.706587,0.680115
DAKCFMEO_03804,WP_011103716.1,32.2,242,334,254,1.6e-24,108.2,0.724551,0.952756
DAKCFMEO_03804,WP_011103331.1,31.0,255,334,381,2.0e-24,107.8,0.763473,0.669291
DAKCFMEO_03805,WP_005762887.1,51.2,299,337,337,6.5e-79,288.9,0.88724,0.88724
DAKCFMEO_03805,WP_011105043.1,47.7,281,337,326,5.7e-67,249.2,0.833828,0.861963
DAKCFMEO_03805,WP_005762885.1,41.8,311,337,333,4.1e-57,216.5,0.922849,0.933934
DAKCFMEO_03805,WP_011105044.1,41.1,319,337,334,1.3e-55,211.5,0.946588,0.95509
DAKCFMEO_03805,WP_011104208.1,42.8,297,337,337,3.9e-55,209.9,0.881306,0.881306
DAKCFMEO_03805,WP_011104460.1,46.7,242,337,254,3.4e-51,196.8,0.718101,0.952756
DAKCFMEO_03805,WP_011105060.1,38.5,283,337,322,2.1e-48,187.6,0.839763,0.878882
DAKCFMEO_03805,WP_010203924.1,37.2,277,337,335,2.3e-39,157.5,0.821958,0.826866
DAKCFMEO_03805,WP_011104459.1,37.7,252,337,279,8.6e-39,155.6,0.747774,0.903226
DAKCFMEO_03805,WP_005765582.1,36.7,229,337,376,3.5e-32,133.7,0.679525,0.609043
DAKCFMEO_03805,WP_011104085.1,34.5,252,337,273,3.5e-32,133.7,0.747774,0.923077
DAKCFMEO_03805,WP_005770464.1,37.0,216,337,329,7.8e-32,132.5,0.64095,0.656535
DAKCFMEO_03805,WP_011103331.1,36.3,237,337,381,5.6e-30,126.3,0.703264,0.622047
DAKCFMEO_03805,WP_005768429.1,34.8,221,337,244,9.6e-30,125.6,0.655786,0.905738
DAKCFMEO_03805,WP_011104329.1,31.9,232,337,261,1.4e-28,121.7,0.688427,0.888889
DAKCFMEO_03805,WP_011104117.1,34.4,247,337,278,2.4e-28,120.9,0.732938,0.888489
DAKCFMEO_03805,WP_005737104.1,33.9,230,337,380,6.9e-28,119.4,0.682493,0.605263
DAKCFMEO_03805,WP_011104057.1,33.6,223,337,342,1.2e-27,118.6,0.661721,0.652047
DAKCFMEO_03805,WP_007243868.1,34.3,230,337,245,2.6e-27,117.5,0.682493,0.938776
DAKCFMEO_03806,WP_011104209.1,92.7,521,521,521,6.8e-285,973.8,1,1
DAKCFMEO_03807,WP_005762396.1,74.0,173,176,173,6.9e-64,238.0,0.982955,1
DAKCFMEO_03808,WP_011104210.1,92.8,195,195,196,8.7e-100,357.5,1,0.994898
DAKCFMEO_03812,WP_011103118.1,31.6,250,251,257,3.0e-28,120.2,0.996016,0.972763
DAKCFMEO_03812,WP_005764784.1,35.7,227,251,249,1.5e-27,117.9,0.904382,0.911647
DAKCFMEO_03812,WP_005762581.1,32.9,249,251,255,1.3e-26,114.8,0.992032,0.976471
DAKCFMEO_03812,WP_161633151.1,35.0,240,251,254,2.1e-26,114.0,0.956175,0.944882
DAKCFMEO_03812,WP_005771315.1,32.5,246,251,249,1.4e-25,111.3,0.98008,0.987952
DAKCFMEO_03812,WP_011103980.1,35.0,254,251,254,1.4e-25,111.3,1.01195,1
DAKCFMEO_03812,WP_005764783.1,30.3,251,251,253,6.5e-23,102.4,1,0.992095
DAKCFMEO_03812,WP_005770966.1,30.2,242,251,254,8.4e-23,102.1,0.964143,0.952756
DAKCFMEO_03812,WP_011104354.1,32.4,241,251,243,1.4e-22,101.3,0.960159,0.99177
DAKCFMEO_03812,WP_046463592.1,31.6,250,251,253,1.4e-22,101.3,0.996016,0.988142
DAKCFMEO_03812,WP_007246009.1,30.4,247,251,286,2.2e-18,87.4,0.984064,0.863636
DAKCFMEO_03812,WP_011104931.1,30.8,250,251,257,2.2e-18,87.4,0.996016,0.972763
DAKCFMEO_03812,WP_005762514.1,30.4,247,251,248,4.5e-16,79.7,0.984064,0.995968
DAKCFMEO_03812,WP_011104991.1,31.0,258,251,252,1.3e-15,78.2,1.02789,1.02381
DAKCFMEO_03813,WP_007246965.1,34.4,305,336,309,4.1e-41,163.3,0.907738,0.987055
DAKCFMEO_03813,WP_005764495.1,34.8,282,336,308,2.7e-40,160.6,0.839286,0.915584
DAKCFMEO_03813,WP_011103982.1,32.4,281,336,310,8.4e-26,112.5,0.83631,0.906452
DAKCFMEO_03813,WP_005764395.1,30.6,248,336,333,4.2e-17,83.6,0.738095,0.744745
DAKCFMEO_03814,WP_003380853.1,43.8,336,325,341,9.8e-64,238.4,1.03385,0.985337
DAKCFMEO_03814,WP_007246911.1,43.2,329,325,334,1.0e-57,218.4,1.01231,0.98503
DAKCFMEO_03814,WP_003377005.1,36.2,315,325,321,1.9e-46,181.0,0.969231,0.981308
DAKCFMEO_03814,WP_005764399.1,35.5,358,325,378,1.2e-40,161.8,1.10154,0.94709
DAKCFMEO_03814,WP_011104323.1,38.9,280,325,328,3.4e-40,160.2,0.861538,0.853659
DAKCFMEO_03814,WP_011103970.1,33.7,300,325,330,2.4e-38,154.1,0.923077,0.909091
DAKCFMEO_03815,WP_011104585.1,44.1,492,495,525,1.9e-114,407.5,0.993939,0.937143
DAKCFMEO_03815,WP_011104123.1,40.0,490,495,507,9.3e-90,325.5,0.989899,0.966469
DAKCFMEO_03815,WP_011103969.1,39.2,497,495,517,2.3e-88,320.9,1.00404,0.961315
DAKCFMEO_03815,WP_161797778.1,37.8,500,495,536,2.8e-86,313.9,1.0101,0.932836
DAKCFMEO_03815,WP_011103981.1,36.0,492,495,509,1.2e-76,282.0,0.993939,0.966601
DAKCFMEO_03815,WP_005764620.1,33.7,490,495,522,1.3e-75,278.5,0.989899,0.938697
DAKCFMEO_03815,WP_011103272.1,34.4,488,495,517,1.0e-67,252.3,0.985859,0.943907
DAKCFMEO_03815,WP_011103450.1,31.2,487,495,503,1.5e-55,211.8,0.983838,0.968191
DAKCFMEO_03818,WP_046463416.1,43.9,781,788,805,2.2e-186,647.1,0.991117,0.970186
DAKCFMEO_03818,WP_011104090.1,37.7,799,788,788,5.9e-147,516.2,1.01396,1.01396
DAKCFMEO_03819,WP_005762368.1,65.6,256,255,257,7.6e-88,318.2,1.00392,0.996109
DAKCFMEO_03820,WP_011104219.1,74.8,3175,3168,3168,0.0e+00,4778.4,1.00221,1.00221
DAKCFMEO_03820,WP_011105127.1,42.9,3253,3168,4531,0.0e+00,2329.7,1.02683,0.717943
DAKCFMEO_03820,WP_011104220.1,35.9,4268,3168,5929,0.0e+00,2315.0,1.34722,0.719852
DAKCFMEO_03820,WP_011105032.1,30.6,3279,3168,3432,0.0e+00,1298.5,1.03504,0.95542
DAKCFMEO_03820,WP_011103872.1,34.8,2152,3168,2151,1.4e-284,975.3,0.679293,1.00046
DAKCFMEO_03821,WP_011104220.1,73.1,5937,5913,5929,0.0e+00,8574.9,1.00406,1.00135
DAKCFMEO_03821,WP_011105127.1,46.9,4138,5913,4531,0.0e+00,3459.8,0.699814,0.913264
DAKCFMEO_03821,WP_162839071.1,31.4,3602,5913,4337,0.0e+00,1429.8,0.609166,0.830528
DAKCFMEO_03822,WP_010216538.1,83.8,383,383,383,1.9e-130,460.3,1,1
DAKCFMEO_03822,WP_005769683.1,30.9,385,383,390,2.6e-39,157.5,1.00522,0.987179
DAKCFMEO_03823,WP_011104221.1,89.5,669,669,668,0.0e+00,1151.0,1,1.0015
DAKCFMEO_03823,WP_005769685.1,46.3,661,669,656,3.6e-145,510.0,0.988042,1.00762
DAKCFMEO_03824,WP_003376912.1,70.8,216,236,222,2.1e-79,290.0,0.915254,0.972973
DAKCFMEO_03825,WP_010205787.1,52.2,161,169,167,7.9e-41,161.4,0.952663,0.964072
DAKCFMEO_03825,WP_007244528.1,49.7,151,169,172,2.2e-35,143.3,0.893491,0.877907
DAKCFMEO_03825,WP_011103465.1,42.7,164,169,180,2.8e-30,126.3,0.970414,0.911111
DAKCFMEO_03826,WP_005764194.1,35.7,308,321,325,4.7e-42,166.4,0.959502,0.947692
DAKCFMEO_03826,WP_011103142.1,33.4,320,321,330,1.3e-39,158.3,0.996885,0.969697
DAKCFMEO_03826,WP_011103466.1,32.6,310,321,320,6.7e-33,136.0,0.965732,0.96875
DAKCFMEO_03826,WP_010201831.1,32.2,295,321,321,8.3e-23,102.4,0.919003,0.919003
DAKCFMEO_03827,WP_011104570.1,40.2,709,800,728,7.8e-147,515.8,0.88625,0.973901
DAKCFMEO_03828,WP_005770701.1,56.5,439,460,470,4.2e-145,509.2,0.954348,0.934043
DAKCFMEO_03828,WP_011103055.1,36.6,423,460,434,3.0e-66,247.3,0.919565,0.974654
DAKCFMEO_03828,WP_011103086.1,35.6,424,460,426,8.7e-58,219.2,0.921739,0.995305
DAKCFMEO_03828,WP_005767839.1,32.6,432,460,415,1.1e-49,192.2,0.93913,1.04096
DAKCFMEO_03828,WP_011104111.1,32.1,424,460,400,4.0e-47,183.7,0.921739,1.06
DAKCFMEO_03828,WP_003383172.1,30.3,356,460,448,5.3e-31,130.2,0.773913,0.794643
DAKCFMEO_03830,WP_011103039.1,31.7,357,405,415,4.2e-32,133.7,0.881481,0.860241
DAKCFMEO_03835,WP_007245539.1,30.2,275,306,306,5.6e-21,96.3,0.898693,0.898693
DAKCFMEO_03836,WP_010202134.1,38.5,325,329,329,2.7e-45,177.2,0.987842,0.987842
DAKCFMEO_03836,WP_011105570.1,36.1,274,329,346,2.7e-37,150.6,0.832827,0.791908
DAKCFMEO_03836,WP_011103269.1,33.9,304,329,322,1.0e-36,148.7,0.924012,0.944099
DAKCFMEO_03837,WP_011103269.1,39.3,305,343,322,3.3e-38,153.7,0.889213,0.947205
DAKCFMEO_03837,WP_010202134.1,36.1,330,343,329,5.0e-34,139.8,0.962099,1.00304
DAKCFMEO_03837,WP_011105570.1,33.4,338,343,346,1.3e-29,125.2,0.985423,0.976879
DAKCFMEO_03838,WP_005770064.1,49.4,255,263,263,3.4e-67,249.6,0.969582,0.969582
DAKCFMEO_03838,WP_005770829.1,36.3,245,263,263,3.7e-37,149.8,0.931559,0.931559
DAKCFMEO_03838,WP_011105568.1,32.9,234,263,259,1.0e-34,141.7,0.889734,0.903475
DAKCFMEO_03838,WP_005762887.1,31.7,249,263,337,1.0e-23,105.1,0.946768,0.738872
DAKCFMEO_03838,WP_011104080.1,30.2,248,263,277,5.2e-23,102.8,0.942966,0.895307
DAKCFMEO_03838,WP_011105420.1,33.5,212,263,270,1.1e-20,95.1,0.806084,0.785185
DAKCFMEO_03838,WP_005770464.1,30.3,221,263,329,1.2e-19,91.7,0.840304,0.671733
DAKCFMEO_03840,WP_011104434.1,30.5,190,218,237,2.4e-18,87.0,0.87156,0.801688
DAKCFMEO_03842,WP_046463677.1,62.8,401,458,421,5.5e-153,535.4,0.875546,0.952494
DAKCFMEO_03843,WP_005770270.1,70.8,312,313,317,9.9e-122,431.0,0.996805,0.984227
DAKCFMEO_03844,WP_011103979.1,70.6,265,267,266,6.1e-104,371.7,0.992509,0.996241
DAKCFMEO_03844,WP_011103118.1,34.3,265,267,257,8.1e-40,158.7,0.992509,1.03113
DAKCFMEO_03844,WP_005770966.1,36.4,264,267,254,1.1e-36,148.3,0.988764,1.03937
DAKCFMEO_03844,WP_005764783.1,40.1,257,267,253,3.2e-36,146.7,0.962547,1.01581
DAKCFMEO_03844,WP_005771315.1,31.9,254,267,249,3.1e-31,130.2,0.951311,1.02008
DAKCFMEO_03844,WP_011104991.1,31.2,263,267,252,1.2e-27,118.2,0.985019,1.04365
DAKCFMEO_03844,WP_161633151.1,33.6,256,267,254,1.7e-26,114.4,0.958801,1.00787
DAKCFMEO_03844,WP_005764784.1,34.6,260,267,249,2.3e-26,114.0,0.973783,1.04418
DAKCFMEO_03844,WP_005765466.1,33.2,256,267,242,8.7e-26,112.1,0.958801,1.05785
DAKCFMEO_03844,WP_011104035.1,32.0,266,267,266,3.3e-25,110.2,0.996255,1
DAKCFMEO_03844,WP_007246009.1,30.0,263,267,286,3.6e-24,106.7,0.985019,0.91958
DAKCFMEO_03844,WP_005762514.1,30.9,259,267,248,3.1e-23,103.6,0.970037,1.04435
DAKCFMEO_03844,WP_011103459.1,33.7,196,267,306,1.0e-18,88.6,0.734082,0.640523
DAKCFMEO_03844,WP_007245058.1,30.4,184,267,270,1.1e-15,78.6,0.689139,0.681481
DAKCFMEO_03845,WP_011103980.1,78.7,254,254,254,4.9e-111,395.2,1,1
DAKCFMEO_03845,WP_005762581.1,35.4,257,254,255,1.5e-30,127.9,1.01181,1.00784
DAKCFMEO_03845,WP_005764783.1,34.1,246,254,253,1.8e-28,120.9,0.968504,0.972332
DAKCFMEO_03845,WP_011104035.1,30.7,257,254,266,1.7e-26,114.4,1.01181,0.966165
DAKCFMEO_03845,WP_007246009.1,32.5,246,254,286,4.8e-26,112.8,0.968504,0.86014
DAKCFMEO_03845,WP_005770626.1,31.6,247,254,247,1.2e-24,108.2,0.972441,1
DAKCFMEO_03845,WP_011103118.1,30.6,258,254,257,1.2e-24,108.2,1.01575,1.00389
DAKCFMEO_03845,WP_005770966.1,31.2,240,254,254,3.5e-24,106.7,0.944882,0.944882
DAKCFMEO_03845,WP_011104354.1,33.9,245,254,243,2.2e-23,104.0,0.964567,1.00823
DAKCFMEO_03845,WP_005764784.1,34.8,233,254,249,3.8e-23,103.2,0.917323,0.935743
DAKCFMEO_03845,WP_005765466.1,32.9,243,254,242,5.5e-22,99.4,0.956693,1.00413
DAKCFMEO_03845,WP_011104991.1,30.9,256,254,252,2.1e-21,97.4,1.00787,1.01587
DAKCFMEO_03845,WP_161633151.1,33.5,248,254,254,4.4e-19,89.7,0.976378,0.976378
DAKCFMEO_03845,WP_046463592.1,30.2,255,254,253,1.8e-17,84.3,1.00394,1.00791
DAKCFMEO_03845,WP_005767607.1,31.1,183,254,271,4.1e-17,83.2,0.720472,0.675277
DAKCFMEO_03845,WP_007245058.1,33.3,189,254,270,2.5e-14,73.9,0.744094,0.7
DAKCFMEO_03846,WP_011103981.1,77.7,489,503,509,2.4e-210,726.1,0.972167,0.960707
DAKCFMEO_03846,WP_011103969.1,44.6,493,503,517,1.4e-101,364.8,0.980119,0.953578
DAKCFMEO_03846,WP_011104585.1,41.0,490,503,525,1.2e-100,361.7,0.974155,0.933333
DAKCFMEO_03846,WP_011104123.1,41.4,500,503,507,9.4e-98,352.1,0.994036,0.986193
DAKCFMEO_03846,WP_161797778.1,39.6,498,503,536,1.3e-91,331.6,0.99006,0.929104
DAKCFMEO_03846,WP_005764620.1,36.2,481,503,522,1.0e-80,295.4,0.956262,0.921456
DAKCFMEO_03846,WP_011103450.1,35.2,488,503,503,1.8e-64,241.5,0.970179,0.970179
DAKCFMEO_03846,WP_011103272.1,34.0,494,503,517,2.0e-63,238.0,0.982107,0.955513
DAKCFMEO_03846,WP_005763959.1,30.8,481,503,511,6.4e-54,206.5,0.956262,0.941292
DAKCFMEO_03847,WP_011103982.1,81.6,310,310,310,2.1e-140,493.0,1,1
DAKCFMEO_03847,WP_005764495.1,30.9,298,310,308,1.2e-34,141.7,0.96129,0.967532
DAKCFMEO_03847,WP_007246965.1,33.1,308,310,309,1.0e-33,138.7,0.993548,0.996764
DAKCFMEO_03848,WP_007246911.1,75.8,331,331,334,3.1e-126,446.0,1,0.991018
DAKCFMEO_03848,WP_003380853.1,38.5,312,331,341,1.6e-45,177.9,0.942598,0.914956
DAKCFMEO_03848,WP_011103970.1,38.8,317,331,330,9.1e-41,162.2,0.957704,0.960606
DAKCFMEO_03848,WP_003377005.1,35.9,298,331,321,3.9e-36,146.7,0.900302,0.928349
DAKCFMEO_03848,WP_005764399.1,33.0,358,331,378,1.9e-30,127.9,1.08157,0.94709
DAKCFMEO_03848,WP_011104323.1,33.7,282,331,328,1.7e-23,104.8,0.851964,0.859756
DAKCFMEO_03848,WP_011104324.1,30.7,336,331,334,8.0e-21,95.9,1.01511,1.00599
DAKCFMEO_03849,WP_011103983.1,75.1,277,278,278,3.4e-126,445.7,0.996403,0.996403
DAKCFMEO_03850,WP_011103984.1,77.0,305,318,310,8.2e-132,464.5,0.959119,0.983871
DAKCFMEO_03851,WP_011103985.1,67.5,486,491,491,8.9e-186,644.4,0.989817,0.989817
DAKCFMEO_03851,WP_005764834.1,42.6,488,491,501,3.8e-104,373.2,0.99389,0.974052
DAKCFMEO_03852,WP_005764200.1,54.3,138,141,142,4.6e-34,138.7,0.978723,0.971831
DAKCFMEO_03857,WP_046463677.1,70.1,408,409,421,4.8e-169,588.6,0.997555,0.969121
DAKCFMEO_03858,WP_011104979.1,42.3,350,395,388,7.7e-63,235.7,0.886076,0.902062
DAKCFMEO_03858,WP_011103633.1,31.6,389,395,405,4.1e-32,133.7,0.98481,0.960494
DAKCFMEO_03860,WP_011103986.1,49.2,362,364,363,3.6e-107,382.9,0.994505,0.997245
DAKCFMEO_03860,WP_011103575.1,45.2,345,364,368,1.6e-78,287.7,0.947802,0.9375
DAKCFMEO_03860,WP_011104372.1,32.0,225,364,367,4.1e-26,113.6,0.618132,0.613079
DAKCFMEO_03862,WP_005762712.1,56.1,157,162,225,5.4e-47,181.8,0.969136,0.697778
DAKCFMEO_03862,WP_011105103.1,57.1,154,162,176,6.0e-46,178.3,0.950617,0.875
DAKCFMEO_03863,WP_011105102.1,47.2,324,330,329,7.3e-75,275.4,0.981818,0.984802
DAKCFMEO_03863,WP_005762709.1,48.8,326,330,327,4.8e-74,272.7,0.987879,0.996942
DAKCFMEO_03863,WP_010218671.1,42.5,327,330,331,4.0e-57,216.5,0.990909,0.987915
DAKCFMEO_03864,WP_007245994.1,39.6,755,796,738,6.6e-146,512.7,0.948492,1.02304
DAKCFMEO_03864,WP_011105101.1,39.4,762,796,733,7.0e-140,492.7,0.957286,1.03956
DAKCFMEO_03864,WP_011104241.1,37.1,768,796,736,2.3e-114,407.9,0.964824,1.04348
DAKCFMEO_03865,WP_007245995.1,64.6,322,322,322,2.4e-115,409.8,1,1
DAKCFMEO_03866,WP_005766129.1,40.1,269,303,326,1.2e-47,184.9,0.887789,0.825153
DAKCFMEO_03866,WP_011104367.1,33.2,292,303,299,5.4e-40,159.5,0.963696,0.976589
DAKCFMEO_03866,WP_005769653.1,30.5,243,303,297,1.3e-25,111.7,0.80198,0.818182
DAKCFMEO_03867,WP_003377787.1,62.3,69,74,76,1.9e-23,102.4,0.932432,0.907895
DAKCFMEO_03869,WP_007245546.1,35.1,288,296,306,4.4e-47,183.0,0.972973,0.941176
DAKCFMEO_03873,WP_011103268.1,38.1,318,345,321,1.8e-55,211.1,0.921739,0.990654
DAKCFMEO_03873,WP_011104312.1,32.1,333,345,337,1.6e-40,161.4,0.965217,0.988131
DAKCFMEO_03874,WP_005765569.1,31.3,262,264,268,4.1e-20,93.2,0.992424,0.977612
DAKCFMEO_03877,WP_011104137.1,38.2,469,475,493,1.4e-82,301.6,0.987368,0.951318
DAKCFMEO_03877,WP_011103085.1,37.2,471,475,480,3.4e-81,297.0,0.991579,0.98125
DAKCFMEO_03877,WP_011103256.1,36.9,480,475,506,2.1e-75,277.7,1.01053,0.948617
DAKCFMEO_03877,WP_011104361.1,35.3,473,475,505,5.2e-74,273.1,0.995789,0.936634
DAKCFMEO_03877,WP_005763655.1,35.1,473,475,490,8.9e-74,272.3,0.995789,0.965306
DAKCFMEO_03877,WP_011104646.1,37.0,481,475,491,3.4e-73,270.4,1.01263,0.979633
DAKCFMEO_03877,WP_011103053.1,34.5,467,475,485,7.3e-68,252.7,0.983158,0.962887
DAKCFMEO_03877,WP_011103748.1,35.2,472,475,505,9.6e-68,252.3,0.993684,0.934653
DAKCFMEO_03877,WP_011102988.1,35.1,476,475,497,8.1e-67,249.2,1.00211,0.957746
DAKCFMEO_03877,WP_011104140.1,31.4,471,475,476,2.9e-64,240.7,0.991579,0.989496
DAKCFMEO_03877,WP_005764523.1,32.6,454,475,493,7.3e-60,226.1,0.955789,0.920892
DAKCFMEO_03877,WP_011104290.1,32.9,480,475,482,3.4e-57,217.2,1.01053,0.995851
DAKCFMEO_03877,WP_011104588.1,30.0,476,475,500,6.0e-54,206.5,1.00211,0.952
DAKCFMEO_03877,WP_005762699.1,30.1,455,475,463,3.9e-53,203.8,0.957895,0.982721
DAKCFMEO_03877,WP_161797808.1,31.7,461,475,489,1.5e-41,165.2,0.970526,0.94274
DAKCFMEO_03878,WP_007246688.1,44.3,219,251,271,9.9e-48,184.9,0.87251,0.808118
DAKCFMEO_03884,WP_005768984.1,64.3,230,228,230,1.7e-70,260.4,1.00877,1
DAKCFMEO_03884,WP_010203861.1,51.2,209,228,242,2.2e-46,180.3,0.916667,0.863636
DAKCFMEO_03884,WP_044392584.1,52.2,209,228,228,7.1e-45,175.3,0.916667,0.916667
DAKCFMEO_03884,WP_002554655.1,31.4,204,228,231,6.1e-20,92.4,0.894737,0.883117
DAKCFMEO_03884,WP_007246518.1,32.0,197,228,318,3.7e-17,83.2,0.864035,0.619497
DAKCFMEO_03884,WP_007245914.1,33.3,216,228,236,7.0e-16,79.0,0.947368,0.915254
DAKCFMEO_03885,WP_005768982.1,70.1,134,146,134,3.7e-47,182.2,0.917808,1
DAKCFMEO_03885,WP_005771285.1,51.9,131,146,133,5.8e-32,131.7,0.89726,0.984962
DAKCFMEO_03885,WP_005739842.1,48.9,131,146,133,8.4e-31,127.9,0.89726,0.984962
DAKCFMEO_03885,WP_005770871.1,38.5,135,146,148,6.9e-17,81.6,0.924658,0.912162
DAKCFMEO_03885,WP_005613239.1,31.9,135,146,141,3.9e-12,65.9,0.924658,0.957447
DAKCFMEO_03886,WP_011103229.1,80.8,764,766,768,0.0e+00,1229.9,0.997389,0.994792
DAKCFMEO_03887,WP_011104494.1,57.9,114,129,127,2.8e-30,125.9,0.883721,0.897638
DAKCFMEO_03888,WP_007246058.1,66.5,236,243,244,4.6e-82,298.9,0.971193,0.967213
DAKCFMEO_03891,WP_011104816.1,39.7,431,466,448,3.2e-84,307.0,0.924893,0.962054
DAKCFMEO_03891,WP_005763528.1,37.1,426,466,441,1.6e-75,278.1,0.914163,0.965986
DAKCFMEO_03891,WP_011104478.1,36.9,428,466,441,2.2e-72,267.7,0.918455,0.970522
DAKCFMEO_03891,WP_011105463.1,36.2,447,466,424,1.3e-61,231.9,0.959227,1.05425
DAKCFMEO_03891,WP_011103959.1,35.2,412,466,418,1.5e-57,218.4,0.88412,0.985646
DAKCFMEO_03891,WP_046463479.1,33.9,433,466,449,1.2e-54,208.8,0.929185,0.964365
DAKCFMEO_03891,WP_007244158.1,34.3,420,466,422,2.6e-54,207.6,0.901288,0.995261
DAKCFMEO_03891,WP_011104277.1,30.0,454,466,443,5.4e-47,183.3,0.974249,1.02483
DAKCFMEO_03891,WP_005769381.1,31.9,430,466,459,2.7e-46,181.0,0.922747,0.936819
DAKCFMEO_03900,WP_005764422.1,73.9,291,291,291,1.2e-121,430.6,1,1
DAKCFMEO_03900,WP_007245106.1,31.2,288,291,301,6.6e-27,115.9,0.989691,0.956811
DAKCFMEO_03900,WP_005766247.1,31.1,289,291,319,1.5e-26,114.8,0.993127,0.905956
DAKCFMEO_03900,WP_011104418.1,30.7,287,291,303,2.1e-25,110.9,0.986254,0.947195
DAKCFMEO_03901,WP_005764420.1,81.3,289,289,289,3.5e-129,455.7,1,1
DAKCFMEO_03902,WP_011104333.1,63.3,349,349,350,6.1e-120,425.2,1,0.997143
DAKCFMEO_03903,WP_005764417.1,69.7,307,306,307,1.3e-131,463.8,1.00327,1
DAKCFMEO_03904,WP_005764418.1,83.0,389,389,389,1.5e-199,689.9,1,1
DAKCFMEO_03905,WP_007245364.1,50.7,296,307,286,1.1e-88,321.2,0.964169,1.03497
DAKCFMEO_03906,WP_005764344.1,89.1,339,339,339,1.5e-139,490.3,1,1
DAKCFMEO_03907,WP_007243883.1,90.3,536,535,534,1.6e-281,962.6,1.00187,1.00375
DAKCFMEO_03907,WP_032643380.1,41.0,432,535,697,1.1e-75,278.9,0.807477,0.619799
DAKCFMEO_03907,WP_011103576.1,34.5,507,535,695,3.6e-71,263.8,0.947664,0.729496
DAKCFMEO_03907,WP_011103739.1,35.8,505,535,691,4.4e-69,256.9,0.943925,0.730825
DAKCFMEO_03907,WP_011104949.1,31.4,493,535,793,4.1e-59,223.8,0.921495,0.62169
DAKCFMEO_03908,WP_007247023.1,33.6,601,584,610,5.3e-76,280.0,1.02911,0.985246
DAKCFMEO_03908,WP_011104366.1,37.1,493,584,619,5.3e-76,280.0,0.844178,0.796446
DAKCFMEO_03908,WP_010213170.1,36.3,523,584,600,3.7e-61,230.7,0.895548,0.871667
DAKCFMEO_03908,WP_005766911.1,30.7,548,584,589,3.5e-56,214.2,0.938356,0.93039
DAKCFMEO_03908,WP_005762826.1,30.8,539,584,581,5.1e-55,210.3,0.922945,0.927711
DAKCFMEO_03908,WP_005762824.1,31.8,491,584,593,2.6e-51,198.0,0.840753,0.827993
DAKCFMEO_03909,WP_011104261.1,76.8,370,381,380,1.3e-184,640.2,0.971129,0.973684
DAKCFMEO_03910,WP_007243881.1,82.0,377,398,393,2.5e-186,646.0,0.947236,0.959288
DAKCFMEO_03911,WP_011104262.1,70.1,384,385,394,2.2e-155,543.1,0.997403,0.974619
DAKCFMEO_03912,WP_011104263.1,79.8,341,342,342,3.6e-165,575.5,0.997076,0.997076
DAKCFMEO_03912,WP_011103232.1,31.6,297,342,309,1.5e-30,128.3,0.868421,0.961165
DAKCFMEO_03915,WP_005767816.1,41.8,392,389,411,1.1e-85,311.6,1.00771,0.953771
DAKCFMEO_03915,WP_011104138.1,34.7,406,389,379,9.3e-61,228.8,1.0437,1.07124
DAKCFMEO_03915,WP_003379921.1,31.5,400,389,399,6.9e-40,159.5,1.02828,1.00251
DAKCFMEO_03920,WP_005764330.1,96.7,182,182,182,1.6e-100,359.8,1,1
DAKCFMEO_03920,WP_010208319.1,50.3,183,182,182,3.7e-44,172.6,1.00549,1.00549
DAKCFMEO_03921,WP_011104264.1,86.3,248,253,254,2.0e-125,443.0,0.980237,0.976378
DAKCFMEO_03922,WP_011104265.1,84.4,288,291,300,1.5e-135,476.9,0.989691,0.96
DAKCFMEO_03923,WP_005764325.1,90.6,351,354,354,1.7e-199,689.5,0.991525,0.991525
DAKCFMEO_03924,WP_007243875.1,78.5,316,316,316,1.5e-149,523.5,1,1
DAKCFMEO_03925,WP_003379548.1,88.6,236,236,236,2.5e-117,416.0,1,1
DAKCFMEO_03925,WP_046463438.1,30.0,227,236,239,1.6e-15,77.8,0.961864,0.949791
DAKCFMEO_03925,WP_011104136.1,30.0,217,236,250,2.4e-11,63.9,0.919492,0.868
DAKCFMEO_03926,WP_011104266.1,81.8,649,647,656,1.0e-301,1030.0,1.00309,0.989329
DAKCFMEO_03926,WP_011107020.1,79.8,649,647,649,8.5e-293,1000.3,1.00309,1
DAKCFMEO_03926,WP_044391024.1,34.8,445,647,730,1.4e-69,258.8,0.68779,0.609589
DAKCFMEO_03926,WP_011103090.1,33.6,453,647,643,4.0e-69,257.3,0.700155,0.70451
DAKCFMEO_03926,WP_007247222.1,36.1,435,647,554,3.5e-65,244.2,0.672334,0.785199
DAKCFMEO_03926,WP_011104985.1,33.3,424,647,683,6.7e-64,240.0,0.655332,0.620791
DAKCFMEO_03926,WP_005764073.1,31.3,467,647,705,1.1e-61,232.6,0.721793,0.662411
DAKCFMEO_03926,WP_046463431.1,31.3,547,647,763,7.7e-60,226.5,0.84544,0.716907
DAKCFMEO_03926,WP_011103884.1,32.2,463,647,730,3.2e-58,221.1,0.715611,0.634247
DAKCFMEO_03929,WP_005764319.1,74.8,230,227,230,4.7e-89,322.0,1.01322,1
DAKCFMEO_03930,WP_005764318.1,92.6,297,300,299,2.2e-155,542.7,0.99,0.993311
DAKCFMEO_03930,WP_005765469.1,33.6,295,300,297,1.6e-36,147.9,0.983333,0.993266
DAKCFMEO_03930,WP_007246046.1,32.7,251,300,302,2.7e-28,120.6,0.836667,0.831126
DAKCFMEO_03930,WP_007246985.1,30.5,256,300,296,9.8e-18,85.5,0.853333,0.864865
DAKCFMEO_03931,WP_046463482.1,90.4,458,458,458,2.1e-237,815.8,1,1
DAKCFMEO_03931,WP_007246084.1,72.4,435,458,441,3.9e-183,635.6,0.949782,0.986395
DAKCFMEO_03931,WP_005769128.1,43.0,400,458,435,1.1e-92,335.1,0.873362,0.91954
DAKCFMEO_03931,WP_011103763.1,35.8,411,458,441,1.1e-71,265.4,0.89738,0.931973
DAKCFMEO_03932,WP_011104268.1,94.1,424,424,424,2.7e-239,822.0,1,1
DAKCFMEO_03932,WP_005767295.1,34.8,434,424,450,7.5e-64,239.2,1.02358,0.964444
DAKCFMEO_03933,WP_005767792.1,51.1,333,333,333,8.7e-92,331.6,1,1
DAKCFMEO_03933,WP_005767531.1,33.1,239,333,310,6.3e-34,139.4,0.717718,0.770968
DAKCFMEO_03933,WP_005770073.1,32.4,340,333,337,3.6e-29,123.6,1.02102,1.0089
DAKCFMEO_03933,WP_011103021.1,35.0,223,333,325,1.2e-21,98.6,0.66967,0.686154
DAKCFMEO_03935,WP_011103737.1,72.6,259,262,262,1.2e-104,374.0,0.98855,0.98855
DAKCFMEO_03935,WP_005614190.1,34.4,221,262,258,4.1e-28,119.8,0.843511,0.856589
DAKCFMEO_03935,WP_011104937.1,37.7,183,262,261,1.1e-25,111.7,0.698473,0.701149
DAKCFMEO_03935,WP_005770966.1,31.8,201,262,254,5.3e-20,92.8,0.767176,0.791339
DAKCFMEO_03935,WP_005763057.1,36.9,195,262,254,1.1e-17,85.1,0.744275,0.767717
DAKCFMEO_03935,WP_011104271.1,32.3,186,262,250,6.1e-16,79.3,0.709924,0.744
DAKCFMEO_03935,WP_005767607.1,33.0,185,262,271,1.0e-15,78.6,0.706107,0.682657
DAKCFMEO_03935,WP_011103477.1,32.8,198,262,272,4.4e-14,73.2,0.755725,0.727941
DAKCFMEO_03935,WP_005765466.1,30.3,195,262,242,1.0e-10,62.0,0.744275,0.805785
DAKCFMEO_03936,WP_046463480.1,72.0,186,190,202,8.2e-71,261.2,0.978947,0.920792
DAKCFMEO_03937,WP_005764268.1,95.1,324,324,324,2.7e-178,619.0,1,1
DAKCFMEO_03937,WP_005764297.1,37.9,311,324,323,2.6e-48,187.2,0.959877,0.962848
DAKCFMEO_03938,WP_005764266.1,93.4,290,290,290,3.8e-160,558.5,1,1
DAKCFMEO_03939,WP_011104283.1,86.7,249,252,251,3.7e-127,448.7,0.988095,0.992032
DAKCFMEO_03939,WP_011105454.1,43.1,246,252,256,3.6e-58,219.5,0.97619,0.960938
DAKCFMEO_03939,WP_011104272.1,43.7,245,252,256,2.4e-49,190.3,0.972222,0.957031
DAKCFMEO_03940,WP_011104284.1,91.1,305,305,305,1.7e-158,553.1,1,1
DAKCFMEO_03941,WP_011104172.1,45.0,307,305,305,4.7e-68,252.7,1.00656,1.00656
DAKCFMEO_03941,WP_007245106.1,37.3,300,305,301,1.5e-50,194.5,0.983607,0.996678
DAKCFMEO_03941,WP_011104428.1,33.6,292,305,304,1.0e-46,181.8,0.957377,0.960526
DAKCFMEO_03941,WP_005617775.1,36.5,301,305,301,2.1e-44,174.1,0.986885,1
DAKCFMEO_03941,WP_011104938.1,34.4,294,305,307,2.3e-43,170.6,0.963934,0.957655
DAKCFMEO_03941,WP_011104037.1,34.9,298,305,302,8.9e-43,168.7,0.977049,0.986755
DAKCFMEO_03941,WP_003377838.1,31.3,297,305,298,1.7e-38,154.5,0.97377,0.996644
DAKCFMEO_03941,WP_005771227.1,33.9,298,305,294,1.1e-37,151.8,0.977049,1.01361
DAKCFMEO_03941,WP_011103634.1,30.6,291,305,302,7.3e-37,149.1,0.954098,0.963576
DAKCFMEO_03941,WP_005615366.1,30.8,305,305,315,1.2e-36,148.3,1,0.968254
DAKCFMEO_03941,WP_011104242.1,30.8,289,305,304,3.4e-34,140.2,0.947541,0.950658
DAKCFMEO_03941,WP_011104418.1,31.1,293,305,303,7.6e-34,139.0,0.960656,0.966997
DAKCFMEO_03941,WP_007246000.1,31.8,305,305,301,3.6e-28,120.2,1,1.01329
DAKCFMEO_03942,WP_007246697.1,34.8,132,135,132,1.3e-14,73.9,0.977778,1
DAKCFMEO_03943,WP_005764255.1,60.2,113,120,114,1.6e-32,133.3,0.941667,0.991228
DAKCFMEO_03947,WP_011104287.1,83.6,409,411,413,4.4e-194,671.8,0.995134,0.990315
DAKCFMEO_03947,WP_011103367.1,33.7,406,411,392,2.4e-51,197.6,0.987835,1.03571
DAKCFMEO_03947,WP_005768685.1,34.2,409,411,399,6.6e-49,189.5,0.995134,1.02506
DAKCFMEO_03947,WP_011104413.1,33.3,408,411,402,2.1e-42,167.9,0.992701,1.01493
DAKCFMEO_03948,WP_011104288.1,89.4,586,628,589,1.1e-314,1073.2,0.933121,0.994907
DAKCFMEO_03949,WP_011104290.1,91.7,482,482,482,3.0e-250,858.6,1,1
DAKCFMEO_03949,WP_005764523.1,39.1,460,482,493,1.5e-76,281.6,0.954357,0.933063
DAKCFMEO_03949,WP_011103085.1,35.3,468,482,480,1.5e-73,271.6,0.970954,0.975
DAKCFMEO_03949,WP_011104137.1,34.7,487,482,493,9.4e-71,262.3,1.01037,0.98783
DAKCFMEO_03949,WP_011104140.1,35.6,475,482,476,6.1e-70,259.6,0.985477,0.997899
DAKCFMEO_03949,WP_005763655.1,33.5,481,482,490,1.4e-69,258.5,0.997925,0.981633
DAKCFMEO_03949,WP_011104646.1,35.2,454,482,491,1.1e-60,228.8,0.941909,0.924644
DAKCFMEO_03949,WP_011102988.1,31.8,481,482,497,9.7e-60,225.7,0.997925,0.967807
DAKCFMEO_03949,WP_005762699.1,33.8,450,482,463,1.2e-57,218.8,0.93361,0.971922
DAKCFMEO_03949,WP_011103053.1,32.0,466,482,485,2.0e-57,218.0,0.966805,0.960825
DAKCFMEO_03949,WP_011103748.1,33.0,445,482,505,6.5e-56,213.0,0.923237,0.881188
DAKCFMEO_03949,WP_011104361.1,32.2,454,482,505,1.1e-55,212.2,0.941909,0.89901
DAKCFMEO_03949,WP_011103256.1,30.6,481,482,506,1.5e-55,211.8,0.997925,0.950593
DAKCFMEO_03949,WP_011103274.1,32.5,471,482,497,1.5e-55,211.8,0.977178,0.947686
DAKCFMEO_03949,WP_011104588.1,32.0,456,482,500,7.0e-50,193.0,0.946058,0.912
DAKCFMEO_03949,WP_161797808.1,31.2,446,482,489,9.8e-36,146.0,0.925311,0.912065
DAKCFMEO_03950,WP_005739372.1,98.6,276,276,276,7.3e-161,560.8,1,1
DAKCFMEO_03950,WP_011104164.1,31.0,258,276,282,4.0e-26,113.2,0.934783,0.914894
DAKCFMEO_03951,WP_005764246.1,84.0,162,162,162,2.0e-70,259.6,1,1
DAKCFMEO_03952,WP_046463479.1,84.0,412,412,449,7.0e-208,717.6,1,0.917595
DAKCFMEO_03952,WP_011103959.1,37.8,410,412,418,5.6e-72,266.2,0.995146,0.980861
DAKCFMEO_03952,WP_007244158.1,34.8,414,412,422,2.0e-69,257.7,1.00485,0.981043
DAKCFMEO_03952,WP_011104277.1,36.4,428,412,443,7.8e-66,245.7,1.03883,0.96614
DAKCFMEO_03952,WP_005763528.1,32.9,428,412,441,7.8e-58,219.2,1.03883,0.970522
DAKCFMEO_03952,WP_011105421.1,33.0,433,412,448,1.7e-57,218.0,1.05097,0.966518
DAKCFMEO_03952,WP_011104478.1,32.8,418,412,441,8.1e-55,209.1,1.01456,0.947846
DAKCFMEO_03952,WP_011105463.1,33.7,410,412,424,1.9e-51,198.0,0.995146,0.966981
DAKCFMEO_03952,WP_011104816.1,31.0,420,412,448,1.9e-48,188.0,1.01942,0.9375
DAKCFMEO_03953,WP_011104292.1,89.2,397,402,404,7.8e-188,651.0,0.987562,0.982673
DAKCFMEO_03953,WP_007246376.1,36.4,412,402,449,1.5e-50,194.9,1.02488,0.917595
DAKCFMEO_03955,WP_007247126.1,85.1,255,255,255,4.7e-130,458.4,1,1
DAKCFMEO_03956,WP_005764523.1,86.8,493,493,493,2.4e-247,849.0,1,1
DAKCFMEO_03956,WP_011104290.1,40.6,461,493,482,1.7e-80,294.7,0.935091,0.956432
DAKCFMEO_03956,WP_011103085.1,33.5,468,493,480,4.3e-63,236.9,0.94929,0.975
DAKCFMEO_03956,WP_011104140.1,34.2,444,493,476,1.3e-62,235.3,0.900609,0.932773
DAKCFMEO_03956,WP_011104137.1,32.4,487,493,493,1.1e-58,222.2,0.98783,0.98783
DAKCFMEO_03956,WP_011104361.1,32.0,482,493,505,1.6e-57,218.4,0.977688,0.954455
DAKCFMEO_03956,WP_011104646.1,32.3,471,493,491,6.0e-57,216.5,0.955375,0.959267
DAKCFMEO_03956,WP_011103748.1,32.5,458,493,505,1.8e-56,214.9,0.929006,0.906931
DAKCFMEO_03956,WP_005763655.1,31.6,449,493,490,5.1e-56,213.4,0.910751,0.916327
DAKCFMEO_03956,WP_011102988.1,33.6,441,493,497,6.2e-54,206.5,0.894523,0.887324
DAKCFMEO_03956,WP_005762699.1,30.5,439,493,463,1.8e-53,204.9,0.890467,0.948164
DAKCFMEO_03956,WP_011103053.1,31.0,467,493,485,2.6e-52,201.1,0.947262,0.962887
DAKCFMEO_03956,WP_011103279.1,30.2,431,493,508,8.2e-46,179.5,0.874239,0.848425
DAKCFMEO_03956,WP_011103256.1,30.4,444,493,506,1.4e-45,178.7,0.900609,0.87747
DAKCFMEO_03956,WP_005763618.1,33.2,337,493,475,7.9e-33,136.3,0.68357,0.709474
DAKCFMEO_03957,WP_024666240.1,81.7,586,585,590,2.0e-277,949.1,1.00171,0.99322
DAKCFMEO_03958,WP_011104294.1,94.0,687,688,687,0.0e+00,1315.1,0.998547,1
DAKCFMEO_03959,WP_080946567.1,68.5,200,202,200,4.3e-78,285.4,0.990099,1
DAKCFMEO_03960,WP_003376691.1,89.0,82,82,86,3.6e-39,154.8,1,0.953488
DAKCFMEO_03961,WP_005764534.1,91.5,201,201,201,6.4e-106,377.9,1,1
DAKCFMEO_03962,WP_005764536.1,96.2,316,317,317,8.9e-179,620.5,0.996845,0.996845
DAKCFMEO_03962,WP_046463917.1,37.2,317,317,325,8.1e-55,208.8,1,0.975385
DAKCFMEO_03962,WP_011103732.1,32.4,247,317,320,7.9e-34,139.0,0.77918,0.771875
DAKCFMEO_03963,WP_046463519.1,70.4,379,379,392,1.5e-151,530.4,1,0.966837
DAKCFMEO_03964,WP_011104296.1,88.3,383,384,384,4.7e-198,684.9,0.997396,0.997396
DAKCFMEO_03964,WP_011104943.1,34.0,374,384,382,3.3e-50,193.7,0.973958,0.979058
DAKCFMEO_03965,WP_005764543.1,95.3,214,214,214,4.5e-110,391.7,1,1
DAKCFMEO_03965,WP_005768796.1,34.3,207,214,210,9.7e-20,91.7,0.96729,0.985714
DAKCFMEO_03967,WP_161797781.1,80.4,698,669,704,0.0e+00,1122.8,1.04335,0.991477
DAKCFMEO_03968,WP_011104299.1,82.0,439,440,440,5.3e-214,738.0,0.997727,0.997727
DAKCFMEO_03969,WP_011104300.1,71.9,310,325,317,2.4e-126,446.4,0.953846,0.977918
DAKCFMEO_03970,WP_046463517.1,71.9,388,380,387,2.6e-156,546.2,1.02105,1.00258
DAKCFMEO_03971,WP_046463516.1,83.6,499,499,499,4.3e-260,891.3,1,1
DAKCFMEO_03972,WP_005764558.1,87.7,130,130,130,5.8e-68,251.1,1,1
DAKCFMEO_03973,WP_003376717.1,89.4,321,321,321,3.0e-166,578.9,1,1
DAKCFMEO_03973,WP_005765876.1,30.3,228,321,298,9.5e-19,89.0,0.71028,0.765101
DAKCFMEO_03974,WP_011104304.1,85.3,326,331,327,1.5e-160,560.1,0.984894,0.996942
DAKCFMEO_03975,WP_011104305.1,85.0,153,214,162,2.1e-75,276.6,0.714953,0.944444
DAKCFMEO_03975,WP_011104371.1,30.8,172,214,193,2.8e-19,90.1,0.803738,0.891192
DAKCFMEO_03976,WP_046463409.1,84.8,250,255,255,8.3e-119,421.0,0.980392,0.980392
DAKCFMEO_03977,WP_005739341.1,96.9,225,226,226,6.1e-121,427.9,0.995575,0.995575
DAKCFMEO_03977,WP_005763424.1,35.1,208,226,273,5.3e-24,105.9,0.920354,0.761905
DAKCFMEO_03977,WP_005768044.1,30.7,199,226,273,1.3e-11,64.7,0.880531,0.728938
DAKCFMEO_03978,WP_011104308.1,83.1,362,362,362,2.4e-172,599.4,1,1
DAKCFMEO_03978,WP_005762690.1,34.1,290,362,384,1.1e-36,148.7,0.801105,0.755208
DAKCFMEO_03978,WP_005770464.1,30.6,307,362,329,4.5e-33,136.7,0.848066,0.933131
DAKCFMEO_03978,WP_011104117.1,34.1,223,362,278,5.1e-29,123.2,0.616022,0.802158
DAKCFMEO_03978,WP_005768429.1,33.9,227,362,244,6.2e-27,116.3,0.627072,0.930328
DAKCFMEO_03978,WP_005762478.1,35.0,223,362,263,5.3e-26,113.2,0.616022,0.847909
DAKCFMEO_03978,WP_011105420.1,33.0,227,362,270,9.0e-26,112.5,0.627072,0.840741
DAKCFMEO_03979,WP_007247147.1,87.7,351,351,351,1.9e-177,616.3,1,1
DAKCFMEO_03980,WP_007246451.1,50.8,122,131,120,2.3e-24,106.3,0.931298,1.01667
DAKCFMEO_03984,WP_005769271.1,76.8,142,147,147,1.8e-57,216.5,0.965986,0.965986
DAKCFMEO_03984,WP_003373291.1,46.8,124,147,157,1.3e-23,104.0,0.843537,0.789809
DAKCFMEO_03985,WP_007246762.1,60.1,243,244,248,1.4e-78,287.3,0.995902,0.979839
DAKCFMEO_03985,WP_011103987.1,32.5,200,244,214,2.9e-12,67.0,0.819672,0.934579
DAKCFMEO_03990,WP_046463410.1,43.6,234,215,257,4.2e-47,182.6,1.08837,0.910506
DAKCFMEO_03992,WP_011104314.1,70.8,571,573,576,2.4e-246,845.9,0.99651,0.991319
DAKCFMEO_03994,WP_011104315.1,94.8,466,466,466,1.5e-270,926.0,1,1
DAKCFMEO_03994,WP_011105352.1,53.2,453,466,452,1.6e-147,517.3,0.972103,1.00221
DAKCFMEO_03994,WP_011103108.1,36.5,438,466,441,4.2e-68,253.4,0.939914,0.993197
DAKCFMEO_03994,WP_011103996.1,32.3,439,466,448,2.1e-59,224.6,0.94206,0.979911
DAKCFMEO_03995,WP_007246483.1,76.7,146,146,146,4.5e-61,228.4,1,1
DAKCFMEO_03996,WP_005764602.1,89.5,390,400,404,9.5e-194,670.6,0.975,0.965347
DAKCFMEO_03996,WP_046463882.1,48.6,391,400,395,4.2e-101,362.8,0.9775,0.989873
DAKCFMEO_03996,WP_011105351.1,48.3,385,400,401,1.7e-97,350.9,0.9625,0.9601
DAKCFMEO_03996,WP_011104006.1,49.6,385,400,403,2.2e-81,297.4,0.9625,0.955335
DAKCFMEO_03996,WP_011104007.1,38.8,392,400,395,3.1e-67,250.4,0.98,0.992405
DAKCFMEO_03997,WP_011104317.1,83.6,256,258,258,2.2e-114,406.4,0.992248,0.992248
DAKCFMEO_03997,WP_005764926.1,46.9,241,258,233,1.3e-50,194.5,0.934109,1.03433
DAKCFMEO_03997,WP_011105230.1,43.0,242,258,238,2.0e-43,170.6,0.937984,1.01681
DAKCFMEO_03997,WP_005763108.1,37.7,231,258,232,4.4e-35,142.9,0.895349,0.99569
DAKCFMEO_03997,WP_011103991.1,36.4,225,258,229,5.4e-33,136.0,0.872093,0.982533
DAKCFMEO_03997,WP_005767488.1,33.5,221,258,229,4.9e-26,112.8,0.856589,0.965066
DAKCFMEO_03997,WP_011104117.1,31.6,247,258,278,2.4e-25,110.5,0.957364,0.888489
DAKCFMEO_03997,WP_011104057.1,34.9,209,258,342,1.3e-23,104.8,0.810078,0.611111
DAKCFMEO_03997,WP_011104320.1,30.3,261,258,264,5.1e-23,102.8,1.01163,0.988636
DAKCFMEO_03997,WP_011104376.1,31.9,207,258,253,1.9e-22,100.9,0.802326,0.818182
DAKCFMEO_03997,WP_005762478.1,30.7,251,258,263,4.3e-22,99.8,0.972868,0.954373
DAKCFMEO_03997,WP_005620338.1,30.1,229,258,241,1.6e-21,97.8,0.887597,0.950207
DAKCFMEO_03997,WP_011104080.1,30.2,225,258,277,6.2e-21,95.9,0.872093,0.812274
DAKCFMEO_03997,WP_005768429.1,30.1,229,258,244,3.1e-20,93.6,0.887597,0.938525
DAKCFMEO_03997,WP_003380252.1,31.7,230,258,326,6.9e-20,92.4,0.891473,0.705521
DAKCFMEO_03998,WP_011104318.1,94.6,443,443,443,1.9e-251,862.4,1,1
DAKCFMEO_03999,WP_007246481.1,87.9,355,355,355,1.3e-173,603.6,1,1
DAKCFMEO_03999,WP_005764931.1,30.1,336,355,421,4.7e-27,116.7,0.946479,0.7981
DAKCFMEO_04000,WP_011104319.1,95.2,293,293,293,6.6e-136,478.0,1,1
DAKCFMEO_04001,WP_011104320.1,92.9,254,264,264,1.4e-129,456.8,0.962121,0.962121
DAKCFMEO_04001,WP_003381484.1,37.5,253,264,255,1.3e-50,194.5,0.958333,0.992157
DAKCFMEO_04001,WP_003376366.1,38.6,280,264,291,3.4e-46,179.9,1.06061,0.962199
DAKCFMEO_04001,WP_003376420.1,34.9,252,264,286,2.0e-35,144.1,0.954545,0.881119
DAKCFMEO_04001,WP_005770308.1,36.0,253,264,245,3.5e-35,143.3,0.958333,1.03265
DAKCFMEO_04001,WP_011104862.1,31.7,259,264,253,3.8e-34,139.8,0.981061,1.02372
DAKCFMEO_04001,WP_005770464.1,32.1,240,264,329,1.4e-28,121.3,0.909091,0.729483
DAKCFMEO_04001,WP_003380252.1,30.5,243,264,326,5.4e-28,119.4,0.920455,0.745399
DAKCFMEO_04001,WP_011103331.1,30.4,253,264,381,7.0e-28,119.0,0.958333,0.664042
DAKCFMEO_04001,WP_011104317.1,32.3,260,264,258,1.3e-26,114.8,0.984848,1.00775
DAKCFMEO_04001,WP_011104057.1,32.0,250,264,342,1.7e-26,114.4,0.94697,0.730994
DAKCFMEO_04001,WP_005764049.1,33.2,235,264,386,8.6e-26,112.1,0.890152,0.608808
DAKCFMEO_04001,WP_044390643.1,31.2,256,264,356,4.3e-25,109.8,0.969697,0.719101
DAKCFMEO_04001,WP_005764926.1,30.9,249,264,233,5.6e-25,109.4,0.943182,1.06867
DAKCFMEO_04001,WP_005768959.1,30.9,233,264,368,2.1e-24,107.5,0.882576,0.633152
DAKCFMEO_04001,WP_011105230.1,31.6,253,264,238,2.1e-24,107.5,0.958333,1.06303
DAKCFMEO_04001,WP_011104117.1,31.7,246,264,278,4.0e-23,103.2,0.931818,0.884892
DAKCFMEO_04001,WP_005765582.1,32.3,232,264,376,1.5e-22,101.3,0.878788,0.617021
DAKCFMEO_04002,WP_046463411.1,62.4,335,365,363,2.4e-111,396.7,0.917808,0.922865
DAKCFMEO_04003,WP_011104322.1,90.8,412,412,412,1.5e-215,743.0,1,1
DAKCFMEO_04003,WP_011105351.1,32.3,402,412,401,4.1e-51,196.8,0.975728,1.00249
DAKCFMEO_04003,WP_046463882.1,31.5,391,412,395,3.6e-47,183.7,0.949029,0.989873
DAKCFMEO_04004,WP_011104323.1,82.4,324,328,328,1.8e-137,483.4,0.987805,0.987805
DAKCFMEO_04005,WP_011104324.1,82.9,334,334,334,5.4e-142,498.4,1,1
DAKCFMEO_04006,WP_005764620.1,81.4,515,518,522,7.1e-234,804.3,0.994208,0.98659
DAKCFMEO_04006,WP_011104123.1,40.2,490,518,507,2.5e-93,337.4,0.945946,0.966469
DAKCFMEO_04006,WP_011104585.1,35.9,493,518,525,6.7e-91,329.3,0.951737,0.939048
DAKCFMEO_04006,WP_161797778.1,34.1,505,518,536,6.7e-83,302.8,0.974903,0.942164
DAKCFMEO_04006,WP_011103969.1,34.8,512,518,517,5.7e-82,299.7,0.988417,0.990329
DAKCFMEO_04006,WP_011103981.1,36.1,477,518,509,3.7e-81,297.0,0.920849,0.937132
DAKCFMEO_04006,WP_011103272.1,34.2,527,518,517,6.1e-68,253.1,1.01737,1.01934
DAKCFMEO_04006,WP_011103450.1,31.1,488,518,503,1.2e-60,228.8,0.942085,0.970179
DAKCFMEO_04006,WP_005763959.1,31.0,509,518,511,7.5e-58,219.5,0.982625,0.996086
DAKCFMEO_04007,WP_011104325.1,89.5,334,334,334,1.8e-169,589.7,1,1
DAKCFMEO_04008,WP_005764624.1,70.5,542,542,542,3.9e-182,632.5,1,1
DAKCFMEO_04008,WP_011104479.1,53.7,540,542,542,2.6e-130,460.3,0.99631,0.99631
DAKCFMEO_04008,WP_005771505.1,36.6,544,542,541,8.6e-73,269.2,1.00369,1.00555
DAKCFMEO_04008,WP_011103145.1,43.0,542,542,541,7.3e-64,239.6,1,1.00185
DAKCFMEO_04008,WP_011105575.1,42.7,541,542,541,1.8e-62,235.0,0.998155,1
DAKCFMEO_04008,WP_011104615.1,39.1,540,542,542,1.3e-60,228.8,0.99631,0.99631
DAKCFMEO_04008,WP_011105048.1,40.1,539,542,541,3.8e-60,227.3,0.994465,0.996303
DAKCFMEO_04008,WP_005767285.1,35.5,538,542,541,1.1e-54,209.1,0.99262,0.994455
DAKCFMEO_04008,WP_011105087.1,36.6,538,542,539,4.6e-50,193.7,0.99262,0.998145
DAKCFMEO_04008,WP_011104616.1,37.9,551,542,546,2.5e-35,144.8,1.01661,1.00916
DAKCFMEO_04009,WP_005764626.1,74.3,136,142,142,8.1e-55,207.6,0.957746,0.957746
DAKCFMEO_04010,WP_057443166.1,49.1,752,767,784,1.8e-217,750.4,0.980443,0.959184
DAKCFMEO_04010,WP_011105470.1,45.9,762,767,778,1.5e-195,677.6,0.993481,0.979434
DAKCFMEO_04011,WP_011104349.1,82.8,663,663,667,0.0e+00,1095.1,1,0.994003
DAKCFMEO_04011,WP_007244904.1,37.1,428,663,502,9.2e-69,256.1,0.645551,0.85259
DAKCFMEO_04011,WP_003380235.1,34.3,463,663,448,1.6e-60,228.8,0.698341,1.03348
DAKCFMEO_04011,WP_005769193.1,32.2,540,663,617,1.9e-58,221.9,0.81448,0.875203
DAKCFMEO_04011,WP_005767731.1,32.7,450,663,521,2.9e-54,208.0,0.678733,0.863724
DAKCFMEO_04012,WP_011104350.1,86.2,340,340,340,6.0e-165,574.7,1,1
DAKCFMEO_04013,WP_005764492.1,88.9,262,262,262,1.1e-134,473.8,1,1
DAKCFMEO_04014,WP_005764495.1,85.7,308,308,308,9.3e-149,520.8,1,1
DAKCFMEO_04014,WP_007246965.1,52.3,300,308,309,1.1e-85,311.2,0.974026,0.970874
DAKCFMEO_04014,WP_005771273.1,41.3,286,308,306,1.8e-59,224.2,0.928571,0.934641
DAKCFMEO_04014,WP_005765644.1,30.0,243,308,319,4.4e-21,96.7,0.788961,0.761755
DAKCFMEO_04016,WP_011104374.1,72.2,353,367,365,2.2e-152,533.1,0.961853,0.967123
DAKCFMEO_04016,WP_011103456.1,33.6,357,367,367,3.9e-45,176.8,0.972752,0.972752
DAKCFMEO_04016,WP_005767796.1,35.2,352,367,360,6.7e-45,176.0,0.959128,0.977778
DAKCFMEO_04016,WP_011104372.1,32.7,339,367,367,1.5e-39,158.3,0.923706,0.923706
DAKCFMEO_04016,WP_011104924.1,33.4,353,367,368,3.6e-38,153.7,0.961853,0.959239
DAKCFMEO_04016,WP_011104980.1,32.4,364,367,349,1.4e-37,151.8,0.991826,1.04298
DAKCFMEO_04016,WP_011103575.1,30.9,350,367,368,1.8e-26,114.8,0.953678,0.951087
DAKCFMEO_04017,WP_011104375.1,73.9,291,298,307,6.5e-115,408.3,0.97651,0.947883
DAKCFMEO_04017,WP_007245106.1,37.8,288,298,301,6.0e-44,172.6,0.966443,0.956811
DAKCFMEO_04017,WP_003377838.1,34.5,281,298,298,4.8e-41,162.9,0.942953,0.942953
DAKCFMEO_04017,WP_011104037.1,36.4,291,298,302,9.3e-37,148.7,0.97651,0.963576
DAKCFMEO_04017,WP_011103267.1,34.7,294,298,307,2.7e-36,147.1,0.986577,0.957655
DAKCFMEO_04017,WP_007246000.1,34.8,290,298,301,9.7e-34,138.7,0.973154,0.963455
DAKCFMEO_04017,WP_011104172.1,34.6,289,298,305,1.3e-33,138.3,0.969799,0.947541
DAKCFMEO_04017,WP_005765268.1,34.7,291,298,294,3.7e-33,136.7,0.97651,0.989796
DAKCFMEO_04017,WP_011104938.1,30.6,288,298,307,4.1e-32,133.3,0.966443,0.938111
DAKCFMEO_04017,WP_011103634.1,32.5,295,298,302,1.5e-31,131.3,0.989933,0.976821
DAKCFMEO_04017,WP_011104428.1,30.0,293,298,304,1.0e-30,128.6,0.983221,0.963816
DAKCFMEO_04017,WP_005615366.1,30.0,293,298,315,8.5e-30,125.6,0.983221,0.930159
DAKCFMEO_04017,WP_011104418.1,33.6,286,298,303,8.5e-30,125.6,0.959732,0.943894
DAKCFMEO_04017,WP_005771227.1,31.8,280,298,294,1.4e-29,124.8,0.939597,0.952381
DAKCFMEO_04017,WP_005617775.1,31.2,295,298,301,6.1e-28,119.4,0.989933,0.980066
DAKCFMEO_04017,WP_011104242.1,30.2,288,298,304,3.1e-24,107.1,0.966443,0.947368
DAKCFMEO_04017,WP_005764422.1,30.5,285,298,291,4.2e-21,96.7,0.956376,0.979381
DAKCFMEO_04019,WP_005737927.1,98.9,186,186,186,1.7e-97,349.7,1,1
DAKCFMEO_04020,WP_005764425.1,96.9,607,607,607,0.0e+00,1169.5,1,1
DAKCFMEO_04021,WP_005737926.1,98.5,195,195,214,2.0e-104,372.9,1,0.911215
DAKCFMEO_04021,WP_005768051.1,35.8,187,195,209,8.3e-26,111.7,0.958974,0.894737
DAKCFMEO_04021,WP_002554843.1,35.1,191,195,208,9.2e-25,108.2,0.979487,0.918269
DAKCFMEO_04021,WP_005765089.1,31.0,197,195,220,2.5e-22,100.1,1.01026,0.895455
DAKCFMEO_04022,WP_007246451.1,80.9,115,119,120,1.2e-48,186.8,0.966387,0.958333
DAKCFMEO_04025,WP_011104335.1,83.6,360,360,360,2.6e-174,605.9,1,1
DAKCFMEO_04025,WP_003382491.1,54.6,328,360,358,7.9e-99,355.1,0.911111,0.916201
DAKCFMEO_04026,WP_011104336.1,93.5,93,93,93,4.5e-46,177.9,1,1
DAKCFMEO_04026,WP_003373489.1,49.4,89,93,91,6.5e-21,94.4,0.956989,0.978022
DAKCFMEO_04027,WP_011104337.1,89.5,622,620,622,0.0e+00,1168.7,1.00323,1
DAKCFMEO_04027,WP_046463852.1,57.2,601,620,627,3.7e-213,735.7,0.969355,0.958533
DAKCFMEO_04027,WP_011104691.1,47.4,604,620,618,1.5e-166,580.9,0.974194,0.977346
DAKCFMEO_04027,WP_005770766.1,40.7,605,620,609,5.2e-122,433.0,0.975806,0.993432
DAKCFMEO_04028,WP_011104338.1,92.7,354,354,354,1.2e-184,640.2,1,1
DAKCFMEO_04028,WP_005739846.1,77.2,355,354,355,1.7e-157,550.1,1.00282,1
DAKCFMEO_04028,WP_011104692.1,69.9,355,354,357,4.4e-142,498.8,1.00282,0.994398
DAKCFMEO_04029,WP_005764441.1,95.0,340,341,340,8.7e-188,650.6,0.997067,1
DAKCFMEO_04029,WP_011103059.1,73.5,340,341,340,4.1e-145,508.8,0.997067,1
DAKCFMEO_04029,WP_011104693.1,71.4,336,341,339,1.6e-141,496.9,0.985337,0.99115
DAKCFMEO_04029,WP_007245922.1,33.0,224,341,301,2.0e-30,127.9,0.656891,0.744186
DAKCFMEO_04029,WP_005762406.1,32.6,221,341,306,1.1e-28,122.1,0.648094,0.722222
DAKCFMEO_04029,WP_005762883.1,31.9,216,341,302,6.7e-23,102.8,0.633431,0.715232
DAKCFMEO_04030,WP_011104339.1,91.8,524,527,525,7.9e-273,933.7,0.994307,0.998095
DAKCFMEO_04030,WP_011103058.1,71.6,522,527,527,1.7e-206,713.4,0.990512,0.990512
DAKCFMEO_04030,WP_005770761.1,68.2,525,527,536,2.2e-198,686.4,0.996205,0.979478
DAKCFMEO_04030,WP_011104382.1,44.9,530,527,548,4.5e-111,396.4,1.00569,0.967153
DAKCFMEO_04030,WP_011103050.1,36.7,523,527,613,7.8e-87,315.8,0.99241,0.853181
DAKCFMEO_04031,WP_011104349.1,36.2,467,470,667,2.2e-64,241.1,0.993617,0.70015
DAKCFMEO_04031,WP_003382141.1,42.1,340,470,491,3.1e-63,237.3,0.723404,0.692464
DAKCFMEO_04031,WP_005769514.1,33.8,468,470,439,2.3e-61,231.1,0.995745,1.06606
DAKCFMEO_04031,WP_007246574.1,37.4,412,470,461,1.2e-59,225.3,0.876596,0.893709
DAKCFMEO_04031,WP_002555721.1,35.4,475,470,478,1.2e-57,218.8,1.01064,0.993724
DAKCFMEO_04031,WP_011104948.1,35.7,448,470,444,1.2e-57,218.8,0.953191,1.00901
DAKCFMEO_04031,WP_011104077.1,40.7,366,470,509,2.6e-57,217.6,0.778723,0.719057
DAKCFMEO_04031,WP_011103371.1,34.4,488,470,478,4.9e-56,213.4,1.0383,1.02092
DAKCFMEO_04031,WP_007246617.1,37.5,395,470,442,4.1e-55,210.3,0.840426,0.893665
DAKCFMEO_04031,WP_007244904.1,39.0,318,470,502,1.2e-54,208.8,0.676596,0.633466
DAKCFMEO_04031,WP_011105485.1,41.7,314,470,505,4.6e-54,206.8,0.668085,0.621782
DAKCFMEO_04031,WP_011103301.1,38.2,330,470,446,2.3e-53,204.5,0.702128,0.73991
DAKCFMEO_04031,WP_011103783.1,39.2,329,470,471,8.6e-53,202.6,0.7,0.698514
DAKCFMEO_04031,WP_003380235.1,41.4,307,470,448,2.1e-51,198.0,0.653191,0.685268
DAKCFMEO_04031,WP_007246973.1,39.5,309,470,368,1.8e-50,194.9,0.657447,0.839674
DAKCFMEO_04031,WP_005767731.1,36.8,326,470,521,5.8e-49,189.9,0.693617,0.62572
DAKCFMEO_04031,WP_011103533.1,39.1,302,470,314,3.5e-46,180.6,0.642553,0.961783
DAKCFMEO_04031,WP_011104402.1,36.5,307,470,434,3.0e-45,177.6,0.653191,0.707373
DAKCFMEO_04031,WP_005763906.1,41.2,291,470,302,1.6e-43,171.8,0.619149,0.963576
DAKCFMEO_04033,WP_005770626.1,31.6,250,252,247,2.5e-27,117.1,0.992063,1.01215
DAKCFMEO_04033,WP_011103979.1,31.9,257,252,266,2.6e-24,107.1,1.01984,0.966165
DAKCFMEO_04033,WP_005764784.1,31.3,233,252,249,5.9e-24,105.9,0.924603,0.935743
DAKCFMEO_04033,WP_011103980.1,30.4,253,252,254,2.2e-23,104.0,1.00397,0.996063
DAKCFMEO_04033,WP_011104354.1,32.4,247,252,243,3.8e-23,103.2,0.980159,1.01646
DAKCFMEO_04033,WP_007246009.1,30.3,251,252,286,7.2e-22,99.0,0.996032,0.877622
DAKCFMEO_04033,WP_007245058.1,30.5,243,252,270,1.5e-19,91.3,0.964286,0.9
DAKCFMEO_04033,WP_005767607.1,30.6,209,252,271,2.8e-18,87.0,0.829365,0.771218
DAKCFMEO_04034,WP_044389985.1,93.8,385,388,389,2.0e-204,706.1,0.992268,0.989717
DAKCFMEO_04034,WP_003377212.1,42.9,343,388,344,2.1e-73,270.8,0.884021,0.997093
DAKCFMEO_04034,WP_011106982.1,31.2,263,388,393,2.5e-29,124.4,0.677835,0.669211
DAKCFMEO_04034,WP_011107026.1,31.2,263,388,393,2.5e-29,124.4,0.677835,0.669211
DAKCFMEO_04035,WP_003373489.1,98.9,91,91,91,2.3e-47,182.2,1,1
DAKCFMEO_04035,WP_011104336.1,52.8,89,91,93,2.6e-22,99.0,0.978022,0.956989
DAKCFMEO_04036,WP_011104341.1,93.6,548,548,548,7.9e-308,1050.0,1,1
DAKCFMEO_04037,WP_011104342.1,87.9,752,775,761,0.0e+00,1329.3,0.970323,0.988173
DAKCFMEO_04038,WP_011104343.1,59.4,465,471,468,1.5e-150,527.3,0.987261,0.99359
DAKCFMEO_04039,WP_005764454.1,77.8,500,500,500,1.9e-231,796.2,1,1
DAKCFMEO_04041,WP_011104344.1,89.6,338,344,340,2.0e-179,622.9,0.982558,0.994118
DAKCFMEO_04041,WP_011103021.1,31.0,248,344,325,7.3e-25,109.4,0.72093,0.763077
DAKCFMEO_04042,WP_005764458.1,97.7,304,304,304,4.4e-167,581.6,1,1
DAKCFMEO_04042,WP_005738213.1,57.0,300,304,309,8.2e-97,348.2,0.986842,0.970874
DAKCFMEO_04042,WP_005762543.1,31.1,305,304,309,9.9e-34,138.7,1.00329,0.987055
DAKCFMEO_04048,WP_011103398.1,37.8,299,292,294,4.8e-46,179.5,1.02397,1.01701
DAKCFMEO_04048,WP_011104122.1,35.7,294,292,290,4.4e-39,156.4,1.00685,1.01379
DAKCFMEO_04050,WP_011103118.1,35.1,248,262,257,2.2e-29,124.0,0.946565,0.964981
DAKCFMEO_04050,WP_011103979.1,31.2,260,262,266,4.8e-29,122.9,0.992366,0.977444
DAKCFMEO_04050,WP_005770966.1,30.8,247,262,254,9.4e-25,108.6,0.942748,0.972441
DAKCFMEO_04050,WP_011104035.1,30.7,257,262,266,4.0e-23,103.2,0.980916,0.966165
DAKCFMEO_04050,WP_005764784.1,31.4,245,262,249,2.6e-22,100.5,0.935115,0.983936
DAKCFMEO_04050,WP_005764783.1,32.0,253,262,253,3.4e-22,100.1,0.965649,1
DAKCFMEO_04050,WP_011104354.1,30.1,249,262,243,3.2e-17,83.6,0.950382,1.02469
DAKCFMEO_04055,WP_005767735.1,44.7,255,256,258,2.5e-62,233.4,0.996094,0.988372
DAKCFMEO_04055,WP_003381525.1,40.7,253,256,260,1.2e-53,204.5,0.988281,0.973077
DAKCFMEO_04055,WP_011105442.1,33.9,257,256,254,2.5e-38,153.7,1.00391,1.01181
DAKCFMEO_04055,WP_005765569.1,31.2,237,256,268,8.0e-29,122.1,0.925781,0.884328
DAKCFMEO_04056,WP_005740602.1,44.3,221,229,229,4.6e-44,172.6,0.965066,0.965066
DAKCFMEO_04056,WP_046463429.1,41.4,220,229,242,6.1e-44,172.2,0.960699,0.909091
DAKCFMEO_04056,WP_011105443.1,32.9,216,229,231,7.7e-31,128.6,0.943231,0.935065
DAKCFMEO_04056,WP_003383265.1,30.4,168,229,229,1.3e-14,74.7,0.733624,0.733624
DAKCFMEO_04056,WP_011104187.1,30.4,168,229,220,1.7e-14,74.3,0.733624,0.763636
DAKCFMEO_04056,WP_011103715.1,31.7,167,229,232,7.2e-13,68.9,0.729258,0.719828
DAKCFMEO_04057,WP_005764880.1,54.5,231,235,236,4.7e-68,252.3,0.982979,0.978814
DAKCFMEO_04057,WP_011103715.1,46.7,225,235,232,6.0e-47,182.2,0.957447,0.969828
DAKCFMEO_04057,WP_003383265.1,38.5,208,235,229,4.2e-32,132.9,0.885106,0.908297
DAKCFMEO_04057,WP_003381368.1,33.8,207,235,222,4.3e-21,96.3,0.880851,0.932432
DAKCFMEO_04057,WP_046463429.1,31.0,210,235,242,1.8e-19,90.9,0.893617,0.867769
DAKCFMEO_04057,WP_046464032.1,30.8,214,235,216,1.5e-13,71.2,0.910638,0.990741
DAKCFMEO_04058,WP_005764030.1,40.4,240,259,250,1.3e-47,184.5,0.926641,0.96
DAKCFMEO_04061,WP_005770289.1,73.2,97,100,111,4.1e-37,148.3,0.97,0.873874
DAKCFMEO_04062,WP_011104371.1,49.7,193,194,193,4.5e-48,185.7,0.994845,1
DAKCFMEO_04063,WP_003378111.1,75.9,224,225,225,7.7e-100,357.8,0.995556,0.995556
DAKCFMEO_04064,WP_005767796.1,46.2,370,374,360,5.5e-87,315.8,0.989305,1.02778
DAKCFMEO_04064,WP_011104924.1,45.0,369,374,368,6.3e-83,302.4,0.986631,1.00272
DAKCFMEO_04064,WP_011104372.1,42.3,371,374,367,2.0e-76,280.8,0.991979,1.0109
DAKCFMEO_04064,WP_011104980.1,42.1,368,374,349,1.6e-73,271.2,0.983957,1.05444
DAKCFMEO_04064,WP_011104374.1,33.5,355,374,365,2.2e-43,171.0,0.949198,0.972603
DAKCFMEO_04064,WP_011103456.1,39.1,233,374,367,6.0e-41,162.9,0.622995,0.634877
DAKCFMEO_04064,WP_011103986.1,33.6,348,374,363,2.5e-31,131.0,0.930481,0.958678
DAKCFMEO_04065,WP_005771495.1,33.0,109,141,145,6.4e-12,65.1,0.77305,0.751724
DAKCFMEO_04067,WP_005768135.1,89.8,568,584,578,5.7e-288,984.2,0.972603,0.982699
DAKCFMEO_04069,WP_007245058.1,56.0,268,284,270,2.6e-76,280.0,0.943662,0.992593
DAKCFMEO_04069,WP_046463536.1,38.9,262,284,270,5.2e-45,176.0,0.922535,0.97037
DAKCFMEO_04069,WP_011103477.1,33.7,273,284,272,1.9e-31,131.0,0.961268,1.00368
DAKCFMEO_04069,WP_005763057.1,34.4,183,284,254,1.4e-21,98.2,0.644366,0.720472
DAKCFMEO_04069,WP_005614190.1,37.8,193,284,258,4.0e-21,96.7,0.679577,0.748062
DAKCFMEO_04069,WP_007246009.1,35.7,182,284,286,3.8e-19,90.1,0.640845,0.636364
DAKCFMEO_04069,WP_007245738.1,31.0,197,284,252,5.4e-18,86.3,0.693662,0.781746
DAKCFMEO_04069,WP_011103118.1,34.3,178,284,257,1.0e-16,82.0,0.626761,0.692607
DAKCFMEO_04069,WP_005770966.1,30.0,200,284,254,2.3e-16,80.9,0.704225,0.787402
DAKCFMEO_04069,WP_005770626.1,30.7,225,284,247,3.0e-16,80.5,0.792254,0.910931
DAKCFMEO_04069,WP_011103980.1,38.0,187,284,254,5.1e-16,79.7,0.658451,0.73622
DAKCFMEO_04069,WP_005762581.1,30.8,201,284,255,8.7e-16,79.0,0.707746,0.788235
DAKCFMEO_04069,WP_005764783.1,35.3,187,284,253,1.5e-15,78.2,0.658451,0.73913
DAKCFMEO_04069,WP_011104368.1,34.9,195,284,252,4.3e-15,76.6,0.68662,0.77381
DAKCFMEO_04069,WP_005764784.1,34.2,184,284,249,9.6e-15,75.5,0.647887,0.738956
DAKCFMEO_04069,WP_005619926.1,34.2,193,284,244,4.8e-14,73.2,0.679577,0.790984
DAKCFMEO_04069,WP_011104271.1,35.4,178,284,250,1.8e-13,71.2,0.626761,0.712
DAKCFMEO_04069,WP_005771315.1,33.5,188,284,249,2.4e-13,70.9,0.661972,0.75502
DAKCFMEO_04071,WP_011104281.1,43.0,323,356,335,6.7e-66,245.7,0.907303,0.964179
DAKCFMEO_04071,WP_011105506.1,36.6,339,356,335,8.8e-50,192.2,0.952247,1.01194
DAKCFMEO_04071,WP_011103110.1,31.8,330,356,345,2.1e-35,144.4,0.926966,0.956522
DAKCFMEO_04071,WP_011104195.1,30.4,335,356,331,2.6e-33,137.5,0.941011,1.01208
DAKCFMEO_04071,WP_011105258.1,32.2,227,356,271,1.2e-14,75.5,0.63764,0.837638
DAKCFMEO_04072,WP_011104367.1,39.4,287,300,299,3.4e-55,209.9,0.956667,0.959866
DAKCFMEO_04072,WP_005766129.1,34.0,291,300,326,1.9e-45,177.6,0.97,0.892638
DAKCFMEO_04072,WP_005769653.1,30.8,279,300,297,3.3e-34,140.2,0.93,0.939394
DAKCFMEO_04074,WP_005768966.1,53.2,365,376,376,2.8e-115,409.8,0.970745,0.970745
DAKCFMEO_04076,WP_002554655.1,50.5,218,232,231,2.7e-47,183.3,0.939655,0.943723
DAKCFMEO_04076,WP_007245914.1,47.2,218,232,236,1.3e-41,164.5,0.939655,0.923729
DAKCFMEO_04076,WP_010203861.1,32.9,207,232,242,7.8e-23,102.1,0.892241,0.855372
DAKCFMEO_04076,WP_044392584.1,30.7,218,232,228,3.0e-22,100.1,0.939655,0.95614
DAKCFMEO_04076,WP_007246518.1,32.1,221,232,318,3.6e-20,93.2,0.952586,0.694969
DAKCFMEO_04076,WP_005768984.1,30.3,221,232,230,1.3e-17,84.7,0.952586,0.96087
DAKCFMEO_04077,WP_161420636.1,45.8,142,148,151,7.7e-24,104.8,0.959459,0.940397
DAKCFMEO_04077,WP_005770871.1,41.5,135,148,148,3.8e-23,102.4,0.912162,0.912162
DAKCFMEO_04077,WP_005739842.1,33.1,136,148,133,2.8e-18,86.3,0.918919,1.02256
DAKCFMEO_04077,WP_005613239.1,39.0,123,148,141,5.9e-16,78.6,0.831081,0.87234
DAKCFMEO_04077,WP_005768982.1,33.6,128,148,134,3.8e-15,75.9,0.864865,0.955224
DAKCFMEO_04079,WP_007246281.1,91.0,413,413,414,3.6e-204,705.3,1,0.997585
DAKCFMEO_04080,WP_003380455.1,96.3,1063,1063,1063,0.0e+00,1958.3,1,1
DAKCFMEO_04080,WP_011104100.1,41.2,1056,1063,1047,4.7e-216,746.1,0.993415,1.0086
DAKCFMEO_04080,WP_005768691.1,41.3,1052,1063,1044,6.2e-216,745.7,0.989652,1.00766
DAKCFMEO_04080,WP_011104174.1,30.0,1049,1063,1035,3.0e-109,391.3,0.98683,1.01353
DAKCFMEO_04081,WP_010201131.1,90.8,465,465,465,1.1e-233,803.5,1,1
DAKCFMEO_04081,WP_011104636.1,30.7,459,465,477,2.2e-45,177.9,0.987097,0.962264
DAKCFMEO_04083,WP_003380449.1,95.8,120,120,120,3.7e-61,228.4,1,1
DAKCFMEO_04083,WP_007247160.1,55.8,120,120,121,4.8e-32,131.7,1,0.991736
DAKCFMEO_04083,WP_002554971.1,54.5,123,120,126,1.3e-29,123.6,1.025,0.97619
DAKCFMEO_04083,WP_011105154.1,51.6,122,120,124,2.1e-27,116.3,1.01667,0.983871
DAKCFMEO_04084,WP_046463773.1,82.5,183,188,200,2.1e-79,289.7,0.973404,0.915
DAKCFMEO_04085,WP_005766190.1,87.3,173,173,173,5.2e-88,318.2,1,1
DAKCFMEO_04086,WP_007246288.1,96.3,520,520,520,1.9e-287,982.2,1,1
DAKCFMEO_04086,WP_005736511.1,35.6,315,520,320,2.4e-40,161.4,0.605769,0.984375
DAKCFMEO_04087,WP_003380444.1,97.3,187,187,187,2.3e-105,375.9,1,1
DAKCFMEO_04088,WP_011104391.1,82.0,316,319,319,6.9e-155,541.2,0.990596,0.990596
DAKCFMEO_04089,WP_005766198.1,63.0,332,335,336,1.4e-49,191.4,0.991045,0.988095
DAKCFMEO_04090,WP_032710559.1,72.1,427,433,432,7.9e-178,617.8,0.986143,0.988426
DAKCFMEO_04090,WP_011104427.1,33.2,316,433,438,1.1e-38,155.6,0.729792,0.721461
DAKCFMEO_04091,WP_005766202.1,91.4,452,452,452,1.6e-245,842.8,1,1
DAKCFMEO_04091,WP_046463388.1,78.8,448,452,465,1.0e-212,733.8,0.99115,0.963441
DAKCFMEO_04091,WP_003382001.1,32.0,460,452,478,2.2e-61,231.1,1.0177,0.962343
DAKCFMEO_04092,WP_003315315.1,96.1,279,279,279,5.3e-159,554.7,1,1
DAKCFMEO_04093,WP_005766205.1,96.8,93,93,93,5.3e-47,181.0,1,1
DAKCFMEO_04093,WP_011104554.1,37.5,88,93,104,4.2e-12,65.1,0.946237,0.846154
DAKCFMEO_04094,WP_005737860.1,81.2,117,116,117,7.1e-49,187.6,1.00862,1
DAKCFMEO_04095,WP_003380432.1,90.0,100,101,101,2.5e-50,192.2,0.990099,0.990099
DAKCFMEO_04096,WP_003380430.1,88.3,60,59,60,4.4e-23,100.9,1.01695,1
DAKCFMEO_04097,WP_011104393.1,76.9,225,225,228,9.3e-106,377.5,1,0.986842
DAKCFMEO_04098,WP_005766210.1,86.4,604,606,605,0.0e+00,1092.0,0.9967,0.998347
DAKCFMEO_04098,WP_011104036.1,35.3,601,606,608,2.2e-101,364.4,0.991749,0.988487
DAKCFMEO_04099,WP_005766212.1,79.7,266,276,272,2.0e-118,419.9,0.963768,0.977941
DAKCFMEO_04100,WP_011104394.1,90.2,510,510,510,1.2e-278,953.0,1,1
DAKCFMEO_04100,WP_003375894.1,37.8,495,510,489,5.4e-93,336.3,0.970588,1.01227
DAKCFMEO_04101,WP_005766216.1,92.3,324,324,324,3.4e-173,602.1,1,1
DAKCFMEO_04102,WP_005766218.1,85.7,56,57,57,9.9e-20,89.7,0.982456,0.982456
DAKCFMEO_04103,WP_005766220.1,87.7,163,163,163,5.2e-82,298.1,1,1
DAKCFMEO_04104,WP_005766223.1,93.1,523,530,529,2.5e-295,1008.4,0.986792,0.988658
DAKCFMEO_04105,WP_005766224.1,83.6,605,605,604,1.0e-308,1053.1,1,1.00166
DAKCFMEO_04106,WP_011104396.1,85.1,692,692,692,0.0e+00,1193.7,1,1
DAKCFMEO_04107,WP_011104397.1,86.4,926,927,927,0.0e+00,1665.2,0.998921,0.998921
DAKCFMEO_04109,WP_005766232.1,94.5,727,727,727,0.0e+00,1439.9,1,1
DAKCFMEO_04110,WP_005766234.1,79.5,337,345,337,1.7e-159,556.6,0.976812,1
DAKCFMEO_04111,WP_005766237.1,77.0,257,257,257,1.2e-117,417.2,1,1
DAKCFMEO_04112,WP_007246306.1,82.5,206,207,208,5.4e-100,358.2,0.995169,0.990385
DAKCFMEO_04113,WP_011104399.1,81.9,216,217,217,7.9e-102,364.4,0.995392,0.995392
DAKCFMEO_04114,WP_046463775.1,82.0,356,356,346,1.1e-166,580.5,1,1.0289
DAKCFMEO_04115,WP_007246309.1,82.2,202,202,202,1.4e-92,333.6,1,1
DAKCFMEO_04116,WP_005766247.1,84.6,319,319,319,5.7e-157,548.1,1,1
DAKCFMEO_04116,WP_003377838.1,35.4,280,319,298,4.3e-40,159.8,0.877743,0.939597
DAKCFMEO_04116,WP_011104938.1,30.8,289,319,307,4.1e-38,153.3,0.905956,0.941368
DAKCFMEO_04116,WP_011104418.1,33.1,287,319,303,9.0e-38,152.1,0.899687,0.947195
DAKCFMEO_04116,WP_007245106.1,32.2,289,319,301,3.8e-36,146.7,0.905956,0.960133
DAKCFMEO_04116,WP_011103634.1,31.7,284,319,302,5.5e-35,142.9,0.890282,0.940397
DAKCFMEO_04116,WP_011104172.1,30.8,286,319,305,3.6e-34,140.2,0.896552,0.937705
DAKCFMEO_04116,WP_005764422.1,32.2,289,319,291,3.7e-31,130.2,0.905956,0.993127
DAKCFMEO_04117,WP_011104401.1,86.6,262,264,263,1.1e-129,457.2,0.992424,0.996198
DAKCFMEO_04117,WP_011103445.1,30.0,250,264,259,3.7e-21,96.7,0.94697,0.965251
DAKCFMEO_04118,WP_007246311.1,77.2,114,114,114,8.2e-50,190.7,1,1
DAKCFMEO_04119,WP_007246312.1,72.7,143,146,156,2.1e-58,219.5,0.979452,0.916667
DAKCFMEO_04120,WP_005766254.1,93.1,276,276,276,8.1e-144,504.2,1,1
DAKCFMEO_04121,WP_005766257.1,88.8,187,187,187,3.6e-95,342.0,1,1
DAKCFMEO_04122,WP_007246313.1,75.3,178,192,178,1.1e-75,277.3,0.927083,1
DAKCFMEO_04123,WP_011104402.1,71.9,441,441,434,6.8e-185,641.3,1,1.01613
DAKCFMEO_04123,WP_007246574.1,41.2,347,441,461,2.4e-65,244.2,0.786848,0.752711
DAKCFMEO_04123,WP_011103371.1,44.2,317,441,478,3.2e-65,243.8,0.718821,0.66318
DAKCFMEO_04123,WP_003382141.1,45.9,303,441,491,5.4e-65,243.0,0.687075,0.617108
DAKCFMEO_04123,WP_011103301.1,40.3,345,441,446,2.7e-64,240.7,0.782313,0.773543
DAKCFMEO_04123,WP_011104948.1,42.2,353,441,444,2.3e-63,237.7,0.800454,0.795045
DAKCFMEO_04123,WP_007246617.1,40.7,349,441,442,3.0e-63,237.3,0.791383,0.789593
DAKCFMEO_04123,WP_011105485.1,41.5,313,441,505,1.1e-62,235.3,0.709751,0.619802
DAKCFMEO_04123,WP_003380235.1,42.3,284,441,448,1.5e-59,224.9,0.643991,0.633929
DAKCFMEO_04123,WP_011103783.1,39.6,316,441,471,4.9e-58,219.9,0.716553,0.670913
DAKCFMEO_04123,WP_005765610.1,41.9,279,441,316,7.3e-54,206.1,0.632653,0.882911
DAKCFMEO_04123,WP_005769514.1,36.9,317,441,439,5.2e-52,199.9,0.718821,0.722096
DAKCFMEO_04123,WP_011103533.1,38.4,276,441,314,3.3e-46,180.6,0.62585,0.878981
DAKCFMEO_04123,WP_005763906.1,37.3,279,441,302,1.1e-44,175.6,0.632653,0.923841
DAKCFMEO_04124,WP_005766263.1,93.2,88,88,88,5.2e-44,171.0,1,1
DAKCFMEO_04125,WP_005739770.1,91.8,319,320,320,1.1e-168,587.0,0.996875,0.996875
DAKCFMEO_04125,WP_011105383.1,33.2,307,320,325,6.5e-36,146.0,0.959375,0.944615
DAKCFMEO_04126,WP_005770460.1,96.1,693,693,704,0.0e+00,1297.3,1,0.984375
DAKCFMEO_04127,WP_005770458.1,93.4,590,590,590,0.0e+00,1090.1,1,1
DAKCFMEO_04128,WP_005770456.1,93.5,123,127,123,4.7e-62,231.5,0.968504,1
DAKCFMEO_04129,WP_005770454.1,81.4,113,111,113,1.6e-45,176.4,1.01802,1
DAKCFMEO_04130,WP_005770452.1,91.2,147,150,150,2.0e-75,276.2,0.98,0.98
DAKCFMEO_04131,WP_005770450.1,91.8,257,255,257,7.8e-125,441.0,1.00784,1
DAKCFMEO_04131,WP_005736691.1,46.1,204,255,205,1.9e-46,180.6,0.8,0.995122
DAKCFMEO_04131,WP_005769477.1,34.3,210,255,224,9.5e-22,98.6,0.823529,0.9375
DAKCFMEO_04132,WP_005770446.1,73.5,151,178,171,4.5e-63,235.3,0.848315,0.883041
DAKCFMEO_04133,WP_007245808.1,90.7,396,396,396,4.3e-215,741.5,1,1
DAKCFMEO_04133,WP_011105511.1,35.8,405,396,406,8.2e-65,242.3,1.02273,0.997537
DAKCFMEO_04134,WP_005770439.1,71.2,118,131,131,1.8e-45,176.4,0.900763,0.900763
DAKCFMEO_04138,WP_005770437.1,96.4,306,306,306,2.9e-166,578.9,1,1
DAKCFMEO_04139,WP_005770435.1,96.8,311,324,315,1.0e-153,537.3,0.959877,0.987302
DAKCFMEO_04140,WP_005770433.1,92.6,621,624,624,0.0e+00,1143.6,0.995192,0.995192
DAKCFMEO_04141,WP_005770431.1,94.2,1156,1157,1157,0.0e+00,2124.7,0.999136,0.999136
DAKCFMEO_04144,WP_003383332.1,95.5,312,312,312,4.8e-177,614.8,1,1
DAKCFMEO_04145,WP_007245803.1,95.4,324,324,324,4.7e-175,608.2,1,1
DAKCFMEO_04145,WP_024666158.1,39.6,313,324,316,1.3e-55,211.5,0.966049,0.990506
DAKCFMEO_04145,WP_005616363.1,40.1,314,324,300,2.7e-53,203.8,0.969136,1.04667
DAKCFMEO_04145,WP_005768541.1,36.6,314,324,372,1.1e-38,155.2,0.969136,0.844086
DAKCFMEO_04146,WP_011104774.1,89.5,354,356,356,2.2e-189,656.0,0.994382,0.994382
DAKCFMEO_04148,WP_005770425.1,98.2,281,281,281,5.9e-158,551.2,1,1
DAKCFMEO_04149,WP_007245801.1,95.2,392,392,392,2.5e-215,742.3,1,1
DAKCFMEO_04150,WP_046463459.1,73.8,237,240,238,1.2e-106,380.6,0.9875,0.995798
DAKCFMEO_04152,WP_011104777.1,91.4,174,174,174,2.9e-91,328.9,1,1
DAKCFMEO_04153,WP_005619831.1,95.3,258,262,262,7.7e-152,530.8,0.984733,0.984733
DAKCFMEO_04154,WP_005770416.1,83.1,160,160,158,1.8e-71,263.1,1,1.01266
DAKCFMEO_04155,WP_011104778.1,89.8,683,686,685,0.0e+00,1275.4,0.995627,0.99708
DAKCFMEO_04156,WP_007245797.1,91.1,158,158,158,1.1e-76,280.4,1,1
DAKCFMEO_04157,WP_002552611.1,95.2,124,124,124,1.5e-68,253.1,1,1
DAKCFMEO_04158,WP_011104780.1,85.0,585,587,589,3.3e-288,984.9,0.996593,0.993209
DAKCFMEO_04159,WP_044392483.1,75.5,286,297,289,2.2e-126,446.4,0.962963,0.989619
DAKCFMEO_04160,WP_007245794.1,97.0,165,166,165,3.5e-94,338.6,0.993976,1
DAKCFMEO_04161,WP_011104782.1,84.6,123,126,126,9.4e-39,154.1,0.97619,0.97619
DAKCFMEO_04162,WP_005619852.1,94.6,149,149,149,4.9e-87,314.7,1,1
DAKCFMEO_04163,WP_005770403.1,88.8,197,197,197,2.4e-105,375.9,1,1
DAKCFMEO_04164,WP_011104783.1,89.4,310,310,310,5.1e-163,568.2,1,1
DAKCFMEO_04164,WP_010207549.1,31.5,314,310,309,3.8e-33,136.7,1.0129,1.01618
DAKCFMEO_04165,WP_003379038.1,90.7,97,97,97,2.5e-47,182.2,1,1
DAKCFMEO_04166,WP_011104784.1,93.1,377,377,377,4.9e-208,718.0,1,1
DAKCFMEO_04167,WP_011104785.1,82.9,544,546,547,4.5e-271,927.9,0.996337,0.994516
DAKCFMEO_04167,WP_011105582.1,70.3,539,546,549,1.8e-232,799.7,0.987179,0.981785
DAKCFMEO_04168,WP_046463461.1,95.4,563,563,563,0.0e+00,1081.6,1,1
DAKCFMEO_04169,WP_005771635.1,36.5,203,215,229,1.7e-16,80.9,0.944186,0.886463
DAKCFMEO_04171,WP_005770393.1,84.0,156,156,160,4.8e-77,281.6,1,0.975
DAKCFMEO_04172,WP_044391022.1,88.8,455,456,456,5.3e-217,748.0,0.997807,0.997807
DAKCFMEO_04172,WP_005765159.1,44.0,441,456,450,5.9e-99,355.9,0.967105,0.98
DAKCFMEO_04172,WP_011105322.1,41.2,434,456,449,1.3e-85,311.6,0.951754,0.966592
DAKCFMEO_04172,WP_007247340.1,34.6,456,456,485,3.6e-56,213.8,1,0.940206
DAKCFMEO_04173,WP_005764391.1,92.6,394,432,395,2.5e-216,745.7,0.912037,0.997468
DAKCFMEO_04174,WP_005764393.1,88.8,437,438,438,2.5e-240,825.5,0.997717,0.997717
DAKCFMEO_04175,WP_005764395.1,93.1,333,333,333,6.5e-172,597.8,1,1
DAKCFMEO_04176,WP_161797778.1,92.2,527,518,536,7.3e-279,953.7,1.01737,0.983209
DAKCFMEO_04176,WP_011104585.1,41.2,503,518,525,1.5e-103,371.3,0.971042,0.958095
DAKCFMEO_04176,WP_011104123.1,39.5,506,518,507,3.7e-97,350.1,0.976834,0.998028
DAKCFMEO_04176,WP_011103981.1,39.6,500,518,509,2.1e-92,334.3,0.965251,0.982318
DAKCFMEO_04176,WP_011103969.1,36.5,502,518,517,1.3e-89,325.1,0.969112,0.970986
DAKCFMEO_04176,WP_005764620.1,35.7,502,518,522,1.1e-85,312.0,0.969112,0.961686
DAKCFMEO_04176,WP_011103272.1,31.9,527,518,517,5.2e-59,223.4,1.01737,1.01934
DAKCFMEO_04176,WP_005763959.1,32.0,490,518,511,1.6e-55,211.8,0.945946,0.958904
DAKCFMEO_04177,WP_005764399.1,93.1,378,378,378,5.6e-196,677.9,1,1
DAKCFMEO_04182,WP_003382736.1,93.5,216,217,217,4.4e-121,428.3,0.995392,0.995392
DAKCFMEO_04182,WP_011105407.1,42.3,213,217,218,7.3e-47,181.8,0.981567,0.977064
DAKCFMEO_04183,WP_005770464.1,92.6,326,329,329,4.6e-170,591.7,0.990881,0.990881
DAKCFMEO_04183,WP_011104057.1,47.9,307,329,342,8.1e-74,271.9,0.933131,0.897661
DAKCFMEO_04183,WP_005768050.1,42.8,318,329,374,4.4e-64,239.6,0.966565,0.850267
DAKCFMEO_04183,WP_005762690.1,46.7,257,329,384,6.4e-63,235.7,0.781155,0.669271
DAKCFMEO_04183,WP_005737104.1,48.8,240,329,380,1.2e-61,231.5,0.729483,0.631579
DAKCFMEO_04183,WP_011103158.1,40.2,341,329,347,1.2e-61,231.5,1.03647,0.982709
DAKCFMEO_04183,WP_003380252.1,41.0,324,329,326,3.5e-61,229.9,0.984802,0.993865
DAKCFMEO_04183,WP_005764049.1,44.5,238,329,386,1.9e-59,224.2,0.723404,0.61658
DAKCFMEO_04183,WP_011103331.1,40.6,283,329,381,3.3e-59,223.4,0.860182,0.742782
DAKCFMEO_04183,WP_005768959.1,37.0,341,329,368,1.7e-55,211.1,1.03647,0.92663
DAKCFMEO_04183,WP_044390643.1,36.5,337,329,356,3.9e-52,199.9,1.02432,0.946629
DAKCFMEO_04183,WP_011104376.1,38.5,244,329,253,6.7e-44,172.6,0.741641,0.964427
DAKCFMEO_04183,WP_011104358.1,35.1,276,329,345,9.0e-41,162.2,0.838906,0.8
DAKCFMEO_04183,WP_003368676.1,33.9,257,329,385,2.6e-40,160.6,0.781155,0.667532
DAKCFMEO_04183,WP_007247035.1,37.1,221,329,276,1.4e-38,154.8,0.671733,0.800725
DAKCFMEO_04183,WP_011104117.1,36.2,240,329,278,1.9e-38,154.5,0.729483,0.863309
DAKCFMEO_04183,WP_005768429.1,37.5,240,329,244,2.5e-38,154.1,0.729483,0.983607
DAKCFMEO_04183,WP_007246818.1,38.6,220,329,260,4.2e-38,153.3,0.668693,0.846154
DAKCFMEO_04183,WP_011104697.1,36.4,242,329,371,4.2e-38,153.3,0.735562,0.652291
DAKCFMEO_04183,WP_005740065.1,34.6,228,329,364,5.5e-38,152.9,0.693009,0.626374
DAKCFMEO_04183,WP_011104308.1,33.6,330,329,362,9.3e-38,152.1,1.00304,0.911602
DAKCFMEO_04183,WP_011105420.1,40.7,209,329,270,1.6e-37,151.4,0.635258,0.774074
DAKCFMEO_04183,WP_005762478.1,36.8,250,329,263,2.7e-37,150.6,0.759878,0.95057
DAKCFMEO_04183,WP_005765582.1,36.3,262,329,376,2.3e-36,147.5,0.796353,0.696809
DAKCFMEO_04184,WP_005770465.1,95.5,265,265,265,3.1e-140,492.3,1,1
DAKCFMEO_04184,WP_011104134.1,32.6,218,265,271,8.1e-16,79.0,0.822642,0.804428
DAKCFMEO_04185,WP_005770467.1,92.1,280,280,280,5.7e-145,508.1,1,1
DAKCFMEO_04186,WP_046463458.1,91.4,268,268,268,8.7e-151,527.3,1,1
DAKCFMEO_04187,WP_011104766.1,91.3,355,355,355,5.1e-191,661.4,1,1
DAKCFMEO_04187,WP_005763742.1,31.8,296,355,333,2.7e-35,144.1,0.833803,0.888889
DAKCFMEO_04188,WP_011104765.1,88.2,238,239,239,5.4e-120,424.9,0.995816,0.995816
DAKCFMEO_04189,WP_011104764.1,96.7,429,429,429,6.1e-247,847.4,1,1
DAKCFMEO_04190,WP_005770474.1,96.7,211,211,211,5.5e-124,438.0,1,1
DAKCFMEO_04190,WP_003381266.1,33.3,219,211,320,7.8e-30,125.2,1.03791,0.684375
DAKCFMEO_04190,WP_005619727.1,32.5,209,211,318,1.3e-21,97.8,0.990521,0.657233
DAKCFMEO_04191,WP_002552653.1,98.8,84,84,84,7.9e-42,163.7,1,1
DAKCFMEO_04192,WP_003382726.1,95.6,270,270,270,3.3e-142,498.8,1,1
DAKCFMEO_04193,WP_011104763.1,95.9,246,286,246,1.4e-130,460.3,0.86014,1
DAKCFMEO_04194,WP_007245818.1,93.2,310,310,310,9.3e-173,600.5,1,1
DAKCFMEO_04195,WP_007245819.1,88.0,393,394,393,1.1e-197,683.7,0.997462,1
DAKCFMEO_04196,WP_005770654.1,83.8,284,284,284,9.9e-145,507.3,1,1
DAKCFMEO_04196,WP_011104419.1,31.5,219,284,278,1.6e-22,101.3,0.771127,0.78777
DAKCFMEO_04197,WP_005767596.1,92.2,270,270,270,1.0e-146,513.8,1,1
DAKCFMEO_04197,WP_003382959.1,45.1,162,270,233,5.5e-36,146.0,0.6,0.695279
DAKCFMEO_04198,WP_007245694.1,96.1,432,432,432,3.6e-247,848.2,1,1
DAKCFMEO_04199,WP_005767600.1,92.3,284,284,284,2.7e-150,525.8,1,1
DAKCFMEO_04200,WP_002552552.1,96.1,103,103,103,3.9e-51,194.9,1,1
DAKCFMEO_04201,WP_010202721.1,97.1,552,552,552,9.4e-293,1000.0,1,1
DAKCFMEO_04202,WP_002552554.1,97.1,35,52,52,4.3e-14,70.9,0.673077,0.673077
DAKCFMEO_04203,WP_005767605.1,79.0,124,125,125,2.3e-53,202.6,0.992,0.992
DAKCFMEO_04204,WP_005767607.1,91.4,268,270,271,5.1e-143,501.5,0.992593,0.98893
DAKCFMEO_04204,WP_005770966.1,32.9,219,270,254,2.9e-29,123.6,0.811111,0.862205
DAKCFMEO_04204,WP_005764784.1,35.0,200,270,249,3.9e-26,113.2,0.740741,0.803213
DAKCFMEO_04204,WP_011103980.1,33.3,183,270,254,5.0e-21,96.3,0.677778,0.720472
DAKCFMEO_04204,WP_011103459.1,31.0,187,270,306,6.1e-19,89.4,0.692593,0.611111
DAKCFMEO_04204,WP_011104991.1,32.3,198,270,252,1.0e-18,88.6,0.733333,0.785714
DAKCFMEO_04204,WP_005765466.1,32.1,196,270,242,1.4e-18,88.2,0.725926,0.809917
DAKCFMEO_04204,WP_007245058.1,33.9,183,270,270,1.4e-18,88.2,0.677778,0.677778
DAKCFMEO_04204,WP_011103979.1,30.9,188,270,266,1.4e-18,88.2,0.696296,0.706767
DAKCFMEO_04204,WP_007246009.1,31.1,235,270,286,3.0e-18,87.0,0.87037,0.821678
DAKCFMEO_04204,WP_005614190.1,30.6,252,270,258,8.8e-18,85.5,0.933333,0.976744
DAKCFMEO_04204,WP_046463536.1,32.3,189,270,270,1.1e-17,85.1,0.7,0.7
DAKCFMEO_04204,WP_005764783.1,30.6,216,270,253,4.4e-17,83.2,0.8,0.853755
DAKCFMEO_04204,WP_011104271.1,31.4,220,270,250,6.3e-16,79.3,0.814815,0.88
DAKCFMEO_04204,WP_011103737.1,30.3,185,270,262,3.1e-15,77.0,0.685185,0.706107
DAKCFMEO_04204,WP_011103477.1,30.7,179,270,272,2.9e-13,70.5,0.662963,0.658088
DAKCFMEO_04204,WP_005763057.1,30.7,225,270,254,5.0e-13,69.7,0.833333,0.885827
DAKCFMEO_04205,WP_003381023.1,87.9,58,65,64,1.2e-24,106.3,0.892308,0.90625
DAKCFMEO_04205,WP_002554157.1,59.3,59,65,62,4.4e-16,77.8,0.907692,0.951613
DAKCFMEO_04205,WP_002554426.1,50.8,59,65,62,2.3e-12,65.5,0.907692,0.951613
DAKCFMEO_04206,WP_004879420.1,100.0,75,75,75,2.5e-39,155.2,1,1
DAKCFMEO_04207,WP_005767612.1,97.2,397,398,398,5.9e-228,784.3,0.997487,0.997487
DAKCFMEO_04208,WP_005767614.1,92.8,581,582,582,0.0e+00,1084.7,0.998282,0.998282
DAKCFMEO_04209,WP_011103637.1,97.6,590,590,590,0.0e+00,1181.4,1,1
DAKCFMEO_04211,WP_046463929.1,76.9,359,358,359,1.5e-177,616.7,1.00279,1
DAKCFMEO_04212,WP_011103640.1,75.8,825,822,825,0.0e+00,1208.7,1.00365,1
DAKCFMEO_04213,WP_011103641.1,86.5,222,222,222,8.6e-104,370.9,1,1
DAKCFMEO_04213,WP_011103923.1,44.2,217,222,227,2.2e-43,170.2,0.977477,0.955947
DAKCFMEO_04213,WP_010203924.1,36.3,226,222,335,1.7e-35,144.1,1.01802,0.674627
DAKCFMEO_04213,WP_005768429.1,39.8,226,222,244,2.2e-35,143.7,1.01802,0.92623
DAKCFMEO_04213,WP_003383085.1,37.4,219,222,232,1.5e-34,141.0,0.986486,0.943966
DAKCFMEO_04213,WP_011104117.1,39.5,210,222,278,8.0e-33,135.2,0.945946,0.755396
DAKCFMEO_04213,WP_003380252.1,37.9,227,222,326,4.4e-31,129.4,1.02252,0.696319
DAKCFMEO_04213,WP_005762478.1,38.5,234,222,263,4.4e-31,129.4,1.05405,0.889734
DAKCFMEO_04213,WP_011104376.1,38.4,229,222,253,1.3e-30,127.9,1.03153,0.905138
DAKCFMEO_04213,WP_005763638.1,38.5,205,222,223,4.8e-30,125.9,0.923423,0.919283
DAKCFMEO_04213,WP_011104329.1,41.2,233,222,261,4.8e-30,125.9,1.04955,0.89272
DAKCFMEO_04213,WP_007246637.1,35.6,233,222,254,4.1e-29,122.9,1.04955,0.917323
DAKCFMEO_04213,WP_005737152.1,36.1,233,222,257,5.3e-29,122.5,1.04955,0.906615
DAKCFMEO_04213,WP_007245567.1,37.0,211,222,247,2.7e-28,120.2,0.95045,0.854251
DAKCFMEO_04213,WP_007243868.1,38.3,206,222,245,1.0e-27,118.2,0.927928,0.840816
DAKCFMEO_04213,WP_005762887.1,34.2,231,222,337,2.9e-27,116.7,1.04054,0.68546
DAKCFMEO_04214,WP_011103642.1,86.1,660,663,660,0.0e+00,1176.0,0.995475,1
DAKCFMEO_04215,WP_011103643.1,90.8,498,498,498,1.4e-271,929.5,1,1
DAKCFMEO_04217,WP_007246047.1,31.4,535,721,599,6.8e-57,216.9,0.742025,0.893155
DAKCFMEO_04220,WP_011103644.1,80.3,132,133,133,2.3e-59,222.6,0.992481,0.992481
DAKCFMEO_04221,WP_005767637.1,93.8,195,195,195,1.1e-105,377.1,1,1
DAKCFMEO_04222,WP_007245677.1,95.3,709,709,709,0.0e+00,1359.7,1,1
DAKCFMEO_04223,WP_003381003.1,86.1,144,144,144,3.0e-65,242.3,1,1
DAKCFMEO_04223,WP_011104633.1,38.1,134,144,150,2.4e-14,73.2,0.930556,0.893333
DAKCFMEO_04224,WP_046463928.1,67.5,739,727,731,1.7e-209,723.8,1.01651,1.01094
DAKCFMEO_04225,WP_005770653.1,94.9,136,136,136,2.0e-71,262.7,1,1
DAKCFMEO_04226,WP_011104757.1,94.4,815,815,815,0.0e+00,1576.6,1,1
DAKCFMEO_04227,WP_011104756.1,90.8,207,207,207,2.3e-114,406.0,1,1
DAKCFMEO_04227,WP_011105170.1,41.0,200,207,207,1.9e-41,163.7,0.966184,0.966184
DAKCFMEO_04227,WP_005763940.1,32.5,197,207,208,5.7e-17,82.4,0.951691,0.947115
DAKCFMEO_04228,WP_011104755.1,97.4,310,310,310,5.7e-170,591.3,1,1
DAKCFMEO_04228,WP_005765582.1,32.4,290,310,376,1.2e-31,131.7,0.935484,0.771277
DAKCFMEO_04228,WP_011104117.1,31.6,234,310,278,7.5e-29,122.5,0.754839,0.841727
DAKCFMEO_04228,WP_007245567.1,32.3,232,310,247,1.7e-28,121.3,0.748387,0.939271
DAKCFMEO_04228,WP_007243868.1,31.8,223,310,245,8.2e-28,119.0,0.719355,0.910204
DAKCFMEO_04228,WP_010203924.1,31.8,223,310,335,2.9e-25,110.5,0.719355,0.665672
DAKCFMEO_04228,WP_005737152.1,30.6,235,310,257,5.0e-25,109.8,0.758065,0.914397
DAKCFMEO_04228,WP_011104376.1,30.3,228,310,253,1.1e-24,108.6,0.735484,0.901186
DAKCFMEO_04228,WP_005768429.1,31.8,214,310,244,2.5e-24,107.5,0.690323,0.877049
DAKCFMEO_04228,WP_003380252.1,30.9,223,310,326,7.2e-24,105.9,0.719355,0.684049
DAKCFMEO_04228,WP_011105568.1,32.1,212,310,259,1.6e-23,104.8,0.683871,0.818533
DAKCFMEO_04228,WP_007246818.1,33.0,218,310,260,3.6e-23,103.6,0.703226,0.838462
DAKCFMEO_04228,WP_005770464.1,32.6,236,310,329,6.1e-23,102.8,0.76129,0.717325
DAKCFMEO_04228,WP_011104057.1,31.0,213,310,342,1.0e-22,102.1,0.687097,0.622807
DAKCFMEO_04228,WP_011104329.1,30.5,233,310,261,1.4e-22,101.7,0.751613,0.89272
DAKCFMEO_04229,WP_011104754.1,97.7,262,262,262,4.2e-142,498.4,1,1
DAKCFMEO_04230,WP_011104753.1,76.4,292,296,299,5.5e-138,485.0,0.986486,0.976589
DAKCFMEO_04230,WP_044392855.1,75.8,289,296,295,8.7e-136,477.6,0.976351,0.979661
DAKCFMEO_04232,WP_011104749.1,78.6,738,738,738,0.0e+00,1153.7,1,1
DAKCFMEO_04233,WP_007245835.1,94.7,225,225,238,1.1e-114,407.1,1,0.945378
DAKCFMEO_04234,WP_005770645.1,97.2,143,143,143,7.6e-69,254.2,1,1
DAKCFMEO_04235,WP_005770644.1,89.1,331,331,331,1.2e-178,620.2,1,1
DAKCFMEO_04236,WP_003381112.1,96.7,61,61,61,7.3e-29,120.2,1,1
DAKCFMEO_04237,WP_005770642.1,89.3,253,254,254,5.5e-131,461.5,0.996063,0.996063
DAKCFMEO_04238,WP_005770641.1,85.8,339,339,339,1.2e-173,603.6,1,1
DAKCFMEO_04240,WP_005619727.1,97.8,317,319,318,4.9e-177,614.8,0.99373,0.996855
DAKCFMEO_04240,WP_003381266.1,32.2,255,319,320,1.9e-27,117.9,0.799373,0.796875
DAKCFMEO_04240,WP_005770474.1,32.7,208,319,211,4.5e-21,96.7,0.652038,0.985782
DAKCFMEO_04241,WP_005770637.1,82.1,218,219,220,1.8e-101,363.2,0.995434,0.990909
DAKCFMEO_04242,WP_005770635.1,85.8,332,332,332,6.5e-164,571.2,1,1
DAKCFMEO_04243,WP_011104746.1,82.8,192,192,192,9.2e-86,310.8,1,1
DAKCFMEO_04243,WP_011105015.1,36.8,193,192,200,3.0e-20,93.2,1.00521,0.965
DAKCFMEO_04244,WP_011104745.1,96.0,175,175,175,5.8e-95,341.3,1,1
DAKCFMEO_04245,WP_002552688.1,100.0,60,60,60,1.2e-28,119.4,1,1
DAKCFMEO_04246,WP_057443174.1,85.6,340,340,340,3.1e-161,562.4,1,1
DAKCFMEO_04247,WP_007245842.1,96.8,311,312,312,2.9e-166,578.9,0.996795,0.996795
DAKCFMEO_04247,WP_011105302.1,37.9,306,312,311,4.1e-43,169.9,0.980769,0.983923
DAKCFMEO_04248,WP_005770626.1,95.5,247,247,247,6.2e-127,448.0,1,1
DAKCFMEO_04248,WP_005765466.1,42.0,238,247,242,1.4e-38,154.5,0.963563,0.983471
DAKCFMEO_04248,WP_011104035.1,35.4,254,247,266,6.8e-33,135.6,1.02834,0.954887
DAKCFMEO_04248,WP_005764784.1,36.3,245,247,249,5.7e-32,132.5,0.991903,0.983936
DAKCFMEO_04248,WP_005770966.1,32.8,244,247,254,5.7e-32,132.5,0.987854,0.96063
DAKCFMEO_04248,WP_005764783.1,34.4,247,247,253,5.4e-30,125.9,1,0.976285
DAKCFMEO_04248,WP_005771315.1,36.3,245,247,249,5.4e-30,125.9,0.991903,0.983936
DAKCFMEO_04248,WP_011104991.1,32.4,253,247,252,3.5e-29,123.2,1.02429,1.00397
DAKCFMEO_04248,WP_007246009.1,32.4,244,247,286,1.6e-26,114.4,0.987854,0.853147
DAKCFMEO_04248,WP_011104354.1,34.7,248,247,243,7.5e-24,105.5,1.00405,1.02058
DAKCFMEO_04248,WP_011103980.1,30.9,249,247,254,9.8e-24,105.1,1.0081,0.980315
DAKCFMEO_04248,WP_005619926.1,34.7,251,247,244,2.9e-23,103.6,1.01619,1.02869
DAKCFMEO_04248,WP_005762581.1,30.7,244,247,255,4.9e-23,102.8,0.987854,0.956863
DAKCFMEO_04248,WP_046463592.1,32.7,248,247,253,1.9e-22,100.9,1.00405,0.980237
DAKCFMEO_04248,WP_161633151.1,32.5,243,247,254,7.8e-21,95.5,0.983806,0.956693
DAKCFMEO_04248,WP_011103459.1,31.7,252,247,306,2.5e-19,90.5,1.02024,0.823529
DAKCFMEO_04248,WP_007245058.1,35.9,184,247,270,2.1e-18,87.4,0.744939,0.681481
DAKCFMEO_04248,WP_011104368.1,30.3,254,247,252,6.8e-17,82.4,1.02834,1.00794
DAKCFMEO_04248,WP_007245137.1,30.9,194,247,246,4.1e-14,73.2,0.785425,0.788618
DAKCFMEO_04249,WP_003381096.1,98.7,78,78,78,6.7e-35,140.6,1,1
DAKCFMEO_04250,WP_011104743.1,97.8,414,414,414,8.8e-235,807.0,1,1
DAKCFMEO_04250,WP_005769613.1,39.2,411,414,407,1.4e-70,261.5,0.992754,1.00983
DAKCFMEO_04250,WP_011105318.1,37.4,412,414,408,1.1e-62,235.3,0.995169,1.0098
DAKCFMEO_04250,WP_005765463.1,31.0,339,414,398,9.6e-32,132.5,0.818841,0.851759
DAKCFMEO_04251,WP_007245844.1,81.9,271,271,271,9.5e-129,454.1,1,1
DAKCFMEO_04252,WP_005770618.1,89.2,344,379,379,1.3e-181,630.2,0.907652,0.907652
DAKCFMEO_04253,WP_005770616.1,93.8,210,210,210,2.7e-107,382.5,1,1
DAKCFMEO_04254,WP_005770613.1,91.2,328,328,328,2.1e-170,592.8,1,1
DAKCFMEO_04255,WP_003381088.1,90.7,118,118,118,1.2e-59,223.4,1,1
DAKCFMEO_04256,WP_011104742.1,91.6,261,261,261,2.7e-141,495.7,1,1
DAKCFMEO_04256,WP_046463568.1,30.3,264,261,267,2.9e-34,140.2,1.01149,0.988764
DAKCFMEO_04256,WP_011103918.1,32.9,258,261,278,3.8e-26,113.2,0.988506,0.928058
DAKCFMEO_04257,WP_005770607.1,97.3,219,220,219,4.5e-121,428.3,0.995455,1
DAKCFMEO_04258,WP_005770603.1,94.5,200,200,200,1.4e-108,386.7,1,1
DAKCFMEO_04259,WP_011104740.1,83.9,186,186,186,4.0e-94,338.6,1,1
DAKCFMEO_04260,WP_011104739.1,81.0,337,337,337,7.6e-152,531.2,1,1
DAKCFMEO_04261,WP_011104738.1,75.4,956,956,947,5.6e-293,1001.5,1,1.0095
DAKCFMEO_04263,WP_005770596.1,94.9,274,284,274,5.6e-156,544.7,0.964789,1
DAKCFMEO_04264,WP_005619689.1,92.7,205,206,206,3.8e-106,378.6,0.995146,0.995146
DAKCFMEO_04265,WP_005770594.1,97.4,306,306,306,2.8e-169,589.0,1,1
DAKCFMEO_04265,WP_011105304.1,33.2,190,306,283,8.7e-14,72.4,0.620915,0.671378
DAKCFMEO_04266,WP_011104737.1,84.1,434,434,434,2.4e-214,739.2,1,1
DAKCFMEO_04267,WP_011104736.1,82.2,225,225,216,3.2e-66,246.1,1,1.04167
DAKCFMEO_04268,WP_005770588.1,98.5,195,195,195,5.8e-104,371.3,1,1
DAKCFMEO_04269,WP_003381064.1,99.2,502,502,502,5.4e-295,1007.3,1,1
DAKCFMEO_04270,WP_005770586.1,97.8,403,403,403,1.9e-226,779.2,1,1
DAKCFMEO_04270,WP_011104933.1,30.9,376,403,389,1.1e-43,172.2,0.933002,0.966581
DAKCFMEO_04270,WP_011103241.1,32.9,368,403,388,4.5e-42,166.8,0.913151,0.948454
DAKCFMEO_04271,WP_161633151.1,94.1,254,260,254,9.0e-137,480.7,0.976923,1
DAKCFMEO_04271,WP_011103118.1,31.6,250,260,257,1.1e-28,121.7,0.961538,0.972763
DAKCFMEO_04271,WP_005770966.1,35.7,241,260,254,4.1e-28,119.8,0.926923,0.948819
DAKCFMEO_04271,WP_005762514.1,35.9,248,260,248,1.4e-25,111.3,0.953846,1
DAKCFMEO_04271,WP_011104035.1,33.3,252,260,266,4.2e-25,109.8,0.969231,0.947368
DAKCFMEO_04271,WP_005619926.1,36.4,242,260,244,7.2e-25,109.0,0.930769,0.991803
DAKCFMEO_04271,WP_005770626.1,32.9,243,260,247,1.2e-24,108.2,0.934615,0.983806
DAKCFMEO_04271,WP_007246009.1,30.5,249,260,286,1.6e-24,107.8,0.957692,0.870629
DAKCFMEO_04271,WP_011103979.1,31.9,260,260,266,3.6e-24,106.7,1,0.977444
DAKCFMEO_04271,WP_005764783.1,32.1,249,260,253,3.0e-23,103.6,0.957692,0.98419
DAKCFMEO_04271,WP_005771315.1,32.2,245,260,249,3.9e-23,103.2,0.942308,0.983936
DAKCFMEO_04271,WP_011104354.1,34.0,247,260,243,1.9e-22,100.9,0.95,1.01646
DAKCFMEO_04271,WP_005762581.1,30.7,244,260,255,9.7e-22,98.6,0.938462,0.956863
DAKCFMEO_04271,WP_046463592.1,31.7,246,260,253,1.6e-21,97.8,0.946154,0.972332
DAKCFMEO_04271,WP_011103980.1,32.3,248,260,254,1.1e-20,95.1,0.953846,0.976378
DAKCFMEO_04271,WP_005765466.1,33.6,241,260,242,4.1e-20,93.2,0.926923,0.995868
DAKCFMEO_04271,WP_005768839.1,32.6,178,260,262,2.3e-15,77.4,0.684615,0.679389
DAKCFMEO_04271,WP_007245137.1,30.7,241,260,246,5.1e-15,76.3,0.926923,0.979675
DAKCFMEO_04271,WP_011104931.1,31.5,248,260,257,3.3e-14,73.6,0.953846,0.964981
DAKCFMEO_04275,WP_005760710.1,89.1,202,276,274,9.4e-100,357.8,0.731884,0.737226
DAKCFMEO_04276,WP_032645112.1,95.8,504,511,504,1.1e-284,973.0,0.986301,1
DAKCFMEO_04276,WP_010208255.1,95.0,504,511,504,3.1e-282,964.9,0.986301,1
DAKCFMEO_04278,WP_005769073.1,85.8,346,346,346,2.0e-171,596.3,1,1
DAKCFMEO_04279,WP_007245153.1,69.5,380,380,377,1.9e-159,556.6,1,1.00796
DAKCFMEO_04280,WP_011104734.1,92.8,679,679,679,0.0e+00,1266.9,1,1
DAKCFMEO_04280,WP_011103128.1,30.8,542,679,686,2.3e-67,251.5,0.798233,0.790087
DAKCFMEO_04281,WP_011104733.1,72.9,314,311,314,3.5e-135,475.7,1.00965,1
DAKCFMEO_04282,WP_011104732.1,92.8,443,448,445,7.5e-224,770.8,0.988839,0.995506
DAKCFMEO_04282,WP_011104204.1,36.2,423,448,438,4.9e-66,246.5,0.944196,0.965753
DAKCFMEO_04282,WP_011103567.1,38.4,425,448,438,3.2e-57,217.2,0.948661,0.97032
DAKCFMEO_04282,WP_005767375.1,35.2,401,448,433,1.5e-51,198.4,0.895089,0.926097
DAKCFMEO_04282,WP_007246194.1,34.8,408,448,433,7.7e-51,196.1,0.910714,0.942263
DAKCFMEO_04282,WP_011103852.1,35.2,412,448,432,1.7e-50,194.9,0.919643,0.953704
DAKCFMEO_04282,WP_011104951.1,33.3,420,448,441,2.2e-50,194.5,0.9375,0.952381
DAKCFMEO_04282,WP_011106976.1,32.7,425,448,448,2.9e-42,167.5,0.948661,0.948661
DAKCFMEO_04282,WP_011107023.1,34.1,419,448,448,6.5e-42,166.4,0.935268,0.935268
DAKCFMEO_04282,WP_005767577.1,31.9,383,448,438,2.7e-40,161.0,0.854911,0.874429
DAKCFMEO_04283,WP_005769084.1,88.1,402,402,402,2.5e-186,646.0,1,1
DAKCFMEO_04284,WP_005769085.1,92.2,425,426,426,2.7e-215,742.3,0.997653,0.997653
DAKCFMEO_04285,WP_011104731.1,81.0,326,327,327,3.4e-165,575.5,0.996942,0.996942
DAKCFMEO_04286,WP_011104730.1,65.1,355,361,355,3.8e-125,442.6,0.98338,1
DAKCFMEO_04286,WP_011105177.1,39.8,352,361,366,4.3e-60,226.5,0.975069,0.961749
DAKCFMEO_04286,WP_011103632.1,30.9,220,361,358,5.7e-12,66.6,0.609418,0.614525
DAKCFMEO_04287,WP_003382947.1,99.0,296,296,296,1.4e-173,603.2,1,1
DAKCFMEO_04288,WP_011104727.1,94.4,322,323,323,5.0e-193,667.9,0.996904,0.996904
DAKCFMEO_04289,WP_046463338.1,83.8,290,290,290,8.3e-139,487.6,1,1
DAKCFMEO_04290,WP_003382943.1,96.5,86,86,86,7.8e-45,173.7,1,1
DAKCFMEO_04291,WP_010208878.1,97.5,278,278,277,1.1e-161,563.5,1,1.00361
DAKCFMEO_04292,WP_011104725.1,92.6,888,888,888,0.0e+00,1659.8,1,1
DAKCFMEO_04293,WP_005769102.1,87.6,217,217,217,2.2e-104,372.9,1,1
DAKCFMEO_04294,WP_011104724.1,93.6,235,235,235,1.6e-111,396.7,1,1
DAKCFMEO_04295,WP_007245166.1,73.8,183,188,185,3.5e-74,272.3,0.973404,0.989189
DAKCFMEO_04296,WP_005769107.1,88.3,341,341,341,3.4e-176,612.1,1,1
DAKCFMEO_04297,WP_011104723.1,71.4,220,220,218,2.3e-85,309.7,1,1.00917
DAKCFMEO_04298,WP_003382929.1,97.9,141,141,141,4.2e-64,238.4,1,1
DAKCFMEO_04299,WP_046463337.1,69.8,179,265,248,1.7e-69,257.3,0.675472,0.721774
DAKCFMEO_04300,WP_011104720.1,89.6,385,385,385,5.3e-210,724.5,1,1
DAKCFMEO_04301,WP_046463336.1,84.9,298,348,326,3.2e-89,323.2,0.856322,0.91411
DAKCFMEO_04302,WP_011104717.1,94.6,796,796,796,0.0e+00,1458.4,1,1
DAKCFMEO_04303,WP_002554489.1,97.5,236,237,237,2.0e-127,449.5,0.995781,0.995781
DAKCFMEO_04303,WP_007243745.1,30.0,230,237,249,4.7e-15,76.3,0.970464,0.923695
DAKCFMEO_04304,WP_005769126.1,98.3,580,580,580,0.0e+00,1119.8,1,1
DAKCFMEO_04305,WP_005769128.1,97.7,435,437,435,2.9e-244,838.6,0.995423,1
DAKCFMEO_04305,WP_046463482.1,41.8,409,437,458,4.6e-93,336.3,0.935927,0.893013
DAKCFMEO_04305,WP_007246084.1,39.3,410,437,441,1.6e-85,311.2,0.938215,0.929705
DAKCFMEO_04305,WP_011103763.1,38.1,404,437,441,2.9e-79,290.4,0.924485,0.9161
DAKCFMEO_04306,WP_005769130.1,91.8,330,330,330,2.3e-185,642.5,1,1
DAKCFMEO_04307,WP_046463335.1,82.8,93,94,94,6.8e-42,164.1,0.989362,0.989362
DAKCFMEO_04309,WP_005769135.1,81.8,390,390,390,1.4e-194,673.3,1,1
DAKCFMEO_04310,WP_005769138.1,86.7,60,60,60,6.5e-22,97.1,1,1
DAKCFMEO_04312,WP_011104711.1,74.5,1214,1215,1214,0.0e+00,1438.7,0.999177,1
DAKCFMEO_04313,WP_011104710.1,94.2,414,414,414,3.1e-232,798.5,1,1
DAKCFMEO_04314,WP_011104709.1,82.8,552,552,551,1.3e-265,909.8,1,1.00181
DAKCFMEO_04315,WP_005769148.1,84.6,572,572,572,2.1e-255,875.9,1,1
DAKCFMEO_04316,WP_005769151.1,86.6,352,352,352,3.5e-176,612.1,1,1
DAKCFMEO_04317,WP_011104708.1,92.7,164,164,164,1.2e-91,330.1,1,1
DAKCFMEO_04318,WP_003376303.1,96.8,314,314,314,9.8e-170,590.5,1,1
DAKCFMEO_04319,WP_002554476.1,99.7,319,319,319,6.4e-177,614.4,1,1
DAKCFMEO_04319,WP_010219554.1,45.2,314,319,349,1.9e-67,250.8,0.984326,0.899713
DAKCFMEO_04319,WP_005738027.1,44.1,288,319,305,1.1e-56,214.9,0.902821,0.944262
DAKCFMEO_04320,WP_011104707.1,79.8,248,253,249,6.1e-114,404.8,0.980237,0.995984
DAKCFMEO_04321,WP_044392753.1,67.8,118,119,119,1.7e-42,166.4,0.991597,0.991597
DAKCFMEO_04322,WP_011104706.1,95.7,1618,1618,1618,0.0e+00,3101.6,1,1
DAKCFMEO_04323,WP_011105173.1,77.5,178,181,179,1.8e-83,303.1,0.983425,0.994413
DAKCFMEO_04327,WP_011105535.1,34.8,503,467,520,5.7e-73,269.6,1.07709,0.967308
DAKCFMEO_04328,WP_011104702.1,98.3,865,866,866,0.0e+00,1718.0,0.998845,0.998845
DAKCFMEO_04329,WP_007245200.1,96.2,156,156,156,5.5e-89,321.2,1,1
DAKCFMEO_04330,WP_011104701.1,97.0,200,207,207,7.5e-110,391.0,0.966184,0.966184
DAKCFMEO_04331,WP_005740056.1,88.2,161,161,162,1.8e-74,273.1,1,0.993827
DAKCFMEO_04332,WP_011104700.1,91.4,405,405,402,9.6e-202,697.2,1,1.00746
DAKCFMEO_04333,WP_011104699.1,90.4,512,512,512,1.3e-272,932.9,1,1
DAKCFMEO_04334,WP_005769188.1,91.3,242,253,248,7.2e-131,461.1,0.956522,0.975806
DAKCFMEO_04335,WP_005740060.1,94.6,167,167,167,5.0e-88,318.2,1,1
DAKCFMEO_04335,WP_005764969.1,48.5,163,167,187,5.2e-37,148.7,0.976048,0.871658
DAKCFMEO_04336,WP_044393841.1,94.5,564,564,564,0.0e+00,1142.5,1,1
DAKCFMEO_04337,WP_005769192.1,96.5,460,460,460,1.6e-266,912.5,1,1
DAKCFMEO_04338,WP_005769193.1,86.0,616,619,617,9.5e-310,1056.6,0.995153,0.998379
DAKCFMEO_04338,WP_011104349.1,32.8,533,619,667,2.7e-62,234.6,0.861066,0.7991
DAKCFMEO_04338,WP_007244904.1,36.3,411,619,502,8.7e-53,203.0,0.663974,0.818725
DAKCFMEO_04339,WP_005740065.1,97.5,364,364,364,1.6e-203,703.0,1,1
DAKCFMEO_04339,WP_005768959.1,37.3,330,364,368,1.6e-54,208.0,0.906593,0.896739
DAKCFMEO_04339,WP_011103331.1,33.3,357,364,381,2.8e-51,197.2,0.980769,0.937008
DAKCFMEO_04339,WP_005764049.1,31.9,360,364,386,3.1e-50,193.7,0.989011,0.932642
DAKCFMEO_04339,WP_005737104.1,34.4,241,364,380,1.5e-41,164.9,0.662088,0.634211
DAKCFMEO_04339,WP_005768050.1,34.7,239,364,374,2.9e-40,160.6,0.656593,0.639037
DAKCFMEO_04339,WP_005762690.1,34.2,234,364,384,3.9e-37,150.2,0.642857,0.609375
DAKCFMEO_04339,WP_003380252.1,35.8,229,364,326,5.1e-37,149.8,0.629121,0.702454
DAKCFMEO_04339,WP_005770464.1,35.5,228,364,329,6.7e-37,149.4,0.626374,0.693009
DAKCFMEO_04339,WP_011104057.1,30.4,283,364,342,1.3e-35,145.2,0.777473,0.827485
DAKCFMEO_04339,WP_044390643.1,34.0,238,364,356,2.5e-31,131.0,0.653846,0.668539
DAKCFMEO_04339,WP_005763692.1,30.0,253,364,392,6.7e-29,122.9,0.695055,0.645408
DAKCFMEO_04339,WP_011104329.1,30.4,237,364,261,1.4e-23,105.1,0.651099,0.908046
DAKCFMEO_04340,WP_011104697.1,88.3,369,369,371,8.5e-197,680.6,1,0.994609
DAKCFMEO_04340,WP_011103331.1,39.5,271,369,381,8.5e-56,212.2,0.734417,0.711286
DAKCFMEO_04340,WP_005764049.1,37.4,356,369,386,3.2e-55,210.3,0.96477,0.92228
DAKCFMEO_04340,WP_005768959.1,36.3,303,369,368,6.3e-51,196.1,0.821138,0.82337
DAKCFMEO_04340,WP_003380252.1,37.6,242,369,326,9.1e-42,165.6,0.655827,0.742331
DAKCFMEO_04340,WP_005737104.1,35.0,243,369,380,1.9e-39,157.9,0.658537,0.639474
DAKCFMEO_04340,WP_011104057.1,32.7,254,369,342,4.2e-39,156.8,0.688347,0.74269
DAKCFMEO_04340,WP_005770464.1,33.4,293,369,329,1.2e-38,155.2,0.794038,0.890578
DAKCFMEO_04340,WP_005762690.1,34.5,238,369,384,2.8e-38,154.1,0.644986,0.619792
DAKCFMEO_04340,WP_003368676.1,31.8,242,369,385,4.3e-31,130.2,0.655827,0.628571
DAKCFMEO_04340,WP_044390643.1,30.2,242,369,356,4.4e-28,120.2,0.655827,0.679775
DAKCFMEO_04341,WP_002552729.1,96.2,286,289,288,2.7e-158,552.4,0.989619,0.993056
DAKCFMEO_04342,WP_003376266.1,98.1,266,266,266,3.1e-148,518.8,1,1
DAKCFMEO_04343,WP_003376264.1,91.1,90,90,90,1.2e-43,169.9,1,1
DAKCFMEO_04344,WP_011104696.1,95.4,590,590,590,0.0e+00,1164.1,1,1
DAKCFMEO_04345,WP_005769204.1,96.8,283,284,284,4.3e-156,545.0,0.996479,0.996479
DAKCFMEO_04345,WP_011104015.1,51.4,282,284,300,3.6e-70,259.6,0.992958,0.94
DAKCFMEO_04349,WP_007245213.1,96.8,436,436,436,2.7e-234,805.4,1,1
DAKCFMEO_04350,WP_002552734.1,100.0,213,213,213,3.3e-121,428.7,1,1
DAKCFMEO_04351,WP_005770751.1,99.3,427,427,427,1.3e-241,829.7,1,1
DAKCFMEO_04352,WP_005770753.1,97.9,798,798,798,0.0e+00,1506.9,1,1
DAKCFMEO_04352,WP_005620091.1,40.1,769,798,805,1.2e-147,518.5,0.963659,0.95528
DAKCFMEO_04353,WP_002552737.1,98.9,90,90,90,6.5e-42,164.1,1,1
DAKCFMEO_04353,WP_003383132.1,52.2,90,90,91,1.3e-18,86.7,1,0.989011
DAKCFMEO_04353,WP_002552279.1,42.2,90,90,93,4.1e-12,65.1,1,0.967742
DAKCFMEO_04354,WP_005770757.1,94.1,627,627,627,0.0e+00,1122.1,1,1
DAKCFMEO_04355,WP_005770759.1,98.5,264,264,264,7.5e-147,514.2,1,1
DAKCFMEO_04356,WP_005770761.1,95.5,536,536,536,8.0e-289,986.9,1,1
DAKCFMEO_04356,WP_011103058.1,69.6,527,536,527,1.2e-199,690.6,0.983209,1
DAKCFMEO_04356,WP_011104339.1,67.6,525,536,525,5.5e-197,681.8,0.979478,1
DAKCFMEO_04356,WP_011104382.1,43.3,534,536,548,1.1e-107,385.2,0.996269,0.974453
DAKCFMEO_04356,WP_011103050.1,36.9,531,536,613,1.1e-83,305.4,0.990672,0.866232
DAKCFMEO_04357,WP_011104693.1,97.3,339,339,339,4.0e-193,668.3,1,1
DAKCFMEO_04357,WP_005764441.1,70.2,336,339,340,8.7e-140,491.1,0.99115,0.988235
DAKCFMEO_04357,WP_011103059.1,68.2,337,339,340,9.0e-137,481.1,0.9941,0.991176
DAKCFMEO_04357,WP_005762406.1,30.1,249,339,306,5.8e-27,116.3,0.734513,0.813725
DAKCFMEO_04357,WP_005762883.1,30.7,251,339,302,6.7e-23,102.8,0.740413,0.831126
DAKCFMEO_04357,WP_007243753.1,31.5,219,339,303,2.5e-22,100.9,0.646018,0.722772
DAKCFMEO_04358,WP_011104692.1,96.6,357,357,357,1.2e-192,666.8,1,1
DAKCFMEO_04358,WP_011104338.1,69.9,355,357,354,3.1e-143,502.7,0.994398,1.00282
DAKCFMEO_04358,WP_005739846.1,69.0,355,357,355,3.4e-142,499.2,0.994398,1
DAKCFMEO_04358,WP_005617711.1,32.6,276,357,305,8.6e-37,149.1,0.773109,0.904918
DAKCFMEO_04359,WP_011104691.1,92.7,618,618,618,0.0e+00,1193.7,1,1
DAKCFMEO_04359,WP_011104337.1,48.2,589,618,622,5.6e-169,589.0,0.953074,0.946945
DAKCFMEO_04359,WP_046463852.1,44.6,594,618,627,7.9e-155,542.0,0.961165,0.947368
DAKCFMEO_04359,WP_005770766.1,44.8,576,618,609,1.4e-148,521.2,0.932039,0.945813
DAKCFMEO_04360,WP_005770766.1,94.4,609,635,609,0.0e+00,1199.9,0.959055,1
DAKCFMEO_04360,WP_011104691.1,45.3,605,635,618,3.5e-150,526.6,0.952756,0.978964
DAKCFMEO_04360,WP_046463852.1,39.7,580,635,627,2.1e-118,421.0,0.913386,0.92504
DAKCFMEO_04360,WP_011104337.1,41.1,557,635,622,3.0e-117,417.2,0.877165,0.895498
DAKCFMEO_04361,WP_007245218.1,90.8,533,533,530,7.5e-279,953.7,1,1.00566
DAKCFMEO_04361,WP_005763910.1,53.0,349,533,495,1.9e-96,347.8,0.654784,0.705051
DAKCFMEO_04362,WP_005770768.1,82.2,259,259,259,4.6e-125,441.8,1,1
DAKCFMEO_04363,WP_011104690.1,94.4,251,252,253,3.4e-141,495.4,0.996032,0.992095
DAKCFMEO_04364,WP_005770770.1,99.3,148,150,150,1.0e-87,317.0,0.986667,0.986667
DAKCFMEO_04365,WP_005770771.1,84.6,259,259,259,7.4e-123,434.5,1,1
DAKCFMEO_04366,WP_005770773.1,82.4,182,185,184,2.4e-91,329.3,0.983784,0.98913
DAKCFMEO_04367,WP_003376227.1,91.4,70,70,71,2.8e-32,131.7,1,0.985915
DAKCFMEO_04368,WP_005770776.1,89.1,183,186,189,3.1e-91,328.9,0.983871,0.968254
DAKCFMEO_04369,WP_011104687.1,51.3,1762,1736,1743,0.0e+00,1710.3,1.01498,1.0109
DAKCFMEO_04370,WP_005770780.1,97.1,383,383,383,4.5e-217,748.0,1,1
DAKCFMEO_04370,WP_044389757.1,35.1,367,383,387,2.7e-65,243.8,0.958225,0.94832
DAKCFMEO_04370,WP_011105512.1,30.7,374,383,393,4.0e-48,186.8,0.976501,0.951654
DAKCFMEO_04370,WP_011104167.1,31.8,343,383,409,3.9e-35,143.7,0.895561,0.838631
DAKCFMEO_04371,WP_011104686.1,87.1,364,365,365,1.2e-187,650.2,0.99726,0.99726
DAKCFMEO_04372,WP_010202254.1,94.6,542,542,559,1.7e-283,969.1,1,0.969589
DAKCFMEO_04373,WP_011104685.1,85.8,346,397,387,3.2e-133,469.5,0.871537,0.894057
DAKCFMEO_04374,WP_005770788.1,94.6,538,538,538,7.5e-287,980.3,1,1
DAKCFMEO_04374,WP_005620206.1,44.2,496,538,490,1.7e-108,387.9,0.921933,1.01224
DAKCFMEO_04375,WP_011104683.1,96.2,339,339,339,1.3e-183,636.7,1,1
DAKCFMEO_04377,WP_005619515.1,92.7,273,273,273,2.3e-151,529.3,1,1
DAKCFMEO_04377,WP_011105506.1,35.4,209,273,335,8.3e-24,105.5,0.765568,0.623881
DAKCFMEO_04377,WP_011105258.1,30.0,223,273,271,4.6e-14,73.2,0.81685,0.822878
DAKCFMEO_04378,WP_046463307.1,85.4,541,541,544,2.3e-198,686.4,1,0.994485
DAKCFMEO_04378,WP_011104517.1,45.3,437,541,559,6.9e-38,153.3,0.807763,0.781753
DAKCFMEO_04378,WP_005767285.1,44.6,350,541,541,1.4e-30,129.0,0.64695,0.64695
DAKCFMEO_04378,WP_011105048.1,44.1,333,541,541,1.5e-29,125.6,0.615527,0.615527
DAKCFMEO_04378,WP_011105575.1,44.7,356,541,541,8.4e-28,119.8,0.658041,0.658041
DAKCFMEO_04378,WP_011104615.1,44.9,370,541,542,7.1e-27,116.7,0.683919,0.682657
DAKCFMEO_04379,WP_003376205.1,95.0,202,202,202,2.1e-109,389.4,1,1
DAKCFMEO_04379,WP_005770041.1,42.1,197,202,218,5.5e-41,162.2,0.975248,0.90367
DAKCFMEO_04379,WP_007244096.1,40.1,197,202,242,4.4e-38,152.5,0.975248,0.81405
DAKCFMEO_04380,WP_005760706.1,36.0,114,122,139,3.4e-17,82.4,0.934426,0.820144
DAKCFMEO_04382,WP_005767792.1,33.4,332,310,333,3.4e-50,193.4,1.07097,0.996997
DAKCFMEO_04382,WP_011103021.1,30.0,327,310,325,3.8e-25,110.2,1.05484,1.00615
DAKCFMEO_04382,WP_011104344.1,32.2,242,310,340,3.5e-18,87.0,0.780645,0.711765
DAKCFMEO_04383,WP_011105438.1,47.3,431,438,448,3.7e-106,379.8,0.984018,0.962054
DAKCFMEO_04383,WP_044393047.1,41.0,405,438,437,8.0e-77,282.3,0.924658,0.926773
DAKCFMEO_04383,WP_007243826.1,37.7,406,438,437,2.0e-67,251.1,0.926941,0.929062
DAKCFMEO_04383,WP_024667882.1,39.8,347,438,438,2.2e-66,247.7,0.792237,0.792237
DAKCFMEO_04383,WP_011104008.1,31.7,445,438,710,6.8e-60,226.1,1.01598,0.626761
DAKCFMEO_04383,WP_011104703.1,33.3,427,438,422,3.8e-55,210.3,0.974886,1.01185
DAKCFMEO_04386,WP_024667893.1,70.8,161,163,163,1.6e-62,233.4,0.98773,0.98773
DAKCFMEO_04387,WP_024667894.1,72.1,229,263,231,1.1e-94,340.9,0.870722,0.991342
DAKCFMEO_04388,WP_011104242.1,84.2,304,304,304,4.9e-150,525.0,1,1
DAKCFMEO_04388,WP_011103609.1,41.2,294,304,297,1.7e-62,234.2,0.967105,0.989899
DAKCFMEO_04388,WP_007245106.1,32.1,287,304,301,6.6e-38,152.5,0.944079,0.953488
DAKCFMEO_04388,WP_011104428.1,30.5,292,304,304,6.6e-38,152.5,0.960526,0.960526
DAKCFMEO_04388,WP_011104375.1,30.6,297,304,307,3.0e-30,127.1,0.976974,0.967427
DAKCFMEO_04388,WP_005617775.1,30.7,261,304,301,1.4e-27,118.2,0.858553,0.86711
DAKCFMEO_04389,WP_011104241.1,83.8,733,736,736,0.0e+00,1229.2,0.995924,0.995924
DAKCFMEO_04389,WP_011105101.1,40.5,735,736,733,1.2e-125,445.3,0.998641,1.00273
DAKCFMEO_04389,WP_007245994.1,36.1,739,736,738,2.3e-108,387.9,1.00408,1.00136
DAKCFMEO_04390,WP_010218671.1,79.1,316,316,331,5.6e-141,495.0,1,0.954683
DAKCFMEO_04390,WP_011105102.1,49.4,326,316,329,1.5e-77,284.3,1.03165,0.990881
DAKCFMEO_04390,WP_005762709.1,49.2,319,316,327,2.7e-74,273.5,1.00949,0.975535
DAKCFMEO_04391,WP_011105103.1,59.1,164,221,176,6.9e-53,201.8,0.742081,0.931818
DAKCFMEO_04391,WP_005762712.1,54.2,168,221,225,1.0e-48,188.0,0.760181,0.746667
DAKCFMEO_04392,WP_005767504.1,75.6,197,200,202,1.1e-78,287.3,0.985,0.975248
DAKCFMEO_04393,WP_007245738.1,82.7,249,250,252,1.7e-111,396.7,0.996,0.988095
DAKCFMEO_04393,WP_011103613.1,39.2,232,250,253,3.0e-36,146.7,0.928,0.916996
DAKCFMEO_04393,WP_046463536.1,32.4,185,250,270,1.2e-16,81.6,0.74,0.685185
DAKCFMEO_04393,WP_005763057.1,31.1,180,250,254,2.0e-16,80.9,0.72,0.708661
DAKCFMEO_04393,WP_005768839.1,32.1,190,250,262,1.7e-15,77.8,0.76,0.725191
DAKCFMEO_04393,WP_007245058.1,30.5,200,250,270,6.5e-15,75.9,0.8,0.740741
DAKCFMEO_04394,WP_011104674.1,87.9,430,430,430,4.1e-227,781.6,1,1
DAKCFMEO_04394,WP_005766669.1,48.2,438,430,442,3.1e-118,419.9,1.0186,0.99095
DAKCFMEO_04395,WP_005765365.1,85.2,142,142,142,3.5e-66,245.4,1,1
DAKCFMEO_04398,WP_005762629.1,90.9,353,353,353,5.3e-188,651.4,1,1
DAKCFMEO_04399,WP_011104675.1,83.8,506,512,512,1.5e-263,902.9,0.988281,0.988281
DAKCFMEO_04403,WP_011104483.1,30.1,183,213,216,7.2e-15,75.5,0.859155,0.847222
DAKCFMEO_04404,WP_005763051.1,56.2,395,401,407,9.4e-133,468.0,0.985037,0.970516
DAKCFMEO_04405,WP_005620808.1,55.1,274,278,275,3.1e-74,273.1,0.985612,0.996364
DAKCFMEO_04406,WP_005736952.1,33.4,314,432,334,1.8e-28,121.7,0.726852,0.94012
DAKCFMEO_04408,WP_011104677.1,80.9,722,720,722,0.0e+00,1224.9,1.00278,1
DAKCFMEO_04408,WP_005769699.1,36.1,746,720,743,9.2e-123,435.6,1.03611,1.00404
DAKCFMEO_04408,WP_046463309.1,37.4,717,720,803,8.7e-121,429.1,0.995833,0.892902
DAKCFMEO_04409,WP_046463927.1,88.4,1038,1037,1037,0.0e+00,1709.1,1.00096,1.00096
DAKCFMEO_04409,WP_011103648.1,45.4,1063,1037,1001,9.6e-214,738.4,1.02507,1.06194
DAKCFMEO_04409,WP_046463880.1,35.6,744,1037,1032,5.9e-78,287.3,0.717454,0.72093
DAKCFMEO_04410,WP_011103648.1,85.8,1001,1000,1001,0.0e+00,1681.0,1.001,1
DAKCFMEO_04410,WP_046463927.1,44.5,1050,1000,1037,1.9e-214,740.7,1.05,1.01254
DAKCFMEO_04410,WP_046463880.1,33.7,772,1000,1032,9.6e-78,286.6,0.772,0.748062
DAKCFMEO_04411,WP_011105127.1,38.8,2853,3236,4531,0.0e+00,1689.5,0.881644,0.629662
DAKCFMEO_04411,WP_011105032.1,35.7,3036,3236,3432,0.0e+00,1588.5,0.938195,0.884615
DAKCFMEO_04411,WP_162839071.1,31.1,3479,3236,4337,0.0e+00,1268.1,1.07509,0.802167
DAKCFMEO_04411,WP_011104219.1,33.1,2951,3236,3168,0.0e+00,1214.5,0.911928,0.931503
DAKCFMEO_04412,WP_011105031.1,39.7,1096,1370,1753,6.3e-213,736.1,0.8,0.625214
DAKCFMEO_04412,WP_046464036.1,40.1,1072,1370,1136,2.6e-190,661.0,0.782482,0.943662
DAKCFMEO_04414,WP_005770699.1,54.4,57,62,75,4.4e-13,67.8,0.919355,0.76
DAKCFMEO_04414,WP_162839055.1,53.8,52,62,69,1.4e-11,62.8,0.83871,0.753623
DAKCFMEO_04415,WP_011105361.1,36.3,300,289,298,2.6e-44,173.7,1.03806,1.00671
DAKCFMEO_04417,WP_046463556.1,70.6,320,323,323,3.1e-134,472.6,0.990712,0.990712
DAKCFMEO_04421,WP_011104935.1,31.5,130,187,189,1.3e-15,77.8,0.695187,0.687831
DAKCFMEO_04421,WP_011104930.1,32.8,137,187,196,3.7e-15,76.3,0.73262,0.69898
DAKCFMEO_04422,WP_011103609.1,37.4,289,323,297,1.0e-52,201.8,0.894737,0.973064
DAKCFMEO_04422,WP_011104242.1,32.8,302,323,304,5.7e-48,186.0,0.934985,0.993421
DAKCFMEO_04422,WP_003377838.1,31.7,287,323,298,6.6e-36,146.0,0.888545,0.963087
DAKCFMEO_04423,WP_011104372.1,75.5,363,367,367,1.6e-163,570.1,0.989101,0.989101
DAKCFMEO_04423,WP_005767796.1,59.7,357,367,360,6.0e-118,418.7,0.972752,0.991667
DAKCFMEO_04423,WP_011104980.1,49.7,358,367,349,1.1e-90,328.2,0.975477,1.02579
DAKCFMEO_04423,WP_011104924.1,43.8,368,367,368,3.0e-77,283.5,1.00272,1
DAKCFMEO_04423,WP_011103456.1,33.3,363,367,367,7.9e-46,179.1,0.989101,0.989101
DAKCFMEO_04423,WP_011104374.1,35.1,345,367,365,2.4e-42,167.5,0.940054,0.945205
DAKCFMEO_04423,WP_011103575.1,37.3,228,367,368,2.9e-32,134.0,0.621253,0.619565
DAKCFMEO_04428,WP_011104935.1,35.4,127,191,189,5.8e-16,79.0,0.664921,0.671958
DAKCFMEO_04430,WP_011105452.1,83.3,222,222,221,2.3e-101,362.8,1,1.00452
DAKCFMEO_04430,WP_011105278.1,80.4,219,222,224,2.4e-98,352.8,0.986486,0.977679
DAKCFMEO_04431,WP_011105453.1,96.3,410,410,410,1.3e-217,750.0,1,1
DAKCFMEO_04432,WP_011105454.1,72.5,251,256,256,7.9e-101,361.3,0.980469,0.980469
DAKCFMEO_04432,WP_011104283.1,43.1,248,256,251,3.5e-56,213.0,0.96875,0.988048
DAKCFMEO_04432,WP_011104272.1,43.4,242,256,256,5.5e-54,205.7,0.945312,0.945312
DAKCFMEO_04433,WP_011105455.1,77.6,268,264,268,2.5e-126,446.0,1.01515,1
DAKCFMEO_04434,WP_011105456.1,64.9,527,533,539,3.2e-197,682.6,0.988743,0.977737
DAKCFMEO_04435,WP_011105457.1,79.2,577,578,579,1.4e-267,916.4,0.99827,0.996546
DAKCFMEO_04435,WP_011104163.1,48.4,432,578,649,1.0e-108,388.7,0.747405,0.665639
DAKCFMEO_04435,WP_011105540.1,46.8,432,578,471,2.3e-108,387.5,0.747405,0.917197
DAKCFMEO_04435,WP_011104273.1,46.2,446,578,450,1.7e-106,381.3,0.771626,0.991111
DAKCFMEO_04435,WP_007244651.1,42.3,452,578,447,3.1e-97,350.5,0.782007,1.01119
DAKCFMEO_04436,WP_007244158.1,40.2,408,413,422,1.5e-77,284.6,0.987893,0.966825
DAKCFMEO_04436,WP_011103959.1,41.6,397,413,418,4.4e-77,283.1,0.961259,0.949761
DAKCFMEO_04436,WP_005763528.1,37.5,419,413,441,2.9e-68,253.8,1.01453,0.950113
DAKCFMEO_04436,WP_046463479.1,36.5,405,413,449,3.9e-65,243.4,0.98063,0.902004
DAKCFMEO_04436,WP_011104277.1,36.5,425,413,443,2.5e-64,240.7,1.02906,0.959368
DAKCFMEO_04436,WP_011104478.1,35.9,407,413,441,1.2e-63,238.4,0.985472,0.922902
DAKCFMEO_04436,WP_011105421.1,34.5,440,413,448,3.2e-59,223.8,1.06538,0.982143
DAKCFMEO_04436,WP_011104816.1,33.4,443,413,448,4.6e-58,219.9,1.07264,0.988839
DAKCFMEO_04436,WP_011105463.1,32.6,417,413,424,1.6e-50,194.9,1.00969,0.983491
DAKCFMEO_04438,WP_005767531.1,33.9,230,301,310,1.7e-25,111.3,0.76412,0.741935
DAKCFMEO_04438,WP_005767792.1,31.4,239,301,333,1.0e-22,102.1,0.79402,0.717718
DAKCFMEO_04438,WP_011103021.1,36.9,252,301,325,1.1e-21,98.6,0.837209,0.775385
DAKCFMEO_04438,WP_005739770.1,34.0,200,301,320,7.3e-13,69.3,0.664452,0.625
DAKCFMEO_04439,WP_046463553.1,74.9,223,241,224,1.4e-96,347.1,0.925311,0.995536
DAKCFMEO_04442,WP_005620804.1,34.2,295,295,301,3.1e-40,160.2,1,0.980066
DAKCFMEO_04442,WP_005768142.1,33.7,309,295,318,4.0e-32,133.3,1.04746,0.971698
DAKCFMEO_04442,WP_005768148.1,32.3,291,295,316,3.4e-31,130.2,0.986441,0.920886
DAKCFMEO_04442,WP_011104206.1,32.7,272,295,301,4.9e-30,126.3,0.922034,0.903654
DAKCFMEO_04442,WP_005769505.1,32.8,299,295,306,3.2e-29,123.6,1.01356,0.977124
DAKCFMEO_04442,WP_005767830.1,34.7,265,295,308,6.6e-27,115.9,0.898305,0.86039
DAKCFMEO_04442,WP_011104205.1,30.4,293,295,298,3.3e-26,113.6,0.99322,0.983221
DAKCFMEO_04442,WP_011103609.1,30.0,257,295,297,1.6e-17,84.7,0.871186,0.86532
DAKCFMEO_04443,WP_005767529.1,92.7,234,234,234,8.4e-126,444.1,1,1
DAKCFMEO_04444,WP_005767531.1,85.2,310,310,310,1.1e-149,523.9,1,1
DAKCFMEO_04444,WP_011103021.1,34.2,196,310,325,1.5e-21,98.2,0.632258,0.603077
DAKCFMEO_04445,WP_011103614.1,88.9,244,247,248,7.8e-122,431.0,0.987854,0.983871
DAKCFMEO_04446,WP_010201131.1,36.2,461,485,465,7.0e-58,219.5,0.950515,0.991398
DAKCFMEO_04447,WP_011103300.1,59.3,194,204,205,2.6e-62,233.0,0.95098,0.946341
DAKCFMEO_04448,WP_011103299.1,57.8,372,368,371,2.1e-102,367.1,1.01087,1.0027
DAKCFMEO_04448,WP_005765592.1,34.3,359,368,372,9.8e-36,145.6,0.975543,0.965054
DAKCFMEO_04448,WP_011104485.1,33.1,332,368,395,1.8e-29,124.8,0.902174,0.840506
DAKCFMEO_04448,WP_011105357.1,30.9,350,368,356,5.2e-29,123.2,0.951087,0.983146
DAKCFMEO_04448,WP_011104486.1,30.3,346,368,366,1.3e-27,118.6,0.940217,0.945355
DAKCFMEO_04449,WP_011103298.1,79.3,1031,1036,1036,0.0e+00,1610.5,0.995174,0.995174
DAKCFMEO_04449,WP_011105356.1,38.0,1030,1036,1033,1.3e-199,691.4,0.994208,0.997096
DAKCFMEO_04449,WP_011104487.1,35.6,1016,1036,1011,1.0e-178,622.1,0.980695,1.00495
DAKCFMEO_04450,WP_011104743.1,46.3,421,426,414,1.1e-94,341.7,0.988263,1.01691
DAKCFMEO_04450,WP_005769613.1,33.4,419,426,407,1.9e-54,208.0,0.983568,1.02948
DAKCFMEO_04450,WP_011105318.1,32.2,419,426,408,6.4e-47,183.0,0.983568,1.02696
DAKCFMEO_04450,WP_005765463.1,30.5,429,426,398,7.1e-30,126.3,1.00704,1.07789
DAKCFMEO_04450,WP_011105119.1,30.1,418,426,381,3.5e-29,124.0,0.981221,1.09711
DAKCFMEO_04451,WP_005770075.1,31.1,386,398,398,6.2e-36,146.4,0.969849,0.969849
DAKCFMEO_04453,WP_011105087.1,69.0,539,539,539,3.7e-140,493.0,1,1
DAKCFMEO_04453,WP_011103145.1,49.5,541,539,541,1.3e-76,282.0,1.00371,1
DAKCFMEO_04453,WP_011105048.1,43.9,545,539,541,2.9e-68,254.2,1.01113,1.00739
DAKCFMEO_04453,WP_011105575.1,44.2,543,539,541,5.4e-67,250.0,1.00742,1.0037
DAKCFMEO_04453,WP_011104615.1,41.5,552,539,542,1.2e-61,232.3,1.02412,1.01845
DAKCFMEO_04453,WP_005767285.1,38.3,541,539,541,6.6e-57,216.5,1.00371,1
DAKCFMEO_04453,WP_005764624.1,30.7,538,539,542,3.7e-52,200.7,0.998145,0.99262
DAKCFMEO_04454,WP_011104046.1,33.0,112,148,142,1.7e-15,77.0,0.756757,0.788732
DAKCFMEO_04459,WP_011104364.1,88.0,208,208,208,2.4e-103,369.4,1,1
DAKCFMEO_04460,WP_005766116.1,85.7,392,401,395,4.2e-173,602.1,0.977556,0.992405
DAKCFMEO_04460,WP_011104673.1,30.4,345,401,399,2.4e-19,91.3,0.860349,0.864662
DAKCFMEO_04461,WP_011104038.1,55.7,289,313,293,1.0e-94,341.3,0.923323,0.986348
DAKCFMEO_04464,WP_011103012.1,69.9,143,145,143,4.1e-54,205.3,0.986207,1
DAKCFMEO_04465,WP_011103528.1,59.2,147,147,148,7.3e-43,167.9,1,0.993243
DAKCFMEO_04467,WP_162491836.1,94.5,55,79,55,9.8e-26,110.2,0.696203,1
DAKCFMEO_04468,WP_011104866.1,80.9,220,223,222,4.4e-100,358.6,0.986547,0.990991
DAKCFMEO_04468,WP_003380226.1,32.0,153,223,246,1.2e-15,78.2,0.686099,0.621951
DAKCFMEO_04468,WP_002554192.1,31.0,158,223,229,2.0e-15,77.4,0.70852,0.689956
DAKCFMEO_04468,WP_005765089.1,30.6,180,223,220,7.5e-15,75.5,0.807175,0.818182
DAKCFMEO_04468,WP_005617102.1,30.6,183,223,222,1.3e-14,74.7,0.820628,0.824324
DAKCFMEO_04469,WP_044393613.1,81.8,1128,1133,1123,0.0e+00,1816.2,0.995587,1.00445
DAKCFMEO_04471,WP_005767480.1,94.2,414,414,414,8.8e-227,780.4,1,1
DAKCFMEO_04471,WP_007246896.1,59.3,396,414,393,8.5e-129,454.9,0.956522,1.00763
DAKCFMEO_04471,WP_011105219.1,42.0,393,414,421,8.3e-76,278.9,0.949275,0.933492
DAKCFMEO_04471,WP_005770316.1,32.8,366,414,382,6.2e-55,209.5,0.884058,0.958115
DAKCFMEO_04472,WP_044393615.1,93.1,305,305,305,3.9e-155,542.0,1,1
DAKCFMEO_04472,WP_005770312.1,54.9,293,305,300,2.2e-89,323.6,0.960656,0.976667
DAKCFMEO_04473,WP_011104863.1,87.9,390,387,391,8.0e-190,657.5,1.00775,0.997442
DAKCFMEO_04473,WP_005770310.1,54.1,342,387,380,8.5e-99,355.1,0.883721,0.9
DAKCFMEO_04473,WP_011105220.1,39.9,348,387,359,6.8e-64,239.2,0.899225,0.969359
DAKCFMEO_04474,WP_011104862.1,92.1,253,253,253,2.1e-130,459.5,1,1
DAKCFMEO_04474,WP_005770308.1,64.5,245,253,245,3.1e-89,322.8,0.968379,1
DAKCFMEO_04474,WP_003376420.1,54.8,241,253,286,5.4e-70,258.8,0.952569,0.842657
DAKCFMEO_04474,WP_003381484.1,34.9,255,253,255,1.0e-36,148.3,1.00791,1
DAKCFMEO_04474,WP_011104320.1,30.2,255,253,264,1.5e-32,134.4,1.00791,0.965909
DAKCFMEO_04474,WP_003376366.1,31.9,282,253,291,2.6e-32,133.7,1.11462,0.969072
DAKCFMEO_04475,WP_005767488.1,92.1,229,229,229,7.0e-117,414.5,1,1
DAKCFMEO_04475,WP_011103991.1,53.7,229,229,229,7.1e-69,255.0,1,1
DAKCFMEO_04475,WP_005763108.1,46.8,222,229,232,3.2e-53,203.0,0.969432,0.956897
DAKCFMEO_04475,WP_011105230.1,36.2,229,229,238,1.8e-35,144.1,1,0.962185
DAKCFMEO_04475,WP_005764926.1,37.2,215,229,233,2.0e-34,140.6,0.938865,0.922747
DAKCFMEO_04475,WP_005620338.1,32.2,214,229,241,1.3e-30,127.9,0.934498,0.887967
DAKCFMEO_04475,WP_011104317.1,33.9,221,229,258,1.6e-28,120.9,0.965066,0.856589
DAKCFMEO_04475,WP_011104895.1,32.9,225,229,244,7.4e-26,112.1,0.982533,0.922131
DAKCFMEO_04475,WP_007245567.1,31.0,229,229,247,1.7e-25,110.9,1,0.927126
DAKCFMEO_04475,WP_003380252.1,32.1,218,229,326,2.4e-24,107.1,0.951965,0.668712
DAKCFMEO_04475,WP_007243868.1,30.4,217,229,245,4.1e-24,106.3,0.947598,0.885714
DAKCFMEO_04475,WP_011104376.1,30.7,212,229,253,5.3e-24,105.9,0.925764,0.837945
DAKCFMEO_04475,WP_005768429.1,31.0,216,229,244,2.6e-23,103.6,0.943231,0.885246
DAKCFMEO_04475,WP_005770464.1,30.4,214,229,329,2.6e-23,103.6,0.934498,0.650456
DAKCFMEO_04475,WP_011104057.1,30.1,229,229,342,4.5e-23,102.8,1,0.669591
DAKCFMEO_04475,WP_011103489.1,30.7,215,229,254,1.7e-22,100.9,0.938865,0.846457
DAKCFMEO_04475,WP_011104329.1,30.1,229,229,261,2.5e-21,97.1,1,0.877395
DAKCFMEO_04475,WP_010203924.1,30.8,211,229,335,5.5e-21,95.9,0.921397,0.629851
DAKCFMEO_04476,WP_005619903.1,92.7,410,409,410,1.7e-238,819.3,1.00244,1
DAKCFMEO_04477,WP_011104861.1,77.4,115,115,115,3.4e-51,195.3,1,1
DAKCFMEO_04478,WP_005740210.1,82.9,146,146,146,1.6e-66,246.5,1,1
DAKCFMEO_04479,WP_005763940.1,85.6,208,208,208,2.3e-106,379.4,1,1
DAKCFMEO_04480,WP_011104680.1,76.1,831,846,827,0.0e+00,1287.7,0.98227,1.00484
DAKCFMEO_04480,WP_032643380.1,48.2,704,846,697,1.4e-170,594.7,0.832151,1.01004
DAKCFMEO_04480,WP_011103739.1,46.2,666,846,691,7.2e-159,555.8,0.787234,0.963821
DAKCFMEO_04480,WP_011104156.1,47.0,558,846,676,1.0e-133,472.2,0.659574,0.825444
DAKCFMEO_04480,WP_011103576.1,47.5,570,846,695,4.6e-129,456.8,0.673759,0.820144
DAKCFMEO_04481,WP_044390209.1,87.2,642,642,642,2.8e-203,703.0,1,1
DAKCFMEO_04481,WP_011104387.1,74.9,642,642,642,7.6e-161,562.0,1,1
DAKCFMEO_04481,WP_046463739.1,42.4,592,642,640,4.3e-47,184.1,0.922118,0.925
DAKCFMEO_04481,WP_011105342.1,44.8,580,642,638,2.4e-45,178.3,0.903427,0.909091
DAKCFMEO_04481,WP_011105343.1,42.4,550,642,647,3.4e-44,174.5,0.856698,0.850077
DAKCFMEO_04481,WP_007244964.1,42.1,585,642,640,3.5e-41,164.5,0.911215,0.914062
DAKCFMEO_04481,WP_011104615.1,43.5,400,642,542,4.4e-23,104.4,0.623053,0.738007
DAKCFMEO_04481,WP_011105048.1,36.1,474,642,541,1.7e-22,102.4,0.738318,0.876155
DAKCFMEO_04481,WP_046463299.1,43.9,545,642,641,4.8e-22,100.9,0.84891,0.850234
DAKCFMEO_04481,WP_011103145.1,35.7,465,642,541,3.1e-21,98.2,0.724299,0.859519
DAKCFMEO_04482,WP_011104668.1,72.7,308,313,310,4.6e-119,422.2,0.984026,0.993548
DAKCFMEO_04483,WP_011104667.1,78.2,284,284,284,1.3e-123,437.2,1,1
DAKCFMEO_04483,WP_032710594.1,31.3,265,284,293,6.4e-27,115.9,0.933099,0.904437
DAKCFMEO_04484,WP_011103576.1,32.0,746,724,695,1.4e-86,315.5,1.03039,1.07338
DAKCFMEO_04485,WP_003376162.1,98.2,338,338,338,5.4e-198,684.5,1,1
DAKCFMEO_04485,WP_005765567.1,37.7,337,338,332,9.5e-54,205.3,0.997041,1.01506
DAKCFMEO_04486,WP_046463288.1,88.7,168,168,168,4.7e-78,285.0,1,1
DAKCFMEO_04486,WP_004655323.1,38.0,150,168,162,1.0e-24,107.8,0.892857,0.925926
DAKCFMEO_04486,WP_011103096.1,34.7,150,168,159,6.9e-21,95.1,0.892857,0.943396
DAKCFMEO_04486,WP_003376607.1,37.7,151,168,159,2.6e-20,93.2,0.89881,0.949686
DAKCFMEO_04486,WP_003380560.1,37.3,150,168,155,2.9e-19,89.7,0.892857,0.967742
DAKCFMEO_04486,WP_005613713.1,30.7,150,168,156,2.7e-17,83.2,0.892857,0.961538
DAKCFMEO_04486,WP_002555947.1,33.3,150,168,162,1.0e-16,81.3,0.892857,0.925926
DAKCFMEO_04488,WP_011104741.1,69.3,212,216,220,4.5e-81,295.4,0.981481,0.963636
DAKCFMEO_04490,WP_011104663.1,90.0,301,302,302,3.3e-138,485.7,0.996689,0.996689
DAKCFMEO_04491,WP_005765329.1,95.0,261,261,261,6.5e-151,527.7,1,1
DAKCFMEO_04492,WP_046463289.1,92.2,422,422,425,4.9e-233,801.2,1,0.992941
DAKCFMEO_04493,WP_005765323.1,90.6,170,174,170,5.0e-91,328.2,0.977011,1
DAKCFMEO_04494,WP_011104661.1,96.1,331,331,331,1.6e-194,672.9,1,1
DAKCFMEO_04495,WP_011104660.1,78.4,176,179,176,2.8e-76,279.3,0.98324,1
DAKCFMEO_04496,WP_005765316.1,96.1,309,309,309,5.8e-183,634.4,1,1
DAKCFMEO_04497,WP_005765312.1,81.2,117,117,117,1.3e-55,209.9,1,1
DAKCFMEO_04498,WP_011104658.1,89.5,247,250,249,5.1e-121,428.3,0.988,0.991968
DAKCFMEO_04498,WP_046463915.1,37.9,235,250,239,1.0e-36,148.3,0.94,0.983264
DAKCFMEO_04499,WP_005767725.1,92.9,366,411,399,2.5e-189,656.0,0.890511,0.917293
DAKCFMEO_04499,WP_024666071.1,54.4,360,411,397,2.4e-107,383.6,0.875912,0.906801
DAKCFMEO_04500,WP_005767727.1,89.5,57,59,59,7.5e-23,100.1,0.966102,0.966102
DAKCFMEO_04501,WP_011103882.1,42.4,394,398,398,2.9e-94,340.1,0.98995,0.98995
DAKCFMEO_04501,WP_011105431.1,39.8,392,398,399,1.4e-91,331.3,0.984925,0.982456
DAKCFMEO_04502,WP_005616592.1,95.8,118,118,118,3.0e-63,235.3,1,1
DAKCFMEO_04503,WP_005767729.1,92.5,265,265,265,4.7e-149,521.5,1,1
DAKCFMEO_04504,WP_005767731.1,91.5,516,519,521,1.1e-279,956.4,0.99422,0.990403
DAKCFMEO_04504,WP_007244904.1,41.8,514,519,502,3.4e-111,396.7,0.990366,1.0239
DAKCFMEO_04504,WP_011104349.1,33.5,457,519,667,1.2e-58,222.2,0.880539,0.685157
DAKCFMEO_04504,WP_005769514.1,31.0,461,519,439,3.0e-54,207.6,0.888247,1.05011
DAKCFMEO_04504,WP_007246574.1,35.1,413,519,461,2.8e-52,201.1,0.795761,0.895879
DAKCFMEO_04504,WP_007246617.1,33.6,431,519,442,2.3e-51,198.0,0.830443,0.975113
DAKCFMEO_04504,WP_002555721.1,31.4,449,519,478,4.9e-49,190.3,0.865125,0.939331
DAKCFMEO_04504,WP_011103301.1,34.4,317,519,446,1.4e-48,188.7,0.61079,0.710762
DAKCFMEO_04505,WP_005740605.1,81.8,88,88,88,3.4e-35,141.7,1,1
DAKCFMEO_04506,WP_007245081.1,97.1,651,651,651,0.0e+00,1310.8,1,1
DAKCFMEO_04507,WP_005767735.1,95.7,258,258,258,4.2e-142,498.4,1,1
DAKCFMEO_04507,WP_003381525.1,41.3,259,258,260,1.6e-53,204.1,1.00388,0.996154
DAKCFMEO_04507,WP_011105442.1,39.8,259,258,254,2.1e-48,187.2,1.00388,1.01969
DAKCFMEO_04508,WP_005740602.1,96.9,229,230,229,3.1e-120,425.6,0.995652,1
DAKCFMEO_04508,WP_046463429.1,48.7,226,230,242,1.4e-56,214.2,0.982609,0.933884
DAKCFMEO_04508,WP_011105443.1,45.0,222,230,231,3.0e-51,196.4,0.965217,0.961039
DAKCFMEO_04508,WP_011104187.1,36.0,214,230,220,9.8e-26,111.7,0.930435,0.972727
DAKCFMEO_04508,WP_005768815.1,31.8,217,230,277,2.9e-22,100.1,0.943478,0.783394
DAKCFMEO_04508,WP_003383265.1,35.3,215,230,229,1.9e-21,97.4,0.934783,0.938865
DAKCFMEO_04508,WP_003381368.1,30.3,221,230,222,5.5e-21,95.9,0.96087,0.995495
DAKCFMEO_04508,WP_011104188.1,32.9,216,230,220,5.2e-19,89.4,0.93913,0.981818
DAKCFMEO_04508,WP_011104269.1,31.9,191,230,246,1.4e-16,81.3,0.830435,0.776423
DAKCFMEO_04508,WP_011103715.1,31.1,212,230,232,2.4e-16,80.5,0.921739,0.913793
DAKCFMEO_04508,WP_005762766.1,31.1,209,230,262,1.0e-14,75.1,0.908696,0.79771
DAKCFMEO_04509,WP_011103715.1,94.0,232,232,232,5.8e-119,421.4,1,1
DAKCFMEO_04509,WP_003383265.1,48.6,218,232,229,1.0e-51,198.0,0.939655,0.951965
DAKCFMEO_04509,WP_005764880.1,45.1,213,232,236,1.7e-46,180.6,0.918103,0.902542
DAKCFMEO_04509,WP_003381368.1,33.8,213,232,222,1.0e-22,101.7,0.918103,0.959459
DAKCFMEO_04509,WP_011104269.1,33.8,207,232,246,4.3e-21,96.3,0.892241,0.841463
DAKCFMEO_04509,WP_046463429.1,30.5,213,232,242,4.7e-20,92.8,0.918103,0.880165
DAKCFMEO_04509,WP_007246619.1,30.1,226,232,221,8.4e-17,82.0,0.974138,1.02262
DAKCFMEO_04509,WP_011104330.1,30.2,225,232,324,1.1e-16,81.6,0.969828,0.694444
DAKCFMEO_04509,WP_046464032.1,30.2,202,232,216,1.0e-14,75.1,0.87069,0.935185
DAKCFMEO_04509,WP_005740602.1,30.1,216,232,229,5.1e-14,72.8,0.931034,0.943231
DAKCFMEO_04509,WP_011104116.1,30.1,193,232,244,1.6e-12,67.8,0.831897,0.790984
DAKCFMEO_04510,WP_005767739.1,91.1,370,370,370,3.6e-203,701.8,1,1
DAKCFMEO_04510,WP_005764877.1,42.5,372,370,372,1.4e-77,284.6,1.00541,1
DAKCFMEO_04511,WP_011103716.1,97.6,254,254,254,6.1e-138,484.6,1,1
DAKCFMEO_04511,WP_007246637.1,67.1,255,254,254,7.1e-94,338.2,1.00394,1.00394
DAKCFMEO_04511,WP_005737152.1,62.8,247,254,257,1.4e-86,313.9,0.972441,0.961089
DAKCFMEO_04511,WP_007245567.1,51.2,246,254,247,4.3e-67,249.2,0.968504,0.995951
DAKCFMEO_04511,WP_005762478.1,48.6,253,254,263,1.0e-63,238.0,0.996063,0.961977
DAKCFMEO_04511,WP_011103489.1,47.8,247,254,254,1.7e-63,237.3,0.972441,0.972441
DAKCFMEO_04511,WP_005768429.1,50.6,249,254,244,2.5e-62,233.4,0.980315,1.02049
DAKCFMEO_04511,WP_011104329.1,49.4,247,254,261,5.1e-60,225.7,0.972441,0.94636
DAKCFMEO_04511,WP_007243868.1,46.7,242,254,245,1.3e-58,221.1,0.952756,0.987755
DAKCFMEO_04511,WP_011104117.1,45.2,250,254,278,6.3e-58,218.8,0.984252,0.899281
DAKCFMEO_04511,WP_011104895.1,44.7,253,254,244,7.7e-56,211.8,0.996063,1.03689
DAKCFMEO_04511,WP_011104376.1,43.9,246,254,253,5.0e-55,209.1,0.968504,0.972332
DAKCFMEO_04511,WP_005765582.1,39.1,235,254,376,1.5e-43,171.0,0.925197,0.625
DAKCFMEO_04511,WP_010203924.1,36.9,252,254,335,1.2e-40,161.4,0.992126,0.752239
DAKCFMEO_04511,WP_011104358.1,35.2,233,254,345,1.1e-33,138.3,0.917323,0.675362
DAKCFMEO_04511,WP_003380252.1,33.2,256,254,326,2.4e-33,137.1,1.00787,0.785276
DAKCFMEO_04511,WP_005768959.1,33.5,248,254,368,1.2e-32,134.8,0.976378,0.673913
DAKCFMEO_04511,WP_005768050.1,34.2,237,254,374,5.9e-32,132.5,0.933071,0.63369
DAKCFMEO_04511,WP_007247035.1,33.6,232,254,276,5.9e-32,132.5,0.913386,0.84058
DAKCFMEO_04511,WP_005763638.1,30.0,230,254,223,2.2e-31,130.6,0.905512,1.03139
DAKCFMEO_04511,WP_007246818.1,33.6,244,254,260,1.9e-30,127.5,0.96063,0.938462
DAKCFMEO_04511,WP_005762690.1,32.9,246,254,384,3.2e-30,126.7,0.968504,0.640625
DAKCFMEO_04511,WP_002553918.1,32.0,259,254,259,4.7e-29,122.9,1.01969,1
DAKCFMEO_04511,WP_003383085.1,36.9,214,254,232,6.1e-29,122.5,0.84252,0.922414
DAKCFMEO_04511,WP_005763692.1,31.6,244,254,392,1.0e-28,121.7,0.96063,0.622449
DAKCFMEO_04512,WP_005740596.1,96.1,330,329,330,3.4e-181,628.6,1.00304,1
DAKCFMEO_04512,WP_005763696.1,41.1,321,329,367,1.7e-63,237.7,0.975684,0.874659
DAKCFMEO_04512,WP_005764509.1,37.6,213,329,344,1.9e-30,127.9,0.647416,0.619186
DAKCFMEO_04513,WP_011103718.1,95.6,405,405,405,9.8e-231,793.5,1,1
DAKCFMEO_04513,WP_011104111.1,40.4,386,405,400,1.6e-71,264.6,0.953086,0.965
DAKCFMEO_04513,WP_011103055.1,32.9,404,405,434,6.1e-55,209.5,0.997531,0.930876
DAKCFMEO_04513,WP_011103086.1,34.0,397,405,426,3.4e-50,193.7,0.980247,0.931925
DAKCFMEO_04513,WP_005767839.1,31.8,402,405,415,1.7e-49,191.4,0.992593,0.968675
DAKCFMEO_04514,WP_005616608.1,94.5,347,347,343,1.2e-187,650.2,1,1.01166
DAKCFMEO_04514,WP_007245075.1,34.6,344,347,341,3.6e-56,213.4,0.991354,1.0088
DAKCFMEO_04515,WP_007245075.1,95.9,341,341,341,4.9e-191,661.4,1,1
DAKCFMEO_04515,WP_005616608.1,34.1,340,341,343,1.6e-56,214.5,0.997067,0.991254
DAKCFMEO_04516,WP_161797808.1,88.5,488,488,489,6.7e-250,857.4,1,0.997955
DAKCFMEO_04516,WP_011103085.1,31.0,462,488,480,2.8e-46,181.0,0.946721,0.9625
DAKCFMEO_04516,WP_005763655.1,30.6,490,488,490,1.2e-44,175.6,1.0041,1
DAKCFMEO_04516,WP_011102988.1,32.0,465,488,497,5.8e-44,173.3,0.952869,0.935614
DAKCFMEO_04516,WP_011104361.1,32.2,463,488,505,6.4e-43,169.9,0.94877,0.916832
DAKCFMEO_04516,WP_011104646.1,32.5,462,488,491,8.4e-43,169.5,0.946721,0.940937
DAKCFMEO_04516,WP_011104290.1,32.1,446,488,482,5.4e-42,166.8,0.913934,0.925311
DAKCFMEO_04516,WP_011103053.1,30.5,462,488,485,9.3e-42,166.0,0.946721,0.952577
DAKCFMEO_04516,WP_005764523.1,30.4,470,488,493,2.3e-40,161.4,0.963115,0.953347
DAKCFMEO_04516,WP_011104137.1,30.7,462,488,493,1.9e-39,158.3,0.946721,0.93712
DAKCFMEO_04517,WP_011103720.1,93.3,447,448,448,1.4e-246,846.3,0.997768,0.997768
DAKCFMEO_04518,WP_005767754.1,97.9,95,105,95,4.0e-51,194.9,0.904762,1
DAKCFMEO_04519,WP_005767756.1,89.3,335,337,335,7.8e-173,600.9,0.994065,1
DAKCFMEO_04520,WP_011104657.1,89.5,437,437,437,3.9e-233,801.6,1,1
DAKCFMEO_04521,WP_046463290.1,90.3,278,279,289,1.1e-145,510.4,0.996416,0.961938
DAKCFMEO_04522,WP_011104655.1,93.3,771,777,792,0.0e+00,1460.7,0.992278,0.973485
DAKCFMEO_04523,WP_005765302.1,88.6,484,484,484,3.5e-251,861.7,1,1
DAKCFMEO_04524,WP_005765300.1,85.8,218,219,219,6.3e-99,354.8,0.995434,0.995434
DAKCFMEO_04525,WP_011104654.1,91.9,1162,1162,1162,0.0e+00,1239.9,1,1
DAKCFMEO_04526,WP_003376124.1,91.1,291,291,288,5.7e-148,518.1,1,1.01042
DAKCFMEO_04527,WP_011104653.1,91.4,787,782,787,0.0e+00,1427.5,1.00639,1
DAKCFMEO_04528,WP_011104652.1,93.0,388,388,388,2.2e-224,772.3,1,1
DAKCFMEO_04529,WP_011104651.1,80.2,162,162,162,2.6e-73,269.2,1,1
DAKCFMEO_04531,WP_011104649.1,85.0,374,374,374,6.0e-174,604.7,1,1
DAKCFMEO_04532,WP_011104648.1,89.4,558,562,560,3.3e-309,1054.7,0.992883,0.996429
DAKCFMEO_04532,WP_011106957.1,88.0,558,562,560,9.9e-306,1043.1,0.992883,0.996429
DAKCFMEO_04533,WP_011104647.1,90.6,743,730,743,0.0e+00,1094.0,1.01781,1
DAKCFMEO_04534,WP_002552818.1,99.1,108,108,108,4.9e-52,198.0,1,1
DAKCFMEO_04535,WP_011104646.1,87.0,485,488,491,2.7e-243,835.5,0.993852,0.98778
DAKCFMEO_04535,WP_011102988.1,39.4,472,488,497,5.0e-80,293.1,0.967213,0.949698
DAKCFMEO_04535,WP_005763655.1,36.6,475,488,490,1.5e-79,291.6,0.973361,0.969388
DAKCFMEO_04535,WP_011104137.1,38.2,476,488,493,8.0e-78,285.8,0.97541,0.965517
DAKCFMEO_04535,WP_011104140.1,35.1,470,488,476,5.7e-76,279.6,0.963115,0.987395
DAKCFMEO_04535,WP_011103256.1,37.0,476,488,506,1.4e-74,275.0,0.97541,0.940711
DAKCFMEO_04535,WP_011103085.1,35.2,474,488,480,1.7e-72,268.1,0.971311,0.9875
DAKCFMEO_04535,WP_011104361.1,35.2,477,488,505,3.3e-71,263.8,0.977459,0.944554
DAKCFMEO_04535,WP_011103053.1,35.2,469,488,485,2.1e-70,261.2,0.961066,0.96701
DAKCFMEO_04535,WP_011103748.1,35.6,455,488,505,2.7e-65,244.2,0.932377,0.90099
DAKCFMEO_04535,WP_005762699.1,32.8,451,488,463,2.3e-61,231.1,0.92418,0.974082
DAKCFMEO_04535,WP_011103279.1,37.2,433,488,508,1.5e-60,228.4,0.887295,0.852362
DAKCFMEO_04535,WP_011104588.1,34.7,458,488,500,2.9e-59,224.2,0.938525,0.916
DAKCFMEO_04535,WP_005764523.1,33.7,457,488,493,4.6e-57,216.9,0.936475,0.926978
DAKCFMEO_04535,WP_011103274.1,33.8,462,488,497,3.0e-56,214.2,0.946721,0.929577
DAKCFMEO_04535,WP_011104290.1,34.4,454,488,482,5.1e-56,213.4,0.930328,0.941909
DAKCFMEO_04535,WP_161797808.1,31.0,458,488,489,6.6e-40,159.8,0.938525,0.936605
DAKCFMEO_04536,WP_011104644.1,81.1,127,135,130,1.8e-56,213.0,0.940741,0.976923
DAKCFMEO_04536,WP_011102981.1,32.5,120,135,126,9.5e-13,67.8,0.888889,0.952381
DAKCFMEO_04537,WP_011104643.1,86.6,373,383,378,2.7e-190,659.1,0.97389,0.986772
DAKCFMEO_04538,WP_005765268.1,92.5,293,294,294,6.0e-153,534.6,0.996599,0.996599
DAKCFMEO_04538,WP_007246000.1,34.6,286,294,301,5.6e-42,166.0,0.972789,0.950166
DAKCFMEO_04538,WP_011103267.1,34.2,295,294,307,1.9e-37,151.0,1.0034,0.960912
DAKCFMEO_04538,WP_007245106.1,31.4,293,294,301,2.5e-34,140.6,0.996599,0.973422
DAKCFMEO_04538,WP_011104375.1,32.2,292,294,307,2.5e-34,140.6,0.993197,0.95114
DAKCFMEO_04538,WP_003377838.1,30.4,289,294,298,1.4e-29,124.8,0.982993,0.969799
DAKCFMEO_04539,WP_011104642.1,93.5,200,200,200,3.4e-107,382.1,1,1
DAKCFMEO_04540,WP_003383046.1,90.6,106,107,107,3.1e-51,195.3,0.990654,0.990654
DAKCFMEO_04541,WP_046463732.1,80.1,552,539,549,2.2e-241,829.3,1.02412,1.00546
DAKCFMEO_04542,WP_007245274.1,70.2,208,213,212,5.8e-81,295.0,0.976526,0.981132
DAKCFMEO_04542,WP_007245567.1,32.1,196,213,247,2.2e-19,90.5,0.920188,0.793522
DAKCFMEO_04542,WP_011105420.1,35.6,177,213,270,6.3e-19,89.0,0.830986,0.655556
DAKCFMEO_04542,WP_005768460.1,31.4,194,213,264,2.4e-18,87.0,0.910798,0.734848
DAKCFMEO_04542,WP_005770829.1,34.6,159,213,263,3.1e-18,86.7,0.746479,0.604563
DAKCFMEO_04542,WP_010203323.1,31.1,196,213,237,3.1e-18,86.7,0.920188,0.827004
DAKCFMEO_04542,WP_005767098.1,32.6,175,213,261,9.1e-18,85.1,0.821596,0.670498
DAKCFMEO_04542,WP_003381484.1,30.4,194,213,255,1.0e-16,81.6,0.910798,0.760784
DAKCFMEO_04542,WP_005620333.1,34.6,162,213,269,2.9e-16,80.1,0.760563,0.60223
DAKCFMEO_04542,WP_011105568.1,32.3,186,213,259,2.9e-16,80.1,0.873239,0.718147
DAKCFMEO_04542,WP_011103923.1,32.4,182,213,227,6.5e-16,79.0,0.85446,0.801762
DAKCFMEO_04543,WP_011104640.1,88.3,223,223,223,1.4e-98,353.6,1,1
DAKCFMEO_04544,WP_005765259.1,88.4,258,264,267,2.8e-133,469.2,0.977273,0.966292
DAKCFMEO_04545,WP_005765257.1,82.5,57,58,58,2.4e-21,95.1,0.982759,0.982759
DAKCFMEO_04546,WP_005765255.1,85.7,154,155,157,4.4e-70,258.5,0.993548,0.980892
DAKCFMEO_04547,WP_005765253.1,91.6,655,657,657,0.0e+00,1192.6,0.996956,0.996956
DAKCFMEO_04548,WP_005765251.1,80.3,178,178,178,1.7e-86,313.2,1,1
DAKCFMEO_04549,WP_011104639.1,77.1,157,158,156,2.1e-64,239.6,0.993671,1.00641
DAKCFMEO_04550,WP_046463733.1,82.3,396,397,393,8.3e-174,604.4,0.997481,1.00763
DAKCFMEO_04551,WP_011104638.1,80.9,136,135,135,3.4e-55,208.8,1.00741,1.00741
DAKCFMEO_04552,WP_011104637.1,95.2,332,332,332,3.3e-184,638.6,1,1
DAKCFMEO_04552,WP_011103091.1,53.7,335,332,338,3.9e-100,359.4,1.00904,0.991124
DAKCFMEO_04553,WP_005619395.1,84.1,277,277,277,6.3e-120,424.9,1,1
DAKCFMEO_04554,WP_011104636.1,91.4,477,477,477,2.9e-213,735.7,1,1
DAKCFMEO_04554,WP_010201131.1,30.1,471,477,465,2.0e-49,191.4,0.987421,1.0129
DAKCFMEO_04555,WP_011104635.1,94.6,294,294,294,1.1e-154,540.4,1,1
DAKCFMEO_04555,WP_011103474.1,41.0,273,294,286,3.5e-52,199.9,0.928571,0.954545
DAKCFMEO_04556,WP_003378219.1,100.0,69,69,69,5.5e-33,134.0,1,1
DAKCFMEO_04557,WP_046463355.1,92.9,695,695,695,0.0e+00,1268.8,1,1
DAKCFMEO_04558,WP_011104633.1,84.0,150,150,150,8.2e-66,244.2,1,1
DAKCFMEO_04558,WP_003381003.1,38.5,117,150,144,1.1e-14,74.3,0.78,0.8125
DAKCFMEO_04559,WP_003378216.1,91.9,221,221,222,8.5e-120,424.1,1,0.995495
DAKCFMEO_04559,WP_005762942.1,62.2,222,221,223,4.9e-75,275.4,1.00452,0.995516
DAKCFMEO_04560,WP_011104627.1,87.4,460,464,462,2.4e-225,775.8,0.991379,0.995671
DAKCFMEO_04560,WP_011103124.1,36.4,321,464,463,2.0e-49,191.4,0.69181,0.693305
DAKCFMEO_04560,WP_005764043.1,38.7,287,464,454,1.3e-48,188.7,0.618534,0.632159
DAKCFMEO_04560,WP_011104914.1,30.3,287,464,460,2.6e-25,111.3,0.618534,0.623913
DAKCFMEO_04560,WP_011103754.1,30.7,283,464,457,2.0e-22,101.7,0.609914,0.619256
DAKCFMEO_04561,WP_002554192.1,97.4,231,231,229,4.0e-128,451.8,1,1.00873
DAKCFMEO_04561,WP_005764042.1,56.3,222,231,225,1.3e-70,260.8,0.961039,0.986667
DAKCFMEO_04561,WP_003382360.1,56.1,223,231,224,2.5e-69,256.5,0.965368,0.995536
DAKCFMEO_04561,WP_003381155.1,43.8,219,231,227,6.5e-46,178.7,0.948052,0.964758
DAKCFMEO_04561,WP_002555020.1,42.5,219,231,227,7.5e-42,165.2,0.948052,0.964758
DAKCFMEO_04561,WP_011103755.1,37.7,223,231,220,2.8e-41,163.3,0.965368,1.01364
DAKCFMEO_04561,WP_005739198.1,37.9,224,231,223,6.5e-38,152.1,0.969697,1.00448
DAKCFMEO_04561,WP_007246025.1,39.8,221,231,222,1.9e-37,150.6,0.95671,0.995495
DAKCFMEO_04561,WP_003381559.1,35.0,223,231,225,8.9e-35,141.7,0.965368,0.991111
DAKCFMEO_04561,WP_005770857.1,34.7,219,231,224,1.2e-34,141.4,0.948052,0.977679
DAKCFMEO_04561,WP_007244755.1,38.1,226,231,249,4.4e-34,139.4,0.978355,0.907631
DAKCFMEO_04561,WP_005766623.1,37.2,223,231,245,4.9e-33,136.0,0.965368,0.910204
DAKCFMEO_04561,WP_011103914.1,34.4,218,231,230,3.1e-32,133.3,0.943723,0.947826
DAKCFMEO_04561,WP_159229484.1,36.7,180,231,207,2.3e-30,127.1,0.779221,0.869565
DAKCFMEO_04561,WP_003383141.1,33.3,219,231,229,2.9e-30,126.7,0.948052,0.956332
DAKCFMEO_04561,WP_005764051.1,36.0,225,231,245,2.9e-30,126.7,0.974026,0.918367
DAKCFMEO_04561,WP_003380226.1,34.7,225,231,246,8.6e-30,125.2,0.974026,0.914634
DAKCFMEO_04561,WP_011104125.1,34.2,225,231,233,3.6e-28,119.8,0.974026,0.965665
DAKCFMEO_04561,WP_004396544.1,35.6,205,231,225,2.0e-26,114.0,0.887446,0.911111
DAKCFMEO_04561,WP_005769238.1,31.0,242,231,254,2.0e-26,114.0,1.04762,0.952756
DAKCFMEO_04562,WP_003378210.1,94.0,201,201,201,2.8e-101,362.5,1,1
DAKCFMEO_04563,WP_007245289.1,89.8,206,206,206,1.5e-110,393.3,1,1
DAKCFMEO_04564,WP_007245290.1,96.5,256,256,256,1.1e-150,526.9,1,1
DAKCFMEO_04565,WP_011104625.1,94.9,274,285,274,8.1e-147,514.2,0.961404,1
DAKCFMEO_04565,WP_011104624.1,32.7,278,285,402,4.6e-41,162.9,0.975439,0.691542
DAKCFMEO_04566,WP_005765224.1,91.6,440,436,440,4.1e-235,808.1,1.00917,1
DAKCFMEO_04567,WP_011104624.1,91.3,402,402,402,8.6e-187,647.5,1,1
DAKCFMEO_04567,WP_011104625.1,32.4,278,402,274,1.8e-38,154.8,0.691542,1.0146
DAKCFMEO_04568,WP_005765220.1,92.6,284,284,284,6.4e-144,504.6,1,1
DAKCFMEO_04570,WP_005765215.1,72.6,376,392,383,2.7e-161,562.8,0.959184,0.981723
DAKCFMEO_04571,WP_007246985.1,34.9,295,316,296,2.2e-36,147.5,0.933544,0.996622
DAKCFMEO_04571,WP_007246046.1,32.5,289,316,302,8.4e-36,145.6,0.914557,0.956954
DAKCFMEO_04571,WP_005764318.1,30.2,295,316,299,1.9e-24,107.8,0.933544,0.986622
DAKCFMEO_04572,WP_005769588.1,41.8,433,430,435,9.5e-91,328.6,1.00698,0.995402
DAKCFMEO_04575,WP_005765213.1,95.0,481,481,481,7.0e-244,837.4,1,1
DAKCFMEO_04575,WP_011104449.1,42.1,478,481,495,5.5e-87,316.2,0.993763,0.965657
DAKCFMEO_04576,WP_005765211.1,90.0,370,371,371,9.7e-201,693.7,0.997305,0.997305
DAKCFMEO_04576,WP_005766543.1,37.0,386,371,364,1.0e-61,231.9,1.04043,1.06044
DAKCFMEO_04577,WP_032710497.1,88.8,294,294,294,6.4e-147,514.6,1,1
DAKCFMEO_04578,WP_011104623.1,84.8,217,218,218,1.3e-104,373.6,0.995413,0.995413
DAKCFMEO_04581,WP_003377112.1,34.6,156,198,205,4.9e-18,85.9,0.787879,0.760976
DAKCFMEO_04582,WP_005765040.1,38.3,201,302,246,1.8e-32,134.4,0.665563,0.817073
DAKCFMEO_04586,WP_007244389.1,32.2,230,362,372,2.6e-25,110.9,0.635359,0.61828
DAKCFMEO_04588,WP_011104557.1,30.8,234,371,373,3.6e-22,100.5,0.630728,0.627346
DAKCFMEO_04591,WP_005619360.1,93.2,383,383,383,1.4e-189,656.8,1,1
DAKCFMEO_04592,WP_011104622.1,85.6,277,277,277,3.0e-138,485.7,1,1
DAKCFMEO_04593,WP_149032149.1,68.1,160,160,160,3.7e-56,212.2,1,1
DAKCFMEO_04594,WP_011104620.1,92.9,294,294,294,2.1e-158,552.7,1,1
DAKCFMEO_04594,WP_011103885.1,31.5,248,294,290,1.6e-17,84.7,0.843537,0.855172
DAKCFMEO_04597,WP_005769163.1,39.8,123,136,134,5.8e-26,111.7,0.904412,0.91791
DAKCFMEO_04597,WP_005769165.1,43.0,114,136,136,2.4e-24,106.3,0.838235,0.838235
DAKCFMEO_04597,WP_007245189.1,34.5,116,136,144,5.2e-19,88.6,0.852941,0.805556
DAKCFMEO_04598,WP_005765198.1,84.1,69,76,69,5.7e-31,127.5,0.907895,1
DAKCFMEO_04600,WP_032643380.1,89.1,697,697,697,0.0e+00,1241.9,1,1
DAKCFMEO_04600,WP_011104680.1,47.8,695,697,827,4.5e-167,582.8,0.997131,0.840387
DAKCFMEO_04600,WP_011103739.1,45.8,565,697,691,2.4e-128,454.1,0.810617,0.817656
DAKCFMEO_04600,WP_011104156.1,49.6,478,697,676,2.3e-118,421.0,0.685796,0.707101
DAKCFMEO_04600,WP_011104949.1,31.6,573,697,793,7.0e-59,223.4,0.822095,0.722573
DAKCFMEO_04603,WP_046463487.1,96.4,501,510,501,7.1e-287,980.3,0.982353,1
DAKCFMEO_04603,WP_011105396.1,41.7,458,510,716,1.8e-96,347.8,0.898039,0.639665
DAKCFMEO_04604,WP_046463492.1,78.8,241,237,241,4.4e-106,378.6,1.01688,1
DAKCFMEO_04605,WP_011104616.1,82.6,546,546,546,1.2e-170,594.3,1,1
DAKCFMEO_04605,WP_011103145.1,39.9,544,546,541,2.5e-48,188.0,0.996337,1.00555
DAKCFMEO_04605,WP_011105575.1,38.4,542,546,541,1.7e-47,185.3,0.992674,1.00185
DAKCFMEO_04605,WP_011105048.1,36.8,543,546,541,2.8e-47,184.5,0.994505,1.0037
DAKCFMEO_04605,WP_011105087.1,50.4,470,546,539,1.0e-44,176.0,0.860806,0.871985
DAKCFMEO_04605,WP_005771505.1,30.3,545,546,541,2.2e-44,174.9,0.998168,1.00739
DAKCFMEO_04605,WP_011104615.1,38.6,547,546,542,2.1e-42,168.3,1.00183,1.00923
DAKCFMEO_04605,WP_005767285.1,45.8,391,546,541,7.9e-42,166.4,0.716117,0.722736
DAKCFMEO_04605,WP_011104479.1,30.4,549,546,542,3.1e-38,154.5,1.00549,1.01292
DAKCFMEO_04606,WP_010206379.1,78.8,293,295,293,5.8e-132,464.9,0.99322,1
DAKCFMEO_04606,WP_046463494.1,45.4,271,295,283,6.6e-67,248.8,0.918644,0.957597
DAKCFMEO_04607,WP_032622221.1,83.8,142,142,142,5.0e-65,241.5,1,1
DAKCFMEO_04608,WP_011104615.1,79.0,542,543,542,4.9e-201,695.3,0.998158,1
DAKCFMEO_04608,WP_005767285.1,42.0,545,543,541,5.4e-83,303.1,1.00368,1.00739
DAKCFMEO_04608,WP_011105048.1,43.8,541,543,541,1.3e-81,298.5,0.996317,1
DAKCFMEO_04608,WP_011105575.1,44.3,542,543,541,5.1e-81,296.6,0.998158,1.00185
DAKCFMEO_04608,WP_005764624.1,37.4,543,543,542,4.3e-80,293.5,1,1.00185
DAKCFMEO_04608,WP_011103145.1,42.5,541,543,541,1.1e-78,288.9,0.996317,1
DAKCFMEO_04608,WP_011104479.1,36.8,543,543,542,4.9e-76,280.0,1,1.00185
DAKCFMEO_04608,WP_005771505.1,35.7,538,543,541,6.4e-76,279.6,0.990792,0.994455
DAKCFMEO_04608,WP_011105087.1,42.6,544,543,539,2.4e-75,277.7,1.00184,1.00928
DAKCFMEO_04608,WP_011103510.1,46.8,374,543,550,1.4e-46,182.2,0.688766,0.68
DAKCFMEO_04608,WP_011104616.1,33.9,548,543,546,2.1e-42,168.3,1.00921,1.00366
DAKCFMEO_04608,WP_046463594.1,37.0,403,543,539,5.0e-36,147.1,0.742173,0.747681
DAKCFMEO_04608,WP_011105562.1,30.4,408,543,676,7.2e-35,143.3,0.751381,0.60355
DAKCFMEO_04609,WP_005765176.1,76.8,207,205,207,7.7e-83,301.2,1.00976,1
DAKCFMEO_04609,WP_005765127.1,31.5,168,205,204,1.0e-13,71.6,0.819512,0.823529
DAKCFMEO_04610,WP_005765174.1,68.2,173,174,173,8.9e-64,237.7,0.994253,1
DAKCFMEO_04613,WP_005765172.1,92.3,700,704,706,0.0e+00,1310.4,0.994318,0.991501
DAKCFMEO_04613,WP_011104482.1,31.4,720,704,711,1.7e-73,271.9,1.02273,1.01266
DAKCFMEO_04614,WP_005765169.1,69.2,143,146,154,5.7e-56,211.5,0.979452,0.928571
DAKCFMEO_04615,WP_005765167.1,80.6,309,314,314,2.3e-150,526.2,0.984076,0.984076
DAKCFMEO_04615,WP_007245391.1,30.8,253,314,298,2.1e-23,104.4,0.805732,0.848993
DAKCFMEO_04616,WP_005765165.1,85.2,155,160,160,2.4e-79,289.3,0.96875,0.96875
DAKCFMEO_04617,WP_005765163.1,66.7,75,92,86,1.1e-17,83.6,0.815217,0.872093
DAKCFMEO_04618,WP_011104612.1,73.8,465,465,466,4.3e-198,685.3,1,0.997854
DAKCFMEO_04624,WP_002554157.1,100.0,62,62,62,3.3e-29,121.3,1,1
DAKCFMEO_04624,WP_003381023.1,64.3,56,62,64,9.4e-16,76.6,0.903226,0.875
DAKCFMEO_04624,WP_002554426.1,70.9,55,62,62,2.1e-15,75.5,0.887097,0.887097
DAKCFMEO_04625,WP_005765159.1,98.2,450,450,450,5.8e-240,824.3,1,1
DAKCFMEO_04625,WP_011105322.1,51.5,441,450,449,2.1e-120,427.2,0.98,0.982183
DAKCFMEO_04625,WP_044391022.1,40.8,441,450,456,9.0e-92,332.0,0.98,0.967105
DAKCFMEO_04625,WP_007247340.1,31.9,454,450,485,3.9e-63,236.9,1.00889,0.936082
DAKCFMEO_04626,WP_007245315.1,84.0,162,175,162,7.1e-77,281.2,0.925714,1
DAKCFMEO_04627,WP_005765154.1,89.6,338,338,338,1.3e-167,583.6,1,1
DAKCFMEO_04627,WP_011103107.1,33.6,339,338,348,2.1e-45,177.6,1.00296,0.974138
DAKCFMEO_04628,WP_011104610.1,67.2,323,323,323,3.9e-129,455.7,1,1
DAKCFMEO_04629,WP_005765147.1,83.5,723,727,725,0.0e+00,1239.9,0.994498,0.997241
DAKCFMEO_04629,WP_005763731.1,62.9,726,727,725,2.6e-274,939.1,0.998624,1.00138
DAKCFMEO_04630,WP_005765145.1,94.8,135,135,135,5.3e-64,238.0,1,1
DAKCFMEO_04632,WP_011104608.1,83.5,352,352,352,6.6e-175,607.8,1,1
DAKCFMEO_04633,WP_005765139.1,92.6,499,499,499,4.4e-273,934.5,1,1
DAKCFMEO_04634,WP_011107021.1,30.4,227,255,233,6.8e-20,92.4,0.890196,0.974249
DAKCFMEO_04634,WP_005770837.1,31.8,239,255,244,1.5e-19,91.3,0.937255,0.979508
DAKCFMEO_04634,WP_007243745.1,30.0,237,255,249,1.1e-17,85.1,0.929412,0.951807
DAKCFMEO_04634,WP_005767289.1,30.4,230,255,237,2.4e-17,84.0,0.901961,0.970464
DAKCFMEO_04635,WP_005765137.1,74.9,211,211,211,2.7e-91,329.3,1,1
DAKCFMEO_04636,WP_005765135.1,94.7,357,358,363,3.4e-203,701.8,0.997207,0.983471
DAKCFMEO_04637,WP_005765133.1,85.3,259,262,265,1.6e-120,426.8,0.98855,0.977358
DAKCFMEO_04638,WP_011104606.1,85.0,432,434,434,5.6e-232,797.7,0.995392,0.995392
DAKCFMEO_04639,WP_005765129.1,81.2,431,428,431,7.0e-211,727.6,1.00701,1
DAKCFMEO_04640,WP_011105323.1,82.0,484,487,504,2.3e-234,805.8,0.99384,0.960317
DAKCFMEO_04641,WP_005765127.1,86.9,199,202,204,4.5e-99,355.1,0.985149,0.97549
DAKCFMEO_04641,WP_005765176.1,31.7,202,202,207,7.8e-19,88.6,1,0.975845
DAKCFMEO_04642,WP_005765125.1,84.6,371,371,366,1.0e-194,673.7,1,1.01366
DAKCFMEO_04643,WP_005764112.1,34.1,367,409,409,1.5e-45,178.3,0.897311,0.897311
DAKCFMEO_04644,WP_005765123.1,81.4,311,311,311,6.3e-153,534.6,1,1
DAKCFMEO_04645,WP_003378113.1,82.6,46,46,47,1.6e-15,75.5,1,0.978723
DAKCFMEO_04646,WP_003378111.1,87.6,225,225,225,9.3e-114,404.1,1,1
DAKCFMEO_04647,WP_005765121.1,94.6,404,404,405,3.9e-227,781.6,1,0.997531
DAKCFMEO_04648,WP_005765119.1,57.4,94,99,103,6.5e-27,114.4,0.949495,0.912621
DAKCFMEO_04649,WP_005765117.1,76.2,302,310,305,1.4e-136,480.3,0.974194,0.990164
DAKCFMEO_04651,WP_005765115.1,85.0,379,386,386,1.7e-184,639.8,0.981865,0.981865
DAKCFMEO_04651,WP_011105083.1,74.8,377,386,389,4.9e-163,568.5,0.976684,0.969152
DAKCFMEO_04652,WP_011104604.1,79.9,298,298,317,1.3e-131,463.8,1,0.940063
DAKCFMEO_04652,WP_003317531.1,75.1,293,298,298,5.2e-120,425.2,0.983221,0.983221
DAKCFMEO_04652,WP_005736179.1,38.8,291,298,308,3.4e-55,209.9,0.97651,0.944805
DAKCFMEO_04652,WP_005768326.1,30.3,287,298,316,1.6e-28,121.3,0.963087,0.908228
DAKCFMEO_04653,WP_005765108.1,88.3,471,472,471,9.4e-233,800.4,0.997881,1
DAKCFMEO_04654,WP_005765105.1,93.0,273,273,273,7.7e-155,540.8,1,1
DAKCFMEO_04655,WP_011104603.1,77.9,471,471,471,1.5e-209,723.4,1,1
DAKCFMEO_04656,WP_005765101.1,79.8,366,366,366,3.2e-180,625.5,1,1
DAKCFMEO_04657,WP_005765099.1,85.1,395,407,405,7.6e-207,714.1,0.970516,0.975309
DAKCFMEO_04658,WP_011104602.1,83.3,437,437,437,1.8e-217,749.6,1,1
DAKCFMEO_04659,WP_011104601.1,86.2,390,392,392,2.0e-196,679.5,0.994898,0.994898
DAKCFMEO_04660,WP_011104600.1,87.5,662,663,663,3.1e-306,1045.0,0.998492,0.998492
DAKCFMEO_04661,WP_010204432.1,92.2,258,258,258,1.8e-132,466.5,1,1
DAKCFMEO_04662,WP_011104599.1,88.0,484,485,485,1.5e-254,872.8,0.997938,0.997938
DAKCFMEO_04662,WP_007244046.1,44.7,476,485,483,1.1e-114,408.3,0.981443,0.985507
DAKCFMEO_04663,WP_005765093.1,86.6,478,478,478,2.0e-238,819.3,1,1
DAKCFMEO_04663,WP_005771203.1,39.7,426,478,469,4.2e-71,263.5,0.891213,0.908316
DAKCFMEO_04664,WP_005765091.1,88.3,309,310,305,2.3e-155,542.7,0.996774,1.01311
DAKCFMEO_04665,WP_005765089.1,82.3,220,220,220,2.4e-98,352.8,1,1
DAKCFMEO_04665,WP_005737926.1,35.4,212,220,214,5.7e-31,129.0,0.963636,0.990654
DAKCFMEO_04665,WP_005617102.1,34.8,201,220,222,2.0e-28,120.6,0.913636,0.905405
DAKCFMEO_04665,WP_002554843.1,33.0,212,220,208,3.4e-28,119.8,0.963636,1.01923
DAKCFMEO_04665,WP_011105129.1,31.3,198,220,199,2.8e-14,73.6,0.9,0.994975
DAKCFMEO_04667,WP_005765087.1,64.1,142,143,143,1.1e-43,170.6,0.993007,0.993007
DAKCFMEO_04669,WP_003378076.1,97.1,307,309,308,1.2e-167,583.6,0.993528,0.996753
DAKCFMEO_04669,WP_005771567.1,53.3,304,309,308,2.9e-89,323.2,0.983819,0.987013
DAKCFMEO_04669,WP_003375857.1,37.5,288,309,298,1.1e-48,188.3,0.932039,0.966443
DAKCFMEO_04670,WP_011104598.1,82.2,269,269,269,1.0e-130,460.7,1,1
DAKCFMEO_04671,WP_011104597.1,94.4,642,642,642,0.0e+00,1245.7,1,1
DAKCFMEO_04672,WP_007245346.1,95.3,636,636,636,0.0e+00,1139.8,1,1
DAKCFMEO_04672,WP_011105075.1,38.6,513,636,563,1.0e-93,339.0,0.806604,0.91119
DAKCFMEO_04672,WP_024666072.1,30.8,539,636,529,2.5e-71,264.6,0.847484,1.0189
DAKCFMEO_04672,WP_046463329.1,31.6,531,636,636,4.7e-62,233.8,0.834906,0.834906
DAKCFMEO_04673,WP_003378068.1,79.1,148,146,153,1.6e-61,229.9,1.0137,0.96732
DAKCFMEO_04674,WP_011104596.1,72.4,116,116,145,8.9e-52,197.2,1,0.8
DAKCFMEO_04675,WP_011104595.1,95.7,715,715,721,0.0e+00,1343.2,1,0.991678
DAKCFMEO_04676,WP_007245350.1,97.2,391,391,391,3.4e-220,758.4,1,1
DAKCFMEO_04676,WP_005768685.1,42.0,405,391,399,1.3e-75,278.1,1.03581,1.01504
DAKCFMEO_04676,WP_011103367.1,42.4,401,391,392,4.2e-69,256.5,1.02558,1.02296
DAKCFMEO_04676,WP_011104413.1,35.4,401,391,402,3.3e-50,193.7,1.02558,0.997512
DAKCFMEO_04677,WP_003380890.1,93.4,76,78,78,2.2e-38,152.1,0.974359,0.974359
DAKCFMEO_04678,WP_011104593.1,96.7,870,870,869,0.0e+00,1695.6,1,1.00115
DAKCFMEO_04679,WP_007245351.1,82.7,173,173,173,2.8e-78,285.8,1,1
DAKCFMEO_04680,WP_003315798.1,97.4,77,77,77,8.3e-38,150.2,1,1
DAKCFMEO_04681,WP_007245353.1,87.8,156,156,156,1.4e-76,280.0,1,1
DAKCFMEO_04682,WP_002554100.1,96.5,202,202,202,6.0e-112,397.9,1,1
DAKCFMEO_04682,WP_010203307.1,44.1,202,202,205,3.8e-42,166.0,1,0.985366
DAKCFMEO_04683,WP_007245354.1,94.6,239,239,238,1.4e-120,426.8,1,1.0042
DAKCFMEO_04684,WP_011104591.1,94.0,336,336,336,1.2e-176,613.6,1,1
DAKCFMEO_04685,WP_005765040.1,96.3,245,246,246,7.7e-138,484.2,0.995935,0.995935
DAKCFMEO_04686,WP_011104590.1,85.5,179,179,179,1.1e-88,320.5,1,1
DAKCFMEO_04688,WP_010204659.1,90.8,261,261,261,5.0e-143,501.5,1,1
DAKCFMEO_04689,WP_005765031.1,88.1,419,420,416,3.1e-211,728.8,0.997619,1.00721
DAKCFMEO_04689,WP_005768306.1,33.7,338,420,479,4.0e-41,163.7,0.804762,0.705637
DAKCFMEO_04689,WP_007246215.1,30.1,362,420,385,2.1e-34,141.4,0.861905,0.94026
DAKCFMEO_04690,WP_005765028.1,86.9,336,336,332,6.4e-159,554.7,1,1.01205
DAKCFMEO_04691,WP_005619235.1,95.0,302,302,302,1.4e-160,560.1,1,1
DAKCFMEO_04692,WP_011104589.1,91.8,645,645,645,0.0e+00,1211.8,1,1
DAKCFMEO_04693,WP_007245360.1,92.9,297,299,301,5.3e-165,574.7,0.993311,0.986711
DAKCFMEO_04694,WP_005765020.1,84.8,269,269,269,2.7e-136,479.2,1,1
DAKCFMEO_04695,WP_011104588.1,95.6,500,500,500,1.2e-283,969.5,1,1
DAKCFMEO_04695,WP_011103274.1,60.9,494,500,497,2.0e-177,616.7,0.988,0.993964
DAKCFMEO_04695,WP_011103279.1,45.0,476,500,508,2.3e-120,427.2,0.952,0.937008
DAKCFMEO_04695,WP_011104646.1,35.8,458,500,491,4.8e-62,233.4,0.916,0.93279
DAKCFMEO_04695,WP_005763655.1,32.5,474,500,490,2.4e-61,231.1,0.948,0.967347
DAKCFMEO_04695,WP_011104140.1,31.1,483,500,476,2.6e-55,211.1,0.966,1.01471
DAKCFMEO_04695,WP_011104290.1,32.2,456,500,482,3.7e-54,207.2,0.912,0.946058
DAKCFMEO_04695,WP_011102988.1,31.1,485,500,497,6.3e-54,206.5,0.97,0.975855
DAKCFMEO_04695,WP_011103085.1,30.5,465,500,480,1.8e-53,204.9,0.93,0.96875
DAKCFMEO_04695,WP_011104361.1,30.4,483,500,505,1.2e-52,202.2,0.966,0.956436
DAKCFMEO_04695,WP_005764523.1,30.0,434,500,493,3.0e-48,187.6,0.868,0.880325
DAKCFMEO_04695,WP_011103748.1,30.0,500,500,505,5.2e-48,186.8,1,0.990099
DAKCFMEO_04695,WP_161797808.1,30.3,468,500,489,1.1e-37,152.5,0.936,0.957055
DAKCFMEO_04696,WP_005765016.1,87.5,273,275,276,4.3e-137,481.9,0.992727,0.98913
DAKCFMEO_04697,WP_011104587.1,93.3,645,645,645,0.0e+00,1203.0,1,1
DAKCFMEO_04698,WP_005765011.1,90.4,335,336,336,1.5e-176,613.2,0.997024,0.997024
DAKCFMEO_04699,WP_005765006.1,90.0,339,339,339,5.2e-177,614.8,1,1
DAKCFMEO_04701,WP_007246965.1,86.1,309,309,309,6.1e-148,518.1,1,1
DAKCFMEO_04701,WP_005764495.1,54.2,299,309,308,4.6e-87,315.8,0.967638,0.970779
DAKCFMEO_04701,WP_005771273.1,43.6,298,309,306,1.4e-64,241.1,0.964401,0.973856
DAKCFMEO_04701,WP_011103982.1,30.0,303,309,310,3.2e-32,133.7,0.980583,0.977419
DAKCFMEO_04702,WP_011104585.1,89.7,526,525,525,3.8e-267,914.8,1.0019,1.0019
DAKCFMEO_04702,WP_011104123.1,44.0,489,525,507,4.1e-112,399.8,0.931429,0.964497
DAKCFMEO_04702,WP_161797778.1,42.1,508,525,536,4.4e-106,379.8,0.967619,0.947761
DAKCFMEO_04702,WP_011103981.1,42.9,513,525,509,4.1e-104,373.2,0.977143,1.00786
DAKCFMEO_04702,WP_011103969.1,37.9,491,525,517,2.3e-91,330.9,0.935238,0.94971
DAKCFMEO_04702,WP_005764620.1,34.9,498,525,522,4.1e-88,320.1,0.948571,0.954023
DAKCFMEO_04702,WP_011103272.1,32.5,511,525,517,3.9e-70,260.4,0.973333,0.988395
DAKCFMEO_04702,WP_011103450.1,33.8,482,525,503,6.4e-65,243.0,0.918095,0.95825
DAKCFMEO_04702,WP_005763959.1,30.3,485,525,511,3.5e-55,210.7,0.92381,0.949119
DAKCFMEO_04703,WP_003380853.1,97.9,341,341,341,1.8e-172,599.7,1,1
DAKCFMEO_04703,WP_003377005.1,33.8,325,341,321,2.2e-37,151.0,0.953079,1.01246
DAKCFMEO_04703,WP_007246911.1,35.9,312,341,334,1.2e-35,145.2,0.914956,0.934132
DAKCFMEO_04703,WP_011103970.1,36.6,322,341,330,2.2e-34,141.0,0.944282,0.975758
DAKCFMEO_04703,WP_005764399.1,30.3,379,341,378,7.9e-32,132.5,1.11144,1.00265
DAKCFMEO_04704,WP_003380850.1,97.8,134,134,134,1.4e-72,266.5,1,1
DAKCFMEO_04704,WP_011103314.1,36.1,133,134,137,5.7e-18,85.1,0.992537,0.970803
DAKCFMEO_04705,WP_007246966.1,54.4,520,525,533,1.5e-135,477.6,0.990476,0.97561
DAKCFMEO_04706,WP_046463563.1,66.6,494,494,494,7.6e-201,694.5,1,1
DAKCFMEO_04707,WP_005771165.1,64.1,78,78,79,1.6e-25,109.4,1,0.987342
DAKCFMEO_04708,WP_005771167.1,89.7,155,155,155,1.7e-74,273.1,1,1
DAKCFMEO_04709,WP_005771168.1,91.3,126,126,126,1.5e-57,216.5,1,1
DAKCFMEO_04710,WP_005771169.1,95.7,92,92,92,2.6e-38,152.1,1,1
DAKCFMEO_04711,WP_005771170.1,89.5,162,162,162,1.8e-79,289.7,1,1
DAKCFMEO_04712,WP_005771172.1,92.5,561,561,561,8.4e-289,986.9,1,1
DAKCFMEO_04713,WP_003380836.1,97.4,114,114,114,5.3e-57,214.5,1,1
DAKCFMEO_04714,WP_011104576.1,94.0,972,972,972,0.0e+00,1787.3,1,1
DAKCFMEO_04715,WP_011104575.1,83.7,289,307,312,4.2e-125,442.2,0.941368,0.926282
DAKCFMEO_04716,WP_005771176.1,85.2,189,189,189,2.3e-89,322.8,1,1
DAKCFMEO_04717,WP_005771178.1,81.8,467,467,467,1.1e-209,723.8,1,1
DAKCFMEO_04718,WP_007246973.1,93.2,368,368,368,2.7e-195,675.6,1,1
DAKCFMEO_04718,WP_005765610.1,47.4,306,368,316,3.2e-71,263.5,0.831522,0.968354
DAKCFMEO_04718,WP_011103783.1,42.7,330,368,471,1.0e-69,258.5,0.896739,0.700637
DAKCFMEO_04718,WP_011103371.1,42.1,328,368,478,2.2e-64,240.7,0.891304,0.686192
DAKCFMEO_04718,WP_011105485.1,44.9,314,368,505,6.7e-61,229.2,0.853261,0.621782
DAKCFMEO_04718,WP_002555721.1,38.5,348,368,478,6.5e-56,212.6,0.945652,0.728033
DAKCFMEO_04718,WP_011103301.1,38.8,320,368,446,3.2e-55,210.3,0.869565,0.717489
DAKCFMEO_04718,WP_011104077.1,38.9,357,368,509,3.2e-55,210.3,0.970109,0.701375
DAKCFMEO_04718,WP_011104402.1,40.3,290,368,434,5.7e-52,199.5,0.788043,0.668203
DAKCFMEO_04718,WP_005769514.1,37.7,316,368,439,3.1e-50,193.7,0.858696,0.719818
DAKCFMEO_04718,WP_005763906.1,44.2,224,368,302,9.4e-47,182.2,0.608696,0.741722
DAKCFMEO_04719,WP_011104574.1,98.2,379,379,379,6.2e-219,754.2,1,1
DAKCFMEO_04719,WP_011103708.1,39.1,325,379,362,2.5e-55,210.7,0.85752,0.89779
DAKCFMEO_04720,WP_011104573.1,86.8,266,311,299,2.4e-128,453.0,0.855305,0.889632
DAKCFMEO_04721,WP_011104572.1,79.6,867,867,851,0.0e+00,1398.6,1,1.0188
DAKCFMEO_04723,WP_011104571.1,92.6,447,447,447,1.5e-243,836.3,1,1
DAKCFMEO_04724,WP_011104570.1,86.4,729,729,728,0.0e+00,1276.9,1,1.00137
DAKCFMEO_04725,WP_044390357.1,91.7,349,384,385,7.2e-191,661.0,0.908854,0.906494
DAKCFMEO_04726,WP_011104568.1,87.0,308,310,310,2.3e-147,516.2,0.993548,0.993548
DAKCFMEO_04726,WP_011104476.1,32.7,248,310,318,1.2e-29,125.2,0.8,0.779874
DAKCFMEO_04726,WP_011103472.1,31.5,254,310,324,6.3e-28,119.4,0.819355,0.783951
DAKCFMEO_04726,WP_003382085.1,31.3,278,310,409,1.4e-27,118.2,0.896774,0.679707
DAKCFMEO_04726,WP_007246890.1,31.2,218,310,319,5.9e-18,86.3,0.703226,0.683386
DAKCFMEO_04727,WP_011104567.1,71.1,239,240,244,3.4e-98,352.4,0.995833,0.979508
DAKCFMEO_04728,WP_011104566.1,78.3,106,106,109,9.6e-45,173.7,1,0.972477
DAKCFMEO_04730,WP_007246984.1,96.6,472,472,472,1.8e-260,892.5,1,1
DAKCFMEO_04731,WP_011104565.1,95.9,218,218,218,1.5e-116,413.3,1,1
DAKCFMEO_04732,WP_003373184.1,98.3,233,233,233,3.0e-131,462.2,1,1
DAKCFMEO_04733,WP_007246985.1,88.1,294,297,296,2.2e-142,499.6,0.989899,0.993243
DAKCFMEO_04733,WP_007246046.1,34.4,288,297,302,3.8e-38,153.3,0.969697,0.953642
DAKCFMEO_04733,WP_005764318.1,31.0,242,297,299,5.7e-18,86.3,0.814815,0.809365
DAKCFMEO_04734,WP_005771197.1,75.3,93,93,91,2.6e-33,135.6,1,1.02198
DAKCFMEO_04735,WP_007246986.1,89.6,202,202,202,3.6e-101,362.1,1,1
DAKCFMEO_04735,WP_010205556.1,35.2,196,202,194,5.2e-31,129.0,0.970297,1.01031
DAKCFMEO_04737,WP_005771200.1,92.2,193,193,193,2.3e-97,349.4,1,1
DAKCFMEO_04738,WP_005771202.1,84.9,364,362,364,2.3e-178,619.4,1.00552,1
DAKCFMEO_04739,WP_005771203.1,86.1,469,469,469,1.5e-238,819.7,1,1
DAKCFMEO_04739,WP_005765093.1,38.5,478,469,478,9.4e-76,278.9,1.01919,1
DAKCFMEO_04740,WP_011104564.1,81.4,409,406,409,9.6e-194,670.6,1.00739,1
DAKCFMEO_04741,WP_011104563.1,81.9,371,371,369,2.8e-176,612.5,1,1.00542
DAKCFMEO_04742,WP_011105556.1,43.7,405,458,448,4.5e-99,356.3,0.884279,0.904018
DAKCFMEO_04743,WP_011104562.1,77.9,412,416,412,1.9e-189,656.4,0.990385,1
DAKCFMEO_04744,WP_011104561.1,76.3,333,333,333,7.0e-150,524.6,1,1
DAKCFMEO_04745,WP_005760598.1,78.0,168,170,170,6.0e-73,268.1,0.988235,0.988235
DAKCFMEO_04746,WP_046463459.1,32.6,233,262,238,1.5e-25,111.3,0.889313,0.978992
DAKCFMEO_04747,WP_011104560.1,84.1,750,738,753,0.0e+00,1210.7,1.01626,0.996016
DAKCFMEO_04748,WP_011104559.1,72.3,155,150,155,1.7e-58,219.9,1.03333,1
DAKCFMEO_04749,WP_010216700.1,82.7,313,313,311,6.8e-155,541.2,1,1.00643
DAKCFMEO_04750,WP_046463565.1,79.2,504,504,510,3.1e-226,778.9,1,0.988235
DAKCFMEO_04751,WP_011104557.1,84.1,372,373,373,6.4e-184,637.9,0.997319,0.997319
DAKCFMEO_04751,WP_007244389.1,43.9,369,373,372,5.5e-79,289.3,0.989276,0.991935
DAKCFMEO_04753,WP_011104556.1,82.1,392,392,393,1.4e-178,620.2,1,0.997455
DAKCFMEO_04753,WP_046463853.1,60.8,388,392,384,2.0e-124,440.3,0.989796,1.01042
DAKCFMEO_04753,WP_005771029.1,54.9,377,392,404,1.0e-107,384.8,0.961735,0.933168
DAKCFMEO_04754,WP_011104555.1,89.4,602,602,602,0.0e+00,1094.0,1,1
DAKCFMEO_04755,WP_011104554.1,79.6,103,104,104,7.2e-45,174.1,0.990385,0.990385
DAKCFMEO_04755,WP_005766205.1,38.4,86,104,93,3.0e-14,72.4,0.826923,0.924731
DAKCFMEO_04757,WP_007243745.1,98.4,249,249,249,3.3e-128,452.2,1,1
DAKCFMEO_04757,WP_005770837.1,57.5,228,249,244,3.0e-65,243.0,0.915663,0.934426
DAKCFMEO_04757,WP_005767289.1,53.8,236,249,237,2.4e-54,206.8,0.947791,0.995781
DAKCFMEO_04757,WP_011107021.1,32.4,225,249,233,4.6e-21,96.3,0.903614,0.965665
DAKCFMEO_04758,WP_011105053.1,83.1,574,577,577,2.9e-284,971.8,0.994801,0.994801
DAKCFMEO_04759,WP_003395104.1,98.4,187,187,187,3.7e-100,358.6,1,1
DAKCFMEO_04760,WP_011105055.1,93.8,419,419,419,6.2e-220,757.7,1,1
DAKCFMEO_04761,WP_005769371.1,90.3,238,238,237,4.4e-114,405.2,1,1.00422
DAKCFMEO_04762,WP_044393109.1,71.8,518,515,518,1.3e-219,756.9,1.00583,1
DAKCFMEO_04763,WP_011105057.1,94.4,531,533,535,7.7e-300,1023.5,0.996248,0.992523
DAKCFMEO_04763,WP_011105058.1,68.4,532,533,540,6.4e-222,764.6,0.998124,0.985185
DAKCFMEO_04763,WP_011105059.1,64.4,528,533,530,1.9e-205,709.9,0.990619,0.996226
DAKCFMEO_04763,WP_005769383.1,49.3,519,533,531,1.3e-137,484.6,0.973734,0.977401
DAKCFMEO_04763,WP_011102986.1,47.6,525,533,528,3.7e-137,483.0,0.984991,0.994318
DAKCFMEO_04764,WP_011105058.1,90.6,540,540,540,1.2e-295,1009.6,1,1
DAKCFMEO_04764,WP_011105057.1,68.0,532,540,535,9.4e-221,760.8,0.985185,0.994393
DAKCFMEO_04764,WP_011105059.1,66.7,525,540,530,1.9e-213,736.5,0.972222,0.990566
DAKCFMEO_04764,WP_005769383.1,47.5,530,540,531,4.9e-137,482.6,0.981481,0.998117
DAKCFMEO_04764,WP_011102986.1,44.1,540,540,528,1.5e-130,461.1,1,1.02273
DAKCFMEO_04765,WP_011105059.1,87.8,532,532,530,1.3e-283,969.5,1,1.00377
DAKCFMEO_04765,WP_011105058.1,66.2,539,532,540,1.4e-213,736.9,1.01316,0.998148
DAKCFMEO_04765,WP_011105057.1,64.4,531,532,535,1.4e-205,710.3,0.99812,0.992523
DAKCFMEO_04765,WP_005769383.1,45.8,531,532,531,4.3e-133,469.5,0.99812,1
DAKCFMEO_04765,WP_011102986.1,44.7,515,532,528,4.0e-131,463.0,0.968045,0.975379
DAKCFMEO_04766,WP_005769381.1,93.0,459,459,459,1.8e-249,855.9,1,1
DAKCFMEO_04766,WP_011104816.1,37.9,464,459,448,7.8e-67,249.2,1.01089,1.03571
DAKCFMEO_04766,WP_005763528.1,32.8,461,459,441,1.4e-55,211.8,1.00436,1.04535
DAKCFMEO_04766,WP_011104478.1,33.3,429,459,441,6.9e-55,209.5,0.934641,0.972789
DAKCFMEO_04766,WP_011105463.1,32.8,433,459,424,5.6e-41,163.3,0.943355,1.02123
DAKCFMEO_04766,WP_011103959.1,31.0,429,459,418,2.5e-36,147.9,0.934641,1.02632
DAKCFMEO_04766,WP_007244158.1,30.5,426,459,422,9.7e-33,136.0,0.928105,1.00948
DAKCFMEO_04767,WP_005769383.1,93.8,531,531,531,2.2e-294,1005.4,1,1
DAKCFMEO_04767,WP_011102986.1,49.3,531,531,528,2.0e-151,530.4,1,1.00568
DAKCFMEO_04767,WP_011105057.1,48.7,519,531,535,5.9e-135,475.7,0.977401,0.970093
DAKCFMEO_04767,WP_011105058.1,46.8,530,531,540,2.8e-132,466.8,0.998117,0.981481
DAKCFMEO_04767,WP_011105059.1,44.9,530,531,530,1.2e-127,451.4,0.998117,1
DAKCFMEO_04768,WP_005769384.1,98.5,336,336,336,8.8e-185,640.6,1,1
DAKCFMEO_04768,WP_010220797.1,42.2,329,336,345,9.5e-62,231.9,0.979167,0.953623
DAKCFMEO_04768,WP_005617711.1,37.5,333,336,305,3.6e-53,203.4,0.991071,1.0918
DAKCFMEO_04768,WP_005769341.1,34.7,331,336,315,3.4e-51,196.8,0.985119,1.05079
DAKCFMEO_04768,WP_005762408.1,32.7,333,336,324,7.3e-46,179.1,0.991071,1.02778
DAKCFMEO_04768,WP_011104380.1,31.3,339,336,316,1.5e-38,154.8,1.00893,1.07278
DAKCFMEO_04769,WP_007243753.1,97.7,303,303,303,1.0e-163,570.5,1,1
DAKCFMEO_04769,WP_007245922.1,45.9,270,303,301,6.8e-59,222.2,0.891089,0.89701
DAKCFMEO_04769,WP_005762883.1,39.5,304,303,302,1.4e-56,214.5,1.0033,1.00662
DAKCFMEO_04769,WP_011105045.1,38.6,264,303,287,2.9e-41,163.7,0.871287,0.919861
DAKCFMEO_04769,WP_005762406.1,36.6,257,303,306,7.8e-39,155.6,0.848185,0.839869
DAKCFMEO_04769,WP_165442256.1,36.5,285,303,295,7.8e-39,155.6,0.940594,0.966102
DAKCFMEO_04769,WP_011104693.1,31.1,219,303,339,6.2e-20,92.8,0.722772,0.646018
DAKCFMEO_04770,WP_011105060.1,96.0,322,322,322,2.0e-173,602.8,1,1
DAKCFMEO_04770,WP_005762885.1,47.5,318,322,333,5.1e-73,269.2,0.987578,0.954955
DAKCFMEO_04770,WP_011104208.1,46.7,319,322,337,6.3e-71,262.3,0.990683,0.946588
DAKCFMEO_04770,WP_011105044.1,41.2,320,322,334,4.5e-61,229.6,0.993789,0.958084
DAKCFMEO_04770,WP_011105043.1,41.0,307,322,326,2.3e-49,190.7,0.953416,0.941718
DAKCFMEO_04770,WP_011104459.1,42.7,255,322,279,9.1e-46,178.7,0.791925,0.913978
DAKCFMEO_04770,WP_005762887.1,40.1,294,322,337,3.5e-45,176.8,0.913043,0.872404
DAKCFMEO_04770,WP_011104460.1,38.8,258,322,254,9.4e-35,142.1,0.801242,1.01575
DAKCFMEO_04770,WP_011104085.1,36.8,261,322,273,6.8e-33,136.0,0.810559,0.956044
DAKCFMEO_04770,WP_010203924.1,36.7,245,322,335,1.1e-30,128.6,0.76087,0.731343
DAKCFMEO_04770,WP_011104358.1,35.1,239,322,345,3.8e-28,120.2,0.742236,0.692754
DAKCFMEO_04770,WP_011104329.1,35.2,261,322,261,2.5e-27,117.5,0.810559,1
DAKCFMEO_04770,WP_005765582.1,32.5,280,322,376,3.3e-27,117.1,0.869565,0.744681
DAKCFMEO_04770,WP_011103923.1,38.8,240,322,227,4.3e-27,116.7,0.745342,1.05727
DAKCFMEO_04770,WP_007243868.1,31.9,257,322,245,1.6e-26,114.8,0.798137,1.04898
DAKCFMEO_04770,WP_007246637.1,34.2,260,322,254,2.1e-26,114.4,0.807453,1.02362
DAKCFMEO_04770,WP_005770464.1,30.8,253,322,329,1.0e-25,112.1,0.785714,0.768997
DAKCFMEO_04770,WP_005768429.1,34.3,248,322,244,2.3e-25,110.9,0.770186,1.01639
DAKCFMEO_04770,WP_007247035.1,34.4,227,322,276,4.0e-25,110.2,0.704969,0.822464
DAKCFMEO_04770,WP_005737104.1,32.6,242,322,380,1.2e-24,108.6,0.751553,0.636842
DAKCFMEO_04771,WP_005762887.1,47.8,314,324,337,1.5e-80,294.3,0.969136,0.931751
DAKCFMEO_04771,WP_011105043.1,42.7,314,324,326,1.5e-67,251.1,0.969136,0.96319
DAKCFMEO_04771,WP_005762885.1,40.5,304,324,333,3.0e-57,216.9,0.938272,0.912913
DAKCFMEO_04771,WP_011104208.1,36.6,320,324,337,1.8e-49,191.0,0.987654,0.949555
DAKCFMEO_04771,WP_011105060.1,36.5,304,324,322,1.5e-48,188.0,0.938272,0.944099
DAKCFMEO_04771,WP_011104460.1,43.6,236,324,254,5.9e-45,176.0,0.728395,0.929134
DAKCFMEO_04771,WP_011105044.1,36.5,301,324,334,1.3e-44,174.9,0.929012,0.901198
DAKCFMEO_04771,WP_011104459.1,41.0,239,324,279,9.8e-40,158.7,0.737654,0.856631
DAKCFMEO_04771,WP_010203924.1,32.9,225,324,335,1.4e-33,138.3,0.694444,0.671642
DAKCFMEO_04771,WP_011104085.1,34.4,259,324,273,3.1e-33,137.1,0.799383,0.948718
DAKCFMEO_04771,WP_011104329.1,34.0,244,324,261,1.3e-31,131.7,0.753086,0.934866
DAKCFMEO_04771,WP_005765582.1,31.4,229,324,376,2.2e-31,131.0,0.70679,0.609043
DAKCFMEO_04771,WP_007245567.1,33.5,242,324,247,4.1e-30,126.7,0.746914,0.979757
DAKCFMEO_04771,WP_003380252.1,33.7,243,324,326,6.0e-29,122.9,0.75,0.745399
DAKCFMEO_04771,WP_005737152.1,30.9,249,324,257,6.0e-29,122.9,0.768519,0.968872
DAKCFMEO_04771,WP_005768959.1,30.9,243,324,368,3.9e-28,120.2,0.75,0.660326
DAKCFMEO_04771,WP_005768429.1,32.5,228,324,244,5.1e-28,119.8,0.703704,0.934426
DAKCFMEO_04771,WP_011104358.1,31.2,247,324,345,6.6e-28,119.4,0.762346,0.715942
DAKCFMEO_04771,WP_007243868.1,33.8,228,324,245,2.5e-27,117.5,0.703704,0.930612
DAKCFMEO_04772,WP_046463395.1,79.4,846,847,840,0.0e+00,1389.8,0.998819,1.00714
DAKCFMEO_04776,WP_005769400.1,96.9,387,387,387,1.2e-220,760.0,1,1
DAKCFMEO_04778,WP_003368676.1,98.2,385,389,385,7.8e-217,747.3,0.989717,1
DAKCFMEO_04778,WP_011104358.1,39.1,279,389,345,1.6e-49,191.4,0.717224,0.808696
DAKCFMEO_04778,WP_011104057.1,37.8,241,389,342,2.9e-46,180.6,0.619537,0.704678
DAKCFMEO_04778,WP_005763692.1,38.6,241,389,392,9.3e-45,175.6,0.619537,0.614796
DAKCFMEO_04778,WP_005768050.1,34.8,256,389,374,3.5e-44,173.7,0.658098,0.684492
DAKCFMEO_04778,WP_005762690.1,38.3,248,389,384,4.6e-44,173.3,0.637532,0.645833
DAKCFMEO_04778,WP_003380252.1,36.5,249,389,326,7.9e-44,172.6,0.640103,0.763804
DAKCFMEO_04778,WP_005770464.1,34.8,256,389,329,2.1e-41,164.5,0.658098,0.778116
DAKCFMEO_04778,WP_011103158.1,39.2,240,389,347,8.2e-41,162.5,0.616967,0.691643
DAKCFMEO_04778,WP_011103331.1,37.9,240,389,381,3.1e-40,160.6,0.616967,0.629921
DAKCFMEO_04778,WP_005737104.1,35.6,267,389,380,6.9e-40,159.5,0.686375,0.702632
DAKCFMEO_04778,WP_010203924.1,33.2,247,389,335,9.0e-40,159.1,0.634961,0.737313
DAKCFMEO_04778,WP_005764049.1,35.0,240,389,386,1.9e-37,151.4,0.616967,0.621762
DAKCFMEO_04778,WP_044390643.1,35.5,245,389,356,1.5e-34,141.7,0.62982,0.688202
DAKCFMEO_04778,WP_011104329.1,32.7,257,389,261,2.2e-33,137.9,0.660668,0.984674
DAKCFMEO_04778,WP_005762887.1,32.5,246,389,337,2.6e-31,131.0,0.632391,0.72997
DAKCFMEO_04778,WP_007246637.1,31.8,255,389,254,2.6e-31,131.0,0.655527,1.00394
DAKCFMEO_04778,WP_005737152.1,31.2,256,389,257,4.5e-31,130.2,0.658098,0.996109
DAKCFMEO_04778,WP_007245567.1,31.4,255,389,247,5.9e-31,129.8,0.655527,1.03239
DAKCFMEO_04779,WP_003400010.1,98.2,217,217,217,1.1e-108,387.1,1,1
DAKCFMEO_04779,WP_011105067.1,40.1,197,217,237,2.1e-25,110.5,0.907834,0.831224
DAKCFMEO_04779,WP_003380009.1,34.2,184,217,283,2.1e-17,84.0,0.847926,0.650177
DAKCFMEO_04780,WP_005771655.1,93.6,297,297,297,3.5e-161,562.0,1,1
DAKCFMEO_04781,WP_011105067.1,97.0,237,237,237,8.3e-121,427.6,1,1
DAKCFMEO_04781,WP_003400010.1,40.9,198,237,217,9.7e-29,121.7,0.835443,0.912442
DAKCFMEO_04781,WP_003380009.1,30.2,179,237,283,2.3e-14,73.9,0.755274,0.632509
DAKCFMEO_04782,WP_011105068.1,98.7,527,527,527,4.3e-311,1060.8,1,1
DAKCFMEO_04783,WP_011105110.1,93.0,442,442,442,9.4e-227,780.4,1,1
DAKCFMEO_04783,WP_005765402.1,51.2,381,442,629,9.7e-99,355.1,0.861991,0.605723
DAKCFMEO_04783,WP_005616197.1,40.5,390,442,445,7.5e-75,275.8,0.882353,0.876404
DAKCFMEO_04783,WP_005762956.1,42.3,366,442,459,3.3e-70,260.4,0.828054,0.797386
DAKCFMEO_04783,WP_046463295.1,39.3,382,442,486,1.2e-69,258.5,0.864253,0.786008
DAKCFMEO_04783,WP_003373273.1,39.3,364,442,562,8.9e-68,252.3,0.823529,0.647687
DAKCFMEO_04786,WP_046463347.1,90.6,202,204,203,1.6e-104,373.2,0.990196,0.995074
DAKCFMEO_04787,WP_011105112.1,97.5,158,158,158,6.8e-87,314.3,1,1
DAKCFMEO_04788,WP_046463346.1,75.3,235,231,234,1.9e-61,230.3,1.01732,1.00427
DAKCFMEO_04789,WP_005770243.1,83.2,220,220,220,1.7e-96,346.7,1,1
DAKCFMEO_04790,WP_005770245.1,79.3,363,363,380,9.3e-172,597.4,1,0.955263
DAKCFMEO_04791,WP_011103515.1,52.6,325,312,322,9.3e-88,318.2,1.04167,1.00932
DAKCFMEO_04792,WP_011105501.1,59.2,142,143,142,1.8e-46,179.9,0.993007,1
DAKCFMEO_04793,WP_011105503.1,82.3,147,150,166,8.8e-68,250.8,0.98,0.885542
DAKCFMEO_04794,WP_011104365.1,59.7,149,152,151,8.1e-45,174.5,0.980263,0.986755
DAKCFMEO_04795,WP_005763938.1,75.0,52,53,53,1.4e-12,65.9,0.981132,0.981132
DAKCFMEO_04797,WP_011105140.1,68.2,843,844,840,0.0e+00,1090.5,0.998815,1.00357
DAKCFMEO_04799,WP_003376614.1,94.2,139,139,139,1.6e-71,263.1,1,1
DAKCFMEO_04800,WP_005763294.1,91.9,297,297,297,1.0e-147,517.3,1,1
DAKCFMEO_04802,WP_003376607.1,96.9,159,159,159,4.2e-84,305.1,1,1
DAKCFMEO_04802,WP_011103096.1,41.4,152,159,159,1.7e-32,133.7,0.955975,0.955975
DAKCFMEO_04802,WP_003380560.1,41.4,152,159,155,1.0e-26,114.4,0.955975,0.980645
DAKCFMEO_04802,WP_002555947.1,38.2,152,159,162,1.3e-24,107.5,0.955975,0.938272
DAKCFMEO_04802,WP_004655323.1,39.5,152,159,162,1.7e-24,107.1,0.955975,0.938272
DAKCFMEO_04802,WP_005613713.1,36.4,151,159,156,3.1e-23,102.8,0.949686,0.967949
DAKCFMEO_04802,WP_046463288.1,39.7,151,159,168,5.4e-23,102.1,0.949686,0.89881
DAKCFMEO_04802,WP_007243724.1,32.1,140,159,143,3.4e-17,82.8,0.880503,0.979021
DAKCFMEO_04803,WP_161797784.1,92.1,178,210,178,1.8e-95,343.2,0.847619,1
DAKCFMEO_04803,WP_005764714.1,31.9,188,210,230,8.7e-13,68.6,0.895238,0.817391
DAKCFMEO_04804,WP_003376603.1,97.1,487,487,487,3.1e-279,954.9,1,1
DAKCFMEO_04806,WP_005763284.1,79.2,663,664,668,1.5e-313,1069.3,0.998494,0.992515
DAKCFMEO_04807,WP_011105183.1,92.5,265,265,265,6.4e-146,511.1,1,1
DAKCFMEO_04808,WP_005763279.1,95.1,205,209,205,1.6e-107,383.3,0.980861,1
DAKCFMEO_04811,WP_007243834.1,96.5,427,427,427,2.0e-242,832.4,1,1
DAKCFMEO_04811,WP_005767839.1,31.3,342,427,415,1.9e-35,144.8,0.800937,0.824096
DAKCFMEO_04811,WP_011103086.1,32.2,326,427,426,1.3e-34,142.1,0.763466,0.765258
DAKCFMEO_04811,WP_011103055.1,30.1,412,427,434,4.0e-33,137.1,0.964871,0.949309
DAKCFMEO_04812,WP_003376593.1,95.6,182,182,182,9.4e-56,211.1,1,1
DAKCFMEO_04813,WP_003376591.1,97.2,108,108,108,1.5e-56,213.0,1,1
DAKCFMEO_04814,WP_005620645.1,95.9,442,442,442,1.4e-251,862.8,1,1
DAKCFMEO_04814,WP_011104834.1,30.5,364,442,443,9.0e-36,146.0,0.823529,0.82167
DAKCFMEO_04815,WP_005763270.1,94.7,340,340,340,9.5e-187,647.1,1,1
DAKCFMEO_04816,WP_011105185.1,89.2,166,165,166,1.3e-85,310.1,1.00606,1
DAKCFMEO_04817,WP_007243836.1,97.5,280,280,280,2.6e-153,535.8,1,1
DAKCFMEO_04818,WP_011105186.1,92.7,506,506,506,1.4e-282,966.1,1,1
DAKCFMEO_04819,WP_011105187.1,84.1,252,253,256,2.7e-125,442.6,0.996047,0.984375
DAKCFMEO_04820,WP_011105188.1,70.4,115,116,116,1.5e-35,143.3,0.991379,0.991379
DAKCFMEO_04821,WP_011105190.1,93.5,868,868,868,0.0e+00,1681.0,1,1
DAKCFMEO_04822,WP_005763254.1,79.6,201,201,201,4.0e-76,278.9,1,1
DAKCFMEO_04823,WP_011105191.1,95.9,345,359,345,2.2e-186,646.0,0.961003,1
DAKCFMEO_04824,WP_011105192.1,94.1,68,68,68,8.1e-37,146.7,1,1
DAKCFMEO_04825,WP_011103730.1,34.8,135,129,129,3.4e-12,65.9,1.04651,1.04651
DAKCFMEO_04826,WP_005763123.1,83.0,153,153,153,6.4e-74,271.2,1,1
DAKCFMEO_04826,WP_161797763.1,30.6,111,153,164,1.0e-10,61.2,0.72549,0.676829
DAKCFMEO_04827,WP_011105217.1,77.5,120,121,144,6.9e-47,181.0,0.991736,0.833333
DAKCFMEO_04828,WP_005763119.1,77.2,457,457,457,8.6e-199,687.6,1,1
DAKCFMEO_04829,WP_161797791.1,30.5,1566,2515,1657,2.7e-185,645.2,0.622664,0.945081
DAKCFMEO_04831,WP_011105219.1,97.1,421,421,421,3.7e-241,828.2,1,1
DAKCFMEO_04831,WP_007246896.1,44.8,404,421,393,1.5e-88,321.2,0.95962,1.02799
DAKCFMEO_04831,WP_005767480.1,42.5,391,421,414,1.8e-78,287.7,0.928741,0.944444
DAKCFMEO_04831,WP_005770316.1,33.1,375,421,382,8.5e-60,225.7,0.890736,0.981675
DAKCFMEO_04832,WP_005763115.1,94.5,529,529,529,3.1e-269,921.8,1,1
DAKCFMEO_04833,WP_011105220.1,97.5,353,354,359,9.9e-195,673.7,0.997175,0.983287
DAKCFMEO_04833,WP_011104863.1,39.9,341,354,391,1.3e-61,231.5,0.963277,0.872123
DAKCFMEO_04833,WP_005770310.1,35.2,364,354,380,1.3e-56,214.9,1.02825,0.957895
DAKCFMEO_04834,WP_003376420.1,95.8,286,286,286,3.6e-155,542.0,1,1
DAKCFMEO_04834,WP_011104862.1,55.6,241,286,253,1.6e-70,260.8,0.842657,0.952569
DAKCFMEO_04834,WP_005770308.1,54.3,243,286,245,1.4e-69,257.7,0.84965,0.991837
DAKCFMEO_04834,WP_003381484.1,34.7,251,286,255,9.9e-36,145.2,0.877622,0.984314
DAKCFMEO_04834,WP_011104320.1,34.4,253,286,264,3.8e-35,143.3,0.884615,0.958333
DAKCFMEO_04834,WP_003376366.1,32.0,284,286,291,4.6e-33,136.3,0.993007,0.975945
DAKCFMEO_04834,WP_003380252.1,30.3,234,286,326,9.6e-23,102.1,0.818182,0.717791
DAKCFMEO_04834,WP_011103158.1,32.9,225,286,347,1.6e-22,101.3,0.786713,0.648415
DAKCFMEO_04834,WP_011105230.1,30.2,242,286,238,4.0e-21,96.7,0.846154,1.01681
DAKCFMEO_04835,WP_005763108.1,99.1,232,232,232,9.6e-130,457.2,1,1
DAKCFMEO_04835,WP_011103991.1,49.1,232,232,229,2.7e-63,236.5,1,1.0131
DAKCFMEO_04835,WP_005767488.1,48.2,222,232,229,2.3e-54,206.8,0.956897,0.969432
DAKCFMEO_04835,WP_005764926.1,40.7,221,232,233,1.6e-44,174.1,0.952586,0.948498
DAKCFMEO_04835,WP_011105230.1,38.5,221,232,238,7.0e-40,158.7,0.952586,0.928571
DAKCFMEO_04835,WP_011104317.1,37.1,229,232,258,3.1e-35,143.3,0.987069,0.887597
DAKCFMEO_04835,WP_005768429.1,33.9,221,232,244,7.8e-31,128.6,0.952586,0.905738
DAKCFMEO_04835,WP_011103489.1,32.9,219,232,254,2.3e-30,127.1,0.943966,0.862205
DAKCFMEO_04835,WP_011104117.1,33.0,227,232,278,6.6e-30,125.6,0.978448,0.816547
DAKCFMEO_04835,WP_005762478.1,34.5,232,232,263,9.5e-29,121.7,1,0.882129
DAKCFMEO_04835,WP_007243868.1,31.4,223,232,245,9.5e-29,121.7,0.961207,0.910204
DAKCFMEO_04835,WP_007246637.1,31.6,234,232,254,1.2e-28,121.3,1.00862,0.92126
DAKCFMEO_04835,WP_011104376.1,33.8,222,232,253,2.1e-28,120.6,0.956897,0.87747
DAKCFMEO_04835,WP_003380252.1,32.7,220,232,326,1.1e-27,118.2,0.948276,0.674847
DAKCFMEO_04835,WP_011104895.1,31.3,217,232,244,1.8e-27,117.5,0.935345,0.889344
DAKCFMEO_04835,WP_003381484.1,30.4,237,232,255,5.2e-27,115.9,1.02155,0.929412
DAKCFMEO_04835,WP_005770464.1,30.2,222,232,329,2.9e-25,110.2,0.956897,0.674772
DAKCFMEO_04835,WP_007245567.1,30.9,233,232,247,6.4e-25,109.0,1.00431,0.94332
DAKCFMEO_04836,WP_005763106.1,89.7,281,281,281,1.4e-154,540.0,1,1
DAKCFMEO_04837,WP_005763104.1,98.0,100,100,100,1.7e-51,196.1,1,1
DAKCFMEO_04838,WP_011105221.1,89.4,180,180,180,3.3e-93,335.5,1,1
DAKCFMEO_04838,WP_011104495.1,42.0,174,180,179,4.1e-27,115.9,0.966667,0.972067
DAKCFMEO_04839,WP_011105222.1,85.3,177,177,177,1.6e-84,306.6,1,1
DAKCFMEO_04840,WP_005763098.1,96.1,102,102,102,4.2e-53,201.4,1,1
DAKCFMEO_04841,WP_005763096.1,98.4,566,566,566,0.0e+00,1140.6,1,1
DAKCFMEO_04843,WP_011105223.1,85.3,375,376,376,1.2e-177,617.1,0.99734,0.99734
DAKCFMEO_04843,WP_046464042.1,40.1,374,376,375,4.6e-73,269.6,0.994681,0.997333
DAKCFMEO_04843,WP_005767564.1,33.9,239,376,391,8.7e-32,132.5,0.635638,0.611253
DAKCFMEO_04844,WP_005763092.1,92.6,312,313,314,3.8e-166,578.6,0.996805,0.993631
DAKCFMEO_04845,WP_003376398.1,94.8,421,421,421,6.6e-230,790.8,1,1
DAKCFMEO_04846,WP_011105224.1,95.8,336,336,336,2.5e-171,595.9,1,1
DAKCFMEO_04847,WP_011105225.1,89.7,58,96,96,3.6e-22,98.6,0.604167,0.604167
DAKCFMEO_04848,WP_011105226.1,80.3,289,293,293,2.1e-126,446.4,0.986348,0.986348
DAKCFMEO_04849,WP_005763080.1,88.3,77,75,77,3.0e-32,131.7,1.02667,1
DAKCFMEO_04851,WP_005763077.1,92.0,112,112,112,3.1e-57,215.3,1,1
DAKCFMEO_04852,WP_003376387.1,92.7,179,177,179,2.0e-87,316.2,1.0113,1
DAKCFMEO_04853,WP_011105228.1,92.4,688,688,688,0.0e+00,1289.2,1,1
DAKCFMEO_04855,WP_005763069.1,96.7,210,210,210,1.3e-112,400.2,1,1
DAKCFMEO_04856,WP_007244624.1,98.8,165,166,166,1.1e-95,343.6,0.993976,0.993976
DAKCFMEO_04857,WP_005763065.1,91.1,224,224,224,1.5e-111,396.7,1,1
DAKCFMEO_04858,WP_003376376.1,97.1,205,205,205,3.6e-112,398.7,1,1
DAKCFMEO_04858,WP_011103989.1,50.5,206,205,220,1.5e-54,207.2,1.00488,0.936364
DAKCFMEO_04859,WP_011105229.1,94.2,190,190,190,1.1e-94,340.5,1,1
DAKCFMEO_04861,WP_005763059.1,82.5,401,443,404,9.5e-203,700.7,0.905192,0.992574
DAKCFMEO_04862,WP_005763057.1,96.1,254,254,254,4.8e-143,501.5,1,1
DAKCFMEO_04862,WP_011104271.1,30.6,248,254,250,5.9e-24,105.9,0.976378,0.992
DAKCFMEO_04862,WP_005770966.1,31.4,226,254,254,1.3e-23,104.8,0.889764,0.889764
DAKCFMEO_04862,WP_011103737.1,39.7,189,254,262,6.1e-21,95.9,0.744094,0.721374
DAKCFMEO_04862,WP_005614190.1,34.2,193,254,258,1.1e-17,85.1,0.759843,0.748062
DAKCFMEO_04862,WP_011103477.1,35.9,184,254,272,4.1e-17,83.2,0.724409,0.676471
DAKCFMEO_04862,WP_011103613.1,31.8,179,254,253,1.6e-16,81.3,0.704724,0.70751
DAKCFMEO_04862,WP_011104937.1,32.3,195,254,261,2.7e-16,80.5,0.767717,0.747126
DAKCFMEO_04862,WP_011103980.1,31.4,188,254,254,1.1e-14,75.1,0.740157,0.740157
DAKCFMEO_04862,WP_005767607.1,31.3,227,254,271,2.1e-13,70.9,0.893701,0.837638
DAKCFMEO_04863,WP_011105230.1,97.9,238,238,238,1.6e-127,449.9,1,1
DAKCFMEO_04863,WP_005764926.1,58.8,233,238,233,4.6e-71,262.3,0.978992,1
DAKCFMEO_04863,WP_011104317.1,44.3,246,238,258,3.9e-46,179.5,1.03361,0.953488
DAKCFMEO_04863,WP_005763108.1,38.9,221,238,232,2.3e-38,153.7,0.928571,0.952586
DAKCFMEO_04863,WP_011103991.1,38.4,211,238,229,1.2e-34,141.4,0.886555,0.921397
DAKCFMEO_04863,WP_005767488.1,40.0,200,238,229,1.3e-33,137.9,0.840336,0.873362
DAKCFMEO_04863,WP_005620338.1,30.9,236,238,241,1.5e-29,124.4,0.991597,0.979253
DAKCFMEO_04863,WP_003381484.1,30.0,253,238,255,7.0e-27,115.5,1.06303,0.992157
DAKCFMEO_04863,WP_005768429.1,30.8,227,238,244,1.9e-24,107.5,0.953782,0.930328
DAKCFMEO_04863,WP_007243868.1,31.0,216,238,245,1.9e-24,107.5,0.907563,0.881633
DAKCFMEO_04863,WP_011104117.1,30.3,228,238,278,2.5e-24,107.1,0.957983,0.820144
DAKCFMEO_04863,WP_011104376.1,30.0,213,238,253,2.5e-24,107.1,0.894958,0.841897
DAKCFMEO_04863,WP_011104895.1,30.8,214,238,244,4.2e-24,106.3,0.89916,0.877049
DAKCFMEO_04863,WP_011104320.1,31.9,254,238,264,7.2e-24,105.5,1.06723,0.962121
DAKCFMEO_04863,WP_005762478.1,30.3,244,238,263,3.6e-23,103.2,1.02521,0.927757
DAKCFMEO_04863,WP_011104057.1,33.3,213,238,342,1.0e-22,101.7,0.894958,0.622807
DAKCFMEO_04863,WP_005770464.1,32.7,226,238,329,3.0e-22,100.1,0.94958,0.68693
DAKCFMEO_04863,WP_003376420.1,30.6,242,238,286,9.8e-21,95.1,1.01681,0.846154
DAKCFMEO_04863,WP_011103158.1,30.8,221,238,347,4.9e-20,92.8,0.928571,0.636888
DAKCFMEO_04864,WP_003376366.1,97.6,291,291,291,1.7e-163,569.7,1,1
DAKCFMEO_04864,WP_003381484.1,51.3,279,291,255,6.5e-75,275.4,0.958763,1.09412
DAKCFMEO_04864,WP_011104320.1,37.9,285,291,264,4.4e-47,183.0,0.979381,1.07955
DAKCFMEO_04864,WP_005770308.1,31.4,280,291,245,5.5e-34,139.4,0.962199,1.14286
DAKCFMEO_04864,WP_003376420.1,31.3,284,291,286,5.2e-32,132.9,0.975945,0.993007
DAKCFMEO_04864,WP_011104862.1,31.2,279,291,253,1.5e-31,131.3,0.958763,1.10277
DAKCFMEO_04864,WP_011104117.1,31.4,271,291,278,1.0e-24,108.6,0.931271,0.97482
DAKCFMEO_04865,WP_005763054.1,94.7,432,433,437,1.9e-227,782.7,0.997691,0.988558
DAKCFMEO_04865,WP_005764931.1,52.8,411,433,421,8.3e-103,368.6,0.949192,0.976247
DAKCFMEO_04866,WP_002551844.1,98.7,304,304,304,1.9e-162,566.2,1,1
DAKCFMEO_04866,WP_003381481.1,51.5,301,304,307,1.3e-78,287.7,0.990132,0.980456
DAKCFMEO_04866,WP_005770312.1,30.1,292,304,300,5.2e-27,116.3,0.960526,0.973333
DAKCFMEO_04867,WP_005736842.1,90.5,380,378,380,2.7e-198,685.6,1.00529,1
DAKCFMEO_04867,WP_005764936.1,44.0,352,378,374,5.6e-79,289.3,0.931217,0.941176
DAKCFMEO_04868,WP_005620804.1,94.3,300,301,301,1.0e-168,587.0,0.996678,0.996678
DAKCFMEO_04868,WP_011105513.1,39.7,292,301,306,7.2e-53,202.2,0.9701,0.954248
DAKCFMEO_04868,WP_011104206.1,36.8,299,301,301,3.6e-44,173.3,0.993355,0.993355
DAKCFMEO_04868,WP_011104205.1,32.7,294,301,298,9.8e-34,138.7,0.976744,0.986577
DAKCFMEO_04868,WP_005767834.1,31.4,290,301,303,1.1e-32,135.2,0.963455,0.957096
DAKCFMEO_04868,WP_005769505.1,35.5,293,301,306,4.1e-32,133.3,0.973422,0.957516
DAKCFMEO_04868,WP_005768148.1,30.6,294,301,316,4.2e-29,123.2,0.976744,0.93038
DAKCFMEO_04868,WP_005768142.1,31.6,304,301,318,4.7e-28,119.8,1.00997,0.955975
DAKCFMEO_04868,WP_005767830.1,32.4,272,301,308,1.2e-26,115.2,0.903654,0.883117
DAKCFMEO_04869,WP_005763051.1,94.3,406,407,407,2.2e-230,792.3,0.997543,0.997543
DAKCFMEO_04870,WP_005620808.1,93.8,275,275,275,3.5e-147,515.4,1,1
DAKCFMEO_04871,WP_005763045.1,86.5,148,148,148,9.9e-72,263.8,1,1
DAKCFMEO_04873,WP_011105232.1,94.9,296,296,297,6.4e-171,594.3,1,0.996633
DAKCFMEO_04873,WP_003378608.1,31.5,292,296,276,5.8e-31,129.4,0.986486,1.05797
DAKCFMEO_04874,WP_011105233.1,92.1,835,835,831,0.0e+00,1543.9,1,1.00481
DAKCFMEO_04875,WP_011105234.1,95.0,1092,1092,1092,0.0e+00,2180.2,1,1
DAKCFMEO_04876,WP_005763035.1,97.7,771,771,771,0.0e+00,1550.8,1,1
DAKCFMEO_04877,WP_003380723.1,95.3,464,464,464,3.0e-252,865.1,1,1
DAKCFMEO_04878,WP_003317208.1,99.3,148,148,148,1.1e-73,270.4,1,1
DAKCFMEO_04879,WP_005620823.1,93.0,298,298,298,1.8e-149,523.1,1,1
DAKCFMEO_04880,WP_002551829.1,100.0,76,76,76,6.3e-38,150.6,1,1
DAKCFMEO_04881,WP_002551828.1,99.1,109,141,141,1.1e-59,223.8,0.77305,0.77305
DAKCFMEO_04882,WP_005620859.1,97.2,247,253,250,4.8e-135,474.9,0.976285,0.988
DAKCFMEO_04883,WP_011105236.1,94.2,830,878,877,0.0e+00,1527.7,0.94533,0.946408
DAKCFMEO_04886,WP_011105237.1,81.4,644,644,644,4.5e-254,871.7,1,1
DAKCFMEO_04886,WP_011105575.1,30.9,424,644,541,2.6e-20,95.1,0.658385,0.783734
DAKCFMEO_04887,WP_003422343.1,97.4,429,430,430,7.7e-250,857.1,0.997674,0.997674
DAKCFMEO_04888,WP_005763027.1,98.0,395,395,395,1.1e-223,770.0,1,1
DAKCFMEO_04889,WP_005763025.1,95.8,289,289,289,6.3e-123,434.9,1,1
DAKCFMEO_04890,WP_011105238.1,92.2,395,392,395,5.0e-163,568.5,1.00765,1
DAKCFMEO_04891,WP_005736856.1,97.0,433,433,433,2.5e-240,825.5,1,1
DAKCFMEO_04892,WP_002551819.1,100.0,86,86,86,1.9e-43,169.1,1,1
DAKCFMEO_04893,WP_011105239.1,93.5,322,323,323,1.1e-168,587.0,0.996904,0.996904
DAKCFMEO_04894,WP_011105240.1,92.1,647,654,645,0.0e+00,1174.5,0.989297,1.0031
DAKCFMEO_04895,WP_005763015.1,95.1,471,472,471,3.3e-246,845.1,0.997881,1
DAKCFMEO_04895,WP_007244980.1,47.9,409,472,407,1.2e-91,331.6,0.866525,1.00491
DAKCFMEO_04896,WP_003380701.1,91.7,156,156,156,9.1e-84,303.9,1,1
DAKCFMEO_04897,WP_011105241.1,82.9,496,496,496,2.8e-235,808.9,1,1
DAKCFMEO_04898,WP_007244608.1,95.5,358,360,362,1.0e-207,716.8,0.994444,0.98895
DAKCFMEO_04899,WP_003380698.1,96.1,203,203,203,1.1e-108,387.1,1,1
DAKCFMEO_04900,WP_005763007.1,93.2,177,177,178,9.0e-96,344.0,1,0.994382
DAKCFMEO_04901,WP_005763005.1,95.9,343,343,343,1.1e-190,660.2,1,1
DAKCFMEO_04902,WP_005763003.1,87.4,341,340,341,2.4e-166,579.3,1.00294,1
DAKCFMEO_04903,WP_005763001.1,97.2,283,283,283,3.4e-153,535.4,1,1
DAKCFMEO_04904,WP_011105242.1,88.8,511,511,511,2.8e-267,915.2,1,1
DAKCFMEO_04905,WP_011103137.1,30.9,272,271,285,1.3e-24,108.2,1.00369,0.954386
DAKCFMEO_04907,WP_011105244.1,83.2,595,594,595,1.3e-295,1009.6,1.00168,1
DAKCFMEO_04908,WP_003380690.1,95.0,404,404,404,5.4e-213,734.6,1,1
DAKCFMEO_04909,WP_007244602.1,86.9,518,518,513,2.5e-207,716.1,1,1.00975
DAKCFMEO_04910,WP_007244601.1,96.5,231,231,231,3.5e-124,438.7,1,1
DAKCFMEO_04911,WP_005762992.1,98.8,750,751,751,0.0e+00,1463.7,0.998668,0.998668
DAKCFMEO_04911,WP_005766744.1,33.6,794,751,928,8.2e-106,379.4,1.05726,0.855603
DAKCFMEO_04912,WP_011105246.1,90.7,172,173,177,2.0e-87,316.2,0.99422,0.971751
DAKCFMEO_04913,WP_046463655.1,83.6,329,325,329,8.9e-166,577.4,1.01231,1
DAKCFMEO_04914,WP_003377107.1,99.1,633,634,634,0.0e+00,1262.7,0.998423,0.998423
DAKCFMEO_04914,WP_005768224.1,39.4,569,634,805,4.3e-108,386.7,0.897476,0.706832
DAKCFMEO_04915,WP_011105248.1,89.8,205,205,205,1.5e-105,376.7,1,1
DAKCFMEO_04916,WP_080946587.1,86.9,268,268,268,1.1e-137,483.8,1,1
DAKCFMEO_04918,WP_046463652.1,59.4,138,167,148,3.7e-43,169.1,0.826347,0.932432
DAKCFMEO_04922,WP_046463652.1,49.3,148,148,148,4.5e-40,158.7,1,1
DAKCFMEO_04924,WP_003377111.1,98.0,150,150,150,7.9e-85,307.4,1,1
DAKCFMEO_04925,WP_003377112.1,85.4,205,205,205,2.1e-104,372.9,1,1
DAKCFMEO_04926,WP_005736885.1,89.9,248,248,248,9.2e-131,460.7,1,1
DAKCFMEO_04927,WP_011105254.1,88.3,428,429,429,2.0e-202,699.5,0.997669,0.997669
DAKCFMEO_04928,WP_011105255.1,98.7,629,629,629,0.0e+00,1268.1,1,1
DAKCFMEO_04929,WP_005762981.1,93.7,479,479,479,4.5e-251,861.3,1,1
DAKCFMEO_04932,WP_005762979.1,86.4,110,110,110,6.7e-49,187.6,1,1
DAKCFMEO_04933,WP_011105257.1,92.3,391,391,391,1.1e-210,726.9,1,1
DAKCFMEO_04934,WP_011105258.1,93.4,271,271,271,5.0e-146,511.5,1,1
DAKCFMEO_04934,WP_011105506.1,32.0,222,271,335,7.7e-22,99.0,0.819188,0.662687
DAKCFMEO_04934,WP_011103110.1,31.3,227,271,345,6.6e-13,69.3,0.837638,0.657971
DAKCFMEO_04935,WP_003377120.1,93.7,318,320,318,9.3e-176,610.5,0.99375,1
DAKCFMEO_04936,WP_005736892.1,96.2,473,473,474,3.2e-257,881.7,1,0.99789
DAKCFMEO_04937,WP_010213170.1,94.0,600,600,600,5.2e-313,1067.4,1,1
DAKCFMEO_04937,WP_005766911.1,32.5,579,600,589,2.1e-67,251.5,0.965,0.983022
DAKCFMEO_04937,WP_005762826.1,35.2,492,600,581,1.8e-63,238.4,0.82,0.846816
DAKCFMEO_04937,WP_011104366.1,35.9,541,600,619,5.1e-58,220.3,0.901667,0.87399
DAKCFMEO_04937,WP_005762824.1,35.4,492,600,593,1.8e-55,211.8,0.82,0.82968
DAKCFMEO_04937,WP_161797811.1,31.6,522,600,589,7.6e-54,206.5,0.87,0.886248
DAKCFMEO_04938,WP_005762975.1,84.0,212,212,212,1.7e-101,363.2,1,1
DAKCFMEO_04939,WP_011105259.1,73.1,379,380,391,4.8e-163,568.5,0.997368,0.969309
DAKCFMEO_04940,WP_005762973.1,90.2,256,256,257,5.4e-142,498.0,1,0.996109
DAKCFMEO_04941,WP_011105261.1,89.0,318,318,318,2.5e-165,575.9,1,1
DAKCFMEO_04942,WP_046463793.1,84.0,468,478,469,6.6e-234,804.3,0.979079,0.997868
DAKCFMEO_04943,WP_005762970.1,87.2,298,298,298,3.8e-155,542.0,1,1
DAKCFMEO_04944,WP_011105263.1,87.7,374,376,376,2.9e-192,665.6,0.994681,0.994681
DAKCFMEO_04945,WP_003377131.1,99.3,585,585,585,0.0e+00,1205.3,1,1
DAKCFMEO_04948,WP_011105266.1,85.9,481,481,481,6.4e-245,840.9,1,1
DAKCFMEO_04949,WP_005762965.1,81.4,253,259,253,1.4e-121,430.3,0.976834,1
DAKCFMEO_04949,WP_011104989.1,33.6,220,259,240,1.1e-22,101.7,0.849421,0.916667
DAKCFMEO_04950,WP_007244579.1,90.2,244,244,244,2.2e-132,466.1,1,1
DAKCFMEO_04952,WP_011105267.1,92.0,373,373,373,2.7e-206,712.2,1,1
DAKCFMEO_04953,WP_007244577.1,90.1,354,354,354,5.1e-191,661.4,1,1
DAKCFMEO_04954,WP_011105268.1,91.5,343,344,344,1.0e-188,653.7,0.997093,0.997093
DAKCFMEO_04955,WP_005762959.1,91.6,985,985,985,0.0e+00,1778.5,1,1
DAKCFMEO_04956,WP_003377141.1,98.0,881,881,881,0.0e+00,1781.9,1,1
DAKCFMEO_04956,WP_011104758.1,59.8,880,881,889,0.0e+00,1123.6,0.998865,0.989876
DAKCFMEO_04957,WP_007244575.1,89.6,549,549,548,9.0e-203,701.0,1,1.00182
DAKCFMEO_04959,WP_007244549.1,92.5,897,897,897,0.0e+00,1635.2,1,1
DAKCFMEO_04959,WP_046463958.1,39.1,550,897,825,4.7e-108,387.1,0.613155,0.666667
DAKCFMEO_04959,WP_011103090.1,38.1,540,897,643,2.5e-101,364.8,0.602007,0.839813
DAKCFMEO_04959,WP_011103884.1,35.0,597,897,730,2.4e-96,348.2,0.665552,0.817808
DAKCFMEO_04959,WP_005764073.1,35.5,546,897,705,4.1e-88,320.9,0.608696,0.774468
DAKCFMEO_04959,WP_044391024.1,33.3,579,897,730,7.8e-87,316.6,0.645485,0.793151
DAKCFMEO_04960,WP_005763591.1,92.6,215,215,215,2.4e-119,422.5,1,1
DAKCFMEO_04961,WP_005763589.1,97.1,278,278,278,8.7e-162,563.9,1,1
DAKCFMEO_04962,WP_005763587.1,72.0,75,76,76,6.5e-27,114.0,0.986842,0.986842
DAKCFMEO_04963,WP_005737430.1,88.2,85,86,88,1.7e-36,146.0,0.988372,0.965909
DAKCFMEO_04964,WP_003379947.1,82.0,100,100,100,4.7e-41,161.4,1,1
DAKCFMEO_04965,WP_005763699.1,88.3,77,77,77,7.8e-28,117.1,1,1
DAKCFMEO_04966,WP_011103145.1,83.9,541,541,541,4.4e-210,725.3,1,1
DAKCFMEO_04966,WP_005767285.1,47.1,541,541,541,1.9e-96,347.8,1,1
DAKCFMEO_04966,WP_011105048.1,44.3,542,541,541,3.7e-84,307.0,1.00185,1.00185
DAKCFMEO_04966,WP_011105575.1,44.4,540,541,541,7.0e-83,302.8,0.998152,0.998152
DAKCFMEO_04966,WP_011105087.1,45.1,541,541,539,2.5e-80,294.3,1,1.00371
DAKCFMEO_04966,WP_005771505.1,37.7,544,541,541,5.2e-78,286.6,1.00555,1.00555
DAKCFMEO_04966,WP_011104615.1,43.1,540,541,542,1.5e-77,285.0,0.998152,0.99631
DAKCFMEO_04966,WP_005764624.1,39.2,543,541,542,3.7e-76,280.4,1.0037,1.00185
DAKCFMEO_04966,WP_011104479.1,39.3,542,541,542,1.6e-71,265.0,1.00185,1
DAKCFMEO_04966,WP_011103510.1,54.4,338,541,550,1.1e-54,209.1,0.624769,0.614545
DAKCFMEO_04966,WP_011104616.1,39.5,544,541,546,1.1e-54,209.1,1.00555,0.996337
DAKCFMEO_04966,WP_046463594.1,45.2,385,541,539,2.4e-54,208.0,0.711645,0.714286
DAKCFMEO_04966,WP_011103917.1,31.3,371,541,491,3.2e-35,144.4,0.685767,0.755601
DAKCFMEO_04966,WP_011105342.1,35.5,462,541,638,1.9e-27,118.6,0.853974,0.724138
DAKCFMEO_04966,WP_011104672.1,31.7,543,541,546,1.0e-25,112.8,1.0037,0.994505
DAKCFMEO_04967,WP_005763696.1,98.1,367,367,367,1.4e-207,716.5,1,1
DAKCFMEO_04967,WP_005740596.1,40.1,322,367,330,8.7e-61,228.8,0.877384,0.975758
DAKCFMEO_04967,WP_005764509.1,32.3,316,367,344,5.9e-41,162.9,0.861035,0.918605
DAKCFMEO_04968,WP_005763694.1,93.0,315,315,315,1.5e-170,593.2,1,1
DAKCFMEO_04968,WP_011103015.1,48.4,314,315,308,4.7e-79,289.3,0.996825,1.01948
DAKCFMEO_04969,WP_003379931.1,97.5,281,281,281,1.0e-149,523.9,1,1
DAKCFMEO_04969,WP_005764515.1,40.9,264,281,321,2.4e-50,193.7,0.939502,0.82243
DAKCFMEO_04969,WP_003380009.1,45.1,253,281,283,2.6e-49,190.3,0.900356,0.893993
DAKCFMEO_04970,WP_005763692.1,96.7,392,392,392,7.1e-218,750.7,1,1
DAKCFMEO_04970,WP_011104358.1,48.3,265,392,345,1.1e-64,241.9,0.67602,0.768116
DAKCFMEO_04970,WP_007247035.1,48.0,273,392,276,5.3e-64,239.6,0.696429,0.98913
DAKCFMEO_04970,WP_005762690.1,41.3,242,392,384,7.2e-45,176.0,0.617347,0.630208
DAKCFMEO_04970,WP_003368676.1,37.8,241,392,385,9.7e-42,165.6,0.614796,0.625974
DAKCFMEO_04970,WP_005737104.1,38.8,242,392,380,1.8e-40,161.4,0.617347,0.636842
DAKCFMEO_04970,WP_011103158.1,41.3,247,392,347,2.4e-40,161.0,0.630102,0.711816
DAKCFMEO_04970,WP_005768050.1,36.1,252,392,374,1.0e-38,155.6,0.642857,0.673797
DAKCFMEO_04970,WP_005770464.1,40.3,236,392,329,1.0e-38,155.6,0.602041,0.717325
DAKCFMEO_04970,WP_003380252.1,35.9,248,392,326,2.9e-38,154.1,0.632653,0.760736
DAKCFMEO_04970,WP_011104057.1,36.3,245,392,342,7.2e-37,149.4,0.625,0.716374
DAKCFMEO_04970,WP_005768959.1,36.5,241,392,368,7.5e-34,139.4,0.614796,0.654891
DAKCFMEO_04970,WP_007246637.1,36.0,258,392,254,4.1e-32,133.7,0.658163,1.01575
DAKCFMEO_04970,WP_011103489.1,33.1,248,392,254,4.5e-31,130.2,0.632653,0.976378
DAKCFMEO_04970,WP_007243868.1,35.1,242,392,245,5.9e-31,129.8,0.617347,0.987755
DAKCFMEO_04972,WP_005737465.1,97.0,197,197,197,1.9e-107,382.9,1,1
DAKCFMEO_04973,WP_005763655.1,98.4,490,490,490,1.3e-277,949.5,1,1
DAKCFMEO_04973,WP_011104137.1,44.3,479,490,493,8.8e-109,388.7,0.977551,0.971602
DAKCFMEO_04973,WP_011102988.1,40.5,479,490,497,3.0e-101,363.6,0.977551,0.963783
DAKCFMEO_04973,WP_011103256.1,38.1,480,490,506,2.3e-88,320.9,0.979592,0.948617
DAKCFMEO_04973,WP_011104361.1,36.5,480,490,505,1.5e-87,318.2,0.979592,0.950495
DAKCFMEO_04973,WP_011103085.1,35.6,472,490,480,2.1e-86,314.3,0.963265,0.983333
DAKCFMEO_04973,WP_011103748.1,36.6,473,490,505,7.5e-84,305.8,0.965306,0.936634
DAKCFMEO_04973,WP_011104646.1,37.8,476,490,491,7.0e-82,299.3,0.971429,0.96945
DAKCFMEO_04973,WP_011104140.1,34.0,473,490,476,4.0e-77,283.5,0.965306,0.993697
DAKCFMEO_04973,WP_011104290.1,32.8,481,490,482,9.5e-71,262.3,0.981633,0.997925
DAKCFMEO_04973,WP_011103053.1,32.9,477,490,485,8.1e-70,259.2,0.973469,0.983505
DAKCFMEO_04973,WP_011104588.1,32.1,474,490,500,5.2e-61,229.9,0.967347,0.948
DAKCFMEO_04973,WP_005762699.1,31.0,465,490,463,5.8e-60,226.5,0.94898,1.00432
DAKCFMEO_04973,WP_011103279.1,32.6,432,490,508,2.4e-58,221.1,0.881633,0.850394
DAKCFMEO_04973,WP_005764523.1,30.9,457,490,493,1.3e-56,215.3,0.932653,0.926978
DAKCFMEO_04973,WP_011103274.1,30.0,474,490,497,6.2e-54,206.5,0.967347,0.953722
DAKCFMEO_04974,WP_005763658.1,97.7,563,566,568,0.0e+00,1143.6,0.9947,0.991197
DAKCFMEO_04975,WP_005763601.1,88.3,480,480,480,1.3e-250,859.8,1,1
DAKCFMEO_04976,WP_011103134.1,85.0,441,441,441,1.1e-219,756.9,1,1
DAKCFMEO_04977,WP_005763597.1,90.9,464,470,470,3.9e-239,821.6,0.987234,0.987234
DAKCFMEO_04978,WP_005762956.1,98.7,459,459,459,5.3e-257,880.9,1,1
DAKCFMEO_04978,WP_003373273.1,38.8,356,459,562,4.6e-67,250.0,0.775599,0.633452
DAKCFMEO_04978,WP_011105110.1,39.6,366,459,442,3.3e-65,243.8,0.797386,0.828054
DAKCFMEO_04978,WP_046463295.1,37.9,367,459,486,7.6e-62,232.6,0.799564,0.755144
DAKCFMEO_04978,WP_005616197.1,36.1,379,459,445,2.1e-59,224.6,0.825708,0.851685
DAKCFMEO_04979,WP_005762954.1,94.9,391,401,392,3.7e-222,765.0,0.975062,0.997449
DAKCFMEO_04980,WP_007244571.1,96.3,732,732,732,0.0e+00,1363.6,1,1
DAKCFMEO_04981,WP_005762952.1,77.9,249,251,251,7.7e-109,387.9,0.992032,0.992032
DAKCFMEO_04982,WP_005620970.1,96.1,152,152,152,3.6e-85,308.5,1,1
DAKCFMEO_04982,WP_005767420.1,30.5,131,152,143,5.9e-11,62.0,0.861842,0.916084
DAKCFMEO_04983,WP_005762949.1,76.5,98,98,98,1.5e-39,156.4,1,1
DAKCFMEO_04984,WP_007244569.1,89.3,169,173,174,9.1e-85,307.4,0.976879,0.971264
DAKCFMEO_04985,WP_005762944.1,88.2,709,709,712,0.0e+00,1258.4,1,0.995787
DAKCFMEO_04985,WP_005764073.1,33.5,702,709,705,5.4e-99,356.7,0.990127,0.995745
DAKCFMEO_04985,WP_046463958.1,35.1,558,709,825,2.1e-95,344.7,0.787024,0.676364
DAKCFMEO_04985,WP_044391024.1,33.3,579,709,730,4.3e-88,320.5,0.816643,0.793151
DAKCFMEO_04985,WP_011104176.1,35.9,457,709,703,6.0e-82,300.1,0.64457,0.650071
DAKCFMEO_04985,WP_011104985.1,34.5,429,709,683,1.3e-76,282.3,0.605078,0.628111
DAKCFMEO_04985,WP_011103884.1,31.9,583,709,730,1.1e-75,279.3,0.822285,0.79863
DAKCFMEO_04985,WP_011103090.1,31.7,542,709,643,1.3e-73,272.3,0.764457,0.842924
DAKCFMEO_04985,WP_007247222.1,34.0,430,709,554,1.4e-70,262.3,0.606488,0.776173
DAKCFMEO_04985,WP_011104266.1,32.1,430,709,656,2.1e-63,238.4,0.606488,0.655488
DAKCFMEO_04986,WP_005762942.1,78.0,223,223,223,1.5e-103,370.2,1,1
DAKCFMEO_04986,WP_003378216.1,63.1,222,223,222,5.3e-77,282.0,0.995516,1
DAKCFMEO_04987,WP_005762940.1,96.0,495,495,495,3.1e-263,901.7,1,1
DAKCFMEO_04988,WP_011105271.1,96.7,1317,1317,1317,0.0e+00,2490.7,1,1
DAKCFMEO_04989,WP_011104172.1,41.1,297,302,305,1.5e-58,221.1,0.983444,0.97377
DAKCFMEO_04989,WP_007245106.1,33.9,301,302,301,6.1e-44,172.6,0.996689,1
DAKCFMEO_04989,WP_011104938.1,30.8,299,302,307,3.7e-41,163.3,0.990066,0.973941
DAKCFMEO_04989,WP_011104428.1,32.2,292,302,304,4.2e-37,149.8,0.966887,0.960526
DAKCFMEO_04989,WP_011104375.1,32.0,297,302,307,5.6e-37,149.4,0.983444,0.967427
DAKCFMEO_04989,WP_011104037.1,33.4,296,302,302,6.1e-36,146.0,0.980132,0.980132
DAKCFMEO_04989,WP_007246000.1,33.9,295,302,301,3.0e-35,143.7,0.976821,0.980066
DAKCFMEO_04989,WP_011103634.1,32.1,296,302,302,5.2e-35,142.9,0.980132,0.980132
DAKCFMEO_04989,WP_011104418.1,34.1,299,302,303,4.9e-33,136.3,0.990066,0.986799
DAKCFMEO_04989,WP_003377838.1,32.2,292,302,298,6.4e-33,136.0,0.966887,0.979866
DAKCFMEO_04991,WP_011105272.1,86.8,600,600,600,0.0e+00,1075.5,1,1
DAKCFMEO_04991,WP_011103167.1,37.9,597,600,592,7.2e-105,375.9,0.995,1.00845
DAKCFMEO_04991,WP_011103162.1,37.3,563,600,601,1.1e-100,362.1,0.938333,0.936772
DAKCFMEO_04991,WP_005770780.1,30.3,399,600,383,1.8e-34,142.1,0.665,1.04178
DAKCFMEO_04992,WP_011105273.1,47.1,858,838,873,1.0e-218,754.6,1.02387,0.982818
DAKCFMEO_04993,WP_005771787.1,97.6,580,580,580,0.0e+00,1088.2,1,1
DAKCFMEO_04994,WP_046463895.1,93.2,1129,1128,1129,0.0e+00,1964.1,1.00089,1
DAKCFMEO_04995,WP_011105279.1,86.8,491,491,487,9.1e-255,873.6,1,1.00821
DAKCFMEO_04997,WP_005769407.1,92.3,156,162,156,1.3e-77,283.5,0.962963,1
DAKCFMEO_04998,WP_011105280.1,86.5,1995,1993,1987,0.0e+00,3285.4,1.001,1.00403
DAKCFMEO_04999,WP_005621029.1,94.3,680,680,680,1.2e-249,857.1,1,1
DAKCFMEO_05000,WP_011105281.1,79.2,178,179,179,4.4e-82,298.5,0.994413,0.994413
DAKCFMEO_05001,WP_003377196.1,97.5,121,121,121,3.6e-64,238.4,1,1
DAKCFMEO_05001,WP_005615457.1,35.3,119,121,129,2.6e-17,82.8,0.983471,0.922481
DAKCFMEO_05001,WP_002551738.1,31.1,119,121,136,1.2e-14,73.9,0.983471,0.875
DAKCFMEO_05002,WP_002551738.1,94.1,135,136,136,2.5e-69,255.8,0.992647,0.992647
DAKCFMEO_05002,WP_004880039.1,35.7,115,136,122,1.5e-18,87.0,0.845588,0.942623
DAKCFMEO_05002,WP_003377196.1,32.2,115,136,121,6.0e-15,75.1,0.845588,0.950413
DAKCFMEO_05003,WP_003377199.1,96.8,317,319,319,9.6e-181,627.1,0.99373,0.99373
DAKCFMEO_05004,WP_005736950.1,96.3,300,300,300,2.6e-159,555.8,1,1
DAKCFMEO_05005,WP_005769417.1,92.6,190,190,190,1.2e-101,363.6,1,1
DAKCFMEO_05006,WP_003377205.1,91.7,145,146,146,2.5e-75,275.8,0.993151,0.993151
DAKCFMEO_05007,WP_005736951.1,95.9,170,170,170,4.9e-91,328.2,1,1
DAKCFMEO_05008,WP_005736952.1,98.5,333,334,334,6.1e-186,644.4,0.997006,0.997006
DAKCFMEO_05009,WP_007247057.1,95.5,423,423,423,2.1e-228,785.8,1,1
DAKCFMEO_05010,WP_005769424.1,90.3,134,134,134,8.1e-73,267.3,1,1
DAKCFMEO_05011,WP_005769426.1,85.0,213,227,212,3.1e-101,362.5,0.938326,1.00472
DAKCFMEO_05012,WP_003377212.1,95.9,344,344,344,4.3e-187,648.3,1,1
DAKCFMEO_05012,WP_044389985.1,42.3,343,344,389,1.1e-73,271.6,0.997093,0.881748
DAKCFMEO_05013,WP_011105285.1,91.7,228,228,228,7.7e-116,411.0,1,1
DAKCFMEO_05014,WP_005769432.1,93.0,272,272,272,2.8e-136,479.2,1,1
DAKCFMEO_05015,WP_003377215.1,92.9,196,196,196,2.4e-89,322.8,1,1
DAKCFMEO_05016,WP_005621066.1,97.4,379,379,379,5.4e-223,767.7,1,1
DAKCFMEO_05017,WP_003377217.1,97.1,206,206,206,3.7e-125,441.8,1,1
DAKCFMEO_05019,WP_046463894.1,93.9,198,198,198,2.6e-104,372.5,1,1
DAKCFMEO_05020,WP_011105287.1,93.8,404,404,404,3.3e-226,778.5,1,1
DAKCFMEO_05021,WP_011105288.1,87.9,107,107,107,5.0e-49,188.0,1,1
DAKCFMEO_05022,WP_005763645.1,94.7,244,244,244,2.0e-138,486.1,1,1
DAKCFMEO_05023,WP_005613959.1,98.5,264,264,264,5.4e-145,508.1,1,1
DAKCFMEO_05024,WP_003379876.1,86.4,66,66,66,1.6e-26,112.5,1,1
DAKCFMEO_05025,WP_005613956.1,88.1,126,126,126,8.5e-56,210.7,1,1
DAKCFMEO_05026,WP_011103140.1,88.1,236,259,236,1.8e-124,439.9,0.911197,1
DAKCFMEO_05028,WP_003379873.1,98.6,284,284,284,2.3e-157,549.3,1,1
DAKCFMEO_05029,WP_005763640.1,91.6,344,344,344,7.4e-171,594.3,1,1
DAKCFMEO_05030,WP_005763638.1,98.7,223,223,223,3.2e-122,432.2,1,1
DAKCFMEO_05030,WP_010203924.1,38.7,225,223,335,1.0e-40,161.4,1.00897,0.671642
DAKCFMEO_05030,WP_003383085.1,39.1,215,223,232,1.1e-34,141.4,0.964126,0.926724
DAKCFMEO_05030,WP_011104376.1,39.6,197,223,253,2.5e-34,140.2,0.883408,0.778656
DAKCFMEO_05030,WP_011104895.1,34.2,219,223,244,9.4e-34,138.3,0.982063,0.897541
DAKCFMEO_05030,WP_005737152.1,34.9,229,223,257,1.6e-33,137.5,1.02691,0.891051
DAKCFMEO_05030,WP_007243868.1,34.6,217,223,245,8.0e-33,135.2,0.973094,0.885714
DAKCFMEO_05030,WP_011103716.1,30.0,230,223,254,2.3e-32,133.7,1.03139,0.905512
DAKCFMEO_05030,WP_011103489.1,33.6,217,223,254,3.0e-32,133.3,0.973094,0.854331
DAKCFMEO_05030,WP_011103923.1,37.8,201,223,227,3.0e-32,133.3,0.901345,0.885463
DAKCFMEO_05030,WP_011104329.1,35.1,228,223,261,3.0e-32,133.3,1.02242,0.873563
DAKCFMEO_05030,WP_011103158.1,35.7,213,223,347,6.8e-32,132.1,0.955157,0.613833
DAKCFMEO_05030,WP_011104358.1,35.9,209,223,345,1.2e-31,131.3,0.93722,0.605797
DAKCFMEO_05030,WP_007245567.1,33.8,228,223,247,5.7e-31,129.0,1.02242,0.923077
DAKCFMEO_05030,WP_005770464.1,35.3,221,223,329,9.8e-31,128.3,0.991031,0.671733
DAKCFMEO_05030,WP_005768429.1,34.4,221,223,244,1.7e-30,127.5,0.991031,0.905738
DAKCFMEO_05030,WP_007246637.1,32.4,222,223,254,4.9e-30,125.9,0.995516,0.874016
DAKCFMEO_05030,WP_011103641.1,36.4,225,223,222,8.3e-30,125.2,1.00897,1.01351
DAKCFMEO_05030,WP_011104117.1,32.0,206,223,278,1.4e-29,124.4,0.923767,0.741007
DAKCFMEO_05031,WP_005763636.1,83.8,513,507,513,4.7e-198,685.3,1.01183,1
DAKCFMEO_05032,WP_005763634.1,77.7,449,440,450,1.2e-200,693.7,1.02045,0.997778
DAKCFMEO_05033,WP_005763632.1,60.4,485,475,497,8.1e-160,558.1,1.02105,0.975855
DAKCFMEO_05034,WP_005763634.1,93.8,450,450,450,2.7e-245,842.0,1,1
DAKCFMEO_05035,WP_005763632.1,84.7,497,487,497,8.7e-234,803.9,1.02053,1
DAKCFMEO_05036,WP_005763630.1,92.8,194,194,194,3.6e-106,378.6,1,1
DAKCFMEO_05037,WP_161797805.1,86.2,340,348,344,3.2e-177,615.5,0.977011,0.988372
DAKCFMEO_05038,WP_011103137.1,81.8,285,285,285,8.4e-144,504.2,1,1
DAKCFMEO_05039,WP_005763620.1,81.3,219,220,220,1.8e-101,363.2,0.995455,0.995455
DAKCFMEO_05039,WP_011105336.1,35.1,211,220,204,3.3e-23,103.2,0.959091,1.03431
DAKCFMEO_05040,WP_005763618.1,81.5,475,475,475,1.1e-225,776.9,1,1
DAKCFMEO_05040,WP_011103085.1,31.3,335,475,480,3.2e-39,157.5,0.705263,0.697917
DAKCFMEO_05040,WP_005764523.1,31.9,389,475,493,1.0e-37,152.5,0.818947,0.789047
DAKCFMEO_05040,WP_011104140.1,31.4,338,475,476,1.0e-37,152.5,0.711579,0.710084
DAKCFMEO_05040,WP_011103256.1,30.9,359,475,506,1.8e-34,141.7,0.755789,0.709486
DAKCFMEO_05040,WP_011104290.1,31.0,345,475,482,9.0e-34,139.4,0.726316,0.715768
DAKCFMEO_05040,WP_011103748.1,30.1,349,475,505,5.9e-33,136.7,0.734737,0.691089
DAKCFMEO_05041,WP_005737440.1,98.1,159,159,159,7.6e-86,310.8,1,1
DAKCFMEO_05042,WP_005763614.1,98.8,83,84,83,6.3e-47,180.6,0.988095,1
DAKCFMEO_05043,WP_005763613.1,83.9,112,112,112,6.8e-49,187.6,1,1
DAKCFMEO_05044,WP_005763611.1,96.3,270,270,270,1.1e-150,526.9,1,1
DAKCFMEO_05045,WP_024667847.1,92.3,287,288,288,1.9e-151,529.6,0.996528,0.996528
DAKCFMEO_05047,WP_005763607.1,95.7,398,398,398,1.6e-225,776.2,1,1
DAKCFMEO_05050,WP_011105291.1,98.7,615,615,615,0.0e+00,1213.7,1,1
DAKCFMEO_05052,WP_005763647.1,93.5,352,352,352,8.1e-197,680.6,1,1
DAKCFMEO_05053,WP_007244533.1,91.1,169,170,170,9.3e-90,323.9,0.994118,0.994118
DAKCFMEO_05054,WP_005763651.1,86.9,459,459,459,3.0e-228,785.4,1,1
DAKCFMEO_05055,WP_011103141.1,88.5,461,462,462,2.3e-220,759.2,0.997835,0.997835
DAKCFMEO_05057,WP_003378855.1,97.9,422,422,422,2.1e-239,822.4,1,1
DAKCFMEO_05058,WP_044390490.1,76.0,246,244,264,2.0e-106,379.8,1.0082,0.931818
DAKCFMEO_05059,WP_003378857.1,98.6,73,73,75,8.4e-40,156.8,1,0.973333
DAKCFMEO_05060,WP_011105332.1,96.3,739,739,739,0.0e+00,1435.6,1,1
DAKCFMEO_05061,WP_011105333.1,96.2,578,578,578,0.0e+00,1092.4,1,1
DAKCFMEO_05062,WP_005621218.1,91.8,231,231,231,7.3e-106,377.9,1,1
DAKCFMEO_05063,WP_003378861.1,98.9,176,176,176,1.4e-93,336.7,1,1
DAKCFMEO_05064,WP_005765516.1,97.1,445,445,445,6.1e-242,830.9,1,1
DAKCFMEO_05065,WP_046463876.1,83.6,122,125,123,3.4e-57,215.3,0.976,0.99187
DAKCFMEO_05066,WP_011105335.1,53.4,539,559,563,3.4e-181,629.4,0.964222,0.957371
DAKCFMEO_05067,WP_005739559.1,96.1,285,285,285,1.6e-163,569.7,1,1
DAKCFMEO_05068,WP_011105335.1,86.0,563,561,563,4.7e-300,1024.2,1.00357,1
DAKCFMEO_05069,WP_011105336.1,94.1,203,204,204,1.0e-106,380.6,0.995098,0.995098
DAKCFMEO_05069,WP_005763620.1,30.7,202,204,220,3.5e-19,89.7,0.990196,0.918182
DAKCFMEO_05073,WP_005765531.1,78.7,141,157,148,9.0e-39,154.5,0.898089,0.952703
DAKCFMEO_05074,WP_003378882.1,88.0,92,92,92,9.6e-41,160.2,1,1
DAKCFMEO_05075,WP_003378884.1,97.3,256,256,256,1.5e-144,506.5,1,1
DAKCFMEO_05076,WP_011105338.1,86.5,207,207,207,7.8e-99,354.4,1,1
DAKCFMEO_05077,WP_007245582.1,93.5,539,539,539,1.4e-296,1012.7,1,1
DAKCFMEO_05078,WP_011105339.1,97.7,130,130,130,6.4e-75,274.2,1,1
DAKCFMEO_05079,WP_011105340.1,97.3,110,110,110,5.7e-56,211.1,1,1
DAKCFMEO_05080,WP_003378893.1,79.4,97,97,91,1.3e-32,133.3,1,1.06593
DAKCFMEO_05081,WP_005765539.1,79.9,154,151,153,2.4e-57,216.1,1.01987,1.00654
DAKCFMEO_05082,WP_005765541.1,95.9,266,266,266,5.2e-140,491.5,1,1
DAKCFMEO_05083,WP_011105341.1,91.1,235,235,235,1.2e-119,423.7,1,1
DAKCFMEO_05084,WP_011105342.1,87.5,638,638,638,1.8e-202,700.3,1,1
DAKCFMEO_05084,WP_046463739.1,52.8,635,638,640,3.8e-80,293.9,0.995298,0.992188
DAKCFMEO_05084,WP_011105343.1,44.9,552,638,647,1.2e-65,245.7,0.865204,0.853168
DAKCFMEO_05084,WP_007244964.1,46.2,587,638,640,2.3e-61,231.5,0.920063,0.917188
DAKCFMEO_05084,WP_046463299.1,50.5,546,638,641,8.7e-48,186.4,0.855799,0.851794
DAKCFMEO_05084,WP_011104387.1,42.0,584,638,642,7.8e-41,163.3,0.915361,0.909657
DAKCFMEO_05084,WP_044390209.1,40.0,587,638,642,4.6e-33,137.5,0.920063,0.91433
DAKCFMEO_05084,WP_011104615.1,42.0,410,638,542,4.5e-28,120.9,0.642633,0.756458
DAKCFMEO_05084,WP_011105048.1,39.6,389,638,541,3.5e-25,111.3,0.609718,0.719039
DAKCFMEO_05085,WP_011105343.1,62.6,546,647,647,1.3e-144,508.1,0.843895,0.843895
DAKCFMEO_05085,WP_011105342.1,44.0,516,647,638,3.9e-64,240.7,0.797527,0.808777
DAKCFMEO_05085,WP_046463739.1,41.6,517,647,640,5.5e-58,220.3,0.799073,0.807813
DAKCFMEO_05085,WP_007244964.1,37.8,495,647,640,7.4e-39,156.8,0.76507,0.773438
DAKCFMEO_05085,WP_005771505.1,30.2,404,647,541,2.5e-34,141.7,0.62442,0.746765
DAKCFMEO_05085,WP_044390209.1,36.5,518,647,642,1.5e-31,132.5,0.800618,0.806854
DAKCFMEO_05085,WP_011104387.1,37.4,503,647,642,7.0e-29,123.6,0.777434,0.783489
DAKCFMEO_05087,WP_007245578.1,94.4,859,860,859,0.0e+00,1644.8,0.998837,1
DAKCFMEO_05088,WP_011105344.1,94.5,641,638,641,0.0e+00,1076.2,1.0047,1
DAKCFMEO_05088,WP_005768286.1,34.3,498,638,539,5.0e-80,293.5,0.780564,0.923933
DAKCFMEO_05089,WP_005765550.1,89.0,145,145,145,5.0e-68,251.5,1,1
DAKCFMEO_05090,WP_005765551.1,90.1,323,323,323,8.8e-182,630.6,1,1
DAKCFMEO_05091,WP_005765552.1,96.2,816,816,816,0.0e+00,1583.5,1,1
DAKCFMEO_05092,WP_011105345.1,69.3,951,951,939,0.0e+00,1230.7,1,1.01278
DAKCFMEO_05093,WP_005765555.1,82.5,445,445,449,2.9e-215,742.3,1,0.991091
DAKCFMEO_05094,WP_003381390.1,97.6,336,336,336,3.0e-193,668.7,1,1
DAKCFMEO_05096,WP_002551616.1,96.4,84,84,84,1.8e-41,162.5,1,1
DAKCFMEO_05097,WP_011105347.1,88.5,192,192,192,3.5e-101,362.1,1,1
DAKCFMEO_05098,WP_005765484.1,97.2,354,355,354,7.6e-203,700.7,0.997183,1
DAKCFMEO_05100,WP_005621194.1,97.7,472,472,472,2.3e-279,955.3,1,1
DAKCFMEO_05101,WP_011105326.1,98.1,1481,1481,1481,0.0e+00,2817.0,1,1
DAKCFMEO_05102,WP_011105328.1,91.7,544,542,541,8.0e-228,784.3,1.00369,1.00555
DAKCFMEO_05103,WP_005765495.1,96.7,367,387,367,2.8e-206,712.2,0.94832,1
DAKCFMEO_05104,WP_007245596.1,95.1,163,163,172,3.9e-85,308.5,1,0.947674
DAKCFMEO_05105,WP_005765499.1,92.9,701,709,701,0.0e+00,1227.2,0.988717,1
DAKCFMEO_05106,WP_003378849.1,81.7,175,175,175,5.1e-83,301.6,1,1
DAKCFMEO_05107,WP_005765501.1,90.8,207,207,207,1.5e-105,376.7,1,1
DAKCFMEO_05108,WP_005765503.1,88.8,187,192,208,2.0e-88,319.7,0.973958,0.899038
DAKCFMEO_05109,WP_011105329.1,96.9,354,354,354,4.5e-187,648.3,1,1
DAKCFMEO_05110,WP_011105330.1,95.0,814,814,814,0.0e+00,1545.4,1,1
DAKCFMEO_05111,WP_003383161.1,94.0,151,151,151,8.8e-84,303.9,1,1
DAKCFMEO_05112,WP_005737390.1,92.1,604,606,606,0.0e+00,1123.6,0.9967,0.9967
DAKCFMEO_05113,WP_003380207.1,95.9,484,484,484,1.0e-271,929.9,1,1
DAKCFMEO_05114,WP_005763515.1,94.9,468,468,468,2.1e-269,922.2,1,1
DAKCFMEO_05115,WP_011103115.1,85.9,184,185,185,1.8e-83,303.1,0.994595,0.994595
DAKCFMEO_05116,WP_046463602.1,80.0,180,179,193,1.3e-78,287.0,1.00559,0.932642
DAKCFMEO_05116,WP_011103113.1,32.6,181,179,210,4.8e-20,92.4,1.01117,0.861905
DAKCFMEO_05117,WP_011103113.1,79.9,204,207,210,9.9e-94,337.4,0.985507,0.971429
DAKCFMEO_05117,WP_046463602.1,35.6,180,207,193,9.1e-23,101.7,0.869565,0.932642
DAKCFMEO_05118,WP_011103111.1,99.4,361,361,361,1.4e-199,689.9,1,1
DAKCFMEO_05119,WP_002555721.1,99.2,478,478,478,2.4e-276,945.3,1,1
DAKCFMEO_05119,WP_011103783.1,39.1,471,478,471,6.0e-86,312.8,0.985356,1
DAKCFMEO_05119,WP_011103301.1,37.4,465,478,446,2.1e-83,304.3,0.972803,1.0426
DAKCFMEO_05119,WP_011103371.1,42.6,387,478,478,9.9e-81,295.4,0.809623,0.809623
DAKCFMEO_05119,WP_007246617.1,36.9,469,478,442,4.9e-80,293.1,0.981172,1.06109
DAKCFMEO_05119,WP_011104948.1,44.5,364,478,444,1.1e-79,292.0,0.761506,0.81982
DAKCFMEO_05119,WP_007246574.1,36.5,477,478,461,1.3e-77,285.0,0.997908,1.03471
DAKCFMEO_05119,WP_003380235.1,39.4,378,478,448,1.8e-74,274.6,0.790795,0.84375
DAKCFMEO_05119,WP_003382141.1,35.6,492,478,491,4.3e-68,253.4,1.02929,1.00204
DAKCFMEO_05119,WP_007246973.1,38.7,333,478,368,4.8e-59,223.4,0.696653,0.904891
DAKCFMEO_05119,WP_011105485.1,37.2,355,478,505,8.2e-59,222.6,0.742678,0.70297
DAKCFMEO_05119,WP_007244904.1,37.3,389,478,502,1.3e-56,215.3,0.813808,0.7749
DAKCFMEO_05119,WP_011104077.1,38.5,325,478,509,1.1e-55,212.2,0.679916,0.638507
DAKCFMEO_05119,WP_005769514.1,35.2,358,478,439,1.8e-53,204.9,0.748954,0.81549
DAKCFMEO_05119,WP_005767731.1,31.8,449,478,521,1.1e-50,195.7,0.939331,0.861804
DAKCFMEO_05119,WP_011104402.1,34.5,342,478,434,2.2e-48,188.0,0.715481,0.788018
DAKCFMEO_05120,WP_011103110.1,97.7,345,345,345,1.1e-198,686.8,1,1
DAKCFMEO_05120,WP_011105506.1,32.4,324,345,335,1.2e-40,161.8,0.93913,0.967164
DAKCFMEO_05120,WP_011104195.1,31.8,330,345,331,1.4e-31,131.7,0.956522,0.996979
DAKCFMEO_05121,WP_011103109.1,92.0,311,311,311,1.4e-163,570.1,1,1
DAKCFMEO_05121,WP_005767090.1,44.0,307,311,321,1.4e-67,251.1,0.987138,0.956386
DAKCFMEO_05121,WP_011103995.1,36.8,299,311,324,8.2e-52,198.7,0.961415,0.92284
DAKCFMEO_05121,WP_044391155.1,34.2,292,311,338,5.0e-33,136.3,0.938907,0.863905
DAKCFMEO_05121,WP_011103705.1,30.6,284,311,329,1.5e-32,134.8,0.913183,0.863222
DAKCFMEO_05122,WP_011103108.1,93.1,437,441,441,8.5e-236,810.4,0.99093,0.99093
DAKCFMEO_05122,WP_011103996.1,49.4,439,441,448,6.3e-114,405.6,0.995465,0.979911
DAKCFMEO_05122,WP_011105352.1,36.5,436,441,452,1.1e-65,245.4,0.988662,0.964602
DAKCFMEO_05122,WP_011104315.1,37.4,436,441,466,1.3e-63,238.4,0.988662,0.935622
DAKCFMEO_05124,WP_011103107.1,84.5,348,348,348,4.6e-168,585.1,1,1
DAKCFMEO_05124,WP_005765154.1,32.5,338,348,338,5.2e-47,183.0,0.971264,1
DAKCFMEO_05126,WP_005768464.1,97.3,664,664,664,0.0e+00,1288.5,1,1
DAKCFMEO_05127,WP_010216200.1,94.3,317,317,317,4.0e-171,595.1,1,1
DAKCFMEO_05128,WP_005765567.1,91.5,330,332,332,5.0e-172,598.2,0.993976,0.993976
DAKCFMEO_05128,WP_003376162.1,37.7,337,332,338,6.7e-52,199.1,1.01506,0.997041
DAKCFMEO_05129,WP_005765569.1,85.4,268,265,268,1.1e-124,440.7,1.01132,1
DAKCFMEO_05129,WP_011105442.1,34.4,224,265,254,7.8e-35,142.1,0.845283,0.88189
DAKCFMEO_05129,WP_007244110.1,31.5,270,265,273,3.1e-31,130.2,1.01887,0.989011
DAKCFMEO_05129,WP_003381525.1,32.3,254,265,260,6.0e-27,115.9,0.958491,0.976923
DAKCFMEO_05130,WP_003381368.1,93.7,222,222,222,8.6e-112,397.5,1,1
DAKCFMEO_05130,WP_005768815.1,44.4,196,222,277,6.5e-35,142.1,0.882883,0.707581
DAKCFMEO_05130,WP_011104187.1,39.0,200,222,220,6.3e-30,125.6,0.900901,0.909091
DAKCFMEO_05130,WP_011105443.1,39.1,220,222,231,3.5e-28,119.8,0.990991,0.952381
DAKCFMEO_05130,WP_046464032.1,36.8,201,222,216,7.7e-28,118.6,0.905405,0.930556
DAKCFMEO_05130,WP_003380046.1,35.9,198,222,221,5.0e-27,115.9,0.891892,0.895928
DAKCFMEO_05130,WP_003383265.1,38.0,200,222,229,8.5e-27,115.2,0.900901,0.873362
DAKCFMEO_05130,WP_005766150.1,35.3,207,222,221,8.0e-25,108.6,0.932432,0.936652
DAKCFMEO_05130,WP_011104330.1,35.7,224,222,324,5.2e-24,105.9,1.00901,0.691358
DAKCFMEO_05130,WP_011104188.1,37.6,189,222,220,8.8e-24,105.1,0.851351,0.859091
DAKCFMEO_05130,WP_005740602.1,32.1,221,222,229,2.2e-22,100.5,0.995495,0.965066
DAKCFMEO_05130,WP_011103715.1,32.4,213,222,232,3.7e-22,99.8,0.959459,0.918103
DAKCFMEO_05130,WP_046463429.1,35.5,200,222,242,6.3e-22,99.0,0.900901,0.826446
DAKCFMEO_05130,WP_011104377.1,32.7,217,222,219,3.5e-20,93.2,0.977477,0.990868
DAKCFMEO_05130,WP_004396522.1,31.8,214,222,248,5.9e-20,92.4,0.963964,0.862903
DAKCFMEO_05130,WP_011104269.1,33.8,201,222,246,1.7e-19,90.9,0.905405,0.817073
DAKCFMEO_05130,WP_007246619.1,34.6,211,222,221,2.9e-19,90.1,0.95045,0.954751
DAKCFMEO_05130,WP_011104116.1,33.3,207,222,244,1.2e-15,78.2,0.932432,0.848361
DAKCFMEO_05130,WP_011104270.1,30.4,204,222,233,1.5e-15,77.8,0.918919,0.875536
DAKCFMEO_05131,WP_007245567.1,90.7,247,247,247,6.0e-122,431.4,1,1
DAKCFMEO_05131,WP_011103716.1,52.2,245,247,254,2.9e-68,253.1,0.991903,0.964567
DAKCFMEO_05131,WP_005737152.1,52.8,248,247,257,5.5e-67,248.8,1.00405,0.964981
DAKCFMEO_05131,WP_011104329.1,53.2,250,247,261,2.6e-64,240.0,1.01215,0.957854
DAKCFMEO_05131,WP_011104117.1,53.7,242,247,278,7.4e-64,238.4,0.979757,0.870504
DAKCFMEO_05131,WP_005768429.1,54.7,245,247,244,1.3e-63,237.7,0.991903,1.0041
DAKCFMEO_05131,WP_011104376.1,50.8,244,247,253,9.1e-62,231.5,0.987854,0.964427
DAKCFMEO_05131,WP_007246637.1,50.6,251,247,254,1.2e-61,231.1,1.01619,0.988189
DAKCFMEO_05131,WP_005762478.1,50.6,251,247,263,1.5e-61,230.7,1.01619,0.954373
DAKCFMEO_05131,WP_007243868.1,49.0,247,247,245,1.2e-58,221.1,1,1.00816
DAKCFMEO_05131,WP_011103489.1,50.8,244,247,254,3.6e-58,219.5,0.987854,0.96063
DAKCFMEO_05131,WP_011104895.1,49.6,244,247,244,8.2e-55,208.4,0.987854,1
DAKCFMEO_05131,WP_010203924.1,44.2,224,247,335,1.7e-44,174.1,0.906883,0.668657
DAKCFMEO_05131,WP_005765582.1,40.7,241,247,376,4.2e-43,169.5,0.975709,0.640957
DAKCFMEO_05131,WP_003380252.1,40.4,245,247,326,1.3e-39,157.9,0.991903,0.751534
DAKCFMEO_05131,WP_011104358.1,39.7,224,247,345,7.7e-37,148.7,0.906883,0.649275
DAKCFMEO_05131,WP_007247035.1,36.6,227,247,276,4.7e-34,139.4,0.919028,0.822464
DAKCFMEO_05131,WP_005770464.1,36.5,233,247,329,1.5e-32,134.4,0.94332,0.708207
DAKCFMEO_05131,WP_005768050.1,36.8,228,247,374,2.0e-32,134.0,0.923077,0.609626
DAKCFMEO_05131,WP_003383085.1,40.4,208,247,232,1.4e-30,127.9,0.842105,0.896552
DAKCFMEO_05131,WP_011103331.1,34.4,244,247,381,1.8e-30,127.5,0.987854,0.64042
DAKCFMEO_05132,WP_005765571.1,75.9,232,242,239,5.0e-105,375.2,0.958678,0.970711
DAKCFMEO_05133,WP_046463882.1,88.4,395,421,395,1.1e-200,693.7,0.938242,1
DAKCFMEO_05133,WP_011104006.1,56.9,392,421,403,2.5e-120,426.8,0.931116,0.972705
DAKCFMEO_05133,WP_011105351.1,50.0,386,421,401,3.3e-104,373.2,0.916865,0.962594
DAKCFMEO_05133,WP_005764602.1,47.3,391,421,404,1.2e-98,354.8,0.928741,0.967822
DAKCFMEO_05133,WP_011104007.1,44.1,383,421,395,8.7e-81,295.4,0.909739,0.96962
DAKCFMEO_05133,WP_011104322.1,34.7,366,421,412,2.6e-53,204.1,0.869359,0.88835
DAKCFMEO_05134,WP_011105351.1,91.3,401,401,401,2.3e-208,719.2,1,1
DAKCFMEO_05134,WP_011104007.1,54.7,382,401,395,1.0e-110,394.8,0.952618,0.967089
DAKCFMEO_05134,WP_046463882.1,50.0,386,401,395,3.5e-103,369.8,0.962594,0.977215
DAKCFMEO_05134,WP_005764602.1,49.0,386,401,404,3.6e-100,359.8,0.962594,0.955446
DAKCFMEO_05134,WP_011104006.1,46.5,381,401,403,3.0e-86,313.5,0.950125,0.945409
DAKCFMEO_05134,WP_011104322.1,33.0,382,401,412,3.1e-51,197.2,0.952618,0.927184
DAKCFMEO_05135,WP_011105352.1,95.1,450,453,452,1.5e-256,879.4,0.993377,0.995575
DAKCFMEO_05135,WP_011104315.1,53.7,451,453,466,1.9e-145,510.4,0.995585,0.967811
DAKCFMEO_05135,WP_011103108.1,35.3,436,453,441,1.3e-66,248.4,0.962472,0.988662
DAKCFMEO_05135,WP_011103996.1,32.3,440,453,448,1.8e-60,228.0,0.971302,0.982143
DAKCFMEO_05137,WP_011105353.1,96.6,262,262,262,2.2e-143,502.7,1,1
DAKCFMEO_05137,WP_011105375.1,38.4,224,262,260,7.2e-33,135.6,0.854962,0.861538
DAKCFMEO_05137,WP_005768450.1,35.3,255,262,257,2.1e-32,134.0,0.973282,0.992218
DAKCFMEO_05138,WP_005765582.1,89.0,374,376,376,1.5e-188,653.3,0.994681,0.994681
DAKCFMEO_05138,WP_010203924.1,46.9,322,376,335,1.6e-73,271.2,0.856383,0.961194
DAKCFMEO_05138,WP_011104329.1,46.3,231,376,261,5.6e-47,183.0,0.614362,0.885057
DAKCFMEO_05138,WP_007245567.1,41.5,241,376,247,1.6e-46,181.4,0.640957,0.975709
DAKCFMEO_05138,WP_007243868.1,39.2,245,376,245,5.3e-45,176.4,0.651596,1
DAKCFMEO_05138,WP_011103716.1,39.9,233,376,254,4.9e-43,169.9,0.619681,0.917323
DAKCFMEO_05138,WP_005737152.1,42.0,238,376,257,8.4e-43,169.1,0.632979,0.92607
DAKCFMEO_05138,WP_011104117.1,41.2,228,376,278,1.4e-42,168.3,0.606383,0.820144
DAKCFMEO_05138,WP_011104358.1,39.4,226,376,345,9.3e-42,165.6,0.601064,0.655072
DAKCFMEO_05138,WP_011103489.1,37.8,230,376,254,1.6e-41,164.9,0.611702,0.905512
DAKCFMEO_05138,WP_007246637.1,40.3,231,376,254,6.0e-41,162.9,0.614362,0.909449
DAKCFMEO_05138,WP_005762478.1,39.5,228,376,263,3.0e-40,160.6,0.606383,0.86692
DAKCFMEO_05138,WP_011104895.1,38.3,227,376,244,8.7e-40,159.1,0.603723,0.930328
DAKCFMEO_05138,WP_005762887.1,40.4,228,376,337,7.4e-39,156.0,0.606383,0.676558
DAKCFMEO_05138,WP_011105043.1,36.6,276,376,326,2.8e-38,154.1,0.734043,0.846626
DAKCFMEO_05138,WP_005762690.1,36.8,231,376,384,3.1e-37,150.6,0.614362,0.601562
DAKCFMEO_05138,WP_005763692.1,36.6,238,376,392,3.4e-36,147.1,0.632979,0.607143
DAKCFMEO_05138,WP_005770464.1,37.4,227,376,329,5.0e-35,143.3,0.603723,0.68997
DAKCFMEO_05138,WP_005768959.1,37.2,226,376,368,1.1e-34,142.1,0.601064,0.61413
DAKCFMEO_05139,WP_005765584.1,93.5,214,214,214,3.6e-107,382.1,1,1
DAKCFMEO_05139,WP_011105395.1,46.8,205,214,224,3.8e-48,186.0,0.957944,0.915179
DAKCFMEO_05140,WP_011105355.1,88.9,207,208,207,1.2e-110,393.7,0.995192,1
DAKCFMEO_05141,WP_011105356.1,94.0,1034,1034,1033,0.0e+00,1878.2,1,1.00097
DAKCFMEO_05141,WP_011104487.1,70.0,1013,1034,1011,0.0e+00,1389.4,0.979691,1.00198
DAKCFMEO_05141,WP_011103298.1,40.0,1027,1034,1036,6.6e-207,715.7,0.99323,0.991313
DAKCFMEO_05142,WP_011105357.1,85.1,356,356,356,1.2e-168,587.0,1,1
DAKCFMEO_05142,WP_011104486.1,43.3,351,356,366,2.5e-76,280.4,0.985955,0.959016
DAKCFMEO_05142,WP_005765592.1,34.6,361,356,372,2.0e-41,164.5,1.01404,0.97043
DAKCFMEO_05142,WP_011103299.1,31.3,355,356,371,1.8e-31,131.3,0.997191,0.956873
DAKCFMEO_05143,WP_005765592.1,83.6,372,372,372,6.4e-168,584.7,1,1
DAKCFMEO_05143,WP_011104485.1,46.8,359,372,395,3.0e-77,283.5,0.965054,0.908861
DAKCFMEO_05143,WP_011105357.1,35.2,352,372,356,4.9e-43,169.9,0.946237,0.988764
DAKCFMEO_05143,WP_011104486.1,31.4,338,372,366,1.3e-32,135.2,0.908602,0.923497
DAKCFMEO_05143,WP_011103299.1,33.1,356,372,371,2.3e-32,134.4,0.956989,0.959569
DAKCFMEO_05145,WP_005767187.1,46.4,69,70,104,1.9e-12,65.9,0.985714,0.663462
DAKCFMEO_05146,WP_011105359.1,94.1,339,339,339,1.1e-182,633.6,1,1
DAKCFMEO_05146,WP_011104032.1,57.7,338,339,345,9.4e-110,391.3,0.99705,0.97971
DAKCFMEO_05147,WP_005737007.1,97.9,288,288,288,6.0e-158,551.2,1,1
DAKCFMEO_05147,WP_005767089.1,31.4,242,288,265,7.4e-23,102.4,0.840278,0.913208
DAKCFMEO_05148,WP_011105360.1,94.4,288,288,286,3.8e-152,531.9,1,1.00699
DAKCFMEO_05148,WP_005767098.1,44.0,216,288,261,1.9e-42,167.5,0.75,0.827586
DAKCFMEO_05148,WP_011105420.1,42.6,209,288,270,6.9e-37,149.1,0.725694,0.774074
DAKCFMEO_05148,WP_010203323.1,43.4,198,288,237,1.7e-35,144.4,0.6875,0.835443
DAKCFMEO_05148,WP_011104057.1,42.0,212,288,342,2.5e-34,140.6,0.736111,0.619883
DAKCFMEO_05148,WP_003380252.1,39.7,214,288,326,5.5e-34,139.4,0.743056,0.656442
DAKCFMEO_05148,WP_005767689.1,35.9,259,288,270,1.6e-33,137.9,0.899306,0.959259
DAKCFMEO_05148,WP_007247035.1,40.0,200,288,276,3.6e-33,136.7,0.694444,0.724638
DAKCFMEO_05148,WP_007246818.1,40.8,218,288,260,7.9e-33,135.6,0.756944,0.838462
DAKCFMEO_05148,WP_005768050.1,36.8,228,288,374,5.1e-32,132.9,0.791667,0.609626
DAKCFMEO_05148,WP_010203924.1,36.3,204,288,335,2.6e-28,120.6,0.708333,0.608955
DAKCFMEO_05148,WP_044390643.1,36.9,214,288,356,2.6e-28,120.6,0.743056,0.601124
DAKCFMEO_05148,WP_003383085.1,38.5,218,288,232,2.2e-27,117.5,0.756944,0.939655
DAKCFMEO_05148,WP_011104376.1,38.7,191,288,253,5.0e-27,116.3,0.663194,0.754941
DAKCFMEO_05148,WP_003368676.1,31.1,254,288,385,1.6e-25,111.3,0.881944,0.65974
DAKCFMEO_05149,WP_011105361.1,93.3,298,298,298,1.2e-164,573.5,1,1
DAKCFMEO_05150,WP_046463880.1,81.2,1028,1032,1032,0.0e+00,1546.2,0.996124,0.996124
DAKCFMEO_05150,WP_046463927.1,35.5,758,1032,1037,2.0e-70,262.3,0.734496,0.730955
DAKCFMEO_05150,WP_011103648.1,35.1,706,1032,1001,2.5e-68,255.4,0.684109,0.705295
DAKCFMEO_05151,WP_011105375.1,93.8,260,260,260,2.4e-137,482.6,1,1
DAKCFMEO_05151,WP_005768450.1,65.8,260,260,257,8.3e-90,324.7,1,1.01167
DAKCFMEO_05151,WP_011105353.1,39.5,233,260,262,7.6e-35,142.1,0.896154,0.889313
DAKCFMEO_05152,WP_005765610.1,87.7,316,316,316,1.1e-157,550.4,1,1
DAKCFMEO_05152,WP_007246973.1,49.2,307,316,368,1.5e-72,267.7,0.971519,0.834239
DAKCFMEO_05152,WP_011103301.1,40.7,270,316,446,3.1e-46,180.3,0.85443,0.605381
DAKCFMEO_05152,WP_007246574.1,38.0,297,316,461,5.8e-45,176.0,0.939873,0.644252
DAKCFMEO_05152,WP_005763906.1,40.2,244,316,302,1.3e-41,164.9,0.772152,0.807947
DAKCFMEO_05152,WP_011104948.1,37.2,282,316,444,8.7e-41,162.2,0.892405,0.635135
DAKCFMEO_05152,WP_011103533.1,39.6,212,316,314,4.0e-38,153.3,0.670886,0.675159
DAKCFMEO_05153,WP_011105376.1,94.3,193,193,193,4.5e-109,388.3,1,1
DAKCFMEO_05154,WP_024656430.1,92.7,427,436,427,1.5e-229,789.6,0.979358,1
DAKCFMEO_05154,WP_011103961.1,31.4,407,436,439,4.0e-44,173.7,0.933486,0.927107
DAKCFMEO_05155,WP_007247332.1,77.6,330,330,330,3.4e-149,522.3,1,1
DAKCFMEO_05156,WP_011103093.1,67.5,234,234,234,1.7e-89,323.6,1,1
DAKCFMEO_05157,WP_011103092.1,86.1,173,174,174,6.6e-83,301.2,0.994253,0.994253
DAKCFMEO_05158,WP_003380252.1,97.9,326,326,326,2.5e-184,639.0,1,1
DAKCFMEO_05158,WP_011103331.1,46.6,238,326,381,7.0e-62,232.3,0.730061,0.624672
DAKCFMEO_05158,WP_005768050.1,47.3,243,326,374,1.6e-61,231.1,0.745399,0.649733
DAKCFMEO_05158,WP_005770464.1,42.4,304,326,329,1.7e-60,227.6,0.932515,0.924012
DAKCFMEO_05158,WP_005737104.1,47.1,261,326,380,3.9e-60,226.5,0.800613,0.686842
DAKCFMEO_05158,WP_011104057.1,46.9,239,326,342,1.1e-59,224.9,0.733129,0.69883
DAKCFMEO_05158,WP_005762690.1,45.6,248,326,384,2.1e-58,220.7,0.760736,0.645833
DAKCFMEO_05158,WP_011103158.1,48.9,229,326,347,4.7e-58,219.5,0.702454,0.659942
DAKCFMEO_05158,WP_005764049.1,45.6,239,326,386,6.2e-58,219.2,0.733129,0.619171
DAKCFMEO_05158,WP_005768959.1,41.5,236,326,368,8.6e-52,198.7,0.723926,0.641304
DAKCFMEO_05158,WP_044390643.1,42.5,240,326,356,2.3e-49,190.7,0.736196,0.674157
DAKCFMEO_05158,WP_003368676.1,36.9,249,326,385,1.9e-43,171.0,0.763804,0.646753
DAKCFMEO_05158,WP_011104358.1,39.7,252,326,345,5.6e-43,169.5,0.773006,0.730435
DAKCFMEO_05158,WP_010203924.1,37.6,255,326,335,1.2e-42,168.3,0.782209,0.761194
DAKCFMEO_05158,WP_011104376.1,42.4,238,326,253,1.8e-41,164.5,0.730061,0.940711
DAKCFMEO_05158,WP_007246818.1,41.6,219,326,260,2.4e-41,164.1,0.671779,0.842308
DAKCFMEO_05158,WP_007247035.1,37.2,226,326,276,3.1e-41,163.7,0.693252,0.818841
DAKCFMEO_05158,WP_011104697.1,38.0,242,326,371,4.0e-41,163.3,0.742331,0.652291
DAKCFMEO_05158,WP_007245567.1,40.2,246,326,247,4.4e-40,159.8,0.754601,0.995951
DAKCFMEO_05158,WP_007243868.1,40.9,237,326,245,1.7e-39,157.9,0.726994,0.967347
DAKCFMEO_05158,WP_005763692.1,35.9,248,326,392,3.8e-39,156.8,0.760736,0.632653
DAKCFMEO_05158,WP_011104329.1,38.8,250,326,261,1.9e-38,154.5,0.766871,0.957854
DAKCFMEO_05158,WP_005737152.1,37.2,242,326,257,5.4e-38,152.9,0.742331,0.941634
DAKCFMEO_05158,WP_011103489.1,36.4,242,326,254,5.4e-38,152.9,0.742331,0.952756
DAKCFMEO_05158,WP_005768429.1,36.1,244,326,244,1.2e-37,151.8,0.748466,1
DAKCFMEO_05159,WP_003380253.1,96.9,290,290,290,5.3e-154,538.1,1,1
DAKCFMEO_05159,WP_005763424.1,30.1,256,290,273,9.7e-31,128.6,0.882759,0.937729
DAKCFMEO_05160,WP_005763424.1,96.3,273,273,273,4.7e-144,505.0,1,1
DAKCFMEO_05160,WP_005739341.1,35.1,208,273,226,3.2e-23,103.6,0.761905,0.920354
DAKCFMEO_05161,WP_011103091.1,94.7,338,336,338,1.2e-186,646.7,1.00595,1
DAKCFMEO_05161,WP_011104637.1,55.8,328,336,332,5.0e-103,369.0,0.97619,0.987952
DAKCFMEO_05162,WP_002551397.1,95.0,60,60,60,4.8e-25,107.5,1,1
DAKCFMEO_05163,WP_011103090.1,79.2,638,643,643,2.8e-296,1011.9,0.992224,0.992224
DAKCFMEO_05163,WP_046463958.1,44.9,563,643,825,1.4e-141,498.0,0.875583,0.682424
DAKCFMEO_05163,WP_007244549.1,38.2,545,643,897,1.6e-105,378.3,0.847589,0.607581
DAKCFMEO_05163,WP_011104176.1,44.3,429,643,703,6.8e-101,362.8,0.667185,0.610242
DAKCFMEO_05163,WP_011104985.1,43.6,427,643,683,3.0e-96,347.4,0.664075,0.625183
DAKCFMEO_05163,WP_005764073.1,38.5,524,643,705,1.1e-95,345.5,0.81493,0.743262
DAKCFMEO_05163,WP_011103884.1,37.0,549,643,730,7.3e-95,342.8,0.85381,0.752055
DAKCFMEO_05163,WP_044391024.1,34.7,582,643,730,3.1e-93,337.4,0.905132,0.79726
DAKCFMEO_05163,WP_005762944.1,32.7,553,643,712,4.7e-78,287.0,0.860031,0.776685
DAKCFMEO_05163,WP_007247222.1,38.5,429,643,554,1.5e-76,282.0,0.667185,0.774368
DAKCFMEO_05163,WP_011107020.1,33.5,454,643,649,9.6e-71,262.7,0.706065,0.699538
DAKCFMEO_05163,WP_011104266.1,33.9,454,643,656,2.1e-70,261.5,0.706065,0.692073
DAKCFMEO_05163,WP_011105049.1,32.5,421,643,607,6.0e-57,216.9,0.654743,0.693575
DAKCFMEO_05164,WP_044393593.1,95.2,394,394,394,1.2e-225,776.5,1,1
DAKCFMEO_05165,WP_005763415.1,91.6,332,328,332,1.7e-169,589.7,1.0122,1
DAKCFMEO_05165,WP_011103519.1,30.2,265,328,425,3.3e-27,117.1,0.807927,0.623529
DAKCFMEO_05165,WP_005766730.1,34.9,209,328,308,1.8e-25,111.3,0.637195,0.678571
DAKCFMEO_05165,WP_005765914.1,35.9,209,328,334,5.9e-24,106.3,0.637195,0.625749
DAKCFMEO_05166,WP_011105406.1,96.9,323,323,323,5.5e-192,664.5,1,1
DAKCFMEO_05167,WP_003382072.1,97.8,270,270,270,3.3e-158,552.0,1,1
DAKCFMEO_05169,WP_003382074.1,98.7,759,759,759,0.0e+00,1461.0,1,1
DAKCFMEO_05170,WP_002555745.1,100.0,159,159,159,1.8e-95,342.8,1,1
DAKCFMEO_05171,WP_011105407.1,91.2,217,218,218,3.9e-117,415.2,0.995413,0.995413
DAKCFMEO_05171,WP_003382736.1,44.2,215,218,217,3.0e-48,186.4,0.986239,0.990783
DAKCFMEO_05172,WP_011105408.1,81.7,142,142,142,1.4e-59,223.4,1,1
DAKCFMEO_05173,WP_010208255.1,96.0,504,504,504,2.5e-284,971.8,1,1
DAKCFMEO_05173,WP_032645112.1,95.2,504,504,504,2.3e-282,965.3,1,1
DAKCFMEO_05174,WP_007247432.1,97.8,223,223,223,3.9e-120,425.2,1,1
DAKCFMEO_05175,WP_005767052.1,80.8,302,302,301,4.7e-137,481.9,1,1.00332
DAKCFMEO_05175,WP_011105411.1,39.5,253,302,310,2.2e-46,180.6,0.837748,0.816129
DAKCFMEO_05175,WP_011105587.1,35.0,306,302,326,6.1e-44,172.6,1.01325,0.93865
DAKCFMEO_05176,WP_011105411.1,85.4,309,310,310,1.0e-155,543.9,0.996774,0.996774
DAKCFMEO_05176,WP_005767052.1,39.0,272,310,301,2.0e-45,177.6,0.877419,0.903654
DAKCFMEO_05176,WP_011105587.1,31.3,313,310,326,2.2e-36,147.5,1.00968,0.960123
DAKCFMEO_05177,WP_003382082.1,95.5,221,221,221,6.3e-123,434.5,1,1
DAKCFMEO_05178,WP_011105412.1,94.8,464,472,464,2.1e-264,905.6,0.983051,1
DAKCFMEO_05179,WP_003382085.1,95.8,409,409,409,1.8e-224,772.7,1,1
DAKCFMEO_05179,WP_011103472.1,32.7,263,409,324,2.3e-30,127.9,0.643032,0.811728
DAKCFMEO_05179,WP_011104003.1,30.2,291,409,313,7.3e-24,106.3,0.711491,0.929712
DAKCFMEO_05180,WP_002555947.1,100.0,162,162,162,8.3e-88,317.4,1,1
DAKCFMEO_05180,WP_004655323.1,41.1,141,162,162,9.9e-25,107.8,0.87037,0.87037
DAKCFMEO_05180,WP_003376607.1,38.1,155,162,159,1.7e-24,107.1,0.95679,0.974843
DAKCFMEO_05180,WP_011103096.1,34.9,152,162,159,1.1e-20,94.4,0.938272,0.955975
DAKCFMEO_05180,WP_003380560.1,38.1,126,162,155,4.0e-18,85.9,0.777778,0.812903
DAKCFMEO_05180,WP_005613713.1,31.1,151,162,156,3.8e-16,79.3,0.932099,0.967949
DAKCFMEO_05180,WP_046463288.1,32.0,150,162,168,3.8e-16,79.3,0.925926,0.892857
DAKCFMEO_05180,WP_007243724.1,32.2,143,162,143,9.3e-15,74.7,0.882716,1
DAKCFMEO_05181,WP_011103056.1,83.9,218,218,218,1.5e-108,386.7,1,1
DAKCFMEO_05182,WP_011103055.1,94.0,434,434,434,6.6e-241,827.4,1,1
DAKCFMEO_05182,WP_011103086.1,46.0,420,434,426,2.9e-111,396.7,0.967742,0.985915
DAKCFMEO_05182,WP_005767839.1,42.3,414,434,415,2.7e-93,337.0,0.953917,0.99759
DAKCFMEO_05182,WP_005770701.1,37.1,445,434,470,1.3e-63,238.4,1.02535,0.946809
DAKCFMEO_05182,WP_011104111.1,34.3,411,434,400,6.3e-58,219.5,0.947005,1.0275
DAKCFMEO_05182,WP_011103718.1,32.8,405,434,405,1.2e-53,205.3,0.93318,1
DAKCFMEO_05182,WP_011105418.1,31.5,426,434,455,1.5e-46,181.8,0.981567,0.936264
DAKCFMEO_05182,WP_011105299.1,31.0,416,434,468,2.3e-44,174.5,0.958525,0.888889
DAKCFMEO_05182,WP_003383172.1,30.3,366,434,448,1.3e-39,158.7,0.843318,0.816964
DAKCFMEO_05182,WP_007243834.1,30.4,418,434,427,2.4e-33,137.9,0.963134,0.978923
DAKCFMEO_05183,WP_010207549.1,86.7,309,309,309,1.9e-162,566.2,1,1
DAKCFMEO_05183,WP_011104783.1,30.3,317,309,310,9.4e-32,132.1,1.02589,1.02258
DAKCFMEO_05183,WP_007246890.1,30.7,192,309,319,2.5e-24,107.5,0.621359,0.601881
DAKCFMEO_05184,WP_010205950.1,89.5,210,214,210,2.0e-102,366.3,0.981308,1
DAKCFMEO_05186,WP_002555770.1,100.0,71,71,71,5.3e-31,127.5,1,1
DAKCFMEO_05187,WP_011105420.1,91.1,269,270,270,2.0e-139,489.6,0.996296,0.996296
DAKCFMEO_05187,WP_005767689.1,49.8,249,270,270,2.3e-58,220.3,0.922222,0.922222
DAKCFMEO_05187,WP_010203323.1,41.4,227,270,237,6.7e-42,165.6,0.840741,0.957806
DAKCFMEO_05187,WP_005770464.1,41.6,209,270,329,2.0e-38,154.1,0.774074,0.635258
DAKCFMEO_05187,WP_007246818.1,36.5,244,270,260,2.6e-38,153.7,0.903704,0.938462
DAKCFMEO_05187,WP_011104057.1,38.8,209,270,342,1.4e-36,147.9,0.774074,0.611111
DAKCFMEO_05187,WP_005762690.1,37.6,234,270,384,1.6e-35,144.4,0.866667,0.609375
DAKCFMEO_05187,WP_011105360.1,40.0,220,270,286,2.1e-35,144.1,0.814815,0.769231
DAKCFMEO_05187,WP_003380252.1,38.0,213,270,326,4.6e-35,142.9,0.788889,0.653374
DAKCFMEO_05187,WP_011103158.1,39.9,213,270,347,6.1e-35,142.5,0.788889,0.613833
DAKCFMEO_05187,WP_005767098.1,42.0,212,270,261,6.7e-34,139.0,0.785185,0.812261
DAKCFMEO_05187,WP_011104376.1,39.9,213,270,253,2.0e-33,137.5,0.788889,0.841897
DAKCFMEO_05187,WP_005768429.1,38.3,214,270,244,5.3e-31,129.4,0.792593,0.877049
DAKCFMEO_05187,WP_011104358.1,35.3,224,270,345,9.1e-31,128.6,0.82963,0.649275
DAKCFMEO_05187,WP_010203924.1,34.7,225,270,335,3.4e-30,126.7,0.833333,0.671642
DAKCFMEO_05187,WP_007245567.1,36.8,220,270,247,1.7e-29,124.4,0.814815,0.890688
DAKCFMEO_05188,WP_005767089.1,97.4,265,265,265,7.0e-145,507.7,1,1
DAKCFMEO_05188,WP_005767688.1,45.2,239,265,285,2.7e-56,213.4,0.901887,0.838596
DAKCFMEO_05188,WP_011104191.1,38.3,253,265,282,6.8e-47,182.2,0.954717,0.897163
DAKCFMEO_05188,WP_011105423.1,37.2,239,265,285,2.4e-44,173.7,0.901887,0.838596
DAKCFMEO_05189,WP_005767090.1,94.7,321,321,321,7.4e-173,600.9,1,1
DAKCFMEO_05189,WP_011103109.1,45.6,307,321,311,2.0e-69,257.3,0.956386,0.987138
DAKCFMEO_05189,WP_011103995.1,45.1,308,321,324,1.0e-68,255.0,0.959502,0.950617
DAKCFMEO_05189,WP_011103705.1,33.9,301,321,329,2.1e-42,167.5,0.937695,0.914894
DAKCFMEO_05189,WP_011104192.1,31.7,309,321,336,1.0e-33,138.7,0.962617,0.919643
DAKCFMEO_05189,WP_044391155.1,31.5,295,321,338,2.3e-33,137.5,0.919003,0.872781
DAKCFMEO_05192,WP_004397208.1,95.3,212,212,212,6.3e-120,424.5,1,1
DAKCFMEO_05192,WP_003380444.1,32.5,157,212,187,1.6e-14,74.3,0.740566,0.839572
DAKCFMEO_05193,WP_011105421.1,83.4,453,453,448,1.3e-218,753.4,1,1.01116
DAKCFMEO_05193,WP_011104277.1,40.7,450,453,443,1.6e-80,294.7,0.993377,1.0158
DAKCFMEO_05193,WP_011103959.1,33.3,451,453,418,8.9e-55,209.1,0.995585,1.07895
DAKCFMEO_05193,WP_007244158.1,31.7,441,453,422,1.2e-48,188.7,0.97351,1.04502
DAKCFMEO_05193,WP_046463479.1,30.6,458,453,449,1.0e-47,185.7,1.01104,1.02004
DAKCFMEO_05193,WP_011105463.1,30.2,440,453,424,1.7e-45,178.3,0.971302,1.03774
DAKCFMEO_05194,WP_011105422.1,92.0,325,325,325,1.6e-170,593.2,1,1
DAKCFMEO_05195,WP_005767098.1,87.0,261,261,261,3.8e-127,448.7,1,1
DAKCFMEO_05195,WP_011105360.1,43.5,216,261,286,5.0e-42,166.0,0.827586,0.755245
DAKCFMEO_05195,WP_011104057.1,40.8,218,261,342,6.3e-37,149.1,0.835249,0.637427
DAKCFMEO_05195,WP_007246818.1,44.9,198,261,260,1.8e-36,147.5,0.758621,0.761538
DAKCFMEO_05195,WP_007247035.1,41.5,195,261,276,1.5e-35,144.4,0.747126,0.706522
DAKCFMEO_05195,WP_005770464.1,39.0,218,261,329,2.0e-35,144.1,0.835249,0.662614
DAKCFMEO_05195,WP_005767689.1,38.1,215,261,270,5.9e-35,142.5,0.823755,0.796296
DAKCFMEO_05195,WP_011105420.1,41.2,211,261,270,1.4e-33,137.9,0.808429,0.781481
DAKCFMEO_05195,WP_003380252.1,37.9,240,261,326,2.5e-33,137.1,0.91954,0.736196
DAKCFMEO_05195,WP_010203323.1,38.6,202,261,237,2.7e-32,133.7,0.773946,0.852321
DAKCFMEO_05195,WP_011103923.1,38.5,182,261,227,2.9e-26,113.6,0.697318,0.801762
DAKCFMEO_05196,WP_011105423.1,91.6,261,276,285,9.6e-129,454.1,0.945652,0.915789
DAKCFMEO_05196,WP_005767089.1,38.9,239,276,265,1.6e-43,171.0,0.865942,0.901887
DAKCFMEO_05196,WP_011104191.1,33.9,242,276,282,9.9e-33,135.2,0.876812,0.858156
DAKCFMEO_05196,WP_005767688.1,32.3,254,276,285,4.9e-32,132.9,0.92029,0.891228
DAKCFMEO_05196,WP_005764735.1,39.2,199,276,271,6.4e-32,132.5,0.721014,0.734317
DAKCFMEO_05197,WP_011105424.1,89.1,137,137,146,9.2e-72,263.8,1,0.938356
DAKCFMEO_05198,WP_011105425.1,96.0,151,151,151,8.5e-87,313.9,1,1
DAKCFMEO_05199,WP_005621582.1,96.4,165,163,164,4.6e-86,311.6,1.01227,1.0061
DAKCFMEO_05200,WP_005621585.1,97.6,82,85,83,2.1e-42,165.6,0.964706,0.987952
DAKCFMEO_05201,WP_004397172.1,97.1,137,137,137,3.8e-70,258.5,1,1
DAKCFMEO_05202,WP_011105426.1,96.1,510,510,510,1.3e-285,976.1,1,1
DAKCFMEO_05203,WP_011105427.1,93.9,440,436,440,5.2e-153,535.4,1.00917,1
DAKCFMEO_05204,WP_005767110.1,96.2,445,443,445,2.6e-237,815.5,1.00451,1
DAKCFMEO_05205,WP_007246844.1,88.1,260,260,260,2.4e-129,456.1,1,1
DAKCFMEO_05206,WP_046463718.1,66.8,250,251,251,3.5e-101,362.5,0.996016,0.996016
DAKCFMEO_05207,WP_005767116.1,97.3,256,256,256,1.0e-140,493.8,1,1
DAKCFMEO_05207,WP_007246848.1,30.6,248,256,245,3.0e-23,103.6,0.96875,1.01224
DAKCFMEO_05208,WP_007246848.1,95.9,245,245,245,3.6e-135,475.3,1,1
DAKCFMEO_05208,WP_005767116.1,30.0,247,245,256,6.7e-25,109.0,1.00816,0.964844
DAKCFMEO_05209,WP_004397145.1,96.5,86,86,86,5.6e-43,167.5,1,1
DAKCFMEO_05210,WP_005767120.1,93.9,212,212,212,8.2e-120,424.1,1,1
DAKCFMEO_05211,WP_002551454.1,99.0,197,197,197,4.5e-112,398.3,1,1
DAKCFMEO_05212,WP_011105431.1,84.2,398,398,399,8.8e-200,690.6,1,0.997494
DAKCFMEO_05212,WP_011103882.1,51.1,393,398,398,2.5e-114,406.8,0.987437,0.987437
DAKCFMEO_05213,WP_011103512.1,37.6,327,337,336,9.2e-57,215.3,0.970326,0.973214
DAKCFMEO_05213,WP_011105383.1,32.3,347,337,325,3.2e-41,163.7,1.02967,1.06769
DAKCFMEO_05213,WP_005767792.1,32.4,358,337,333,7.3e-38,152.5,1.06231,1.07508
DAKCFMEO_05213,WP_011103021.1,31.3,262,337,325,3.8e-26,113.6,0.777448,0.806154
DAKCFMEO_05214,WP_011104172.1,39.0,292,305,305,3.3e-61,229.9,0.957377,0.957377
DAKCFMEO_05214,WP_011104938.1,35.3,295,305,307,4.6e-47,183.0,0.967213,0.960912
DAKCFMEO_05214,WP_007245106.1,33.0,294,305,301,3.3e-45,176.8,0.963934,0.976744
DAKCFMEO_05214,WP_005617775.1,31.7,306,305,301,4.9e-41,162.9,1.00328,1.01661
DAKCFMEO_05214,WP_011104037.1,32.2,289,305,302,6.4e-41,162.5,0.947541,0.956954
DAKCFMEO_05214,WP_003377838.1,32.3,288,305,298,2.7e-39,157.1,0.944262,0.966443
DAKCFMEO_05214,WP_005771227.1,30.4,296,305,294,1.7e-38,154.5,0.970492,1.0068
DAKCFMEO_05214,WP_011104418.1,33.7,294,305,303,1.4e-35,144.8,0.963934,0.970297
DAKCFMEO_05214,WP_011103634.1,30.1,289,305,302,2.4e-35,144.1,0.947541,0.956954
DAKCFMEO_05215,WP_011105432.1,97.1,553,553,553,0.0e+00,1080.9,1,1
DAKCFMEO_05217,WP_011105433.1,89.0,707,740,741,0.0e+00,1236.5,0.955405,0.954116
DAKCFMEO_05218,WP_005767127.1,94.1,355,355,355,3.8e-202,698.4,1,1
DAKCFMEO_05219,WP_002555777.1,95.6,90,90,90,3.0e-47,181.8,1,1
DAKCFMEO_05223,WP_011105437.1,91.4,93,93,92,5.9e-14,71.2,1,1.01087
DAKCFMEO_05224,WP_011105438.1,87.3,448,448,448,1.6e-221,763.1,1,1
DAKCFMEO_05224,WP_044393047.1,46.6,436,448,437,7.1e-105,375.6,0.973214,0.997712
DAKCFMEO_05224,WP_011104008.1,40.7,440,448,710,1.0e-87,318.5,0.982143,0.619718
DAKCFMEO_05224,WP_024667882.1,40.2,435,448,438,8.4e-82,298.9,0.970982,0.993151
DAKCFMEO_05224,WP_007243826.1,38.5,436,448,437,1.5e-78,288.1,0.973214,0.997712
DAKCFMEO_05224,WP_011104703.1,36.1,438,448,422,3.5e-64,240.4,0.977679,1.03791
DAKCFMEO_05225,WP_005737150.1,78.3,161,161,161,4.2e-68,251.9,1,1
DAKCFMEO_05226,WP_011105441.1,96.5,463,463,463,2.6e-243,835.5,1,1
DAKCFMEO_05226,WP_005767720.1,37.5,440,463,469,6.5e-69,256.1,0.950324,0.938166
DAKCFMEO_05226,WP_011105401.1,36.8,446,463,458,6.7e-66,246.1,0.963283,0.973799
DAKCFMEO_05227,WP_005737152.1,96.1,257,257,257,2.4e-137,482.6,1,1
DAKCFMEO_05227,WP_011103716.1,64.0,247,257,254,1.0e-87,317.8,0.961089,0.972441
DAKCFMEO_05227,WP_007246637.1,57.6,250,257,254,6.7e-76,278.5,0.972763,0.984252
DAKCFMEO_05227,WP_007245567.1,51.6,248,257,247,2.8e-66,246.5,0.964981,1.00405
DAKCFMEO_05227,WP_005762478.1,49.8,257,257,263,2.4e-65,243.4,1,0.977186
DAKCFMEO_05227,WP_007243868.1,50.8,252,257,245,5.9e-64,238.8,0.980545,1.02857
DAKCFMEO_05227,WP_011103489.1,50.2,247,257,254,1.7e-63,237.3,0.961089,0.972441
DAKCFMEO_05227,WP_005768429.1,50.4,250,257,244,1.9e-62,233.8,0.972763,1.02459
DAKCFMEO_05227,WP_011104117.1,50.4,250,257,278,7.2e-62,231.9,0.972763,0.899281
DAKCFMEO_05227,WP_011104329.1,52.6,247,257,261,7.2e-62,231.9,0.961089,0.94636
DAKCFMEO_05227,WP_011104376.1,50.4,246,257,253,1.0e-60,228.0,0.957198,0.972332
DAKCFMEO_05227,WP_011104895.1,45.6,250,257,244,5.4e-57,215.7,0.972763,1.02459
DAKCFMEO_05227,WP_010203924.1,39.1,258,257,335,4.4e-43,169.5,1.00389,0.770149
DAKCFMEO_05227,WP_005765582.1,40.4,235,257,376,1.1e-41,164.9,0.914397,0.625
DAKCFMEO_05227,WP_005768959.1,37.3,252,257,368,2.1e-37,150.6,0.980545,0.684783
DAKCFMEO_05227,WP_003380252.1,36.8,242,257,326,2.8e-37,150.2,0.941634,0.742331
DAKCFMEO_05227,WP_005762690.1,34.5,255,257,384,1.5e-35,144.4,0.992218,0.664062
DAKCFMEO_05227,WP_005768050.1,33.5,251,257,374,2.0e-35,144.1,0.976654,0.671123
DAKCFMEO_05227,WP_007246818.1,38.8,214,257,260,1.9e-33,137.5,0.832685,0.823077
DAKCFMEO_05227,WP_011104080.1,34.3,245,257,277,4.1e-33,136.3,0.953307,0.884477
DAKCFMEO_05227,WP_011104358.1,35.7,227,257,345,7.1e-33,135.6,0.883268,0.657971
DAKCFMEO_05227,WP_044390643.1,37.5,240,257,356,4.6e-32,132.9,0.933852,0.674157
DAKCFMEO_05227,WP_005737104.1,33.6,250,257,380,7.8e-32,132.1,0.972763,0.657895
DAKCFMEO_05227,WP_005763638.1,34.1,229,257,223,1.3e-31,131.3,0.891051,1.02691
DAKCFMEO_05228,WP_011105442.1,80.9,257,256,254,2.7e-117,416.0,1.00391,1.01181
DAKCFMEO_05228,WP_005767735.1,43.1,260,256,258,8.3e-50,191.8,1.01562,1.00775
DAKCFMEO_05228,WP_003381525.1,36.6,232,256,260,2.1e-37,150.6,0.90625,0.892308
DAKCFMEO_05228,WP_005765569.1,34.1,229,256,268,3.5e-32,133.3,0.894531,0.854478
DAKCFMEO_05229,WP_011105443.1,93.9,231,231,231,2.2e-118,419.5,1,1
DAKCFMEO_05229,WP_005740602.1,42.3,222,231,229,1.4e-48,187.6,0.961039,0.969432
DAKCFMEO_05229,WP_046463429.1,41.2,221,231,242,1.8e-40,160.6,0.95671,0.913223
DAKCFMEO_05229,WP_003381368.1,37.9,195,231,222,8.9e-27,115.2,0.844156,0.878378
DAKCFMEO_05229,WP_011104187.1,37.1,213,231,220,6.4e-25,109.0,0.922078,0.968182
DAKCFMEO_05229,WP_005768815.1,33.0,227,231,277,7.0e-24,105.5,0.982684,0.819495
DAKCFMEO_05229,WP_003383265.1,33.6,211,231,229,1.1e-21,98.2,0.91342,0.921397
DAKCFMEO_05229,WP_011104330.1,31.0,229,231,324,3.6e-20,93.2,0.991342,0.70679
DAKCFMEO_05229,WP_004396522.1,30.7,212,231,248,1.4e-19,91.3,0.917749,0.854839
DAKCFMEO_05229,WP_011104270.1,31.6,225,231,233,8.9e-19,88.6,0.974026,0.965665
DAKCFMEO_05229,WP_003380046.1,30.2,215,231,221,1.7e-17,84.3,0.930736,0.972851
DAKCFMEO_05229,WP_007246619.1,31.2,215,231,221,3.7e-17,83.2,0.930736,0.972851
DAKCFMEO_05229,WP_005762766.1,30.2,222,231,262,8.3e-17,82.0,0.961039,0.847328
DAKCFMEO_05229,WP_005766150.1,30.3,218,231,221,1.4e-16,81.3,0.943723,0.986425
DAKCFMEO_05229,WP_011104188.1,31.5,213,231,220,1.4e-16,81.3,0.922078,0.968182
DAKCFMEO_05229,WP_011104269.1,33.5,215,231,246,3.5e-15,76.6,0.930736,0.873984
DAKCFMEO_05229,WP_011104377.1,31.2,192,231,219,2.3e-14,73.9,0.831169,0.876712
DAKCFMEO_05230,WP_003383265.1,95.6,229,229,229,6.3e-118,417.9,1,1
DAKCFMEO_05230,WP_011103715.1,49.5,218,229,232,1.0e-51,198.0,0.951965,0.939655
DAKCFMEO_05230,WP_005764880.1,41.0,205,229,236,2.0e-34,140.6,0.895197,0.868644
DAKCFMEO_05230,WP_003381368.1,39.5,200,229,222,1.0e-27,118.2,0.873362,0.900901
DAKCFMEO_05230,WP_003380046.1,35.5,200,229,221,3.5e-23,103.2,0.873362,0.904977
DAKCFMEO_05230,WP_011105443.1,34.1,211,229,231,5.5e-21,95.9,0.921397,0.91342
DAKCFMEO_05230,WP_011104330.1,31.9,229,229,324,2.7e-20,93.6,1,0.70679
DAKCFMEO_05230,WP_046464032.1,30.5,223,229,216,2.3e-19,90.5,0.973799,1.03241
DAKCFMEO_05230,WP_005740602.1,34.0,215,229,229,1.2e-18,88.2,0.938865,0.938865
DAKCFMEO_05230,WP_005768815.1,31.9,207,229,277,2.6e-18,87.0,0.90393,0.747292
DAKCFMEO_05230,WP_046463429.1,30.8,198,229,242,2.6e-18,87.0,0.864629,0.818182
DAKCFMEO_05230,WP_005766150.1,32.1,215,229,221,9.7e-18,85.1,0.938865,0.972851
DAKCFMEO_05230,WP_004396522.1,31.2,221,229,248,5.3e-16,79.3,0.965066,0.891129
DAKCFMEO_05230,WP_011104116.1,31.6,215,229,244,5.0e-14,72.8,0.938865,0.881148
DAKCFMEO_05231,WP_011105444.1,80.7,404,404,423,6.4e-198,684.5,1,0.955083
DAKCFMEO_05232,WP_005767187.1,73.1,108,108,104,4.3e-40,158.3,1,1.03846
DAKCFMEO_05233,WP_005767187.1,73.8,107,107,104,4.2e-40,158.3,1,1.02885
DAKCFMEO_05234,WP_011105445.1,72.5,338,337,337,1.3e-132,467.2,1.00297,1.00297
DAKCFMEO_05236,WP_080597953.1,98.6,72,73,118,2.3e-37,148.7,0.986301,0.610169
DAKCFMEO_05236,WP_080115702.1,97.2,72,73,118,1.9e-36,145.6,0.986301,0.610169
DAKCFMEO_05236,WP_159229486.1,97.2,72,73,110,1.9e-36,145.6,0.986301,0.654545
DAKCFMEO_05236,WP_159229490.1,97.2,72,73,118,1.9e-36,145.6,0.986301,0.610169
DAKCFMEO_05236,WP_159229495.1,97.2,72,73,115,1.9e-36,145.6,0.986301,0.626087
DAKCFMEO_05236,WP_078983211.1,95.8,72,73,118,5.6e-36,144.1,0.986301,0.610169
DAKCFMEO_05236,WP_080946645.1,94.4,72,73,118,1.3e-35,142.9,0.986301,0.610169
DAKCFMEO_05236,WP_080946591.1,94.4,72,73,118,1.6e-35,142.5,0.986301,0.610169
DAKCFMEO_05238,WP_011105460.1,48.2,245,241,245,4.0e-54,206.1,1.0166,1
DAKCFMEO_05238,WP_011104902.1,31.1,148,241,229,8.1e-15,75.5,0.614108,0.646288
DAKCFMEO_05239,WP_011105460.1,55.7,244,241,245,1.8e-62,233.8,1.01245,0.995918
DAKCFMEO_05240,WP_011105462.1,68.6,140,153,153,2.4e-52,199.5,0.915033,0.915033
DAKCFMEO_05241,WP_005769620.1,54.9,182,189,191,8.0e-58,218.0,0.962963,0.95288
DAKCFMEO_05242,WP_010209025.1,90.2,163,178,164,2.3e-83,302.8,0.91573,0.993902
DAKCFMEO_05243,WP_011105383.1,33.5,269,319,325,2.5e-27,117.5,0.84326,0.827692
DAKCFMEO_05243,WP_005767792.1,33.3,249,319,333,7.7e-21,95.9,0.780564,0.747748
DAKCFMEO_05243,WP_005770073.1,30.3,244,319,337,7.0e-14,72.8,0.76489,0.724036
DAKCFMEO_05246,WP_011105463.1,91.1,426,426,424,2.1e-223,769.2,1,1.00472
DAKCFMEO_05246,WP_011104816.1,37.3,451,426,448,4.7e-66,246.5,1.05869,1.0067
DAKCFMEO_05246,WP_005763528.1,35.7,456,426,441,1.4e-62,235.0,1.07042,1.03401
DAKCFMEO_05246,WP_011103959.1,36.8,432,426,418,5.2e-57,216.5,1.01408,1.03349
DAKCFMEO_05246,WP_011104478.1,33.3,435,426,441,1.2e-56,215.3,1.02113,0.986395
DAKCFMEO_05246,WP_007244158.1,35.2,418,426,422,2.7e-53,204.1,0.981221,0.990521
DAKCFMEO_05246,WP_011104277.1,33.0,448,426,443,6.8e-49,189.5,1.05164,1.01129
DAKCFMEO_05246,WP_011105421.1,31.9,448,426,448,8.3e-47,182.6,1.05164,1
DAKCFMEO_05246,WP_046463479.1,31.6,433,426,449,1.9e-46,181.4,1.01643,0.964365
DAKCFMEO_05246,WP_005769381.1,32.0,440,426,459,4.0e-41,163.7,1.03286,0.958606
DAKCFMEO_05247,WP_057443202.1,79.4,68,68,68,2.1e-24,105.5,1,1
DAKCFMEO_05248,WP_011105465.1,93.5,367,368,368,1.6e-216,746.1,0.997283,0.997283
DAKCFMEO_05249,WP_011105466.1,87.5,970,970,970,0.0e+00,1734.9,1,1
DAKCFMEO_05250,WP_011105467.1,91.9,360,360,360,1.3e-202,699.9,1,1
DAKCFMEO_05250,WP_005771402.1,70.8,346,360,357,7.6e-150,524.6,0.961111,0.969188
DAKCFMEO_05250,WP_011103232.1,34.2,257,360,309,8.7e-29,122.5,0.713889,0.831715
DAKCFMEO_05251,WP_011103413.1,75.4,284,291,296,1.5e-127,450.3,0.975945,0.959459
DAKCFMEO_05252,WP_007246576.1,87.8,181,181,181,5.6e-93,334.7,1,1
DAKCFMEO_05252,WP_005771397.1,63.5,181,181,181,1.3e-68,253.8,1,1
DAKCFMEO_05253,WP_007246575.1,90.8,601,604,602,1.9e-299,1022.3,0.995033,0.998339
DAKCFMEO_05253,WP_007246618.1,32.8,574,604,643,3.9e-74,273.9,0.950331,0.892691
DAKCFMEO_05253,WP_007246182.1,31.0,571,604,585,1.0e-66,249.2,0.945364,0.976068
DAKCFMEO_05254,WP_007246574.1,94.1,461,461,461,1.7e-242,832.8,1,1
DAKCFMEO_05254,WP_007246617.1,50.3,443,461,442,8.0e-120,425.2,0.960954,1.00226
DAKCFMEO_05254,WP_011104948.1,50.2,436,461,444,8.3e-117,415.2,0.94577,0.981982
DAKCFMEO_05254,WP_002555721.1,37.1,477,461,478,3.8e-77,283.5,1.03471,0.997908
DAKCFMEO_05254,WP_011103371.1,36.9,483,461,478,3.9e-74,273.5,1.04772,1.01046
DAKCFMEO_05254,WP_011103301.1,36.8,451,461,446,1.4e-71,265.0,0.978308,1.01121
DAKCFMEO_05254,WP_011103783.1,38.5,468,461,471,6.9e-71,262.7,1.01518,0.993631
DAKCFMEO_05254,WP_003382141.1,43.6,381,461,491,6.0e-67,249.6,0.826464,0.775967
DAKCFMEO_05254,WP_003380235.1,35.8,453,461,448,1.8e-66,248.1,0.982646,1.01116
DAKCFMEO_05254,WP_007244904.1,42.0,307,461,502,2.8e-56,214.2,0.665944,0.611554
DAKCFMEO_05254,WP_011104402.1,40.9,301,461,434,2.4e-55,211.1,0.652928,0.693548
DAKCFMEO_05254,WP_011105485.1,41.6,310,461,505,4.0e-55,210.3,0.672451,0.613861
DAKCFMEO_05254,WP_005767731.1,35.6,413,461,521,9.3e-52,199.1,0.895879,0.792706
DAKCFMEO_05254,WP_005769193.1,35.2,372,461,617,4.1e-47,183.7,0.806941,0.602917
DAKCFMEO_05254,WP_005765610.1,40.1,277,461,316,2.0e-46,181.4,0.600868,0.876582
DAKCFMEO_05254,WP_005769514.1,36.2,318,461,439,5.0e-45,176.8,0.689805,0.724374
DAKCFMEO_05255,WP_011105468.1,79.5,161,161,158,2.6e-73,269.2,1,1.01899
DAKCFMEO_05256,WP_005769877.1,88.2,280,280,280,4.5e-142,498.4,1,1
DAKCFMEO_05257,WP_005769875.1,93.1,188,188,188,1.1e-94,340.5,1,1
DAKCFMEO_05258,WP_005769873.1,94.1,220,220,220,1.3e-120,426.8,1,1
DAKCFMEO_05259,WP_005769871.1,76.4,148,148,146,6.7e-60,224.6,1,1.0137
DAKCFMEO_05260,WP_005769869.1,94.9,293,293,293,9.2e-162,563.9,1,1
DAKCFMEO_05261,WP_005769867.1,88.8,278,278,278,2.7e-139,489.2,1,1
DAKCFMEO_05262,WP_011105470.1,94.1,778,778,778,0.0e+00,1523.5,1,1
DAKCFMEO_05262,WP_057443166.1,47.6,763,778,784,9.4e-206,711.4,0.98072,0.973214
DAKCFMEO_05264,WP_011105472.1,88.3,642,644,642,0.0e+00,1155.2,0.996894,1
DAKCFMEO_05265,WP_011105473.1,72.1,272,276,270,1.2e-107,384.0,0.985507,1.00741
DAKCFMEO_05265,WP_046463847.1,36.7,188,276,204,2.0e-25,110.9,0.681159,0.921569
DAKCFMEO_05266,WP_005768794.1,32.0,525,553,560,6.3e-71,263.1,0.949367,0.9375
DAKCFMEO_05275,WP_011103122.1,44.8,201,193,195,3.3e-43,169.5,1.04145,1.03077
DAKCFMEO_05276,WP_011105496.1,34.0,541,614,680,7.5e-81,296.2,0.881107,0.795588
DAKCFMEO_05276,WP_011105476.1,32.8,540,614,678,1.7e-80,295.0,0.879479,0.79646
DAKCFMEO_05276,WP_011104993.1,35.3,527,614,763,1.8e-79,291.6,0.858306,0.690695
DAKCFMEO_05276,WP_011104070.1,35.4,511,614,680,2.7e-78,287.7,0.832248,0.751471
DAKCFMEO_05276,WP_005770647.1,30.3,515,614,675,1.8e-63,238.4,0.838762,0.762963
DAKCFMEO_05276,WP_011104580.1,30.0,514,614,675,8.0e-59,223.0,0.837134,0.761481
DAKCFMEO_05281,WP_011104071.1,33.3,150,177,166,3.2e-16,79.7,0.847458,0.903614
DAKCFMEO_05281,WP_011105493.1,32.0,178,177,168,2.3e-14,73.6,1.00565,1.05952
DAKCFMEO_05282,WP_011105492.1,40.8,476,500,492,1.5e-103,371.3,0.952,0.96748
DAKCFMEO_05282,WP_011104072.1,39.5,476,500,491,4.5e-100,359.8,0.952,0.96945
DAKCFMEO_05284,WP_046464013.1,32.7,621,610,595,2.7e-75,277.7,1.01803,1.0437
DAKCFMEO_05284,WP_011104074.1,31.4,624,610,595,1.3e-72,268.9,1.02295,1.04874
DAKCFMEO_05286,WP_011105486.1,46.1,895,864,882,1.8e-202,700.7,1.03588,1.01474
DAKCFMEO_05286,WP_011104076.1,44.8,879,864,867,2.5e-191,663.7,1.01736,1.01384
DAKCFMEO_05286,WP_005614629.1,37.4,858,864,854,5.1e-144,506.5,0.993056,1.00468
DAKCFMEO_05286,WP_011104508.1,33.9,825,864,757,6.1e-113,403.3,0.954861,1.08983
DAKCFMEO_05296,WP_011105501.1,83.8,142,142,142,1.2e-66,246.9,1,1
DAKCFMEO_05298,WP_011105504.1,80.9,493,493,493,3.8e-229,788.5,1,1
DAKCFMEO_05299,WP_005771635.1,83.3,228,229,229,5.2e-112,398.3,0.995633,0.995633
DAKCFMEO_05299,WP_005769285.1,35.1,222,229,217,1.4e-24,107.8,0.969432,1.02304
DAKCFMEO_05301,WP_011105506.1,86.4,332,336,335,2.8e-170,592.4,0.988095,0.991045
DAKCFMEO_05301,WP_011104281.1,34.7,326,336,335,2.9e-42,167.2,0.970238,0.973134
DAKCFMEO_05301,WP_011103110.1,33.0,324,336,345,1.7e-39,157.9,0.964286,0.93913
DAKCFMEO_05301,WP_011104034.1,31.4,353,336,345,4.3e-38,153.3,1.0506,1.02319
DAKCFMEO_05301,WP_005619515.1,34.0,209,336,273,1.3e-18,88.6,0.622024,0.765568
DAKCFMEO_05302,WP_011105507.1,87.7,243,244,245,3.6e-111,395.6,0.995902,0.991837
DAKCFMEO_05303,WP_007247460.1,88.4,258,258,258,2.6e-128,452.6,1,1
DAKCFMEO_05304,WP_005771640.1,89.8,315,315,315,3.1e-163,568.9,1,1
DAKCFMEO_05305,WP_011105509.1,77.4,1157,1152,1149,0.0e+00,1785.4,1.00434,1.00696
DAKCFMEO_05306,WP_011105510.1,77.8,158,159,158,2.5e-68,252.7,0.993711,1
