"p25_DAK","DC3000","Orthogroup_Match"
"DAKCFMEO_01263","WP_002551315.1",TRUE
"DAKCFMEO_05162","WP_002551397.1",TRUE
"DAKCFMEO_05211","WP_002551454.1",TRUE
"DAKCFMEO_01837","WP_002551500.1",TRUE
"DAKCFMEO_01845","WP_002551508.1",TRUE
"DAKCFMEO_01851","WP_002551514.1",TRUE
"DAKCFMEO_01852","WP_002551515.1",TRUE
"DAKCFMEO_01956","WP_002551560.1",TRUE
"DAKCFMEO_01967","WP_002551568.1",TRUE
"DAKCFMEO_01972","WP_002551573.1",TRUE
"DAKCFMEO_05096","WP_002551616.1",TRUE
"DAKCFMEO_02133","WP_002551711.1",TRUE
"DAKCFMEO_05002","WP_002551738.1",TRUE
"DAKCFMEO_04892","WP_002551819.1",TRUE
"DAKCFMEO_04881","WP_002551828.1",TRUE
"DAKCFMEO_04880","WP_002551829.1",TRUE
"DAKCFMEO_04866","WP_002551844.1",TRUE
"DAKCFMEO_02868","WP_002551877.1",TRUE
"DAKCFMEO_02807","WP_002551946.1",TRUE
"DAKCFMEO_02800","WP_002551953.1",TRUE
"DAKCFMEO_00541","WP_002551972.1",TRUE
"DAKCFMEO_01662","WP_002552060.1",TRUE
"DAKCFMEO_01647","WP_002552075.1",TRUE
"DAKCFMEO_03443","WP_002552145.1",TRUE
"DAKCFMEO_03389","WP_002552194.1",TRUE
"DAKCFMEO_03291","WP_002552279.1",TRUE
"DAKCFMEO_03331","WP_002552468.1",TRUE
"DAKCFMEO_03346","WP_002552482.1",TRUE
"DAKCFMEO_03261","WP_002552524.1",TRUE
"DAKCFMEO_04200","WP_002552552.1",TRUE
"DAKCFMEO_04202","WP_002552554.1",TRUE
"DAKCFMEO_04157","WP_002552611.1",TRUE
"DAKCFMEO_04191","WP_002552653.1",TRUE
"DAKCFMEO_04245","WP_002552688.1",TRUE
"DAKCFMEO_04341","WP_002552729.1",TRUE
"DAKCFMEO_04350","WP_002552734.1",TRUE
"DAKCFMEO_04353","WP_002552737.1",TRUE
"DAKCFMEO_04534","WP_002552818.1",TRUE
"DAKCFMEO_02621","WP_002552853.1",TRUE
"DAKCFMEO_00650","WP_002552981.1",TRUE
"DAKCFMEO_00710","WP_002553016.1",TRUE
"DAKCFMEO_00712","WP_002553018.1",TRUE
"DAKCFMEO_00809","WP_002553156.1",TRUE
"DAKCFMEO_00813","WP_002553160.1",TRUE
"DAKCFMEO_00814","WP_002553161.1",TRUE
"DAKCFMEO_00817","WP_002553164.1",TRUE
"DAKCFMEO_03718","WP_002553665.1",TRUE
"DAKCFMEO_01408","WP_002553918.1",TRUE
"DAKCFMEO_01496","WP_002553978.1",TRUE
"DAKCFMEO_01530","WP_002554011.1",TRUE
"DAKCFMEO_01531","WP_002554012.1",TRUE
"DAKCFMEO_04682","WP_002554100.1",TRUE
"DAKCFMEO_04624","WP_002554157.1",TRUE
"DAKCFMEO_04561","WP_002554192.1",TRUE
"DAKCFMEO_02556","WP_002554262.1",TRUE
"DAKCFMEO_02541","WP_002554277.1",TRUE
"DAKCFMEO_02531","WP_002554288.1",TRUE
"DAKCFMEO_02528","WP_002554291.1",TRUE
"DAKCFMEO_02522","WP_002554297.1",TRUE
"DAKCFMEO_02509","WP_002554310.1",TRUE
"DAKCFMEO_02504","WP_002554316.1",TRUE
"DAKCFMEO_02406","WP_002554423.1",TRUE
"DAKCFMEO_02400","WP_002554426.1",TRUE
"DAKCFMEO_04319","WP_002554476.1",TRUE
"DAKCFMEO_04303","WP_002554489.1",TRUE
"DAKCFMEO_02327","WP_002554553.1",TRUE
"DAKCFMEO_02318","WP_002554561.1",TRUE
"DAKCFMEO_02317","WP_002554562.1",TRUE
"DAKCFMEO_03124","WP_002554651.1",TRUE
"DAKCFMEO_03128","WP_002554655.1",TRUE
"DAKCFMEO_03190","WP_002554721.1",TRUE
"DAKCFMEO_03197","WP_002554728.1",TRUE
"DAKCFMEO_00145","WP_002554837.1",TRUE
"DAKCFMEO_00151","WP_002554843.1",TRUE
"DAKCFMEO_00159","WP_002554851.1",TRUE
"DAKCFMEO_00305","WP_002554971.1",TRUE
"DAKCFMEO_00368","WP_002555020.1",TRUE
"DAKCFMEO_00416","WP_002555064.1",TRUE
"DAKCFMEO_00463","WP_002555108.1",TRUE
"DAKCFMEO_00464","WP_002555109.1",TRUE
"DAKCFMEO_01679","WP_002555121.1",TRUE
"DAKCFMEO_01701","WP_002555142.1",TRUE
"DAKCFMEO_00545","WP_002555214.1",TRUE
"DAKCFMEO_03650","WP_002555356.1",TRUE
"DAKCFMEO_03636","WP_002555369.1",TRUE
"DAKCFMEO_03635","WP_002555370.1",TRUE
"DAKCFMEO_03630","WP_002555375.1",TRUE
"DAKCFMEO_03570","WP_002555427.1",TRUE
"DAKCFMEO_03531","WP_002555464.1",TRUE
"DAKCFMEO_03530","WP_002555465.1",TRUE
"DAKCFMEO_03529","WP_002555466.1",TRUE
"DAKCFMEO_03528","WP_002555467.1",TRUE
"DAKCFMEO_03527","WP_002555469.1",TRUE
"DAKCFMEO_03526","WP_002555470.1",TRUE
"DAKCFMEO_03525","WP_002555471.1",TRUE
"DAKCFMEO_03523","WP_002555473.1",TRUE
"DAKCFMEO_03521","WP_002555475.1",TRUE
"DAKCFMEO_03520","WP_002555476.1",TRUE
"DAKCFMEO_03518","WP_002555478.1",TRUE
"DAKCFMEO_03517","WP_002555479.1",TRUE
"DAKCFMEO_03516","WP_002555480.1",TRUE
"DAKCFMEO_03515","WP_002555481.1",TRUE
"DAKCFMEO_03514","WP_002555482.1",TRUE
"DAKCFMEO_03512","WP_002555485.1",TRUE
"DAKCFMEO_03509","WP_002555488.1",TRUE
"DAKCFMEO_03508","WP_002555489.1",TRUE
"DAKCFMEO_03506","WP_002555491.1",TRUE
"DAKCFMEO_03502","WP_002555494.1",TRUE
"DAKCFMEO_03496","WP_002555500.1",TRUE
"DAKCFMEO_02914","WP_002555565.1",TRUE
"DAKCFMEO_02157","WP_002555698.1",TRUE
"DAKCFMEO_05119","WP_002555721.1",TRUE
"DAKCFMEO_05170","WP_002555745.1",TRUE
"DAKCFMEO_05186","WP_002555770.1",TRUE
"DAKCFMEO_05219","WP_002555777.1",TRUE
"DAKCFMEO_01909","WP_002555808.1",TRUE
"DAKCFMEO_05180","WP_002555947.1",TRUE
"DAKCFMEO_01252","WP_002555987.1",TRUE
"DAKCFMEO_02674","WP_002556012.1",TRUE
"DAKCFMEO_01747","WP_002556144.1",TRUE
"DAKCFMEO_03513","WP_003176422.1",TRUE
"DAKCFMEO_00371","WP_003304675.1",TRUE
"DAKCFMEO_00399","WP_003313553.1",TRUE
"DAKCFMEO_00425","WP_003313577.1",TRUE
"DAKCFMEO_03604","WP_003313894.1",TRUE
"DAKCFMEO_03136","WP_003314356.1",TRUE
"DAKCFMEO_02299","WP_003314637.1",TRUE
"DAKCFMEO_02668","WP_003315067.1",TRUE
"DAKCFMEO_02617","WP_003315128.1",TRUE
"DAKCFMEO_04092","WP_003315315.1",TRUE
"DAKCFMEO_00777","WP_003315600.1",TRUE
"DAKCFMEO_04680","WP_003315798.1",TRUE
"DAKCFMEO_03524","WP_003317099.1",TRUE
"DAKCFMEO_03497","WP_003317112.1",TRUE
"DAKCFMEO_03495","WP_003317113.1",TRUE
"DAKCFMEO_04878","WP_003317208.1",TRUE
"DAKCFMEO_03086","WP_003317528.1",TRUE
"DAKCFMEO_03084","WP_003317531.1",TRUE
"DAKCFMEO_03082","WP_003317532.1",TRUE
"DAKCFMEO_03081","WP_003317533.1",TRUE
"DAKCFMEO_01994","WP_003318100.1",TRUE
"DAKCFMEO_03404","WP_003318204.1",TRUE
"DAKCFMEO_01574","WP_003340324.1",TRUE
"DAKCFMEO_00537","WP_003344603.1",TRUE
"DAKCFMEO_00752","WP_003346101.1",TRUE
"DAKCFMEO_00304","WP_003363851.1",TRUE
"DAKCFMEO_02749","WP_003365425.1",TRUE
"DAKCFMEO_00812","WP_003367017.1",TRUE
"DAKCFMEO_04778","WP_003368676.1",TRUE
"DAKCFMEO_04732","WP_003373184.1",TRUE
"DAKCFMEO_02343","WP_003373273.1",TRUE
"DAKCFMEO_02334","WP_003373291.1",TRUE
"DAKCFMEO_02331","WP_003373297.1",TRUE
"DAKCFMEO_00755","WP_003373331.1",TRUE
"DAKCFMEO_00759","WP_003373338.1",TRUE
"DAKCFMEO_00760","WP_003373339.1",TRUE
"DAKCFMEO_02144","WP_003373363.1",TRUE
"DAKCFMEO_04035","WP_003373489.1",TRUE
"DAKCFMEO_01469","WP_003375709.1",TRUE
"DAKCFMEO_01470","WP_003375712.1",TRUE
"DAKCFMEO_01472","WP_003375716.1",TRUE
"DAKCFMEO_03011","WP_003375846.1",TRUE
"DAKCFMEO_03010","WP_003375849.1",TRUE
"DAKCFMEO_03005","WP_003375857.1",TRUE
"DAKCFMEO_03001","WP_003375863.1",TRUE
"DAKCFMEO_02985","WP_003375894.1",TRUE
"DAKCFMEO_02984","WP_003375897.1",TRUE
"DAKCFMEO_02979","WP_003375907.1",TRUE
"DAKCFMEO_02973","WP_003375919.1",TRUE
"DAKCFMEO_02967","WP_003375928.1",TRUE
"DAKCFMEO_03302","WP_003375972.1",TRUE
"DAKCFMEO_02729","WP_003376021.1",TRUE
"DAKCFMEO_02735","WP_003376036.1",TRUE
"DAKCFMEO_02742","WP_003376052.1",TRUE
"DAKCFMEO_04526","WP_003376124.1",TRUE
"DAKCFMEO_04485","WP_003376162.1",TRUE
"DAKCFMEO_04379","WP_003376205.1",TRUE
"DAKCFMEO_04367","WP_003376227.1",TRUE
"DAKCFMEO_04343","WP_003376264.1",TRUE
"DAKCFMEO_04342","WP_003376266.1",TRUE
"DAKCFMEO_04318","WP_003376303.1",TRUE
"DAKCFMEO_04864","WP_003376366.1",TRUE
"DAKCFMEO_04858","WP_003376376.1",TRUE
"DAKCFMEO_04852","WP_003376387.1",TRUE
"DAKCFMEO_04845","WP_003376398.1",TRUE
"DAKCFMEO_04834","WP_003376420.1",TRUE
"DAKCFMEO_03610","WP_003376558.1",TRUE
"DAKCFMEO_03615","WP_003376569.1",TRUE
"DAKCFMEO_04813","WP_003376591.1",TRUE
"DAKCFMEO_04812","WP_003376593.1",TRUE
"DAKCFMEO_04804","WP_003376603.1",TRUE
"DAKCFMEO_04802","WP_003376607.1",TRUE
"DAKCFMEO_04799","WP_003376614.1",TRUE
"DAKCFMEO_03960","WP_003376691.1",TRUE
"DAKCFMEO_03973","WP_003376717.1",TRUE
"DAKCFMEO_00828","WP_003376859.1",TRUE
"DAKCFMEO_03824","WP_003376912.1",TRUE
"DAKCFMEO_00893","WP_003376950.1",TRUE
"DAKCFMEO_01045","WP_003376994.1",TRUE
"DAKCFMEO_01053","WP_003377005.1",TRUE
"DAKCFMEO_04914","WP_003377107.1",TRUE
"DAKCFMEO_04924","WP_003377111.1",TRUE
"DAKCFMEO_04925","WP_003377112.1",TRUE
"DAKCFMEO_04935","WP_003377120.1",TRUE
"DAKCFMEO_04945","WP_003377131.1",TRUE
"DAKCFMEO_04956","WP_003377141.1",TRUE
"DAKCFMEO_05001","WP_003377196.1",TRUE
"DAKCFMEO_05003","WP_003377199.1",TRUE
"DAKCFMEO_05006","WP_003377205.1",TRUE
"DAKCFMEO_05012","WP_003377212.1",TRUE
"DAKCFMEO_05015","WP_003377215.1",TRUE
"DAKCFMEO_05017","WP_003377217.1",TRUE
"DAKCFMEO_02046","WP_003377258.1",TRUE
"DAKCFMEO_02845","WP_003377314.1",TRUE
"DAKCFMEO_02802","WP_003377457.1",TRUE
"DAKCFMEO_01713","WP_003377470.1",TRUE
"DAKCFMEO_01706","WP_003377471.1",TRUE
"DAKCFMEO_01699","WP_003377479.1",TRUE
"DAKCFMEO_01697","WP_003377482.1",TRUE
"DAKCFMEO_01692","WP_003377487.1",TRUE
"DAKCFMEO_01682","WP_003377503.1",TRUE
"DAKCFMEO_01681","WP_003377505.1",TRUE
"DAKCFMEO_01678","WP_003377508.1",TRUE
"DAKCFMEO_00461","WP_003377527.1",TRUE
"DAKCFMEO_00459","WP_003377531.1",TRUE
"DAKCFMEO_00455","WP_003377535.1",TRUE
"DAKCFMEO_00447","WP_003377548.1",TRUE
"DAKCFMEO_00446","WP_003377550.1",TRUE
"DAKCFMEO_00444","WP_003377554.1",TRUE
"DAKCFMEO_00443","WP_003377556.1",TRUE
"DAKCFMEO_00435","WP_003377572.1",TRUE
"DAKCFMEO_00432","WP_003377577.1",TRUE
"DAKCFMEO_00427","WP_003377590.1",TRUE
"DAKCFMEO_00426","WP_003377592.1",TRUE
"DAKCFMEO_00421","WP_003377598.1",TRUE
"DAKCFMEO_00417","WP_003377605.1",TRUE
"DAKCFMEO_00411","WP_003377610.1",TRUE
"DAKCFMEO_00392","WP_003377649.1",TRUE
"DAKCFMEO_00390","WP_003377651.1",TRUE
"DAKCFMEO_00389","WP_003377653.1",TRUE
"DAKCFMEO_03264","WP_003377687.1",TRUE
"DAKCFMEO_03251","WP_003377703.1",TRUE
"DAKCFMEO_03245","WP_003377717.1",TRUE
"DAKCFMEO_03205","WP_003377783.1",TRUE
"DAKCFMEO_03204","WP_003377785.1",TRUE
"DAKCFMEO_03867","WP_003377787.1",TRUE
"DAKCFMEO_03188","WP_003377815.1",TRUE
"DAKCFMEO_03183","WP_003377825.1",TRUE
"DAKCFMEO_03181","WP_003377829.1",TRUE
"DAKCFMEO_03180","WP_003377831.1",TRUE
"DAKCFMEO_03178","WP_003377835.1",TRUE
"DAKCFMEO_03176","WP_003377838.1",TRUE
"DAKCFMEO_01266","WP_003377871.1",TRUE
"DAKCFMEO_01261","WP_003377879.1",TRUE
"DAKCFMEO_01257","WP_003377883.1",TRUE
"DAKCFMEO_01256","WP_003377884.1",TRUE
"DAKCFMEO_01255","WP_003377885.1",TRUE
"DAKCFMEO_01253","WP_003377888.1",TRUE
"DAKCFMEO_01249","WP_003377895.1",TRUE
"DAKCFMEO_01247","WP_003377898.1",TRUE
"DAKCFMEO_01997","WP_003377907.1",TRUE
"DAKCFMEO_01834","WP_003377974.1",TRUE
"DAKCFMEO_01838","WP_003377979.1",TRUE
"DAKCFMEO_01874","WP_003378039.1",TRUE
"DAKCFMEO_04673","WP_003378068.1",TRUE
"DAKCFMEO_04669","WP_003378076.1",TRUE
"DAKCFMEO_04646","WP_003378111.1",TRUE
"DAKCFMEO_04645","WP_003378113.1",TRUE
"DAKCFMEO_04562","WP_003378210.1",TRUE
"DAKCFMEO_04559","WP_003378216.1",TRUE
"DAKCFMEO_04556","WP_003378219.1",TRUE
"DAKCFMEO_01226","WP_003378280.1",TRUE
"DAKCFMEO_01200","WP_003378325.1",TRUE
"DAKCFMEO_01552","WP_003378342.1",TRUE
"DAKCFMEO_01576","WP_003378385.1",TRUE
"DAKCFMEO_01579","WP_003378389.1",TRUE
"DAKCFMEO_01585","WP_003378397.1",TRUE
"DAKCFMEO_00217","WP_003378472.1",TRUE
"DAKCFMEO_00226","WP_003378493.1",TRUE
"DAKCFMEO_00229","WP_003378499.1",TRUE
"DAKCFMEO_00238","WP_003378513.1",TRUE
"DAKCFMEO_02628","WP_003378608.1",TRUE
"DAKCFMEO_02627","WP_003378609.1",TRUE
"DAKCFMEO_02624","WP_003378612.1",TRUE
"DAKCFMEO_02616","WP_003378621.1",TRUE
"DAKCFMEO_02606","WP_003378637.1",TRUE
"DAKCFMEO_02605","WP_003378639.1",TRUE
"DAKCFMEO_02604","WP_003378641.1",TRUE
"DAKCFMEO_02589","WP_003378666.1",TRUE
"DAKCFMEO_02587","WP_003378668.1",TRUE
"DAKCFMEO_02552","WP_003378725.1",TRUE
"DAKCFMEO_02548","WP_003378730.1",TRUE
"DAKCFMEO_02547","WP_003378731.1",TRUE
"DAKCFMEO_02538","WP_003378749.1",TRUE
"DAKCFMEO_02537","WP_003378750.1",TRUE
"DAKCFMEO_02129","WP_003378759.1",TRUE
"DAKCFMEO_02128","WP_003378760.1",TRUE
"DAKCFMEO_02116","WP_003378783.1",TRUE
"DAKCFMEO_05106","WP_003378849.1",TRUE
"DAKCFMEO_05057","WP_003378855.1",TRUE
"DAKCFMEO_05059","WP_003378857.1",TRUE
"DAKCFMEO_05063","WP_003378861.1",TRUE
"DAKCFMEO_05074","WP_003378882.1",TRUE
"DAKCFMEO_05075","WP_003378884.1",TRUE
"DAKCFMEO_05080","WP_003378893.1",TRUE
"DAKCFMEO_02300","WP_003378929.1",TRUE
"DAKCFMEO_03129","WP_003378990.1",TRUE
"DAKCFMEO_03032","WP_003379024.1",TRUE
"DAKCFMEO_03031","WP_003379025.1",TRUE
"DAKCFMEO_03028","WP_003379028.1",TRUE
"DAKCFMEO_04165","WP_003379038.1",TRUE
"DAKCFMEO_03591","WP_003379089.1",TRUE
"DAKCFMEO_03577","WP_003379121.1",TRUE
"DAKCFMEO_03573","WP_003379129.1",TRUE
"DAKCFMEO_03566","WP_003379141.1",TRUE
"DAKCFMEO_03565","WP_003379143.1",TRUE
"DAKCFMEO_03563","WP_003379146.1",TRUE
"DAKCFMEO_03407","WP_003379241.1",TRUE
"DAKCFMEO_03387","WP_003379266.1",TRUE
"DAKCFMEO_03380","WP_003379278.1",TRUE
"DAKCFMEO_02787","WP_003379302.1",TRUE
"DAKCFMEO_02223","WP_003379415.1",TRUE
"DAKCFMEO_02226","WP_003379418.1",TRUE
"DAKCFMEO_01296","WP_003379468.1",TRUE
"DAKCFMEO_03925","WP_003379548.1",TRUE
"DAKCFMEO_01792","WP_003379656.1",TRUE
"DAKCFMEO_00548","WP_003379718.1",TRUE
"DAKCFMEO_00551","WP_003379721.1",TRUE
"DAKCFMEO_00658","WP_003379759.1",TRUE
"DAKCFMEO_00705","WP_003379830.1",TRUE
"DAKCFMEO_05028","WP_003379873.1",TRUE
"DAKCFMEO_05024","WP_003379876.1",TRUE
"DAKCFMEO_02958","WP_003379921.1",TRUE
"DAKCFMEO_02962","WP_003379926.1",TRUE
"DAKCFMEO_04969","WP_003379931.1",TRUE
"DAKCFMEO_04964","WP_003379947.1",TRUE
"DAKCFMEO_02091","WP_003380009.1",TRUE
"DAKCFMEO_02212","WP_003380033.1",TRUE
"DAKCFMEO_01952","WP_003380046.1",TRUE
"DAKCFMEO_01955","WP_003380053.1",TRUE
"DAKCFMEO_01971","WP_003380079.1",TRUE
"DAKCFMEO_01539","WP_003380111.1",TRUE
"DAKCFMEO_01538","WP_003380113.1",TRUE
"DAKCFMEO_01537","WP_003380115.1",TRUE
"DAKCFMEO_01533","WP_003380120.1",TRUE
"DAKCFMEO_01525","WP_003380132.1",TRUE
"DAKCFMEO_01522","WP_003380135.1",TRUE
"DAKCFMEO_01517","WP_003380148.1",TRUE
"DAKCFMEO_02189","WP_003380192.1",TRUE
"DAKCFMEO_05113","WP_003380207.1",TRUE
"DAKCFMEO_01982","WP_003380209.1",TRUE
"DAKCFMEO_01992","WP_003380226.1",TRUE
"DAKCFMEO_01813","WP_003380235.1",TRUE
"DAKCFMEO_05158","WP_003380252.1",TRUE
"DAKCFMEO_05159","WP_003380253.1",TRUE
"DAKCFMEO_03482","WP_003380289.1",TRUE
"DAKCFMEO_03479","WP_003380294.1",TRUE
"DAKCFMEO_03477","WP_003380298.1",TRUE
"DAKCFMEO_03471","WP_003380309.1",TRUE
"DAKCFMEO_01757","WP_003380333.1",TRUE
"DAKCFMEO_01749","WP_003380356.1",TRUE
"DAKCFMEO_04096","WP_003380430.1",TRUE
"DAKCFMEO_04095","WP_003380432.1",TRUE
"DAKCFMEO_04087","WP_003380444.1",TRUE
"DAKCFMEO_04083","WP_003380449.1",TRUE
"DAKCFMEO_04080","WP_003380455.1",TRUE
"DAKCFMEO_01018","WP_003380539.1",TRUE
"DAKCFMEO_01030","WP_003380560.1",TRUE
"DAKCFMEO_03333","WP_003380592.1",TRUE
"DAKCFMEO_03335","WP_003380594.1",TRUE
"DAKCFMEO_03338","WP_003380601.1",TRUE
"DAKCFMEO_03340","WP_003380603.1",TRUE
"DAKCFMEO_03341","WP_003380604.1",TRUE
"DAKCFMEO_03350","WP_003380613.1",TRUE
"DAKCFMEO_03354","WP_003380618.1",TRUE
"DAKCFMEO_03359","WP_003380623.1",TRUE
"DAKCFMEO_03365","WP_003380633.1",TRUE
"DAKCFMEO_04908","WP_003380690.1",TRUE
"DAKCFMEO_04899","WP_003380698.1",TRUE
"DAKCFMEO_04896","WP_003380701.1",TRUE
"DAKCFMEO_04877","WP_003380723.1",TRUE
"DAKCFMEO_04713","WP_003380836.1",TRUE
"DAKCFMEO_04704","WP_003380850.1",TRUE
"DAKCFMEO_04703","WP_003380853.1",TRUE
"DAKCFMEO_04677","WP_003380890.1",TRUE
"DAKCFMEO_00315","WP_003380907.1",TRUE
"DAKCFMEO_00348","WP_003380941.1",TRUE
"DAKCFMEO_00367","WP_003380966.1",TRUE
"DAKCFMEO_00380","WP_003380977.1",TRUE
"DAKCFMEO_04223","WP_003381003.1",TRUE
"DAKCFMEO_04205","WP_003381023.1",TRUE
"DAKCFMEO_04269","WP_003381064.1",TRUE
"DAKCFMEO_04255","WP_003381088.1",TRUE
"DAKCFMEO_04249","WP_003381096.1",TRUE
"DAKCFMEO_04236","WP_003381112.1",TRUE
"DAKCFMEO_01433","WP_003381155.1",TRUE
"DAKCFMEO_01444","WP_003381177.1",TRUE
"DAKCFMEO_00506","WP_003381207.1",TRUE
"DAKCFMEO_00508","WP_003381213.1",TRUE
"DAKCFMEO_02886","WP_003381223.1",TRUE
"DAKCFMEO_00519","WP_003381266.1",TRUE
"DAKCFMEO_00532","WP_003381292.1",TRUE
"DAKCFMEO_00539","WP_003381304.1",TRUE
"DAKCFMEO_00542","WP_003381306.1",TRUE
"DAKCFMEO_00543","WP_003381308.1",TRUE
"DAKCFMEO_05130","WP_003381368.1",TRUE
"DAKCFMEO_05094","WP_003381390.1",TRUE
"DAKCFMEO_00096","WP_003381481.1",TRUE
"DAKCFMEO_00098","WP_003381484.1",TRUE
"DAKCFMEO_00102","WP_003381486.1",TRUE
"DAKCFMEO_00105","WP_003381490.1",TRUE
"DAKCFMEO_00113","WP_003381499.1",TRUE
"DAKCFMEO_00115","WP_003381502.1",TRUE
"DAKCFMEO_00129","WP_003381514.1",TRUE
"DAKCFMEO_00135","WP_003381525.1",TRUE
"DAKCFMEO_00143","WP_003381535.1",TRUE
"DAKCFMEO_02243","WP_003381559.1",TRUE
"DAKCFMEO_02252","WP_003381567.1",TRUE
"DAKCFMEO_02265","WP_003381582.1",TRUE
"DAKCFMEO_02266","WP_003381583.1",TRUE
"DAKCFMEO_02268","WP_003381585.1",TRUE
"DAKCFMEO_02271","WP_003381589.1",TRUE
"DAKCFMEO_00298","WP_003381628.1",TRUE
"DAKCFMEO_00285","WP_003381648.1",TRUE
"DAKCFMEO_00274","WP_003381663.1",TRUE
"DAKCFMEO_00568","WP_003381744.1",TRUE
"DAKCFMEO_01369","WP_003381839.1",TRUE
"DAKCFMEO_01356","WP_003381855.1",TRUE
"DAKCFMEO_00649","WP_003382001.1",TRUE
"DAKCFMEO_00646","WP_003382004.1",TRUE
"DAKCFMEO_00644","WP_003382006.1",TRUE
"DAKCFMEO_00638","WP_003382014.1",TRUE
"DAKCFMEO_05167","WP_003382072.1",TRUE
"DAKCFMEO_05169","WP_003382074.1",TRUE
"DAKCFMEO_05177","WP_003382082.1",TRUE
"DAKCFMEO_05179","WP_003382085.1",TRUE
"DAKCFMEO_02020","WP_003382103.1",TRUE
"DAKCFMEO_02018","WP_003382104.1",TRUE
"DAKCFMEO_02521","WP_003382140.1",TRUE
"DAKCFMEO_02523","WP_003382141.1",TRUE
"DAKCFMEO_02526","WP_003382144.1",TRUE
"DAKCFMEO_01665","WP_003382274.1",TRUE
"DAKCFMEO_02013","WP_003382315.1",TRUE
"DAKCFMEO_02918","WP_003382340.1",TRUE
"DAKCFMEO_02150","WP_003382360.1",TRUE
"DAKCFMEO_02152","WP_003382364.1",TRUE
"DAKCFMEO_02162","WP_003382372.1",TRUE
"DAKCFMEO_02164","WP_003382373.1",TRUE
"DAKCFMEO_02168","WP_003382379.1",TRUE
"DAKCFMEO_00818","WP_003382396.1",TRUE
"DAKCFMEO_00815","WP_003382398.1",TRUE
"DAKCFMEO_00798","WP_003382419.1",TRUE
"DAKCFMEO_00739","WP_003382460.1",TRUE
"DAKCFMEO_00736","WP_003382465.1",TRUE
"DAKCFMEO_00735","WP_003382467.1",TRUE
"DAKCFMEO_00731","WP_003382474.1",TRUE
"DAKCFMEO_00719","WP_003382487.1",TRUE
"DAKCFMEO_00714","WP_003382491.1",TRUE
"DAKCFMEO_00713","WP_003382493.1",TRUE
"DAKCFMEO_00051","WP_003382526.1",TRUE
"DAKCFMEO_00044","WP_003382533.1",TRUE
"DAKCFMEO_03791","WP_003382657.1",TRUE
"DAKCFMEO_02502","WP_003382687.1",TRUE
"DAKCFMEO_02488","WP_003382703.1",TRUE
"DAKCFMEO_04192","WP_003382726.1",TRUE
"DAKCFMEO_04182","WP_003382736.1",TRUE
"DAKCFMEO_01111","WP_003382778.1",TRUE
"DAKCFMEO_01191","WP_003382829.1",TRUE
"DAKCFMEO_01182","WP_003382842.1",TRUE
"DAKCFMEO_01170","WP_003382856.1",TRUE
"DAKCFMEO_01168","WP_003382858.1",TRUE
"DAKCFMEO_04298","WP_003382929.1",TRUE
"DAKCFMEO_04290","WP_003382943.1",TRUE
"DAKCFMEO_04287","WP_003382947.1",TRUE
"DAKCFMEO_02665","WP_003382959.1",TRUE
"DAKCFMEO_02666","WP_003382960.1",TRUE
"DAKCFMEO_01723","WP_003382970.1",TRUE
"DAKCFMEO_02679","WP_003382984.1",TRUE
"DAKCFMEO_04540","WP_003383046.1",TRUE
"DAKCFMEO_02658","WP_003383085.1",TRUE
"DAKCFMEO_02655","WP_003383089.1",TRUE
"DAKCFMEO_01605","WP_003383123.1",TRUE
"DAKCFMEO_01602","WP_003383126.1",TRUE
"DAKCFMEO_01598","WP_003383132.1",TRUE
"DAKCFMEO_01596","WP_003383136.1",TRUE
"DAKCFMEO_01592","WP_003383141.1",TRUE
"DAKCFMEO_01590","WP_003383143.1",TRUE
"DAKCFMEO_05111","WP_003383161.1",TRUE
"DAKCFMEO_03707","WP_003383172.1",TRUE
"DAKCFMEO_00497","WP_003383227.1",TRUE
"DAKCFMEO_00486","WP_003383242.1",TRUE
"DAKCFMEO_00485","WP_003383243.1",TRUE
"DAKCFMEO_00484","WP_003383244.1",TRUE
"DAKCFMEO_05230","WP_003383265.1",TRUE
"DAKCFMEO_04144","WP_003383332.1",TRUE
"DAKCFMEO_02905","WP_003383369.1",TRUE
"DAKCFMEO_01321","WP_003383427.1",TRUE
"DAKCFMEO_01328","WP_003383453.1",TRUE
"DAKCFMEO_04759","WP_003395104.1",TRUE
"DAKCFMEO_00317","WP_003395253.1",TRUE
"DAKCFMEO_04779","WP_003400010.1",TRUE
"DAKCFMEO_01515","WP_003405083.1",TRUE
"DAKCFMEO_01536","WP_003411662.1",TRUE
"DAKCFMEO_02546","WP_003412391.1",TRUE
"DAKCFMEO_03319","WP_003413692.1",TRUE
"DAKCFMEO_04887","WP_003422343.1",TRUE
"DAKCFMEO_03080","WP_003425054.1",TRUE
"DAKCFMEO_03087","WP_003425065.1",TRUE
"DAKCFMEO_00048","WP_003425462.1",TRUE
"DAKCFMEO_03537","WP_003426596.1",TRUE
"DAKCFMEO_03761","WP_004396234.1",TRUE
"DAKCFMEO_03734","WP_004396268.1",TRUE
"DAKCFMEO_03710","WP_004396332.1",TRUE
"DAKCFMEO_00160","WP_004396490.1",TRUE
"DAKCFMEO_00166","WP_004396504.1",TRUE
"DAKCFMEO_00168","WP_004396514.1",TRUE
"DAKCFMEO_00171","WP_004396522.1",TRUE
"DAKCFMEO_02384","WP_004396544.1",TRUE
"DAKCFMEO_02387","WP_004396551.1",TRUE
"DAKCFMEO_02389","WP_004396553.1",TRUE
"DAKCFMEO_02390","WP_004396554.1",TRUE
"DAKCFMEO_03532","WP_004397026.1",TRUE
"DAKCFMEO_03510","WP_004397049.1",TRUE
"DAKCFMEO_03507","WP_004397052.1",TRUE
"DAKCFMEO_03503","WP_004397077.1",TRUE
"DAKCFMEO_03501","WP_004397078.1",TRUE
"DAKCFMEO_03498","WP_004397081.1",TRUE
"DAKCFMEO_05209","WP_004397145.1",TRUE
"DAKCFMEO_05201","WP_004397172.1",TRUE
"DAKCFMEO_05192","WP_004397208.1",TRUE
"DAKCFMEO_00577","WP_004397257.1",TRUE
"DAKCFMEO_03153","WP_004397570.1",TRUE
"DAKCFMEO_03161","WP_004397588.1",TRUE
"DAKCFMEO_03164","WP_004397594.1",TRUE
"DAKCFMEO_02349","WP_004397843.1",TRUE
"DAKCFMEO_02346","WP_004397849.1",TRUE
"DAKCFMEO_02817","WP_004407132.1",TRUE
"DAKCFMEO_01862","WP_004655323.1",TRUE
"DAKCFMEO_01677","WP_004656644.1",TRUE
"DAKCFMEO_02347","WP_004657364.1",TRUE
"DAKCFMEO_04206","WP_004879420.1",TRUE
"DAKCFMEO_02882","WP_004880039.1",TRUE
"DAKCFMEO_01246","WP_004882435.1",TRUE
"DAKCFMEO_03511","WP_004883670.1",TRUE
"DAKCFMEO_01830","WP_005613236.1",TRUE
"DAKCFMEO_01831","WP_005613239.1",TRUE
"DAKCFMEO_01842","WP_005613323.1",TRUE
"DAKCFMEO_02227","WP_005613459.1",TRUE
"DAKCFMEO_01251","WP_005613564.1",TRUE
"DAKCFMEO_01998","WP_005613652.1",TRUE
"DAKCFMEO_01999","WP_005613653.1",TRUE
"DAKCFMEO_02045","WP_005613713.1",TRUE
"DAKCFMEO_02184","WP_005613805.1",TRUE
"DAKCFMEO_02187","WP_005613810.1",TRUE
"DAKCFMEO_02178","WP_005613930.1",TRUE
"DAKCFMEO_05025","WP_005613956.1",TRUE
"DAKCFMEO_05023","WP_005613959.1",TRUE
"DAKCFMEO_02950","WP_005613972.1",TRUE
"DAKCFMEO_02911","WP_005614032.1",TRUE
"DAKCFMEO_02910","WP_005614033.1",TRUE
"DAKCFMEO_02870","WP_005614111.1",TRUE
"DAKCFMEO_02867","WP_005614128.1",TRUE
"DAKCFMEO_02866","WP_005614129.1",TRUE
"DAKCFMEO_02826","WP_005614160.1",TRUE
"DAKCFMEO_02809","WP_005614181.1",TRUE
"DAKCFMEO_02804","WP_005614190.1",TRUE
"DAKCFMEO_02799","WP_005614195.1",TRUE
"DAKCFMEO_03534","WP_005614296.1",TRUE
"DAKCFMEO_03561","WP_005614373.1",TRUE
"DAKCFMEO_03583","WP_005614429.1",TRUE
"DAKCFMEO_03672","WP_005614458.1",TRUE
"DAKCFMEO_03685","WP_005614495.1",TRUE
"DAKCFMEO_03687","WP_005614499.1",TRUE
"DAKCFMEO_00517","WP_005614629.1",TRUE
"DAKCFMEO_00511","WP_005614782.1",TRUE
"DAKCFMEO_00487","WP_005614818.1",TRUE
"DAKCFMEO_01660","WP_005614892.1",TRUE
"DAKCFMEO_01652","WP_005614914.1",TRUE
"DAKCFMEO_01646","WP_005614924.1",TRUE
"DAKCFMEO_01744","WP_005615033.1",TRUE
"DAKCFMEO_03438","WP_005615192.1",TRUE
"DAKCFMEO_02752","WP_005615366.1",TRUE
"DAKCFMEO_02736","WP_005615404.1",TRUE
"DAKCFMEO_03294","WP_005615457.1",TRUE
"DAKCFMEO_02980","WP_005615493.1",TRUE
"DAKCFMEO_02989","WP_005615514.1",TRUE
"DAKCFMEO_03009","WP_005615570.1",TRUE
"DAKCFMEO_01769","WP_005615650.1",TRUE
"DAKCFMEO_01462","WP_005615731.1",TRUE
"DAKCFMEO_03344","WP_005615771.1",TRUE
"DAKCFMEO_03272","WP_005615845.1",TRUE
"DAKCFMEO_03211","WP_005615949.1",TRUE
"DAKCFMEO_03199","WP_005615972.1",TRUE
"DAKCFMEO_03168","WP_005616022.1",TRUE
"DAKCFMEO_03159","WP_005616037.1",TRUE
"DAKCFMEO_03156","WP_005616041.1",TRUE
"DAKCFMEO_03126","WP_005616090.1",TRUE
"DAKCFMEO_00054","WP_005616197.1",TRUE
"DAKCFMEO_00036","WP_005616222.1",TRUE
"DAKCFMEO_02260","WP_005616363.1",TRUE
"DAKCFMEO_02264","WP_005616372.1",TRUE
"DAKCFMEO_02270","WP_005616381.1",TRUE
"DAKCFMEO_02314","WP_005616461.1",TRUE
"DAKCFMEO_02316","WP_005616463.1",TRUE
"DAKCFMEO_04502","WP_005616592.1",TRUE
"DAKCFMEO_04514","WP_005616608.1",TRUE
"DAKCFMEO_02396","WP_005616613.1",TRUE
"DAKCFMEO_02499","WP_005616754.1",TRUE
"DAKCFMEO_02532","WP_005616835.1",TRUE
"DAKCFMEO_02544","WP_005616857.1",TRUE
"DAKCFMEO_02613","WP_005616977.1",TRUE
"DAKCFMEO_02626","WP_005617003.1",TRUE
"DAKCFMEO_02631","WP_005617011.1",TRUE
"DAKCFMEO_00820","WP_005617091.1",TRUE
"DAKCFMEO_02681","WP_005617102.1",TRUE
"DAKCFMEO_02683","WP_005617103.1",TRUE
"DAKCFMEO_00627","WP_005617237.1",TRUE
"DAKCFMEO_00651","WP_005617294.1",TRUE
"DAKCFMEO_02625","WP_005617305.1",TRUE
"DAKCFMEO_00706","WP_005617338.1",TRUE
"DAKCFMEO_00717","WP_005617359.1",TRUE
"DAKCFMEO_00720","WP_005617365.1",TRUE
"DAKCFMEO_00779","WP_005617455.1",TRUE
"DAKCFMEO_00792","WP_005617470.1",TRUE
"DAKCFMEO_00835","WP_005617488.1",TRUE
"DAKCFMEO_00903","WP_005617534.1",TRUE
"DAKCFMEO_01351","WP_005617589.1",TRUE
"DAKCFMEO_01337","WP_005617613.1",TRUE
"DAKCFMEO_01382","WP_005617711.1",TRUE
"DAKCFMEO_01378","WP_005617714.1",TRUE
"DAKCFMEO_01033","WP_005617775.1",TRUE
"DAKCFMEO_00663","WP_005618719.1",TRUE
"DAKCFMEO_01409","WP_005618859.1",TRUE
"DAKCFMEO_01450","WP_005618920.1",TRUE
"DAKCFMEO_01507","WP_005618952.1",TRUE
"DAKCFMEO_01532","WP_005619059.1",TRUE
"DAKCFMEO_01541","WP_005619067.1",TRUE
"DAKCFMEO_04691","WP_005619235.1",TRUE
"DAKCFMEO_04591","WP_005619360.1",TRUE
"DAKCFMEO_04553","WP_005619395.1",TRUE
"DAKCFMEO_04377","WP_005619515.1",TRUE
"DAKCFMEO_04264","WP_005619689.1",TRUE
"DAKCFMEO_04240","WP_005619727.1",TRUE
"DAKCFMEO_04153","WP_005619831.1",TRUE
"DAKCFMEO_04162","WP_005619852.1",TRUE
"DAKCFMEO_04476","WP_005619903.1",TRUE
"DAKCFMEO_00075","WP_005619926.1",TRUE
"DAKCFMEO_00110","WP_005619982.1",TRUE
"DAKCFMEO_00112","WP_005619985.1",TRUE
"DAKCFMEO_00155","WP_005620033.1",TRUE
"DAKCFMEO_00212","WP_005620091.1",TRUE
"DAKCFMEO_00219","WP_005620106.1",TRUE
"DAKCFMEO_00297","WP_005620205.1",TRUE
"DAKCFMEO_00299","WP_005620206.1",TRUE
"DAKCFMEO_00375","WP_005620274.1",TRUE
"DAKCFMEO_00405","WP_005620303.1",TRUE
"DAKCFMEO_00409","WP_005620308.1",TRUE
"DAKCFMEO_00422","WP_005620321.1",TRUE
"DAKCFMEO_00437","WP_005620333.1",TRUE
"DAKCFMEO_00442","WP_005620338.1",TRUE
"DAKCFMEO_01683","WP_005620402.1",TRUE
"DAKCFMEO_01691","WP_005620411.1",TRUE
"DAKCFMEO_01704","WP_005620437.1",TRUE
"DAKCFMEO_01808","WP_005620479.1",TRUE
"DAKCFMEO_04814","WP_005620645.1",TRUE
"DAKCFMEO_04868","WP_005620804.1",TRUE
"DAKCFMEO_04870","WP_005620808.1",TRUE
"DAKCFMEO_04879","WP_005620823.1",TRUE
"DAKCFMEO_04882","WP_005620859.1",TRUE
"DAKCFMEO_04982","WP_005620970.1",TRUE
"DAKCFMEO_04999","WP_005621029.1",TRUE
"DAKCFMEO_05016","WP_005621066.1",TRUE
"DAKCFMEO_05100","WP_005621194.1",TRUE
"DAKCFMEO_05062","WP_005621218.1",TRUE
"DAKCFMEO_01973","WP_005621372.1",TRUE
"DAKCFMEO_01949","WP_005621407.1",TRUE
"DAKCFMEO_05199","WP_005621582.1",TRUE
"DAKCFMEO_05200","WP_005621585.1",TRUE
"DAKCFMEO_01577","WP_005621857.1",TRUE
"DAKCFMEO_01550","WP_005621919.1",TRUE
"DAKCFMEO_02399","WP_005731386.1",TRUE
"DAKCFMEO_03157","WP_005736179.1",TRUE
"DAKCFMEO_03167","WP_005736188.1",TRUE
"DAKCFMEO_03330","WP_005736309.1",TRUE
"DAKCFMEO_02982","WP_005736419.1",TRUE
"DAKCFMEO_02978","WP_005736422.1",TRUE
"DAKCFMEO_02726","WP_005736458.1",TRUE
"DAKCFMEO_02790","WP_005736511.1",TRUE
"DAKCFMEO_03376","WP_005736521.1",TRUE
"DAKCFMEO_03402","WP_005736538.1",TRUE
"DAKCFMEO_03409","WP_005736543.1",TRUE
"DAKCFMEO_03417","WP_005736551.1",TRUE
"DAKCFMEO_03426","WP_005736559.1",TRUE
"DAKCFMEO_00546","WP_005736691.1",TRUE
"DAKCFMEO_03607","WP_005736753.1",TRUE
"DAKCFMEO_04867","WP_005736842.1",TRUE
"DAKCFMEO_04891","WP_005736856.1",TRUE
"DAKCFMEO_04926","WP_005736885.1",TRUE
"DAKCFMEO_04936","WP_005736892.1",TRUE
"DAKCFMEO_05004","WP_005736950.1",TRUE
"DAKCFMEO_05007","WP_005736951.1",TRUE
"DAKCFMEO_05008","WP_005736952.1",TRUE
"DAKCFMEO_05147","WP_005737007.1",TRUE
"DAKCFMEO_01959","WP_005737044.1",TRUE
"DAKCFMEO_02024","WP_005737104.1",TRUE
"DAKCFMEO_05225","WP_005737150.1",TRUE
"DAKCFMEO_05227","WP_005737152.1",TRUE
"DAKCFMEO_05112","WP_005737390.1",TRUE
"DAKCFMEO_02139","WP_005737391.1",TRUE
"DAKCFMEO_04963","WP_005737430.1",TRUE
"DAKCFMEO_05041","WP_005737440.1",TRUE
"DAKCFMEO_04972","WP_005737465.1",TRUE
"DAKCFMEO_01187","WP_005737718.1",TRUE
"DAKCFMEO_01121","WP_005737770.1",TRUE
"DAKCFMEO_04094","WP_005737860.1",TRUE
"DAKCFMEO_04021","WP_005737926.1",TRUE
"DAKCFMEO_04019","WP_005737927.1",TRUE
"DAKCFMEO_00769","WP_005737978.1",TRUE
"DAKCFMEO_00738","WP_005738001.1",TRUE
"DAKCFMEO_00693","WP_005738027.1",TRUE
"DAKCFMEO_00643","WP_005738085.1",TRUE
"DAKCFMEO_00610","WP_005738107.1",TRUE
"DAKCFMEO_01407","WP_005738213.1",TRUE
"DAKCFMEO_02632","WP_005738376.1",TRUE
"DAKCFMEO_01381","WP_005738493.1",TRUE
"DAKCFMEO_01933","WP_005738602.1",TRUE
"DAKCFMEO_00773","WP_005738807.1",TRUE
"DAKCFMEO_00811","WP_005738829.1",TRUE
"DAKCFMEO_02254","WP_005739010.1",TRUE
"DAKCFMEO_02244","WP_005739017.1",TRUE
"DAKCFMEO_00403","WP_005739040.1",TRUE
"DAKCFMEO_00431","WP_005739059.1",TRUE
"DAKCFMEO_01687","WP_005739097.1",TRUE
"DAKCFMEO_00149","WP_005739136.1",TRUE
"DAKCFMEO_00233","WP_005739198.1",TRUE
"DAKCFMEO_03977","WP_005739341.1",TRUE
"DAKCFMEO_03950","WP_005739372.1",TRUE
"DAKCFMEO_00284","WP_005739483.1",TRUE
"DAKCFMEO_00366","WP_005739535.1",TRUE
"DAKCFMEO_05067","WP_005739559.1",TRUE
"DAKCFMEO_02180","WP_005739631.1",TRUE
"DAKCFMEO_01571","WP_005739655.1",TRUE
"DAKCFMEO_01220","WP_005739694.1",TRUE
"DAKCFMEO_04125","WP_005739770.1",TRUE
"DAKCFMEO_02832","WP_005739807.1",TRUE
"DAKCFMEO_02842","WP_005739815.1",TRUE
"DAKCFMEO_02039","WP_005739842.1",TRUE
"DAKCFMEO_02036","WP_005739846.1",TRUE
"DAKCFMEO_01910","WP_005739890.1",TRUE
"DAKCFMEO_01907","WP_005739893.1",TRUE
"DAKCFMEO_04331","WP_005740056.1",TRUE
"DAKCFMEO_04335","WP_005740060.1",TRUE
"DAKCFMEO_04339","WP_005740065.1",TRUE
"DAKCFMEO_00089","WP_005740131.1",TRUE
"DAKCFMEO_00088","WP_005740134.1",TRUE
"DAKCFMEO_04478","WP_005740210.1",TRUE
"DAKCFMEO_02675","WP_005740380.1",TRUE
"DAKCFMEO_00047","WP_005740539.1",TRUE
"DAKCFMEO_04512","WP_005740596.1",TRUE
"DAKCFMEO_04508","WP_005740602.1",TRUE
"DAKCFMEO_04505","WP_005740605.1",TRUE
"DAKCFMEO_04745","WP_005760598.1",TRUE
"DAKCFMEO_01549","WP_005760695.1",TRUE
"DAKCFMEO_04275","WP_005760710.1",TRUE
"DAKCFMEO_03819","WP_005762368.1",TRUE
"DAKCFMEO_03807","WP_005762396.1",TRUE
"DAKCFMEO_03803","WP_005762406.1",TRUE
"DAKCFMEO_03802","WP_005762408.1",TRUE
"DAKCFMEO_03800","WP_005762416.1",TRUE
"DAKCFMEO_03792","WP_005762418.1",TRUE
"DAKCFMEO_03778","WP_005762447.1",TRUE
"DAKCFMEO_03771","WP_005762461.1",TRUE
"DAKCFMEO_03770","WP_005762465.1",TRUE
"DAKCFMEO_03767","WP_005762472.1",TRUE
"DAKCFMEO_03766","WP_005762474.1",TRUE
"DAKCFMEO_03765","WP_005762476.1",TRUE
"DAKCFMEO_03764","WP_005762478.1",TRUE
"DAKCFMEO_03759","WP_005762486.1",TRUE
"DAKCFMEO_03758","WP_005762487.1",TRUE
"DAKCFMEO_03754","WP_005762491.1",TRUE
"DAKCFMEO_03740","WP_005762514.1",TRUE
"DAKCFMEO_03735","WP_005762525.1",TRUE
"DAKCFMEO_03730","WP_005762534.1",TRUE
"DAKCFMEO_03726","WP_005762543.1",TRUE
"DAKCFMEO_03725","WP_005762545.1",TRUE
"DAKCFMEO_03722","WP_005762555.1",TRUE
"DAKCFMEO_03716","WP_005762564.1",TRUE
"DAKCFMEO_03712","WP_005762569.1",TRUE
"DAKCFMEO_03709","WP_005762572.1",TRUE
"DAKCFMEO_01193","WP_005762574.1",TRUE
"DAKCFMEO_01192","WP_005762577.1",TRUE
"DAKCFMEO_01190","WP_005762579.1",TRUE
"DAKCFMEO_01189","WP_005762581.1",TRUE
"DAKCFMEO_01186","WP_005762586.1",TRUE
"DAKCFMEO_01177","WP_005762602.1",TRUE
"DAKCFMEO_01176","WP_005762604.1",TRUE
"DAKCFMEO_01172","WP_005762606.1",TRUE
"DAKCFMEO_01171","WP_005762608.1",TRUE
"DAKCFMEO_01166","WP_005762615.1",TRUE
"DAKCFMEO_01165","WP_005762617.1",TRUE
"DAKCFMEO_01164","WP_005762619.1",TRUE
"DAKCFMEO_01163","WP_005762621.1",TRUE
"DAKCFMEO_01161","WP_005762626.1",TRUE
"DAKCFMEO_01159","WP_005762628.1",TRUE
"DAKCFMEO_04398","WP_005762629.1",TRUE
"DAKCFMEO_01125","WP_005762644.1",TRUE
"DAKCFMEO_01124","WP_005762646.1",TRUE
"DAKCFMEO_01114","WP_005762667.1",TRUE
"DAKCFMEO_01109","WP_005762680.1",TRUE
"DAKCFMEO_01107","WP_005762682.1",TRUE
"DAKCFMEO_01105","WP_005762684.1",TRUE
"DAKCFMEO_01102","WP_005762690.1",TRUE
"DAKCFMEO_01099","WP_005762697.1",TRUE
"DAKCFMEO_01098","WP_005762699.1",TRUE
"DAKCFMEO_01096","WP_005762701.1",TRUE
"DAKCFMEO_01095","WP_005762703.1",TRUE
"DAKCFMEO_01092","WP_005762709.1",TRUE
"DAKCFMEO_01091","WP_005762712.1",TRUE
"DAKCFMEO_01041","WP_005762776.1",TRUE
"DAKCFMEO_01036","WP_005762782.1",TRUE
"DAKCFMEO_01035","WP_005762784.1",TRUE
"DAKCFMEO_01108","WP_005762801.1",TRUE
"DAKCFMEO_01623","WP_005762812.1",TRUE
"DAKCFMEO_00885","WP_005762856.1",TRUE
"DAKCFMEO_00883","WP_005762859.1",TRUE
"DAKCFMEO_00880","WP_005762863.1",TRUE
"DAKCFMEO_00879","WP_005762866.1",TRUE
"DAKCFMEO_00878","WP_005762867.1",TRUE
"DAKCFMEO_00876","WP_005762869.1",TRUE
"DAKCFMEO_01380","WP_005762877.1",TRUE
"DAKCFMEO_01383","WP_005762883.1",TRUE
"DAKCFMEO_01384","WP_005762885.1",TRUE
"DAKCFMEO_01385","WP_005762887.1",TRUE
"DAKCFMEO_01386","WP_005762889.1",TRUE
"DAKCFMEO_01388","WP_005762891.1",TRUE
"DAKCFMEO_04987","WP_005762940.1",TRUE
"DAKCFMEO_04986","WP_005762942.1",TRUE
"DAKCFMEO_04985","WP_005762944.1",TRUE
"DAKCFMEO_04983","WP_005762949.1",TRUE
"DAKCFMEO_04981","WP_005762952.1",TRUE
"DAKCFMEO_04979","WP_005762954.1",TRUE
"DAKCFMEO_04978","WP_005762956.1",TRUE
"DAKCFMEO_04955","WP_005762959.1",TRUE
"DAKCFMEO_04949","WP_005762965.1",TRUE
"DAKCFMEO_04943","WP_005762970.1",TRUE
"DAKCFMEO_04940","WP_005762973.1",TRUE
"DAKCFMEO_04938","WP_005762975.1",TRUE
"DAKCFMEO_04932","WP_005762979.1",TRUE
"DAKCFMEO_04929","WP_005762981.1",TRUE
"DAKCFMEO_04911","WP_005762992.1",TRUE
"DAKCFMEO_04903","WP_005763001.1",TRUE
"DAKCFMEO_04902","WP_005763003.1",TRUE
"DAKCFMEO_04901","WP_005763005.1",TRUE
"DAKCFMEO_04900","WP_005763007.1",TRUE
"DAKCFMEO_04895","WP_005763015.1",TRUE
"DAKCFMEO_04889","WP_005763025.1",TRUE
"DAKCFMEO_04888","WP_005763027.1",TRUE
"DAKCFMEO_04876","WP_005763035.1",TRUE
"DAKCFMEO_04871","WP_005763045.1",TRUE
"DAKCFMEO_04869","WP_005763051.1",TRUE
"DAKCFMEO_04865","WP_005763054.1",TRUE
"DAKCFMEO_04862","WP_005763057.1",TRUE
"DAKCFMEO_04861","WP_005763059.1",TRUE
"DAKCFMEO_04857","WP_005763065.1",TRUE
"DAKCFMEO_04855","WP_005763069.1",TRUE
"DAKCFMEO_04851","WP_005763077.1",TRUE
"DAKCFMEO_04849","WP_005763080.1",TRUE
"DAKCFMEO_04844","WP_005763092.1",TRUE
"DAKCFMEO_04841","WP_005763096.1",TRUE
"DAKCFMEO_04840","WP_005763098.1",TRUE
"DAKCFMEO_04837","WP_005763104.1",TRUE
"DAKCFMEO_04836","WP_005763106.1",TRUE
"DAKCFMEO_04835","WP_005763108.1",TRUE
"DAKCFMEO_04832","WP_005763115.1",TRUE
"DAKCFMEO_04828","WP_005763119.1",TRUE
"DAKCFMEO_04826","WP_005763123.1",TRUE
"DAKCFMEO_03616","WP_005763127.1",TRUE
"DAKCFMEO_03618","WP_005763130.1",TRUE
"DAKCFMEO_03620","WP_005763134.1",TRUE
"DAKCFMEO_03621","WP_005763136.1",TRUE
"DAKCFMEO_03626","WP_005763150.1",TRUE
"DAKCFMEO_03631","WP_005763161.1",TRUE
"DAKCFMEO_03640","WP_005763178.1",TRUE
"DAKCFMEO_03642","WP_005763182.1",TRUE
"DAKCFMEO_03644","WP_005763186.1",TRUE
"DAKCFMEO_03646","WP_005763190.1",TRUE
"DAKCFMEO_03647","WP_005763193.1",TRUE
"DAKCFMEO_03655","WP_005763203.1",TRUE
"DAKCFMEO_03660","WP_005763213.1",TRUE
"DAKCFMEO_03661","WP_005763215.1",TRUE
"DAKCFMEO_03662","WP_005763217.1",TRUE
"DAKCFMEO_03600","WP_005763225.1",TRUE
"DAKCFMEO_03603","WP_005763231.1",TRUE
"DAKCFMEO_03611","WP_005763243.1",TRUE
"DAKCFMEO_03613","WP_005763246.1",TRUE
"DAKCFMEO_03614","WP_005763248.1",TRUE
"DAKCFMEO_04822","WP_005763254.1",TRUE
"DAKCFMEO_04815","WP_005763270.1",TRUE
"DAKCFMEO_04808","WP_005763279.1",TRUE
"DAKCFMEO_04806","WP_005763284.1",TRUE
"DAKCFMEO_04800","WP_005763294.1",TRUE
"DAKCFMEO_02052","WP_005763322.1",TRUE
"DAKCFMEO_05165","WP_005763415.1",TRUE
"DAKCFMEO_05160","WP_005763424.1",TRUE
"DAKCFMEO_01980","WP_005763440.1",TRUE
"DAKCFMEO_01983","WP_005763446.1",TRUE
"DAKCFMEO_01984","WP_005763448.1",TRUE
"DAKCFMEO_01986","WP_005763452.1",TRUE
"DAKCFMEO_01987","WP_005763453.1",TRUE
"DAKCFMEO_01988","WP_005763455.1",TRUE
"DAKCFMEO_01989","WP_005763456.1",TRUE
"DAKCFMEO_01990","WP_005763459.1",TRUE
"DAKCFMEO_01991","WP_005763462.1",TRUE
"DAKCFMEO_01993","WP_005763465.1",TRUE
"DAKCFMEO_01814","WP_005763472.1",TRUE
"DAKCFMEO_02185","WP_005763490.1",TRUE
"DAKCFMEO_02188","WP_005763493.1",TRUE
"DAKCFMEO_02190","WP_005763495.1",TRUE
"DAKCFMEO_05114","WP_005763515.1",TRUE
"DAKCFMEO_02141","WP_005763521.1",TRUE
"DAKCFMEO_02143","WP_005763524.1",TRUE
"DAKCFMEO_02148","WP_005763543.1",TRUE
"DAKCFMEO_02153","WP_005763550.1",TRUE
"DAKCFMEO_02158","WP_005763555.1",TRUE
"DAKCFMEO_02161","WP_005763560.1",TRUE
"DAKCFMEO_02165","WP_005763563.1",TRUE
"DAKCFMEO_02166","WP_005763565.1",TRUE
"DAKCFMEO_02167","WP_005763567.1",TRUE
"DAKCFMEO_02177","WP_005763583.1",TRUE
"DAKCFMEO_04962","WP_005763587.1",TRUE
"DAKCFMEO_04961","WP_005763589.1",TRUE
"DAKCFMEO_04960","WP_005763591.1",TRUE
"DAKCFMEO_04977","WP_005763597.1",TRUE
"DAKCFMEO_04975","WP_005763601.1",TRUE
"DAKCFMEO_05047","WP_005763607.1",TRUE
"DAKCFMEO_05044","WP_005763611.1",TRUE
"DAKCFMEO_05043","WP_005763613.1",TRUE
"DAKCFMEO_05042","WP_005763614.1",TRUE
"DAKCFMEO_05040","WP_005763618.1",TRUE
"DAKCFMEO_05039","WP_005763620.1",TRUE
"DAKCFMEO_05036","WP_005763630.1",TRUE
"DAKCFMEO_05035","WP_005763632.1",TRUE
"DAKCFMEO_05034","WP_005763634.1",TRUE
"DAKCFMEO_05031","WP_005763636.1",TRUE
"DAKCFMEO_05030","WP_005763638.1",TRUE
"DAKCFMEO_05029","WP_005763640.1",TRUE
"DAKCFMEO_05022","WP_005763645.1",TRUE
"DAKCFMEO_05052","WP_005763647.1",TRUE
"DAKCFMEO_05054","WP_005763651.1",TRUE
"DAKCFMEO_04973","WP_005763655.1",TRUE
"DAKCFMEO_04974","WP_005763658.1",TRUE
"DAKCFMEO_02945","WP_005763669.1",TRUE
"DAKCFMEO_02951","WP_005763674.1",TRUE
"DAKCFMEO_02953","WP_005763676.1",TRUE
"DAKCFMEO_02952","WP_005763678.1",FALSE
"DAKCFMEO_02959","WP_005763680.1",TRUE
"DAKCFMEO_02961","WP_005763685.1",TRUE
"DAKCFMEO_02963","WP_005763688.1",TRUE
"DAKCFMEO_02964","WP_005763690.1",TRUE
"DAKCFMEO_04970","WP_005763692.1",TRUE
"DAKCFMEO_04968","WP_005763694.1",TRUE
"DAKCFMEO_04967","WP_005763696.1",TRUE
"DAKCFMEO_04965","WP_005763699.1",TRUE
"DAKCFMEO_02939","WP_005763703.1",TRUE
"DAKCFMEO_02938","WP_005763705.1",TRUE
"DAKCFMEO_02937","WP_005763731.1",TRUE
"DAKCFMEO_02936","WP_005763732.1",TRUE
"DAKCFMEO_02935","WP_005763735.1",TRUE
"DAKCFMEO_02933","WP_005763737.1",TRUE
"DAKCFMEO_02932","WP_005763739.1",TRUE
"DAKCFMEO_02931","WP_005763742.1",TRUE
"DAKCFMEO_02930","WP_005763744.1",TRUE
"DAKCFMEO_02927","WP_005763753.1",TRUE
"DAKCFMEO_02925","WP_005763757.1",TRUE
"DAKCFMEO_02924","WP_005763760.1",TRUE
"DAKCFMEO_02923","WP_005763762.1",TRUE
"DAKCFMEO_02921","WP_005763768.1",TRUE
"DAKCFMEO_02919","WP_005763772.1",TRUE
"DAKCFMEO_02913","WP_005763797.1",TRUE
"DAKCFMEO_02912","WP_005763799.1",TRUE
"DAKCFMEO_02909","WP_005763801.1",TRUE
"DAKCFMEO_02907","WP_005763805.1",TRUE
"DAKCFMEO_02906","WP_005763807.1",TRUE
"DAKCFMEO_02904","WP_005763809.1",TRUE
"DAKCFMEO_03044","WP_005763843.1",TRUE
"DAKCFMEO_01464","WP_005763855.1",TRUE
"DAKCFMEO_01465","WP_005763862.1",TRUE
"DAKCFMEO_01471","WP_005763879.1",TRUE
"DAKCFMEO_01485","WP_005763897.1",TRUE
"DAKCFMEO_01486","WP_005763898.1",TRUE
"DAKCFMEO_01477","WP_005763915.1",TRUE
"DAKCFMEO_03315","WP_005763930.1",TRUE
"DAKCFMEO_04795","WP_005763938.1",TRUE
"DAKCFMEO_04479","WP_005763940.1",TRUE
"DAKCFMEO_01766","WP_005763950.1",TRUE
"DAKCFMEO_01767","WP_005763952.1",TRUE
"DAKCFMEO_01770","WP_005763959.1",TRUE
"DAKCFMEO_01771","WP_005763961.1",TRUE
"DAKCFMEO_01773","WP_005763967.1",TRUE
"DAKCFMEO_03019","WP_005763992.1",TRUE
"DAKCFMEO_03012","WP_005764019.1",TRUE
"DAKCFMEO_03007","WP_005764024.1",TRUE
"DAKCFMEO_03006","WP_005764026.1",TRUE
"DAKCFMEO_03002","WP_005764030.1",TRUE
"DAKCFMEO_02995","WP_005764038.1",TRUE
"DAKCFMEO_02992","WP_005764042.1",TRUE
"DAKCFMEO_02991","WP_005764043.1",TRUE
"DAKCFMEO_02988","WP_005764045.1",TRUE
"DAKCFMEO_02987","WP_005764046.1",TRUE
"DAKCFMEO_02986","WP_005764047.1",TRUE
"DAKCFMEO_02983","WP_005764048.1",TRUE
"DAKCFMEO_02981","WP_005764049.1",TRUE
"DAKCFMEO_02976","WP_005764051.1",TRUE
"DAKCFMEO_02975","WP_005764052.1",TRUE
"DAKCFMEO_02974","WP_005764053.1",TRUE
"DAKCFMEO_02971","WP_005764054.1",TRUE
"DAKCFMEO_02969","WP_005764059.1",TRUE
"DAKCFMEO_02966","WP_005764067.1",TRUE
"DAKCFMEO_03293","WP_005764071.1",TRUE
"DAKCFMEO_03295","WP_005764073.1",TRUE
"DAKCFMEO_03297","WP_005764078.1",TRUE
"DAKCFMEO_03299","WP_005764082.1",TRUE
"DAKCFMEO_03301","WP_005764084.1",TRUE
"DAKCFMEO_03304","WP_005764092.1",TRUE
"DAKCFMEO_03305","WP_005764094.1",TRUE
"DAKCFMEO_03290","WP_005764101.1",TRUE
"DAKCFMEO_03289","WP_005764104.1",TRUE
"DAKCFMEO_02716","WP_005764106.1",TRUE
"DAKCFMEO_02717","WP_005764108.1",TRUE
"DAKCFMEO_02718","WP_005764110.1",TRUE
"DAKCFMEO_02719","WP_005764112.1",TRUE
"DAKCFMEO_02721","WP_005764114.1",TRUE
"DAKCFMEO_02723","WP_005764116.1",TRUE
"DAKCFMEO_02727","WP_005764130.1",TRUE
"DAKCFMEO_02728","WP_005764132.1",TRUE
"DAKCFMEO_02731","WP_005764136.1",TRUE
"DAKCFMEO_02732","WP_005764140.1",TRUE
"DAKCFMEO_02733","WP_005764142.1",TRUE
"DAKCFMEO_02734","WP_005764144.1",TRUE
"DAKCFMEO_02740","WP_005764153.1",TRUE
"DAKCFMEO_02746","WP_005764169.1",TRUE
"DAKCFMEO_02751","WP_005764177.1",TRUE
"DAKCFMEO_02755","WP_005764184.1",TRUE
"DAKCFMEO_02760","WP_005764194.1",TRUE
"DAKCFMEO_02762","WP_005764200.1",TRUE
"DAKCFMEO_02763","WP_005764206.1",TRUE
"DAKCFMEO_02770","WP_005764221.1",TRUE
"DAKCFMEO_02773","WP_005764227.1",TRUE
"DAKCFMEO_02774","WP_005764229.1",TRUE
"DAKCFMEO_02775","WP_005764231.1",TRUE
"DAKCFMEO_03951","WP_005764246.1",TRUE
"DAKCFMEO_03943","WP_005764255.1",TRUE
"DAKCFMEO_03938","WP_005764266.1",TRUE
"DAKCFMEO_03937","WP_005764268.1",TRUE
"DAKCFMEO_03930","WP_005764318.1",TRUE
"DAKCFMEO_03929","WP_005764319.1",TRUE
"DAKCFMEO_03923","WP_005764325.1",TRUE
"DAKCFMEO_03920","WP_005764330.1",TRUE
"DAKCFMEO_03906","WP_005764344.1",TRUE
"DAKCFMEO_04173","WP_005764391.1",TRUE
"DAKCFMEO_04174","WP_005764393.1",TRUE
"DAKCFMEO_04175","WP_005764395.1",TRUE
"DAKCFMEO_04177","WP_005764399.1",TRUE
"DAKCFMEO_03903","WP_005764417.1",TRUE
"DAKCFMEO_03904","WP_005764418.1",TRUE
"DAKCFMEO_03901","WP_005764420.1",TRUE
"DAKCFMEO_03900","WP_005764422.1",TRUE
"DAKCFMEO_04020","WP_005764425.1",TRUE
"DAKCFMEO_04029","WP_005764441.1",TRUE
"DAKCFMEO_04039","WP_005764454.1",TRUE
"DAKCFMEO_04042","WP_005764458.1",TRUE
"DAKCFMEO_04013","WP_005764492.1",TRUE
"DAKCFMEO_04014","WP_005764495.1",TRUE
"DAKCFMEO_01006","WP_005764499.1",TRUE
"DAKCFMEO_00998","WP_005764509.1",TRUE
"DAKCFMEO_03956","WP_005764523.1",TRUE
"DAKCFMEO_03961","WP_005764534.1",TRUE
"DAKCFMEO_03962","WP_005764536.1",TRUE
"DAKCFMEO_03965","WP_005764543.1",TRUE
"DAKCFMEO_03972","WP_005764558.1",TRUE
"DAKCFMEO_00606","WP_005764591.1",TRUE
"DAKCFMEO_03996","WP_005764602.1",TRUE
"DAKCFMEO_04006","WP_005764620.1",TRUE
"DAKCFMEO_04008","WP_005764624.1",TRUE
"DAKCFMEO_04009","WP_005764626.1",TRUE
"DAKCFMEO_00886","WP_005764689.1",TRUE
"DAKCFMEO_00250","WP_005764714.1",TRUE
"DAKCFMEO_00249","WP_005764716.1",TRUE
"DAKCFMEO_00245","WP_005764727.1",TRUE
"DAKCFMEO_00244","WP_005764729.1",TRUE
"DAKCFMEO_00242","WP_005764735.1",TRUE
"DAKCFMEO_00241","WP_005764738.1",TRUE
"DAKCFMEO_00237","WP_005764742.1",TRUE
"DAKCFMEO_00235","WP_005764744.1",TRUE
"DAKCFMEO_00234","WP_005764747.1",TRUE
"DAKCFMEO_00231","WP_005764752.1",TRUE
"DAKCFMEO_00227","WP_005764756.1",TRUE
"DAKCFMEO_00224","WP_005764762.1",TRUE
"DAKCFMEO_00223","WP_005764764.1",TRUE
"DAKCFMEO_00222","WP_005764765.1",TRUE
"DAKCFMEO_00216","WP_005764769.1",TRUE
"DAKCFMEO_00215","WP_005764771.1",TRUE
"DAKCFMEO_00214","WP_005764772.1",TRUE
"DAKCFMEO_00213","WP_005764773.1",TRUE
"DAKCFMEO_00210","WP_005764775.1",TRUE
"DAKCFMEO_00209","WP_005764776.1",TRUE
"DAKCFMEO_00208","WP_005764777.1",TRUE
"DAKCFMEO_00206","WP_005764779.1",TRUE
"DAKCFMEO_00205","WP_005764781.1",TRUE
"DAKCFMEO_00204","WP_005764782.1",TRUE
"DAKCFMEO_00203","WP_005764783.1",TRUE
"DAKCFMEO_00202","WP_005764784.1",TRUE
"DAKCFMEO_00200","WP_005764786.1",TRUE
"DAKCFMEO_00199","WP_005764787.1",TRUE
"DAKCFMEO_00196","WP_005764789.1",TRUE
"DAKCFMEO_00195","WP_005764790.1",TRUE
"DAKCFMEO_00193","WP_005764792.1",TRUE
"DAKCFMEO_00192","WP_005764794.1",TRUE
"DAKCFMEO_00183","WP_005764807.1",TRUE
"DAKCFMEO_00182","WP_005764809.1",TRUE
"DAKCFMEO_00181","WP_005764810.1",TRUE
"DAKCFMEO_00180","WP_005764812.1",TRUE
"DAKCFMEO_00169","WP_005764831.1",TRUE
"DAKCFMEO_00167","WP_005764834.1",TRUE
"DAKCFMEO_00165","WP_005764836.1",TRUE
"DAKCFMEO_00158","WP_005764850.1",TRUE
"DAKCFMEO_00157","WP_005764852.1",TRUE
"DAKCFMEO_00156","WP_005764856.1",TRUE
"DAKCFMEO_00147","WP_005764864.1",TRUE
"DAKCFMEO_00141","WP_005764871.1",TRUE
"DAKCFMEO_00138","WP_005764877.1",TRUE
"DAKCFMEO_00137","WP_005764880.1",TRUE
"DAKCFMEO_00128","WP_005764890.1",TRUE
"DAKCFMEO_00127","WP_005764896.1",TRUE
"DAKCFMEO_00126","WP_005764898.1",TRUE
"DAKCFMEO_00125","WP_005764901.1",TRUE
"DAKCFMEO_00123","WP_005764906.1",TRUE
"DAKCFMEO_00114","WP_005764909.1",TRUE
"DAKCFMEO_00111","WP_005764915.1",TRUE
"DAKCFMEO_00109","WP_005764917.1",TRUE
"DAKCFMEO_00108","WP_005764919.1",TRUE
"DAKCFMEO_00106","WP_005764922.1",TRUE
"DAKCFMEO_00103","WP_005764923.1",TRUE
"DAKCFMEO_00099","WP_005764926.1",TRUE
"DAKCFMEO_00097","WP_005764931.1",TRUE
"DAKCFMEO_00095","WP_005764936.1",TRUE
"DAKCFMEO_00094","WP_005764940.1",TRUE
"DAKCFMEO_00092","WP_005764944.1",TRUE
"DAKCFMEO_00091","WP_005764946.1",TRUE
"DAKCFMEO_00080","WP_005764969.1",TRUE
"DAKCFMEO_00079","WP_005764971.1",TRUE
"DAKCFMEO_00077","WP_005764975.1",TRUE
"DAKCFMEO_00062","WP_005764980.1",TRUE
"DAKCFMEO_04699","WP_005765006.1",TRUE
"DAKCFMEO_04698","WP_005765011.1",TRUE
"DAKCFMEO_04696","WP_005765016.1",TRUE
"DAKCFMEO_04694","WP_005765020.1",TRUE
"DAKCFMEO_04690","WP_005765028.1",TRUE
"DAKCFMEO_04689","WP_005765031.1",TRUE
"DAKCFMEO_04685","WP_005765040.1",TRUE
"DAKCFMEO_04667","WP_005765087.1",TRUE
"DAKCFMEO_04665","WP_005765089.1",TRUE
"DAKCFMEO_04664","WP_005765091.1",TRUE
"DAKCFMEO_04663","WP_005765093.1",TRUE
"DAKCFMEO_04657","WP_005765099.1",TRUE
"DAKCFMEO_04656","WP_005765101.1",TRUE
"DAKCFMEO_04654","WP_005765105.1",TRUE
"DAKCFMEO_04653","WP_005765108.1",TRUE
"DAKCFMEO_04651","WP_005765115.1",TRUE
"DAKCFMEO_04649","WP_005765117.1",TRUE
"DAKCFMEO_04648","WP_005765119.1",TRUE
"DAKCFMEO_04647","WP_005765121.1",TRUE
"DAKCFMEO_04644","WP_005765123.1",TRUE
"DAKCFMEO_04642","WP_005765125.1",TRUE
"DAKCFMEO_04641","WP_005765127.1",TRUE
"DAKCFMEO_04639","WP_005765129.1",TRUE
"DAKCFMEO_04637","WP_005765133.1",TRUE
"DAKCFMEO_04636","WP_005765135.1",TRUE
"DAKCFMEO_04635","WP_005765137.1",TRUE
"DAKCFMEO_04633","WP_005765139.1",TRUE
"DAKCFMEO_04630","WP_005765145.1",TRUE
"DAKCFMEO_04629","WP_005765147.1",TRUE
"DAKCFMEO_04627","WP_005765154.1",TRUE
"DAKCFMEO_04625","WP_005765159.1",TRUE
"DAKCFMEO_04617","WP_005765163.1",TRUE
"DAKCFMEO_04616","WP_005765165.1",TRUE
"DAKCFMEO_04615","WP_005765167.1",TRUE
"DAKCFMEO_04614","WP_005765169.1",TRUE
"DAKCFMEO_04613","WP_005765172.1",TRUE
"DAKCFMEO_04610","WP_005765174.1",TRUE
"DAKCFMEO_04609","WP_005765176.1",TRUE
"DAKCFMEO_04598","WP_005765198.1",TRUE
"DAKCFMEO_04576","WP_005765211.1",TRUE
"DAKCFMEO_04575","WP_005765213.1",TRUE
"DAKCFMEO_04570","WP_005765215.1",TRUE
"DAKCFMEO_04568","WP_005765220.1",TRUE
"DAKCFMEO_04566","WP_005765224.1",TRUE
"DAKCFMEO_04548","WP_005765251.1",TRUE
"DAKCFMEO_04547","WP_005765253.1",TRUE
"DAKCFMEO_04546","WP_005765255.1",TRUE
"DAKCFMEO_04545","WP_005765257.1",TRUE
"DAKCFMEO_04544","WP_005765259.1",TRUE
"DAKCFMEO_04538","WP_005765268.1",TRUE
"DAKCFMEO_04524","WP_005765300.1",TRUE
"DAKCFMEO_04523","WP_005765302.1",TRUE
"DAKCFMEO_04497","WP_005765312.1",TRUE
"DAKCFMEO_04496","WP_005765316.1",TRUE
"DAKCFMEO_04493","WP_005765323.1",TRUE
"DAKCFMEO_04491","WP_005765329.1",TRUE
"DAKCFMEO_04395","WP_005765365.1",TRUE
"DAKCFMEO_02137","WP_005765391.1",TRUE
"DAKCFMEO_02136","WP_005765392.1",TRUE
"DAKCFMEO_02132","WP_005765398.1",TRUE
"DAKCFMEO_02131","WP_005765400.1",TRUE
"DAKCFMEO_02130","WP_005765402.1",TRUE
"DAKCFMEO_02124","WP_005765411.1",TRUE
"DAKCFMEO_02122","WP_005765415.1",TRUE
"DAKCFMEO_02121","WP_005765417.1",TRUE
"DAKCFMEO_02118","WP_005765423.1",TRUE
"DAKCFMEO_02114","WP_005765429.1",TRUE
"DAKCFMEO_02113","WP_005765431.1",TRUE
"DAKCFMEO_02112","WP_005765433.1",TRUE
"DAKCFMEO_02111","WP_005765469.1",TRUE
"DAKCFMEO_05098","WP_005765484.1",TRUE
"DAKCFMEO_05103","WP_005765495.1",TRUE
"DAKCFMEO_05105","WP_005765499.1",TRUE
"DAKCFMEO_05107","WP_005765501.1",TRUE
"DAKCFMEO_05108","WP_005765503.1",TRUE
"DAKCFMEO_05064","WP_005765516.1",TRUE
"DAKCFMEO_05073","WP_005765531.1",TRUE
"DAKCFMEO_05081","WP_005765539.1",TRUE
"DAKCFMEO_05082","WP_005765541.1",TRUE
"DAKCFMEO_05089","WP_005765550.1",TRUE
"DAKCFMEO_05090","WP_005765551.1",TRUE
"DAKCFMEO_05091","WP_005765552.1",TRUE
"DAKCFMEO_05093","WP_005765555.1",TRUE
"DAKCFMEO_02109","WP_005765557.1",TRUE
"DAKCFMEO_02107","WP_005765559.1",TRUE
"DAKCFMEO_02105","WP_005765561.1",TRUE
"DAKCFMEO_02103","WP_005765563.1",TRUE
"DAKCFMEO_05128","WP_005765567.1",TRUE
"DAKCFMEO_05129","WP_005765569.1",TRUE
"DAKCFMEO_05132","WP_005765571.1",TRUE
"DAKCFMEO_05138","WP_005765582.1",TRUE
"DAKCFMEO_05139","WP_005765584.1",TRUE
"DAKCFMEO_05143","WP_005765592.1",TRUE
"DAKCFMEO_05152","WP_005765610.1",TRUE
"DAKCFMEO_01968","WP_005765622.1",TRUE
"DAKCFMEO_00810","WP_005765633.1",TRUE
"DAKCFMEO_00805","WP_005765637.1",TRUE
"DAKCFMEO_00803","WP_005765639.1",TRUE
"DAKCFMEO_00800","WP_005765644.1",TRUE
"DAKCFMEO_00799","WP_005765645.1",TRUE
"DAKCFMEO_02421","WP_005765647.1",TRUE
"DAKCFMEO_00793","WP_005765650.1",TRUE
"DAKCFMEO_00790","WP_005765651.1",TRUE
"DAKCFMEO_00787","WP_005765654.1",TRUE
"DAKCFMEO_00786","WP_005765655.1",TRUE
"DAKCFMEO_00785","WP_005765656.1",TRUE
"DAKCFMEO_00781","WP_005765657.1",TRUE
"DAKCFMEO_00775","WP_005765662.1",TRUE
"DAKCFMEO_00768","WP_005765672.1",TRUE
"DAKCFMEO_00764","WP_005765677.1",TRUE
"DAKCFMEO_00758","WP_005765681.1",TRUE
"DAKCFMEO_00756","WP_005765682.1",TRUE
"DAKCFMEO_00751","WP_005765687.1",TRUE
"DAKCFMEO_00746","WP_005765699.1",TRUE
"DAKCFMEO_00740","WP_005765713.1",TRUE
"DAKCFMEO_00734","WP_005765718.1",TRUE
"DAKCFMEO_00733","WP_005765719.1",TRUE
"DAKCFMEO_00730","WP_005765721.1",TRUE
"DAKCFMEO_00725","WP_005765726.1",TRUE
"DAKCFMEO_00724","WP_005765727.1",TRUE
"DAKCFMEO_00722","WP_005765730.1",TRUE
"DAKCFMEO_00721","WP_005765732.1",TRUE
"DAKCFMEO_00707","WP_005765750.1",TRUE
"DAKCFMEO_00704","WP_005765765.1",TRUE
"DAKCFMEO_00703","WP_005765767.1",TRUE
"DAKCFMEO_00702","WP_005765770.1",TRUE
"DAKCFMEO_00694","WP_005765784.1",TRUE
"DAKCFMEO_00692","WP_005765788.1",TRUE
"DAKCFMEO_00683","WP_005765807.1",TRUE
"DAKCFMEO_00676","WP_005765821.1",TRUE
"DAKCFMEO_00674","WP_005765826.1",TRUE
"DAKCFMEO_00671","WP_005765832.1",TRUE
"DAKCFMEO_00669","WP_005765836.1",TRUE
"DAKCFMEO_00668","WP_005765838.1",TRUE
"DAKCFMEO_00666","WP_005765844.1",TRUE
"DAKCFMEO_03270","WP_005765859.1",TRUE
"DAKCFMEO_03269","WP_005765861.1",TRUE
"DAKCFMEO_03266","WP_005765867.1",TRUE
"DAKCFMEO_03263","WP_005765872.1",TRUE
"DAKCFMEO_03262","WP_005765874.1",TRUE
"DAKCFMEO_03260","WP_005765876.1",TRUE
"DAKCFMEO_03258","WP_005765880.1",TRUE
"DAKCFMEO_03254","WP_005765888.1",TRUE
"DAKCFMEO_03252","WP_005765892.1",TRUE
"DAKCFMEO_03247","WP_005765900.1",TRUE
"DAKCFMEO_03246","WP_005765904.1",TRUE
"DAKCFMEO_03243","WP_005765908.1",TRUE
"DAKCFMEO_03241","WP_005765912.1",TRUE
"DAKCFMEO_03240","WP_005765914.1",TRUE
"DAKCFMEO_03237","WP_005765916.1",TRUE
"DAKCFMEO_03234","WP_005765921.1",TRUE
"DAKCFMEO_03231","WP_005765926.1",TRUE
"DAKCFMEO_03230","WP_005765928.1",TRUE
"DAKCFMEO_03225","WP_005765933.1",TRUE
"DAKCFMEO_03221","WP_005765937.1",TRUE
"DAKCFMEO_03220","WP_005765940.1",TRUE
"DAKCFMEO_03219","WP_005765943.1",TRUE
"DAKCFMEO_03215","WP_005765949.1",TRUE
"DAKCFMEO_03212","WP_005765957.1",TRUE
"DAKCFMEO_03210","WP_005765961.1",TRUE
"DAKCFMEO_03200","WP_005765976.1",TRUE
"DAKCFMEO_03198","WP_005765978.1",TRUE
"DAKCFMEO_03196","WP_005765982.1",TRUE
"DAKCFMEO_03195","WP_005765985.1",TRUE
"DAKCFMEO_03193","WP_005765988.1",TRUE
"DAKCFMEO_03189","WP_005765994.1",TRUE
"DAKCFMEO_03185","WP_005765997.1",TRUE
"DAKCFMEO_03179","WP_005766003.1",TRUE
"DAKCFMEO_03177","WP_005766007.1",TRUE
"DAKCFMEO_03175","WP_005766009.1",TRUE
"DAKCFMEO_03174","WP_005766011.1",TRUE
"DAKCFMEO_03173","WP_005766012.1",TRUE
"DAKCFMEO_03171","WP_005766014.1",TRUE
"DAKCFMEO_03169","WP_005766016.1",TRUE
"DAKCFMEO_03165","WP_005766018.1",TRUE
"DAKCFMEO_03163","WP_005766020.1",TRUE
"DAKCFMEO_03162","WP_005766024.1",TRUE
"DAKCFMEO_03160","WP_005766026.1",TRUE
"DAKCFMEO_03158","WP_005766041.1",TRUE
"DAKCFMEO_03155","WP_005766043.1",TRUE
"DAKCFMEO_03154","WP_005766044.1",TRUE
"DAKCFMEO_03152","WP_005766046.1",TRUE
"DAKCFMEO_03149","WP_005766050.1",TRUE
"DAKCFMEO_03138","WP_005766070.1",TRUE
"DAKCFMEO_04460","WP_005766116.1",TRUE
"DAKCFMEO_03866","WP_005766129.1",TRUE
"DAKCFMEO_04085","WP_005766190.1",TRUE
"DAKCFMEO_04089","WP_005766198.1",TRUE
"DAKCFMEO_04091","WP_005766202.1",TRUE
"DAKCFMEO_04093","WP_005766205.1",TRUE
"DAKCFMEO_04098","WP_005766210.1",TRUE
"DAKCFMEO_04099","WP_005766212.1",TRUE
"DAKCFMEO_04101","WP_005766216.1",TRUE
"DAKCFMEO_04102","WP_005766218.1",TRUE
"DAKCFMEO_04103","WP_005766220.1",TRUE
"DAKCFMEO_04104","WP_005766223.1",TRUE
"DAKCFMEO_04105","WP_005766224.1",TRUE
"DAKCFMEO_04109","WP_005766232.1",TRUE
"DAKCFMEO_04110","WP_005766234.1",TRUE
"DAKCFMEO_04111","WP_005766237.1",TRUE
"DAKCFMEO_04116","WP_005766247.1",TRUE
"DAKCFMEO_04120","WP_005766254.1",TRUE
"DAKCFMEO_04121","WP_005766257.1",TRUE
"DAKCFMEO_04124","WP_005766263.1",TRUE
"DAKCFMEO_01616","WP_005766271.1",TRUE
"DAKCFMEO_01617","WP_005766274.1",TRUE
"DAKCFMEO_01025","WP_005766294.1",TRUE
"DAKCFMEO_01023","WP_005766298.1",TRUE
"DAKCFMEO_01019","WP_005766304.1",TRUE
"DAKCFMEO_00961","WP_005766308.1",TRUE
"DAKCFMEO_00957","WP_005766318.1",TRUE
"DAKCFMEO_01016","WP_005766320.1",TRUE
"DAKCFMEO_01015","WP_005766322.1",TRUE
"DAKCFMEO_01013","WP_005766327.1",TRUE
"DAKCFMEO_01012","WP_005766329.1",TRUE
"DAKCFMEO_01011","WP_005766330.1",TRUE
"DAKCFMEO_01010","WP_005766332.1",TRUE
"DAKCFMEO_00262","WP_005766345.1",TRUE
"DAKCFMEO_01696","WP_005766439.1",TRUE
"DAKCFMEO_01693","WP_005766442.1",TRUE
"DAKCFMEO_01688","WP_005766449.1",TRUE
"DAKCFMEO_01680","WP_005766456.1",TRUE
"DAKCFMEO_01675","WP_005766460.1",TRUE
"DAKCFMEO_01674","WP_005766463.1",TRUE
"DAKCFMEO_00470","WP_005766467.1",TRUE
"DAKCFMEO_00465","WP_005766477.1",TRUE
"DAKCFMEO_00457","WP_005766488.1",TRUE
"DAKCFMEO_00451","WP_005766501.1",TRUE
"DAKCFMEO_00445","WP_005766506.1",TRUE
"DAKCFMEO_00440","WP_005766512.1",TRUE
"DAKCFMEO_00439","WP_005766514.1",TRUE
"DAKCFMEO_00438","WP_005766516.1",TRUE
"DAKCFMEO_00434","WP_005766521.1",TRUE
"DAKCFMEO_00433","WP_005766523.1",TRUE
"DAKCFMEO_00430","WP_005766526.1",TRUE
"DAKCFMEO_00429","WP_005766528.1",TRUE
"DAKCFMEO_00428","WP_005766530.1",TRUE
"DAKCFMEO_00420","WP_005766542.1",TRUE
"DAKCFMEO_00419","WP_005766543.1",TRUE
"DAKCFMEO_00412","WP_005766548.1",TRUE
"DAKCFMEO_00410","WP_005766550.1",TRUE
"DAKCFMEO_00408","WP_005766552.1",TRUE
"DAKCFMEO_00407","WP_005766553.1",TRUE
"DAKCFMEO_00401","WP_005766562.1",TRUE
"DAKCFMEO_00398","WP_005766566.1",TRUE
"DAKCFMEO_00396","WP_005766568.1",TRUE
"DAKCFMEO_00395","WP_005766570.1",TRUE
"DAKCFMEO_00393","WP_005766574.1",TRUE
"DAKCFMEO_00391","WP_005766576.1",TRUE
"DAKCFMEO_00388","WP_005766579.1",TRUE
"DAKCFMEO_00382","WP_005766590.1",TRUE
"DAKCFMEO_00379","WP_005766595.1",TRUE
"DAKCFMEO_00006","WP_005766612.1",TRUE
"DAKCFMEO_00003","WP_005766620.1",TRUE
"DAKCFMEO_00002","WP_005766623.1",TRUE
"DAKCFMEO_02241","WP_005766631.1",TRUE
"DAKCFMEO_02242","WP_005766633.1",TRUE
"DAKCFMEO_02246","WP_005766635.1",TRUE
"DAKCFMEO_02247","WP_005766637.1",TRUE
"DAKCFMEO_02256","WP_005766645.1",TRUE
"DAKCFMEO_02267","WP_005766657.1",TRUE
"DAKCFMEO_02272","WP_005766661.1",TRUE
"DAKCFMEO_02274","WP_005766666.1",TRUE
"DAKCFMEO_02275","WP_005766669.1",TRUE
"DAKCFMEO_02276","WP_005766671.1",TRUE
"DAKCFMEO_02277","WP_005766673.1",TRUE
"DAKCFMEO_02278","WP_005766675.1",TRUE
"DAKCFMEO_02281","WP_005766682.1",TRUE
"DAKCFMEO_02282","WP_005766684.1",TRUE
"DAKCFMEO_02283","WP_005766686.1",TRUE
"DAKCFMEO_02284","WP_005766688.1",TRUE
"DAKCFMEO_02291","WP_005766701.1",TRUE
"DAKCFMEO_02294","WP_005766707.1",TRUE
"DAKCFMEO_02295","WP_005766709.1",TRUE
"DAKCFMEO_02296","WP_005766711.1",TRUE
"DAKCFMEO_02298","WP_005766716.1",TRUE
"DAKCFMEO_02301","WP_005766720.1",TRUE
"DAKCFMEO_02305","WP_005766727.1",TRUE
"DAKCFMEO_02306","WP_005766730.1",TRUE
"DAKCFMEO_02309","WP_005766737.1",TRUE
"DAKCFMEO_02310","WP_005766740.1",TRUE
"DAKCFMEO_02311","WP_005766742.1",TRUE
"DAKCFMEO_02312","WP_005766744.1",TRUE
"DAKCFMEO_02313","WP_005766746.1",TRUE
"DAKCFMEO_02315","WP_005766747.1",TRUE
"DAKCFMEO_02319","WP_005766750.1",TRUE
"DAKCFMEO_02320","WP_005766752.1",TRUE
"DAKCFMEO_02324","WP_005766760.1",TRUE
"DAKCFMEO_02325","WP_005766763.1",TRUE
"DAKCFMEO_02328","WP_005766772.1",TRUE
"DAKCFMEO_02329","WP_005766774.1",TRUE
"DAKCFMEO_02330","WP_005766776.1",TRUE
"DAKCFMEO_02333","WP_005766782.1",TRUE
"DAKCFMEO_02341","WP_005766790.1",TRUE
"DAKCFMEO_02342","WP_005766792.1",TRUE
"DAKCFMEO_02344","WP_005766795.1",TRUE
"DAKCFMEO_02345","WP_005766796.1",TRUE
"DAKCFMEO_02348","WP_005766799.1",TRUE
"DAKCFMEO_02350","WP_005766801.1",TRUE
"DAKCFMEO_02351","WP_005766802.1",TRUE
"DAKCFMEO_02352","WP_005766803.1",TRUE
"DAKCFMEO_02354","WP_005766804.1",TRUE
"DAKCFMEO_02360","WP_005766806.1",TRUE
"DAKCFMEO_02367","WP_005766812.1",TRUE
"DAKCFMEO_02430","WP_005766833.1",TRUE
"DAKCFMEO_02629","WP_005766850.1",TRUE
"DAKCFMEO_02622","WP_005766858.1",TRUE
"DAKCFMEO_02615","WP_005766869.1",TRUE
"DAKCFMEO_02612","WP_005766876.1",TRUE
"DAKCFMEO_02600","WP_005766893.1",TRUE
"DAKCFMEO_02595","WP_005766899.1",TRUE
"DAKCFMEO_02593","WP_005766903.1",TRUE
"DAKCFMEO_02592","WP_005766904.1",TRUE
"DAKCFMEO_02590","WP_005766910.1",TRUE
"DAKCFMEO_02588","WP_005766911.1",TRUE
"DAKCFMEO_02586","WP_005766914.1",TRUE
"DAKCFMEO_02585","WP_005766916.1",TRUE
"DAKCFMEO_02579","WP_005766927.1",TRUE
"DAKCFMEO_02571","WP_005766941.1",TRUE
"DAKCFMEO_02570","WP_005766943.1",TRUE
"DAKCFMEO_02569","WP_005766946.1",TRUE
"DAKCFMEO_02568","WP_005766948.1",TRUE
"DAKCFMEO_02565","WP_005766952.1",TRUE
"DAKCFMEO_02564","WP_005766953.1",TRUE
"DAKCFMEO_02563","WP_005766954.1",TRUE
"DAKCFMEO_02561","WP_005766956.1",TRUE
"DAKCFMEO_02558","WP_005766964.1",TRUE
"DAKCFMEO_02557","WP_005766966.1",TRUE
"DAKCFMEO_02554","WP_005766970.1",TRUE
"DAKCFMEO_02549","WP_005766975.1",TRUE
"DAKCFMEO_02545","WP_005766980.1",TRUE
"DAKCFMEO_02543","WP_005766982.1",TRUE
"DAKCFMEO_02539","WP_005766986.1",TRUE
"DAKCFMEO_02534","WP_005766990.1",TRUE
"DAKCFMEO_02530","WP_005767000.1",TRUE
"DAKCFMEO_02529","WP_005767003.1",TRUE
"DAKCFMEO_02519","WP_005767009.1",TRUE
"DAKCFMEO_02518","WP_005767010.1",TRUE
"DAKCFMEO_02517","WP_005767011.1",TRUE
"DAKCFMEO_02516","WP_005767013.1",TRUE
"DAKCFMEO_02515","WP_005767015.1",TRUE
"DAKCFMEO_02513","WP_005767017.1",TRUE
"DAKCFMEO_02512","WP_005767021.1",TRUE
"DAKCFMEO_02511","WP_005767023.1",TRUE
"DAKCFMEO_02508","WP_005767027.1",TRUE
"DAKCFMEO_02506","WP_005767033.1",TRUE
"DAKCFMEO_02503","WP_005767037.1",TRUE
"DAKCFMEO_05175","WP_005767052.1",TRUE
"DAKCFMEO_02033","WP_005767059.1",TRUE
"DAKCFMEO_02031","WP_005767063.1",TRUE
"DAKCFMEO_02030","WP_005767065.1",TRUE
"DAKCFMEO_02029","WP_005767067.1",TRUE
"DAKCFMEO_02026","WP_005767071.1",TRUE
"DAKCFMEO_02025","WP_005767073.1",TRUE
"DAKCFMEO_02022","WP_005767078.1",TRUE
"DAKCFMEO_05188","WP_005767089.1",TRUE
"DAKCFMEO_05189","WP_005767090.1",TRUE
"DAKCFMEO_05195","WP_005767098.1",TRUE
"DAKCFMEO_05204","WP_005767110.1",TRUE
"DAKCFMEO_05207","WP_005767116.1",TRUE
"DAKCFMEO_05210","WP_005767120.1",TRUE
"DAKCFMEO_05218","WP_005767127.1",TRUE
"DAKCFMEO_05233","WP_005767187.1",TRUE
"DAKCFMEO_01417","WP_005767282.1",TRUE
"DAKCFMEO_01420","WP_005767285.1",TRUE
"DAKCFMEO_01426","WP_005767289.1",TRUE
"DAKCFMEO_01428","WP_005767295.1",TRUE
"DAKCFMEO_01432","WP_005767320.1",TRUE
"DAKCFMEO_01451","WP_005767347.1",TRUE
"DAKCFMEO_01454","WP_005767351.1",TRUE
"DAKCFMEO_01455","WP_005767352.1",TRUE
"DAKCFMEO_01459","WP_005767359.1",TRUE
"DAKCFMEO_01491","WP_005767364.1",TRUE
"DAKCFMEO_01492","WP_005767365.1",TRUE
"DAKCFMEO_01494","WP_005767369.1",TRUE
"DAKCFMEO_01501","WP_005767378.1",TRUE
"DAKCFMEO_01504","WP_005767383.1",TRUE
"DAKCFMEO_01506","WP_005767387.1",TRUE
"DAKCFMEO_01511","WP_005767395.1",TRUE
"DAKCFMEO_01513","WP_005767399.1",TRUE
"DAKCFMEO_01514","WP_005767401.1",TRUE
"DAKCFMEO_01524","WP_005767416.1",TRUE
"DAKCFMEO_01527","WP_005767420.1",TRUE
"DAKCFMEO_01547","WP_005767446.1",TRUE
"DAKCFMEO_01548","WP_005767449.1",TRUE
"DAKCFMEO_04471","WP_005767480.1",TRUE
"DAKCFMEO_04475","WP_005767488.1",TRUE
"DAKCFMEO_02436","WP_005767500.1",TRUE
"DAKCFMEO_04392","WP_005767504.1",TRUE
"DAKCFMEO_00258","WP_005767507.1",TRUE
"DAKCFMEO_00259","WP_005767508.1",TRUE
"DAKCFMEO_04443","WP_005767529.1",TRUE
"DAKCFMEO_04444","WP_005767531.1",TRUE
"DAKCFMEO_00053","WP_005767535.1",TRUE
"DAKCFMEO_00049","WP_005767540.1",TRUE
"DAKCFMEO_00045","WP_005767545.1",TRUE
"DAKCFMEO_00042","WP_005767549.1",TRUE
"DAKCFMEO_00034","WP_005767564.1",TRUE
"DAKCFMEO_00033","WP_005767567.1",TRUE
"DAKCFMEO_00030","WP_005767572.1",TRUE
"DAKCFMEO_00028","WP_005767577.1",TRUE
"DAKCFMEO_00020","WP_005767592.1",TRUE
"DAKCFMEO_04197","WP_005767596.1",TRUE
"DAKCFMEO_04199","WP_005767600.1",TRUE
"DAKCFMEO_04203","WP_005767605.1",TRUE
"DAKCFMEO_04204","WP_005767607.1",TRUE
"DAKCFMEO_04207","WP_005767612.1",TRUE
"DAKCFMEO_04208","WP_005767614.1",TRUE
"DAKCFMEO_04221","WP_005767637.1",TRUE
"DAKCFMEO_03029","WP_005767663.1",TRUE
"DAKCFMEO_03036","WP_005767670.1",TRUE
"DAKCFMEO_02371","WP_005767686.1",TRUE
"DAKCFMEO_02374","WP_005767688.1",TRUE
"DAKCFMEO_02375","WP_005767689.1",TRUE
"DAKCFMEO_02376","WP_005767690.1",TRUE
"DAKCFMEO_02379","WP_005767692.1",TRUE
"DAKCFMEO_02381","WP_005767695.1",TRUE
"DAKCFMEO_02383","WP_005767699.1",TRUE
"DAKCFMEO_02385","WP_005767701.1",TRUE
"DAKCFMEO_02386","WP_005767703.1",TRUE
"DAKCFMEO_02388","WP_005767709.1",TRUE
"DAKCFMEO_02391","WP_005767714.1",TRUE
"DAKCFMEO_02392","WP_005767716.1",TRUE
"DAKCFMEO_02393","WP_005767718.1",TRUE
"DAKCFMEO_02394","WP_005767720.1",TRUE
"DAKCFMEO_02395","WP_005767723.1",TRUE
"DAKCFMEO_04499","WP_005767725.1",TRUE
"DAKCFMEO_04500","WP_005767727.1",TRUE
"DAKCFMEO_04503","WP_005767729.1",TRUE
"DAKCFMEO_04504","WP_005767731.1",TRUE
"DAKCFMEO_04507","WP_005767735.1",TRUE
"DAKCFMEO_04510","WP_005767739.1",TRUE
"DAKCFMEO_04518","WP_005767754.1",TRUE
"DAKCFMEO_04519","WP_005767756.1",TRUE
"DAKCFMEO_02405","WP_005767763.1",TRUE
"DAKCFMEO_03933","WP_005767792.1",TRUE
"DAKCFMEO_03538","WP_005767796.1",TRUE
"DAKCFMEO_02412","WP_005767798.1",TRUE
"DAKCFMEO_00070","WP_005767805.1",TRUE
"DAKCFMEO_02445","WP_005767814.1",TRUE
"DAKCFMEO_02447","WP_005767816.1",TRUE
"DAKCFMEO_02452","WP_005767820.1",TRUE
"DAKCFMEO_02454","WP_005767827.1",TRUE
"DAKCFMEO_02456","WP_005767834.1",TRUE
"DAKCFMEO_02457","WP_005767836.1",TRUE
"DAKCFMEO_02459","WP_005767839.1",TRUE
"DAKCFMEO_02460","WP_005767841.1",TRUE
"DAKCFMEO_02464","WP_005767847.1",TRUE
"DAKCFMEO_02467","WP_005767853.1",TRUE
"DAKCFMEO_02798","WP_005767873.1",TRUE
"DAKCFMEO_02801","WP_005767875.1",TRUE
"DAKCFMEO_02805","WP_005767882.1",TRUE
"DAKCFMEO_02806","WP_005767884.1",TRUE
"DAKCFMEO_02808","WP_005767887.1",TRUE
"DAKCFMEO_02811","WP_005767891.1",TRUE
"DAKCFMEO_02813","WP_005767895.1",TRUE
"DAKCFMEO_02827","WP_005768018.1",TRUE
"DAKCFMEO_02829","WP_005768022.1",TRUE
"DAKCFMEO_02830","WP_005768024.1",TRUE
"DAKCFMEO_02831","WP_005768026.1",TRUE
"DAKCFMEO_02834","WP_005768035.1",TRUE
"DAKCFMEO_02835","WP_005768037.1",TRUE
"DAKCFMEO_02843","WP_005768044.1",TRUE
"DAKCFMEO_02846","WP_005768050.1",TRUE
"DAKCFMEO_02847","WP_005768051.1",TRUE
"DAKCFMEO_02856","WP_005768067.1",TRUE
"DAKCFMEO_02857","WP_005768068.1",TRUE
"DAKCFMEO_04067","WP_005768135.1",TRUE
"DAKCFMEO_02222","WP_005768137.1",TRUE
"DAKCFMEO_02224","WP_005768138.1",TRUE
"DAKCFMEO_02225","WP_005768139.1",TRUE
"DAKCFMEO_02228","WP_005768141.1",TRUE
"DAKCFMEO_02229","WP_005768142.1",TRUE
"DAKCFMEO_02230","WP_005768143.1",TRUE
"DAKCFMEO_02232","WP_005768144.1",TRUE
"DAKCFMEO_02233","WP_005768145.1",TRUE
"DAKCFMEO_02235","WP_005768148.1",TRUE
"DAKCFMEO_02236","WP_005768150.1",TRUE
"DAKCFMEO_02238","WP_005768154.1",TRUE
"DAKCFMEO_01308","WP_005768167.1",TRUE
"DAKCFMEO_01303","WP_005768180.1",TRUE
"DAKCFMEO_01302","WP_005768186.1",TRUE
"DAKCFMEO_01300","WP_005768190.1",TRUE
"DAKCFMEO_01298","WP_005768197.1",TRUE
"DAKCFMEO_01293","WP_005768204.1",TRUE
"DAKCFMEO_01267","WP_005768224.1",TRUE
"DAKCFMEO_01265","WP_005768226.1",TRUE
"DAKCFMEO_01262","WP_005768230.1",TRUE
"DAKCFMEO_01213","WP_005768286.1",TRUE
"DAKCFMEO_01205","WP_005768300.1",TRUE
"DAKCFMEO_01203","WP_005768304.1",TRUE
"DAKCFMEO_01201","WP_005768306.1",TRUE
"DAKCFMEO_01198","WP_005768307.1",TRUE
"DAKCFMEO_01196","WP_005768309.1",TRUE
"DAKCFMEO_01551","WP_005768313.1",TRUE
"DAKCFMEO_01553","WP_005768314.1",TRUE
"DAKCFMEO_01554","WP_005768316.1",TRUE
"DAKCFMEO_01555","WP_005768318.1",TRUE
"DAKCFMEO_01558","WP_005768321.1",TRUE
"DAKCFMEO_01559","WP_005768325.1",TRUE
"DAKCFMEO_01560","WP_005768326.1",TRUE
"DAKCFMEO_01567","WP_005768334.1",TRUE
"DAKCFMEO_01568","WP_005768336.1",TRUE
"DAKCFMEO_01572","WP_005768341.1",TRUE
"DAKCFMEO_01581","WP_005768354.1",TRUE
"DAKCFMEO_01582","WP_005768357.1",TRUE
"DAKCFMEO_01587","WP_005768363.1",TRUE
"DAKCFMEO_01607","WP_005768392.1",TRUE
"DAKCFMEO_01608","WP_005768393.1",TRUE
"DAKCFMEO_01960","WP_005768419.1",TRUE
"DAKCFMEO_01958","WP_005768422.1",TRUE
"DAKCFMEO_01957","WP_005768425.1",TRUE
"DAKCFMEO_01953","WP_005768426.1",TRUE
"DAKCFMEO_01950","WP_005768429.1",TRUE
"DAKCFMEO_01948","WP_005768431.1",TRUE
"DAKCFMEO_01946","WP_005768434.1",TRUE
"DAKCFMEO_01945","WP_005768435.1",TRUE
"DAKCFMEO_02213","WP_005768437.1",TRUE
"DAKCFMEO_02199","WP_005768450.1",TRUE
"DAKCFMEO_02193","WP_005768460.1",TRUE
"DAKCFMEO_05126","WP_005768464.1",TRUE
"DAKCFMEO_02083","WP_005768479.1",TRUE
"DAKCFMEO_01996","WP_005768488.1",TRUE
"DAKCFMEO_01995","WP_005768489.1",TRUE
"DAKCFMEO_01923","WP_005768491.1",TRUE
"DAKCFMEO_01922","WP_005768492.1",TRUE
"DAKCFMEO_01919","WP_005768497.1",TRUE
"DAKCFMEO_01913","WP_005768510.1",TRUE
"DAKCFMEO_01912","WP_005768511.1",TRUE
"DAKCFMEO_01911","WP_005768513.1",TRUE
"DAKCFMEO_01908","WP_005768515.1",TRUE
"DAKCFMEO_01906","WP_005768530.1",TRUE
"DAKCFMEO_00377","WP_005768580.1",TRUE
"DAKCFMEO_00372","WP_005768585.1",TRUE
"DAKCFMEO_00369","WP_005768589.1",TRUE
"DAKCFMEO_00364","WP_005768596.1",TRUE
"DAKCFMEO_00347","WP_005768608.1",TRUE
"DAKCFMEO_00339","WP_005768620.1",TRUE
"DAKCFMEO_00338","WP_005768622.1",TRUE
"DAKCFMEO_00337","WP_005768625.1",TRUE
"DAKCFMEO_00313","WP_005768657.1",TRUE
"DAKCFMEO_00309","WP_005768668.1",TRUE
"DAKCFMEO_00308","WP_005768670.1",TRUE
"DAKCFMEO_00303","WP_005768677.1",TRUE
"DAKCFMEO_00296","WP_005768681.1",TRUE
"DAKCFMEO_00294","WP_005768685.1",TRUE
"DAKCFMEO_00292","WP_005768689.1",TRUE
"DAKCFMEO_00291","WP_005768691.1",TRUE
"DAKCFMEO_00289","WP_005768695.1",TRUE
"DAKCFMEO_00286","WP_005768700.1",TRUE
"DAKCFMEO_00281","WP_005768708.1",TRUE
"DAKCFMEO_02777","WP_005768735.1",TRUE
"DAKCFMEO_02780","WP_005768738.1",TRUE
"DAKCFMEO_02784","WP_005768741.1",TRUE
"DAKCFMEO_02785","WP_005768743.1",TRUE
"DAKCFMEO_02786","WP_005768747.1",TRUE
"DAKCFMEO_02788","WP_005768750.1",TRUE
"DAKCFMEO_02789","WP_005768752.1",TRUE
"DAKCFMEO_03373","WP_005768762.1",TRUE
"DAKCFMEO_03396","WP_005768794.1",TRUE
"DAKCFMEO_03397","WP_005768796.1",TRUE
"DAKCFMEO_03399","WP_005768797.1",TRUE
"DAKCFMEO_03400","WP_005768799.1",TRUE
"DAKCFMEO_03405","WP_005768804.1",TRUE
"DAKCFMEO_03408","WP_005768806.1",TRUE
"DAKCFMEO_03410","WP_005768808.1",TRUE
"DAKCFMEO_03411","WP_005768811.1",TRUE
"DAKCFMEO_03413","WP_005768815.1",TRUE
"DAKCFMEO_03414","WP_005768817.1",TRUE
"DAKCFMEO_03415","WP_005768818.1",TRUE
"DAKCFMEO_03416","WP_005768820.1",TRUE
"DAKCFMEO_03418","WP_005768822.1",TRUE
"DAKCFMEO_03419","WP_005768824.1",TRUE
"DAKCFMEO_03421","WP_005768828.1",TRUE
"DAKCFMEO_03422","WP_005768830.1",TRUE
"DAKCFMEO_03423","WP_005768832.1",TRUE
"DAKCFMEO_03424","WP_005768834.1",TRUE
"DAKCFMEO_03425","WP_005768836.1",TRUE
"DAKCFMEO_03427","WP_005768839.1",TRUE
"DAKCFMEO_03428","WP_005768840.1",TRUE
"DAKCFMEO_03429","WP_005768843.1",TRUE
"DAKCFMEO_03433","WP_005768852.1",TRUE
"DAKCFMEO_03434","WP_005768855.1",TRUE
"DAKCFMEO_03440","WP_005768866.1",TRUE
"DAKCFMEO_03441","WP_005768868.1",TRUE
"DAKCFMEO_03444","WP_005768871.1",TRUE
"DAKCFMEO_03446","WP_005768873.1",TRUE
"DAKCFMEO_03488","WP_005768914.1",TRUE
"DAKCFMEO_03489","WP_005768916.1",TRUE
"DAKCFMEO_03494","WP_005768918.1",TRUE
"DAKCFMEO_03499","WP_005768921.1",TRUE
"DAKCFMEO_03504","WP_005768927.1",TRUE
"DAKCFMEO_03519","WP_005768935.1",TRUE
"DAKCFMEO_03522","WP_005768939.1",TRUE
"DAKCFMEO_03535","WP_005768946.1",TRUE
"DAKCFMEO_03536","WP_005768949.1",TRUE
"DAKCFMEO_03540","WP_005768957.1",TRUE
"DAKCFMEO_03541","WP_005768959.1",TRUE
"DAKCFMEO_03542","WP_005768960.1",TRUE
"DAKCFMEO_03543","WP_005768962.1",TRUE
"DAKCFMEO_03545","WP_005768966.1",TRUE
"DAKCFMEO_03885","WP_005768982.1",TRUE
"DAKCFMEO_03884","WP_005768984.1",TRUE
"DAKCFMEO_03550","WP_005768991.1",TRUE
"DAKCFMEO_03552","WP_005768994.1",TRUE
"DAKCFMEO_03556","WP_005768999.1",TRUE
"DAKCFMEO_03557","WP_005769001.1",TRUE
"DAKCFMEO_03558","WP_005769004.1",TRUE
"DAKCFMEO_03559","WP_005769006.1",TRUE
"DAKCFMEO_03562","WP_005769010.1",TRUE
"DAKCFMEO_03574","WP_005769026.1",TRUE
"DAKCFMEO_03579","WP_005769036.1",TRUE
"DAKCFMEO_04278","WP_005769073.1",TRUE
"DAKCFMEO_04283","WP_005769084.1",TRUE
"DAKCFMEO_04284","WP_005769085.1",TRUE
"DAKCFMEO_04293","WP_005769102.1",TRUE
"DAKCFMEO_04296","WP_005769107.1",TRUE
"DAKCFMEO_04304","WP_005769126.1",TRUE
"DAKCFMEO_04305","WP_005769128.1",TRUE
"DAKCFMEO_04306","WP_005769130.1",TRUE
"DAKCFMEO_04309","WP_005769135.1",TRUE
"DAKCFMEO_04310","WP_005769138.1",TRUE
"DAKCFMEO_04315","WP_005769148.1",TRUE
"DAKCFMEO_04316","WP_005769151.1",TRUE
"DAKCFMEO_04597","WP_005769163.1",FALSE
"DAKCFMEO_04334","WP_005769188.1",TRUE
"DAKCFMEO_04337","WP_005769192.1",TRUE
"DAKCFMEO_04338","WP_005769193.1",TRUE
"DAKCFMEO_04345","WP_005769204.1",TRUE
"DAKCFMEO_00601","WP_005769228.1",TRUE
"DAKCFMEO_00597","WP_005769235.1",TRUE
"DAKCFMEO_00596","WP_005769238.1",TRUE
"DAKCFMEO_00594","WP_005769243.1",TRUE
"DAKCFMEO_00540","WP_005769256.1",TRUE
"DAKCFMEO_00538","WP_005769257.1",TRUE
"DAKCFMEO_00536","WP_005769258.1",TRUE
"DAKCFMEO_00535","WP_005769259.1",TRUE
"DAKCFMEO_00533","WP_005769261.1",TRUE
"DAKCFMEO_00531","WP_005769262.1",TRUE
"DAKCFMEO_00530","WP_005769263.1",TRUE
"DAKCFMEO_03984","WP_005769271.1",TRUE
"DAKCFMEO_00521","WP_005769277.1",TRUE
"DAKCFMEO_00520","WP_005769279.1",TRUE
"DAKCFMEO_03119","WP_005769281.1",TRUE
"DAKCFMEO_01784","WP_005769341.1",TRUE
"DAKCFMEO_01807","WP_005769363.1",TRUE
"DAKCFMEO_04761","WP_005769371.1",TRUE
"DAKCFMEO_04766","WP_005769381.1",TRUE
"DAKCFMEO_04767","WP_005769383.1",TRUE
"DAKCFMEO_04768","WP_005769384.1",TRUE
"DAKCFMEO_04776","WP_005769400.1",TRUE
"DAKCFMEO_04997","WP_005769407.1",TRUE
"DAKCFMEO_05005","WP_005769417.1",TRUE
"DAKCFMEO_05010","WP_005769424.1",TRUE
"DAKCFMEO_05011","WP_005769426.1",TRUE
"DAKCFMEO_05014","WP_005769432.1",TRUE
"DAKCFMEO_02216","WP_005769461.1",TRUE
"DAKCFMEO_01938","WP_005769469.1",TRUE
"DAKCFMEO_01936","WP_005769473.1",TRUE
"DAKCFMEO_01934","WP_005769477.1",TRUE
"DAKCFMEO_01932","WP_005769478.1",TRUE
"DAKCFMEO_01879","WP_005769504.1",TRUE
"DAKCFMEO_01878","WP_005769505.1",TRUE
"DAKCFMEO_01873","WP_005769514.1",TRUE
"DAKCFMEO_01872","WP_005769516.1",TRUE
"DAKCFMEO_01867","WP_005769524.1",TRUE
"DAKCFMEO_01865","WP_005769528.1",TRUE
"DAKCFMEO_01864","WP_005769531.1",TRUE
"DAKCFMEO_01863","WP_005769533.1",TRUE
"DAKCFMEO_01861","WP_005769534.1",TRUE
"DAKCFMEO_01860","WP_005769536.1",TRUE
"DAKCFMEO_01859","WP_005769538.1",TRUE
"DAKCFMEO_01858","WP_005769539.1",TRUE
"DAKCFMEO_01856","WP_005769547.1",TRUE
"DAKCFMEO_01854","WP_005769553.1",TRUE
"DAKCFMEO_01849","WP_005769555.1",TRUE
"DAKCFMEO_01844","WP_005769563.1",TRUE
"DAKCFMEO_01841","WP_005769565.1",TRUE
"DAKCFMEO_01840","WP_005769567.1",TRUE
"DAKCFMEO_01836","WP_005769571.1",TRUE
"DAKCFMEO_01829","WP_005769579.1",TRUE
"DAKCFMEO_01827","WP_005769583.1",TRUE
"DAKCFMEO_01824","WP_005769588.1",TRUE
"DAKCFMEO_00662","WP_005769602.1",TRUE
"DAKCFMEO_00660","WP_005769608.1",TRUE
"DAKCFMEO_00659","WP_005769610.1",TRUE
"DAKCFMEO_00657","WP_005769613.1",TRUE
"DAKCFMEO_00655","WP_005769615.1",TRUE
"DAKCFMEO_00654","WP_005769616.1",TRUE
"DAKCFMEO_00652","WP_005769618.1",TRUE
"DAKCFMEO_05241","WP_005769620.1",TRUE
"DAKCFMEO_00648","WP_005769624.1",TRUE
"DAKCFMEO_00647","WP_005769626.1",TRUE
"DAKCFMEO_00645","WP_005769628.1",TRUE
"DAKCFMEO_00642","WP_005769631.1",TRUE
"DAKCFMEO_00641","WP_005769634.1",TRUE
"DAKCFMEO_00640","WP_005769636.1",TRUE
"DAKCFMEO_00637","WP_005769641.1",TRUE
"DAKCFMEO_00636","WP_005769643.1",TRUE
"DAKCFMEO_00634","WP_005769647.1",TRUE
"DAKCFMEO_00633","WP_005769649.1",TRUE
"DAKCFMEO_00632","WP_005769651.1",TRUE
"DAKCFMEO_00631","WP_005769653.1",TRUE
"DAKCFMEO_00628","WP_005769658.1",TRUE
"DAKCFMEO_00623","WP_005769662.1",TRUE
"DAKCFMEO_00617","WP_005769669.1",TRUE
"DAKCFMEO_00616","WP_005769670.1",TRUE
"DAKCFMEO_00615","WP_005769671.1",TRUE
"DAKCFMEO_02715","WP_005769676.1",TRUE
"DAKCFMEO_02711","WP_005769683.1",TRUE
"DAKCFMEO_02710","WP_005769685.1",TRUE
"DAKCFMEO_02703","WP_005769699.1",TRUE
"DAKCFMEO_05261","WP_005769867.1",TRUE
"DAKCFMEO_05260","WP_005769869.1",TRUE
"DAKCFMEO_05259","WP_005769871.1",TRUE
"DAKCFMEO_05258","WP_005769873.1",TRUE
"DAKCFMEO_05257","WP_005769875.1",TRUE
"DAKCFMEO_05256","WP_005769877.1",TRUE
"DAKCFMEO_01788","WP_005769977.1",TRUE
"DAKCFMEO_00253","WP_005769982.1",TRUE
"DAKCFMEO_02889","WP_005769995.1",TRUE
"DAKCFMEO_02888","WP_005769998.1",TRUE
"DAKCFMEO_02887","WP_005770000.1",TRUE
"DAKCFMEO_02885","WP_005770005.1",TRUE
"DAKCFMEO_02883","WP_005770009.1",TRUE
"DAKCFMEO_02881","WP_005770011.1",TRUE
"DAKCFMEO_00509","WP_005770014.1",TRUE
"DAKCFMEO_03003","WP_005770015.1",TRUE
"DAKCFMEO_00505","WP_005770017.1",TRUE
"DAKCFMEO_00504","WP_005770019.1",TRUE
"DAKCFMEO_03704","WP_005770041.1",TRUE
"DAKCFMEO_03699","WP_005770049.1",TRUE
"DAKCFMEO_03688","WP_005770064.1",TRUE
"DAKCFMEO_03684","WP_005770069.1",TRUE
"DAKCFMEO_03682","WP_005770073.1",TRUE
"DAKCFMEO_03681","WP_005770075.1",TRUE
"DAKCFMEO_03680","WP_005770077.1",TRUE
"DAKCFMEO_03679","WP_005770079.1",TRUE
"DAKCFMEO_03678","WP_005770081.1",TRUE
"DAKCFMEO_03677","WP_005770083.1",TRUE
"DAKCFMEO_03676","WP_005770085.1",TRUE
"DAKCFMEO_03673","WP_005770090.1",TRUE
"DAKCFMEO_03668","WP_005770099.1",TRUE
"DAKCFMEO_03597","WP_005770108.1",TRUE
"DAKCFMEO_03596","WP_005770109.1",TRUE
"DAKCFMEO_03595","WP_005770111.1",TRUE
"DAKCFMEO_03594","WP_005770114.1",TRUE
"DAKCFMEO_03593","WP_005770116.1",TRUE
"DAKCFMEO_03592","WP_005770118.1",TRUE
"DAKCFMEO_03590","WP_005770120.1",TRUE
"DAKCFMEO_03587","WP_005770129.1",TRUE
"DAKCFMEO_03585","WP_005770132.1",TRUE
"DAKCFMEO_03582","WP_005770134.1",TRUE
"DAKCFMEO_00553","WP_005770159.1",TRUE
"DAKCFMEO_00554","WP_005770161.1",TRUE
"DAKCFMEO_00559","WP_005770183.1",TRUE
"DAKCFMEO_00561","WP_005770185.1",TRUE
"DAKCFMEO_00562","WP_005770186.1",TRUE
"DAKCFMEO_00563","WP_005770187.1",TRUE
"DAKCFMEO_00566","WP_005770190.1",TRUE
"DAKCFMEO_00567","WP_005770191.1",TRUE
"DAKCFMEO_00576","WP_005770220.1",TRUE
"DAKCFMEO_00578","WP_005770225.1",TRUE
"DAKCFMEO_00583","WP_005770235.1",TRUE
"DAKCFMEO_04789","WP_005770243.1",TRUE
"DAKCFMEO_04790","WP_005770245.1",TRUE
"DAKCFMEO_03843","WP_005770270.1",TRUE
"DAKCFMEO_00256","WP_005770289.1",TRUE
"DAKCFMEO_01005","WP_005770293.1",TRUE
"DAKCFMEO_00830","WP_005770308.1",TRUE
"DAKCFMEO_00831","WP_005770310.1",TRUE
"DAKCFMEO_00832","WP_005770312.1",TRUE
"DAKCFMEO_00834","WP_005770316.1",TRUE
"DAKCFMEO_04171","WP_005770393.1",TRUE
"DAKCFMEO_04163","WP_005770403.1",TRUE
"DAKCFMEO_04154","WP_005770416.1",TRUE
"DAKCFMEO_04148","WP_005770425.1",TRUE
"DAKCFMEO_04141","WP_005770431.1",TRUE
"DAKCFMEO_04140","WP_005770433.1",TRUE
"DAKCFMEO_04139","WP_005770435.1",TRUE
"DAKCFMEO_04138","WP_005770437.1",TRUE
"DAKCFMEO_04134","WP_005770439.1",TRUE
"DAKCFMEO_04132","WP_005770446.1",TRUE
"DAKCFMEO_04131","WP_005770450.1",TRUE
"DAKCFMEO_04130","WP_005770452.1",TRUE
"DAKCFMEO_04129","WP_005770454.1",TRUE
"DAKCFMEO_04128","WP_005770456.1",TRUE
"DAKCFMEO_04127","WP_005770458.1",TRUE
"DAKCFMEO_04126","WP_005770460.1",TRUE
"DAKCFMEO_04183","WP_005770464.1",TRUE
"DAKCFMEO_04184","WP_005770465.1",TRUE
"DAKCFMEO_04185","WP_005770467.1",TRUE
"DAKCFMEO_04190","WP_005770474.1",TRUE
"DAKCFMEO_01644","WP_005770490.1",TRUE
"DAKCFMEO_01645","WP_005770492.1",TRUE
"DAKCFMEO_01649","WP_005770496.1",TRUE
"DAKCFMEO_01650","WP_005770497.1",TRUE
"DAKCFMEO_01659","WP_005770507.1",TRUE
"DAKCFMEO_01667","WP_005770519.1",TRUE
"DAKCFMEO_00481","WP_005770545.1",TRUE
"DAKCFMEO_00482","WP_005770547.1",TRUE
"DAKCFMEO_00489","WP_005770558.1",TRUE
"DAKCFMEO_00491","WP_005770562.1",TRUE
"DAKCFMEO_00493","WP_005770566.1",TRUE
"DAKCFMEO_00496","WP_005770572.1",TRUE
"DAKCFMEO_04270","WP_005770586.1",TRUE
"DAKCFMEO_04268","WP_005770588.1",TRUE
"DAKCFMEO_04265","WP_005770594.1",TRUE
"DAKCFMEO_04263","WP_005770596.1",TRUE
"DAKCFMEO_04258","WP_005770603.1",TRUE
"DAKCFMEO_04257","WP_005770607.1",TRUE
"DAKCFMEO_04254","WP_005770613.1",TRUE
"DAKCFMEO_04253","WP_005770616.1",TRUE
"DAKCFMEO_04252","WP_005770618.1",TRUE
"DAKCFMEO_04248","WP_005770626.1",TRUE
"DAKCFMEO_04242","WP_005770635.1",TRUE
"DAKCFMEO_04241","WP_005770637.1",TRUE
"DAKCFMEO_04238","WP_005770641.1",TRUE
"DAKCFMEO_04237","WP_005770642.1",TRUE
"DAKCFMEO_04235","WP_005770644.1",TRUE
"DAKCFMEO_04234","WP_005770645.1",TRUE
"DAKCFMEO_04225","WP_005770653.1",TRUE
"DAKCFMEO_04196","WP_005770654.1",TRUE
"DAKCFMEO_02695","WP_005770684.1",TRUE
"DAKCFMEO_02694","WP_005770686.1",TRUE
"DAKCFMEO_02693","WP_005770688.1",TRUE
"DAKCFMEO_02691","WP_005770693.1",TRUE
"DAKCFMEO_02689","WP_005770697.1",TRUE
"DAKCFMEO_02688","WP_005770699.1",TRUE
"DAKCFMEO_02687","WP_005770701.1",TRUE
"DAKCFMEO_02678","WP_005770721.1",TRUE
"DAKCFMEO_00822","WP_005770745.1",TRUE
"DAKCFMEO_04351","WP_005770751.1",TRUE
"DAKCFMEO_04352","WP_005770753.1",TRUE
"DAKCFMEO_04354","WP_005770757.1",TRUE
"DAKCFMEO_04355","WP_005770759.1",TRUE
"DAKCFMEO_04356","WP_005770761.1",TRUE
"DAKCFMEO_04360","WP_005770766.1",TRUE
"DAKCFMEO_04362","WP_005770768.1",TRUE
"DAKCFMEO_04364","WP_005770770.1",TRUE
"DAKCFMEO_04365","WP_005770771.1",TRUE
"DAKCFMEO_04366","WP_005770773.1",TRUE
"DAKCFMEO_04368","WP_005770776.1",TRUE
"DAKCFMEO_04370","WP_005770780.1",TRUE
"DAKCFMEO_04374","WP_005770788.1",TRUE
"DAKCFMEO_02431","WP_005770794.1",TRUE
"DAKCFMEO_01412","WP_005770811.1",TRUE
"DAKCFMEO_01411","WP_005770813.1",TRUE
"DAKCFMEO_01410","WP_005770815.1",TRUE
"DAKCFMEO_00922","WP_005770825.1",TRUE
"DAKCFMEO_00924","WP_005770829.1",TRUE
"DAKCFMEO_00928","WP_005770837.1",TRUE
"DAKCFMEO_00929","WP_005770839.1",TRUE
"DAKCFMEO_00941","WP_005770857.1",TRUE
"DAKCFMEO_00947","WP_005770871.1",TRUE
"DAKCFMEO_01066","WP_005770885.1",TRUE
"DAKCFMEO_01065","WP_005770888.1",TRUE
"DAKCFMEO_01751","WP_005770915.1",TRUE
"DAKCFMEO_01750","WP_005770938.1",TRUE
"DAKCFMEO_01748","WP_005770940.1",TRUE
"DAKCFMEO_01745","WP_005770944.1",TRUE
"DAKCFMEO_01739","WP_005770954.1",TRUE
"DAKCFMEO_01738","WP_005770956.1",TRUE
"DAKCFMEO_01734","WP_005770966.1",TRUE
"DAKCFMEO_03366","WP_005771001.1",TRUE
"DAKCFMEO_03364","WP_005771002.1",TRUE
"DAKCFMEO_03361","WP_005771007.1",TRUE
"DAKCFMEO_03355","WP_005771011.1",TRUE
"DAKCFMEO_03353","WP_005771013.1",TRUE
"DAKCFMEO_03349","WP_005771017.1",TRUE
"DAKCFMEO_03348","WP_005771019.1",TRUE
"DAKCFMEO_03347","WP_005771021.1",TRUE
"DAKCFMEO_03345","WP_005771023.1",TRUE
"DAKCFMEO_03342","WP_005771027.1",TRUE
"DAKCFMEO_03339","WP_005771029.1",TRUE
"DAKCFMEO_03337","WP_005771032.1",TRUE
"DAKCFMEO_03336","WP_005771034.1",TRUE
"DAKCFMEO_03332","WP_005771039.1",TRUE
"DAKCFMEO_03329","WP_005771042.1",TRUE
"DAKCFMEO_02007","WP_005771069.1",TRUE
"DAKCFMEO_02010","WP_005771075.1",TRUE
"DAKCFMEO_02011","WP_005771077.1",TRUE
"DAKCFMEO_02043","WP_005771123.1",TRUE
"DAKCFMEO_04707","WP_005771165.1",TRUE
"DAKCFMEO_04708","WP_005771167.1",TRUE
"DAKCFMEO_04709","WP_005771168.1",TRUE
"DAKCFMEO_04710","WP_005771169.1",TRUE
"DAKCFMEO_04711","WP_005771170.1",TRUE
"DAKCFMEO_04712","WP_005771172.1",TRUE
"DAKCFMEO_04716","WP_005771176.1",TRUE
"DAKCFMEO_04717","WP_005771178.1",TRUE
"DAKCFMEO_04734","WP_005771197.1",TRUE
"DAKCFMEO_04737","WP_005771200.1",TRUE
"DAKCFMEO_04738","WP_005771202.1",TRUE
"DAKCFMEO_04739","WP_005771203.1",TRUE
"DAKCFMEO_00860","WP_005771214.1",TRUE
"DAKCFMEO_00863","WP_005771221.1",TRUE
"DAKCFMEO_00866","WP_005771225.1",TRUE
"DAKCFMEO_00867","WP_005771227.1",TRUE
"DAKCFMEO_01375","WP_005771258.1",TRUE
"DAKCFMEO_00906","WP_005771267.1",TRUE
"DAKCFMEO_00908","WP_005771273.1",TRUE
"DAKCFMEO_00909","WP_005771275.1",TRUE
"DAKCFMEO_00896","WP_005771282.1",TRUE
"DAKCFMEO_00898","WP_005771285.1",TRUE
"DAKCFMEO_02641","WP_005771315.1",TRUE
"DAKCFMEO_02653","WP_005771329.1",TRUE
"DAKCFMEO_02654","WP_005771330.1",TRUE
"DAKCFMEO_02656","WP_005771334.1",TRUE
"DAKCFMEO_02659","WP_005771340.1",TRUE
"DAKCFMEO_02662","WP_005771341.1",TRUE
"DAKCFMEO_02669","WP_005771350.1",TRUE
"DAKCFMEO_03462","WP_005771387.1",TRUE
"DAKCFMEO_03459","WP_005771389.1",TRUE
"DAKCFMEO_03458","WP_005771390.1",TRUE
"DAKCFMEO_03457","WP_005771391.1",TRUE
"DAKCFMEO_03456","WP_005771392.1",TRUE
"DAKCFMEO_03451","WP_005771397.1",TRUE
"DAKCFMEO_03448","WP_005771401.1",TRUE
"DAKCFMEO_03447","WP_005771402.1",TRUE
"DAKCFMEO_01755","WP_005771478.1",TRUE
"DAKCFMEO_01756","WP_005771480.1",TRUE
"DAKCFMEO_01758","WP_005771481.1",TRUE
"DAKCFMEO_01759","WP_005771483.1",TRUE
"DAKCFMEO_02411","WP_005771485.1",TRUE
"DAKCFMEO_01762","WP_005771489.1",TRUE
"DAKCFMEO_01761","WP_005771491.1",TRUE
"DAKCFMEO_03468","WP_005771495.1",TRUE
"DAKCFMEO_03472","WP_005771500.1",TRUE
"DAKCFMEO_03476","WP_005771505.1",TRUE
"DAKCFMEO_03478","WP_005771507.1",TRUE
"DAKCFMEO_03480","WP_005771509.1",TRUE
"DAKCFMEO_02501","WP_005771567.1",TRUE
"DAKCFMEO_02498","WP_005771571.1",TRUE
"DAKCFMEO_02493","WP_005771583.1",TRUE
"DAKCFMEO_02487","WP_005771596.1",TRUE
"DAKCFMEO_02483","WP_005771604.1",TRUE
"DAKCFMEO_05299","WP_005771635.1",TRUE
"DAKCFMEO_05304","WP_005771640.1",TRUE
"DAKCFMEO_04780","WP_005771655.1",TRUE
"DAKCFMEO_00550","WP_005771663.1",TRUE
"DAKCFMEO_00552","WP_005771665.1",TRUE
"DAKCFMEO_03271","WP_005771683.1",TRUE
"DAKCFMEO_03275","WP_005771689.1",TRUE
"DAKCFMEO_03276","WP_005771691.1",TRUE
"DAKCFMEO_04993","WP_005771787.1",TRUE
"DAKCFMEO_00404","WP_007243678.1",TRUE
"DAKCFMEO_00406","WP_007243679.1",TRUE
"DAKCFMEO_00441","WP_007243690.1",TRUE
"DAKCFMEO_00454","WP_007243694.1",TRUE
"DAKCFMEO_00469","WP_007243700.1",TRUE
"DAKCFMEO_01694","WP_007243709.1",TRUE
"DAKCFMEO_01695","WP_007243710.1",TRUE
"DAKCFMEO_01705","WP_007243715.1",TRUE
"DAKCFMEO_03222","WP_007243725.1",TRUE
"DAKCFMEO_03719","WP_007243732.1",TRUE
"DAKCFMEO_01780","WP_007243735.1",TRUE
"DAKCFMEO_01797","WP_007243742.1",TRUE
"DAKCFMEO_04757","WP_007243745.1",TRUE
"DAKCFMEO_04769","WP_007243753.1",TRUE
"DAKCFMEO_00547","WP_007243764.1",TRUE
"DAKCFMEO_00557","WP_007243779.1",TRUE
"DAKCFMEO_00564","WP_007243783.1",TRUE
"DAKCFMEO_04811","WP_007243834.1",TRUE
"DAKCFMEO_04817","WP_007243836.1",TRUE
"DAKCFMEO_03924","WP_007243875.1",TRUE
"DAKCFMEO_03910","WP_007243881.1",TRUE
"DAKCFMEO_03907","WP_007243883.1",TRUE
"DAKCFMEO_03801","WP_007243944.1",TRUE
"DAKCFMEO_03748","WP_007243977.1",TRUE
"DAKCFMEO_03743","WP_007243982.1",TRUE
"DAKCFMEO_01184","WP_007244012.1",TRUE
"DAKCFMEO_02724","WP_007244032.1",TRUE
"DAKCFMEO_02743","WP_007244046.1",TRUE
"DAKCFMEO_02754","WP_007244060.1",TRUE
"DAKCFMEO_02758","WP_007244063.1",TRUE
"DAKCFMEO_02768","WP_007244070.1",TRUE
"DAKCFMEO_02771","WP_007244073.1",TRUE
"DAKCFMEO_02792","WP_007244082.1",TRUE
"DAKCFMEO_03375","WP_007244088.1",TRUE
"DAKCFMEO_03378","WP_007244090.1",TRUE
"DAKCFMEO_03386","WP_007244096.1",TRUE
"DAKCFMEO_03392","WP_007244100.1",TRUE
"DAKCFMEO_03401","WP_007244107.1",TRUE
"DAKCFMEO_03412","WP_007244110.1",TRUE
"DAKCFMEO_03450","WP_007244127.1",TRUE
"DAKCFMEO_03452","WP_007244130.1",TRUE
"DAKCFMEO_01735","WP_007244158.1",TRUE
"DAKCFMEO_02663","WP_007244210.1",TRUE
"DAKCFMEO_02657","WP_007244213.1",TRUE
"DAKCFMEO_02648","WP_007244218.1",TRUE
"DAKCFMEO_02634","WP_007244311.1",TRUE
"DAKCFMEO_02620","WP_007244314.1",TRUE
"DAKCFMEO_02611","WP_007244321.1",TRUE
"DAKCFMEO_02603","WP_007244323.1",TRUE
"DAKCFMEO_02602","WP_007244324.1",TRUE
"DAKCFMEO_02583","WP_007244335.1",TRUE
"DAKCFMEO_02567","WP_007244349.1",TRUE
"DAKCFMEO_02559","WP_007244356.1",TRUE
"DAKCFMEO_02555","WP_007244357.1",TRUE
"DAKCFMEO_02542","WP_007244363.1",TRUE
"DAKCFMEO_02540","WP_007244364.1",TRUE
"DAKCFMEO_02536","WP_007244365.1",TRUE
"DAKCFMEO_02527","WP_007244370.1",TRUE
"DAKCFMEO_02510","WP_007244381.1",TRUE
"DAKCFMEO_02505","WP_007244383.1",TRUE
"DAKCFMEO_02494","WP_007244389.1",TRUE
"DAKCFMEO_02485","WP_007244400.1",TRUE
"DAKCFMEO_02482","WP_007244403.1",TRUE
"DAKCFMEO_02840","WP_007244435.1",TRUE
"DAKCFMEO_02852","WP_007244442.1",TRUE
"DAKCFMEO_02859","WP_007244448.1",TRUE
"DAKCFMEO_02861","WP_007244449.1",TRUE
"DAKCFMEO_02869","WP_007244455.1",TRUE
"DAKCFMEO_02929","WP_007244499.1",TRUE
"DAKCFMEO_02942","WP_007244528.1",TRUE
"DAKCFMEO_05053","WP_007244533.1",TRUE
"DAKCFMEO_04959","WP_007244549.1",TRUE
"DAKCFMEO_02176","WP_007244552.1",TRUE
"DAKCFMEO_02159","WP_007244559.1",TRUE
"DAKCFMEO_02149","WP_007244563.1",TRUE
"DAKCFMEO_04984","WP_007244569.1",TRUE
"DAKCFMEO_04980","WP_007244571.1",TRUE
"DAKCFMEO_04957","WP_007244575.1",TRUE
"DAKCFMEO_04953","WP_007244577.1",TRUE
"DAKCFMEO_04950","WP_007244579.1",TRUE
"DAKCFMEO_04910","WP_007244601.1",TRUE
"DAKCFMEO_04909","WP_007244602.1",TRUE
"DAKCFMEO_04898","WP_007244608.1",TRUE
"DAKCFMEO_04856","WP_007244624.1",TRUE
"DAKCFMEO_03617","WP_007244641.1",TRUE
"DAKCFMEO_03627","WP_007244646.1",TRUE
"DAKCFMEO_03633","WP_007244650.1",TRUE
"DAKCFMEO_03634","WP_007244651.1",TRUE
"DAKCFMEO_03641","WP_007244655.1",TRUE
"DAKCFMEO_03643","WP_007244656.1",TRUE
"DAKCFMEO_03652","WP_007244661.1",TRUE
"DAKCFMEO_03657","WP_007244663.1",TRUE
"DAKCFMEO_03599","WP_007244669.1",TRUE
"DAKCFMEO_03606","WP_007244673.1",TRUE
"DAKCFMEO_03608","WP_007244675.1",TRUE
"DAKCFMEO_03612","WP_007244676.1",TRUE
"DAKCFMEO_00727","WP_007244715.1",TRUE
"DAKCFMEO_00670","WP_007244755.1",TRUE
"DAKCFMEO_00630","WP_007244776.1",TRUE
"DAKCFMEO_00626","WP_007244779.1",TRUE
"DAKCFMEO_00624","WP_007244780.1",TRUE
"DAKCFMEO_00620","WP_007244781.1",TRUE
"DAKCFMEO_01463","WP_007244820.1",TRUE
"DAKCFMEO_01478","WP_007244826.1",TRUE
"DAKCFMEO_01480","WP_007244827.1",TRUE
"DAKCFMEO_01483","WP_007244829.1",TRUE
"DAKCFMEO_00999","WP_007244847.1",TRUE
"DAKCFMEO_03008","WP_007244877.1",TRUE
"DAKCFMEO_03004","WP_007244879.1",TRUE
"DAKCFMEO_03000","WP_007244881.1",TRUE
"DAKCFMEO_02996","WP_007244885.1",TRUE
"DAKCFMEO_03292","WP_007244904.1",TRUE
"DAKCFMEO_01259","WP_007244945.1",TRUE
"DAKCFMEO_01244","WP_007244951.1",TRUE
"DAKCFMEO_01223","WP_007244964.1",TRUE
"DAKCFMEO_01199","WP_007244980.1",TRUE
"DAKCFMEO_01195","WP_007244983.1",TRUE
"DAKCFMEO_01570","WP_007244998.1",TRUE
"DAKCFMEO_01591","WP_007245011.1",TRUE
"DAKCFMEO_01594","WP_007245012.1",TRUE
"DAKCFMEO_02465","WP_007245030.1",TRUE
"DAKCFMEO_04069","WP_007245058.1",TRUE
"DAKCFMEO_02404","WP_007245069.1",TRUE
"DAKCFMEO_04515","WP_007245075.1",TRUE
"DAKCFMEO_04506","WP_007245081.1",TRUE
"DAKCFMEO_02366","WP_007245106.1",TRUE
"DAKCFMEO_02307","WP_007245137.1",TRUE
"DAKCFMEO_04279","WP_007245153.1",TRUE
"DAKCFMEO_04295","WP_007245166.1",TRUE
"DAKCFMEO_04329","WP_007245200.1",TRUE
"DAKCFMEO_04349","WP_007245213.1",TRUE
"DAKCFMEO_04361","WP_007245218.1",TRUE
"DAKCFMEO_04542","WP_007245274.1",TRUE
"DAKCFMEO_04563","WP_007245289.1",TRUE
"DAKCFMEO_04564","WP_007245290.1",TRUE
"DAKCFMEO_04626","WP_007245315.1",TRUE
"DAKCFMEO_04672","WP_007245346.1",TRUE
"DAKCFMEO_04676","WP_007245350.1",TRUE
"DAKCFMEO_04679","WP_007245351.1",TRUE
"DAKCFMEO_04681","WP_007245353.1",TRUE
"DAKCFMEO_04683","WP_007245354.1",TRUE
"DAKCFMEO_04693","WP_007245360.1",TRUE
"DAKCFMEO_03905","WP_007245364.1",TRUE
"DAKCFMEO_03267","WP_007245369.1",TRUE
"DAKCFMEO_03265","WP_007245370.1",TRUE
"DAKCFMEO_03259","WP_007245372.1",TRUE
"DAKCFMEO_03253","WP_007245377.1",TRUE
"DAKCFMEO_03233","WP_007245391.1",TRUE
"DAKCFMEO_03224","WP_007245395.1",TRUE
"DAKCFMEO_03223","WP_007245396.1",TRUE
"DAKCFMEO_03214","WP_007245401.1",TRUE
"DAKCFMEO_03201","WP_007245412.1",TRUE
"DAKCFMEO_03191","WP_007245414.1",TRUE
"DAKCFMEO_03170","WP_007245422.1",TRUE
"DAKCFMEO_03143","WP_007245435.1",TRUE
"DAKCFMEO_03135","WP_007245440.1",TRUE
"DAKCFMEO_03131","WP_007245442.1",TRUE
"DAKCFMEO_03505","WP_007245455.1",TRUE
"DAKCFMEO_03576","WP_007245492.1",TRUE
"DAKCFMEO_03691","WP_007245539.1",TRUE
"DAKCFMEO_03692","WP_007245540.1",TRUE
"DAKCFMEO_03700","WP_007245542.1",TRUE
"DAKCFMEO_03703","WP_007245544.1",TRUE
"DAKCFMEO_03706","WP_007245546.1",TRUE
"DAKCFMEO_05131","WP_007245567.1",TRUE
"DAKCFMEO_05087","WP_007245578.1",TRUE
"DAKCFMEO_05077","WP_007245582.1",TRUE
"DAKCFMEO_05104","WP_007245596.1",TRUE
"DAKCFMEO_04222","WP_007245677.1",TRUE
"DAKCFMEO_04198","WP_007245694.1",TRUE
"DAKCFMEO_00041","WP_007245711.1",TRUE
"DAKCFMEO_04393","WP_007245738.1",TRUE
"DAKCFMEO_03034","WP_007245780.1",TRUE
"DAKCFMEO_03030","WP_007245782.1",TRUE
"DAKCFMEO_04160","WP_007245794.1",TRUE
"DAKCFMEO_04156","WP_007245797.1",TRUE
"DAKCFMEO_04149","WP_007245801.1",TRUE
"DAKCFMEO_04145","WP_007245803.1",TRUE
"DAKCFMEO_04133","WP_007245808.1",TRUE
"DAKCFMEO_04194","WP_007245818.1",TRUE
"DAKCFMEO_04195","WP_007245819.1",TRUE
"DAKCFMEO_04233","WP_007245835.1",TRUE
"DAKCFMEO_04247","WP_007245842.1",TRUE
"DAKCFMEO_04251","WP_007245844.1",TRUE
"DAKCFMEO_01613","WP_007245851.1",TRUE
"DAKCFMEO_00958","WP_007245868.1",TRUE
"DAKCFMEO_01017","WP_007245870.1",TRUE
"DAKCFMEO_01014","WP_007245872.1",TRUE
"DAKCFMEO_01001","WP_007245876.1",TRUE
"DAKCFMEO_00946","WP_007245914.1",TRUE
"DAKCFMEO_00932","WP_007245922.1",TRUE
"DAKCFMEO_01406","WP_007245931.1",TRUE
"DAKCFMEO_01622","WP_007245963.1",TRUE
"DAKCFMEO_01621","WP_007245964.1",TRUE
"DAKCFMEO_01048","WP_007245976.1",TRUE
"DAKCFMEO_01051","WP_007245978.1",TRUE
"DAKCFMEO_01093","WP_007245994.1",TRUE
"DAKCFMEO_01094","WP_007245995.1",TRUE
"DAKCFMEO_01101","WP_007246000.1",TRUE
"DAKCFMEO_01113","WP_007246008.1",TRUE
"DAKCFMEO_01116","WP_007246009.1",TRUE
"DAKCFMEO_01119","WP_007246012.1",TRUE
"DAKCFMEO_01120","WP_007246013.1",TRUE
"DAKCFMEO_01132","WP_007246020.1",TRUE
"DAKCFMEO_01546","WP_007246025.1",TRUE
"DAKCFMEO_01540","WP_007246027.1",TRUE
"DAKCFMEO_01535","WP_007246028.1",TRUE
"DAKCFMEO_01526","WP_007246030.1",TRUE
"DAKCFMEO_02438","WP_007246046.1",TRUE
"DAKCFMEO_01493","WP_007246047.1",TRUE
"DAKCFMEO_01449","WP_007246056.1",TRUE
"DAKCFMEO_01446","WP_007246058.1",TRUE
"DAKCFMEO_01443","WP_007246060.1",TRUE
"DAKCFMEO_01434","WP_007246072.1",TRUE
"DAKCFMEO_01429","WP_007246082.1",TRUE
"DAKCFMEO_01427","WP_007246084.1",TRUE
"DAKCFMEO_01648","WP_007246092.1",TRUE
"DAKCFMEO_01654","WP_007246096.1",TRUE
"DAKCFMEO_01657","WP_007246097.1",TRUE
"DAKCFMEO_01661","WP_007246099.1",TRUE
"DAKCFMEO_01668","WP_007246105.1",TRUE
"DAKCFMEO_00474","WP_007246110.1",TRUE
"DAKCFMEO_00476","WP_007246111.1",TRUE
"DAKCFMEO_00495","WP_007246125.1",TRUE
"DAKCFMEO_00276","WP_007246181.1",TRUE
"DAKCFMEO_00277","WP_007246182.1",TRUE
"DAKCFMEO_00290","WP_007246191.1",TRUE
"DAKCFMEO_00293","WP_007246194.1",TRUE
"DAKCFMEO_00295","WP_007246196.1",TRUE
"DAKCFMEO_00316","WP_007246206.1",TRUE
"DAKCFMEO_00333","WP_007246215.1",TRUE
"DAKCFMEO_00350","WP_007246223.1",TRUE
"DAKCFMEO_00370","WP_007246228.1",TRUE
"DAKCFMEO_00376","WP_007246230.1",TRUE
"DAKCFMEO_04079","WP_007246281.1",TRUE
"DAKCFMEO_04086","WP_007246288.1",TRUE
"DAKCFMEO_04112","WP_007246306.1",TRUE
"DAKCFMEO_04115","WP_007246309.1",TRUE
"DAKCFMEO_04118","WP_007246311.1",TRUE
"DAKCFMEO_04119","WP_007246312.1",TRUE
"DAKCFMEO_04122","WP_007246313.1",TRUE
"DAKCFMEO_02707","WP_007246323.1",TRUE
"DAKCFMEO_02684","WP_007246342.1",TRUE
"DAKCFMEO_00808","WP_007246354.1",TRUE
"DAKCFMEO_00806","WP_007246356.1",TRUE
"DAKCFMEO_00804","WP_007246357.1",TRUE
"DAKCFMEO_00794","WP_007246362.1",TRUE
"DAKCFMEO_00774","WP_007246371.1",TRUE
"DAKCFMEO_00767","WP_007246376.1",TRUE
"DAKCFMEO_00763","WP_007246378.1",TRUE
"DAKCFMEO_04022","WP_007246451.1",TRUE
"DAKCFMEO_03999","WP_007246481.1",TRUE
"DAKCFMEO_03995","WP_007246483.1",TRUE
"DAKCFMEO_01843","WP_007246510.1",TRUE
"DAKCFMEO_01839","WP_007246513.1",TRUE
"DAKCFMEO_01832","WP_007246518.1",TRUE
"DAKCFMEO_01914","WP_007246535.1",TRUE
"DAKCFMEO_01920","WP_007246537.1",TRUE
"DAKCFMEO_05254","WP_007246574.1",TRUE
"DAKCFMEO_05253","WP_007246575.1",TRUE
"DAKCFMEO_05252","WP_007246576.1",TRUE
"DAKCFMEO_00175","WP_007246617.1",TRUE
"DAKCFMEO_00174","WP_007246618.1",TRUE
"DAKCFMEO_00172","WP_007246619.1",TRUE
"DAKCFMEO_00162","WP_007246626.1",TRUE
"DAKCFMEO_00148","WP_007246633.1",TRUE
"DAKCFMEO_00139","WP_007246637.1",TRUE
"DAKCFMEO_00134","WP_007246640.1",TRUE
"DAKCFMEO_01320","WP_007246648.1",TRUE
"DAKCFMEO_01327","WP_007246654.1",TRUE
"DAKCFMEO_01329","WP_007246655.1",TRUE
"DAKCFMEO_01344","WP_007246667.1",TRUE
"DAKCFMEO_01355","WP_007246679.1",TRUE
"DAKCFMEO_01366","WP_007246686.1",TRUE
"DAKCFMEO_01371","WP_007246688.1",TRUE
"DAKCFMEO_00899","WP_007246690.1",TRUE
"DAKCFMEO_00918","WP_007246697.1",TRUE
"DAKCFMEO_00914","WP_007246699.1",TRUE
"DAKCFMEO_03985","WP_007246762.1",TRUE
"DAKCFMEO_00529","WP_007246769.1",TRUE
"DAKCFMEO_00220","WP_007246809.1",TRUE
"DAKCFMEO_00225","WP_007246812.1",TRUE
"DAKCFMEO_00243","WP_007246818.1",TRUE
"DAKCFMEO_05205","WP_007246844.1",TRUE
"DAKCFMEO_05208","WP_007246848.1",TRUE
"DAKCFMEO_00875","WP_007246877.1",TRUE
"DAKCFMEO_00873","WP_007246879.1",TRUE
"DAKCFMEO_00862","WP_007246884.1",TRUE
"DAKCFMEO_00833","WP_007246896.1",TRUE
"DAKCFMEO_00826","WP_007246901.1",TRUE
"DAKCFMEO_03848","WP_007246911.1",TRUE
"DAKCFMEO_01399","WP_007246944.1",TRUE
"DAKCFMEO_01401","WP_007246946.1",TRUE
"DAKCFMEO_01402","WP_007246947.1",TRUE
"DAKCFMEO_04701","WP_007246965.1",TRUE
"DAKCFMEO_04705","WP_007246966.1",TRUE
"DAKCFMEO_04718","WP_007246973.1",TRUE
"DAKCFMEO_04730","WP_007246984.1",TRUE
"DAKCFMEO_04733","WP_007246985.1",TRUE
"DAKCFMEO_04735","WP_007246986.1",TRUE
"DAKCFMEO_00082","WP_007247022.1",TRUE
"DAKCFMEO_00081","WP_007247023.1",TRUE
"DAKCFMEO_02090","WP_007247035.1",TRUE
"DAKCFMEO_02192","WP_007247038.1",TRUE
"DAKCFMEO_02194","WP_007247039.1",TRUE
"DAKCFMEO_02195","WP_007247040.1",TRUE
"DAKCFMEO_02207","WP_007247044.1",TRUE
"DAKCFMEO_05009","WP_007247057.1",TRUE
"DAKCFMEO_03334","WP_007247086.1",TRUE
"DAKCFMEO_02014","WP_007247117.1",TRUE
"DAKCFMEO_03955","WP_007247126.1",TRUE
"DAKCFMEO_03979","WP_007247147.1",TRUE
"DAKCFMEO_02061","WP_007247160.1",TRUE
"DAKCFMEO_01977","WP_007247176.1",TRUE
"DAKCFMEO_01939","WP_007247202.1",TRUE
"DAKCFMEO_01927","WP_007247212.1",TRUE
"DAKCFMEO_01926","WP_007247213.1",TRUE
"DAKCFMEO_01819","WP_007247215.1",TRUE
"DAKCFMEO_01876","WP_007247222.1",TRUE
"DAKCFMEO_01954","WP_007247319.1",TRUE
"DAKCFMEO_05155","WP_007247332.1",TRUE
"DAKCFMEO_02135","WP_007247340.1",TRUE
"DAKCFMEO_02262","WP_007247360.1",TRUE
"DAKCFMEO_05174","WP_007247432.1",TRUE
"DAKCFMEO_05303","WP_007247460.1",TRUE
"DAKCFMEO_03279","WP_007247479.1",TRUE
"DAKCFMEO_01512","WP_010200894.1",TRUE
"DAKCFMEO_04081","WP_010201131.1",TRUE
"DAKCFMEO_02797","WP_010201143.1",TRUE
"DAKCFMEO_01651","WP_010201647.1",TRUE
"DAKCFMEO_01643","WP_010201804.1",TRUE
"DAKCFMEO_02970","WP_010201831.1",TRUE
"DAKCFMEO_03690","WP_010202134.1",TRUE
"DAKCFMEO_04372","WP_010202254.1",TRUE
"DAKCFMEO_04201","WP_010202721.1",TRUE
"DAKCFMEO_03777","WP_010203307.1",TRUE
"DAKCFMEO_03772","WP_010203323.1",TRUE
"DAKCFMEO_00150","WP_010203608.1",TRUE
"DAKCFMEO_00897","WP_010203861.1",TRUE
"DAKCFMEO_02197","WP_010203924.1",TRUE
"DAKCFMEO_03467","WP_010204046.1",TRUE
"DAKCFMEO_03020","WP_010204183.1",TRUE
"DAKCFMEO_02408","WP_010204340.1",TRUE
"DAKCFMEO_00960","WP_010204398.1",TRUE
"DAKCFMEO_04661","WP_010204432.1",TRUE
"DAKCFMEO_02692","WP_010204647.1",TRUE
"DAKCFMEO_04688","WP_010204659.1",TRUE
"DAKCFMEO_02047","WP_010205374.1",TRUE
"DAKCFMEO_02946","WP_010205456.1",TRUE
"DAKCFMEO_01349","WP_010205556.1",TRUE
"DAKCFMEO_01350","WP_010205558.1",TRUE
"DAKCFMEO_01352","WP_010205561.1",TRUE
"DAKCFMEO_02759","WP_010205787.1",TRUE
"DAKCFMEO_05184","WP_010205950.1",TRUE
"DAKCFMEO_04606","WP_010206379.1",TRUE
"DAKCFMEO_02916","WP_010207011.1",TRUE
"DAKCFMEO_00926","WP_010207498.1",TRUE
"DAKCFMEO_05183","WP_010207549.1",TRUE
"DAKCFMEO_00207","WP_010207837.1",TRUE
"DAKCFMEO_02551","WP_010207872.1",TRUE
"DAKCFMEO_02574","WP_010207888.1",TRUE
"DAKCFMEO_05173","WP_010208255.1",TRUE
"DAKCFMEO_01857","WP_010208311.1",TRUE
"DAKCFMEO_01866","WP_010208319.1",TRUE
"DAKCFMEO_02999","WP_010208763.1",TRUE
"DAKCFMEO_04291","WP_010208878.1",TRUE
"DAKCFMEO_05242","WP_010209025.1",TRUE
"DAKCFMEO_03130","WP_010209286.1",TRUE
"DAKCFMEO_00935","WP_010210634.1",TRUE
"DAKCFMEO_01452","WP_010211386.1",TRUE
"DAKCFMEO_04937","WP_010213170.1",TRUE
"DAKCFMEO_01628","WP_010213774.1",TRUE
"DAKCFMEO_05127","WP_010216200.1",TRUE
"DAKCFMEO_03822","WP_010216538.1",TRUE
"DAKCFMEO_04749","WP_010216700.1",TRUE
"DAKCFMEO_02854","WP_010217367.1",TRUE
"DAKCFMEO_04390","WP_010218671.1",TRUE
"DAKCFMEO_02092","WP_010218951.1",TRUE
"DAKCFMEO_00336","WP_010218977.1",TRUE
"DAKCFMEO_01104","WP_010219162.1",TRUE
"DAKCFMEO_00311","WP_010219554.1",TRUE
"DAKCFMEO_00933","WP_010220797.1",TRUE
"DAKCFMEO_01264","WP_011102932.1",TRUE
"DAKCFMEO_01276","WP_011102950.1",TRUE
"DAKCFMEO_01277","WP_011102951.1",TRUE
"DAKCFMEO_01278","WP_011102952.1",TRUE
"DAKCFMEO_01279","WP_011102953.1",TRUE
"DAKCFMEO_01280","WP_011102954.1",TRUE
"DAKCFMEO_01281","WP_011102955.1",TRUE
"DAKCFMEO_01283","WP_011102956.1",TRUE
"DAKCFMEO_01285","WP_011102957.1",TRUE
"DAKCFMEO_01286","WP_011102958.1",TRUE
"DAKCFMEO_01287","WP_011102959.1",TRUE
"DAKCFMEO_01885","WP_011102975.1",TRUE
"DAKCFMEO_01825","WP_011102978.1",TRUE
"DAKCFMEO_01828","WP_011102979.1",TRUE
"DAKCFMEO_01833","WP_011102980.1",TRUE
"DAKCFMEO_01835","WP_011102981.1",TRUE
"DAKCFMEO_01847","WP_011102984.1",TRUE
"DAKCFMEO_01850","WP_011102986.1",TRUE
"DAKCFMEO_01855","WP_011102988.1",TRUE
"DAKCFMEO_01868","WP_011102991.1",TRUE
"DAKCFMEO_01870","WP_011102992.1",TRUE
"DAKCFMEO_01871","WP_011102993.1",TRUE
"DAKCFMEO_01875","WP_011102994.1",TRUE
"DAKCFMEO_01877","WP_011102995.1",TRUE
"DAKCFMEO_01822","WP_011102996.1",TRUE
"DAKCFMEO_01821","WP_011102997.1",TRUE
"DAKCFMEO_01820","WP_011102998.1",TRUE
"DAKCFMEO_01925","WP_011103000.1",TRUE
"DAKCFMEO_01928","WP_011103001.1",TRUE
"DAKCFMEO_01929","WP_011103002.1",TRUE
"DAKCFMEO_01931","WP_011103004.1",TRUE
"DAKCFMEO_01944","WP_011103008.1",TRUE
"DAKCFMEO_02218","WP_011103010.1",TRUE
"DAKCFMEO_02221","WP_011103011.1",TRUE
"DAKCFMEO_04464","WP_011103012.1",TRUE
"DAKCFMEO_02231","WP_011103014.1",TRUE
"DAKCFMEO_02237","WP_011103015.1",TRUE
"DAKCFMEO_01310","WP_011103017.1",TRUE
"DAKCFMEO_01309","WP_011103018.1",TRUE
"DAKCFMEO_01307","WP_011103021.1",TRUE
"DAKCFMEO_01306","WP_011103022.1",TRUE
"DAKCFMEO_01304","WP_011103024.1",TRUE
"DAKCFMEO_01301","WP_011103025.1",TRUE
"DAKCFMEO_01297","WP_011103027.1",TRUE
"DAKCFMEO_01295","WP_011103028.1",TRUE
"DAKCFMEO_01294","WP_011103029.1",TRUE
"DAKCFMEO_01915","WP_011103037.1",TRUE
"DAKCFMEO_01916","WP_011103038.1",TRUE
"DAKCFMEO_01917","WP_011103039.1",TRUE
"DAKCFMEO_01918","WP_011103040.1",TRUE
"DAKCFMEO_01921","WP_011103041.1",TRUE
"DAKCFMEO_01818","WP_011103042.1",TRUE
"DAKCFMEO_02004","WP_011103045.1",TRUE
"DAKCFMEO_02006","WP_011103046.1",TRUE
"DAKCFMEO_02008","WP_011103048.1",TRUE
"DAKCFMEO_02009","WP_011103049.1",TRUE
"DAKCFMEO_02012","WP_011103050.1",TRUE
"DAKCFMEO_02015","WP_011103051.1",TRUE
"DAKCFMEO_02016","WP_011103052.1",TRUE
"DAKCFMEO_02017","WP_011103053.1",TRUE
"DAKCFMEO_05182","WP_011103055.1",TRUE
"DAKCFMEO_05181","WP_011103056.1",TRUE
"DAKCFMEO_02034","WP_011103058.1",TRUE
"DAKCFMEO_02035","WP_011103059.1",TRUE
"DAKCFMEO_02079","WP_011103085.1",TRUE
"DAKCFMEO_02080","WP_011103086.1",TRUE
"DAKCFMEO_05163","WP_011103090.1",TRUE
"DAKCFMEO_05161","WP_011103091.1",TRUE
"DAKCFMEO_05157","WP_011103092.1",TRUE
"DAKCFMEO_05156","WP_011103093.1",TRUE
"DAKCFMEO_01979","WP_011103094.1",TRUE
"DAKCFMEO_01981","WP_011103095.1",TRUE
"DAKCFMEO_01985","WP_011103096.1",TRUE
"DAKCFMEO_01817","WP_011103099.1",TRUE
"DAKCFMEO_01815","WP_011103100.1",TRUE
"DAKCFMEO_01812","WP_011103101.1",TRUE
"DAKCFMEO_02182","WP_011103103.1",TRUE
"DAKCFMEO_02183","WP_011103104.1",TRUE
"DAKCFMEO_05124","WP_011103107.1",TRUE
"DAKCFMEO_05122","WP_011103108.1",TRUE
"DAKCFMEO_05121","WP_011103109.1",TRUE
"DAKCFMEO_05120","WP_011103110.1",TRUE
"DAKCFMEO_05118","WP_011103111.1",TRUE
"DAKCFMEO_05117","WP_011103113.1",TRUE
"DAKCFMEO_05115","WP_011103115.1",TRUE
"DAKCFMEO_02140","WP_011103118.1",TRUE
"DAKCFMEO_02142","WP_011103119.1",TRUE
"DAKCFMEO_05275","WP_011103122.1",TRUE
"DAKCFMEO_02147","WP_011103123.1",TRUE
"DAKCFMEO_02151","WP_011103124.1",TRUE
"DAKCFMEO_02154","WP_011103125.1",TRUE
"DAKCFMEO_02160","WP_011103126.1",TRUE
"DAKCFMEO_02169","WP_011103127.1",TRUE
"DAKCFMEO_02170","WP_011103128.1",TRUE
"DAKCFMEO_02173","WP_011103131.1",TRUE
"DAKCFMEO_02174","WP_011103132.1",TRUE
"DAKCFMEO_04976","WP_011103134.1",TRUE
"DAKCFMEO_02179","WP_011103135.1",TRUE
"DAKCFMEO_05038","WP_011103137.1",TRUE
"DAKCFMEO_05026","WP_011103140.1",TRUE
"DAKCFMEO_05055","WP_011103141.1",TRUE
"DAKCFMEO_02943","WP_011103142.1",TRUE
"DAKCFMEO_02944","WP_011103143.1",TRUE
"DAKCFMEO_02960","WP_011103144.1",TRUE
"DAKCFMEO_04966","WP_011103145.1",FALSE
"DAKCFMEO_02940","WP_011103148.1",TRUE
"DAKCFMEO_02928","WP_011103158.1",TRUE
"DAKCFMEO_02926","WP_011103159.1",TRUE
"DAKCFMEO_02922","WP_011103160.1",TRUE
"DAKCFMEO_02920","WP_011103161.1",TRUE
"DAKCFMEO_02917","WP_011103162.1",TRUE
"DAKCFMEO_02915","WP_011103167.1",TRUE
"DAKCFMEO_03040","WP_011103171.1",TRUE
"DAKCFMEO_02865","WP_011103181.1",TRUE
"DAKCFMEO_02864","WP_011103182.1",TRUE
"DAKCFMEO_02863","WP_011103183.1",TRUE
"DAKCFMEO_02862","WP_011103184.1",TRUE
"DAKCFMEO_02860","WP_011103185.1",TRUE
"DAKCFMEO_02858","WP_011103186.1",TRUE
"DAKCFMEO_02855","WP_011103187.1",TRUE
"DAKCFMEO_02850","WP_011103191.1",TRUE
"DAKCFMEO_02844","WP_011103195.1",TRUE
"DAKCFMEO_02838","WP_011103197.1",TRUE
"DAKCFMEO_02828","WP_011103203.1",TRUE
"DAKCFMEO_02825","WP_011103204.1",TRUE
"DAKCFMEO_02812","WP_011103215.1",TRUE
"DAKCFMEO_02810","WP_011103216.1",TRUE
"DAKCFMEO_02803","WP_011103217.1",TRUE
"DAKCFMEO_03487","WP_011103219.1",TRUE
"DAKCFMEO_03500","WP_011103220.1",TRUE
"DAKCFMEO_03539","WP_011103224.1",TRUE
"DAKCFMEO_03544","WP_011103225.1",TRUE
"DAKCFMEO_00498","WP_011103226.1",TRUE
"DAKCFMEO_02057","WP_011103227.1",TRUE
"DAKCFMEO_03546","WP_011103229.1",TRUE
"DAKCFMEO_03554","WP_011103232.1",TRUE
"DAKCFMEO_03560","WP_011103233.1",TRUE
"DAKCFMEO_03564","WP_011103234.1",TRUE
"DAKCFMEO_03567","WP_011103235.1",TRUE
"DAKCFMEO_03568","WP_011103236.1",TRUE
"DAKCFMEO_03569","WP_011103237.1",TRUE
"DAKCFMEO_03571","WP_011103238.1",TRUE
"DAKCFMEO_03572","WP_011103239.1",TRUE
"DAKCFMEO_03575","WP_011103240.1",TRUE
"DAKCFMEO_03578","WP_011103241.1",TRUE
"DAKCFMEO_03584","WP_011103253.1",TRUE
"DAKCFMEO_03588","WP_011103255.1",TRUE
"DAKCFMEO_03589","WP_011103256.1",TRUE
"DAKCFMEO_03598","WP_011103257.1",TRUE
"DAKCFMEO_03665","WP_011103258.1",TRUE
"DAKCFMEO_03666","WP_011103259.1",TRUE
"DAKCFMEO_03669","WP_011103261.1",TRUE
"DAKCFMEO_03670","WP_011103262.1",TRUE
"DAKCFMEO_03671","WP_011103263.1",TRUE
"DAKCFMEO_03683","WP_011103267.1",TRUE
"DAKCFMEO_03686","WP_011103268.1",TRUE
"DAKCFMEO_03689","WP_011103269.1",TRUE
"DAKCFMEO_03695","WP_011103270.1",TRUE
"DAKCFMEO_03705","WP_011103273.1",TRUE
"DAKCFMEO_03708","WP_011103274.1",TRUE
"DAKCFMEO_00609","WP_011103275.1",TRUE
"DAKCFMEO_00608","WP_011103276.1",TRUE
"DAKCFMEO_00607","WP_011103277.1",TRUE
"DAKCFMEO_00600","WP_011103279.1",TRUE
"DAKCFMEO_00599","WP_011103280.1",TRUE
"DAKCFMEO_00598","WP_011103281.1",TRUE
"DAKCFMEO_00595","WP_011103282.1",TRUE
"DAKCFMEO_00593","WP_011103283.1",TRUE
"DAKCFMEO_00592","WP_011103284.1",TRUE
"DAKCFMEO_00591","WP_011103285.1",TRUE
"DAKCFMEO_00590","WP_011103287.1",TRUE
"DAKCFMEO_00589","WP_011103288.1",TRUE
"DAKCFMEO_00587","WP_011103289.1",TRUE
"DAKCFMEO_00534","WP_011103291.1",TRUE
"DAKCFMEO_00528","WP_011103292.1",TRUE
"DAKCFMEO_00527","WP_011103293.1",TRUE
"DAKCFMEO_00526","WP_011103294.1",TRUE
"DAKCFMEO_00525","WP_011103295.1",TRUE
"DAKCFMEO_00524","WP_011103296.1",TRUE
"DAKCFMEO_04449","WP_011103298.1",TRUE
"DAKCFMEO_04448","WP_011103299.1",TRUE
"DAKCFMEO_04447","WP_011103300.1",TRUE
"DAKCFMEO_00522","WP_011103301.1",TRUE
"DAKCFMEO_00518","WP_011103303.1",TRUE
"DAKCFMEO_03118","WP_011103304.1",TRUE
"DAKCFMEO_01167","WP_011103331.1",TRUE
"DAKCFMEO_01791","WP_011103336.1",TRUE
"DAKCFMEO_01790","WP_011103337.1",TRUE
"DAKCFMEO_02884","WP_011103345.1",TRUE
"DAKCFMEO_00503","WP_011103349.1",TRUE
"DAKCFMEO_00502","WP_011103350.1",TRUE
"DAKCFMEO_00501","WP_011103351.1",TRUE
"DAKCFMEO_03581","WP_011103353.1",TRUE
"DAKCFMEO_00494","WP_011103355.1",TRUE
"DAKCFMEO_00492","WP_011103356.1",TRUE
"DAKCFMEO_00488","WP_011103358.1",TRUE
"DAKCFMEO_00483","WP_011103359.1",TRUE
"DAKCFMEO_00480","WP_011103361.1",TRUE
"DAKCFMEO_00479","WP_011103362.1",TRUE
"DAKCFMEO_00478","WP_011103363.1",TRUE
"DAKCFMEO_00475","WP_011103365.1",TRUE
"DAKCFMEO_00473","WP_011103366.1",TRUE
"DAKCFMEO_01673","WP_011103367.1",TRUE
"DAKCFMEO_01672","WP_011103368.1",TRUE
"DAKCFMEO_01670","WP_011103369.1",TRUE
"DAKCFMEO_01666","WP_011103370.1",TRUE
"DAKCFMEO_01664","WP_011103371.1",TRUE
"DAKCFMEO_01658","WP_011103372.1",TRUE
"DAKCFMEO_01655","WP_011103373.1",TRUE
"DAKCFMEO_01653","WP_011103375.1",TRUE
"DAKCFMEO_03483","WP_011103377.1",TRUE
"DAKCFMEO_03481","WP_011103378.1",TRUE
"DAKCFMEO_03475","WP_011103380.1",TRUE
"DAKCFMEO_03470","WP_011103382.1",TRUE
"DAKCFMEO_01753","WP_011103387.1",TRUE
"DAKCFMEO_01746","WP_011103393.1",TRUE
"DAKCFMEO_01742","WP_011103395.1",TRUE
"DAKCFMEO_01741","WP_011103396.1",TRUE
"DAKCFMEO_01740","WP_011103397.1",TRUE
"DAKCFMEO_01737","WP_011103398.1",TRUE
"DAKCFMEO_01736","WP_011103399.1",TRUE
"DAKCFMEO_01725","WP_011103402.1",TRUE
"DAKCFMEO_03464","WP_011103404.1",TRUE
"DAKCFMEO_03463","WP_011103405.1",TRUE
"DAKCFMEO_03454","WP_011103411.1",TRUE
"DAKCFMEO_03453","WP_011103412.1",TRUE
"DAKCFMEO_03449","WP_011103413.1",TRUE
"DAKCFMEO_03445","WP_011103428.1",TRUE
"DAKCFMEO_03439","WP_011103429.1",TRUE
"DAKCFMEO_03437","WP_011103430.1",TRUE
"DAKCFMEO_03436","WP_011103431.1",TRUE
"DAKCFMEO_03431","WP_011103433.1",TRUE
"DAKCFMEO_03430","WP_011103434.1",TRUE
"DAKCFMEO_03420","WP_011103436.1",TRUE
"DAKCFMEO_03403","WP_011103440.1",TRUE
"DAKCFMEO_03395","WP_011103441.1",TRUE
"DAKCFMEO_03393","WP_011103443.1",TRUE
"DAKCFMEO_03391","WP_011103444.1",TRUE
"DAKCFMEO_03390","WP_011103445.1",TRUE
"DAKCFMEO_03388","WP_011103446.1",TRUE
"DAKCFMEO_03384","WP_011103449.1",TRUE
"DAKCFMEO_03383","WP_011103450.1",TRUE
"DAKCFMEO_03379","WP_011103454.1",TRUE
"DAKCFMEO_03374","WP_011103456.1",TRUE
"DAKCFMEO_02793","WP_011103457.1",TRUE
"DAKCFMEO_02782","WP_011103458.1",TRUE
"DAKCFMEO_02779","WP_011103459.1",TRUE
"DAKCFMEO_02769","WP_011103464.1",TRUE
"DAKCFMEO_02761","WP_011103468.1",TRUE
"DAKCFMEO_02756","WP_011103471.1",TRUE
"DAKCFMEO_02753","WP_011103472.1",TRUE
"DAKCFMEO_02748","WP_011103474.1",TRUE
"DAKCFMEO_00120","WP_011103475.1",TRUE
"DAKCFMEO_02747","WP_011103477.1",TRUE
"DAKCFMEO_02744","WP_011103479.1",FALSE
"DAKCFMEO_02741","WP_011103480.1",TRUE
"DAKCFMEO_02739","WP_011103481.1",TRUE
"DAKCFMEO_02738","WP_011103482.1",TRUE
"DAKCFMEO_02737","WP_011103483.1",TRUE
"DAKCFMEO_02722","WP_011103488.1",TRUE
"DAKCFMEO_02720","WP_011103489.1",TRUE
"DAKCFMEO_03307","WP_011103493.1",TRUE
"DAKCFMEO_03303","WP_011103494.1",TRUE
"DAKCFMEO_03296","WP_011103496.1",TRUE
"DAKCFMEO_02977","WP_011103499.1",TRUE
"DAKCFMEO_02990","WP_011103501.1",TRUE
"DAKCFMEO_02993","WP_011103502.1",TRUE
"DAKCFMEO_02994","WP_011103503.1",TRUE
"DAKCFMEO_02997","WP_011103504.1",TRUE
"DAKCFMEO_03014","WP_011103508.1",TRUE
"DAKCFMEO_03015","WP_011103509.1",TRUE
"DAKCFMEO_03016","WP_011103511.1",TRUE
"DAKCFMEO_05213","WP_011103512.1",TRUE
"DAKCFMEO_03018","WP_011103513.1",TRUE
"DAKCFMEO_04791","WP_011103515.1",TRUE
"DAKCFMEO_02892","WP_011103517.1",TRUE
"DAKCFMEO_01772","WP_011103523.1",TRUE
"DAKCFMEO_01768","WP_011103524.1",TRUE
"DAKCFMEO_01765","WP_011103525.1",TRUE
"DAKCFMEO_01764","WP_011103526.1",TRUE
"DAKCFMEO_01291","WP_011103527.1",TRUE
"DAKCFMEO_04465","WP_011103528.1",TRUE
"DAKCFMEO_01473","WP_011103532.1",TRUE
"DAKCFMEO_01489","WP_011103533.1",TRUE
"DAKCFMEO_01461","WP_011103538.1",TRUE
"DAKCFMEO_03343","WP_011103546.1",TRUE
"DAKCFMEO_03351","WP_011103548.1",TRUE
"DAKCFMEO_03352","WP_011103549.1",TRUE
"DAKCFMEO_03356","WP_011103550.1",TRUE
"DAKCFMEO_03358","WP_011103551.1",TRUE
"DAKCFMEO_00745","WP_011103557.1",TRUE
"DAKCFMEO_03280","WP_011103560.1",TRUE
"DAKCFMEO_03277","WP_011103562.1",TRUE
"DAKCFMEO_03274","WP_011103564.1",TRUE
"DAKCFMEO_03273","WP_011103566.1",TRUE
"DAKCFMEO_03268","WP_011103567.1",TRUE
"DAKCFMEO_03257","WP_011103569.1",TRUE
"DAKCFMEO_03250","WP_011103574.1",TRUE
"DAKCFMEO_03249","WP_011103575.1",TRUE
"DAKCFMEO_03248","WP_011103576.1",TRUE
"DAKCFMEO_03244","WP_011103578.1",TRUE
"DAKCFMEO_03242","WP_011103579.1",TRUE
"DAKCFMEO_03232","WP_011103581.1",TRUE
"DAKCFMEO_03228","WP_011103582.1",TRUE
"DAKCFMEO_03226","WP_011103583.1",TRUE
"DAKCFMEO_03209","WP_011103586.1",TRUE
"DAKCFMEO_03208","WP_011103587.1",TRUE
"DAKCFMEO_03207","WP_011103588.1",TRUE
"DAKCFMEO_03206","WP_011103589.1",TRUE
"DAKCFMEO_03203","WP_011103590.1",TRUE
"DAKCFMEO_03202","WP_011103591.1",TRUE
"DAKCFMEO_03194","WP_011103592.1",TRUE
"DAKCFMEO_03192","WP_011103593.1",TRUE
"DAKCFMEO_03187","WP_011103594.1",TRUE
"DAKCFMEO_03186","WP_011103595.1",TRUE
"DAKCFMEO_03184","WP_011103596.1",TRUE
"DAKCFMEO_03172","WP_011103598.1",TRUE
"DAKCFMEO_00068","WP_011103605.1",TRUE
"DAKCFMEO_03321","WP_011103606.1",TRUE
"DAKCFMEO_00066","WP_011103609.1",TRUE
"DAKCFMEO_00065","WP_011103610.1",TRUE
"DAKCFMEO_00064","WP_011103611.1",TRUE
"DAKCFMEO_04445","WP_011103614.1",TRUE
"DAKCFMEO_00052","WP_011103617.1",TRUE
"DAKCFMEO_00039","WP_011103622.1",TRUE
"DAKCFMEO_00037","WP_011103623.1",TRUE
"DAKCFMEO_00035","WP_011103625.1",TRUE
"DAKCFMEO_00032","WP_011103626.1",TRUE
"DAKCFMEO_00031","WP_011103627.1",TRUE
"DAKCFMEO_00029","WP_011103628.1",TRUE
"DAKCFMEO_00024","WP_011103631.1",TRUE
"DAKCFMEO_00023","WP_011103632.1",TRUE
"DAKCFMEO_00022","WP_011103633.1",TRUE
"DAKCFMEO_00021","WP_011103634.1",TRUE
"DAKCFMEO_04209","WP_011103637.1",TRUE
"DAKCFMEO_04212","WP_011103640.1",TRUE
"DAKCFMEO_04213","WP_011103641.1",TRUE
"DAKCFMEO_04214","WP_011103642.1",TRUE
"DAKCFMEO_04215","WP_011103643.1",TRUE
"DAKCFMEO_04220","WP_011103644.1",TRUE
"DAKCFMEO_00018","WP_011103647.1",TRUE
"DAKCFMEO_04410","WP_011103648.1",TRUE
"DAKCFMEO_00012","WP_011103651.1",TRUE
"DAKCFMEO_02239","WP_011103665.1",TRUE
"DAKCFMEO_02249","WP_011103669.1",TRUE
"DAKCFMEO_02250","WP_011103670.1",TRUE
"DAKCFMEO_02253","WP_011103671.1",TRUE
"DAKCFMEO_02255","WP_011103672.1",TRUE
"DAKCFMEO_02259","WP_011103673.1",TRUE
"DAKCFMEO_02261","WP_011103674.1",TRUE
"DAKCFMEO_02263","WP_011103676.1",TRUE
"DAKCFMEO_02269","WP_011103677.1",TRUE
"DAKCFMEO_02279","WP_011103680.1",TRUE
"DAKCFMEO_02280","WP_011103681.1",TRUE
"DAKCFMEO_02285","WP_011103682.1",TRUE
"DAKCFMEO_02287","WP_011103684.1",TRUE
"DAKCFMEO_02297","WP_011103689.1",TRUE
"DAKCFMEO_02302","WP_011103690.1",TRUE
"DAKCFMEO_02304","WP_011103691.1",TRUE
"DAKCFMEO_02308","WP_011103692.1",TRUE
"DAKCFMEO_02321","WP_011103695.1",TRUE
"DAKCFMEO_02322","WP_011103696.1",TRUE
"DAKCFMEO_02323","WP_011103697.1",TRUE
"DAKCFMEO_02326","WP_011103699.1",TRUE
"DAKCFMEO_02332","WP_011103700.1",TRUE
"DAKCFMEO_02335","WP_011103701.1",TRUE
"DAKCFMEO_02368","WP_011103705.1",TRUE
"DAKCFMEO_02369","WP_011103706.1",TRUE
"DAKCFMEO_02370","WP_011103707.1",TRUE
"DAKCFMEO_02378","WP_011103709.1",TRUE
"DAKCFMEO_02380","WP_011103710.1",TRUE
"DAKCFMEO_02382","WP_011103711.1",TRUE
"DAKCFMEO_04509","WP_011103715.1",TRUE
"DAKCFMEO_04511","WP_011103716.1",TRUE
"DAKCFMEO_04513","WP_011103718.1",TRUE
"DAKCFMEO_04517","WP_011103720.1",TRUE
"DAKCFMEO_02397","WP_011103722.1",TRUE
"DAKCFMEO_02398","WP_011103723.1",TRUE
"DAKCFMEO_04825","WP_011103730.1",TRUE
"DAKCFMEO_02424","WP_011103731.1",TRUE
"DAKCFMEO_02422","WP_011103732.1",TRUE
"DAKCFMEO_00838","WP_011103734.1",TRUE
"DAKCFMEO_00837","WP_011103735.1",TRUE
"DAKCFMEO_03935","WP_011103737.1",TRUE
"DAKCFMEO_02437","WP_011103739.1",TRUE
"DAKCFMEO_02443","WP_011103740.1",TRUE
"DAKCFMEO_02453","WP_011103748.1",TRUE
"DAKCFMEO_02455","WP_011103750.1",TRUE
"DAKCFMEO_02458","WP_011103752.1",TRUE
"DAKCFMEO_02461","WP_011103753.1",TRUE
"DAKCFMEO_02462","WP_011103754.1",TRUE
"DAKCFMEO_02463","WP_011103755.1",TRUE
"DAKCFMEO_02466","WP_011103756.1",TRUE
"DAKCFMEO_02468","WP_011103757.1",TRUE
"DAKCFMEO_02471","WP_011103759.1",TRUE
"DAKCFMEO_02472","WP_011103760.1",TRUE
"DAKCFMEO_02480","WP_011103763.1",TRUE
"DAKCFMEO_02481","WP_011103764.1",TRUE
"DAKCFMEO_02486","WP_011103766.1",TRUE
"DAKCFMEO_02492","WP_011103771.1",TRUE
"DAKCFMEO_02496","WP_011103773.1",TRUE
"DAKCFMEO_00997","WP_011103775.1",TRUE
"DAKCFMEO_02514","WP_011103779.1",TRUE
"DAKCFMEO_02520","WP_011103781.1",TRUE
"DAKCFMEO_02525","WP_011103783.1",TRUE
"DAKCFMEO_02533","WP_011103785.1",TRUE
"DAKCFMEO_02535","WP_011103786.1",TRUE
"DAKCFMEO_02550","WP_011103790.1",TRUE
"DAKCFMEO_02553","WP_011103791.1",TRUE
"DAKCFMEO_02562","WP_011103794.1",TRUE
"DAKCFMEO_02566","WP_011103795.1",TRUE
"DAKCFMEO_02572","WP_011103796.1",TRUE
"DAKCFMEO_02573","WP_011103797.1",TRUE
"DAKCFMEO_02580","WP_011103803.1",TRUE
"DAKCFMEO_02581","WP_011103804.1",TRUE
"DAKCFMEO_02584","WP_011103806.1",TRUE
"DAKCFMEO_02601","WP_011103812.1",TRUE
"DAKCFMEO_02607","WP_011103814.1",TRUE
"DAKCFMEO_02610","WP_011103816.1",TRUE
"DAKCFMEO_02614","WP_011103818.1",TRUE
"DAKCFMEO_02619","WP_011103820.1",TRUE
"DAKCFMEO_02623","WP_011103821.1",TRUE
"DAKCFMEO_02630","WP_011103822.1",TRUE
"DAKCFMEO_02637","WP_011103824.1",TRUE
"DAKCFMEO_02642","WP_011103847.1",TRUE
"DAKCFMEO_02645","WP_011103848.1",TRUE
"DAKCFMEO_02646","WP_011103849.1",TRUE
"DAKCFMEO_02647","WP_011103850.1",TRUE
"DAKCFMEO_02649","WP_011103851.1",TRUE
"DAKCFMEO_02652","WP_011103852.1",TRUE
"DAKCFMEO_02667","WP_011103855.1",TRUE
"DAKCFMEO_02672","WP_011103856.1",TRUE
"DAKCFMEO_02673","WP_011103857.1",TRUE
"DAKCFMEO_02677","WP_011103861.1",TRUE
"DAKCFMEO_02682","WP_011103863.1",TRUE
"DAKCFMEO_02690","WP_011103866.1",TRUE
"DAKCFMEO_02697","WP_011103869.1",TRUE
"DAKCFMEO_02699","WP_011103871.1",TRUE
"DAKCFMEO_02700","WP_011103872.1",FALSE
"DAKCFMEO_02701","WP_011103873.1",TRUE
"DAKCFMEO_02704","WP_011103875.1",TRUE
"DAKCFMEO_02706","WP_011103877.1",TRUE
"DAKCFMEO_02708","WP_011103878.1",TRUE
"DAKCFMEO_02712","WP_011103880.1",TRUE
"DAKCFMEO_02714","WP_011103882.1",TRUE
"DAKCFMEO_00618","WP_011103884.1",TRUE
"DAKCFMEO_00619","WP_011103885.1",TRUE
"DAKCFMEO_00621","WP_011103886.1",TRUE
"DAKCFMEO_00625","WP_011103887.1",TRUE
"DAKCFMEO_00629","WP_011103889.1",TRUE
"DAKCFMEO_00635","WP_011103890.1",TRUE
"DAKCFMEO_00661","WP_011103893.1",TRUE
"DAKCFMEO_00665","WP_011103894.1",TRUE
"DAKCFMEO_00672","WP_011103898.1",TRUE
"DAKCFMEO_00675","WP_011103899.1",TRUE
"DAKCFMEO_00677","WP_011103900.1",TRUE
"DAKCFMEO_00679","WP_011103902.1",TRUE
"DAKCFMEO_00681","WP_011103905.1",TRUE
"DAKCFMEO_00682","WP_011103906.1",TRUE
"DAKCFMEO_00685","WP_011103908.1",TRUE
"DAKCFMEO_00687","WP_011103910.1",TRUE
"DAKCFMEO_00689","WP_011103912.1",TRUE
"DAKCFMEO_00690","WP_011103913.1",TRUE
"DAKCFMEO_00691","WP_011103914.1",TRUE
"DAKCFMEO_00696","WP_011103916.1",TRUE
"DAKCFMEO_00700","WP_011103917.1",TRUE
"DAKCFMEO_00701","WP_011103918.1",TRUE
"DAKCFMEO_00708","WP_011103923.1",TRUE
"DAKCFMEO_00709","WP_011103924.1",TRUE
"DAKCFMEO_00711","WP_011103925.1",TRUE
"DAKCFMEO_00716","WP_011103928.1",TRUE
"DAKCFMEO_00718","WP_011103929.1",TRUE
"DAKCFMEO_00728","WP_011103932.1",TRUE
"DAKCFMEO_00729","WP_011103933.1",TRUE
"DAKCFMEO_00732","WP_011103934.1",TRUE
"DAKCFMEO_00737","WP_011103935.1",TRUE
"DAKCFMEO_00742","WP_011103938.1",TRUE
"DAKCFMEO_00744","WP_011103940.1",TRUE
"DAKCFMEO_00747","WP_011103941.1",TRUE
"DAKCFMEO_00748","WP_011103942.1",TRUE
"DAKCFMEO_00761","WP_011103955.1",TRUE
"DAKCFMEO_00765","WP_011103957.1",TRUE
"DAKCFMEO_00766","WP_011103958.1",TRUE
"DAKCFMEO_00770","WP_011103959.1",TRUE
"DAKCFMEO_00772","WP_011103961.1",TRUE
"DAKCFMEO_00776","WP_011103962.1",TRUE
"DAKCFMEO_00778","WP_011103963.1",TRUE
"DAKCFMEO_00780","WP_011103964.1",TRUE
"DAKCFMEO_00788","WP_011103965.1",TRUE
"DAKCFMEO_00789","WP_011103966.1",TRUE
"DAKCFMEO_00801","WP_011103969.1",TRUE
"DAKCFMEO_00802","WP_011103970.1",TRUE
"DAKCFMEO_00816","WP_011103972.1",TRUE
"DAKCFMEO_03844","WP_011103979.1",TRUE
"DAKCFMEO_03845","WP_011103980.1",TRUE
"DAKCFMEO_03846","WP_011103981.1",TRUE
"DAKCFMEO_03847","WP_011103982.1",TRUE
"DAKCFMEO_03849","WP_011103983.1",TRUE
"DAKCFMEO_03850","WP_011103984.1",TRUE
"DAKCFMEO_03851","WP_011103985.1",TRUE
"DAKCFMEO_00255","WP_011103986.1",TRUE
"DAKCFMEO_01004","WP_011103987.1",TRUE
"DAKCFMEO_00824","WP_011103989.1",TRUE
"DAKCFMEO_00827","WP_011103990.1",TRUE
"DAKCFMEO_00829","WP_011103991.1",TRUE
"DAKCFMEO_00836","WP_011103993.1",TRUE
"DAKCFMEO_00859","WP_011104008.1",TRUE
"DAKCFMEO_00868","WP_011104011.1",TRUE
"DAKCFMEO_00870","WP_011104012.1",TRUE
"DAKCFMEO_00871","WP_011104013.1",TRUE
"DAKCFMEO_00872","WP_011104014.1",TRUE
"DAKCFMEO_00874","WP_011104015.1",TRUE
"DAKCFMEO_00900","WP_011104020.1",TRUE
"DAKCFMEO_00901","WP_011104022.1",TRUE
"DAKCFMEO_00902","WP_011104023.1",TRUE
"DAKCFMEO_00904","WP_011104024.1",TRUE
"DAKCFMEO_00905","WP_011104025.1",TRUE
"DAKCFMEO_00907","WP_011104026.1",TRUE
"DAKCFMEO_00916","WP_011104027.1",TRUE
"DAKCFMEO_00919","WP_011104028.1",TRUE
"DAKCFMEO_01405","WP_011104029.1",TRUE
"DAKCFMEO_01404","WP_011104030.1",TRUE
"DAKCFMEO_01373","WP_011104032.1",TRUE
"DAKCFMEO_01368","WP_011104033.1",TRUE
"DAKCFMEO_01365","WP_011104034.1",TRUE
"DAKCFMEO_01364","WP_011104035.1",TRUE
"DAKCFMEO_01363","WP_011104036.1",TRUE
"DAKCFMEO_04461","WP_011104038.1",TRUE
"DAKCFMEO_01353","WP_011104041.1",TRUE
"DAKCFMEO_01348","WP_011104043.1",TRUE
"DAKCFMEO_01347","WP_011104044.1",TRUE
"DAKCFMEO_01346","WP_011104045.1",TRUE
"DAKCFMEO_01345","WP_011104046.1",TRUE
"DAKCFMEO_01343","WP_011104047.1",TRUE
"DAKCFMEO_01336","WP_011104050.1",TRUE
"DAKCFMEO_01335","WP_011104051.1",TRUE
"DAKCFMEO_01334","WP_011104052.1",TRUE
"DAKCFMEO_01333","WP_011104053.1",TRUE
"DAKCFMEO_01332","WP_011104054.1",TRUE
"DAKCFMEO_01331","WP_011104055.1",TRUE
"DAKCFMEO_01330","WP_011104056.1",TRUE
"DAKCFMEO_01326","WP_011104057.1",TRUE
"DAKCFMEO_01325","WP_011104058.1",TRUE
"DAKCFMEO_01323","WP_011104060.1",TRUE
"DAKCFMEO_01319","WP_011104063.1",TRUE
"DAKCFMEO_01318","WP_011104064.1",TRUE
"DAKCFMEO_01316","WP_011104065.1",TRUE
"DAKCFMEO_02477","WP_011104070.1",FALSE
"DAKCFMEO_01638","WP_011104071.1",TRUE
"DAKCFMEO_01637","WP_011104072.1",TRUE
"DAKCFMEO_01635","WP_011104074.1",TRUE
"DAKCFMEO_01634","WP_011104075.1",TRUE
"DAKCFMEO_01632","WP_011104077.1",TRUE
"DAKCFMEO_01626","WP_011104079.1",TRUE
"DAKCFMEO_01403","WP_011104080.1",TRUE
"DAKCFMEO_01400","WP_011104081.1",TRUE
"DAKCFMEO_01398","WP_011104082.1",TRUE
"DAKCFMEO_01397","WP_011104083.1",TRUE
"DAKCFMEO_01396","WP_011104084.1",TRUE
"DAKCFMEO_01395","WP_011104085.1",TRUE
"DAKCFMEO_01394","WP_011104086.1",TRUE
"DAKCFMEO_01393","WP_011104087.1",TRUE
"DAKCFMEO_01392","WP_011104088.1",TRUE
"DAKCFMEO_01391","WP_011104089.1",TRUE
"DAKCFMEO_01390","WP_011104090.1",TRUE
"DAKCFMEO_01387","WP_011104091.1",TRUE
"DAKCFMEO_01379","WP_011104093.1",TRUE
"DAKCFMEO_01377","WP_011104094.1",TRUE
"DAKCFMEO_00881","WP_011104096.1",TRUE
"DAKCFMEO_00887","WP_011104098.1",TRUE
"DAKCFMEO_00888","WP_011104099.1",TRUE
"DAKCFMEO_00889","WP_011104100.1",TRUE
"DAKCFMEO_00891","WP_011104102.1",TRUE
"DAKCFMEO_01034","WP_011104111.1",TRUE
"DAKCFMEO_01038","WP_011104112.1",TRUE
"DAKCFMEO_01040","WP_011104113.1",TRUE
"DAKCFMEO_01042","WP_011104114.1",TRUE
"DAKCFMEO_01044","WP_011104120.1",TRUE
"DAKCFMEO_01046","WP_011104121.1",TRUE
"DAKCFMEO_01050","WP_011104122.1",TRUE
"DAKCFMEO_01052","WP_011104123.1",TRUE
"DAKCFMEO_01100","WP_011104133.1",TRUE
"DAKCFMEO_01103","WP_011104134.1",TRUE
"DAKCFMEO_01106","WP_011104135.1",TRUE
"DAKCFMEO_01110","WP_011104136.1",TRUE
"DAKCFMEO_01112","WP_011104137.1",TRUE
"DAKCFMEO_01115","WP_011104138.1",TRUE
"DAKCFMEO_01118","WP_011104140.1",TRUE
"DAKCFMEO_01126","WP_011104143.1",TRUE
"DAKCFMEO_01127","WP_011104144.1",TRUE
"DAKCFMEO_01128","WP_011104145.1",TRUE
"DAKCFMEO_01129","WP_011104146.1",TRUE
"DAKCFMEO_01130","WP_011104147.1",TRUE
"DAKCFMEO_01131","WP_011104148.1",TRUE
"DAKCFMEO_01169","WP_011104151.1",TRUE
"DAKCFMEO_01178","WP_011104152.1",TRUE
"DAKCFMEO_01180","WP_011104154.1",TRUE
"DAKCFMEO_01181","WP_011104155.1",TRUE
"DAKCFMEO_01183","WP_011104156.1",TRUE
"DAKCFMEO_01185","WP_011104157.1",TRUE
"DAKCFMEO_01188","WP_011104158.1",TRUE
"DAKCFMEO_03715","WP_011104161.1",TRUE
"DAKCFMEO_03717","WP_011104162.1",TRUE
"DAKCFMEO_03720","WP_011104163.1",TRUE
"DAKCFMEO_03721","WP_011104164.1",TRUE
"DAKCFMEO_03724","WP_011104166.1",TRUE
"DAKCFMEO_03727","WP_011104167.1",TRUE
"DAKCFMEO_03729","WP_011104169.1",TRUE
"DAKCFMEO_03731","WP_011104170.1",TRUE
"DAKCFMEO_03733","WP_011104172.1",TRUE
"DAKCFMEO_03737","WP_011104174.1",TRUE
"DAKCFMEO_03738","WP_011104175.1",TRUE
"DAKCFMEO_03739","WP_011104176.1",TRUE
"DAKCFMEO_03744","WP_011104178.1",TRUE
"DAKCFMEO_03745","WP_011104179.1",TRUE
"DAKCFMEO_03752","WP_011104183.1",TRUE
"DAKCFMEO_03762","WP_011104187.1",TRUE
"DAKCFMEO_03763","WP_011104188.1",TRUE
"DAKCFMEO_03768","WP_011104189.1",TRUE
"DAKCFMEO_03773","WP_011104191.1",TRUE
"DAKCFMEO_03774","WP_011104192.1",TRUE
"DAKCFMEO_03776","WP_011104195.1",TRUE
"DAKCFMEO_03780","WP_011104197.1",TRUE
"DAKCFMEO_03781","WP_011104198.1",TRUE
"DAKCFMEO_03786","WP_011104203.1",TRUE
"DAKCFMEO_03787","WP_011104204.1",TRUE
"DAKCFMEO_03788","WP_011104205.1",TRUE
"DAKCFMEO_03789","WP_011104206.1",TRUE
"DAKCFMEO_03790","WP_011104207.1",TRUE
"DAKCFMEO_03804","WP_011104208.1",TRUE
"DAKCFMEO_03806","WP_011104209.1",TRUE
"DAKCFMEO_03808","WP_011104210.1",TRUE
"DAKCFMEO_03820","WP_011104219.1",TRUE
"DAKCFMEO_03821","WP_011104220.1",TRUE
"DAKCFMEO_03823","WP_011104221.1",TRUE
"DAKCFMEO_02425","WP_011104226.1",TRUE
"DAKCFMEO_01498","WP_011104238.1",TRUE
"DAKCFMEO_04389","WP_011104241.1",TRUE
"DAKCFMEO_04388","WP_011104242.1",TRUE
"DAKCFMEO_02900","WP_011104257.1",TRUE
"DAKCFMEO_00940","WP_011104259.1",TRUE
"DAKCFMEO_03909","WP_011104261.1",TRUE
"DAKCFMEO_03911","WP_011104262.1",TRUE
"DAKCFMEO_03912","WP_011104263.1",TRUE
"DAKCFMEO_03921","WP_011104264.1",TRUE
"DAKCFMEO_03922","WP_011104265.1",TRUE
"DAKCFMEO_03926","WP_011104266.1",TRUE
"DAKCFMEO_03932","WP_011104268.1",TRUE
"DAKCFMEO_00327","WP_011104279.1",TRUE
"DAKCFMEO_01804","WP_011104280.1",TRUE
"DAKCFMEO_04071","WP_011104281.1",TRUE
"DAKCFMEO_03939","WP_011104283.1",TRUE
"DAKCFMEO_03940","WP_011104284.1",TRUE
"DAKCFMEO_03947","WP_011104287.1",TRUE
"DAKCFMEO_03948","WP_011104288.1",TRUE
"DAKCFMEO_03949","WP_011104290.1",TRUE
"DAKCFMEO_03953","WP_011104292.1",TRUE
"DAKCFMEO_03958","WP_011104294.1",TRUE
"DAKCFMEO_03964","WP_011104296.1",TRUE
"DAKCFMEO_03968","WP_011104299.1",TRUE
"DAKCFMEO_03969","WP_011104300.1",TRUE
"DAKCFMEO_03974","WP_011104304.1",TRUE
"DAKCFMEO_03975","WP_011104305.1",TRUE
"DAKCFMEO_03042","WP_011104306.1",TRUE
"DAKCFMEO_03978","WP_011104308.1",TRUE
"DAKCFMEO_00604","WP_011104311.1",TRUE
"DAKCFMEO_00605","WP_011104312.1",TRUE
"DAKCFMEO_03992","WP_011104314.1",TRUE
"DAKCFMEO_03994","WP_011104315.1",TRUE
"DAKCFMEO_03997","WP_011104317.1",TRUE
"DAKCFMEO_03998","WP_011104318.1",TRUE
"DAKCFMEO_04000","WP_011104319.1",TRUE
"DAKCFMEO_04001","WP_011104320.1",TRUE
"DAKCFMEO_04003","WP_011104322.1",TRUE
"DAKCFMEO_04004","WP_011104323.1",TRUE
"DAKCFMEO_04005","WP_011104324.1",TRUE
"DAKCFMEO_04007","WP_011104325.1",TRUE
"DAKCFMEO_02053","WP_011104327.1",TRUE
"DAKCFMEO_03902","WP_011104333.1",TRUE
"DAKCFMEO_04025","WP_011104335.1",TRUE
"DAKCFMEO_04026","WP_011104336.1",TRUE
"DAKCFMEO_04027","WP_011104337.1",TRUE
"DAKCFMEO_04028","WP_011104338.1",TRUE
"DAKCFMEO_04030","WP_011104339.1",TRUE
"DAKCFMEO_04036","WP_011104341.1",TRUE
"DAKCFMEO_04037","WP_011104342.1",TRUE
"DAKCFMEO_04038","WP_011104343.1",TRUE
"DAKCFMEO_04041","WP_011104344.1",TRUE
"DAKCFMEO_04011","WP_011104349.1",TRUE
"DAKCFMEO_04012","WP_011104350.1",TRUE
"DAKCFMEO_04459","WP_011104364.1",TRUE
"DAKCFMEO_04794","WP_011104365.1",TRUE
"DAKCFMEO_02419","WP_011104366.1",TRUE
"DAKCFMEO_03108","WP_011104367.1",TRUE
"DAKCFMEO_03107","WP_011104368.1",TRUE
"DAKCFMEO_04062","WP_011104371.1",TRUE
"DAKCFMEO_04423","WP_011104372.1",TRUE
"DAKCFMEO_04016","WP_011104374.1",TRUE
"DAKCFMEO_04017","WP_011104375.1",TRUE
"DAKCFMEO_04088","WP_011104391.1",TRUE
"DAKCFMEO_04097","WP_011104393.1",TRUE
"DAKCFMEO_04100","WP_011104394.1",TRUE
"DAKCFMEO_04106","WP_011104396.1",TRUE
"DAKCFMEO_04107","WP_011104397.1",TRUE
"DAKCFMEO_04113","WP_011104399.1",TRUE
"DAKCFMEO_04117","WP_011104401.1",TRUE
"DAKCFMEO_04123","WP_011104402.1",TRUE
"DAKCFMEO_01614","WP_011104404.1",TRUE
"DAKCFMEO_01615","WP_011104405.1",TRUE
"DAKCFMEO_01618","WP_011104406.1",TRUE
"DAKCFMEO_01620","WP_011104407.1",TRUE
"DAKCFMEO_01031","WP_011104408.1",TRUE
"DAKCFMEO_01026","WP_011104410.1",TRUE
"DAKCFMEO_01021","WP_011104412.1",TRUE
"DAKCFMEO_01020","WP_011104413.1",TRUE
"DAKCFMEO_01009","WP_011104417.1",TRUE
"DAKCFMEO_01003","WP_011104418.1",TRUE
"DAKCFMEO_01002","WP_011104419.1",TRUE
"DAKCFMEO_00261","WP_011104420.1",TRUE
"DAKCFMEO_00263","WP_011104421.1",TRUE
"DAKCFMEO_00264","WP_011104422.1",TRUE
"DAKCFMEO_00265","WP_011104423.1",TRUE
"DAKCFMEO_00266","WP_011104424.1",TRUE
"DAKCFMEO_00996","WP_011104427.1",TRUE
"DAKCFMEO_03840","WP_011104434.1",TRUE
"DAKCFMEO_03370","WP_011104442.1",FALSE
"DAKCFMEO_00975","WP_011104446.1",TRUE
"DAKCFMEO_00974","WP_011104447.1",TRUE
"DAKCFMEO_00964","WP_011104448.1",TRUE
"DAKCFMEO_00268","WP_011104449.1",TRUE
"DAKCFMEO_00945","WP_011104453.1",TRUE
"DAKCFMEO_00944","WP_011104454.1",TRUE
"DAKCFMEO_00943","WP_011104455.1",TRUE
"DAKCFMEO_00942","WP_011104456.1",TRUE
"DAKCFMEO_00939","WP_011104457.1",TRUE
"DAKCFMEO_00934","WP_011104458.1",TRUE
"DAKCFMEO_00931","WP_011104459.1",TRUE
"DAKCFMEO_00930","WP_011104460.1",TRUE
"DAKCFMEO_00923","WP_011104461.1",TRUE
"DAKCFMEO_00921","WP_011104464.1",TRUE
"DAKCFMEO_00920","WP_011104465.1",TRUE
"DAKCFMEO_01414","WP_011104467.1",TRUE
"DAKCFMEO_01415","WP_011104468.1",TRUE
"DAKCFMEO_01419","WP_011104472.1",TRUE
"DAKCFMEO_01423","WP_011104473.1",TRUE
"DAKCFMEO_01424","WP_011104474.1",TRUE
"DAKCFMEO_01430","WP_011104476.1",TRUE
"DAKCFMEO_02146","WP_011104478.1",TRUE
"DAKCFMEO_01431","WP_011104482.1",TRUE
"DAKCFMEO_04403","WP_011104483.1",TRUE
"DAKCFMEO_01436","WP_011104485.1",TRUE
"DAKCFMEO_01437","WP_011104486.1",TRUE
"DAKCFMEO_01438","WP_011104487.1",TRUE
"DAKCFMEO_01439","WP_011104489.1",TRUE
"DAKCFMEO_01441","WP_011104490.1",TRUE
"DAKCFMEO_01445","WP_011104492.1",TRUE
"DAKCFMEO_01447","WP_011104493.1",TRUE
"DAKCFMEO_01448","WP_011104494.1",TRUE
"DAKCFMEO_01457","WP_011104495.1",TRUE
"DAKCFMEO_01458","WP_011104496.1",TRUE
"DAKCFMEO_01490","WP_011104498.1",TRUE
"DAKCFMEO_01495","WP_011104500.1",TRUE
"DAKCFMEO_00512","WP_011104501.1",TRUE
"DAKCFMEO_01502","WP_011104502.1",TRUE
"DAKCFMEO_01503","WP_011104503.1",TRUE
"DAKCFMEO_01505","WP_011104504.1",TRUE
"DAKCFMEO_01508","WP_011104505.1",TRUE
"DAKCFMEO_01509","WP_011104506.1",TRUE
"DAKCFMEO_01510","WP_011104507.1",TRUE
"DAKCFMEO_01516","WP_011104508.1",TRUE
"DAKCFMEO_01521","WP_011104510.1",TRUE
"DAKCFMEO_01523","WP_011104511.1",TRUE
"DAKCFMEO_01528","WP_011104512.1",TRUE
"DAKCFMEO_01529","WP_011104513.1",TRUE
"DAKCFMEO_01534","WP_011104514.1",TRUE
"DAKCFMEO_01542","WP_011104515.1",TRUE
"DAKCFMEO_01543","WP_011104516.1",TRUE
"DAKCFMEO_01544","WP_011104517.1",TRUE
"DAKCFMEO_01545","WP_011104518.1",TRUE
"DAKCFMEO_02815","WP_011104522.1",TRUE
"DAKCFMEO_02818","WP_011104529.1",TRUE
"DAKCFMEO_04755","WP_011104554.1",TRUE
"DAKCFMEO_04754","WP_011104555.1",TRUE
"DAKCFMEO_04753","WP_011104556.1",TRUE
"DAKCFMEO_04751","WP_011104557.1",TRUE
"DAKCFMEO_04748","WP_011104559.1",TRUE
"DAKCFMEO_04747","WP_011104560.1",TRUE
"DAKCFMEO_04744","WP_011104561.1",TRUE
"DAKCFMEO_04743","WP_011104562.1",TRUE
"DAKCFMEO_04741","WP_011104563.1",TRUE
"DAKCFMEO_04740","WP_011104564.1",TRUE
"DAKCFMEO_04731","WP_011104565.1",TRUE
"DAKCFMEO_04728","WP_011104566.1",TRUE
"DAKCFMEO_04727","WP_011104567.1",TRUE
"DAKCFMEO_04726","WP_011104568.1",TRUE
"DAKCFMEO_04724","WP_011104570.1",TRUE
"DAKCFMEO_04723","WP_011104571.1",TRUE
"DAKCFMEO_04721","WP_011104572.1",TRUE
"DAKCFMEO_04720","WP_011104573.1",TRUE
"DAKCFMEO_04719","WP_011104574.1",TRUE
"DAKCFMEO_04715","WP_011104575.1",TRUE
"DAKCFMEO_04714","WP_011104576.1",TRUE
"DAKCFMEO_04702","WP_011104585.1",TRUE
"DAKCFMEO_04697","WP_011104587.1",TRUE
"DAKCFMEO_04695","WP_011104588.1",TRUE
"DAKCFMEO_04692","WP_011104589.1",TRUE
"DAKCFMEO_04686","WP_011104590.1",TRUE
"DAKCFMEO_04684","WP_011104591.1",TRUE
"DAKCFMEO_04678","WP_011104593.1",TRUE
"DAKCFMEO_04675","WP_011104595.1",TRUE
"DAKCFMEO_04674","WP_011104596.1",TRUE
"DAKCFMEO_04671","WP_011104597.1",TRUE
"DAKCFMEO_04670","WP_011104598.1",TRUE
"DAKCFMEO_04662","WP_011104599.1",TRUE
"DAKCFMEO_04660","WP_011104600.1",TRUE
"DAKCFMEO_04659","WP_011104601.1",TRUE
"DAKCFMEO_04658","WP_011104602.1",TRUE
"DAKCFMEO_04655","WP_011104603.1",TRUE
"DAKCFMEO_04652","WP_011104604.1",TRUE
"DAKCFMEO_04638","WP_011104606.1",TRUE
"DAKCFMEO_04632","WP_011104608.1",TRUE
"DAKCFMEO_04628","WP_011104610.1",TRUE
"DAKCFMEO_04618","WP_011104612.1",TRUE
"DAKCFMEO_04608","WP_011104615.1",FALSE
"DAKCFMEO_04605","WP_011104616.1",TRUE
"DAKCFMEO_04594","WP_011104620.1",TRUE
"DAKCFMEO_04592","WP_011104622.1",TRUE
"DAKCFMEO_04578","WP_011104623.1",TRUE
"DAKCFMEO_04567","WP_011104624.1",TRUE
"DAKCFMEO_04565","WP_011104625.1",TRUE
"DAKCFMEO_04560","WP_011104627.1",TRUE
"DAKCFMEO_04558","WP_011104633.1",TRUE
"DAKCFMEO_04555","WP_011104635.1",TRUE
"DAKCFMEO_04554","WP_011104636.1",TRUE
"DAKCFMEO_04552","WP_011104637.1",TRUE
"DAKCFMEO_04551","WP_011104638.1",TRUE
"DAKCFMEO_04549","WP_011104639.1",TRUE
"DAKCFMEO_04543","WP_011104640.1",TRUE
"DAKCFMEO_04539","WP_011104642.1",TRUE
"DAKCFMEO_04537","WP_011104643.1",TRUE
"DAKCFMEO_04536","WP_011104644.1",TRUE
"DAKCFMEO_04535","WP_011104646.1",TRUE
"DAKCFMEO_04533","WP_011104647.1",TRUE
"DAKCFMEO_04532","WP_011104648.1",TRUE
"DAKCFMEO_04531","WP_011104649.1",TRUE
"DAKCFMEO_04529","WP_011104651.1",TRUE
"DAKCFMEO_04528","WP_011104652.1",TRUE
"DAKCFMEO_04527","WP_011104653.1",TRUE
"DAKCFMEO_04525","WP_011104654.1",TRUE
"DAKCFMEO_04522","WP_011104655.1",TRUE
"DAKCFMEO_04520","WP_011104657.1",TRUE
"DAKCFMEO_04498","WP_011104658.1",TRUE
"DAKCFMEO_04495","WP_011104660.1",TRUE
"DAKCFMEO_04494","WP_011104661.1",TRUE
"DAKCFMEO_04490","WP_011104663.1",TRUE
"DAKCFMEO_04483","WP_011104667.1",TRUE
"DAKCFMEO_04482","WP_011104668.1",TRUE
"DAKCFMEO_03466","WP_011104672.1",TRUE
"DAKCFMEO_04394","WP_011104674.1",TRUE
"DAKCFMEO_04399","WP_011104675.1",TRUE
"DAKCFMEO_04408","WP_011104677.1",TRUE
"DAKCFMEO_04480","WP_011104680.1",TRUE
"DAKCFMEO_04375","WP_011104683.1",TRUE
"DAKCFMEO_04373","WP_011104685.1",TRUE
"DAKCFMEO_04371","WP_011104686.1",TRUE
"DAKCFMEO_04369","WP_011104687.1",TRUE
"DAKCFMEO_04363","WP_011104690.1",TRUE
"DAKCFMEO_04359","WP_011104691.1",TRUE
"DAKCFMEO_04358","WP_011104692.1",TRUE
"DAKCFMEO_04357","WP_011104693.1",TRUE
"DAKCFMEO_03455","WP_011104695.1",TRUE
"DAKCFMEO_04344","WP_011104696.1",TRUE
"DAKCFMEO_04340","WP_011104697.1",TRUE
"DAKCFMEO_04333","WP_011104699.1",TRUE
"DAKCFMEO_04332","WP_011104700.1",TRUE
"DAKCFMEO_04330","WP_011104701.1",TRUE
"DAKCFMEO_04328","WP_011104702.1",TRUE
"DAKCFMEO_00602","WP_011104705.1",TRUE
"DAKCFMEO_04322","WP_011104706.1",TRUE
"DAKCFMEO_04320","WP_011104707.1",TRUE
"DAKCFMEO_04317","WP_011104708.1",TRUE
"DAKCFMEO_04314","WP_011104709.1",TRUE
"DAKCFMEO_04313","WP_011104710.1",TRUE
"DAKCFMEO_04312","WP_011104711.1",TRUE
"DAKCFMEO_04302","WP_011104717.1",TRUE
"DAKCFMEO_04300","WP_011104720.1",TRUE
"DAKCFMEO_04297","WP_011104723.1",TRUE
"DAKCFMEO_04294","WP_011104724.1",TRUE
"DAKCFMEO_04292","WP_011104725.1",TRUE
"DAKCFMEO_04288","WP_011104727.1",TRUE
"DAKCFMEO_04286","WP_011104730.1",TRUE
"DAKCFMEO_04285","WP_011104731.1",TRUE
"DAKCFMEO_04282","WP_011104732.1",TRUE
"DAKCFMEO_04281","WP_011104733.1",TRUE
"DAKCFMEO_04280","WP_011104734.1",TRUE
"DAKCFMEO_04267","WP_011104736.1",TRUE
"DAKCFMEO_04266","WP_011104737.1",TRUE
"DAKCFMEO_04261","WP_011104738.1",TRUE
"DAKCFMEO_04260","WP_011104739.1",TRUE
"DAKCFMEO_04259","WP_011104740.1",TRUE
"DAKCFMEO_04488","WP_011104741.1",TRUE
"DAKCFMEO_04256","WP_011104742.1",TRUE
"DAKCFMEO_04250","WP_011104743.1",TRUE
"DAKCFMEO_04244","WP_011104745.1",TRUE
"DAKCFMEO_04243","WP_011104746.1",TRUE
"DAKCFMEO_04232","WP_011104749.1",TRUE
"DAKCFMEO_04230","WP_011104753.1",TRUE
"DAKCFMEO_04229","WP_011104754.1",TRUE
"DAKCFMEO_04228","WP_011104755.1",TRUE
"DAKCFMEO_04227","WP_011104756.1",TRUE
"DAKCFMEO_04226","WP_011104757.1",TRUE
"DAKCFMEO_04193","WP_011104763.1",TRUE
"DAKCFMEO_04189","WP_011104764.1",TRUE
"DAKCFMEO_04188","WP_011104765.1",TRUE
"DAKCFMEO_04187","WP_011104766.1",TRUE
"DAKCFMEO_04146","WP_011104774.1",TRUE
"DAKCFMEO_04152","WP_011104777.1",TRUE
"DAKCFMEO_04155","WP_011104778.1",TRUE
"DAKCFMEO_04158","WP_011104780.1",TRUE
"DAKCFMEO_04161","WP_011104782.1",TRUE
"DAKCFMEO_04164","WP_011104783.1",TRUE
"DAKCFMEO_04166","WP_011104784.1",TRUE
"DAKCFMEO_04167","WP_011104785.1",TRUE
"DAKCFMEO_03033","WP_011104801.1",TRUE
"DAKCFMEO_03035","WP_011104802.1",TRUE
"DAKCFMEO_03037","WP_011104803.1",TRUE
"DAKCFMEO_03122","WP_011104809.1",TRUE
"DAKCFMEO_03123","WP_011104810.1",TRUE
"DAKCFMEO_03125","WP_011104811.1",TRUE
"DAKCFMEO_03132","WP_011104812.1",TRUE
"DAKCFMEO_03133","WP_011104813.1",TRUE
"DAKCFMEO_03134","WP_011104814.1",TRUE
"DAKCFMEO_03139","WP_011104815.1",TRUE
"DAKCFMEO_03141","WP_011104816.1",TRUE
"DAKCFMEO_03142","WP_011104817.1",TRUE
"DAKCFMEO_03144","WP_011104818.1",TRUE
"DAKCFMEO_03147","WP_011104819.1",TRUE
"DAKCFMEO_03148","WP_011104820.1",TRUE
"DAKCFMEO_03151","WP_011104834.1",TRUE
"DAKCFMEO_03166","WP_011104855.1",TRUE
"DAKCFMEO_00257","WP_011104856.1",TRUE
"DAKCFMEO_00074","WP_011104860.1",TRUE
"DAKCFMEO_04477","WP_011104861.1",TRUE
"DAKCFMEO_04474","WP_011104862.1",TRUE
"DAKCFMEO_04473","WP_011104863.1",TRUE
"DAKCFMEO_04468","WP_011104866.1",TRUE
"DAKCFMEO_00083","WP_011104870.1",TRUE
"DAKCFMEO_00084","WP_011104871.1",TRUE
"DAKCFMEO_00085","WP_011104873.1",TRUE
"DAKCFMEO_00086","WP_011104874.1",TRUE
"DAKCFMEO_00090","WP_011104877.1",TRUE
"DAKCFMEO_00124","WP_011104883.1",TRUE
"DAKCFMEO_00132","WP_011104884.1",TRUE
"DAKCFMEO_00133","WP_011104885.1",TRUE
"DAKCFMEO_00140","WP_011104887.1",TRUE
"DAKCFMEO_00146","WP_011104888.1",TRUE
"DAKCFMEO_00163","WP_011104892.1",TRUE
"DAKCFMEO_00170","WP_011104894.1",TRUE
"DAKCFMEO_00173","WP_011104895.1",TRUE
"DAKCFMEO_00177","WP_011104896.1",TRUE
"DAKCFMEO_00178","WP_011104897.1",TRUE
"DAKCFMEO_00186","WP_011104899.1",TRUE
"DAKCFMEO_00187","WP_011104900.1",TRUE
"DAKCFMEO_00188","WP_011104901.1",TRUE
"DAKCFMEO_00189","WP_011104902.1",TRUE
"DAKCFMEO_00194","WP_011104905.1",TRUE
"DAKCFMEO_00201","WP_011104908.1",TRUE
"DAKCFMEO_00211","WP_011104910.1",TRUE
"DAKCFMEO_00218","WP_011104911.1",TRUE
"DAKCFMEO_00221","WP_011104912.1",TRUE
"DAKCFMEO_00228","WP_011104913.1",TRUE
"DAKCFMEO_00232","WP_011104914.1",TRUE
"DAKCFMEO_00236","WP_011104915.1",TRUE
"DAKCFMEO_00240","WP_011104916.1",TRUE
"DAKCFMEO_00246","WP_011104917.1",TRUE
"DAKCFMEO_00247","WP_011104918.1",TRUE
"DAKCFMEO_00248","WP_011104919.1",TRUE
"DAKCFMEO_00251","WP_011104920.1",TRUE
"DAKCFMEO_02428","WP_011104931.1",TRUE
"DAKCFMEO_04428","WP_011104935.1",FALSE
"DAKCFMEO_02415","WP_011104938.1",TRUE
"DAKCFMEO_00270","WP_011104942.1",TRUE
"DAKCFMEO_00271","WP_011104944.1",TRUE
"DAKCFMEO_00272","WP_011104945.1",TRUE
"DAKCFMEO_00278","WP_011104948.1",TRUE
"DAKCFMEO_00279","WP_011104949.1",TRUE
"DAKCFMEO_00280","WP_011104950.1",TRUE
"DAKCFMEO_00282","WP_011104951.1",TRUE
"DAKCFMEO_00288","WP_011104953.1",TRUE
"DAKCFMEO_00306","WP_011104954.1",TRUE
"DAKCFMEO_00310","WP_011104956.1",TRUE
"DAKCFMEO_00312","WP_011104968.1",TRUE
"DAKCFMEO_00323","WP_011104970.1",FALSE
"DAKCFMEO_00320","WP_011104971.1",TRUE
"DAKCFMEO_00321","WP_011104972.1",TRUE
"DAKCFMEO_00322","WP_011104973.1",FALSE
"DAKCFMEO_00334","WP_011104976.1",TRUE
"DAKCFMEO_00335","WP_011104977.1",TRUE
"DAKCFMEO_00340","WP_011104978.1",TRUE
"DAKCFMEO_00341","WP_011104979.1",TRUE
"DAKCFMEO_00342","WP_011104980.1",TRUE
"DAKCFMEO_00344","WP_011104981.1",TRUE
"DAKCFMEO_00346","WP_011104983.1",TRUE
"DAKCFMEO_00349","WP_011104985.1",TRUE
"DAKCFMEO_00355","WP_011104986.1",TRUE
"DAKCFMEO_00356","WP_011104987.1",TRUE
"DAKCFMEO_00357","WP_011104988.1",TRUE
"DAKCFMEO_00365","WP_011104989.1",TRUE
"DAKCFMEO_00374","WP_011104991.1",TRUE
"DAKCFMEO_00378","WP_011104992.1",TRUE
"DAKCFMEO_00381","WP_011104997.1",TRUE
"DAKCFMEO_00383","WP_011104998.1",TRUE
"DAKCFMEO_00385","WP_011104999.1",TRUE
"DAKCFMEO_00387","WP_011105001.1",TRUE
"DAKCFMEO_00394","WP_011105003.1",TRUE
"DAKCFMEO_00400","WP_011105004.1",TRUE
"DAKCFMEO_00424","WP_011105005.1",TRUE
"DAKCFMEO_03473","WP_011105006.1",TRUE
"DAKCFMEO_00436","WP_011105008.1",TRUE
"DAKCFMEO_00450","WP_011105010.1",TRUE
"DAKCFMEO_00452","WP_011105011.1",TRUE
"DAKCFMEO_00453","WP_011105012.1",TRUE
"DAKCFMEO_00456","WP_011105013.1",TRUE
"DAKCFMEO_00458","WP_011105014.1",TRUE
"DAKCFMEO_00460","WP_011105015.1",TRUE
"DAKCFMEO_00466","WP_011105016.1",TRUE
"DAKCFMEO_00467","WP_011105017.1",TRUE
"DAKCFMEO_00468","WP_011105018.1",TRUE
"DAKCFMEO_00471","WP_011105019.1",TRUE
"DAKCFMEO_01689","WP_011105022.1",TRUE
"DAKCFMEO_01690","WP_011105023.1",TRUE
"DAKCFMEO_01698","WP_011105024.1",TRUE
"DAKCFMEO_01700","WP_011105025.1",TRUE
"DAKCFMEO_01702","WP_011105026.1",TRUE
"DAKCFMEO_01703","WP_011105028.1",TRUE
"DAKCFMEO_00842","WP_011105036.1",TRUE
"DAKCFMEO_00841","WP_011105037.1",TRUE
"DAKCFMEO_03045","WP_011105040.1",TRUE
"DAKCFMEO_01781","WP_011105043.1",TRUE
"DAKCFMEO_01782","WP_011105044.1",TRUE
"DAKCFMEO_01783","WP_011105045.1",TRUE
"DAKCFMEO_01785","WP_011105046.1",TRUE
"DAKCFMEO_01787","WP_011105048.1",TRUE
"DAKCFMEO_01795","WP_011105049.1",TRUE
"DAKCFMEO_01802","WP_011105051.1",TRUE
"DAKCFMEO_01806","WP_011105052.1",TRUE
"DAKCFMEO_04758","WP_011105053.1",TRUE
"DAKCFMEO_04760","WP_011105055.1",TRUE
"DAKCFMEO_04763","WP_011105057.1",TRUE
"DAKCFMEO_04764","WP_011105058.1",TRUE
"DAKCFMEO_04765","WP_011105059.1",TRUE
"DAKCFMEO_04770","WP_011105060.1",TRUE
"DAKCFMEO_04781","WP_011105067.1",TRUE
"DAKCFMEO_04782","WP_011105068.1",TRUE
"DAKCFMEO_00555","WP_011105075.1",TRUE
"DAKCFMEO_03083","WP_011105083.1",TRUE
"DAKCFMEO_04453","WP_011105087.1",FALSE
"DAKCFMEO_00556","WP_011105092.1",TRUE
"DAKCFMEO_00558","WP_011105095.1",TRUE
"DAKCFMEO_00560","WP_011105096.1",TRUE
"DAKCFMEO_00565","WP_011105097.1",TRUE
"DAKCFMEO_00569","WP_011105098.1",TRUE
"DAKCFMEO_00570","WP_011105099.1",TRUE
"DAKCFMEO_00571","WP_011105101.1",TRUE
"DAKCFMEO_00572","WP_011105102.1",TRUE
"DAKCFMEO_00573","WP_011105103.1",TRUE
"DAKCFMEO_00574","WP_011105104.1",TRUE
"DAKCFMEO_00575","WP_011105105.1",TRUE
"DAKCFMEO_00580","WP_011105107.1",TRUE
"DAKCFMEO_00581","WP_011105108.1",TRUE
"DAKCFMEO_00582","WP_011105109.1",TRUE
"DAKCFMEO_04783","WP_011105110.1",TRUE
"DAKCFMEO_04787","WP_011105112.1",TRUE
"DAKCFMEO_04797","WP_011105140.1",TRUE
"DAKCFMEO_02049","WP_011105169.1",TRUE
"DAKCFMEO_03757","WP_011105170.1",TRUE
"DAKCFMEO_04323","WP_011105173.1",TRUE
"DAKCFMEO_02890","WP_011105175.1",TRUE
"DAKCFMEO_00071","WP_011105180.1",TRUE
"DAKCFMEO_04807","WP_011105183.1",TRUE
"DAKCFMEO_04816","WP_011105185.1",TRUE
"DAKCFMEO_04818","WP_011105186.1",TRUE
"DAKCFMEO_04819","WP_011105187.1",TRUE
"DAKCFMEO_04820","WP_011105188.1",TRUE
"DAKCFMEO_04821","WP_011105190.1",TRUE
"DAKCFMEO_04823","WP_011105191.1",TRUE
"DAKCFMEO_04824","WP_011105192.1",TRUE
"DAKCFMEO_03605","WP_011105194.1",TRUE
"DAKCFMEO_03601","WP_011105195.1",TRUE
"DAKCFMEO_03664","WP_011105196.1",TRUE
"DAKCFMEO_03659","WP_011105198.1",TRUE
"DAKCFMEO_03658","WP_011105200.1",TRUE
"DAKCFMEO_03656","WP_011105201.1",TRUE
"DAKCFMEO_03651","WP_011105203.1",TRUE
"DAKCFMEO_03649","WP_011105204.1",TRUE
"DAKCFMEO_03639","WP_011105206.1",TRUE
"DAKCFMEO_03637","WP_011105207.1",TRUE
"DAKCFMEO_03632","WP_011105208.1",TRUE
"DAKCFMEO_03629","WP_011105209.1",TRUE
"DAKCFMEO_03628","WP_011105210.1",TRUE
"DAKCFMEO_03622","WP_011105215.1",TRUE
"DAKCFMEO_03619","WP_011105216.1",TRUE
"DAKCFMEO_04827","WP_011105217.1",TRUE
"DAKCFMEO_04831","WP_011105219.1",TRUE
"DAKCFMEO_04833","WP_011105220.1",TRUE
"DAKCFMEO_04838","WP_011105221.1",TRUE
"DAKCFMEO_04839","WP_011105222.1",TRUE
"DAKCFMEO_04843","WP_011105223.1",TRUE
"DAKCFMEO_04846","WP_011105224.1",TRUE
"DAKCFMEO_04847","WP_011105225.1",TRUE
"DAKCFMEO_04848","WP_011105226.1",TRUE
"DAKCFMEO_04853","WP_011105228.1",TRUE
"DAKCFMEO_04859","WP_011105229.1",TRUE
"DAKCFMEO_04863","WP_011105230.1",TRUE
"DAKCFMEO_04873","WP_011105232.1",TRUE
"DAKCFMEO_04874","WP_011105233.1",TRUE
"DAKCFMEO_04875","WP_011105234.1",TRUE
"DAKCFMEO_04883","WP_011105236.1",TRUE
"DAKCFMEO_04886","WP_011105237.1",TRUE
"DAKCFMEO_04890","WP_011105238.1",TRUE
"DAKCFMEO_04893","WP_011105239.1",TRUE
"DAKCFMEO_04894","WP_011105240.1",TRUE
"DAKCFMEO_04897","WP_011105241.1",TRUE
"DAKCFMEO_04904","WP_011105242.1",TRUE
"DAKCFMEO_04907","WP_011105244.1",TRUE
"DAKCFMEO_04912","WP_011105246.1",TRUE
"DAKCFMEO_04915","WP_011105248.1",TRUE
"DAKCFMEO_04927","WP_011105254.1",TRUE
"DAKCFMEO_04928","WP_011105255.1",TRUE
"DAKCFMEO_04933","WP_011105257.1",TRUE
"DAKCFMEO_04934","WP_011105258.1",TRUE
"DAKCFMEO_04939","WP_011105259.1",TRUE
"DAKCFMEO_04941","WP_011105261.1",TRUE
"DAKCFMEO_04944","WP_011105263.1",TRUE
"DAKCFMEO_04948","WP_011105266.1",TRUE
"DAKCFMEO_04952","WP_011105267.1",TRUE
"DAKCFMEO_04954","WP_011105268.1",TRUE
"DAKCFMEO_04988","WP_011105271.1",TRUE
"DAKCFMEO_04991","WP_011105272.1",TRUE
"DAKCFMEO_04992","WP_011105273.1",TRUE
"DAKCFMEO_04995","WP_011105279.1",TRUE
"DAKCFMEO_04998","WP_011105280.1",TRUE
"DAKCFMEO_05000","WP_011105281.1",TRUE
"DAKCFMEO_05013","WP_011105285.1",TRUE
"DAKCFMEO_05020","WP_011105287.1",TRUE
"DAKCFMEO_05021","WP_011105288.1",TRUE
"DAKCFMEO_05050","WP_011105291.1",TRUE
"DAKCFMEO_02138","WP_011105293.1",TRUE
"DAKCFMEO_02134","WP_011105295.1",TRUE
"DAKCFMEO_02127","WP_011105298.1",TRUE
"DAKCFMEO_02126","WP_011105299.1",TRUE
"DAKCFMEO_02125","WP_011105300.1",TRUE
"DAKCFMEO_02123","WP_011105301.1",TRUE
"DAKCFMEO_02120","WP_011105302.1",TRUE
"DAKCFMEO_02117","WP_011105304.1",TRUE
"DAKCFMEO_02115","WP_011105305.1",TRUE
"DAKCFMEO_02110","WP_011105319.1",TRUE
"DAKCFMEO_04640","WP_011105323.1",TRUE
"DAKCFMEO_05101","WP_011105326.1",TRUE
"DAKCFMEO_05102","WP_011105328.1",TRUE
"DAKCFMEO_05109","WP_011105329.1",TRUE
"DAKCFMEO_05110","WP_011105330.1",TRUE
"DAKCFMEO_05060","WP_011105332.1",TRUE
"DAKCFMEO_05061","WP_011105333.1",TRUE
"DAKCFMEO_05068","WP_011105335.1",TRUE
"DAKCFMEO_05069","WP_011105336.1",TRUE
"DAKCFMEO_05076","WP_011105338.1",TRUE
"DAKCFMEO_05078","WP_011105339.1",TRUE
"DAKCFMEO_05079","WP_011105340.1",TRUE
"DAKCFMEO_05083","WP_011105341.1",TRUE
"DAKCFMEO_05084","WP_011105342.1",TRUE
"DAKCFMEO_05085","WP_011105343.1",TRUE
"DAKCFMEO_05088","WP_011105344.1",TRUE
"DAKCFMEO_05092","WP_011105345.1",TRUE
"DAKCFMEO_05097","WP_011105347.1",TRUE
"DAKCFMEO_02106","WP_011105348.1",TRUE
"DAKCFMEO_02104","WP_011105349.1",TRUE
"DAKCFMEO_05134","WP_011105351.1",TRUE
"DAKCFMEO_05135","WP_011105352.1",TRUE
"DAKCFMEO_05137","WP_011105353.1",TRUE
"DAKCFMEO_05140","WP_011105355.1",TRUE
"DAKCFMEO_05141","WP_011105356.1",TRUE
"DAKCFMEO_05142","WP_011105357.1",TRUE
"DAKCFMEO_05146","WP_011105359.1",TRUE
"DAKCFMEO_05148","WP_011105360.1",TRUE
"DAKCFMEO_05149","WP_011105361.1",TRUE
"DAKCFMEO_05151","WP_011105375.1",TRUE
"DAKCFMEO_05153","WP_011105376.1",TRUE
"DAKCFMEO_01976","WP_011105378.1",TRUE
"DAKCFMEO_01975","WP_011105379.1",TRUE
"DAKCFMEO_01974","WP_011105380.1",TRUE
"DAKCFMEO_01970","WP_011105381.1",TRUE
"DAKCFMEO_01969","WP_011105382.1",TRUE
"DAKCFMEO_01966","WP_011105383.1",TRUE
"DAKCFMEO_01965","WP_011105384.1",TRUE
"DAKCFMEO_01964","WP_011105385.1",TRUE
"DAKCFMEO_01947","WP_011105390.1",TRUE
"DAKCFMEO_02211","WP_011105392.1",TRUE
"DAKCFMEO_02210","WP_011105393.1",TRUE
"DAKCFMEO_02200","WP_011105394.1",TRUE
"DAKCFMEO_02198","WP_011105395.1",TRUE
"DAKCFMEO_02196","WP_011105396.1",TRUE
"DAKCFMEO_02089","WP_011105399.1",TRUE
"DAKCFMEO_02088","WP_011105400.1",TRUE
"DAKCFMEO_02087","WP_011105401.1",TRUE
"DAKCFMEO_02086","WP_011105402.1",TRUE
"DAKCFMEO_02085","WP_011105403.1",TRUE
"DAKCFMEO_02084","WP_011105404.1",TRUE
"DAKCFMEO_05166","WP_011105406.1",TRUE
"DAKCFMEO_05171","WP_011105407.1",TRUE
"DAKCFMEO_05172","WP_011105408.1",TRUE
"DAKCFMEO_05176","WP_011105411.1",TRUE
"DAKCFMEO_05178","WP_011105412.1",TRUE
"DAKCFMEO_02028","WP_011105414.1",TRUE
"DAKCFMEO_02023","WP_011105417.1",TRUE
"DAKCFMEO_02021","WP_011105418.1",TRUE
"DAKCFMEO_05187","WP_011105420.1",TRUE
"DAKCFMEO_05193","WP_011105421.1",TRUE
"DAKCFMEO_05194","WP_011105422.1",TRUE
"DAKCFMEO_05196","WP_011105423.1",TRUE
"DAKCFMEO_05197","WP_011105424.1",TRUE
"DAKCFMEO_05198","WP_011105425.1",TRUE
"DAKCFMEO_05202","WP_011105426.1",TRUE
"DAKCFMEO_05203","WP_011105427.1",TRUE
"DAKCFMEO_05212","WP_011105431.1",TRUE
"DAKCFMEO_05215","WP_011105432.1",TRUE
"DAKCFMEO_05217","WP_011105433.1",TRUE
"DAKCFMEO_05223","WP_011105437.1",TRUE
"DAKCFMEO_05224","WP_011105438.1",TRUE
"DAKCFMEO_05226","WP_011105441.1",TRUE
"DAKCFMEO_05228","WP_011105442.1",TRUE
"DAKCFMEO_05229","WP_011105443.1",TRUE
"DAKCFMEO_05231","WP_011105444.1",TRUE
"DAKCFMEO_05234","WP_011105445.1",TRUE
"DAKCFMEO_04430","WP_011105452.1",TRUE
"DAKCFMEO_04431","WP_011105453.1",TRUE
"DAKCFMEO_04432","WP_011105454.1",TRUE
"DAKCFMEO_04433","WP_011105455.1",TRUE
"DAKCFMEO_04434","WP_011105456.1",TRUE
"DAKCFMEO_04435","WP_011105457.1",TRUE
"DAKCFMEO_05239","WP_011105460.1",TRUE
"DAKCFMEO_05240","WP_011105462.1",TRUE
"DAKCFMEO_05246","WP_011105463.1",TRUE
"DAKCFMEO_05248","WP_011105465.1",TRUE
"DAKCFMEO_05249","WP_011105466.1",TRUE
"DAKCFMEO_05250","WP_011105467.1",TRUE
"DAKCFMEO_05255","WP_011105468.1",TRUE
"DAKCFMEO_05262","WP_011105470.1",TRUE
"DAKCFMEO_05264","WP_011105472.1",TRUE
"DAKCFMEO_05265","WP_011105473.1",TRUE
"DAKCFMEO_01629","WP_011105482.1",TRUE
"DAKCFMEO_01630","WP_011105483.1",TRUE
"DAKCFMEO_01633","WP_011105486.1",TRUE
"DAKCFMEO_01636","WP_011105491.1",TRUE
"DAKCFMEO_01639","WP_011105494.1",TRUE
"DAKCFMEO_01640","WP_011105495.1",TRUE
"DAKCFMEO_05296","WP_011105501.1",TRUE
"DAKCFMEO_04793","WP_011105503.1",TRUE
"DAKCFMEO_05298","WP_011105504.1",TRUE
"DAKCFMEO_05301","WP_011105506.1",TRUE
"DAKCFMEO_05302","WP_011105507.1",TRUE
"DAKCFMEO_05305","WP_011105509.1",TRUE
"DAKCFMEO_05306","WP_011105510.1",TRUE
"DAKCFMEO_01612","WP_011105511.1",TRUE
"DAKCFMEO_01611","WP_011105512.1",TRUE
"DAKCFMEO_01610","WP_011105513.1",TRUE
"DAKCFMEO_01606","WP_011105514.1",TRUE
"DAKCFMEO_01603","WP_011105515.1",TRUE
"DAKCFMEO_01601","WP_011105516.1",TRUE
"DAKCFMEO_01597","WP_011105519.1",TRUE
"DAKCFMEO_01595","WP_011105520.1",TRUE
"DAKCFMEO_01588","WP_011105522.1",TRUE
"DAKCFMEO_01584","WP_011105523.1",TRUE
"DAKCFMEO_01578","WP_011105527.1",TRUE
"DAKCFMEO_01575","WP_011105529.1",TRUE
"DAKCFMEO_01573","WP_011105533.1",TRUE
"DAKCFMEO_01569","WP_011105534.1",TRUE
"DAKCFMEO_01566","WP_011105535.1",TRUE
"DAKCFMEO_01565","WP_011105536.1",TRUE
"DAKCFMEO_01564","WP_011105537.1",TRUE
"DAKCFMEO_01563","WP_011105538.1",TRUE
"DAKCFMEO_01562","WP_011105539.1",TRUE
"DAKCFMEO_01561","WP_011105540.1",TRUE
"DAKCFMEO_01556","WP_011105542.1",TRUE
"DAKCFMEO_01194","WP_011105543.1",TRUE
"DAKCFMEO_01197","WP_011105544.1",TRUE
"DAKCFMEO_01204","WP_011105547.1",TRUE
"DAKCFMEO_01206","WP_011105548.1",TRUE
"DAKCFMEO_01207","WP_011105549.1",TRUE
"DAKCFMEO_01208","WP_011105550.1",TRUE
"DAKCFMEO_01209","WP_011105551.1",TRUE
"DAKCFMEO_01210","WP_011105552.1",TRUE
"DAKCFMEO_01211","WP_011105553.1",TRUE
"DAKCFMEO_01212","WP_011105554.1",TRUE
"DAKCFMEO_01215","WP_011105555.1",TRUE
"DAKCFMEO_01216","WP_011105556.1",TRUE
"DAKCFMEO_01217","WP_011105557.1",TRUE
"DAKCFMEO_01218","WP_011105558.1",TRUE
"DAKCFMEO_01219","WP_011105559.1",TRUE
"DAKCFMEO_01221","WP_011105560.1",TRUE
"DAKCFMEO_01224","WP_011105562.1",TRUE
"DAKCFMEO_01231","WP_011105565.1",TRUE
"DAKCFMEO_01232","WP_011105566.1",TRUE
"DAKCFMEO_01234","WP_011105568.1",TRUE
"DAKCFMEO_01235","WP_011105569.1",TRUE
"DAKCFMEO_01236","WP_011105570.1",TRUE
"DAKCFMEO_03092","WP_011105579.1",TRUE
"DAKCFMEO_03076","WP_011105580.1",TRUE
"DAKCFMEO_02894","WP_011105585.1",FALSE
"DAKCFMEO_01243","WP_011105589.1",TRUE
"DAKCFMEO_01245","WP_011105590.1",TRUE
"DAKCFMEO_01248","WP_011105591.1",TRUE
"DAKCFMEO_01250","WP_011105592.1",TRUE
"DAKCFMEO_01254","WP_011105593.1",TRUE
"DAKCFMEO_01258","WP_011105594.1",TRUE
"DAKCFMEO_01260","WP_011105595.1",TRUE
"DAKCFMEO_03052","WP_011106959.1",TRUE
"DAKCFMEO_02507","WP_017682472.1",TRUE
"DAKCFMEO_00402","WP_017682720.1",TRUE
"DAKCFMEO_01663","WP_017684227.1",TRUE
"DAKCFMEO_02145","WP_017698872.1",TRUE
"DAKCFMEO_00749","WP_017709633.1",TRUE
"DAKCFMEO_02290","WP_020306396.1",TRUE
"DAKCFMEO_01684","WP_024419631.1",TRUE
"DAKCFMEO_05154","WP_024656430.1",TRUE
"DAKCFMEO_03236","WP_024657440.1",TRUE
"DAKCFMEO_01599","WP_024658065.1",TRUE
"DAKCFMEO_02032","WP_024666025.1",TRUE
"DAKCFMEO_03747","WP_024666071.1",TRUE
"DAKCFMEO_03749","WP_024666072.1",TRUE
"DAKCFMEO_03775","WP_024666082.1",TRUE
"DAKCFMEO_00549","WP_024666223.1",TRUE
"DAKCFMEO_03957","WP_024666240.1",TRUE
"DAKCFMEO_01440","WP_024666348.1",TRUE
"DAKCFMEO_01029","WP_024666650.1",TRUE
"DAKCFMEO_00699","WP_024666974.1",TRUE
"DAKCFMEO_02899","WP_024667101.1",TRUE
"DAKCFMEO_02849","WP_024667176.1",TRUE
"DAKCFMEO_03586","WP_024667238.1",TRUE
"DAKCFMEO_00040","WP_024667376.1",TRUE
"DAKCFMEO_02635","WP_024667446.1",TRUE
"DAKCFMEO_02594","WP_024667462.1",TRUE
"DAKCFMEO_01600","WP_024667547.1",TRUE
"DAKCFMEO_05045","WP_024667847.1",TRUE
"DAKCFMEO_04386","WP_024667893.1",TRUE
"DAKCFMEO_04387","WP_024667894.1",TRUE
"DAKCFMEO_02491","WP_024667998.1",TRUE
"DAKCFMEO_03283","WP_024668184.1",TRUE
"DAKCFMEO_03316","WP_024668283.1",TRUE
"DAKCFMEO_00490","WP_024668366.1",TRUE
"DAKCFMEO_02497","WP_032606863.1",TRUE
"DAKCFMEO_03474","WP_032606961.1",TRUE
"DAKCFMEO_02500","WP_032608868.1",TRUE
"DAKCFMEO_03308","WP_032621684.1",TRUE
"DAKCFMEO_03553","WP_032621927.1",TRUE
"DAKCFMEO_00275","WP_032622185.1",TRUE
"DAKCFMEO_00230","WP_032622187.1",TRUE
"DAKCFMEO_04607","WP_032622221.1",TRUE
"DAKCFMEO_00673","WP_032639333.1",TRUE
"DAKCFMEO_03013","WP_032640254.1",TRUE
"DAKCFMEO_04600","WP_032643380.1",TRUE
"DAKCFMEO_04276","WP_032645112.1",TRUE
"DAKCFMEO_00152","WP_032710461.1",TRUE
"DAKCFMEO_04577","WP_032710497.1",TRUE
"DAKCFMEO_04090","WP_032710559.1",TRUE
"DAKCFMEO_01676","WP_032710582.1",TRUE
"DAKCFMEO_02336","WP_032710594.1",TRUE
"DAKCFMEO_02596","WP_032710620.1",TRUE
"DAKCFMEO_00925","WP_032710978.1",TRUE
"DAKCFMEO_01754","WP_032710981.1",TRUE
"DAKCFMEO_03760","WP_044389725.1",TRUE
"DAKCFMEO_03723","WP_044389757.1",TRUE
"DAKCFMEO_04034","WP_044389985.1",TRUE
"DAKCFMEO_02524","WP_044390087.1",TRUE
"DAKCFMEO_02685","WP_044390135.1",TRUE
"DAKCFMEO_02696","WP_044390137.1",TRUE
"DAKCFMEO_02705","WP_044390144.1",TRUE
"DAKCFMEO_02608","WP_044390159.1",TRUE
"DAKCFMEO_04481","WP_044390209.1",TRUE
"DAKCFMEO_04725","WP_044390357.1",TRUE
"DAKCFMEO_05058","WP_044390490.1",TRUE
"DAKCFMEO_02414","WP_044390572.1",TRUE
"DAKCFMEO_00164","WP_044390643.1",TRUE
"DAKCFMEO_03137","WP_044390721.1",TRUE
"DAKCFMEO_03182","WP_044390753.1",TRUE
"DAKCFMEO_02968","WP_044390979.1",TRUE
"DAKCFMEO_04172","WP_044391022.1",TRUE
"DAKCFMEO_01037","WP_044391024.1",FALSE
"DAKCFMEO_04159","WP_044392483.1",TRUE
"DAKCFMEO_02040","WP_044392584.1",TRUE
"DAKCFMEO_02038","WP_044392586.1",TRUE
"DAKCFMEO_01884","WP_044392641.1",TRUE
"DAKCFMEO_01883","WP_044392676.1",TRUE
"DAKCFMEO_01518","WP_044392708.1",TRUE
"DAKCFMEO_04321","WP_044392753.1",TRUE
"DAKCFMEO_01609","WP_044392973.1",TRUE
"DAKCFMEO_01760","WP_044393047.1",TRUE
"DAKCFMEO_04762","WP_044393109.1",TRUE
"DAKCFMEO_01322","WP_044393213.1",TRUE
"DAKCFMEO_00067","WP_044393500.1",TRUE
"DAKCFMEO_05164","WP_044393593.1",TRUE
"DAKCFMEO_04469","WP_044393613.1",TRUE
"DAKCFMEO_04472","WP_044393615.1",TRUE
"DAKCFMEO_02273","WP_044393666.1",TRUE
"DAKCFMEO_04336","WP_044393841.1",TRUE
"DAKCFMEO_02473","WP_044393960.1",TRUE
"DAKCFMEO_00499","WP_046463279.1",TRUE
"DAKCFMEO_04486","WP_046463288.1",TRUE
"DAKCFMEO_04492","WP_046463289.1",TRUE
"DAKCFMEO_04521","WP_046463290.1",TRUE
"DAKCFMEO_02725","WP_046463295.1",TRUE
"DAKCFMEO_03298","WP_046463296.1",TRUE
"DAKCFMEO_02730","WP_046463297.1",TRUE
"DAKCFMEO_01032","WP_046463299.1",TRUE
"DAKCFMEO_01627","WP_046463302.1",TRUE
"DAKCFMEO_02433","WP_046463305.1",TRUE
"DAKCFMEO_04378","WP_046463307.1",TRUE
"DAKCFMEO_02702","WP_046463309.1",TRUE
"DAKCFMEO_02709","WP_046463311.1",TRUE
"DAKCFMEO_01619","WP_046463313.1",TRUE
"DAKCFMEO_01028","WP_046463314.1",TRUE
"DAKCFMEO_01024","WP_046463315.1",TRUE
"DAKCFMEO_00962","WP_046463316.1",TRUE
"DAKCFMEO_00959","WP_046463317.1",TRUE
"DAKCFMEO_00267","WP_046463318.1",TRUE
"DAKCFMEO_01442","WP_046463321.1",TRUE
"DAKCFMEO_01418","WP_046463326.1",TRUE
"DAKCFMEO_01425","WP_046463327.1",TRUE
"DAKCFMEO_01930","WP_046463328.1",TRUE
"DAKCFMEO_01937","WP_046463329.1",TRUE
"DAKCFMEO_04307","WP_046463335.1",TRUE
"DAKCFMEO_04301","WP_046463336.1",TRUE
"DAKCFMEO_04299","WP_046463337.1",TRUE
"DAKCFMEO_04289","WP_046463338.1",TRUE
"DAKCFMEO_04788","WP_046463346.1",TRUE
"DAKCFMEO_04786","WP_046463347.1",TRUE
"DAKCFMEO_00579","WP_046463348.1",TRUE
"DAKCFMEO_04557","WP_046463355.1",TRUE
"DAKCFMEO_03696","WP_046463381.1",TRUE
"DAKCFMEO_03667","WP_046463383.1",TRUE
"DAKCFMEO_03674","WP_046463386.1",TRUE
"DAKCFMEO_01798","WP_046463392.1",TRUE
"DAKCFMEO_01796","WP_046463393.1",TRUE
"DAKCFMEO_00840","WP_046463394.1",TRUE
"DAKCFMEO_04772","WP_046463395.1",TRUE
"DAKCFMEO_01786","WP_046463396.1",TRUE
"DAKCFMEO_03256","WP_046463398.1",TRUE
"DAKCFMEO_02757","WP_046463402.1",TRUE
"DAKCFMEO_02772","WP_046463403.1",TRUE
"DAKCFMEO_03976","WP_046463409.1",TRUE
"DAKCFMEO_03990","WP_046463410.1",TRUE
"DAKCFMEO_04002","WP_046463411.1",TRUE
"DAKCFMEO_00161","WP_046463414.1",TRUE
"DAKCFMEO_00198","WP_046463416.1",TRUE
"DAKCFMEO_00345","WP_046463422.1",TRUE
"DAKCFMEO_00136","WP_046463429.1",TRUE
"DAKCFMEO_00130","WP_046463430.1",TRUE
"DAKCFMEO_00093","WP_046463431.1",TRUE
"DAKCFMEO_00695","WP_046463435.1",TRUE
"DAKCFMEO_00726","WP_046463438.1",TRUE
"DAKCFMEO_00741","WP_046463439.1",TRUE
"DAKCFMEO_00743","WP_046463440.1",TRUE
"DAKCFMEO_03121","WP_046463447.1",TRUE
"DAKCFMEO_02582","WP_046463454.1",TRUE
"DAKCFMEO_02578","WP_046463456.1",TRUE
"DAKCFMEO_04186","WP_046463458.1",TRUE
"DAKCFMEO_04150","WP_046463459.1",TRUE
"DAKCFMEO_04168","WP_046463461.1",TRUE
"DAKCFMEO_03952","WP_046463479.1",TRUE
"DAKCFMEO_03936","WP_046463480.1",TRUE
"DAKCFMEO_03931","WP_046463482.1",TRUE
"DAKCFMEO_04603","WP_046463487.1",TRUE
"DAKCFMEO_04604","WP_046463492.1",TRUE
"DAKCFMEO_01060","WP_046463494.1",TRUE
"DAKCFMEO_01162","WP_046463498.1",TRUE
"DAKCFMEO_01179","WP_046463499.1",TRUE
"DAKCFMEO_03732","WP_046463502.1",TRUE
"DAKCFMEO_03756","WP_046463503.1",TRUE
"DAKCFMEO_03769","WP_046463504.1",TRUE
"DAKCFMEO_03779","WP_046463506.1",TRUE
"DAKCFMEO_03728","WP_046463508.1",TRUE
"DAKCFMEO_03971","WP_046463516.1",TRUE
"DAKCFMEO_03970","WP_046463517.1",TRUE
"DAKCFMEO_03963","WP_046463519.1",TRUE
"DAKCFMEO_03785","WP_046463531.1",TRUE
"DAKCFMEO_02435","WP_046463536.1",TRUE
"DAKCFMEO_03653","WP_046463551.1",TRUE
"DAKCFMEO_03663","WP_046463552.1",TRUE
"DAKCFMEO_04439","WP_046463553.1",TRUE
"DAKCFMEO_04417","WP_046463556.1",TRUE
"DAKCFMEO_00667","WP_046463559.1",TRUE
"DAKCFMEO_00678","WP_046463561.1",TRUE
"DAKCFMEO_04706","WP_046463563.1",TRUE
"DAKCFMEO_04750","WP_046463565.1",TRUE
"DAKCFMEO_00639","WP_046463567.1",TRUE
"DAKCFMEO_00477","WP_046463568.1",TRUE
"DAKCFMEO_02489","WP_046463592.1",TRUE
"DAKCFMEO_01324","WP_046463594.1",TRUE
"DAKCFMEO_03751","WP_046463596.1",TRUE
"DAKCFMEO_05116","WP_046463602.1",TRUE
"DAKCFMEO_01305","WP_046463633.1",TRUE
"DAKCFMEO_03394","WP_046463642.1",TRUE
"DAKCFMEO_04918","WP_046463652.1",TRUE
"DAKCFMEO_04913","WP_046463655.1",TRUE
"DAKCFMEO_00314","WP_046463668.1",TRUE
"DAKCFMEO_00307","WP_046463673.1",TRUE
"DAKCFMEO_00287","WP_046463675.1",TRUE
"DAKCFMEO_00273","WP_046463676.1",TRUE
"DAKCFMEO_03857","WP_046463677.1",TRUE
"DAKCFMEO_01846","WP_046463701.1",TRUE
"DAKCFMEO_01848","WP_046463702.1",TRUE
"DAKCFMEO_05206","WP_046463718.1",TRUE
"DAKCFMEO_04541","WP_046463732.1",TRUE
"DAKCFMEO_04550","WP_046463733.1",TRUE
"DAKCFMEO_01726","WP_046463739.1",TRUE
"DAKCFMEO_04084","WP_046463773.1",TRUE
"DAKCFMEO_04114","WP_046463775.1",TRUE
"DAKCFMEO_04942","WP_046463793.1",TRUE
"DAKCFMEO_00254","WP_046463799.1",TRUE
"DAKCFMEO_02081","WP_046463817.1",TRUE
"DAKCFMEO_03323","WP_046463820.1",TRUE
"DAKCFMEO_02001","WP_046463848.1",TRUE
"DAKCFMEO_02037","WP_046463852.1",TRUE
"DAKCFMEO_02044","WP_046463853.1",TRUE
"DAKCFMEO_02119","WP_046463872.1",TRUE
"DAKCFMEO_05065","WP_046463876.1",TRUE
"DAKCFMEO_05150","WP_046463880.1",TRUE
"DAKCFMEO_05133","WP_046463882.1",TRUE
"DAKCFMEO_02172","WP_046463890.1",TRUE
"DAKCFMEO_02171","WP_046463891.1",TRUE
"DAKCFMEO_05019","WP_046463894.1",TRUE
"DAKCFMEO_04994","WP_046463895.1",TRUE
"DAKCFMEO_00949","WP_046463903.1",TRUE
"DAKCFMEO_00948","WP_046463904.1",TRUE
"DAKCFMEO_02444","WP_046463915.1",TRUE
"DAKCFMEO_00839","WP_046463917.1",TRUE
"DAKCFMEO_02423","WP_046463918.1",TRUE
"DAKCFMEO_02339","WP_046463922.1",TRUE
"DAKCFMEO_02240","WP_046463924.1",TRUE
"DAKCFMEO_04409","WP_046463927.1",TRUE
"DAKCFMEO_04224","WP_046463928.1",TRUE
"DAKCFMEO_04211","WP_046463929.1",TRUE
"DAKCFMEO_00025","WP_046463930.1",TRUE
"DAKCFMEO_00063","WP_046463932.1",TRUE
"DAKCFMEO_02288","WP_046463934.1",TRUE
"DAKCFMEO_02833","WP_046463952.1",TRUE
"DAKCFMEO_02837","WP_046463953.1",TRUE
"DAKCFMEO_02841","WP_046463955.1",TRUE
"DAKCFMEO_02848","WP_046463956.1",TRUE
"DAKCFMEO_02853","WP_046463957.1",TRUE
"DAKCFMEO_02871","WP_046463958.1",TRUE
"DAKCFMEO_02851","WP_046463963.1",TRUE
"DAKCFMEO_00771","WP_046464003.1",TRUE
"DAKCFMEO_00823","WP_046464006.1",TRUE
"DAKCFMEO_02575","WP_046464008.1",TRUE
"DAKCFMEO_01625","WP_046464012.1",TRUE
"DAKCFMEO_01589","WP_046464026.1",TRUE
"DAKCFMEO_01583","WP_046464027.1",TRUE
"DAKCFMEO_01951","WP_046464032.1",TRUE
"DAKCFMEO_02698","WP_046464036.1",TRUE
"DAKCFMEO_02680","WP_046464039.1",TRUE
"DAKCFMEO_02650","WP_046464042.1",TRUE
"DAKCFMEO_02664","WP_046464043.1",TRUE
"DAKCFMEO_01891","WP_052746254.1",TRUE
"DAKCFMEO_02041","WP_052746256.1",TRUE
"DAKCFMEO_03746","WP_057443127.1",TRUE
"DAKCFMEO_01580","WP_057443137.1",TRUE
"DAKCFMEO_01299","WP_057443166.1",TRUE
"DAKCFMEO_04246","WP_057443174.1",TRUE
"DAKCFMEO_02908","WP_057443183.1",TRUE
"DAKCFMEO_05247","WP_057443202.1",TRUE
"DAKCFMEO_03085","WP_057443217.1",TRUE
"DAKCFMEO_02591","WP_057443274.1",TRUE
"DAKCFMEO_02093","WP_057443298.1",TRUE
"DAKCFMEO_00462","WP_074842212.1",TRUE
"DAKCFMEO_02003","WP_074843309.1",TRUE
"DAKCFMEO_03278","WP_080546580.1",TRUE
"DAKCFMEO_00977","WP_080597953.1",FALSE
"DAKCFMEO_00807","WP_080898792.1",TRUE
"DAKCFMEO_03959","WP_080946567.1",TRUE
"DAKCFMEO_04916","WP_080946587.1",TRUE
"DAKCFMEO_01901","WP_080946637.1",TRUE
"DAKCFMEO_02108","WP_081011124.1",TRUE
"DAKCFMEO_03432","WP_086000462.1",TRUE
"DAKCFMEO_03238","WP_096059895.1",TRUE
"DAKCFMEO_04593","WP_149032149.1",TRUE
"DAKCFMEO_01886","WP_159250468.1",TRUE
"DAKCFMEO_03127","WP_161420636.1",TRUE
"DAKCFMEO_03602","WP_161458274.1",TRUE
"DAKCFMEO_04271","WP_161633151.1",TRUE
"DAKCFMEO_00894","WP_161797763.1",TRUE
"DAKCFMEO_02217","WP_161797764.1",TRUE
"DAKCFMEO_03255","WP_161797770.1",TRUE
"DAKCFMEO_00418","WP_161797771.1",TRUE
"DAKCFMEO_00688","WP_161797773.1",TRUE
"DAKCFMEO_00723","WP_161797774.1",TRUE
"DAKCFMEO_04176","WP_161797778.1",TRUE
"DAKCFMEO_03967","WP_161797781.1",TRUE
"DAKCFMEO_02434","WP_161797783.1",TRUE
"DAKCFMEO_04803","WP_161797784.1",TRUE
"DAKCFMEO_02495","WP_161797788.1",TRUE
"DAKCFMEO_01354","WP_161797789.1",TRUE
"DAKCFMEO_03435","WP_161797790.1",TRUE
"DAKCFMEO_04829","WP_161797791.1",TRUE
"DAKCFMEO_01233","WP_161797798.1",TRUE
"DAKCFMEO_01789","WP_161797801.1",TRUE
"DAKCFMEO_05037","WP_161797805.1",TRUE
"DAKCFMEO_03362","WP_161797807.1",TRUE
"DAKCFMEO_04516","WP_161797808.1",TRUE
"DAKCFMEO_02303","WP_161797811.1",TRUE
"DAKCFMEO_02286","WP_161797812.1",TRUE
"DAKCFMEO_00026","WP_161797814.1",TRUE
"DAKCFMEO_01888","WP_161797817.1",TRUE
"DAKCFMEO_02191","WP_161797821.1",TRUE
"DAKCFMEO_04467","WP_162491836.1",TRUE
"DAKCFMEO_00397","WP_162839066.1",TRUE
"DAKCFMEO_00890","WP_162839068.1",TRUE
"DAKCFMEO_02686","WP_162839071.1",TRUE
"DAKCFMEO_02292","WP_163004347.1",TRUE
