HOG	OG	Gene Tree Parent Clade	DC3000_protein_12_2025	plate25.C2.annotation
N0.HOG0000000	OG0000000	n1	WP_011104418.1	DAKCFMEO_01003
N0.HOG0000001	OG0000000	n3	WP_005617775.1	DAKCFMEO_01033
N0.HOG0000002	OG0000000	n5		DAKCFMEO_01007, DAKCFMEO_00584
N0.HOG0000003	OG0000000	n7	WP_011104428.1	DAKCFMEO_04422, DAKCFMEO_01000
N0.HOG0000004	OG0000000	n12	WP_007245106.1	DAKCFMEO_02366
N0.HOG0000005	OG0000000	n13	WP_011104375.1	DAKCFMEO_00100, DAKCFMEO_04017
N0.HOG0000006	OG0000000	n19		DAKCFMEO_05214, DAKCFMEO_04989
N0.HOG0000007	OG0000000	n22	WP_011104938.1	DAKCFMEO_02415
N0.HOG0000008	OG0000000	n23	WP_011103634.1	DAKCFMEO_00021
N0.HOG0000009	OG0000000	n17	WP_011104172.1	DAKCFMEO_03733
N0.HOG0000010	OG0000000	n18	WP_011104285.1	DAKCFMEO_03941
N0.HOG0000011	OG0000001	n0	WP_080395439.1, WP_080946568.1, WP_079216268.1, WP_080395443.1, WP_161797822.1, WP_149032133.1, WP_080946544.1, WP_074842787.1, WP_122761431.1, WP_122366027.1, WP_159250478.1, WP_080395285.1, WP_122212403.1, WP_161797777.1, WP_149032125.1, WP_161797806.1, WP_122234494.1, WP_122388512.1, WP_149032159.1, WP_122670629.1, WP_149032203.1, WP_122212448.1	
N0.HOG0000012	OG0000002	n1	WP_011104895.1	DAKCFMEO_00173
N0.HOG0000013	OG0000002	n3	WP_011103489.1	DAKCFMEO_02720
N0.HOG0000014	OG0000002	n19	WP_007243868.1	DAKCFMEO_03875
N0.HOG0000015	OG0000002	n17	WP_011104376.1, WP_005768429.1	DAKCFMEO_01950
N0.HOG0000016	OG0000002	n15	WP_011104117.1, WP_007245567.1	DAKCFMEO_05131
N0.HOG0000017	OG0000002	n14	WP_005762478.1	DAKCFMEO_03764
N0.HOG0000018	OG0000002	n13	WP_005737152.1	DAKCFMEO_05227
N0.HOG0000019	OG0000002	n11	WP_007246637.1	DAKCFMEO_00139
N0.HOG0000020	OG0000002	n12	WP_011103716.1	DAKCFMEO_04511
N0.HOG0000021	OG0000003	n0		DAKCFMEO_01214, DAKCFMEO_05051, DAKCFMEO_02839, DAKCFMEO_02245, DAKCFMEO_05190, DAKCFMEO_00472, DAKCFMEO_01097, DAKCFMEO_01869, DAKCFMEO_02941, DAKCFMEO_02934, DAKCFMEO_03406, DAKCFMEO_05300, DAKCFMEO_04971, DAKCFMEO_04860, DAKCFMEO_04958, DAKCFMEO_03714, DAKCFMEO_02258, DAKCFMEO_02965, DAKCFMEO_00448, DAKCFMEO_01826
N0.HOG0000022	OG0000004	n1	WP_005767285.1	DAKCFMEO_01420
N0.HOG0000023	OG0000004	n3	WP_011103510.1, WP_011103145.1	
N0.HOG0000024	OG0000004	n5	WP_011104615.1, WP_011104479.1, WP_005764624.1	DAKCFMEO_04008
N0.HOG0000025	OG0000004	n8	WP_011105087.1, WP_011105575.1, WP_011105048.1	DAKCFMEO_01787
N0.HOG0000026	OG0000005	n1	WP_005888851.1, WP_007252518.1	DAKCFMEO_04413
N0.HOG0000027	OG0000005	n7	WP_162839071.1	DAKCFMEO_02686
N0.HOG0000028	OG0000005	n9	WP_011103873.1	DAKCFMEO_02701
N0.HOG0000029	OG0000005	n10	WP_011103871.1	DAKCFMEO_02699
N0.HOG0000030	OG0000006	n1	WP_011104680.1	DAKCFMEO_04480
N0.HOG0000031	OG0000006	n3	WP_032643380.1	DAKCFMEO_04600
N0.HOG0000032	OG0000006	n5	WP_011103739.1	DAKCFMEO_02437
N0.HOG0000033	OG0000006	n7	WP_011103576.1	DAKCFMEO_03248
N0.HOG0000034	OG0000006	n8	WP_011105179.1	DAKCFMEO_04484, DAKCFMEO_03841, DAKCFMEO_00848
N0.HOG0000035	OG0000007	n1	WP_046464036.1	DAKCFMEO_02698
N0.HOG0000036	OG0000007	n3	WP_011104107.1, WP_011105130.1	
N0.HOG0000037	OG0000007	n9	WP_011104219.1	DAKCFMEO_03820
N0.HOG0000038	OG0000007	n10	WP_011104220.1	DAKCFMEO_03821
N0.HOG0000039	OG0000008	n1	WP_007246617.1	DAKCFMEO_00175
N0.HOG0000040	OG0000008	n3	WP_007246574.1	DAKCFMEO_05254
N0.HOG0000041	OG0000008	n5	WP_011104948.1	DAKCFMEO_00278
N0.HOG0000042	OG0000008	n6	WP_005763906.1, WP_011103533.1	DAKCFMEO_04031, DAKCFMEO_01357, DAKCFMEO_01489
N0.HOG0000043	OG0000009	n1	WP_011105057.1	DAKCFMEO_04763
N0.HOG0000044	OG0000009	n3	WP_011105058.1	DAKCFMEO_04764
N0.HOG0000045	OG0000009	n9	WP_011105059.1	DAKCFMEO_04765
N0.HOG0000046	OG0000009	n7	WP_005769383.1	DAKCFMEO_04767
N0.HOG0000047	OG0000009	n8	WP_011102986.1	DAKCFMEO_01850
N0.HOG0000048	OG0000010	n1	WP_011104129.1	DAKCFMEO_00966, DAKCFMEO_02949
N0.HOG0000049	OG0000010	n4	WP_003382360.1	DAKCFMEO_02150
N0.HOG0000050	OG0000010	n6	WP_005764042.1	DAKCFMEO_02992
N0.HOG0000051	OG0000010	n7	WP_002554192.1	DAKCFMEO_02661, DAKCFMEO_04561
N0.HOG0000052	OG0000011	n1	WP_011105342.1	DAKCFMEO_05084
N0.HOG0000053	OG0000011	n8	WP_011105343.1	DAKCFMEO_05085
N0.HOG0000054	OG0000011	n7	WP_046463299.1	DAKCFMEO_01032
N0.HOG0000055	OG0000011	n5	WP_007244964.1	DAKCFMEO_01223
N0.HOG0000056	OG0000011	n6	WP_046463739.1	DAKCFMEO_01726
N0.HOG0000057	OG0000012	n1	WP_011104743.1	DAKCFMEO_04250
N0.HOG0000058	OG0000012	n2	WP_011105318.1, WP_005765463.1, WP_011105119.1, WP_011105122.1, WP_057443300.1, WP_011104106.1	DAKCFMEO_04450
N0.HOG0000059	OG0000013	n1	WP_011105383.1	DAKCFMEO_01966
N0.HOG0000060	OG0000013	n3	WP_011103512.1	DAKCFMEO_05213
N0.HOG0000061	OG0000013	n4	WP_005767792.1	DAKCFMEO_05243, DAKCFMEO_04438, DAKCFMEO_04382, DAKCFMEO_03933
N0.HOG0000062	OG0000014	n1	WP_011104382.1	DAKCFMEO_03805, DAKCFMEO_04771
N0.HOG0000063	OG0000014	n7	WP_005770761.1	DAKCFMEO_04356
N0.HOG0000064	OG0000014	n5	WP_011103058.1	DAKCFMEO_02034
N0.HOG0000065	OG0000014	n6	WP_011104339.1	DAKCFMEO_04030
N0.HOG0000066	OG0000015	n1	WP_011104104.1	DAKCFMEO_00963
N0.HOG0000067	OG0000015	n3	WP_005894383.1	DAKCFMEO_02100, DAKCFMEO_00056
N0.HOG0000068	OG0000015	n6	WP_011104874.1	DAKCFMEO_00086
N0.HOG0000069	OG0000015	n7	WP_011104873.1	DAKCFMEO_00085
N0.HOG0000070	OG0000016	n1	WP_005764458.1	DAKCFMEO_04042
N0.HOG0000071	OG0000016	n2	WP_005738213.1	DAKCFMEO_03893, DAKCFMEO_04650, DAKCFMEO_01238, DAKCFMEO_01341, DAKCFMEO_01407
N0.HOG0000072	OG0000017	n1	WP_005764287.1	DAKCFMEO_00588, DAKCFMEO_03879
N0.HOG0000073	OG0000017	n4	WP_007246985.1	DAKCFMEO_04733
N0.HOG0000074	OG0000017	n5	WP_007246046.1	DAKCFMEO_04571, DAKCFMEO_02438
N0.HOG0000075	OG0000018	n1	WP_046463882.1	DAKCFMEO_05133
N0.HOG0000076	OG0000018	n4	WP_005764602.1	DAKCFMEO_03996
N0.HOG0000077	OG0000018	n5	WP_011104007.1, WP_011105351.1	DAKCFMEO_05134
N0.HOG0000078	OG0000019	n1	WP_011104980.1	DAKCFMEO_00342
N0.HOG0000079	OG0000019	n3	WP_011104924.1	DAKCFMEO_04064
N0.HOG0000080	OG0000019	n5	WP_011104372.1	DAKCFMEO_04423
N0.HOG0000081	OG0000019	n6	WP_005767796.1	DAKCFMEO_03538
N0.HOG0000082	OG0000020	n1	WP_011107021.1	DAKCFMEO_04634, DAKCFMEO_01707
N0.HOG0000083	OG0000020	n4	WP_005770837.1	DAKCFMEO_00928
N0.HOG0000084	OG0000020	n5	WP_007243745.1	DAKCFMEO_00927, DAKCFMEO_04757
N0.HOG0000085	OG0000021	n1	WP_044393047.1	DAKCFMEO_01760
N0.HOG0000086	OG0000021	n3	WP_007243826.1, WP_011104703.1	
N0.HOG0000087	OG0000021	n5	WP_011105438.1	DAKCFMEO_05224
N0.HOG0000088	OG0000021	n6	WP_024667882.1	DAKCFMEO_04383
N0.HOG0000089	OG0000022	n1	WP_011103090.1	DAKCFMEO_05163
N0.HOG0000090	OG0000022	n2	WP_046463958.1	DAKCFMEO_01557, DAKCFMEO_01037, DAKCFMEO_02181, DAKCFMEO_01779, DAKCFMEO_02871
N0.HOG0000091	OG0000023	n1	WP_011104487.1	DAKCFMEO_01438
N0.HOG0000092	OG0000023	n3	WP_011105356.1	DAKCFMEO_05141
N0.HOG0000093	OG0000023	n4	WP_011103298.1	DAKCFMEO_03216, DAKCFMEO_00970, DAKCFMEO_04449
N0.HOG0000094	OG0000024	n0	WP_080946645.1, WP_078983211.1, WP_080597953.1, WP_080946591.1, WP_080115702.1, WP_159229490.1, WP_159229495.1, WP_159229486.1	
N0.HOG0000095	OG0000025	n0		DAKCFMEO_00882, DAKCFMEO_04599, DAKCFMEO_02353, DAKCFMEO_00698, DAKCFMEO_02027, DAKCFMEO_03385, DAKCFMEO_01422, DAKCFMEO_02005
N0.HOG0000096	OG0000026	n1	WP_011103389.1	DAKCFMEO_03049
N0.HOG0000097	OG0000026	n2	WP_004666923.1, WP_003347743.1, WP_005615816.1, WP_005766970.1	DAKCFMEO_02554
N0.HOG0000098	OG0000027	n1	WP_005768479.1	DAKCFMEO_02083
N0.HOG0000099	OG0000027	n3	WP_005770083.1	DAKCFMEO_03677
N0.HOG0000100	OG0000027	n4	WP_011105578.1, WP_003425026.1	DAKCFMEO_03697
N0.HOG0000101	OG0000028	n1	WP_005614629.1	DAKCFMEO_00517
N0.HOG0000102	OG0000028	n3	WP_011105486.1	DAKCFMEO_01633
N0.HOG0000103	OG0000028	n4	WP_011104076.1	DAKCFMEO_05286, DAKCFMEO_01140
N0.HOG0000104	OG0000029	n1	WP_080946590.1, WP_161797792.1	DAKCFMEO_03367
N0.HOG0000105	OG0000029	n3	WP_005615166.1, WP_011105434.1, WP_011104519.1	DAKCFMEO_03368
N0.HOG0000106	OG0000030	n1	WP_005767078.1	DAKCFMEO_02022
N0.HOG0000107	OG0000030	n3	WP_011105417.1	DAKCFMEO_02023
N0.HOG0000108	OG0000030	n4	WP_164923170.1, WP_005762461.1	DAKCFMEO_03771
N0.HOG0000109	OG0000031	n0	WP_005762581.1	DAKCFMEO_03548, DAKCFMEO_04050, DAKCFMEO_02062, DAKCFMEO_03812, DAKCFMEO_03312, DAKCFMEO_01189
N0.HOG0000110	OG0000032	n1	WP_010218671.1	DAKCFMEO_04390
N0.HOG0000111	OG0000032	n3	WP_011105102.1	DAKCFMEO_00572
N0.HOG0000112	OG0000032	n4	WP_005762709.1	DAKCFMEO_03863, DAKCFMEO_01092
N0.HOG0000113	OG0000033	n1	WP_005767187.1	DAKCFMEO_05232, DAKCFMEO_05233
N0.HOG0000114	OG0000033	n3	WP_005763587.1	DAKCFMEO_05145, DAKCFMEO_00332, DAKCFMEO_04962
N0.HOG0000115	OG0000034	n1	WP_005771258.1	DAKCFMEO_01375
N0.HOG0000116	OG0000034	n3	WP_011104482.1	DAKCFMEO_01431
N0.HOG0000117	OG0000034	n4	WP_011104229.1, WP_011103467.1	DAKCFMEO_04773
N0.HOG0000118	OG0000035	n1	WP_011103959.1	DAKCFMEO_00770
N0.HOG0000119	OG0000035	n2	WP_007244158.1	DAKCFMEO_03891, DAKCFMEO_02442, DAKCFMEO_04436, DAKCFMEO_01735
N0.HOG0000120	OG0000036	n1	WP_011103274.1	DAKCFMEO_03708
N0.HOG0000121	OG0000036	n3	WP_011104588.1	DAKCFMEO_04695
N0.HOG0000122	OG0000036	n4	WP_011103279.1	DAKCFMEO_00952, DAKCFMEO_00600
N0.HOG0000123	OG0000037	n1	WP_011104174.1	DAKCFMEO_03737
N0.HOG0000124	OG0000037	n2	WP_011103502.1	DAKCFMEO_01240, DAKCFMEO_00363, DAKCFMEO_03736, DAKCFMEO_02993
N0.HOG0000125	OG0000038	n0	WP_011104616.1	DAKCFMEO_04608, DAKCFMEO_04453, DAKCFMEO_04966, DAKCFMEO_00913, DAKCFMEO_03469, DAKCFMEO_04605
N0.HOG0000126	OG0000039	n0		DAKCFMEO_03074, DAKCFMEO_02068, DAKCFMEO_00978, DAKCFMEO_02070, DAKCFMEO_03370, DAKCFMEO_02069, DAKCFMEO_02795
N0.HOG0000127	OG0000040	n0		DAKCFMEO_01141, DAKCFMEO_04231, DAKCFMEO_03654, DAKCFMEO_01022, DAKCFMEO_02477, DAKCFMEO_01313, DAKCFMEO_05276
N0.HOG0000128	OG0000041	n0		DAKCFMEO_01147, DAKCFMEO_03945, DAKCFMEO_01145, DAKCFMEO_03944, DAKCFMEO_01148, DAKCFMEO_01146, DAKCFMEO_01149
N0.HOG0000129	OG0000042	n0		DAKCFMEO_04777, DAKCFMEO_02956, DAKCFMEO_03306, DAKCFMEO_02952, DAKCFMEO_05144, DAKCFMEO_02954, DAKCFMEO_02957
N0.HOG0000130	OG0000043	n1	WP_002553156.1	DAKCFMEO_00809
N0.HOG0000131	OG0000043	n3	WP_002554837.1	DAKCFMEO_00145
N0.HOG0000132	OG0000043	n4	WP_005764082.1	DAKCFMEO_03299
N0.HOG0000133	OG0000044	n1	WP_002554157.1	DAKCFMEO_04624
N0.HOG0000134	OG0000044	n2	WP_010216576.1, WP_011103313.1, WP_003381023.1	DAKCFMEO_04205
N0.HOG0000135	OG0000045	n1	WP_002555020.1	DAKCFMEO_00368
N0.HOG0000136	OG0000045	n2	WP_011104125.1, WP_159229484.1, WP_005770857.1	DAKCFMEO_00941
N0.HOG0000137	OG0000046	n1	WP_003381855.1	DAKCFMEO_01356
N0.HOG0000138	OG0000046	n2	WP_003425025.1, WP_155490796.1, WP_003378280.1	DAKCFMEO_01226
N0.HOG0000139	OG0000047	n0	WP_164923172.1, WP_011104442.1, WP_003409202.1, WP_080898634.1, WP_159229438.1, WP_011105416.1	
N0.HOG0000140	OG0000048	n1	WP_005771285.1	DAKCFMEO_00898
N0.HOG0000141	OG0000048	n3	WP_005768982.1	DAKCFMEO_03885
N0.HOG0000142	OG0000048	n4	WP_005739842.1	DAKCFMEO_02039
N0.HOG0000143	OG0000049	n1	WP_011104338.1	DAKCFMEO_04028
N0.HOG0000144	OG0000049	n3	WP_011104692.1	DAKCFMEO_04358
N0.HOG0000145	OG0000049	n4	WP_005739846.1	DAKCFMEO_02036
N0.HOG0000146	OG0000050	n1	WP_005762712.1	DAKCFMEO_01091
N0.HOG0000147	OG0000050	n2	WP_011105103.1	DAKCFMEO_03862, DAKCFMEO_04391, DAKCFMEO_00573
N0.HOG0000148	OG0000051	n1	WP_046463879.1	DAKCFMEO_04210
N0.HOG0000149	OG0000051	n2	WP_011105419.1, WP_005763678.1, WP_161797791.1	DAKCFMEO_04829
N0.HOG0000150	OG0000052	n1	WP_005764441.1	DAKCFMEO_04029
N0.HOG0000151	OG0000052	n3	WP_011104693.1	DAKCFMEO_04357
N0.HOG0000152	OG0000052	n4	WP_011103059.1	DAKCFMEO_02035
N0.HOG0000153	OG0000053	n1	WP_011104485.1	DAKCFMEO_01436
N0.HOG0000154	OG0000053	n2	WP_005765592.1	DAKCFMEO_03217, DAKCFMEO_00969, DAKCFMEO_05143
N0.HOG0000155	OG0000054	n1	WP_005766129.1	DAKCFMEO_04385
N0.HOG0000156	OG0000054	n2	WP_011104367.1	DAKCFMEO_03866, DAKCFMEO_04072, DAKCFMEO_03108
N0.HOG0000157	OG0000055	n0	WP_011104187.1, WP_005766150.1, WP_011104269.1, WP_011104270.1, WP_011104116.1	DAKCFMEO_03762
N0.HOG0000158	OG0000056	n1	WP_005768984.1	DAKCFMEO_03884
N0.HOG0000159	OG0000056	n3	WP_044392584.1	DAKCFMEO_02040
N0.HOG0000160	OG0000056	n4	WP_010203861.1	DAKCFMEO_00897
N0.HOG0000161	OG0000057	n0	WP_011104993.1, WP_005770647.1, WP_011104580.1, WP_011104070.1, WP_011105496.1, WP_011105476.1	
N0.HOG0000162	OG0000058	n1	WP_011104556.1	DAKCFMEO_04753
N0.HOG0000163	OG0000058	n3	WP_005771029.1	DAKCFMEO_03339
N0.HOG0000164	OG0000058	n4	WP_046463853.1	DAKCFMEO_02044
N0.HOG0000165	OG0000059	n0	WP_011104234.1, WP_011105159.1, WP_005894372.1, WP_046463945.1, WP_007245505.1, WP_011105091.1	
N0.HOG0000166	OG0000060	n0	WP_007246451.1	DAKCFMEO_03980, DAKCFMEO_02639, DAKCFMEO_03115, DAKCFMEO_00791, DAKCFMEO_04022
N0.HOG0000167	OG0000061	n1	WP_011104366.1	DAKCFMEO_02419
N0.HOG0000168	OG0000061	n2	WP_007247023.1	DAKCFMEO_04217, DAKCFMEO_03908, DAKCFMEO_00081
N0.HOG0000169	OG0000062	n1	WP_011103633.1	DAKCFMEO_00022
N0.HOG0000170	OG0000062	n2	WP_011104940.1, WP_011104673.1, WP_011104143.1	DAKCFMEO_01126
N0.HOG0000171	OG0000063	n1	WP_024668283.1	DAKCFMEO_03316
N0.HOG0000172	OG0000063	n2	WP_011103651.1	DAKCFMEO_01173, DAKCFMEO_01902, DAKCFMEO_00012
N0.HOG0000173	OG0000064	n1	WP_011104079.1	DAKCFMEO_01626
N0.HOG0000174	OG0000064	n2	WP_046464016.1	DAKCFMEO_05292, DAKCFMEO_05290, DAKCFMEO_01152
N0.HOG0000175	OG0000065	n1	WP_046463852.1	DAKCFMEO_02037
N0.HOG0000176	OG0000065	n3	WP_011104337.1	DAKCFMEO_04027
N0.HOG0000177	OG0000065	n4	WP_011104691.1	DAKCFMEO_04359
N0.HOG0000178	OG0000066	n1	WP_002554655.1	DAKCFMEO_03128
N0.HOG0000179	OG0000066	n2	WP_007245914.1	DAKCFMEO_04076, DAKCFMEO_00946
N0.HOG0000180	OG0000067	n0	WP_005768426.1, WP_005766145.1, WP_003379555.1, WP_011104115.1	DAKCFMEO_01953
N0.HOG0000181	OG0000068	n1	WP_003380560.1	DAKCFMEO_01030
N0.HOG0000182	OG0000068	n2	WP_007243724.1, WP_011103096.1	DAKCFMEO_01985
N0.HOG0000183	OG0000069	n1	WP_003382856.1	DAKCFMEO_01170
N0.HOG0000184	OG0000069	n2	WP_005763521.1, WP_011103332.1	DAKCFMEO_02141
N0.HOG0000185	OG0000070	n0	WP_005620804.1	DAKCFMEO_04868, DAKCFMEO_03313, DAKCFMEO_02429, DAKCFMEO_04442
N0.HOG0000186	OG0000071	n0	WP_011107006.1, WP_053486452.1, WP_011103083.1, WP_005769724.1, WP_005747119.1	
N0.HOG0000187	OG0000072	n1	WP_011103764.1	DAKCFMEO_02481
N0.HOG0000188	OG0000072	n2	WP_011105315.1, WP_005762732.1	DAKCFMEO_04585
N0.HOG0000189	OG0000073	n1	WP_007243779.1	DAKCFMEO_00557
N0.HOG0000190	OG0000073	n2	WP_052746243.1, WP_005763690.1	DAKCFMEO_02964
N0.HOG0000191	OG0000074	n1	WP_005763696.1	DAKCFMEO_04967
N0.HOG0000192	OG0000074	n2	WP_005764509.1	DAKCFMEO_04810, DAKCFMEO_00998
N0.HOG0000193	OG0000075	n1	WP_005763862.1	DAKCFMEO_01465
N0.HOG0000194	OG0000075	n2	WP_005767000.1	DAKCFMEO_01082, DAKCFMEO_02530
N0.HOG0000195	OG0000076	n1	WP_007246965.1	DAKCFMEO_04701
N0.HOG0000196	OG0000076	n2	WP_005764495.1	DAKCFMEO_03813, DAKCFMEO_04014
N0.HOG0000197	OG0000077	n1	WP_005770626.1	DAKCFMEO_04248
N0.HOG0000198	OG0000077	n2	WP_005765466.1, WP_011104354.1	DAKCFMEO_00058
N0.HOG0000199	OG0000078	n1	WP_005769536.1	DAKCFMEO_01860
N0.HOG0000200	OG0000078	n2	WP_005766109.1, WP_007246020.1	DAKCFMEO_01132
N0.HOG0000201	OG0000079	n1	WP_011104856.1	DAKCFMEO_00257
N0.HOG0000202	OG0000079	n2	WP_005766635.1	DAKCFMEO_02440, DAKCFMEO_02246
N0.HOG0000203	OG0000080	n1	WP_046463317.1	DAKCFMEO_00959
N0.HOG0000204	OG0000080	n2	WP_005767351.1	DAKCFMEO_02432, DAKCFMEO_01454
N0.HOG0000205	OG0000081	n1	WP_005771635.1	DAKCFMEO_05299
N0.HOG0000206	OG0000081	n2	WP_005769043.1, WP_005769285.1	DAKCFMEO_04169
N0.HOG0000207	OG0000082	n0	WP_024668228.1, WP_007245189.1, WP_005769165.1, WP_005769163.1	DAKCFMEO_00603
N0.HOG0000208	OG0000083	n1	WP_005770871.1	DAKCFMEO_00947
N0.HOG0000209	OG0000083	n2	WP_161420636.1	DAKCFMEO_04077, DAKCFMEO_03127
N0.HOG0000210	OG0000084	n1	WP_011103232.1	DAKCFMEO_03554
N0.HOG0000211	OG0000084	n2	WP_011105584.1, WP_005771489.1	DAKCFMEO_01762
N0.HOG0000212	OG0000085	n0	WP_044390135.1, WP_005894403.1, WP_046463300.1, WP_161797766.1	DAKCFMEO_02685
N0.HOG0000213	OG0000086	n0	WP_007244389.1	DAKCFMEO_02494, DAKCFMEO_04588, DAKCFMEO_04586, DAKCFMEO_02893
N0.HOG0000214	OG0000087	n1	WP_007244651.1	DAKCFMEO_03634
N0.HOG0000215	OG0000087	n2	WP_011104273.1, WP_011105457.1	DAKCFMEO_04435
N0.HOG0000216	OG0000088	n1	WP_007246309.1	DAKCFMEO_04115
N0.HOG0000217	OG0000088	n2	WP_011105458.1	DAKCFMEO_00076, DAKCFMEO_04325
N0.HOG0000218	OG0000089	n1	WP_011105495.1	DAKCFMEO_01640
N0.HOG0000219	OG0000089	n2	WP_007246961.1	DAKCFMEO_01139, DAKCFMEO_00014
N0.HOG0000220	OG0000090	n1	WP_011103085.1	DAKCFMEO_02079
N0.HOG0000221	OG0000090	n2	WP_011103053.1	DAKCFMEO_03877, DAKCFMEO_02017
N0.HOG0000222	OG0000091	n1	WP_011103352.1	DAKCFMEO_02427
N0.HOG0000223	OG0000091	n2	WP_011104046.1	DAKCFMEO_04454, DAKCFMEO_01345
N0.HOG0000224	OG0000092	n1	WP_011103705.1	DAKCFMEO_02368
N0.HOG0000225	OG0000092	n2	WP_044391155.1	DAKCFMEO_01372, DAKCFMEO_01370
N0.HOG0000226	OG0000093	n0	WP_046463675.1, WP_046463481.1, WP_011103770.1, WP_011104429.1	DAKCFMEO_00287
N0.HOG0000227	OG0000094	n1	WP_011105431.1	DAKCFMEO_05212
N0.HOG0000228	OG0000094	n2	WP_011103882.1	DAKCFMEO_04501, DAKCFMEO_02714
N0.HOG0000229	OG0000095	n0	WP_011104043.1	DAKCFMEO_01348, DAKCFMEO_04487, DAKCFMEO_03022, DAKCFMEO_02364
N0.HOG0000230	OG0000096	n0	WP_011105493.1, WP_011104071.1	DAKCFMEO_05281, DAKCFMEO_01134, DAKCFMEO_01638
N0.HOG0000231	OG0000097	n1	WP_011104072.1	DAKCFMEO_01637
N0.HOG0000232	OG0000097	n2	WP_011105492.1	DAKCFMEO_05282, DAKCFMEO_01135
N0.HOG0000233	OG0000098	n1	WP_046464013.1	DAKCFMEO_01154, DAKCFMEO_05284
N0.HOG0000234	OG0000098	n3	WP_011104074.1	DAKCFMEO_01635
N0.HOG0000235	OG0000099	n1	WP_011105487.1	DAKCFMEO_05285, DAKCFMEO_01155
N0.HOG0000236	OG0000099	n3	WP_011104075.1	DAKCFMEO_01634
N0.HOG0000237	OG0000100	n1	WP_011104283.1	DAKCFMEO_03939
N0.HOG0000238	OG0000100	n2	WP_011104272.1, WP_011105454.1	DAKCFMEO_04432
N0.HOG0000239	OG0000101	n1	WP_011104426.1, WP_011104868.1	DAKCFMEO_04219
N0.HOG0000240	OG0000101	n3	WP_011104500.1	DAKCFMEO_01495
N0.HOG0000241	OG0000102	n1	WP_011104446.1	DAKCFMEO_00975
N0.HOG0000242	OG0000102	n2	WP_166460975.1	DAKCFMEO_00979, DAKCFMEO_00982
N0.HOG0000243	OG0000103	n1	WP_046463339.1, WP_024668229.1	DAKCFMEO_04595
N0.HOG0000244	OG0000103	n3	WP_011104705.1	DAKCFMEO_00602
N0.HOG0000245	OG0000104	n0	WP_057443212.1, WP_011104854.1, WP_046463959.1, WP_046463475.1	DAKCFMEO_02075
N0.HOG0000246	OG0000105	n1	WP_011105348.1	DAKCFMEO_02106
N0.HOG0000247	OG0000105	n2	WP_011105042.1	DAKCFMEO_01774, DAKCFMEO_00104
N0.HOG0000248	OG0000106	n1	WP_046463283.1	DAKCFMEO_04947
N0.HOG0000249	OG0000106	n2	WP_011105274.1, WP_011105273.1	DAKCFMEO_04992
N0.HOG0000250	OG0000107	n1	WP_011105470.1	DAKCFMEO_05262
N0.HOG0000251	OG0000107	n2	WP_057443166.1	DAKCFMEO_04010, DAKCFMEO_01299
N0.HOG0000252	OG0000108	n1	WP_046463302.1	DAKCFMEO_01627
N0.HOG0000253	OG0000108	n2	WP_011105480.1	DAKCFMEO_05289, DAKCFMEO_01137
N0.HOG0000254	OG0000109	n1	WP_046463524.1	DAKCFMEO_01315
N0.HOG0000255	OG0000109	n2	WP_044393960.1	DAKCFMEO_02474, DAKCFMEO_02473
N0.HOG0000256	OG0000110	n0	WP_110455596.1, WP_079216259.1, WP_122234570.1, WP_122219429.1, WP_074842714.1	
N0.HOG0000257	OG0000111	n0	WP_159229427.1, WP_152666576.1, WP_159229459.1, WP_152666575.1, WP_152666560.1	
N0.HOG0000258	OG0000112	n0		DAKCFMEO_00323, DAKCFMEO_00318, DAKCFMEO_00322, DAKCFMEO_00324, DAKCFMEO_02744
N0.HOG0000259	OG0000113	n1	WP_003381481.1	DAKCFMEO_00096
N0.HOG0000260	OG0000113	n2	WP_002551844.1	DAKCFMEO_04866
N0.HOG0000261	OG0000114	n1	WP_011105523.1	DAKCFMEO_01584
N0.HOG0000262	OG0000114	n2	WP_002553918.1	DAKCFMEO_01408
N0.HOG0000263	OG0000115	n1	WP_011104604.1	DAKCFMEO_04652
N0.HOG0000264	OG0000115	n2	WP_003317531.1	DAKCFMEO_03084
N0.HOG0000265	OG0000116	n1	WP_005614429.1	DAKCFMEO_03583
N0.HOG0000266	OG0000116	n2	WP_003317533.1	DAKCFMEO_03081
N0.HOG0000267	OG0000117	n1	WP_003376366.1	DAKCFMEO_04864
N0.HOG0000268	OG0000117	n2	WP_003381484.1	DAKCFMEO_00098
N0.HOG0000269	OG0000118	n0	WP_011104758.1, WP_005770657.1, WP_003377141.1	DAKCFMEO_04956
N0.HOG0000270	OG0000119	n0	WP_005765442.1, WP_011105118.1, WP_003377815.1	DAKCFMEO_03188
N0.HOG0000271	OG0000120	n1	WP_005771567.1	DAKCFMEO_02501
N0.HOG0000272	OG0000120	n2	WP_003378076.1	DAKCFMEO_04669
N0.HOG0000273	OG0000121	n1	WP_003378216.1	DAKCFMEO_04559
N0.HOG0000274	OG0000121	n2	WP_005762942.1	DAKCFMEO_04986
N0.HOG0000275	OG0000122	n0	WP_011104761.1, WP_007246249.1, WP_003379025.1	DAKCFMEO_03031
N0.HOG0000276	OG0000123	n0	WP_003379266.1, WP_046463419.1, WP_005766375.1	DAKCFMEO_03387
N0.HOG0000277	OG0000124	n0	WP_003380966.1, WP_011105576.1, WP_005762738.1	DAKCFMEO_00367
N0.HOG0000278	OG0000125	n0	WP_003382014.1	DAKCFMEO_00638, DAKCFMEO_00971, DAKCFMEO_02599
N0.HOG0000279	OG0000126	n1	WP_003382103.1	DAKCFMEO_02020
N0.HOG0000280	OG0000126	n2	WP_161797788.1	DAKCFMEO_02495
N0.HOG0000281	OG0000127	n1	WP_011104335.1	DAKCFMEO_04025
N0.HOG0000282	OG0000127	n2	WP_003382491.1	DAKCFMEO_00714
N0.HOG0000283	OG0000128	n1	WP_003383243.1	DAKCFMEO_00485
N0.HOG0000284	OG0000128	n2	WP_003383244.1	DAKCFMEO_00484
N0.HOG0000285	OG0000129	n1	WP_011105579.1	DAKCFMEO_03092
N0.HOG0000286	OG0000129	n2	WP_003425052.1	DAKCFMEO_01039
N0.HOG0000287	OG0000130	n1	WP_005614190.1	DAKCFMEO_02804
N0.HOG0000288	OG0000130	n2	WP_011104937.1	DAKCFMEO_01360
N0.HOG0000289	OG0000131	n0	WP_005615570.1	DAKCFMEO_03009, DAKCFMEO_02206, DAKCFMEO_00851
N0.HOG0000290	OG0000132	n1	WP_005616684.1	DAKCFMEO_03041
N0.HOG0000291	OG0000132	n2	WP_007247202.1	DAKCFMEO_01939
N0.HOG0000292	OG0000133	n0	WP_046463874.1, WP_011105577.1, WP_005739535.1	DAKCFMEO_00366
N0.HOG0000293	OG0000134	n1	WP_011104096.1	DAKCFMEO_00881
N0.HOG0000294	OG0000134	n2	WP_005739890.1	DAKCFMEO_01910
N0.HOG0000295	OG0000135	n1	WP_005740380.1	DAKCFMEO_02675
N0.HOG0000296	OG0000135	n2	WP_011104666.1	DAKCFMEO_01880
N0.HOG0000297	OG0000136	n1	WP_005760706.1	DAKCFMEO_04380
N0.HOG0000298	OG0000136	n2	WP_005768316.1	DAKCFMEO_01554
N0.HOG0000299	OG0000137	n1	WP_005762626.1	DAKCFMEO_01161
N0.HOG0000300	OG0000137	n2	WP_007244776.1	DAKCFMEO_00630
N0.HOG0000301	OG0000138	n1	WP_005765176.1	DAKCFMEO_04609
N0.HOG0000302	OG0000138	n2	WP_005762731.1	DAKCFMEO_03218
N0.HOG0000303	OG0000139	n0	WP_046464032.1, WP_005762766.1, WP_011104377.1	DAKCFMEO_01951
N0.HOG0000304	OG0000140	n0	WP_005762818.1, WP_005764409.1, WP_007246690.1	DAKCFMEO_00899
N0.HOG0000305	OG0000141	n0	WP_005764184.1, WP_005762820.1, WP_011104351.1	DAKCFMEO_02755
N0.HOG0000306	OG0000142	n0	WP_010213170.1, WP_005762824.1, WP_005762826.1	DAKCFMEO_04937
N0.HOG0000307	OG0000143	n1	WP_005763054.1	DAKCFMEO_04865
N0.HOG0000308	OG0000143	n2	WP_005764931.1	DAKCFMEO_00097
N0.HOG0000309	OG0000144	n0	WP_011104478.1, WP_011104277.1, WP_005763528.1	DAKCFMEO_02146
N0.HOG0000310	OG0000145	n0	WP_005763634.1	DAKCFMEO_05034, DAKCFMEO_00937, DAKCFMEO_05032
N0.HOG0000311	OG0000146	n1	WP_005763680.1	DAKCFMEO_02959
N0.HOG0000312	OG0000146	n2	WP_007246877.1	DAKCFMEO_00875
N0.HOG0000313	OG0000147	n0	WP_074846395.1, WP_011103154.1, WP_011103153.1, WP_005763718.1	
N0.HOG0000314	OG0000148	n1	WP_005765147.1	DAKCFMEO_04629
N0.HOG0000315	OG0000148	n2	WP_005763731.1	DAKCFMEO_02937
N0.HOG0000316	OG0000149	n1	WP_005763926.1	DAKCFMEO_01476
N0.HOG0000317	OG0000149	n2	WP_005763902.1	DAKCFMEO_01487
N0.HOG0000318	OG0000150	n1	WP_005763930.1	DAKCFMEO_03315
N0.HOG0000319	OG0000150	n2	WP_005768336.1	DAKCFMEO_01568
N0.HOG0000320	OG0000151	n1	WP_011103331.1	DAKCFMEO_01167
N0.HOG0000321	OG0000151	n2	WP_005764049.1	DAKCFMEO_02981
N0.HOG0000322	OG0000152	n1	WP_005765569.1	DAKCFMEO_05129
N0.HOG0000323	OG0000152	n2	WP_005764405.1	DAKCFMEO_03874
N0.HOG0000324	OG0000153	n1	WP_005764834.1	DAKCFMEO_00167
N0.HOG0000325	OG0000153	n2	WP_011103985.1	DAKCFMEO_03851
N0.HOG0000326	OG0000154	n1	WP_005764926.1	DAKCFMEO_00099
N0.HOG0000327	OG0000154	n2	WP_011105230.1	DAKCFMEO_04863
N0.HOG0000328	OG0000155	n0	WP_005764944.1, WP_044393502.1, WP_011104352.1	DAKCFMEO_00092
N0.HOG0000329	OG0000156	n1	WP_005765115.1	DAKCFMEO_04651
N0.HOG0000330	OG0000156	n2	WP_011105083.1	DAKCFMEO_03083
N0.HOG0000331	OG0000157	n0	WP_005765137.1	DAKCFMEO_04635, DAKCFMEO_04427, DAKCFMEO_04420
N0.HOG0000332	OG0000158	n0	WP_005765139.1	DAKCFMEO_04631, DAKCFMEO_01712, DAKCFMEO_04633
N0.HOG0000333	OG0000159	n1	WP_005766477.1	DAKCFMEO_00465
N0.HOG0000334	OG0000159	n2	WP_005765488.1	DAKCFMEO_02420
N0.HOG0000335	OG0000160	n1	WP_005765650.1	DAKCFMEO_00793
N0.HOG0000336	OG0000160	n2	WP_005765976.1	DAKCFMEO_03200
N0.HOG0000337	OG0000161	n0	WP_005766100.1, WP_005767830.1, WP_005769505.1	DAKCFMEO_01878
N0.HOG0000338	OG0000162	n1	WP_005766595.1	DAKCFMEO_00379
N0.HOG0000339	OG0000162	n2	WP_011103728.1	DAKCFMEO_02365
N0.HOG0000340	OG0000163	n1	WP_005766669.1	DAKCFMEO_02275
N0.HOG0000341	OG0000163	n2	WP_011104674.1	DAKCFMEO_04394
N0.HOG0000342	OG0000164	n1	WP_005767480.1	DAKCFMEO_04471
N0.HOG0000343	OG0000164	n2	WP_007246896.1	DAKCFMEO_00833
N0.HOG0000344	OG0000165	n1	WP_011103991.1	DAKCFMEO_00829
N0.HOG0000345	OG0000165	n2	WP_005767488.1	DAKCFMEO_04475
N0.HOG0000346	OG0000166	n1	WP_057443137.1	DAKCFMEO_01580
N0.HOG0000347	OG0000166	n2	WP_005767577.1	DAKCFMEO_00028
N0.HOG0000348	OG0000167	n1	WP_024666071.1	DAKCFMEO_03747
N0.HOG0000349	OG0000167	n2	WP_005767725.1	DAKCFMEO_04499
N0.HOG0000350	OG0000168	n0	WP_005768035.1, WP_011104827.1, WP_011104545.1	DAKCFMEO_02834
N0.HOG0000351	OG0000169	n1	WP_011105375.1	DAKCFMEO_05151
N0.HOG0000352	OG0000169	n2	WP_005768450.1	DAKCFMEO_02199
N0.HOG0000353	OG0000170	n1	WP_011104100.1	DAKCFMEO_00889
N0.HOG0000354	OG0000170	n2	WP_005768691.1	DAKCFMEO_00291
N0.HOG0000355	OG0000171	n1	WP_011104278.1	DAKCFMEO_00326
N0.HOG0000356	OG0000171	n2	WP_005768708.1	DAKCFMEO_00281
N0.HOG0000357	OG0000172	n1	WP_005768747.1	DAKCFMEO_02786
N0.HOG0000358	OG0000172	n2	WP_007244323.1	DAKCFMEO_02603
N0.HOG0000359	OG0000173	n0	WP_005768762.1	DAKCFMEO_03373, DAKCFMEO_02337, DAKCFMEO_00301
N0.HOG0000360	OG0000174	n1	WP_011104015.1	DAKCFMEO_00874
N0.HOG0000361	OG0000174	n2	WP_005769204.1	DAKCFMEO_04345
N0.HOG0000362	OG0000175	n0	WP_005769588.1	DAKCFMEO_01824, DAKCFMEO_02441, DAKCFMEO_04572
N0.HOG0000363	OG0000176	n1	WP_011104221.1	DAKCFMEO_03823
N0.HOG0000364	OG0000176	n2	WP_005769685.1	DAKCFMEO_02710
N0.HOG0000365	OG0000177	n1	WP_005769699.1	DAKCFMEO_02703
N0.HOG0000366	OG0000177	n2	WP_046463309.1	DAKCFMEO_02702
N0.HOG0000367	OG0000178	n1	WP_011104862.1	DAKCFMEO_04474
N0.HOG0000368	OG0000178	n2	WP_005770308.1	DAKCFMEO_00830
N0.HOG0000369	OG0000179	n1	WP_011104863.1	DAKCFMEO_04473
N0.HOG0000370	OG0000179	n2	WP_005770310.1	DAKCFMEO_00831
N0.HOG0000371	OG0000180	n1	WP_005770312.1	DAKCFMEO_00832
N0.HOG0000372	OG0000180	n2	WP_044393615.1	DAKCFMEO_04472
N0.HOG0000373	OG0000181	n1	WP_005770699.1	DAKCFMEO_02688
N0.HOG0000374	OG0000181	n2	WP_162839055.1	DAKCFMEO_04414
N0.HOG0000375	OG0000182	n0	WP_005770701.1	DAKCFMEO_02687, DAKCFMEO_03828, DAKCFMEO_02097
N0.HOG0000376	OG0000183	n1	WP_007245868.1	DAKCFMEO_00958
N0.HOG0000377	OG0000183	n2	WP_005770794.1	DAKCFMEO_02431
N0.HOG0000378	OG0000184	n0	WP_005771032.1	DAKCFMEO_03337, DAKCFMEO_02450, DAKCFMEO_02051
N0.HOG0000379	OG0000185	n1	WP_007244213.1	DAKCFMEO_02657
N0.HOG0000380	OG0000185	n2	WP_005771340.1	DAKCFMEO_02659
N0.HOG0000381	OG0000186	n1	WP_005771397.1	DAKCFMEO_03451
N0.HOG0000382	OG0000186	n2	WP_007246576.1	DAKCFMEO_05252
N0.HOG0000383	OG0000187	n1	WP_011105467.1	DAKCFMEO_05250
N0.HOG0000384	OG0000187	n2	WP_005771402.1	DAKCFMEO_03447
N0.HOG0000385	OG0000188	n0	WP_005771485.1	DAKCFMEO_01338, DAKCFMEO_02878, DAKCFMEO_02411
N0.HOG0000386	OG0000189	n0	WP_161797801.1, WP_005888854.1, WP_011103339.1	DAKCFMEO_01789
N0.HOG0000387	OG0000190	n1	WP_007243725.1	DAKCFMEO_03222
N0.HOG0000388	OG0000190	n2	WP_007244715.1	DAKCFMEO_00727
N0.HOG0000389	OG0000191	n1	WP_007244046.1	DAKCFMEO_02743
N0.HOG0000390	OG0000191	n2	WP_011104599.1	DAKCFMEO_04662
N0.HOG0000391	OG0000192	n1	WP_011103244.1	DAKCFMEO_01733
N0.HOG0000392	OG0000192	n2	WP_007244130.1	DAKCFMEO_03452
N0.HOG0000393	OG0000193	n1	WP_007244335.1	DAKCFMEO_02583
N0.HOG0000394	OG0000193	n2	WP_011103933.1	DAKCFMEO_00729
N0.HOG0000395	OG0000194	n0	WP_007244877.1	DAKCFMEO_00852, DAKCFMEO_02208, DAKCFMEO_03008
N0.HOG0000396	OG0000195	n1	WP_007245058.1	DAKCFMEO_04069
N0.HOG0000397	OG0000195	n2	WP_046463536.1	DAKCFMEO_02435
N0.HOG0000398	OG0000196	n1	WP_007245293.1	DAKCFMEO_04809
N0.HOG0000399	OG0000196	n2	WP_007246230.1	DAKCFMEO_00376
N0.HOG0000400	OG0000197	n1	WP_011103412.1	DAKCFMEO_03453
N0.HOG0000401	OG0000197	n2	WP_007245496.1	DAKCFMEO_01732
N0.HOG0000402	OG0000198	n0	WP_007245546.1	DAKCFMEO_03706, DAKCFMEO_00078, DAKCFMEO_03869
N0.HOG0000403	OG0000199	n1	WP_046463482.1	DAKCFMEO_03931
N0.HOG0000404	OG0000199	n2	WP_007246084.1	DAKCFMEO_01427
N0.HOG0000405	OG0000200	n1	WP_007246194.1	DAKCFMEO_00293
N0.HOG0000406	OG0000200	n2	WP_011104951.1	DAKCFMEO_00282
N0.HOG0000407	OG0000201	n1	WP_007246667.1	DAKCFMEO_01344
N0.HOG0000408	OG0000201	n2	WP_011105194.1	DAKCFMEO_03605
N0.HOG0000409	OG0000202	n0	WP_011103472.1, WP_007246890.1, WP_011104003.1	DAKCFMEO_02753
N0.HOG0000410	OG0000203	n1	WP_011105482.1	DAKCFMEO_01629
N0.HOG0000411	OG0000203	n2	WP_007246952.1	DAKCFMEO_05287
N0.HOG0000412	OG0000204	n0	WP_007247035.1, WP_011104358.1, WP_046463772.1	DAKCFMEO_02090
N0.HOG0000413	OG0000205	n1	WP_011104056.1	DAKCFMEO_01330
N0.HOG0000414	OG0000205	n2	WP_007247117.1	DAKCFMEO_02014
N0.HOG0000415	OG0000206	n0	WP_159229456.1, WP_164923181.1, WP_007247571.1, WP_010213957.1	
N0.HOG0000416	OG0000207	n0	WP_007249562.1, WP_011104226.1, WP_080394021.1	DAKCFMEO_02425
N0.HOG0000417	OG0000208	n1	WP_010201125.1	DAKCFMEO_04082
N0.HOG0000418	OG0000208	n2	WP_046463740.1	DAKCFMEO_01075
N0.HOG0000419	OG0000209	n0	WP_010201131.1	DAKCFMEO_04081, DAKCFMEO_04446, DAKCFMEO_00784
N0.HOG0000420	OG0000210	n0	WP_010202134.1	DAKCFMEO_03690, DAKCFMEO_03837, DAKCFMEO_03836
N0.HOG0000421	OG0000211	n1	WP_010206379.1	DAKCFMEO_04606
N0.HOG0000422	OG0000211	n2	WP_046463494.1	DAKCFMEO_01060
N0.HOG0000423	OG0000212	n0	WP_010208255.1, WP_032645112.1	DAKCFMEO_04276, DAKCFMEO_05173
N0.HOG0000424	OG0000213	n1	WP_010208763.1	DAKCFMEO_02999
N0.HOG0000425	OG0000213	n2	WP_011103504.1	DAKCFMEO_02997
N0.HOG0000426	OG0000214	n0	WP_011103857.1, WP_057443138.1, WP_010209623.1	DAKCFMEO_02673
N0.HOG0000427	OG0000215	n0	WP_010211386.1	DAKCFMEO_01452, DAKCFMEO_00993, DAKCFMEO_03050
N0.HOG0000428	OG0000216	n0	WP_011103120.1, WP_011104021.1, WP_010213088.1, WP_011104469.1	
N0.HOG0000429	OG0000217	n1	WP_011103622.1	DAKCFMEO_00039
N0.HOG0000430	OG0000217	n2	WP_010218951.1	DAKCFMEO_02092
N0.HOG0000431	OG0000218	n0	WP_010220706.1, WP_011103557.1, WP_011107018.1	DAKCFMEO_00745
N0.HOG0000432	OG0000219	n0	WP_011105542.1, WP_046463610.1, WP_011102967.1	DAKCFMEO_01556
N0.HOG0000433	OG0000220	n1	WP_011103039.1	DAKCFMEO_01917
N0.HOG0000434	OG0000220	n2	WP_011103031.1	DAKCFMEO_03830
N0.HOG0000435	OG0000221	n1	WP_011103086.1	DAKCFMEO_02080
N0.HOG0000436	OG0000221	n2	WP_011103055.1	DAKCFMEO_05182
N0.HOG0000437	OG0000222	n0	WP_044390209.1, WP_011104387.1, WP_011103057.1	DAKCFMEO_04481
N0.HOG0000438	OG0000223	n1	WP_011103091.1	DAKCFMEO_05161
N0.HOG0000439	OG0000223	n2	WP_011104637.1	DAKCFMEO_04552
N0.HOG0000440	OG0000224	n1	WP_011103466.1	DAKCFMEO_00950
N0.HOG0000441	OG0000224	n2	WP_011103142.1	DAKCFMEO_02943
N0.HOG0000442	OG0000225	n1	WP_011103162.1	DAKCFMEO_02917
N0.HOG0000443	OG0000225	n2	WP_011103167.1	DAKCFMEO_02915
N0.HOG0000444	OG0000226	n1	WP_011104135.1	DAKCFMEO_01106
N0.HOG0000445	OG0000226	n2	WP_011103237.1	DAKCFMEO_03569
N0.HOG0000446	OG0000227	n0	WP_011104119.1, WP_011104933.1, WP_011103241.1	DAKCFMEO_03578
N0.HOG0000447	OG0000228	n1	WP_011103351.1	DAKCFMEO_00501
N0.HOG0000448	OG0000228	n2	WP_011103296.1	DAKCFMEO_00524
N0.HOG0000449	OG0000229	n1	WP_046463934.1	DAKCFMEO_02288
N0.HOG0000450	OG0000229	n2	WP_011103336.1	DAKCFMEO_01791
N0.HOG0000451	OG0000230	n1	WP_011103402.1	DAKCFMEO_01725
N0.HOG0000452	OG0000230	n2	WP_011104030.1	DAKCFMEO_01404
N0.HOG0000453	OG0000231	n0	WP_011103411.1	DAKCFMEO_01731, DAKCFMEO_03460, DAKCFMEO_03454
N0.HOG0000454	OG0000232	n0	WP_011104730.1, WP_011103519.1, WP_011105177.1	DAKCFMEO_04286
N0.HOG0000455	OG0000233	n1	WP_011104918.1	DAKCFMEO_00247
N0.HOG0000456	OG0000233	n2	WP_011103526.1	DAKCFMEO_01764
N0.HOG0000457	OG0000234	n1	WP_011103804.1	DAKCFMEO_02581
N0.HOG0000458	OG0000234	n2	WP_011103647.1	DAKCFMEO_00018
N0.HOG0000459	OG0000235	n1	WP_011103648.1	DAKCFMEO_04410
N0.HOG0000460	OG0000235	n2	WP_046463927.1	DAKCFMEO_04409
N0.HOG0000461	OG0000236	n0	WP_011103754.1	DAKCFMEO_02462, DAKCFMEO_00061, DAKCFMEO_02948
N0.HOG0000462	OG0000237	n0	WP_011104790.1, WP_011103843.1, WP_011104522.1	DAKCFMEO_02815
N0.HOG0000463	OG0000238	n1	WP_011103898.1	DAKCFMEO_00672
N0.HOG0000464	OG0000238	n2	WP_046463456.1	DAKCFMEO_02578
N0.HOG0000465	OG0000239	n0	WP_011105485.1, WP_011103919.1, WP_011104077.1	DAKCFMEO_01632
N0.HOG0000466	OG0000240	n1	WP_011103969.1	DAKCFMEO_00801
N0.HOG0000467	OG0000240	n2	WP_011103981.1	DAKCFMEO_03846
N0.HOG0000468	OG0000241	n1	WP_011105359.1	DAKCFMEO_05146
N0.HOG0000469	OG0000241	n2	WP_011104032.1	DAKCFMEO_01373
N0.HOG0000470	OG0000242	n1	WP_011104073.1	DAKCFMEO_01157
N0.HOG0000471	OG0000242	n2	WP_011105491.1	DAKCFMEO_01636
N0.HOG0000472	OG0000243	n0	WP_044391024.1, WP_011107020.1, WP_011104266.1	DAKCFMEO_03926
N0.HOG0000473	OG0000244	n1	WP_011105506.1	DAKCFMEO_05301
N0.HOG0000474	OG0000244	n2	WP_011104281.1	DAKCFMEO_04071
N0.HOG0000475	OG0000245	n1	WP_011105352.1	DAKCFMEO_05135
N0.HOG0000476	OG0000245	n2	WP_011104315.1	DAKCFMEO_03994
N0.HOG0000477	OG0000246	n1	WP_011104486.1	DAKCFMEO_01437
N0.HOG0000478	OG0000246	n2	WP_011105357.1	DAKCFMEO_05142
N0.HOG0000479	OG0000247	n1	WP_011104902.1	DAKCFMEO_00189
N0.HOG0000480	OG0000247	n2	WP_011104900.1	DAKCFMEO_00187
N0.HOG0000481	OG0000248	n0	WP_011104971.1	DAKCFMEO_00320, DAKCFMEO_04040, DAKCFMEO_00319
N0.HOG0000482	OG0000249	n0	WP_011104979.1	DAKCFMEO_03858, DAKCFMEO_03859, DAKCFMEO_00341
N0.HOG0000483	OG0000250	n1	WP_046464042.1	DAKCFMEO_02650
N0.HOG0000484	OG0000250	n2	WP_011105223.1	DAKCFMEO_04843
N0.HOG0000485	OG0000251	n1	WP_011105478.1	DAKCFMEO_04452
N0.HOG0000486	OG0000251	n2	WP_046463440.1	DAKCFMEO_00743
N0.HOG0000487	OG0000252	n0	WP_011105562.1	DAKCFMEO_01224, DAKCFMEO_03073, DAKCFMEO_05297
N0.HOG0000488	OG0000253	n1	WP_081026912.1	DAKCFMEO_00753
N0.HOG0000489	OG0000253	n2	WP_046463398.1	DAKCFMEO_03256
N0.HOG0000490	OG0000254	n0	WP_046463416.1	DAKCFMEO_00198, DAKCFMEO_04308, DAKCFMEO_03818
N0.HOG0000491	OG0000255	n0	WP_086005074.1, WP_122722792.1, WP_149032136.1	DAKCFMEO_04044
N0.HOG0000492	OG0000256	n0		DAKCFMEO_00544, DAKCFMEO_04736, DAKCFMEO_02220, DAKCFMEO_01778
N0.HOG0000493	OG0000257	n0		DAKCFMEO_00977, DAKCFMEO_02071, DAKCFMEO_03371, DAKCFMEO_05236
N0.HOG0000494	OG0000258	-	WP_002552853.1	DAKCFMEO_02621, DAKCFMEO_02446
N0.HOG0000495	OG0000259	-	WP_002554489.1	DAKCFMEO_01049, DAKCFMEO_04303
N0.HOG0000496	OG0000260	-	WP_002554843.1	DAKCFMEO_00754, DAKCFMEO_00151
N0.HOG0000497	OG0000261	-	WP_011104890.1, WP_002554971.1	DAKCFMEO_00305
N0.HOG0000498	OG0000262	-	WP_005764289.1, WP_002555370.1	DAKCFMEO_03635
N0.HOG0000499	OG0000263	-	WP_002556012.1, WP_011103604.1	DAKCFMEO_02674
N0.HOG0000500	OG0000264	-	WP_003382726.1, WP_002556051.1	DAKCFMEO_04192
N0.HOG0000501	OG0000265	-	WP_003314356.1	DAKCFMEO_01752, DAKCFMEO_03136
N0.HOG0000502	OG0000266	-	WP_003317528.1	DAKCFMEO_03086, DAKCFMEO_01593
N0.HOG0000503	OG0000267	-	WP_003318100.1	DAKCFMEO_03783, DAKCFMEO_01994
N0.HOG0000504	OG0000268	-	WP_003319037.1, WP_011104860.1	DAKCFMEO_00074
N0.HOG0000505	OG0000269	-	WP_003344338.1, WP_003319387.1	DAKCFMEO_02874
N0.HOG0000506	OG0000270	-	WP_003345152.1, WP_011104992.1	DAKCFMEO_00378
N0.HOG0000507	OG0000271	-	WP_003373363.1, WP_005767301.1	DAKCFMEO_02144
N0.HOG0000508	OG0000272	-	WP_003375709.1	DAKCFMEO_01469, DAKCFMEO_01085
N0.HOG0000509	OG0000273	-	WP_003375712.1	DAKCFMEO_01086, DAKCFMEO_01470
N0.HOG0000510	OG0000274	-	WP_003375716.1	DAKCFMEO_01088, DAKCFMEO_01472
N0.HOG0000511	OG0000275	-	WP_003375846.1	DAKCFMEO_03011, DAKCFMEO_02201
N0.HOG0000512	OG0000276	-	WP_003375849.1	DAKCFMEO_00850, DAKCFMEO_03010
N0.HOG0000513	OG0000277	-	WP_007245604.1, WP_003375897.1	DAKCFMEO_02984
N0.HOG0000514	OG0000278	-	WP_007249559.1, WP_003376950.1	DAKCFMEO_00893
N0.HOG0000515	OG0000279	-	WP_003377112.1	DAKCFMEO_04925, DAKCFMEO_04581
N0.HOG0000516	OG0000280	-	WP_003377885.1, WP_046463942.1	DAKCFMEO_01255
N0.HOG0000517	OG0000281	-	WP_003378111.1	DAKCFMEO_04063, DAKCFMEO_04646
N0.HOG0000518	OG0000282	-	WP_003378884.1	DAKCFMEO_05075, DAKCFMEO_03547
N0.HOG0000519	OG0000283	-	WP_003379146.1, WP_011104928.1	DAKCFMEO_03563
N0.HOG0000520	OG0000284	-	WP_005762795.1, WP_003379656.1	DAKCFMEO_01792
N0.HOG0000521	OG0000285	-	WP_003379921.1, WP_005769283.1	DAKCFMEO_02958
N0.HOG0000522	OG0000286	-	WP_005764515.1, WP_003380009.1	DAKCFMEO_02091
N0.HOG0000523	OG0000287	-	WP_003380444.1	DAKCFMEO_04087, DAKCFMEO_02791
N0.HOG0000524	OG0000288	-	WP_003380449.1, WP_011105154.1	DAKCFMEO_04083
N0.HOG0000525	OG0000289	-	WP_005763805.1, WP_003380768.1	DAKCFMEO_02907
N0.HOG0000526	OG0000290	-	WP_003380853.1	DAKCFMEO_04703, DAKCFMEO_03814
N0.HOG0000527	OG0000291	-	WP_003381368.1, WP_011104330.1	DAKCFMEO_05130
N0.HOG0000528	OG0000292	-	WP_011103415.1, WP_003381514.1	DAKCFMEO_00129
N0.HOG0000529	OG0000293	-	WP_003382082.1	DAKCFMEO_03549, DAKCFMEO_05177
N0.HOG0000530	OG0000294	-	WP_003382419.1, WP_080946640.1	DAKCFMEO_00798
N0.HOG0000531	OG0000295	-	WP_003382736.1	DAKCFMEO_04182, DAKCFMEO_00260
N0.HOG0000532	OG0000296	-	WP_003382778.1	DAKCFMEO_01111, DAKCFMEO_00884
N0.HOG0000533	OG0000297	-	WP_007246155.1, WP_003382858.1	DAKCFMEO_01168
N0.HOG0000534	OG0000298	-	WP_003383089.1	DAKCFMEO_02655, DAKCFMEO_03882
N0.HOG0000535	OG0000299	-	WP_054082654.1, WP_164923171.1, WP_003408269.1	
N0.HOG0000536	OG0000300	-	WP_003413692.1, WP_011105093.1	DAKCFMEO_03319
N0.HOG0000537	OG0000301	-	WP_003425054.1, WP_003425060.1	DAKCFMEO_03080
N0.HOG0000538	OG0000302	-	WP_057443118.1, WP_003425065.1	DAKCFMEO_03087
N0.HOG0000539	OG0000303	-	WP_004407132.1	DAKCFMEO_02816, DAKCFMEO_02817
N0.HOG0000540	OG0000304	-	WP_004655323.1	DAKCFMEO_01862, DAKCFMEO_04785
N0.HOG0000541	OG0000305	-	WP_005613644.1, WP_005771683.1	DAKCFMEO_03271
N0.HOG0000542	OG0000306	-	WP_005616037.1, WP_011105129.1	DAKCFMEO_03159
N0.HOG0000543	OG0000307	-	WP_005768541.1, WP_005616363.1	DAKCFMEO_02260
N0.HOG0000544	OG0000308	-	WP_005617359.1, WP_046463764.1	DAKCFMEO_00717
N0.HOG0000545	OG0000309	-	WP_005617711.1, WP_011104380.1	DAKCFMEO_01382
N0.HOG0000546	OG0000310	-	WP_005618920.1	DAKCFMEO_01450, DAKCFMEO_00988
N0.HOG0000547	OG0000311	-	WP_005620205.1	DAKCFMEO_00297, DAKCFMEO_00869
N0.HOG0000548	OG0000312	-	WP_005620808.1	DAKCFMEO_04405, DAKCFMEO_04870
N0.HOG0000549	OG0000313	-	WP_005621066.1	DAKCFMEO_05016, DAKCFMEO_04015
N0.HOG0000550	OG0000314	-	WP_005736419.1	DAKCFMEO_02982, DAKCFMEO_00197
N0.HOG0000551	OG0000315	-	WP_005736952.1	DAKCFMEO_04406, DAKCFMEO_05008
N0.HOG0000552	OG0000316	-	WP_005739893.1, WP_011103139.1	DAKCFMEO_01907
N0.HOG0000553	OG0000317	-	WP_005740056.1, WP_005770656.1	DAKCFMEO_04331
N0.HOG0000554	OG0000318	-	WP_005740602.1	DAKCFMEO_04056, DAKCFMEO_04508
N0.HOG0000555	OG0000319	-	WP_024667893.1, WP_005762392.1	DAKCFMEO_04386
N0.HOG0000556	OG0000320	-	WP_011103034.1, WP_005762416.1	DAKCFMEO_03800
N0.HOG0000557	OG0000321	-	WP_005762525.1	DAKCFMEO_00362, DAKCFMEO_03735
N0.HOG0000558	OG0000322	-	WP_005762628.1	DAKCFMEO_04587, DAKCFMEO_01159
N0.HOG0000559	OG0000323	-	WP_005762682.1, WP_005888835.1	DAKCFMEO_01107
N0.HOG0000560	OG0000324	-	WP_032710594.1, WP_005762770.1	DAKCFMEO_02336
N0.HOG0000561	OG0000325	-	WP_005762863.1	DAKCFMEO_00185, DAKCFMEO_00880
N0.HOG0000562	OG0000326	-	WP_005762877.1	DAKCFMEO_01380, DAKCFMEO_02449
N0.HOG0000563	OG0000327	-	WP_007244579.1, WP_005762963.1	DAKCFMEO_04950
N0.HOG0000564	OG0000328	-	WP_005762981.1	DAKCFMEO_04929, DAKCFMEO_04218
N0.HOG0000565	OG0000329	-	WP_005763051.1	DAKCFMEO_04404, DAKCFMEO_04869
N0.HOG0000566	OG0000330	-	WP_005763057.1, WP_011104271.1	DAKCFMEO_04862
N0.HOG0000567	OG0000331	-	WP_005763092.1, WP_005763320.1	DAKCFMEO_04844
N0.HOG0000568	OG0000332	-	WP_005763096.1	DAKCFMEO_00825, DAKCFMEO_04841
N0.HOG0000569	OG0000333	-	WP_005763186.1	DAKCFMEO_03644, DAKCFMEO_01073
N0.HOG0000570	OG0000334	-	WP_011103312.1, WP_005763248.1	DAKCFMEO_03614
N0.HOG0000571	OG0000335	-	WP_005763415.1	DAKCFMEO_00750, DAKCFMEO_05165
N0.HOG0000572	OG0000336	-	WP_005766614.1, WP_005763472.1	DAKCFMEO_01814
N0.HOG0000573	OG0000337	-	WP_005763515.1	DAKCFMEO_00877, DAKCFMEO_05114
N0.HOG0000574	OG0000338	-	WP_005763583.1	DAKCFMEO_03024, DAKCFMEO_02177
N0.HOG0000575	OG0000339	-	WP_005763597.1	DAKCFMEO_03831, DAKCFMEO_04977
N0.HOG0000576	OG0000340	-	WP_005763620.1	DAKCFMEO_02417, DAKCFMEO_05039
N0.HOG0000577	OG0000341	-	WP_005763632.1	DAKCFMEO_05035, DAKCFMEO_05033
N0.HOG0000578	OG0000342	-	WP_005763703.1	DAKCFMEO_02939, DAKCFMEO_01775
N0.HOG0000579	OG0000343	-	WP_005763855.1	DAKCFMEO_01464, DAKCFMEO_01069
N0.HOG0000580	OG0000344	-	WP_005763879.1	DAKCFMEO_01471, DAKCFMEO_01087
N0.HOG0000581	OG0000345	-	WP_005763897.1	DAKCFMEO_01079, DAKCFMEO_01485
N0.HOG0000582	OG0000346	-	WP_007245218.1, WP_005763910.1	DAKCFMEO_04361
N0.HOG0000583	OG0000347	-	WP_005764024.1	DAKCFMEO_00853, DAKCFMEO_03007
N0.HOG0000584	OG0000348	-	WP_005764030.1	DAKCFMEO_04058, DAKCFMEO_03002
N0.HOG0000585	OG0000349	-	WP_005764059.1	DAKCFMEO_02969, DAKCFMEO_00938
N0.HOG0000586	OG0000350	-	WP_005764112.1	DAKCFMEO_04643, DAKCFMEO_02719
N0.HOG0000587	OG0000351	-	WP_005770932.1, WP_005764153.1	DAKCFMEO_02740
N0.HOG0000588	OG0000352	-	WP_005764194.1	DAKCFMEO_02760, DAKCFMEO_03826
N0.HOG0000589	OG0000353	-	WP_005764200.1	DAKCFMEO_02762, DAKCFMEO_03852
N0.HOG0000590	OG0000354	-	WP_005764297.1, WP_005764268.1	DAKCFMEO_03937
N0.HOG0000591	OG0000355	-	WP_005764295.1, WP_011105456.1	DAKCFMEO_04434
N0.HOG0000592	OG0000356	-	WP_005764299.1, WP_011105539.1	DAKCFMEO_01562
N0.HOG0000593	OG0000357	-	WP_005764420.1	DAKCFMEO_03901, DAKCFMEO_04060
N0.HOG0000594	OG0000358	-	WP_011103607.1, WP_005764422.1	DAKCFMEO_03900
N0.HOG0000595	OG0000359	-	WP_005764534.1, WP_011104230.1	DAKCFMEO_03961
N0.HOG0000596	OG0000360	-	WP_005764536.1	DAKCFMEO_03962, DAKCFMEO_02361
N0.HOG0000597	OG0000361	-	WP_005764784.1	DAKCFMEO_00202, DAKCFMEO_04033
N0.HOG0000598	OG0000362	-	WP_005764810.1	DAKCFMEO_00181, DAKCFMEO_04066
N0.HOG0000599	OG0000363	-	WP_005764880.1	DAKCFMEO_04057, DAKCFMEO_00137
N0.HOG0000600	OG0000364	-	WP_046463526.1, WP_005764919.1	DAKCFMEO_00108
N0.HOG0000601	OG0000365	-	WP_005764971.1, WP_011103736.1	DAKCFMEO_00079
N0.HOG0000602	OG0000366	-	WP_005765040.1	DAKCFMEO_04582, DAKCFMEO_04685
N0.HOG0000603	OG0000367	-	WP_005765123.1	DAKCFMEO_04644, DAKCFMEO_02102
N0.HOG0000604	OG0000368	-	WP_011105322.1, WP_005765159.1	DAKCFMEO_04625
N0.HOG0000605	OG0000369	-	WP_005765163.1	DAKCFMEO_04617, DAKCFMEO_00269
N0.HOG0000606	OG0000370	-	WP_005765169.1	DAKCFMEO_04065, DAKCFMEO_04614
N0.HOG0000607	OG0000371	-	WP_044389891.1, WP_005765172.1	DAKCFMEO_04613
N0.HOG0000608	OG0000372	-	WP_010205279.1, WP_005765174.1	DAKCFMEO_04610
N0.HOG0000609	OG0000373	-	WP_005765215.1, WP_005770249.1	DAKCFMEO_04570
N0.HOG0000610	OG0000374	-	WP_005765251.1, WP_161797809.1	DAKCFMEO_04548
N0.HOG0000611	OG0000375	-	WP_005768204.1, WP_005765436.1	DAKCFMEO_01293
N0.HOG0000612	OG0000376	-	WP_005765639.1, WP_011103329.1	DAKCFMEO_00803
N0.HOG0000613	OG0000377	-	WP_005765656.1, WP_011104927.1	DAKCFMEO_00785
N0.HOG0000614	OG0000378	-	WP_005765721.1	DAKCFMEO_00730, DAKCFMEO_02439
N0.HOG0000615	OG0000379	-	WP_005765726.1	DAKCFMEO_00725, DAKCFMEO_03046
N0.HOG0000616	OG0000380	-	WP_011104103.1, WP_005765730.1	DAKCFMEO_00722
N0.HOG0000617	OG0000381	-	WP_005765876.1	DAKCFMEO_03053, DAKCFMEO_03260
N0.HOG0000618	OG0000382	-	WP_005766003.1, WP_011105084.1	DAKCFMEO_03179
N0.HOG0000619	OG0000383	-	WP_005766014.1	DAKCFMEO_03171, DAKCFMEO_00917
N0.HOG0000620	OG0000384	-	WP_005766018.1	DAKCFMEO_03165, DAKCFMEO_01230
N0.HOG0000621	OG0000385	-	WP_005766202.1, WP_046463388.1	DAKCFMEO_04091
N0.HOG0000622	OG0000386	-	WP_005766318.1, WP_007247551.1	DAKCFMEO_00957
N0.HOG0000623	OG0000387	-	WP_005766467.1	DAKCFMEO_01389, DAKCFMEO_00470
N0.HOG0000624	OG0000388	-	WP_005766548.1	DAKCFMEO_01924, DAKCFMEO_00412
N0.HOG0000625	OG0000389	-	WP_005766631.1	DAKCFMEO_02241, DAKCFMEO_01801
N0.HOG0000626	OG0000390	-	WP_005766893.1	DAKCFMEO_04311, DAKCFMEO_02600
N0.HOG0000627	OG0000391	-	WP_005766903.1	DAKCFMEO_02593, DAKCFMEO_01055
N0.HOG0000628	OG0000392	-	WP_005766948.1, WP_005769733.1	DAKCFMEO_02568
N0.HOG0000629	OG0000393	-	WP_005766956.1	DAKCFMEO_02561, DAKCFMEO_02560
N0.HOG0000630	OG0000394	-	WP_005767033.1, WP_011103777.1	DAKCFMEO_02506
N0.HOG0000631	OG0000395	-	WP_011105587.1, WP_005767052.1	DAKCFMEO_05175
N0.HOG0000632	OG0000396	-	WP_005767090.1, WP_011103995.1	DAKCFMEO_05189
N0.HOG0000633	OG0000397	-	WP_005767207.1, WP_011104529.1	DAKCFMEO_02818
N0.HOG0000634	OG0000398	-	WP_005767347.1	DAKCFMEO_01451, DAKCFMEO_00994
N0.HOG0000635	OG0000399	-	WP_005767365.1	DAKCFMEO_01492, DAKCFMEO_04216
N0.HOG0000636	OG0000400	-	WP_011103852.1, WP_005767375.1	DAKCFMEO_02652
N0.HOG0000637	OG0000401	-	WP_005767735.1	DAKCFMEO_04507, DAKCFMEO_04055
N0.HOG0000638	OG0000402	-	WP_005767814.1, WP_011103921.1	DAKCFMEO_02445
N0.HOG0000639	OG0000403	-	WP_005767816.1	DAKCFMEO_02447, DAKCFMEO_03915
N0.HOG0000640	OG0000404	-	WP_005767827.1	DAKCFMEO_03047, DAKCFMEO_02454
N0.HOG0000641	OG0000405	-	WP_005768139.1	DAKCFMEO_02225, DAKCFMEO_01903
N0.HOG0000642	OG0000406	-	WP_005768186.1	DAKCFMEO_02895, DAKCFMEO_01302
N0.HOG0000643	OG0000407	-	WP_011105005.1, WP_005768269.1	DAKCFMEO_00424
N0.HOG0000644	OG0000408	-	WP_046464040.1, WP_005768387.1	DAKCFMEO_01604
N0.HOG0000645	OG0000409	-	WP_005768414.1	DAKCFMEO_01961, DAKCFMEO_01962
N0.HOG0000646	OG0000410	-	WP_005768464.1	DAKCFMEO_05126, DAKCFMEO_01777
N0.HOG0000647	OG0000411	-	WP_005768488.1	DAKCFMEO_00757, DAKCFMEO_01996
N0.HOG0000648	OG0000412	-	WP_005768549.1, WP_007243709.1	DAKCFMEO_01694
N0.HOG0000649	OG0000413	-	WP_005768639.1	DAKCFMEO_02767, DAKCFMEO_05293
N0.HOG0000650	OG0000414	-	WP_005768689.1	DAKCFMEO_00292, DAKCFMEO_00967
N0.HOG0000651	OG0000415	-	WP_005768741.1	DAKCFMEO_01340, DAKCFMEO_02784
N0.HOG0000652	OG0000416	-	WP_005768794.1	DAKCFMEO_03396, DAKCFMEO_05266
N0.HOG0000653	OG0000417	-	WP_005768808.1	DAKCFMEO_01090, DAKCFMEO_03410
N0.HOG0000654	OG0000418	-	WP_005768834.1	DAKCFMEO_03424, DAKCFMEO_02783
N0.HOG0000655	OG0000419	-	WP_005768966.1	DAKCFMEO_03545, DAKCFMEO_04074
N0.HOG0000656	OG0000420	-	WP_005769036.1	DAKCFMEO_00131, DAKCFMEO_03579
N0.HOG0000657	OG0000421	-	WP_005769085.1	DAKCFMEO_04284, DAKCFMEO_03089
N0.HOG0000658	OG0000422	-	WP_005769228.1, WP_046463420.1	DAKCFMEO_00601
N0.HOG0000659	OG0000423	-	WP_005769524.1, WP_011104231.1	DAKCFMEO_01867
N0.HOG0000660	OG0000424	-	WP_011103297.1, WP_005769533.1	DAKCFMEO_01863
N0.HOG0000661	OG0000425	-	WP_005769571.1	DAKCFMEO_02082, DAKCFMEO_01836
N0.HOG0000662	OG0000426	-	WP_005769641.1	DAKCFMEO_01138, DAKCFMEO_00637
N0.HOG0000663	OG0000427	-	WP_011104151.1, WP_005769959.1	DAKCFMEO_01169
N0.HOG0000664	OG0000428	-	WP_005770049.1	DAKCFMEO_03381, DAKCFMEO_03699
N0.HOG0000665	OG0000429	-	WP_005770064.1	DAKCFMEO_03688, DAKCFMEO_03838
N0.HOG0000666	OG0000430	-	WP_046463939.1, WP_005770073.1	DAKCFMEO_03682
N0.HOG0000667	OG0000431	-	WP_005770075.1	DAKCFMEO_04451, DAKCFMEO_03681
N0.HOG0000668	OG0000432	-	WP_005783154.1, WP_007243769.1, WP_005770157.1	
N0.HOG0000669	OG0000433	-	WP_005770179.1, WP_011105580.1	DAKCFMEO_03076
N0.HOG0000670	OG0000434	-	WP_005770270.1	DAKCFMEO_03817, DAKCFMEO_03843
N0.HOG0000671	OG0000435	-	WP_005770289.1	DAKCFMEO_04061, DAKCFMEO_00256
N0.HOG0000672	OG0000436	-	WP_005770637.1	DAKCFMEO_02219, DAKCFMEO_04241
N0.HOG0000673	OG0000437	-	WP_005770825.1	DAKCFMEO_00922, DAKCFMEO_01624
N0.HOG0000674	OG0000438	-	WP_011103586.1, WP_005770918.1	DAKCFMEO_03209
N0.HOG0000675	OG0000439	-	WP_011103480.1, WP_005770934.1	DAKCFMEO_02741
N0.HOG0000676	OG0000440	-	WP_005770956.1	DAKCFMEO_00912, DAKCFMEO_01738
N0.HOG0000677	OG0000441	-	WP_011104275.1, WP_005771011.1	DAKCFMEO_03355
N0.HOG0000678	OG0000442	-	WP_005771069.1	DAKCFMEO_02007, DAKCFMEO_04068
N0.HOG0000679	OG0000443	-	WP_005771391.1	DAKCFMEO_03457, DAKCFMEO_02894
N0.HOG0000680	OG0000444	-	WP_005771461.1, WP_011103923.1	DAKCFMEO_00708
N0.HOG0000681	OG0000445	-	WP_057443140.1, WP_007243772.1, WP_007243770.1	
N0.HOG0000682	OG0000446	-	WP_007243883.1	DAKCFMEO_02781, DAKCFMEO_03907
N0.HOG0000683	OG0000447	-	WP_007244060.1	DAKCFMEO_02754, DAKCFMEO_04784
N0.HOG0000684	OG0000448	-	WP_007244314.1	DAKCFMEO_02620, DAKCFMEO_00449
N0.HOG0000685	OG0000449	-	WP_007244356.1, WP_011103659.1	DAKCFMEO_02559
N0.HOG0000686	OG0000450	-	WP_011103465.1, WP_007244528.1	DAKCFMEO_02942
N0.HOG0000687	OG0000451	-	WP_007244552.1, WP_011104360.1	DAKCFMEO_02176
N0.HOG0000688	OG0000452	-	WP_007244820.1	DAKCFMEO_01072, DAKCFMEO_01463
N0.HOG0000689	OG0000453	-	WP_007244871.1, WP_011104978.1	DAKCFMEO_00340
N0.HOG0000690	OG0000454	-	WP_007244951.1	DAKCFMEO_02891, DAKCFMEO_01244
N0.HOG0000691	OG0000455	-	WP_007245011.1, WP_032710417.1	DAKCFMEO_01591
N0.HOG0000692	OG0000456	-	WP_007245081.1	DAKCFMEO_01671, DAKCFMEO_04506
N0.HOG0000693	OG0000457	-	WP_007245396.1	DAKCFMEO_01063, DAKCFMEO_03223
N0.HOG0000694	OG0000458	-	WP_007245492.1	DAKCFMEO_03793, DAKCFMEO_03576
N0.HOG0000695	OG0000459	-	WP_007245539.1	DAKCFMEO_03691, DAKCFMEO_03835
N0.HOG0000696	OG0000460	-	WP_007245542.1	DAKCFMEO_03382, DAKCFMEO_03700
N0.HOG0000697	OG0000461	-	WP_007245619.1, WP_011105400.1	DAKCFMEO_02088
N0.HOG0000698	OG0000462	-	WP_007245738.1, WP_011103613.1	DAKCFMEO_04393
N0.HOG0000699	OG0000463	-	WP_007245786.1, WP_044390721.1	DAKCFMEO_03137
N0.HOG0000700	OG0000464	-	WP_007245803.1, WP_024666158.1	DAKCFMEO_04145
N0.HOG0000701	OG0000465	-	WP_165442256.1, WP_007245922.1	DAKCFMEO_00932
N0.HOG0000702	OG0000466	-	WP_007245994.1	DAKCFMEO_01093, DAKCFMEO_03864
N0.HOG0000703	OG0000467	-	WP_007245995.1	DAKCFMEO_03865, DAKCFMEO_01094
N0.HOG0000704	OG0000468	-	WP_007246058.1	DAKCFMEO_03888, DAKCFMEO_01446
N0.HOG0000705	OG0000469	-	WP_007246092.1	DAKCFMEO_03876, DAKCFMEO_01648
N0.HOG0000706	OG0000470	-	WP_011103558.1, WP_007246323.1	DAKCFMEO_02707
N0.HOG0000707	OG0000471	-	WP_007246342.1	DAKCFMEO_00951, DAKCFMEO_02684
N0.HOG0000708	OG0000472	-	WP_007246356.1	DAKCFMEO_03927, DAKCFMEO_00806
N0.HOG0000709	OG0000473	-	WP_007246357.1	DAKCFMEO_00804, DAKCFMEO_04054
N0.HOG0000710	OG0000474	-	WP_007246688.1	DAKCFMEO_03878, DAKCFMEO_01371
N0.HOG0000711	OG0000475	-	WP_007246697.1	DAKCFMEO_03942, DAKCFMEO_00918
N0.HOG0000712	OG0000476	-	WP_007246986.1	DAKCFMEO_03023, DAKCFMEO_04735
N0.HOG0000713	OG0000477	-	WP_007247160.1	DAKCFMEO_00154, DAKCFMEO_02061
N0.HOG0000714	OG0000478	-	WP_161797763.1, WP_007249558.1	DAKCFMEO_00894
N0.HOG0000715	OG0000479	-	WP_010205787.1	DAKCFMEO_02759, DAKCFMEO_03825
N0.HOG0000716	OG0000480	-	WP_010208319.1, WP_161633100.1	DAKCFMEO_01866
N0.HOG0000717	OG0000481	-	WP_010213774.1, WP_011105481.1	DAKCFMEO_01628
N0.HOG0000718	OG0000482	-	WP_046463612.1, WP_011102950.1	DAKCFMEO_01276
N0.HOG0000719	OG0000483	-	WP_046463616.1, WP_011102956.1	DAKCFMEO_01283
N0.HOG0000720	OG0000484	-	WP_011105171.1, WP_011102981.1	DAKCFMEO_01835
N0.HOG0000721	OG0000485	-	WP_011104361.1, WP_011102988.1	DAKCFMEO_01855
N0.HOG0000722	OG0000486	-	WP_011102994.1	DAKCFMEO_01269, DAKCFMEO_01875
N0.HOG0000723	OG0000487	-	WP_011102995.1, WP_052746244.1	DAKCFMEO_01877
N0.HOG0000724	OG0000488	-	WP_011105123.1, WP_011103021.1	DAKCFMEO_01307
N0.HOG0000725	OG0000489	-	WP_011104299.1, WP_011103033.1	DAKCFMEO_03968
N0.HOG0000726	OG0000490	-	WP_011103046.1, WP_046463731.1	DAKCFMEO_02006
N0.HOG0000727	OG0000491	-	WP_011103051.1	DAKCFMEO_03890, DAKCFMEO_02015
N0.HOG0000728	OG0000492	-	WP_011103996.1, WP_011103108.1	DAKCFMEO_05122
N0.HOG0000729	OG0000493	-	WP_011103110.1	DAKCFMEO_05120, DAKCFMEO_04722
N0.HOG0000730	OG0000494	-	WP_011103124.1	DAKCFMEO_00965, DAKCFMEO_02151
N0.HOG0000731	OG0000495	-	WP_011103148.1	DAKCFMEO_02940, DAKCFMEO_01776
N0.HOG0000732	OG0000496	-	WP_011103156.1, WP_011104714.1	DAKCFMEO_01150
N0.HOG0000733	OG0000497	-	WP_011103385.1, WP_011107002.1, WP_011103210.1	
N0.HOG0000734	OG0000498	-	WP_011107043.1, WP_011103211.1, WP_046463725.1	
N0.HOG0000735	OG0000499	-	WP_011103229.1	DAKCFMEO_03546, DAKCFMEO_03886
N0.HOG0000736	OG0000500	-	WP_052746256.1, WP_011103230.1	DAKCFMEO_02041
N0.HOG0000737	OG0000501	-	WP_011103268.1	DAKCFMEO_03686, DAKCFMEO_03873
N0.HOG0000738	OG0000502	-	WP_011103281.1	DAKCFMEO_05123, DAKCFMEO_00598
N0.HOG0000739	OG0000503	-	WP_011103381.1, WP_011105557.1	DAKCFMEO_01217
N0.HOG0000740	OG0000504	-	WP_011103397.1	DAKCFMEO_01740, DAKCFMEO_00911
N0.HOG0000741	OG0000505	-	WP_011103398.1	DAKCFMEO_04048, DAKCFMEO_01737
N0.HOG0000742	OG0000506	-	WP_011103413.1	DAKCFMEO_05251, DAKCFMEO_03449
N0.HOG0000743	OG0000507	-	WP_011103418.1, WP_161797786.1	DAKCFMEO_02064
N0.HOG0000744	OG0000508	-	WP_011107015.1, WP_011103425.1, WP_011106973.1	
N0.HOG0000745	OG0000509	-	WP_011103434.1	DAKCFMEO_03430, DAKCFMEO_01202
N0.HOG0000746	OG0000510	-	WP_011103474.1, WP_011103476.1	DAKCFMEO_02748
N0.HOG0000747	OG0000511	-	WP_011104973.1, WP_011104970.1, WP_011103479.1	
N0.HOG0000748	OG0000512	-	WP_011103535.1	DAKCFMEO_01468, DAKCFMEO_01084
N0.HOG0000749	OG0000513	-	WP_011103539.1	DAKCFMEO_04418, DAKCFMEO_04376
N0.HOG0000750	OG0000514	-	WP_011103548.1, WP_011104109.1	DAKCFMEO_03351
N0.HOG0000751	OG0000515	-	WP_044393500.1, WP_011103608.1	DAKCFMEO_00067
N0.HOG0000752	OG0000516	-	WP_011103700.1	DAKCFMEO_02332, DAKCFMEO_03025
N0.HOG0000753	OG0000517	-	WP_011103704.1, WP_046463414.1	DAKCFMEO_00161
N0.HOG0000754	OG0000518	-	WP_011103755.1	DAKCFMEO_02463, DAKCFMEO_00060
N0.HOG0000755	OG0000519	-	WP_011104130.1, WP_011103760.1	DAKCFMEO_02472
N0.HOG0000756	OG0000520	-	WP_011103763.1	DAKCFMEO_03311, DAKCFMEO_02480
N0.HOG0000757	OG0000521	-	WP_011103803.1	DAKCFMEO_02580, DAKCFMEO_02577
N0.HOG0000758	OG0000522	-	WP_011103825.1, WP_011104883.1	DAKCFMEO_00124
N0.HOG0000759	OG0000523	-	WP_046463977.1, WP_011104789.1, WP_011103844.1	
N0.HOG0000760	OG0000524	-	WP_011103899.1	DAKCFMEO_02998, DAKCFMEO_00675
N0.HOG0000761	OG0000525	-	WP_011103905.1	DAKCFMEO_00680, DAKCFMEO_00681
N0.HOG0000762	OG0000526	-	WP_011104759.1, WP_011103908.1	DAKCFMEO_00685
N0.HOG0000763	OG0000527	-	WP_011103928.1	DAKCFMEO_00716, DAKCFMEO_04619
N0.HOG0000764	OG0000528	-	WP_011103983.1	DAKCFMEO_03849, DAKCFMEO_03310
N0.HOG0000765	OG0000529	-	WP_011103984.1	DAKCFMEO_03309, DAKCFMEO_03850
N0.HOG0000766	OG0000530	-	WP_011103986.1	DAKCFMEO_03860, DAKCFMEO_00255
N0.HOG0000767	OG0000531	-	WP_011103994.1, WP_163004347.1	DAKCFMEO_02292
N0.HOG0000768	OG0000532	-	WP_011104025.1, WP_046463280.1	DAKCFMEO_00905
N0.HOG0000769	OG0000533	-	WP_011104028.1	DAKCFMEO_03094, DAKCFMEO_00919
N0.HOG0000770	OG0000534	-	WP_011104099.1	DAKCFMEO_00888, DAKCFMEO_01054
N0.HOG0000771	OG0000535	-	WP_011104133.1, WP_011104435.1	DAKCFMEO_01100
N0.HOG0000772	OG0000536	-	WP_011104138.1	DAKCFMEO_01115, DAKCFMEO_03811
N0.HOG0000773	OG0000537	-	WP_011104146.1	DAKCFMEO_01129, DAKCFMEO_01823
N0.HOG0000774	OG0000538	-	WP_011104158.1	DAKCFMEO_04589, DAKCFMEO_01188
N0.HOG0000775	OG0000539	-	WP_011104203.1	DAKCFMEO_03786, DAKCFMEO_01339
N0.HOG0000776	OG0000540	-	WP_011104237.1	DAKCFMEO_03325, DAKCFMEO_03063
N0.HOG0000777	OG0000541	-	WP_011105472.1, WP_011104239.1	DAKCFMEO_05264
N0.HOG0000778	OG0000542	-	WP_011105583.1, WP_011104257.1	DAKCFMEO_02900
N0.HOG0000779	OG0000543	-	WP_011104292.1	DAKCFMEO_04047, DAKCFMEO_03953
N0.HOG0000780	OG0000544	-	WP_011104296.1, WP_011104943.1	DAKCFMEO_03964
N0.HOG0000781	OG0000545	-	WP_011104306.1, WP_011104433.1	DAKCFMEO_03042
N0.HOG0000782	OG0000546	-	WP_011104364.1	DAKCFMEO_04459, DAKCFMEO_04059
N0.HOG0000783	OG0000547	-	WP_011104398.1	DAKCFMEO_04108, DAKCFMEO_00849
N0.HOG0000784	OG0000548	-	WP_011104401.1	DAKCFMEO_00331, DAKCFMEO_04117
N0.HOG0000785	OG0000549	-	WP_011104419.1	DAKCFMEO_01002, DAKCFMEO_00656
N0.HOG0000786	OG0000550	-	WP_011104454.1	DAKCFMEO_00944, DAKCFMEO_04075
N0.HOG0000787	OG0000551	-	WP_011104457.1, WP_161797816.1	DAKCFMEO_00939
N0.HOG0000788	OG0000552	-	WP_011104476.1	DAKCFMEO_02257, DAKCFMEO_01430
N0.HOG0000789	OG0000553	-	WP_011104480.1, WP_161797785.1, WP_011104481.1	
N0.HOG0000790	OG0000554	-	WP_011104494.1	DAKCFMEO_03887, DAKCFMEO_01448
N0.HOG0000791	OG0000555	-	WP_011104506.1	DAKCFMEO_01509, DAKCFMEO_03079
N0.HOG0000792	OG0000556	-	WP_011104568.1	DAKCFMEO_03398, DAKCFMEO_04726
N0.HOG0000793	OG0000557	-	WP_011104570.1	DAKCFMEO_04724, DAKCFMEO_03827
N0.HOG0000794	OG0000558	-	WP_011104583.1	DAKCFMEO_03946, DAKCFMEO_01144
N0.HOG0000795	OG0000559	-	WP_011104585.1	DAKCFMEO_03815, DAKCFMEO_04702
N0.HOG0000796	OG0000560	-	WP_011104627.1	DAKCFMEO_04560, DAKCFMEO_02660
N0.HOG0000797	OG0000561	-	WP_011104648.1, WP_011106957.1	DAKCFMEO_04532
N0.HOG0000798	OG0000562	-	WP_011104677.1	DAKCFMEO_02671, DAKCFMEO_04408
N0.HOG0000799	OG0000563	-	WP_011104685.1	DAKCFMEO_04373, DAKCFMEO_00783
N0.HOG0000800	OG0000564	-	WP_011104686.1	DAKCFMEO_04371, DAKCFMEO_00239
N0.HOG0000801	OG0000565	-	WP_011104699.1	DAKCFMEO_04333, DAKCFMEO_00782
N0.HOG0000802	OG0000566	-	WP_011104719.1, WP_046463642.1	DAKCFMEO_03394
N0.HOG0000803	OG0000567	-	WP_011104724.1	DAKCFMEO_04294, DAKCFMEO_00361
N0.HOG0000804	OG0000568	-	WP_044392855.1, WP_011104753.1	DAKCFMEO_04230
N0.HOG0000805	OG0000569	-	WP_011104756.1	DAKCFMEO_04227, DAKCFMEO_00386
N0.HOG0000806	OG0000570	-	WP_011104765.1	DAKCFMEO_04052, DAKCFMEO_04188
N0.HOG0000807	OG0000571	-	WP_011104785.1, WP_011105582.1	DAKCFMEO_04167
N0.HOG0000808	OG0000572	-	WP_011104887.1	DAKCFMEO_01500, DAKCFMEO_00140
N0.HOG0000809	OG0000573	-	WP_011104888.1	DAKCFMEO_00146, DAKCFMEO_01894
N0.HOG0000810	OG0000574	-	WP_011104929.1, WP_011104896.1	DAKCFMEO_00177
N0.HOG0000811	OG0000575	-	WP_011104920.1	DAKCFMEO_00251, DAKCFMEO_01435
N0.HOG0000812	OG0000576	-	WP_011104945.1, WP_011105063.1	DAKCFMEO_00272
N0.HOG0000813	OG0000577	-	WP_011105053.1	DAKCFMEO_04758, DAKCFMEO_00936
N0.HOG0000814	OG0000578	-	WP_011105108.1	DAKCFMEO_00038, DAKCFMEO_00581
N0.HOG0000815	OG0000579	-	WP_011105140.1, WP_011105168.1	DAKCFMEO_04797
N0.HOG0000816	OG0000580	-	WP_011105217.1, WP_046463779.1	DAKCFMEO_04827
N0.HOG0000817	OG0000581	-	WP_011105235.1, WP_011105522.1	DAKCFMEO_01588
N0.HOG0000818	OG0000582	-	WP_011105240.1	DAKCFMEO_04894, DAKCFMEO_00010
N0.HOG0000819	OG0000583	-	WP_011105258.1, WP_046463768.1	DAKCFMEO_04934
N0.HOG0000820	OG0000584	-	WP_011105452.1, WP_011105278.1	DAKCFMEO_04430
N0.HOG0000821	OG0000585	-	WP_011105298.1	DAKCFMEO_02127, DAKCFMEO_03797
N0.HOG0000822	OG0000586	-	WP_011105299.1	DAKCFMEO_02126, DAKCFMEO_02098
N0.HOG0000823	OG0000587	-	WP_011105335.1	DAKCFMEO_05068, DAKCFMEO_05066
N0.HOG0000824	OG0000588	-	WP_011105361.1	DAKCFMEO_04415, DAKCFMEO_05149
N0.HOG0000825	OG0000589	-	WP_011105460.1	DAKCFMEO_05239, DAKCFMEO_05238
N0.HOG0000826	OG0000590	-	WP_011105473.1, WP_046463847.1	DAKCFMEO_05265
N0.HOG0000827	OG0000591	-	WP_011105494.1	DAKCFMEO_01639, DAKCFMEO_01153
N0.HOG0000828	OG0000592	-	WP_011105501.1	DAKCFMEO_05296, DAKCFMEO_04792
N0.HOG0000829	OG0000593	-	WP_011105533.1, WP_011105531.1	DAKCFMEO_01573
N0.HOG0000830	OG0000594	-	WP_011105535.1	DAKCFMEO_01566, DAKCFMEO_04327
N0.HOG0000831	OG0000595	-	WP_011105556.1	DAKCFMEO_01216, DAKCFMEO_04742
N0.HOG0000832	OG0000596	-	WP_046463324.1, WP_017698872.1	DAKCFMEO_02145
N0.HOG0000833	OG0000597	-	WP_158506385.1, WP_032710799.1, WP_158502624.1	
N0.HOG0000834	OG0000598	-	WP_046463281.1, WP_046463912.1	DAKCFMEO_04043
N0.HOG0000835	OG0000599	-	WP_046463318.1	DAKCFMEO_00267, DAKCFMEO_02096
N0.HOG0000836	OG0000600	-	WP_046463321.1	DAKCFMEO_01442, DAKCFMEO_00992
N0.HOG0000837	OG0000601	-	WP_046463355.1	DAKCFMEO_04557, DAKCFMEO_02750
N0.HOG0000838	OG0000602	-	WP_046463438.1	DAKCFMEO_00726, DAKCFMEO_04051
N0.HOG0000839	OG0000603	-	WP_046463459.1	DAKCFMEO_04746, DAKCFMEO_04150
N0.HOG0000840	OG0000604	-	WP_046463487.1	DAKCFMEO_04603, DAKCFMEO_03533
N0.HOG0000841	OG0000605	-	WP_046463561.1	DAKCFMEO_00684, DAKCFMEO_00678
N0.HOG0000842	OG0000606	-	WP_046463592.1	DAKCFMEO_02489, DAKCFMEO_00101
N0.HOG0000843	OG0000607	-	WP_046463652.1	DAKCFMEO_04922, DAKCFMEO_04918
N0.HOG0000844	OG0000608	-	WP_046463677.1	DAKCFMEO_03857, DAKCFMEO_03842
N0.HOG0000845	OG0000609	-	WP_046463781.1, WP_161797798.1	DAKCFMEO_01233
N0.HOG0000846	OG0000610	-	WP_046463848.1	DAKCFMEO_02001, DAKCFMEO_02002
N0.HOG0000847	OG0000611	-	WP_046463904.1	DAKCFMEO_00948, DAKCFMEO_04078
N0.HOG0000848	OG0000612	-	WP_046463956.1	DAKCFMEO_02848, DAKCFMEO_04666
N0.HOG0000849	OG0000613	-	WP_159229446.1, WP_164923175.1	DAKCFMEO_00352
N0.HOG0000850	OG0000614	-	WP_164923169.1, WP_159250468.1	DAKCFMEO_01886
N0.HOG0000851	OG0000615	-	WP_161797781.1	DAKCFMEO_02048, DAKCFMEO_03967
N0.HOG0000852	OG0000616	-		DAKCFMEO_00796, DAKCFMEO_00795, DAKCFMEO_04440
N0.HOG0000853	OG0000617	-		DAKCFMEO_00858, DAKCFMEO_00857, DAKCFMEO_01794
N0.HOG0000854	OG0000618	-		DAKCFMEO_01089, DAKCFMEO_02363, DAKCFMEO_02362
N0.HOG0000855	OG0000619	-		DAKCFMEO_04181, DAKCFMEO_01142, DAKCFMEO_01722
N0.HOG0000856	OG0000620	-		DAKCFMEO_01227, DAKCFMEO_04601, DAKCFMEO_04170
N0.HOG0000857	OG0000621	-		DAKCFMEO_02766, DAKCFMEO_02765, DAKCFMEO_02764
N0.HOG0000858	OG0000622	-	WP_002551315.1	DAKCFMEO_01263
N0.HOG0000859	OG0000623	-	WP_002551397.1	DAKCFMEO_05162
N0.HOG0000860	OG0000624	-	WP_002551454.1	DAKCFMEO_05211
N0.HOG0000861	OG0000625	-	WP_002551500.1	DAKCFMEO_01837
N0.HOG0000862	OG0000626	-	WP_002551508.1	DAKCFMEO_01845
N0.HOG0000863	OG0000627	-	WP_002551514.1	DAKCFMEO_01851
N0.HOG0000864	OG0000628	-	WP_002551515.1	DAKCFMEO_01852
N0.HOG0000865	OG0000629	-	WP_002551560.1	DAKCFMEO_01956
N0.HOG0000866	OG0000630	-	WP_002551568.1	DAKCFMEO_01967
N0.HOG0000867	OG0000631	-	WP_002551573.1	DAKCFMEO_01972
N0.HOG0000868	OG0000632	-	WP_002551616.1	DAKCFMEO_05096
N0.HOG0000869	OG0000633	-	WP_002551711.1	DAKCFMEO_02133
N0.HOG0000870	OG0000634	-	WP_002551738.1	DAKCFMEO_05002
N0.HOG0000871	OG0000635	-	WP_002551819.1	DAKCFMEO_04892
N0.HOG0000872	OG0000636	-	WP_002551828.1	DAKCFMEO_04881
N0.HOG0000873	OG0000637	-	WP_002551829.1	DAKCFMEO_04880
N0.HOG0000874	OG0000638	-	WP_002551877.1	DAKCFMEO_02868
N0.HOG0000875	OG0000639	-	WP_002551946.1	DAKCFMEO_02807
N0.HOG0000876	OG0000640	-	WP_002551953.1	DAKCFMEO_02800
N0.HOG0000877	OG0000641	-	WP_002551972.1	DAKCFMEO_00541
N0.HOG0000878	OG0000642	-	WP_002552060.1	DAKCFMEO_01662
N0.HOG0000879	OG0000643	-	WP_002552075.1	DAKCFMEO_01647
N0.HOG0000880	OG0000644	-	WP_002552145.1	DAKCFMEO_03443
N0.HOG0000881	OG0000645	-	WP_002552194.1	DAKCFMEO_03389
N0.HOG0000882	OG0000646	-	WP_002552279.1	DAKCFMEO_03291
N0.HOG0000883	OG0000647	-	WP_002552468.1	DAKCFMEO_03331
N0.HOG0000884	OG0000648	-	WP_002552482.1	DAKCFMEO_03346
N0.HOG0000885	OG0000649	-	WP_002552524.1	DAKCFMEO_03261
N0.HOG0000886	OG0000650	-	WP_002552552.1	DAKCFMEO_04200
N0.HOG0000887	OG0000651	-	WP_002552554.1	DAKCFMEO_04202
N0.HOG0000888	OG0000652	-	WP_002552611.1	DAKCFMEO_04157
N0.HOG0000889	OG0000653	-	WP_002552653.1	DAKCFMEO_04191
N0.HOG0000890	OG0000654	-	WP_002552688.1	DAKCFMEO_04245
N0.HOG0000891	OG0000655	-	WP_002552729.1	DAKCFMEO_04341
N0.HOG0000892	OG0000656	-	WP_002552734.1	DAKCFMEO_04350
N0.HOG0000893	OG0000657	-	WP_002552737.1	DAKCFMEO_04353
N0.HOG0000894	OG0000658	-	WP_002552818.1	DAKCFMEO_04534
N0.HOG0000895	OG0000659	-	WP_002552981.1	DAKCFMEO_00650
N0.HOG0000896	OG0000660	-	WP_002553016.1	DAKCFMEO_00710
N0.HOG0000897	OG0000661	-	WP_002553018.1	DAKCFMEO_00712
N0.HOG0000898	OG0000662	-	WP_002553160.1	DAKCFMEO_00813
N0.HOG0000899	OG0000663	-	WP_002553161.1	DAKCFMEO_00814
N0.HOG0000900	OG0000664	-	WP_002553164.1	DAKCFMEO_00817
N0.HOG0000901	OG0000665	-	WP_002553665.1	DAKCFMEO_03718
N0.HOG0000902	OG0000666	-	WP_002553978.1	DAKCFMEO_01496
N0.HOG0000903	OG0000667	-	WP_002554011.1	DAKCFMEO_01530
N0.HOG0000904	OG0000668	-	WP_002554012.1	DAKCFMEO_01531
N0.HOG0000905	OG0000669	-	WP_002554100.1	DAKCFMEO_04682
N0.HOG0000906	OG0000670	-	WP_002554262.1	DAKCFMEO_02556
N0.HOG0000907	OG0000671	-	WP_002554277.1	DAKCFMEO_02541
N0.HOG0000908	OG0000672	-	WP_002554288.1	DAKCFMEO_02531
N0.HOG0000909	OG0000673	-	WP_002554291.1	DAKCFMEO_02528
N0.HOG0000910	OG0000674	-	WP_002554297.1	DAKCFMEO_02522
N0.HOG0000911	OG0000675	-	WP_002554310.1	DAKCFMEO_02509
N0.HOG0000912	OG0000676	-	WP_002554316.1	DAKCFMEO_02504
N0.HOG0000913	OG0000677	-	WP_002554423.1	DAKCFMEO_02406
N0.HOG0000914	OG0000678	-	WP_002554426.1	DAKCFMEO_02400
N0.HOG0000915	OG0000679	-	WP_002554476.1	DAKCFMEO_04319
N0.HOG0000916	OG0000680	-	WP_002554553.1	DAKCFMEO_02327
N0.HOG0000917	OG0000681	-	WP_002554561.1	DAKCFMEO_02318
N0.HOG0000918	OG0000682	-	WP_002554562.1	DAKCFMEO_02317
N0.HOG0000919	OG0000683	-	WP_002554651.1	DAKCFMEO_03124
N0.HOG0000920	OG0000684	-	WP_002554721.1	DAKCFMEO_03190
N0.HOG0000921	OG0000685	-	WP_002554728.1	DAKCFMEO_03197
N0.HOG0000922	OG0000686	-	WP_002554851.1	DAKCFMEO_00159
N0.HOG0000923	OG0000687	-	WP_002555064.1	DAKCFMEO_00416
N0.HOG0000924	OG0000688	-	WP_002555108.1	DAKCFMEO_00463
N0.HOG0000925	OG0000689	-	WP_002555109.1	DAKCFMEO_00464
N0.HOG0000926	OG0000690	-	WP_002555121.1	DAKCFMEO_01679
N0.HOG0000927	OG0000691	-	WP_002555142.1	DAKCFMEO_01701
N0.HOG0000928	OG0000692	-	WP_002555214.1	DAKCFMEO_00545
N0.HOG0000929	OG0000693	-	WP_002555356.1	DAKCFMEO_03650
N0.HOG0000930	OG0000694	-	WP_002555369.1	DAKCFMEO_03636
N0.HOG0000931	OG0000695	-	WP_002555375.1	DAKCFMEO_03630
N0.HOG0000932	OG0000696	-	WP_002555427.1	DAKCFMEO_03570
N0.HOG0000933	OG0000697	-	WP_002555464.1	DAKCFMEO_03531
N0.HOG0000934	OG0000698	-	WP_002555465.1	DAKCFMEO_03530
N0.HOG0000935	OG0000699	-	WP_002555466.1	DAKCFMEO_03529
N0.HOG0000936	OG0000700	-	WP_002555467.1	DAKCFMEO_03528
N0.HOG0000937	OG0000701	-	WP_002555469.1	DAKCFMEO_03527
N0.HOG0000938	OG0000702	-	WP_002555470.1	DAKCFMEO_03526
N0.HOG0000939	OG0000703	-	WP_002555471.1	DAKCFMEO_03525
N0.HOG0000940	OG0000704	-	WP_002555473.1	DAKCFMEO_03523
N0.HOG0000941	OG0000705	-	WP_002555475.1	DAKCFMEO_03521
N0.HOG0000942	OG0000706	-	WP_002555476.1	DAKCFMEO_03520
N0.HOG0000943	OG0000707	-	WP_002555478.1	DAKCFMEO_03518
N0.HOG0000944	OG0000708	-	WP_002555479.1	DAKCFMEO_03517
N0.HOG0000945	OG0000709	-	WP_002555480.1	DAKCFMEO_03516
N0.HOG0000946	OG0000710	-	WP_002555481.1	DAKCFMEO_03515
N0.HOG0000947	OG0000711	-	WP_002555482.1	DAKCFMEO_03514
N0.HOG0000948	OG0000712	-	WP_002555485.1	DAKCFMEO_03512
N0.HOG0000949	OG0000713	-	WP_002555488.1	DAKCFMEO_03509
N0.HOG0000950	OG0000714	-	WP_002555489.1	DAKCFMEO_03508
N0.HOG0000951	OG0000715	-	WP_002555491.1	DAKCFMEO_03506
N0.HOG0000952	OG0000716	-	WP_002555494.1	DAKCFMEO_03502
N0.HOG0000953	OG0000717	-	WP_002555500.1	DAKCFMEO_03496
N0.HOG0000954	OG0000718	-	WP_002555565.1	DAKCFMEO_02914
N0.HOG0000955	OG0000719	-	WP_002555698.1	DAKCFMEO_02157
N0.HOG0000956	OG0000720	-	WP_002555721.1	DAKCFMEO_05119
N0.HOG0000957	OG0000721	-	WP_002555745.1	DAKCFMEO_05170
N0.HOG0000958	OG0000722	-	WP_002555770.1	DAKCFMEO_05186
N0.HOG0000959	OG0000723	-	WP_002555777.1	DAKCFMEO_05219
N0.HOG0000960	OG0000724	-	WP_002555808.1	DAKCFMEO_01909
N0.HOG0000961	OG0000725	-	WP_002555947.1	DAKCFMEO_05180
N0.HOG0000962	OG0000726	-	WP_002555987.1	DAKCFMEO_01252
N0.HOG0000963	OG0000727	-	WP_002556003.1, WP_003344293.1	
N0.HOG0000964	OG0000728	-	WP_002556050.1, WP_011103314.1	
N0.HOG0000965	OG0000729	-	WP_002556144.1	DAKCFMEO_01747
N0.HOG0000966	OG0000730	-	WP_003176422.1	DAKCFMEO_03513
N0.HOG0000967	OG0000731	-	WP_003304675.1	DAKCFMEO_00371
N0.HOG0000968	OG0000732	-	WP_003313553.1	DAKCFMEO_00399
N0.HOG0000969	OG0000733	-	WP_003313577.1	DAKCFMEO_00425
N0.HOG0000970	OG0000734	-	WP_003313894.1	DAKCFMEO_03604
N0.HOG0000971	OG0000735	-	WP_003314637.1	DAKCFMEO_02299
N0.HOG0000972	OG0000736	-	WP_003315067.1	DAKCFMEO_02668
N0.HOG0000973	OG0000737	-	WP_003315128.1	DAKCFMEO_02617
N0.HOG0000974	OG0000738	-	WP_003315315.1	DAKCFMEO_04092
N0.HOG0000975	OG0000739	-	WP_003315600.1	DAKCFMEO_00777
N0.HOG0000976	OG0000740	-	WP_003315798.1	DAKCFMEO_04680
N0.HOG0000977	OG0000741	-	WP_003317099.1	DAKCFMEO_03524
N0.HOG0000978	OG0000742	-	WP_003317112.1	DAKCFMEO_03497
N0.HOG0000979	OG0000743	-	WP_003317113.1	DAKCFMEO_03495
N0.HOG0000980	OG0000744	-	WP_003317208.1	DAKCFMEO_04878
N0.HOG0000981	OG0000745	-	WP_003317532.1	DAKCFMEO_03082
N0.HOG0000982	OG0000746	-	WP_003318204.1	DAKCFMEO_03404
N0.HOG0000983	OG0000747	-	WP_003340324.1	DAKCFMEO_01574
N0.HOG0000984	OG0000748	-	WP_003344297.1, WP_011103424.1	
N0.HOG0000985	OG0000749	-	WP_003344377.1, WP_011107033.1	
N0.HOG0000986	OG0000750	-	WP_003344384.1, WP_011107035.1	
N0.HOG0000987	OG0000751	-	WP_003344391.1, WP_011107037.1	
N0.HOG0000988	OG0000752	-	WP_003344603.1	DAKCFMEO_00537
N0.HOG0000989	OG0000753	-	WP_003346101.1	DAKCFMEO_00752
N0.HOG0000990	OG0000754	-	WP_003363851.1	DAKCFMEO_00304
N0.HOG0000991	OG0000755	-	WP_003365425.1	DAKCFMEO_02749
N0.HOG0000992	OG0000756	-	WP_003367017.1	DAKCFMEO_00812
N0.HOG0000993	OG0000757	-	WP_003368676.1	DAKCFMEO_04778
N0.HOG0000994	OG0000758	-	WP_003373184.1	DAKCFMEO_04732
N0.HOG0000995	OG0000759	-	WP_003373273.1	DAKCFMEO_02343
N0.HOG0000996	OG0000760	-	WP_003373291.1	DAKCFMEO_02334
N0.HOG0000997	OG0000761	-	WP_003373297.1	DAKCFMEO_02331
N0.HOG0000998	OG0000762	-	WP_003373331.1	DAKCFMEO_00755
N0.HOG0000999	OG0000763	-	WP_003373338.1	DAKCFMEO_00759
N0.HOG0001000	OG0000764	-	WP_003373339.1	DAKCFMEO_00760
N0.HOG0001001	OG0000765	-	WP_003373489.1	DAKCFMEO_04035
N0.HOG0001002	OG0000766	-	WP_003375722.1	DAKCFMEO_01482
N0.HOG0001003	OG0000767	-	WP_003375857.1	DAKCFMEO_03005
N0.HOG0001004	OG0000768	-	WP_003375863.1	DAKCFMEO_03001
N0.HOG0001005	OG0000769	-	WP_003375894.1	DAKCFMEO_02985
N0.HOG0001006	OG0000770	-	WP_003375907.1	DAKCFMEO_02979
N0.HOG0001007	OG0000771	-	WP_003375919.1	DAKCFMEO_02973
N0.HOG0001008	OG0000772	-	WP_003375928.1	DAKCFMEO_02967
N0.HOG0001009	OG0000773	-	WP_003375972.1	DAKCFMEO_03302
N0.HOG0001010	OG0000774	-	WP_003376021.1	DAKCFMEO_02729
N0.HOG0001011	OG0000775	-	WP_003376036.1	DAKCFMEO_02735
N0.HOG0001012	OG0000776	-	WP_003376052.1	DAKCFMEO_02742
N0.HOG0001013	OG0000777	-	WP_003376124.1	DAKCFMEO_04526
N0.HOG0001014	OG0000778	-	WP_003376162.1	DAKCFMEO_04485
N0.HOG0001015	OG0000779	-	WP_003376205.1	DAKCFMEO_04379
N0.HOG0001016	OG0000780	-	WP_003376227.1	DAKCFMEO_04367
N0.HOG0001017	OG0000781	-	WP_003376264.1	DAKCFMEO_04343
N0.HOG0001018	OG0000782	-	WP_003376266.1	DAKCFMEO_04342
N0.HOG0001019	OG0000783	-	WP_003376303.1	DAKCFMEO_04318
N0.HOG0001020	OG0000784	-	WP_003376376.1	DAKCFMEO_04858
N0.HOG0001021	OG0000785	-	WP_003376387.1	DAKCFMEO_04852
N0.HOG0001022	OG0000786	-	WP_003376398.1	DAKCFMEO_04845
N0.HOG0001023	OG0000787	-	WP_003376420.1	DAKCFMEO_04834
N0.HOG0001024	OG0000788	-	WP_003376558.1	DAKCFMEO_03610
N0.HOG0001025	OG0000789	-	WP_003376569.1	DAKCFMEO_03615
N0.HOG0001026	OG0000790	-	WP_003376591.1	DAKCFMEO_04813
N0.HOG0001027	OG0000791	-	WP_003376593.1	DAKCFMEO_04812
N0.HOG0001028	OG0000792	-	WP_003376603.1	DAKCFMEO_04804
N0.HOG0001029	OG0000793	-	WP_003376607.1	DAKCFMEO_04802
N0.HOG0001030	OG0000794	-	WP_003376614.1	DAKCFMEO_04799
N0.HOG0001031	OG0000795	-	WP_003376691.1	DAKCFMEO_03960
N0.HOG0001032	OG0000796	-	WP_003376717.1	DAKCFMEO_03973
N0.HOG0001033	OG0000797	-	WP_003376859.1	DAKCFMEO_00828
N0.HOG0001034	OG0000798	-	WP_003376912.1	DAKCFMEO_03824
N0.HOG0001035	OG0000799	-	WP_003376994.1	DAKCFMEO_01045
N0.HOG0001036	OG0000800	-	WP_003377005.1	DAKCFMEO_01053
N0.HOG0001037	OG0000801	-	WP_003377107.1	DAKCFMEO_04914
N0.HOG0001038	OG0000802	-	WP_003377111.1	DAKCFMEO_04924
N0.HOG0001039	OG0000803	-	WP_003377120.1	DAKCFMEO_04935
N0.HOG0001040	OG0000804	-	WP_003377131.1	DAKCFMEO_04945
N0.HOG0001041	OG0000805	-	WP_003377196.1	DAKCFMEO_05001
N0.HOG0001042	OG0000806	-	WP_003377199.1	DAKCFMEO_05003
N0.HOG0001043	OG0000807	-	WP_003377205.1	DAKCFMEO_05006
N0.HOG0001044	OG0000808	-	WP_003377212.1	DAKCFMEO_05012
N0.HOG0001045	OG0000809	-	WP_003377215.1	DAKCFMEO_05015
N0.HOG0001046	OG0000810	-	WP_003377217.1	DAKCFMEO_05017
N0.HOG0001047	OG0000811	-	WP_003377258.1	DAKCFMEO_02046
N0.HOG0001048	OG0000812	-	WP_003377314.1	DAKCFMEO_02845
N0.HOG0001049	OG0000813	-	WP_003377457.1	DAKCFMEO_02802
N0.HOG0001050	OG0000814	-	WP_003377470.1	DAKCFMEO_01713
N0.HOG0001051	OG0000815	-	WP_003377471.1	DAKCFMEO_01706
N0.HOG0001052	OG0000816	-	WP_003377479.1	DAKCFMEO_01699
N0.HOG0001053	OG0000817	-	WP_003377482.1	DAKCFMEO_01697
N0.HOG0001054	OG0000818	-	WP_003377487.1	DAKCFMEO_01692
N0.HOG0001055	OG0000819	-	WP_003377503.1	DAKCFMEO_01682
N0.HOG0001056	OG0000820	-	WP_003377505.1	DAKCFMEO_01681
N0.HOG0001057	OG0000821	-	WP_003377508.1	DAKCFMEO_01678
N0.HOG0001058	OG0000822	-	WP_003377527.1	DAKCFMEO_00461
N0.HOG0001059	OG0000823	-	WP_003377531.1	DAKCFMEO_00459
N0.HOG0001060	OG0000824	-	WP_003377535.1	DAKCFMEO_00455
N0.HOG0001061	OG0000825	-	WP_003377548.1	DAKCFMEO_00447
N0.HOG0001062	OG0000826	-	WP_003377550.1	DAKCFMEO_00446
N0.HOG0001063	OG0000827	-	WP_003377554.1	DAKCFMEO_00444
N0.HOG0001064	OG0000828	-	WP_003377556.1	DAKCFMEO_00443
N0.HOG0001065	OG0000829	-	WP_003377572.1	DAKCFMEO_00435
N0.HOG0001066	OG0000830	-	WP_003377577.1	DAKCFMEO_00432
N0.HOG0001067	OG0000831	-	WP_003377590.1	DAKCFMEO_00427
N0.HOG0001068	OG0000832	-	WP_003377592.1	DAKCFMEO_00426
N0.HOG0001069	OG0000833	-	WP_003377598.1	DAKCFMEO_00421
N0.HOG0001070	OG0000834	-	WP_003377605.1	DAKCFMEO_00417
N0.HOG0001071	OG0000835	-	WP_003377610.1	DAKCFMEO_00411
N0.HOG0001072	OG0000836	-	WP_003377649.1	DAKCFMEO_00392
N0.HOG0001073	OG0000837	-	WP_003377651.1	DAKCFMEO_00390
N0.HOG0001074	OG0000838	-	WP_003377653.1	DAKCFMEO_00389
N0.HOG0001075	OG0000839	-	WP_003377687.1	DAKCFMEO_03264
N0.HOG0001076	OG0000840	-	WP_003377703.1	DAKCFMEO_03251
N0.HOG0001077	OG0000841	-	WP_003377717.1	DAKCFMEO_03245
N0.HOG0001078	OG0000842	-	WP_003377783.1	DAKCFMEO_03205
N0.HOG0001079	OG0000843	-	WP_003377785.1	DAKCFMEO_03204
N0.HOG0001080	OG0000844	-	WP_003377787.1	DAKCFMEO_03867
N0.HOG0001081	OG0000845	-	WP_003377825.1	DAKCFMEO_03183
N0.HOG0001082	OG0000846	-	WP_003377829.1	DAKCFMEO_03181
N0.HOG0001083	OG0000847	-	WP_003377831.1	DAKCFMEO_03180
N0.HOG0001084	OG0000848	-	WP_003377835.1	DAKCFMEO_03178
N0.HOG0001085	OG0000849	-	WP_003377838.1	DAKCFMEO_03176
N0.HOG0001086	OG0000850	-	WP_003377871.1	DAKCFMEO_01266
N0.HOG0001087	OG0000851	-	WP_003377879.1	DAKCFMEO_01261
N0.HOG0001088	OG0000852	-	WP_003377883.1	DAKCFMEO_01257
N0.HOG0001089	OG0000853	-	WP_003377884.1	DAKCFMEO_01256
N0.HOG0001090	OG0000854	-	WP_003377888.1	DAKCFMEO_01253
N0.HOG0001091	OG0000855	-	WP_003377895.1	DAKCFMEO_01249
N0.HOG0001092	OG0000856	-	WP_003377898.1	DAKCFMEO_01247
N0.HOG0001093	OG0000857	-	WP_003377907.1	DAKCFMEO_01997
N0.HOG0001094	OG0000858	-	WP_003377974.1	DAKCFMEO_01834
N0.HOG0001095	OG0000859	-	WP_003377979.1	DAKCFMEO_01838
N0.HOG0001096	OG0000860	-	WP_003378039.1	DAKCFMEO_01874
N0.HOG0001097	OG0000861	-	WP_003378068.1	DAKCFMEO_04673
N0.HOG0001098	OG0000862	-	WP_003378113.1	DAKCFMEO_04645
N0.HOG0001099	OG0000863	-	WP_003378210.1	DAKCFMEO_04562
N0.HOG0001100	OG0000864	-	WP_003378219.1	DAKCFMEO_04556
N0.HOG0001101	OG0000865	-	WP_003378325.1	DAKCFMEO_01200
N0.HOG0001102	OG0000866	-	WP_003378342.1	DAKCFMEO_01552
N0.HOG0001103	OG0000867	-	WP_003378385.1	DAKCFMEO_01576
N0.HOG0001104	OG0000868	-	WP_003378389.1	DAKCFMEO_01579
N0.HOG0001105	OG0000869	-	WP_003378397.1	DAKCFMEO_01585
N0.HOG0001106	OG0000870	-	WP_003378472.1	DAKCFMEO_00217
N0.HOG0001107	OG0000871	-	WP_003378493.1	DAKCFMEO_00226
N0.HOG0001108	OG0000872	-	WP_003378499.1	DAKCFMEO_00229
N0.HOG0001109	OG0000873	-	WP_003378513.1	DAKCFMEO_00238
N0.HOG0001110	OG0000874	-	WP_003378608.1	DAKCFMEO_02628
N0.HOG0001111	OG0000875	-	WP_003378609.1	DAKCFMEO_02627
N0.HOG0001112	OG0000876	-	WP_003378612.1	DAKCFMEO_02624
N0.HOG0001113	OG0000877	-	WP_003378621.1	DAKCFMEO_02616
N0.HOG0001114	OG0000878	-	WP_003378637.1	DAKCFMEO_02606
N0.HOG0001115	OG0000879	-	WP_003378639.1	DAKCFMEO_02605
N0.HOG0001116	OG0000880	-	WP_003378641.1	DAKCFMEO_02604
N0.HOG0001117	OG0000881	-	WP_003378666.1	DAKCFMEO_02589
N0.HOG0001118	OG0000882	-	WP_003378668.1	DAKCFMEO_02587
N0.HOG0001119	OG0000883	-	WP_003378725.1	DAKCFMEO_02552
N0.HOG0001120	OG0000884	-	WP_003378730.1	DAKCFMEO_02548
N0.HOG0001121	OG0000885	-	WP_003378731.1	DAKCFMEO_02547
N0.HOG0001122	OG0000886	-	WP_003378749.1	DAKCFMEO_02538
N0.HOG0001123	OG0000887	-	WP_003378750.1	DAKCFMEO_02537
N0.HOG0001124	OG0000888	-	WP_003378759.1	DAKCFMEO_02129
N0.HOG0001125	OG0000889	-	WP_003378760.1	DAKCFMEO_02128
N0.HOG0001126	OG0000890	-	WP_003378783.1	DAKCFMEO_02116
N0.HOG0001127	OG0000891	-	WP_003378849.1	DAKCFMEO_05106
N0.HOG0001128	OG0000892	-	WP_003378855.1	DAKCFMEO_05057
N0.HOG0001129	OG0000893	-	WP_003378857.1	DAKCFMEO_05059
N0.HOG0001130	OG0000894	-	WP_003378861.1	DAKCFMEO_05063
N0.HOG0001131	OG0000895	-	WP_003378882.1	DAKCFMEO_05074
N0.HOG0001132	OG0000896	-	WP_003378893.1	DAKCFMEO_05080
N0.HOG0001133	OG0000897	-	WP_003378929.1	DAKCFMEO_02300
N0.HOG0001134	OG0000898	-	WP_003378990.1	DAKCFMEO_03129
N0.HOG0001135	OG0000899	-	WP_003379024.1	DAKCFMEO_03032
N0.HOG0001136	OG0000900	-	WP_003379028.1	DAKCFMEO_03028
N0.HOG0001137	OG0000901	-	WP_003379038.1	DAKCFMEO_04165
N0.HOG0001138	OG0000902	-	WP_003379089.1	DAKCFMEO_03591
N0.HOG0001139	OG0000903	-	WP_003379121.1	DAKCFMEO_03577
N0.HOG0001140	OG0000904	-	WP_003379129.1	DAKCFMEO_03573
N0.HOG0001141	OG0000905	-	WP_003379141.1	DAKCFMEO_03566
N0.HOG0001142	OG0000906	-	WP_003379143.1	DAKCFMEO_03565
N0.HOG0001143	OG0000907	-	WP_003379241.1	DAKCFMEO_03407
N0.HOG0001144	OG0000908	-	WP_003379278.1	DAKCFMEO_03380
N0.HOG0001145	OG0000909	-	WP_003379302.1	DAKCFMEO_02787
N0.HOG0001146	OG0000910	-	WP_003379415.1	DAKCFMEO_02223
N0.HOG0001147	OG0000911	-	WP_003379418.1	DAKCFMEO_02226
N0.HOG0001148	OG0000912	-	WP_003379468.1	DAKCFMEO_01296
N0.HOG0001149	OG0000913	-	WP_003379548.1	DAKCFMEO_03925
N0.HOG0001150	OG0000914	-	WP_003379718.1	DAKCFMEO_00548
N0.HOG0001151	OG0000915	-	WP_003379721.1	DAKCFMEO_00551
N0.HOG0001152	OG0000916	-	WP_003379759.1	DAKCFMEO_00658
N0.HOG0001153	OG0000917	-	WP_003379830.1	DAKCFMEO_00705
N0.HOG0001154	OG0000918	-	WP_003379873.1	DAKCFMEO_05028
N0.HOG0001155	OG0000919	-	WP_003379876.1	DAKCFMEO_05024
N0.HOG0001156	OG0000920	-	WP_003379926.1	DAKCFMEO_02962
N0.HOG0001157	OG0000921	-	WP_003379931.1	DAKCFMEO_04969
N0.HOG0001158	OG0000922	-	WP_003379947.1	DAKCFMEO_04964
N0.HOG0001159	OG0000923	-	WP_003380033.1	DAKCFMEO_02212
N0.HOG0001160	OG0000924	-	WP_003380046.1	DAKCFMEO_01952
N0.HOG0001161	OG0000925	-	WP_003380053.1	DAKCFMEO_01955
N0.HOG0001162	OG0000926	-	WP_003380079.1	DAKCFMEO_01971
N0.HOG0001163	OG0000927	-	WP_003380111.1	DAKCFMEO_01539
N0.HOG0001164	OG0000928	-	WP_003380113.1	DAKCFMEO_01538
N0.HOG0001165	OG0000929	-	WP_003380115.1	DAKCFMEO_01537
N0.HOG0001166	OG0000930	-	WP_003380120.1	DAKCFMEO_01533
N0.HOG0001167	OG0000931	-	WP_003380132.1	DAKCFMEO_01525
N0.HOG0001168	OG0000932	-	WP_003380135.1	DAKCFMEO_01522
N0.HOG0001169	OG0000933	-	WP_003380148.1	DAKCFMEO_01517
N0.HOG0001170	OG0000934	-	WP_003380192.1	DAKCFMEO_02189
N0.HOG0001171	OG0000935	-	WP_003380207.1	DAKCFMEO_05113
N0.HOG0001172	OG0000936	-	WP_003380209.1	DAKCFMEO_01982
N0.HOG0001173	OG0000937	-	WP_003380226.1	DAKCFMEO_01992
N0.HOG0001174	OG0000938	-	WP_003380232.1	DAKCFMEO_01816
N0.HOG0001175	OG0000939	-	WP_003380235.1	DAKCFMEO_01813
N0.HOG0001176	OG0000940	-	WP_003380252.1	DAKCFMEO_05158
N0.HOG0001177	OG0000941	-	WP_003380253.1	DAKCFMEO_05159
N0.HOG0001178	OG0000942	-	WP_003380289.1	DAKCFMEO_03482
N0.HOG0001179	OG0000943	-	WP_003380294.1	DAKCFMEO_03479
N0.HOG0001180	OG0000944	-	WP_003380298.1	DAKCFMEO_03477
N0.HOG0001181	OG0000945	-	WP_003380309.1	DAKCFMEO_03471
N0.HOG0001182	OG0000946	-	WP_003380333.1	DAKCFMEO_01757
N0.HOG0001183	OG0000947	-	WP_003380356.1	DAKCFMEO_01749
N0.HOG0001184	OG0000948	-	WP_003380430.1	DAKCFMEO_04096
N0.HOG0001185	OG0000949	-	WP_003380432.1	DAKCFMEO_04095
N0.HOG0001186	OG0000950	-	WP_003380455.1	DAKCFMEO_04080
N0.HOG0001187	OG0000951	-	WP_003380539.1	DAKCFMEO_01018
N0.HOG0001188	OG0000952	-	WP_003380592.1	DAKCFMEO_03333
N0.HOG0001189	OG0000953	-	WP_003380594.1	DAKCFMEO_03335
N0.HOG0001190	OG0000954	-	WP_003380601.1	DAKCFMEO_03338
N0.HOG0001191	OG0000955	-	WP_003380603.1	DAKCFMEO_03340
N0.HOG0001192	OG0000956	-	WP_003380604.1	DAKCFMEO_03341
N0.HOG0001193	OG0000957	-	WP_003380613.1	DAKCFMEO_03350
N0.HOG0001194	OG0000958	-	WP_003380618.1	DAKCFMEO_03354
N0.HOG0001195	OG0000959	-	WP_003380623.1	DAKCFMEO_03359
N0.HOG0001196	OG0000960	-	WP_003380633.1	DAKCFMEO_03365
N0.HOG0001197	OG0000961	-	WP_003380690.1	DAKCFMEO_04908
N0.HOG0001198	OG0000962	-	WP_003380698.1	DAKCFMEO_04899
N0.HOG0001199	OG0000963	-	WP_003380701.1	DAKCFMEO_04896
N0.HOG0001200	OG0000964	-	WP_003380723.1	DAKCFMEO_04877
N0.HOG0001201	OG0000965	-	WP_003380836.1	DAKCFMEO_04713
N0.HOG0001202	OG0000966	-	WP_003380850.1	DAKCFMEO_04704
N0.HOG0001203	OG0000967	-	WP_003380890.1	DAKCFMEO_04677
N0.HOG0001204	OG0000968	-	WP_003380907.1	DAKCFMEO_00315
N0.HOG0001205	OG0000969	-	WP_003380941.1	DAKCFMEO_00348
N0.HOG0001206	OG0000970	-	WP_003380977.1	DAKCFMEO_00380
N0.HOG0001207	OG0000971	-	WP_003381003.1	DAKCFMEO_04223
N0.HOG0001208	OG0000972	-	WP_003381064.1	DAKCFMEO_04269
N0.HOG0001209	OG0000973	-	WP_003381088.1	DAKCFMEO_04255
N0.HOG0001210	OG0000974	-	WP_003381096.1	DAKCFMEO_04249
N0.HOG0001211	OG0000975	-	WP_003381112.1	DAKCFMEO_04236
N0.HOG0001212	OG0000976	-	WP_003381155.1	DAKCFMEO_01433
N0.HOG0001213	OG0000977	-	WP_003381177.1	DAKCFMEO_01444
N0.HOG0001214	OG0000978	-	WP_003381207.1	DAKCFMEO_00506
N0.HOG0001215	OG0000979	-	WP_003381213.1	DAKCFMEO_00508
N0.HOG0001216	OG0000980	-	WP_003381223.1	DAKCFMEO_02886
N0.HOG0001217	OG0000981	-	WP_003381266.1	DAKCFMEO_00519
N0.HOG0001218	OG0000982	-	WP_003381292.1	DAKCFMEO_00532
N0.HOG0001219	OG0000983	-	WP_003381304.1	DAKCFMEO_00539
N0.HOG0001220	OG0000984	-	WP_003381306.1	DAKCFMEO_00542
N0.HOG0001221	OG0000985	-	WP_003381308.1	DAKCFMEO_00543
N0.HOG0001222	OG0000986	-	WP_003381390.1	DAKCFMEO_05094
N0.HOG0001223	OG0000987	-	WP_003381486.1	DAKCFMEO_00102
N0.HOG0001224	OG0000988	-	WP_003381490.1	DAKCFMEO_00105
N0.HOG0001225	OG0000989	-	WP_003381499.1	DAKCFMEO_00113
N0.HOG0001226	OG0000990	-	WP_003381502.1	DAKCFMEO_00115
N0.HOG0001227	OG0000991	-	WP_003381525.1	DAKCFMEO_00135
N0.HOG0001228	OG0000992	-	WP_003381534.1	DAKCFMEO_00142
N0.HOG0001229	OG0000993	-	WP_003381535.1	DAKCFMEO_00143
N0.HOG0001230	OG0000994	-	WP_003381559.1	DAKCFMEO_02243
N0.HOG0001231	OG0000995	-	WP_003381567.1	DAKCFMEO_02252
N0.HOG0001232	OG0000996	-	WP_003381582.1	DAKCFMEO_02265
N0.HOG0001233	OG0000997	-	WP_003381583.1	DAKCFMEO_02266
N0.HOG0001234	OG0000998	-	WP_003381585.1	DAKCFMEO_02268
N0.HOG0001235	OG0000999	-	WP_003381589.1	DAKCFMEO_02271
N0.HOG0001236	OG0001000	-	WP_003381628.1	DAKCFMEO_00298
N0.HOG0001237	OG0001001	-	WP_003381648.1	DAKCFMEO_00285
N0.HOG0001238	OG0001002	-	WP_003381663.1	DAKCFMEO_00274
N0.HOG0001239	OG0001003	-	WP_003381744.1	DAKCFMEO_00568
N0.HOG0001240	OG0001004	-	WP_003381839.1	DAKCFMEO_01369
N0.HOG0001241	OG0001005	-	WP_003382001.1	DAKCFMEO_00649
N0.HOG0001242	OG0001006	-	WP_003382004.1	DAKCFMEO_00646
N0.HOG0001243	OG0001007	-	WP_003382006.1	DAKCFMEO_00644
N0.HOG0001244	OG0001008	-	WP_003382072.1	DAKCFMEO_05167
N0.HOG0001245	OG0001009	-	WP_003382074.1	DAKCFMEO_05169
N0.HOG0001246	OG0001010	-	WP_003382085.1	DAKCFMEO_05179
N0.HOG0001247	OG0001011	-	WP_003382104.1	DAKCFMEO_02018
N0.HOG0001248	OG0001012	-	WP_003382140.1	DAKCFMEO_02521
N0.HOG0001249	OG0001013	-	WP_003382141.1	DAKCFMEO_02523
N0.HOG0001250	OG0001014	-	WP_003382144.1	DAKCFMEO_02526
N0.HOG0001251	OG0001015	-	WP_003382274.1	DAKCFMEO_01665
N0.HOG0001252	OG0001016	-	WP_003382315.1	DAKCFMEO_02013
N0.HOG0001253	OG0001017	-	WP_003382340.1	DAKCFMEO_02918
N0.HOG0001254	OG0001018	-	WP_003382364.1	DAKCFMEO_02152
N0.HOG0001255	OG0001019	-	WP_003382372.1	DAKCFMEO_02162
N0.HOG0001256	OG0001020	-	WP_003382373.1	DAKCFMEO_02164
N0.HOG0001257	OG0001021	-	WP_003382379.1	DAKCFMEO_02168
N0.HOG0001258	OG0001022	-	WP_003382396.1	DAKCFMEO_00818
N0.HOG0001259	OG0001023	-	WP_003382398.1	DAKCFMEO_00815
N0.HOG0001260	OG0001024	-	WP_003382460.1	DAKCFMEO_00739
N0.HOG0001261	OG0001025	-	WP_003382465.1	DAKCFMEO_00736
N0.HOG0001262	OG0001026	-	WP_003382467.1	DAKCFMEO_00735
N0.HOG0001263	OG0001027	-	WP_003382474.1	DAKCFMEO_00731
N0.HOG0001264	OG0001028	-	WP_003382487.1	DAKCFMEO_00719
N0.HOG0001265	OG0001029	-	WP_003382493.1	DAKCFMEO_00713
N0.HOG0001266	OG0001030	-	WP_003382526.1	DAKCFMEO_00051
N0.HOG0001267	OG0001031	-	WP_003382533.1	DAKCFMEO_00044
N0.HOG0001268	OG0001032	-	WP_003382657.1	DAKCFMEO_03791
N0.HOG0001269	OG0001033	-	WP_003382687.1	DAKCFMEO_02502
N0.HOG0001270	OG0001034	-	WP_003382700.1	DAKCFMEO_02490
N0.HOG0001271	OG0001035	-	WP_003382703.1	DAKCFMEO_02488
N0.HOG0001272	OG0001036	-	WP_003382829.1	DAKCFMEO_01191
N0.HOG0001273	OG0001037	-	WP_003382842.1	DAKCFMEO_01182
N0.HOG0001274	OG0001038	-	WP_003382929.1	DAKCFMEO_04298
N0.HOG0001275	OG0001039	-	WP_003382943.1	DAKCFMEO_04290
N0.HOG0001276	OG0001040	-	WP_003382947.1	DAKCFMEO_04287
N0.HOG0001277	OG0001041	-	WP_003382959.1	DAKCFMEO_02665
N0.HOG0001278	OG0001042	-	WP_003382960.1	DAKCFMEO_02666
N0.HOG0001279	OG0001043	-	WP_003382970.1	DAKCFMEO_01723
N0.HOG0001280	OG0001044	-	WP_003382984.1	DAKCFMEO_02679
N0.HOG0001281	OG0001045	-	WP_003383046.1	DAKCFMEO_04540
N0.HOG0001282	OG0001046	-	WP_003383085.1	DAKCFMEO_02658
N0.HOG0001283	OG0001047	-	WP_003383123.1	DAKCFMEO_01605
N0.HOG0001284	OG0001048	-	WP_003383126.1	DAKCFMEO_01602
N0.HOG0001285	OG0001049	-	WP_003383132.1	DAKCFMEO_01598
N0.HOG0001286	OG0001050	-	WP_003383136.1	DAKCFMEO_01596
N0.HOG0001287	OG0001051	-	WP_003383141.1	DAKCFMEO_01592
N0.HOG0001288	OG0001052	-	WP_003383143.1	DAKCFMEO_01590
N0.HOG0001289	OG0001053	-	WP_003383161.1	DAKCFMEO_05111
N0.HOG0001290	OG0001054	-	WP_003383172.1	DAKCFMEO_03707
N0.HOG0001291	OG0001055	-	WP_003383227.1	DAKCFMEO_00497
N0.HOG0001292	OG0001056	-	WP_003383242.1	DAKCFMEO_00486
N0.HOG0001293	OG0001057	-	WP_003383265.1	DAKCFMEO_05230
N0.HOG0001294	OG0001058	-	WP_003383332.1	DAKCFMEO_04144
N0.HOG0001295	OG0001059	-	WP_003383369.1	DAKCFMEO_02905
N0.HOG0001296	OG0001060	-	WP_003383427.1	DAKCFMEO_01321
N0.HOG0001297	OG0001061	-	WP_003383453.1	DAKCFMEO_01328
N0.HOG0001298	OG0001062	-	WP_003395104.1	DAKCFMEO_04759
N0.HOG0001299	OG0001063	-	WP_003395253.1	DAKCFMEO_00317
N0.HOG0001300	OG0001064	-	WP_003400010.1	DAKCFMEO_04779
N0.HOG0001301	OG0001065	-	WP_003405083.1	DAKCFMEO_01515
N0.HOG0001302	OG0001066	-	WP_003406089.1	DAKCFMEO_00686
N0.HOG0001303	OG0001067	-	WP_003410180.1	DAKCFMEO_01122
N0.HOG0001304	OG0001068	-	WP_003411662.1	DAKCFMEO_01536
N0.HOG0001305	OG0001069	-	WP_003412391.1	DAKCFMEO_02546
N0.HOG0001306	OG0001070	-	WP_003422343.1	DAKCFMEO_04887
N0.HOG0001307	OG0001071	-	WP_003425462.1	DAKCFMEO_00048
N0.HOG0001308	OG0001072	-	WP_003426596.1	DAKCFMEO_03537
N0.HOG0001309	OG0001073	-	WP_004396234.1	DAKCFMEO_03761
N0.HOG0001310	OG0001074	-	WP_004396268.1	DAKCFMEO_03734
N0.HOG0001311	OG0001075	-	WP_004396332.1	DAKCFMEO_03710
N0.HOG0001312	OG0001076	-	WP_004396490.1	DAKCFMEO_00160
N0.HOG0001313	OG0001077	-	WP_004396504.1	DAKCFMEO_00166
N0.HOG0001314	OG0001078	-	WP_004396514.1	DAKCFMEO_00168
N0.HOG0001315	OG0001079	-	WP_004396522.1	DAKCFMEO_00171
N0.HOG0001316	OG0001080	-	WP_004396544.1	DAKCFMEO_02384
N0.HOG0001317	OG0001081	-	WP_004396551.1	DAKCFMEO_02387
N0.HOG0001318	OG0001082	-	WP_004396553.1	DAKCFMEO_02389
N0.HOG0001319	OG0001083	-	WP_004396554.1	DAKCFMEO_02390
N0.HOG0001320	OG0001084	-	WP_004397026.1	DAKCFMEO_03532
N0.HOG0001321	OG0001085	-	WP_004397049.1	DAKCFMEO_03510
N0.HOG0001322	OG0001086	-	WP_004397052.1	DAKCFMEO_03507
N0.HOG0001323	OG0001087	-	WP_004397077.1	DAKCFMEO_03503
N0.HOG0001324	OG0001088	-	WP_004397078.1	DAKCFMEO_03501
N0.HOG0001325	OG0001089	-	WP_004397081.1	DAKCFMEO_03498
N0.HOG0001326	OG0001090	-	WP_004397145.1	DAKCFMEO_05209
N0.HOG0001327	OG0001091	-	WP_004397172.1	DAKCFMEO_05201
N0.HOG0001328	OG0001092	-	WP_004397208.1	DAKCFMEO_05192
N0.HOG0001329	OG0001093	-	WP_004397257.1	DAKCFMEO_00577
N0.HOG0001330	OG0001094	-	WP_004397570.1	DAKCFMEO_03153
N0.HOG0001331	OG0001095	-	WP_004397588.1	DAKCFMEO_03161
N0.HOG0001332	OG0001096	-	WP_004397594.1	DAKCFMEO_03164
N0.HOG0001333	OG0001097	-	WP_004397843.1	DAKCFMEO_02349
N0.HOG0001334	OG0001098	-	WP_004397849.1	DAKCFMEO_02346
N0.HOG0001335	OG0001099	-	WP_011103835.1, WP_004418135.1	
N0.HOG0001336	OG0001100	-	WP_004656644.1	DAKCFMEO_01677
N0.HOG0001337	OG0001101	-	WP_004657364.1	DAKCFMEO_02347
N0.HOG0001338	OG0001102	-	WP_011107014.1, WP_004661031.1	
N0.HOG0001339	OG0001103	-	WP_004666892.1, WP_057443196.1	
N0.HOG0001340	OG0001104	-	WP_011107013.1, WP_004666908.1	
N0.HOG0001341	OG0001105	-	WP_011107029.1, WP_004668192.1	
N0.HOG0001342	OG0001106	-	WP_004879420.1	DAKCFMEO_04206
N0.HOG0001343	OG0001107	-	WP_004880039.1	DAKCFMEO_02882
N0.HOG0001344	OG0001108	-	WP_004882435.1	DAKCFMEO_01246
N0.HOG0001345	OG0001109	-	WP_004883670.1	DAKCFMEO_03511
N0.HOG0001346	OG0001110	-	WP_005613236.1	DAKCFMEO_01830
N0.HOG0001347	OG0001111	-	WP_005613239.1	DAKCFMEO_01831
N0.HOG0001348	OG0001112	-	WP_005613323.1	DAKCFMEO_01842
N0.HOG0001349	OG0001113	-	WP_005613459.1	DAKCFMEO_02227
N0.HOG0001350	OG0001114	-	WP_005613564.1	DAKCFMEO_01251
N0.HOG0001351	OG0001115	-	WP_005613652.1	DAKCFMEO_01998
N0.HOG0001352	OG0001116	-	WP_005613653.1	DAKCFMEO_01999
N0.HOG0001353	OG0001117	-	WP_005613713.1	DAKCFMEO_02045
N0.HOG0001354	OG0001118	-	WP_005613805.1	DAKCFMEO_02184
N0.HOG0001355	OG0001119	-	WP_005613810.1	DAKCFMEO_02187
N0.HOG0001356	OG0001120	-	WP_005613930.1	DAKCFMEO_02178
N0.HOG0001357	OG0001121	-	WP_005613956.1	DAKCFMEO_05025
N0.HOG0001358	OG0001122	-	WP_005613959.1	DAKCFMEO_05023
N0.HOG0001359	OG0001123	-	WP_005613972.1	DAKCFMEO_02950
N0.HOG0001360	OG0001124	-	WP_005614032.1	DAKCFMEO_02911
N0.HOG0001361	OG0001125	-	WP_005614033.1	DAKCFMEO_02910
N0.HOG0001362	OG0001126	-	WP_005614111.1	DAKCFMEO_02870
N0.HOG0001363	OG0001127	-	WP_005614128.1	DAKCFMEO_02867
N0.HOG0001364	OG0001128	-	WP_005614129.1	DAKCFMEO_02866
N0.HOG0001365	OG0001129	-	WP_005614160.1	DAKCFMEO_02826
N0.HOG0001366	OG0001130	-	WP_005614181.1	DAKCFMEO_02809
N0.HOG0001367	OG0001131	-	WP_005614195.1	DAKCFMEO_02799
N0.HOG0001368	OG0001132	-	WP_005614296.1	DAKCFMEO_03534
N0.HOG0001369	OG0001133	-	WP_005614373.1	DAKCFMEO_03561
N0.HOG0001370	OG0001134	-	WP_005614458.1	DAKCFMEO_03672
N0.HOG0001371	OG0001135	-	WP_005614495.1	DAKCFMEO_03685
N0.HOG0001372	OG0001136	-	WP_005614499.1	DAKCFMEO_03687
N0.HOG0001373	OG0001137	-	WP_005614782.1	DAKCFMEO_00511
N0.HOG0001374	OG0001138	-	WP_005614818.1	DAKCFMEO_00487
N0.HOG0001375	OG0001139	-	WP_005614892.1	DAKCFMEO_01660
N0.HOG0001376	OG0001140	-	WP_005614914.1	DAKCFMEO_01652
N0.HOG0001377	OG0001141	-	WP_005614924.1	DAKCFMEO_01646
N0.HOG0001378	OG0001142	-	WP_005615033.1	DAKCFMEO_01744
N0.HOG0001379	OG0001143	-	WP_005615192.1	DAKCFMEO_03438
N0.HOG0001380	OG0001144	-	WP_005615366.1	DAKCFMEO_02752
N0.HOG0001381	OG0001145	-	WP_005615404.1	DAKCFMEO_02736
N0.HOG0001382	OG0001146	-	WP_005615457.1	DAKCFMEO_03294
N0.HOG0001383	OG0001147	-	WP_005615493.1	DAKCFMEO_02980
N0.HOG0001384	OG0001148	-	WP_005615514.1	DAKCFMEO_02989
N0.HOG0001385	OG0001149	-	WP_005615650.1	DAKCFMEO_01769
N0.HOG0001386	OG0001150	-	WP_005615731.1	DAKCFMEO_01462
N0.HOG0001387	OG0001151	-	WP_005615771.1	DAKCFMEO_03344
N0.HOG0001388	OG0001152	-	WP_005615845.1	DAKCFMEO_03272
N0.HOG0001389	OG0001153	-	WP_005615949.1	DAKCFMEO_03211
N0.HOG0001390	OG0001154	-	WP_005615972.1	DAKCFMEO_03199
N0.HOG0001391	OG0001155	-	WP_005616022.1	DAKCFMEO_03168
N0.HOG0001392	OG0001156	-	WP_005616041.1	DAKCFMEO_03156
N0.HOG0001393	OG0001157	-	WP_005616090.1	DAKCFMEO_03126
N0.HOG0001394	OG0001158	-	WP_005616197.1	DAKCFMEO_00054
N0.HOG0001395	OG0001159	-	WP_005616222.1	DAKCFMEO_00036
N0.HOG0001396	OG0001160	-	WP_005616372.1	DAKCFMEO_02264
N0.HOG0001397	OG0001161	-	WP_005616381.1	DAKCFMEO_02270
N0.HOG0001398	OG0001162	-	WP_005616461.1	DAKCFMEO_02314
N0.HOG0001399	OG0001163	-	WP_005616463.1	DAKCFMEO_02316
N0.HOG0001400	OG0001164	-	WP_005616592.1	DAKCFMEO_04502
N0.HOG0001401	OG0001165	-	WP_005616608.1	DAKCFMEO_04514
N0.HOG0001402	OG0001166	-	WP_005616613.1	DAKCFMEO_02396
N0.HOG0001403	OG0001167	-	WP_005616754.1	DAKCFMEO_02499
N0.HOG0001404	OG0001168	-	WP_005616835.1	DAKCFMEO_02532
N0.HOG0001405	OG0001169	-	WP_005616857.1	DAKCFMEO_02544
N0.HOG0001406	OG0001170	-	WP_005616977.1	DAKCFMEO_02613
N0.HOG0001407	OG0001171	-	WP_005617003.1	DAKCFMEO_02626
N0.HOG0001408	OG0001172	-	WP_005617011.1	DAKCFMEO_02631
N0.HOG0001409	OG0001173	-	WP_005617022.1	DAKCFMEO_02636
N0.HOG0001410	OG0001174	-	WP_005617091.1	DAKCFMEO_00820
N0.HOG0001411	OG0001175	-	WP_005617102.1	DAKCFMEO_02681
N0.HOG0001412	OG0001176	-	WP_005617103.1	DAKCFMEO_02683
N0.HOG0001413	OG0001177	-	WP_005617237.1	DAKCFMEO_00627
N0.HOG0001414	OG0001178	-	WP_005617294.1	DAKCFMEO_00651
N0.HOG0001415	OG0001179	-	WP_005617305.1	DAKCFMEO_02625
N0.HOG0001416	OG0001180	-	WP_005617338.1	DAKCFMEO_00706
N0.HOG0001417	OG0001181	-	WP_005617365.1	DAKCFMEO_00720
N0.HOG0001418	OG0001182	-	WP_005617455.1	DAKCFMEO_00779
N0.HOG0001419	OG0001183	-	WP_005617470.1	DAKCFMEO_00792
N0.HOG0001420	OG0001184	-	WP_005617488.1	DAKCFMEO_00835
N0.HOG0001421	OG0001185	-	WP_005617534.1	DAKCFMEO_00903
N0.HOG0001422	OG0001186	-	WP_005617589.1	DAKCFMEO_01351
N0.HOG0001423	OG0001187	-	WP_005617613.1	DAKCFMEO_01337
N0.HOG0001424	OG0001188	-	WP_005617714.1	DAKCFMEO_01378
N0.HOG0001425	OG0001189	-	WP_005618719.1	DAKCFMEO_00663
N0.HOG0001426	OG0001190	-	WP_005618859.1	DAKCFMEO_01409
N0.HOG0001427	OG0001191	-	WP_005618952.1	DAKCFMEO_01507
N0.HOG0001428	OG0001192	-	WP_005619059.1	DAKCFMEO_01532
N0.HOG0001429	OG0001193	-	WP_005619067.1	DAKCFMEO_01541
N0.HOG0001430	OG0001194	-	WP_005619235.1	DAKCFMEO_04691
N0.HOG0001431	OG0001195	-	WP_005619360.1	DAKCFMEO_04591
N0.HOG0001432	OG0001196	-	WP_005619395.1	DAKCFMEO_04553
N0.HOG0001433	OG0001197	-	WP_005619515.1	DAKCFMEO_04377
N0.HOG0001434	OG0001198	-	WP_005619689.1	DAKCFMEO_04264
N0.HOG0001435	OG0001199	-	WP_005619727.1	DAKCFMEO_04240
N0.HOG0001436	OG0001200	-	WP_005619831.1	DAKCFMEO_04153
N0.HOG0001437	OG0001201	-	WP_005619852.1	DAKCFMEO_04162
N0.HOG0001438	OG0001202	-	WP_005619903.1	DAKCFMEO_04476
N0.HOG0001439	OG0001203	-	WP_005619926.1	DAKCFMEO_00075
N0.HOG0001440	OG0001204	-	WP_005619982.1	DAKCFMEO_00110
N0.HOG0001441	OG0001205	-	WP_005619985.1	DAKCFMEO_00112
N0.HOG0001442	OG0001206	-	WP_005620033.1	DAKCFMEO_00155
N0.HOG0001443	OG0001207	-	WP_005620091.1	DAKCFMEO_00212
N0.HOG0001444	OG0001208	-	WP_005620106.1	DAKCFMEO_00219
N0.HOG0001445	OG0001209	-	WP_005620206.1	DAKCFMEO_00299
N0.HOG0001446	OG0001210	-	WP_005620274.1	DAKCFMEO_00375
N0.HOG0001447	OG0001211	-	WP_005620303.1	DAKCFMEO_00405
N0.HOG0001448	OG0001212	-	WP_005620308.1	DAKCFMEO_00409
N0.HOG0001449	OG0001213	-	WP_005620321.1	DAKCFMEO_00422
N0.HOG0001450	OG0001214	-	WP_005620333.1	DAKCFMEO_00437
N0.HOG0001451	OG0001215	-	WP_005620338.1	DAKCFMEO_00442
N0.HOG0001452	OG0001216	-	WP_005620402.1	DAKCFMEO_01683
N0.HOG0001453	OG0001217	-	WP_005620411.1	DAKCFMEO_01691
N0.HOG0001454	OG0001218	-	WP_005620437.1	DAKCFMEO_01704
N0.HOG0001455	OG0001219	-	WP_005620479.1	DAKCFMEO_01808
N0.HOG0001456	OG0001220	-	WP_005620645.1	DAKCFMEO_04814
N0.HOG0001457	OG0001221	-	WP_005620823.1	DAKCFMEO_04879
N0.HOG0001458	OG0001222	-	WP_005620859.1	DAKCFMEO_04882
N0.HOG0001459	OG0001223	-	WP_005620970.1	DAKCFMEO_04982
N0.HOG0001460	OG0001224	-	WP_005621029.1	DAKCFMEO_04999
N0.HOG0001461	OG0001225	-	WP_005621194.1	DAKCFMEO_05100
N0.HOG0001462	OG0001226	-	WP_005621218.1	DAKCFMEO_05062
N0.HOG0001463	OG0001227	-	WP_005621372.1	DAKCFMEO_01973
N0.HOG0001464	OG0001228	-	WP_005621407.1	DAKCFMEO_01949
N0.HOG0001465	OG0001229	-	WP_005621582.1	DAKCFMEO_05199
N0.HOG0001466	OG0001230	-	WP_005621585.1	DAKCFMEO_05200
N0.HOG0001467	OG0001231	-	WP_005621742.1	DAKCFMEO_05263
N0.HOG0001468	OG0001232	-	WP_005621857.1	DAKCFMEO_01577
N0.HOG0001469	OG0001233	-	WP_005621919.1	DAKCFMEO_01550
N0.HOG0001470	OG0001234	-	WP_005731386.1	DAKCFMEO_02399
N0.HOG0001471	OG0001235	-	WP_005736179.1	DAKCFMEO_03157
N0.HOG0001472	OG0001236	-	WP_005736188.1	DAKCFMEO_03167
N0.HOG0001473	OG0001237	-	WP_005736309.1	DAKCFMEO_03330
N0.HOG0001474	OG0001238	-	WP_005736422.1	DAKCFMEO_02978
N0.HOG0001475	OG0001239	-	WP_005736458.1	DAKCFMEO_02726
N0.HOG0001476	OG0001240	-	WP_005736511.1	DAKCFMEO_02790
N0.HOG0001477	OG0001241	-	WP_005736521.1	DAKCFMEO_03376
N0.HOG0001478	OG0001242	-	WP_005736538.1	DAKCFMEO_03402
N0.HOG0001479	OG0001243	-	WP_005736543.1	DAKCFMEO_03409
N0.HOG0001480	OG0001244	-	WP_005736551.1	DAKCFMEO_03417
N0.HOG0001481	OG0001245	-	WP_005736559.1	DAKCFMEO_03426
N0.HOG0001482	OG0001246	-	WP_005736691.1	DAKCFMEO_00546
N0.HOG0001483	OG0001247	-	WP_005736753.1	DAKCFMEO_03607
N0.HOG0001484	OG0001248	-	WP_005736842.1	DAKCFMEO_04867
N0.HOG0001485	OG0001249	-	WP_005736856.1	DAKCFMEO_04891
N0.HOG0001486	OG0001250	-	WP_005736885.1	DAKCFMEO_04926
N0.HOG0001487	OG0001251	-	WP_005736892.1	DAKCFMEO_04936
N0.HOG0001488	OG0001252	-	WP_005736950.1	DAKCFMEO_05004
N0.HOG0001489	OG0001253	-	WP_005736951.1	DAKCFMEO_05007
N0.HOG0001490	OG0001254	-	WP_005737007.1	DAKCFMEO_05147
N0.HOG0001491	OG0001255	-	WP_005737044.1	DAKCFMEO_01959
N0.HOG0001492	OG0001256	-	WP_005737104.1	DAKCFMEO_02024
N0.HOG0001493	OG0001257	-	WP_005737150.1	DAKCFMEO_05225
N0.HOG0001494	OG0001258	-	WP_005737390.1	DAKCFMEO_05112
N0.HOG0001495	OG0001259	-	WP_005737391.1	DAKCFMEO_02139
N0.HOG0001496	OG0001260	-	WP_005737430.1	DAKCFMEO_04963
N0.HOG0001497	OG0001261	-	WP_005737440.1	DAKCFMEO_05041
N0.HOG0001498	OG0001262	-	WP_005737465.1	DAKCFMEO_04972
N0.HOG0001499	OG0001263	-	WP_005737718.1	DAKCFMEO_01187
N0.HOG0001500	OG0001264	-	WP_005737770.1	DAKCFMEO_01121
N0.HOG0001501	OG0001265	-	WP_005737860.1	DAKCFMEO_04094
N0.HOG0001502	OG0001266	-	WP_005737926.1	DAKCFMEO_04021
N0.HOG0001503	OG0001267	-	WP_005737927.1	DAKCFMEO_04019
N0.HOG0001504	OG0001268	-	WP_005737978.1	DAKCFMEO_00769
N0.HOG0001505	OG0001269	-	WP_005738001.1	DAKCFMEO_00738
N0.HOG0001506	OG0001270	-	WP_005738027.1	DAKCFMEO_00693
N0.HOG0001507	OG0001271	-	WP_005738079.1	DAKCFMEO_00653
N0.HOG0001508	OG0001272	-	WP_005738085.1	DAKCFMEO_00643
N0.HOG0001509	OG0001273	-	WP_005738107.1	DAKCFMEO_00610
N0.HOG0001510	OG0001274	-	WP_005738376.1	DAKCFMEO_02632
N0.HOG0001511	OG0001275	-	WP_005738377.1	DAKCFMEO_02633
N0.HOG0001512	OG0001276	-	WP_005738493.1	DAKCFMEO_01381
N0.HOG0001513	OG0001277	-	WP_005738602.1	DAKCFMEO_01933
N0.HOG0001514	OG0001278	-	WP_005738807.1	DAKCFMEO_00773
N0.HOG0001515	OG0001279	-	WP_005738829.1	DAKCFMEO_00811
N0.HOG0001516	OG0001280	-	WP_005739010.1	DAKCFMEO_02254
N0.HOG0001517	OG0001281	-	WP_005739017.1	DAKCFMEO_02244
N0.HOG0001518	OG0001282	-	WP_005739040.1	DAKCFMEO_00403
N0.HOG0001519	OG0001283	-	WP_005739059.1	DAKCFMEO_00431
N0.HOG0001520	OG0001284	-	WP_005739097.1	DAKCFMEO_01687
N0.HOG0001521	OG0001285	-	WP_005739136.1	DAKCFMEO_00149
N0.HOG0001522	OG0001286	-	WP_005739198.1	DAKCFMEO_00233
N0.HOG0001523	OG0001287	-	WP_005739341.1	DAKCFMEO_03977
N0.HOG0001524	OG0001288	-	WP_005739372.1	DAKCFMEO_03950
N0.HOG0001525	OG0001289	-	WP_005739483.1	DAKCFMEO_00284
N0.HOG0001526	OG0001290	-	WP_005739559.1	DAKCFMEO_05067
N0.HOG0001527	OG0001291	-	WP_005739631.1	DAKCFMEO_02180
N0.HOG0001528	OG0001292	-	WP_005739655.1	DAKCFMEO_01571
N0.HOG0001529	OG0001293	-	WP_005739694.1	DAKCFMEO_01220
N0.HOG0001530	OG0001294	-	WP_005739770.1	DAKCFMEO_04125
N0.HOG0001531	OG0001295	-	WP_005739807.1	DAKCFMEO_02832
N0.HOG0001532	OG0001296	-	WP_005739815.1	DAKCFMEO_02842
N0.HOG0001533	OG0001297	-	WP_005740060.1	DAKCFMEO_04335
N0.HOG0001534	OG0001298	-	WP_005740065.1	DAKCFMEO_04339
N0.HOG0001535	OG0001299	-	WP_005740131.1	DAKCFMEO_00089
N0.HOG0001536	OG0001300	-	WP_005740134.1	DAKCFMEO_00088
N0.HOG0001537	OG0001301	-	WP_005740210.1	DAKCFMEO_04478
N0.HOG0001538	OG0001302	-	WP_005740539.1	DAKCFMEO_00047
N0.HOG0001539	OG0001303	-	WP_005740596.1	DAKCFMEO_04512
N0.HOG0001540	OG0001304	-	WP_005740605.1	DAKCFMEO_04505
N0.HOG0001541	OG0001305	-	WP_005741073.1, WP_011104225.1	
N0.HOG0001542	OG0001306	-	WP_005760598.1	DAKCFMEO_04745
N0.HOG0001543	OG0001307	-	WP_005767133.1, WP_005760693.1	
N0.HOG0001544	OG0001308	-	WP_005760695.1	DAKCFMEO_01549
N0.HOG0001545	OG0001309	-	WP_005760710.1	DAKCFMEO_04275
N0.HOG0001546	OG0001310	-	WP_005762368.1	DAKCFMEO_03819
N0.HOG0001547	OG0001311	-	WP_005762396.1	DAKCFMEO_03807
N0.HOG0001548	OG0001312	-	WP_005762406.1	DAKCFMEO_03803
N0.HOG0001549	OG0001313	-	WP_005762408.1	DAKCFMEO_03802
N0.HOG0001550	OG0001314	-	WP_005762418.1	DAKCFMEO_03792
N0.HOG0001551	OG0001315	-	WP_005762447.1	DAKCFMEO_03778
N0.HOG0001552	OG0001316	-	WP_005762465.1	DAKCFMEO_03770
N0.HOG0001553	OG0001317	-	WP_005762472.1	DAKCFMEO_03767
N0.HOG0001554	OG0001318	-	WP_005762474.1	DAKCFMEO_03766
N0.HOG0001555	OG0001319	-	WP_005762476.1	DAKCFMEO_03765
N0.HOG0001556	OG0001320	-	WP_005762486.1	DAKCFMEO_03759
N0.HOG0001557	OG0001321	-	WP_005762487.1	DAKCFMEO_03758
N0.HOG0001558	OG0001322	-	WP_005762491.1	DAKCFMEO_03754
N0.HOG0001559	OG0001323	-	WP_005762514.1	DAKCFMEO_03740
N0.HOG0001560	OG0001324	-	WP_005762534.1	DAKCFMEO_03730
N0.HOG0001561	OG0001325	-	WP_005762543.1	DAKCFMEO_03726
N0.HOG0001562	OG0001326	-	WP_005762545.1	DAKCFMEO_03725
N0.HOG0001563	OG0001327	-	WP_005762555.1	DAKCFMEO_03722
N0.HOG0001564	OG0001328	-	WP_005762564.1	DAKCFMEO_03716
N0.HOG0001565	OG0001329	-	WP_005762569.1	DAKCFMEO_03712
N0.HOG0001566	OG0001330	-	WP_005762572.1	DAKCFMEO_03709
N0.HOG0001567	OG0001331	-	WP_005762574.1	DAKCFMEO_01193
N0.HOG0001568	OG0001332	-	WP_005762577.1	DAKCFMEO_01192
N0.HOG0001569	OG0001333	-	WP_005762579.1	DAKCFMEO_01190
N0.HOG0001570	OG0001334	-	WP_005762586.1	DAKCFMEO_01186
N0.HOG0001571	OG0001335	-	WP_005762602.1	DAKCFMEO_01177
N0.HOG0001572	OG0001336	-	WP_005762604.1	DAKCFMEO_01176
N0.HOG0001573	OG0001337	-	WP_005762606.1	DAKCFMEO_01172
N0.HOG0001574	OG0001338	-	WP_005762608.1	DAKCFMEO_01171
N0.HOG0001575	OG0001339	-	WP_005762615.1	DAKCFMEO_01166
N0.HOG0001576	OG0001340	-	WP_005762617.1	DAKCFMEO_01165
N0.HOG0001577	OG0001341	-	WP_005762619.1	DAKCFMEO_01164
N0.HOG0001578	OG0001342	-	WP_005762621.1	DAKCFMEO_01163
N0.HOG0001579	OG0001343	-	WP_005762629.1	DAKCFMEO_04398
N0.HOG0001580	OG0001344	-	WP_005762644.1	DAKCFMEO_01125
N0.HOG0001581	OG0001345	-	WP_005762646.1	DAKCFMEO_01124
N0.HOG0001582	OG0001346	-	WP_005762667.1	DAKCFMEO_01114
N0.HOG0001583	OG0001347	-	WP_005762680.1	DAKCFMEO_01109
N0.HOG0001584	OG0001348	-	WP_005762684.1	DAKCFMEO_01105
N0.HOG0001585	OG0001349	-	WP_005762690.1	DAKCFMEO_01102
N0.HOG0001586	OG0001350	-	WP_005762697.1	DAKCFMEO_01099
N0.HOG0001587	OG0001351	-	WP_005762699.1	DAKCFMEO_01098
N0.HOG0001588	OG0001352	-	WP_005762701.1	DAKCFMEO_01096
N0.HOG0001589	OG0001353	-	WP_005762703.1	DAKCFMEO_01095
N0.HOG0001590	OG0001354	-	WP_005762776.1	DAKCFMEO_01041
N0.HOG0001591	OG0001355	-	WP_005762782.1	DAKCFMEO_01036
N0.HOG0001592	OG0001356	-	WP_005762784.1	DAKCFMEO_01035
N0.HOG0001593	OG0001357	-	WP_005762799.1	DAKCFMEO_04419
N0.HOG0001594	OG0001358	-	WP_005762801.1	DAKCFMEO_01108
N0.HOG0001595	OG0001359	-	WP_005762812.1	DAKCFMEO_01623
N0.HOG0001596	OG0001360	-	WP_005762856.1	DAKCFMEO_00885
N0.HOG0001597	OG0001361	-	WP_005762859.1	DAKCFMEO_00883
N0.HOG0001598	OG0001362	-	WP_005762866.1	DAKCFMEO_00879
N0.HOG0001599	OG0001363	-	WP_005762867.1	DAKCFMEO_00878
N0.HOG0001600	OG0001364	-	WP_005762869.1	DAKCFMEO_00876
N0.HOG0001601	OG0001365	-	WP_005762883.1	DAKCFMEO_01383
N0.HOG0001602	OG0001366	-	WP_005762885.1	DAKCFMEO_01384
N0.HOG0001603	OG0001367	-	WP_005762887.1	DAKCFMEO_01385
N0.HOG0001604	OG0001368	-	WP_005762889.1	DAKCFMEO_01386
N0.HOG0001605	OG0001369	-	WP_005762891.1	DAKCFMEO_01388
N0.HOG0001606	OG0001370	-	WP_005762940.1	DAKCFMEO_04987
N0.HOG0001607	OG0001371	-	WP_005762944.1	DAKCFMEO_04985
N0.HOG0001608	OG0001372	-	WP_005762949.1	DAKCFMEO_04983
N0.HOG0001609	OG0001373	-	WP_005762952.1	DAKCFMEO_04981
N0.HOG0001610	OG0001374	-	WP_005762954.1	DAKCFMEO_04979
N0.HOG0001611	OG0001375	-	WP_005762956.1	DAKCFMEO_04978
N0.HOG0001612	OG0001376	-	WP_005762959.1	DAKCFMEO_04955
N0.HOG0001613	OG0001377	-	WP_005762965.1	DAKCFMEO_04949
N0.HOG0001614	OG0001378	-	WP_005762970.1	DAKCFMEO_04943
N0.HOG0001615	OG0001379	-	WP_005762973.1	DAKCFMEO_04940
N0.HOG0001616	OG0001380	-	WP_005762975.1	DAKCFMEO_04938
N0.HOG0001617	OG0001381	-	WP_005762979.1	DAKCFMEO_04932
N0.HOG0001618	OG0001382	-	WP_005762987.1	DAKCFMEO_04917
N0.HOG0001619	OG0001383	-	WP_005762992.1	DAKCFMEO_04911
N0.HOG0001620	OG0001384	-	WP_005763001.1	DAKCFMEO_04903
N0.HOG0001621	OG0001385	-	WP_005763003.1	DAKCFMEO_04902
N0.HOG0001622	OG0001386	-	WP_005763005.1	DAKCFMEO_04901
N0.HOG0001623	OG0001387	-	WP_005763007.1	DAKCFMEO_04900
N0.HOG0001624	OG0001388	-	WP_005763015.1	DAKCFMEO_04895
N0.HOG0001625	OG0001389	-	WP_005763025.1	DAKCFMEO_04889
N0.HOG0001626	OG0001390	-	WP_005763027.1	DAKCFMEO_04888
N0.HOG0001627	OG0001391	-	WP_005763035.1	DAKCFMEO_04876
N0.HOG0001628	OG0001392	-	WP_005763045.1	DAKCFMEO_04871
N0.HOG0001629	OG0001393	-	WP_005763059.1	DAKCFMEO_04861
N0.HOG0001630	OG0001394	-	WP_005763065.1	DAKCFMEO_04857
N0.HOG0001631	OG0001395	-	WP_005763069.1	DAKCFMEO_04855
N0.HOG0001632	OG0001396	-	WP_005763077.1	DAKCFMEO_04851
N0.HOG0001633	OG0001397	-	WP_005763080.1	DAKCFMEO_04849
N0.HOG0001634	OG0001398	-	WP_005763098.1	DAKCFMEO_04840
N0.HOG0001635	OG0001399	-	WP_005763104.1	DAKCFMEO_04837
N0.HOG0001636	OG0001400	-	WP_005763106.1	DAKCFMEO_04836
N0.HOG0001637	OG0001401	-	WP_005763108.1	DAKCFMEO_04835
N0.HOG0001638	OG0001402	-	WP_005763115.1	DAKCFMEO_04832
N0.HOG0001639	OG0001403	-	WP_005763119.1	DAKCFMEO_04828
N0.HOG0001640	OG0001404	-	WP_005763123.1	DAKCFMEO_04826
N0.HOG0001641	OG0001405	-	WP_005763127.1	DAKCFMEO_03616
N0.HOG0001642	OG0001406	-	WP_005763130.1	DAKCFMEO_03618
N0.HOG0001643	OG0001407	-	WP_005763134.1	DAKCFMEO_03620
N0.HOG0001644	OG0001408	-	WP_005763136.1	DAKCFMEO_03621
N0.HOG0001645	OG0001409	-	WP_005763150.1	DAKCFMEO_03626
N0.HOG0001646	OG0001410	-	WP_005763161.1	DAKCFMEO_03631
N0.HOG0001647	OG0001411	-	WP_005763174.1	DAKCFMEO_03638
N0.HOG0001648	OG0001412	-	WP_005763178.1	DAKCFMEO_03640
N0.HOG0001649	OG0001413	-	WP_005763182.1	DAKCFMEO_03642
N0.HOG0001650	OG0001414	-	WP_005763190.1	DAKCFMEO_03646
N0.HOG0001651	OG0001415	-	WP_005763193.1	DAKCFMEO_03647
N0.HOG0001652	OG0001416	-	WP_005763203.1	DAKCFMEO_03655
N0.HOG0001653	OG0001417	-	WP_005763213.1	DAKCFMEO_03660
N0.HOG0001654	OG0001418	-	WP_005763215.1	DAKCFMEO_03661
N0.HOG0001655	OG0001419	-	WP_005763217.1	DAKCFMEO_03662
N0.HOG0001656	OG0001420	-	WP_005763225.1	DAKCFMEO_03600
N0.HOG0001657	OG0001421	-	WP_005763231.1	DAKCFMEO_03603
N0.HOG0001658	OG0001422	-	WP_005763243.1	DAKCFMEO_03611
N0.HOG0001659	OG0001423	-	WP_005763246.1	DAKCFMEO_03613
N0.HOG0001660	OG0001424	-	WP_005763254.1	DAKCFMEO_04822
N0.HOG0001661	OG0001425	-	WP_005763270.1	DAKCFMEO_04815
N0.HOG0001662	OG0001426	-	WP_005763279.1	DAKCFMEO_04808
N0.HOG0001663	OG0001427	-	WP_005763284.1	DAKCFMEO_04806
N0.HOG0001664	OG0001428	-	WP_005763292.1	DAKCFMEO_04801
N0.HOG0001665	OG0001429	-	WP_005763294.1	DAKCFMEO_04800
N0.HOG0001666	OG0001430	-	WP_005763322.1	DAKCFMEO_02052
N0.HOG0001667	OG0001431	-	WP_005763424.1	DAKCFMEO_05160
N0.HOG0001668	OG0001432	-	WP_005763440.1	DAKCFMEO_01980
N0.HOG0001669	OG0001433	-	WP_005763446.1	DAKCFMEO_01983
N0.HOG0001670	OG0001434	-	WP_005763448.1	DAKCFMEO_01984
N0.HOG0001671	OG0001435	-	WP_005763452.1	DAKCFMEO_01986
N0.HOG0001672	OG0001436	-	WP_005763453.1	DAKCFMEO_01987
N0.HOG0001673	OG0001437	-	WP_005763455.1	DAKCFMEO_01988
N0.HOG0001674	OG0001438	-	WP_005763456.1	DAKCFMEO_01989
N0.HOG0001675	OG0001439	-	WP_005763459.1	DAKCFMEO_01990
N0.HOG0001676	OG0001440	-	WP_005763462.1	DAKCFMEO_01991
N0.HOG0001677	OG0001441	-	WP_005763465.1	DAKCFMEO_01993
N0.HOG0001678	OG0001442	-	WP_005763490.1	DAKCFMEO_02185
N0.HOG0001679	OG0001443	-	WP_005763493.1	DAKCFMEO_02188
N0.HOG0001680	OG0001444	-	WP_005763495.1	DAKCFMEO_02190
N0.HOG0001681	OG0001445	-	WP_005763524.1	DAKCFMEO_02143
N0.HOG0001682	OG0001446	-	WP_005763543.1	DAKCFMEO_02148
N0.HOG0001683	OG0001447	-	WP_005763550.1	DAKCFMEO_02153
N0.HOG0001684	OG0001448	-	WP_005763555.1	DAKCFMEO_02158
N0.HOG0001685	OG0001449	-	WP_005763560.1	DAKCFMEO_02161
N0.HOG0001686	OG0001450	-	WP_005763563.1	DAKCFMEO_02165
N0.HOG0001687	OG0001451	-	WP_005763565.1	DAKCFMEO_02166
N0.HOG0001688	OG0001452	-	WP_005763567.1	DAKCFMEO_02167
N0.HOG0001689	OG0001453	-	WP_005763589.1	DAKCFMEO_04961
N0.HOG0001690	OG0001454	-	WP_005763591.1	DAKCFMEO_04960
N0.HOG0001691	OG0001455	-	WP_005763601.1	DAKCFMEO_04975
N0.HOG0001692	OG0001456	-	WP_005763607.1	DAKCFMEO_05047
N0.HOG0001693	OG0001457	-	WP_005763611.1	DAKCFMEO_05044
N0.HOG0001694	OG0001458	-	WP_005763613.1	DAKCFMEO_05043
N0.HOG0001695	OG0001459	-	WP_005763614.1	DAKCFMEO_05042
N0.HOG0001696	OG0001460	-	WP_005763618.1	DAKCFMEO_05040
N0.HOG0001697	OG0001461	-	WP_005763630.1	DAKCFMEO_05036
N0.HOG0001698	OG0001462	-	WP_005763636.1	DAKCFMEO_05031
N0.HOG0001699	OG0001463	-	WP_005763638.1	DAKCFMEO_05030
N0.HOG0001700	OG0001464	-	WP_005763640.1	DAKCFMEO_05029
N0.HOG0001701	OG0001465	-	WP_005763645.1	DAKCFMEO_05022
N0.HOG0001702	OG0001466	-	WP_005763647.1	DAKCFMEO_05052
N0.HOG0001703	OG0001467	-	WP_005763651.1	DAKCFMEO_05054
N0.HOG0001704	OG0001468	-	WP_005763655.1	DAKCFMEO_04973
N0.HOG0001705	OG0001469	-	WP_005763658.1	DAKCFMEO_04974
N0.HOG0001706	OG0001470	-	WP_005763669.1	DAKCFMEO_02945
N0.HOG0001707	OG0001471	-	WP_005763674.1	DAKCFMEO_02951
N0.HOG0001708	OG0001472	-	WP_005763676.1	DAKCFMEO_02953
N0.HOG0001709	OG0001473	-	WP_005763685.1	DAKCFMEO_02961
N0.HOG0001710	OG0001474	-	WP_005763688.1	DAKCFMEO_02963
N0.HOG0001711	OG0001475	-	WP_005763692.1	DAKCFMEO_04970
N0.HOG0001712	OG0001476	-	WP_005763694.1	DAKCFMEO_04968
N0.HOG0001713	OG0001477	-	WP_005763699.1	DAKCFMEO_04965
N0.HOG0001714	OG0001478	-	WP_005763705.1	DAKCFMEO_02938
N0.HOG0001715	OG0001479	-	WP_005763732.1	DAKCFMEO_02936
N0.HOG0001716	OG0001480	-	WP_005763735.1	DAKCFMEO_02935
N0.HOG0001717	OG0001481	-	WP_005763737.1	DAKCFMEO_02933
N0.HOG0001718	OG0001482	-	WP_005763739.1	DAKCFMEO_02932
N0.HOG0001719	OG0001483	-	WP_005763742.1	DAKCFMEO_02931
N0.HOG0001720	OG0001484	-	WP_005763744.1	DAKCFMEO_02930
N0.HOG0001721	OG0001485	-	WP_005763753.1	DAKCFMEO_02927
N0.HOG0001722	OG0001486	-	WP_005763757.1	DAKCFMEO_02925
N0.HOG0001723	OG0001487	-	WP_005763760.1	DAKCFMEO_02924
N0.HOG0001724	OG0001488	-	WP_005763762.1	DAKCFMEO_02923
N0.HOG0001725	OG0001489	-	WP_005763768.1	DAKCFMEO_02921
N0.HOG0001726	OG0001490	-	WP_005763772.1	DAKCFMEO_02919
N0.HOG0001727	OG0001491	-	WP_005763797.1	DAKCFMEO_02913
N0.HOG0001728	OG0001492	-	WP_005763799.1	DAKCFMEO_02912
N0.HOG0001729	OG0001493	-	WP_005763801.1	DAKCFMEO_02909
N0.HOG0001730	OG0001494	-	WP_005763807.1	DAKCFMEO_02906
N0.HOG0001731	OG0001495	-	WP_005763809.1	DAKCFMEO_02904
N0.HOG0001732	OG0001496	-	WP_005763811.1	DAKCFMEO_01905
N0.HOG0001733	OG0001497	-	WP_005763812.1	DAKCFMEO_01242
N0.HOG0001734	OG0001498	-	WP_005763843.1	DAKCFMEO_03044
N0.HOG0001735	OG0001499	-	WP_005763898.1	DAKCFMEO_01486
N0.HOG0001736	OG0001500	-	WP_005769591.1, WP_005763904.1	
N0.HOG0001737	OG0001501	-	WP_005763915.1	DAKCFMEO_01477
N0.HOG0001738	OG0001502	-	WP_005763938.1	DAKCFMEO_04795
N0.HOG0001739	OG0001503	-	WP_005763940.1	DAKCFMEO_04479
N0.HOG0001740	OG0001504	-	WP_005763950.1	DAKCFMEO_01766
N0.HOG0001741	OG0001505	-	WP_005763952.1	DAKCFMEO_01767
N0.HOG0001742	OG0001506	-	WP_005763959.1	DAKCFMEO_01770
N0.HOG0001743	OG0001507	-	WP_005763961.1	DAKCFMEO_01771
N0.HOG0001744	OG0001508	-	WP_005763967.1	DAKCFMEO_01773
N0.HOG0001745	OG0001509	-	WP_005763992.1	DAKCFMEO_03019
N0.HOG0001746	OG0001510	-	WP_005764019.1	DAKCFMEO_03012
N0.HOG0001747	OG0001511	-	WP_005764026.1	DAKCFMEO_03006
N0.HOG0001748	OG0001512	-	WP_005764038.1	DAKCFMEO_02995
N0.HOG0001749	OG0001513	-	WP_005764043.1	DAKCFMEO_02991
N0.HOG0001750	OG0001514	-	WP_005764045.1	DAKCFMEO_02988
N0.HOG0001751	OG0001515	-	WP_005764046.1	DAKCFMEO_02987
N0.HOG0001752	OG0001516	-	WP_005764047.1	DAKCFMEO_02986
N0.HOG0001753	OG0001517	-	WP_005764048.1	DAKCFMEO_02983
N0.HOG0001754	OG0001518	-	WP_005764051.1	DAKCFMEO_02976
N0.HOG0001755	OG0001519	-	WP_005764052.1	DAKCFMEO_02975
N0.HOG0001756	OG0001520	-	WP_005764053.1	DAKCFMEO_02974
N0.HOG0001757	OG0001521	-	WP_005764054.1	DAKCFMEO_02971
N0.HOG0001758	OG0001522	-	WP_005764067.1	DAKCFMEO_02966
N0.HOG0001759	OG0001523	-	WP_005764071.1	DAKCFMEO_03293
N0.HOG0001760	OG0001524	-	WP_005764073.1	DAKCFMEO_03295
N0.HOG0001761	OG0001525	-	WP_005764078.1	DAKCFMEO_03297
N0.HOG0001762	OG0001526	-	WP_005764084.1	DAKCFMEO_03301
N0.HOG0001763	OG0001527	-	WP_005764092.1	DAKCFMEO_03304
N0.HOG0001764	OG0001528	-	WP_005764094.1	DAKCFMEO_03305
N0.HOG0001765	OG0001529	-	WP_005764101.1	DAKCFMEO_03290
N0.HOG0001766	OG0001530	-	WP_005764104.1	DAKCFMEO_03289
N0.HOG0001767	OG0001531	-	WP_005764106.1	DAKCFMEO_02716
N0.HOG0001768	OG0001532	-	WP_005764108.1	DAKCFMEO_02717
N0.HOG0001769	OG0001533	-	WP_005764110.1	DAKCFMEO_02718
N0.HOG0001770	OG0001534	-	WP_005764114.1	DAKCFMEO_02721
N0.HOG0001771	OG0001535	-	WP_005764116.1	DAKCFMEO_02723
N0.HOG0001772	OG0001536	-	WP_005764130.1	DAKCFMEO_02727
N0.HOG0001773	OG0001537	-	WP_005764132.1	DAKCFMEO_02728
N0.HOG0001774	OG0001538	-	WP_005764136.1	DAKCFMEO_02731
N0.HOG0001775	OG0001539	-	WP_005764140.1	DAKCFMEO_02732
N0.HOG0001776	OG0001540	-	WP_005764142.1	DAKCFMEO_02733
N0.HOG0001777	OG0001541	-	WP_005764144.1	DAKCFMEO_02734
N0.HOG0001778	OG0001542	-	WP_005764169.1	DAKCFMEO_02746
N0.HOG0001779	OG0001543	-	WP_005764177.1	DAKCFMEO_02751
N0.HOG0001780	OG0001544	-	WP_005764206.1	DAKCFMEO_02763
N0.HOG0001781	OG0001545	-	WP_005764221.1	DAKCFMEO_02770
N0.HOG0001782	OG0001546	-	WP_005764227.1	DAKCFMEO_02773
N0.HOG0001783	OG0001547	-	WP_005764229.1	DAKCFMEO_02774
N0.HOG0001784	OG0001548	-	WP_005764231.1	DAKCFMEO_02775
N0.HOG0001785	OG0001549	-	WP_005764246.1	DAKCFMEO_03951
N0.HOG0001786	OG0001550	-	WP_005764255.1	DAKCFMEO_03943
N0.HOG0001787	OG0001551	-	WP_005764266.1	DAKCFMEO_03938
N0.HOG0001788	OG0001552	-	WP_005764318.1	DAKCFMEO_03930
N0.HOG0001789	OG0001553	-	WP_005764319.1	DAKCFMEO_03929
N0.HOG0001790	OG0001554	-	WP_005764325.1	DAKCFMEO_03923
N0.HOG0001791	OG0001555	-	WP_005764330.1	DAKCFMEO_03920
N0.HOG0001792	OG0001556	-	WP_005764344.1	DAKCFMEO_03906
N0.HOG0001793	OG0001557	-	WP_005764391.1	DAKCFMEO_04173
N0.HOG0001794	OG0001558	-	WP_005764393.1	DAKCFMEO_04174
N0.HOG0001795	OG0001559	-	WP_005764395.1	DAKCFMEO_04175
N0.HOG0001796	OG0001560	-	WP_005764399.1	DAKCFMEO_04177
N0.HOG0001797	OG0001561	-	WP_011104005.1, WP_005764404.1	
N0.HOG0001798	OG0001562	-	WP_005764417.1	DAKCFMEO_03903
N0.HOG0001799	OG0001563	-	WP_005764418.1	DAKCFMEO_03904
N0.HOG0001800	OG0001564	-	WP_005764425.1	DAKCFMEO_04020
N0.HOG0001801	OG0001565	-	WP_005764454.1	DAKCFMEO_04039
N0.HOG0001802	OG0001566	-	WP_005764492.1	DAKCFMEO_04013
N0.HOG0001803	OG0001567	-	WP_005764499.1	DAKCFMEO_01006
N0.HOG0001804	OG0001568	-	WP_005764523.1	DAKCFMEO_03956
N0.HOG0001805	OG0001569	-	WP_005764543.1	DAKCFMEO_03965
N0.HOG0001806	OG0001570	-	WP_005764558.1	DAKCFMEO_03972
N0.HOG0001807	OG0001571	-	WP_005764591.1	DAKCFMEO_00606
N0.HOG0001808	OG0001572	-	WP_005764620.1	DAKCFMEO_04006
N0.HOG0001809	OG0001573	-	WP_005764626.1	DAKCFMEO_04009
N0.HOG0001810	OG0001574	-	WP_005764689.1	DAKCFMEO_00886
N0.HOG0001811	OG0001575	-	WP_005764714.1	DAKCFMEO_00250
N0.HOG0001812	OG0001576	-	WP_005764716.1	DAKCFMEO_00249
N0.HOG0001813	OG0001577	-	WP_005764727.1	DAKCFMEO_00245
N0.HOG0001814	OG0001578	-	WP_005764729.1	DAKCFMEO_00244
N0.HOG0001815	OG0001579	-	WP_005764735.1	DAKCFMEO_00242
N0.HOG0001816	OG0001580	-	WP_005764738.1	DAKCFMEO_00241
N0.HOG0001817	OG0001581	-	WP_005764742.1	DAKCFMEO_00237
N0.HOG0001818	OG0001582	-	WP_005764744.1	DAKCFMEO_00235
N0.HOG0001819	OG0001583	-	WP_005764747.1	DAKCFMEO_00234
N0.HOG0001820	OG0001584	-	WP_005764752.1	DAKCFMEO_00231
N0.HOG0001821	OG0001585	-	WP_005764756.1	DAKCFMEO_00227
N0.HOG0001822	OG0001586	-	WP_005764762.1	DAKCFMEO_00224
N0.HOG0001823	OG0001587	-	WP_005764764.1	DAKCFMEO_00223
N0.HOG0001824	OG0001588	-	WP_005764765.1	DAKCFMEO_00222
N0.HOG0001825	OG0001589	-	WP_005764769.1	DAKCFMEO_00216
N0.HOG0001826	OG0001590	-	WP_005764771.1	DAKCFMEO_00215
N0.HOG0001827	OG0001591	-	WP_005764772.1	DAKCFMEO_00214
N0.HOG0001828	OG0001592	-	WP_005764773.1	DAKCFMEO_00213
N0.HOG0001829	OG0001593	-	WP_005764775.1	DAKCFMEO_00210
N0.HOG0001830	OG0001594	-	WP_005764776.1	DAKCFMEO_00209
N0.HOG0001831	OG0001595	-	WP_005764777.1	DAKCFMEO_00208
N0.HOG0001832	OG0001596	-	WP_005764779.1	DAKCFMEO_00206
N0.HOG0001833	OG0001597	-	WP_005764781.1	DAKCFMEO_00205
N0.HOG0001834	OG0001598	-	WP_005764782.1	DAKCFMEO_00204
N0.HOG0001835	OG0001599	-	WP_005764783.1	DAKCFMEO_00203
N0.HOG0001836	OG0001600	-	WP_005764786.1	DAKCFMEO_00200
N0.HOG0001837	OG0001601	-	WP_005764787.1	DAKCFMEO_00199
N0.HOG0001838	OG0001602	-	WP_005764789.1	DAKCFMEO_00196
N0.HOG0001839	OG0001603	-	WP_005764790.1	DAKCFMEO_00195
N0.HOG0001840	OG0001604	-	WP_005764792.1	DAKCFMEO_00193
N0.HOG0001841	OG0001605	-	WP_005764794.1	DAKCFMEO_00192
N0.HOG0001842	OG0001606	-	WP_005764807.1	DAKCFMEO_00183
N0.HOG0001843	OG0001607	-	WP_005764809.1	DAKCFMEO_00182
N0.HOG0001844	OG0001608	-	WP_005764812.1	DAKCFMEO_00180
N0.HOG0001845	OG0001609	-	WP_005764814.1	DAKCFMEO_00179
N0.HOG0001846	OG0001610	-	WP_005764831.1	DAKCFMEO_00169
N0.HOG0001847	OG0001611	-	WP_005764836.1	DAKCFMEO_00165
N0.HOG0001848	OG0001612	-	WP_005764850.1	DAKCFMEO_00158
N0.HOG0001849	OG0001613	-	WP_005764852.1	DAKCFMEO_00157
N0.HOG0001850	OG0001614	-	WP_005764856.1	DAKCFMEO_00156
N0.HOG0001851	OG0001615	-	WP_005764864.1	DAKCFMEO_00147
N0.HOG0001852	OG0001616	-	WP_005764871.1	DAKCFMEO_00141
N0.HOG0001853	OG0001617	-	WP_005764877.1	DAKCFMEO_00138
N0.HOG0001854	OG0001618	-	WP_005764890.1	DAKCFMEO_00128
N0.HOG0001855	OG0001619	-	WP_005764896.1	DAKCFMEO_00127
N0.HOG0001856	OG0001620	-	WP_005764898.1	DAKCFMEO_00126
N0.HOG0001857	OG0001621	-	WP_005764901.1	DAKCFMEO_00125
N0.HOG0001858	OG0001622	-	WP_005764906.1	DAKCFMEO_00123
N0.HOG0001859	OG0001623	-	WP_005764909.1	DAKCFMEO_00114
N0.HOG0001860	OG0001624	-	WP_005764915.1	DAKCFMEO_00111
N0.HOG0001861	OG0001625	-	WP_005764917.1	DAKCFMEO_00109
N0.HOG0001862	OG0001626	-	WP_005764922.1	DAKCFMEO_00106
N0.HOG0001863	OG0001627	-	WP_005764923.1	DAKCFMEO_00103
N0.HOG0001864	OG0001628	-	WP_005764936.1	DAKCFMEO_00095
N0.HOG0001865	OG0001629	-	WP_005764940.1	DAKCFMEO_00094
N0.HOG0001866	OG0001630	-	WP_005764946.1	DAKCFMEO_00091
N0.HOG0001867	OG0001631	-	WP_005764969.1	DAKCFMEO_00080
N0.HOG0001868	OG0001632	-	WP_005764975.1	DAKCFMEO_00077
N0.HOG0001869	OG0001633	-	WP_005764980.1	DAKCFMEO_00062
N0.HOG0001870	OG0001634	-	WP_005765006.1	DAKCFMEO_04699
N0.HOG0001871	OG0001635	-	WP_005765011.1	DAKCFMEO_04698
N0.HOG0001872	OG0001636	-	WP_005765016.1	DAKCFMEO_04696
N0.HOG0001873	OG0001637	-	WP_005765020.1	DAKCFMEO_04694
N0.HOG0001874	OG0001638	-	WP_005765028.1	DAKCFMEO_04690
N0.HOG0001875	OG0001639	-	WP_005765031.1	DAKCFMEO_04689
N0.HOG0001876	OG0001640	-	WP_005765087.1	DAKCFMEO_04667
N0.HOG0001877	OG0001641	-	WP_005765089.1	DAKCFMEO_04665
N0.HOG0001878	OG0001642	-	WP_005765091.1	DAKCFMEO_04664
N0.HOG0001879	OG0001643	-	WP_005765093.1	DAKCFMEO_04663
N0.HOG0001880	OG0001644	-	WP_005765099.1	DAKCFMEO_04657
N0.HOG0001881	OG0001645	-	WP_005765101.1	DAKCFMEO_04656
N0.HOG0001882	OG0001646	-	WP_005765105.1	DAKCFMEO_04654
N0.HOG0001883	OG0001647	-	WP_005765108.1	DAKCFMEO_04653
N0.HOG0001884	OG0001648	-	WP_005765117.1	DAKCFMEO_04649
N0.HOG0001885	OG0001649	-	WP_005765119.1	DAKCFMEO_04648
N0.HOG0001886	OG0001650	-	WP_005765121.1	DAKCFMEO_04647
N0.HOG0001887	OG0001651	-	WP_005765125.1	DAKCFMEO_04642
N0.HOG0001888	OG0001652	-	WP_005765127.1	DAKCFMEO_04641
N0.HOG0001889	OG0001653	-	WP_005765129.1	DAKCFMEO_04639
N0.HOG0001890	OG0001654	-	WP_005765133.1	DAKCFMEO_04637
N0.HOG0001891	OG0001655	-	WP_005765135.1	DAKCFMEO_04636
N0.HOG0001892	OG0001656	-	WP_005765145.1	DAKCFMEO_04630
N0.HOG0001893	OG0001657	-	WP_005765154.1	DAKCFMEO_04627
N0.HOG0001894	OG0001658	-	WP_005765165.1	DAKCFMEO_04616
N0.HOG0001895	OG0001659	-	WP_005765167.1	DAKCFMEO_04615
N0.HOG0001896	OG0001660	-	WP_005765198.1	DAKCFMEO_04598
N0.HOG0001897	OG0001661	-	WP_005765211.1	DAKCFMEO_04576
N0.HOG0001898	OG0001662	-	WP_005765213.1	DAKCFMEO_04575
N0.HOG0001899	OG0001663	-	WP_005765220.1	DAKCFMEO_04568
N0.HOG0001900	OG0001664	-	WP_005765224.1	DAKCFMEO_04566
N0.HOG0001901	OG0001665	-	WP_005765253.1	DAKCFMEO_04547
N0.HOG0001902	OG0001666	-	WP_005765255.1	DAKCFMEO_04546
N0.HOG0001903	OG0001667	-	WP_005765257.1	DAKCFMEO_04545
N0.HOG0001904	OG0001668	-	WP_005765259.1	DAKCFMEO_04544
N0.HOG0001905	OG0001669	-	WP_005765268.1	DAKCFMEO_04538
N0.HOG0001906	OG0001670	-	WP_005765300.1	DAKCFMEO_04524
N0.HOG0001907	OG0001671	-	WP_005765302.1	DAKCFMEO_04523
N0.HOG0001908	OG0001672	-	WP_005765312.1	DAKCFMEO_04497
N0.HOG0001909	OG0001673	-	WP_005765316.1	DAKCFMEO_04496
N0.HOG0001910	OG0001674	-	WP_005765323.1	DAKCFMEO_04493
N0.HOG0001911	OG0001675	-	WP_005765329.1	DAKCFMEO_04491
N0.HOG0001912	OG0001676	-	WP_005765365.1	DAKCFMEO_04395
N0.HOG0001913	OG0001677	-	WP_005765391.1	DAKCFMEO_02137
N0.HOG0001914	OG0001678	-	WP_005765392.1	DAKCFMEO_02136
N0.HOG0001915	OG0001679	-	WP_005765398.1	DAKCFMEO_02132
N0.HOG0001916	OG0001680	-	WP_005765400.1	DAKCFMEO_02131
N0.HOG0001917	OG0001681	-	WP_005765402.1	DAKCFMEO_02130
N0.HOG0001918	OG0001682	-	WP_005765411.1	DAKCFMEO_02124
N0.HOG0001919	OG0001683	-	WP_005765415.1	DAKCFMEO_02122
N0.HOG0001920	OG0001684	-	WP_005765417.1	DAKCFMEO_02121
N0.HOG0001921	OG0001685	-	WP_005765423.1	DAKCFMEO_02118
N0.HOG0001922	OG0001686	-	WP_005765429.1	DAKCFMEO_02114
N0.HOG0001923	OG0001687	-	WP_005765431.1	DAKCFMEO_02113
N0.HOG0001924	OG0001688	-	WP_005765433.1	DAKCFMEO_02112
N0.HOG0001925	OG0001689	-	WP_005765469.1	DAKCFMEO_02111
N0.HOG0001926	OG0001690	-	WP_005765484.1	DAKCFMEO_05098
N0.HOG0001927	OG0001691	-	WP_005765495.1	DAKCFMEO_05103
N0.HOG0001928	OG0001692	-	WP_005765499.1	DAKCFMEO_05105
N0.HOG0001929	OG0001693	-	WP_005765501.1	DAKCFMEO_05107
N0.HOG0001930	OG0001694	-	WP_005765503.1	DAKCFMEO_05108
N0.HOG0001931	OG0001695	-	WP_005765516.1	DAKCFMEO_05064
N0.HOG0001932	OG0001696	-	WP_005765531.1	DAKCFMEO_05073
N0.HOG0001933	OG0001697	-	WP_005765539.1	DAKCFMEO_05081
N0.HOG0001934	OG0001698	-	WP_005765541.1	DAKCFMEO_05082
N0.HOG0001935	OG0001699	-	WP_005765550.1	DAKCFMEO_05089
N0.HOG0001936	OG0001700	-	WP_005765551.1	DAKCFMEO_05090
N0.HOG0001937	OG0001701	-	WP_005765552.1	DAKCFMEO_05091
N0.HOG0001938	OG0001702	-	WP_005765555.1	DAKCFMEO_05093
N0.HOG0001939	OG0001703	-	WP_005765557.1	DAKCFMEO_02109
N0.HOG0001940	OG0001704	-	WP_005765559.1	DAKCFMEO_02107
N0.HOG0001941	OG0001705	-	WP_005765561.1	DAKCFMEO_02105
N0.HOG0001942	OG0001706	-	WP_005765563.1	DAKCFMEO_02103
N0.HOG0001943	OG0001707	-	WP_005765567.1	DAKCFMEO_05128
N0.HOG0001944	OG0001708	-	WP_005765571.1	DAKCFMEO_05132
N0.HOG0001945	OG0001709	-	WP_005765582.1	DAKCFMEO_05138
N0.HOG0001946	OG0001710	-	WP_005765584.1	DAKCFMEO_05139
N0.HOG0001947	OG0001711	-	WP_005765610.1	DAKCFMEO_05152
N0.HOG0001948	OG0001712	-	WP_005765622.1	DAKCFMEO_01968
N0.HOG0001949	OG0001713	-	WP_005765633.1	DAKCFMEO_00810
N0.HOG0001950	OG0001714	-	WP_005765637.1	DAKCFMEO_00805
N0.HOG0001951	OG0001715	-	WP_005765644.1	DAKCFMEO_00800
N0.HOG0001952	OG0001716	-	WP_005765645.1	DAKCFMEO_00799
N0.HOG0001953	OG0001717	-	WP_005765647.1	DAKCFMEO_02421
N0.HOG0001954	OG0001718	-	WP_005765651.1	DAKCFMEO_00790
N0.HOG0001955	OG0001719	-	WP_005765654.1	DAKCFMEO_00787
N0.HOG0001956	OG0001720	-	WP_005765655.1	DAKCFMEO_00786
N0.HOG0001957	OG0001721	-	WP_005765657.1	DAKCFMEO_00781
N0.HOG0001958	OG0001722	-	WP_005765662.1	DAKCFMEO_00775
N0.HOG0001959	OG0001723	-	WP_005765672.1	DAKCFMEO_00768
N0.HOG0001960	OG0001724	-	WP_005765677.1	DAKCFMEO_00764
N0.HOG0001961	OG0001725	-	WP_005765681.1	DAKCFMEO_00758
N0.HOG0001962	OG0001726	-	WP_005765682.1	DAKCFMEO_00756
N0.HOG0001963	OG0001727	-	WP_005765687.1	DAKCFMEO_00751
N0.HOG0001964	OG0001728	-	WP_005765699.1	DAKCFMEO_00746
N0.HOG0001965	OG0001729	-	WP_005765713.1	DAKCFMEO_00740
N0.HOG0001966	OG0001730	-	WP_005765718.1	DAKCFMEO_00734
N0.HOG0001967	OG0001731	-	WP_005765719.1	DAKCFMEO_00733
N0.HOG0001968	OG0001732	-	WP_005765727.1	DAKCFMEO_00724
N0.HOG0001969	OG0001733	-	WP_005765732.1	DAKCFMEO_00721
N0.HOG0001970	OG0001734	-	WP_005765750.1	DAKCFMEO_00707
N0.HOG0001971	OG0001735	-	WP_005765765.1	DAKCFMEO_00704
N0.HOG0001972	OG0001736	-	WP_005765767.1	DAKCFMEO_00703
N0.HOG0001973	OG0001737	-	WP_005765770.1	DAKCFMEO_00702
N0.HOG0001974	OG0001738	-	WP_005765784.1	DAKCFMEO_00694
N0.HOG0001975	OG0001739	-	WP_005765788.1	DAKCFMEO_00692
N0.HOG0001976	OG0001740	-	WP_005765807.1	DAKCFMEO_00683
N0.HOG0001977	OG0001741	-	WP_005765821.1	DAKCFMEO_00676
N0.HOG0001978	OG0001742	-	WP_005765826.1	DAKCFMEO_00674
N0.HOG0001979	OG0001743	-	WP_005765832.1	DAKCFMEO_00671
N0.HOG0001980	OG0001744	-	WP_005765836.1	DAKCFMEO_00669
N0.HOG0001981	OG0001745	-	WP_005765838.1	DAKCFMEO_00668
N0.HOG0001982	OG0001746	-	WP_005765844.1	DAKCFMEO_00666
N0.HOG0001983	OG0001747	-	WP_005765859.1	DAKCFMEO_03270
N0.HOG0001984	OG0001748	-	WP_005765861.1	DAKCFMEO_03269
N0.HOG0001985	OG0001749	-	WP_005765867.1	DAKCFMEO_03266
N0.HOG0001986	OG0001750	-	WP_005765872.1	DAKCFMEO_03263
N0.HOG0001987	OG0001751	-	WP_005765874.1	DAKCFMEO_03262
N0.HOG0001988	OG0001752	-	WP_005765880.1	DAKCFMEO_03258
N0.HOG0001989	OG0001753	-	WP_005765888.1	DAKCFMEO_03254
N0.HOG0001990	OG0001754	-	WP_005765892.1	DAKCFMEO_03252
N0.HOG0001991	OG0001755	-	WP_005765900.1	DAKCFMEO_03247
N0.HOG0001992	OG0001756	-	WP_005765904.1	DAKCFMEO_03246
N0.HOG0001993	OG0001757	-	WP_005765908.1	DAKCFMEO_03243
N0.HOG0001994	OG0001758	-	WP_005765912.1	DAKCFMEO_03241
N0.HOG0001995	OG0001759	-	WP_005765914.1	DAKCFMEO_03240
N0.HOG0001996	OG0001760	-	WP_005765916.1	DAKCFMEO_03237
N0.HOG0001997	OG0001761	-	WP_005765921.1	DAKCFMEO_03234
N0.HOG0001998	OG0001762	-	WP_005765926.1	DAKCFMEO_03231
N0.HOG0001999	OG0001763	-	WP_005765928.1	DAKCFMEO_03230
N0.HOG0002000	OG0001764	-	WP_005765933.1	DAKCFMEO_03225
N0.HOG0002001	OG0001765	-	WP_005765937.1	DAKCFMEO_03221
N0.HOG0002002	OG0001766	-	WP_005765940.1	DAKCFMEO_03220
N0.HOG0002003	OG0001767	-	WP_005765943.1	DAKCFMEO_03219
N0.HOG0002004	OG0001768	-	WP_005765949.1	DAKCFMEO_03215
N0.HOG0002005	OG0001769	-	WP_005765957.1	DAKCFMEO_03212
N0.HOG0002006	OG0001770	-	WP_005765961.1	DAKCFMEO_03210
N0.HOG0002007	OG0001771	-	WP_005765978.1	DAKCFMEO_03198
N0.HOG0002008	OG0001772	-	WP_005765982.1	DAKCFMEO_03196
N0.HOG0002009	OG0001773	-	WP_005765985.1	DAKCFMEO_03195
N0.HOG0002010	OG0001774	-	WP_005765988.1	DAKCFMEO_03193
N0.HOG0002011	OG0001775	-	WP_005765994.1	DAKCFMEO_03189
N0.HOG0002012	OG0001776	-	WP_005765997.1	DAKCFMEO_03185
N0.HOG0002013	OG0001777	-	WP_005766007.1	DAKCFMEO_03177
N0.HOG0002014	OG0001778	-	WP_005766009.1	DAKCFMEO_03175
N0.HOG0002015	OG0001779	-	WP_005766011.1	DAKCFMEO_03174
N0.HOG0002016	OG0001780	-	WP_005766012.1	DAKCFMEO_03173
N0.HOG0002017	OG0001781	-	WP_005766016.1	DAKCFMEO_03169
N0.HOG0002018	OG0001782	-	WP_005766020.1	DAKCFMEO_03163
N0.HOG0002019	OG0001783	-	WP_005766024.1	DAKCFMEO_03162
N0.HOG0002020	OG0001784	-	WP_005766026.1	DAKCFMEO_03160
N0.HOG0002021	OG0001785	-	WP_005766041.1	DAKCFMEO_03158
N0.HOG0002022	OG0001786	-	WP_005766043.1	DAKCFMEO_03155
N0.HOG0002023	OG0001787	-	WP_005766044.1	DAKCFMEO_03154
N0.HOG0002024	OG0001788	-	WP_005766046.1	DAKCFMEO_03152
N0.HOG0002025	OG0001789	-	WP_005766050.1	DAKCFMEO_03149
N0.HOG0002026	OG0001790	-	WP_005766070.1	DAKCFMEO_03138
N0.HOG0002027	OG0001791	-	WP_005766116.1	DAKCFMEO_04460
N0.HOG0002028	OG0001792	-	WP_005766190.1	DAKCFMEO_04085
N0.HOG0002029	OG0001793	-	WP_005766198.1	DAKCFMEO_04089
N0.HOG0002030	OG0001794	-	WP_005766205.1	DAKCFMEO_04093
N0.HOG0002031	OG0001795	-	WP_005766210.1	DAKCFMEO_04098
N0.HOG0002032	OG0001796	-	WP_005766212.1	DAKCFMEO_04099
N0.HOG0002033	OG0001797	-	WP_005766216.1	DAKCFMEO_04101
N0.HOG0002034	OG0001798	-	WP_005766218.1	DAKCFMEO_04102
N0.HOG0002035	OG0001799	-	WP_005766220.1	DAKCFMEO_04103
N0.HOG0002036	OG0001800	-	WP_005766223.1	DAKCFMEO_04104
N0.HOG0002037	OG0001801	-	WP_005766224.1	DAKCFMEO_04105
N0.HOG0002038	OG0001802	-	WP_005766232.1	DAKCFMEO_04109
N0.HOG0002039	OG0001803	-	WP_005766234.1	DAKCFMEO_04110
N0.HOG0002040	OG0001804	-	WP_005766237.1	DAKCFMEO_04111
N0.HOG0002041	OG0001805	-	WP_005766247.1	DAKCFMEO_04116
N0.HOG0002042	OG0001806	-	WP_005766254.1	DAKCFMEO_04120
N0.HOG0002043	OG0001807	-	WP_005766257.1	DAKCFMEO_04121
N0.HOG0002044	OG0001808	-	WP_005766263.1	DAKCFMEO_04124
N0.HOG0002045	OG0001809	-	WP_005766271.1	DAKCFMEO_01616
N0.HOG0002046	OG0001810	-	WP_005766274.1	DAKCFMEO_01617
N0.HOG0002047	OG0001811	-	WP_005766294.1	DAKCFMEO_01025
N0.HOG0002048	OG0001812	-	WP_005766298.1	DAKCFMEO_01023
N0.HOG0002049	OG0001813	-	WP_005766304.1	DAKCFMEO_01019
N0.HOG0002050	OG0001814	-	WP_005766308.1	DAKCFMEO_00961
N0.HOG0002051	OG0001815	-	WP_005766320.1	DAKCFMEO_01016
N0.HOG0002052	OG0001816	-	WP_005766322.1	DAKCFMEO_01015
N0.HOG0002053	OG0001817	-	WP_005766327.1	DAKCFMEO_01013
N0.HOG0002054	OG0001818	-	WP_005766329.1	DAKCFMEO_01012
N0.HOG0002055	OG0001819	-	WP_005766330.1	DAKCFMEO_01011
N0.HOG0002056	OG0001820	-	WP_005766332.1	DAKCFMEO_01010
N0.HOG0002057	OG0001821	-	WP_005766345.1	DAKCFMEO_00262
N0.HOG0002058	OG0001822	-	WP_005766439.1	DAKCFMEO_01696
N0.HOG0002059	OG0001823	-	WP_005766442.1	DAKCFMEO_01693
N0.HOG0002060	OG0001824	-	WP_005766449.1	DAKCFMEO_01688
N0.HOG0002061	OG0001825	-	WP_005766456.1	DAKCFMEO_01680
N0.HOG0002062	OG0001826	-	WP_005766460.1	DAKCFMEO_01675
N0.HOG0002063	OG0001827	-	WP_005766463.1	DAKCFMEO_01674
N0.HOG0002064	OG0001828	-	WP_005766488.1	DAKCFMEO_00457
N0.HOG0002065	OG0001829	-	WP_005766501.1	DAKCFMEO_00451
N0.HOG0002066	OG0001830	-	WP_005766506.1	DAKCFMEO_00445
N0.HOG0002067	OG0001831	-	WP_005766512.1	DAKCFMEO_00440
N0.HOG0002068	OG0001832	-	WP_005766514.1	DAKCFMEO_00439
N0.HOG0002069	OG0001833	-	WP_005766516.1	DAKCFMEO_00438
N0.HOG0002070	OG0001834	-	WP_005766521.1	DAKCFMEO_00434
N0.HOG0002071	OG0001835	-	WP_005766523.1	DAKCFMEO_00433
N0.HOG0002072	OG0001836	-	WP_005766526.1	DAKCFMEO_00430
N0.HOG0002073	OG0001837	-	WP_005766528.1	DAKCFMEO_00429
N0.HOG0002074	OG0001838	-	WP_005766530.1	DAKCFMEO_00428
N0.HOG0002075	OG0001839	-	WP_005766542.1	DAKCFMEO_00420
N0.HOG0002076	OG0001840	-	WP_005766543.1	DAKCFMEO_00419
N0.HOG0002077	OG0001841	-	WP_005766550.1	DAKCFMEO_00410
N0.HOG0002078	OG0001842	-	WP_005766552.1	DAKCFMEO_00408
N0.HOG0002079	OG0001843	-	WP_005766553.1	DAKCFMEO_00407
N0.HOG0002080	OG0001844	-	WP_005766562.1	DAKCFMEO_00401
N0.HOG0002081	OG0001845	-	WP_005766566.1	DAKCFMEO_00398
N0.HOG0002082	OG0001846	-	WP_005766568.1	DAKCFMEO_00396
N0.HOG0002083	OG0001847	-	WP_005766570.1	DAKCFMEO_00395
N0.HOG0002084	OG0001848	-	WP_005766574.1	DAKCFMEO_00393
N0.HOG0002085	OG0001849	-	WP_005766576.1	DAKCFMEO_00391
N0.HOG0002086	OG0001850	-	WP_005766579.1	DAKCFMEO_00388
N0.HOG0002087	OG0001851	-	WP_005766590.1	DAKCFMEO_00382
N0.HOG0002088	OG0001852	-	WP_005766612.1	DAKCFMEO_00006
N0.HOG0002089	OG0001853	-	WP_005766620.1	DAKCFMEO_00003
N0.HOG0002090	OG0001854	-	WP_005766623.1	DAKCFMEO_00002
N0.HOG0002091	OG0001855	-	WP_005766633.1	DAKCFMEO_02242
N0.HOG0002092	OG0001856	-	WP_005766637.1	DAKCFMEO_02247
N0.HOG0002093	OG0001857	-	WP_005766645.1	DAKCFMEO_02256
N0.HOG0002094	OG0001858	-	WP_005766657.1	DAKCFMEO_02267
N0.HOG0002095	OG0001859	-	WP_005766661.1	DAKCFMEO_02272
N0.HOG0002096	OG0001860	-	WP_005766666.1	DAKCFMEO_02274
N0.HOG0002097	OG0001861	-	WP_005766671.1	DAKCFMEO_02276
N0.HOG0002098	OG0001862	-	WP_005766673.1	DAKCFMEO_02277
N0.HOG0002099	OG0001863	-	WP_005766675.1	DAKCFMEO_02278
N0.HOG0002100	OG0001864	-	WP_005766682.1	DAKCFMEO_02281
N0.HOG0002101	OG0001865	-	WP_005766684.1	DAKCFMEO_02282
N0.HOG0002102	OG0001866	-	WP_005766686.1	DAKCFMEO_02283
N0.HOG0002103	OG0001867	-	WP_005766688.1	DAKCFMEO_02284
N0.HOG0002104	OG0001868	-	WP_005766701.1	DAKCFMEO_02291
N0.HOG0002105	OG0001869	-	WP_005766707.1	DAKCFMEO_02294
N0.HOG0002106	OG0001870	-	WP_005766709.1	DAKCFMEO_02295
N0.HOG0002107	OG0001871	-	WP_005766711.1	DAKCFMEO_02296
N0.HOG0002108	OG0001872	-	WP_005766716.1	DAKCFMEO_02298
N0.HOG0002109	OG0001873	-	WP_005766720.1	DAKCFMEO_02301
N0.HOG0002110	OG0001874	-	WP_005766727.1	DAKCFMEO_02305
N0.HOG0002111	OG0001875	-	WP_005766730.1	DAKCFMEO_02306
N0.HOG0002112	OG0001876	-	WP_005766737.1	DAKCFMEO_02309
N0.HOG0002113	OG0001877	-	WP_005766740.1	DAKCFMEO_02310
N0.HOG0002114	OG0001878	-	WP_005766742.1	DAKCFMEO_02311
N0.HOG0002115	OG0001879	-	WP_005766744.1	DAKCFMEO_02312
N0.HOG0002116	OG0001880	-	WP_005766746.1	DAKCFMEO_02313
N0.HOG0002117	OG0001881	-	WP_005766747.1	DAKCFMEO_02315
N0.HOG0002118	OG0001882	-	WP_005766750.1	DAKCFMEO_02319
N0.HOG0002119	OG0001883	-	WP_005766752.1	DAKCFMEO_02320
N0.HOG0002120	OG0001884	-	WP_005766760.1	DAKCFMEO_02324
N0.HOG0002121	OG0001885	-	WP_005766763.1	DAKCFMEO_02325
N0.HOG0002122	OG0001886	-	WP_005766772.1	DAKCFMEO_02328
N0.HOG0002123	OG0001887	-	WP_005766774.1	DAKCFMEO_02329
N0.HOG0002124	OG0001888	-	WP_005766776.1	DAKCFMEO_02330
N0.HOG0002125	OG0001889	-	WP_005766782.1	DAKCFMEO_02333
N0.HOG0002126	OG0001890	-	WP_005766790.1	DAKCFMEO_02341
N0.HOG0002127	OG0001891	-	WP_005766792.1	DAKCFMEO_02342
N0.HOG0002128	OG0001892	-	WP_005766795.1	DAKCFMEO_02344
N0.HOG0002129	OG0001893	-	WP_005766796.1	DAKCFMEO_02345
N0.HOG0002130	OG0001894	-	WP_005766799.1	DAKCFMEO_02348
N0.HOG0002131	OG0001895	-	WP_005766801.1	DAKCFMEO_02350
N0.HOG0002132	OG0001896	-	WP_005766802.1	DAKCFMEO_02351
N0.HOG0002133	OG0001897	-	WP_005766803.1	DAKCFMEO_02352
N0.HOG0002134	OG0001898	-	WP_005766804.1	DAKCFMEO_02354
N0.HOG0002135	OG0001899	-	WP_005766806.1	DAKCFMEO_02360
N0.HOG0002136	OG0001900	-	WP_005766812.1	DAKCFMEO_02367
N0.HOG0002137	OG0001901	-	WP_005766833.1	DAKCFMEO_02430
N0.HOG0002138	OG0001902	-	WP_005766850.1	DAKCFMEO_02629
N0.HOG0002139	OG0001903	-	WP_005766858.1	DAKCFMEO_02622
N0.HOG0002140	OG0001904	-	WP_005766869.1	DAKCFMEO_02615
N0.HOG0002141	OG0001905	-	WP_005766876.1	DAKCFMEO_02612
N0.HOG0002142	OG0001906	-	WP_005766899.1	DAKCFMEO_02595
N0.HOG0002143	OG0001907	-	WP_005766904.1	DAKCFMEO_02592
N0.HOG0002144	OG0001908	-	WP_005766910.1	DAKCFMEO_02590
N0.HOG0002145	OG0001909	-	WP_005766911.1	DAKCFMEO_02588
N0.HOG0002146	OG0001910	-	WP_005766914.1	DAKCFMEO_02586
N0.HOG0002147	OG0001911	-	WP_005766916.1	DAKCFMEO_02585
N0.HOG0002148	OG0001912	-	WP_005766927.1	DAKCFMEO_02579
N0.HOG0002149	OG0001913	-	WP_005766941.1	DAKCFMEO_02571
N0.HOG0002150	OG0001914	-	WP_005766943.1	DAKCFMEO_02570
N0.HOG0002151	OG0001915	-	WP_005766946.1	DAKCFMEO_02569
N0.HOG0002152	OG0001916	-	WP_005766952.1	DAKCFMEO_02565
N0.HOG0002153	OG0001917	-	WP_005766953.1	DAKCFMEO_02564
N0.HOG0002154	OG0001918	-	WP_005766954.1	DAKCFMEO_02563
N0.HOG0002155	OG0001919	-	WP_005766964.1	DAKCFMEO_02558
N0.HOG0002156	OG0001920	-	WP_005766966.1	DAKCFMEO_02557
N0.HOG0002157	OG0001921	-	WP_005766975.1	DAKCFMEO_02549
N0.HOG0002158	OG0001922	-	WP_005766980.1	DAKCFMEO_02545
N0.HOG0002159	OG0001923	-	WP_005766982.1	DAKCFMEO_02543
N0.HOG0002160	OG0001924	-	WP_005766986.1	DAKCFMEO_02539
N0.HOG0002161	OG0001925	-	WP_005766990.1	DAKCFMEO_02534
N0.HOG0002162	OG0001926	-	WP_005767003.1	DAKCFMEO_02529
N0.HOG0002163	OG0001927	-	WP_005767009.1	DAKCFMEO_02519
N0.HOG0002164	OG0001928	-	WP_005767010.1	DAKCFMEO_02518
N0.HOG0002165	OG0001929	-	WP_005767011.1	DAKCFMEO_02517
N0.HOG0002166	OG0001930	-	WP_005767013.1	DAKCFMEO_02516
N0.HOG0002167	OG0001931	-	WP_005767015.1	DAKCFMEO_02515
N0.HOG0002168	OG0001932	-	WP_005767017.1	DAKCFMEO_02513
N0.HOG0002169	OG0001933	-	WP_005767021.1	DAKCFMEO_02512
N0.HOG0002170	OG0001934	-	WP_005767023.1	DAKCFMEO_02511
N0.HOG0002171	OG0001935	-	WP_005767027.1	DAKCFMEO_02508
N0.HOG0002172	OG0001936	-	WP_005767037.1	DAKCFMEO_02503
N0.HOG0002173	OG0001937	-	WP_005767059.1	DAKCFMEO_02033
N0.HOG0002174	OG0001938	-	WP_005767063.1	DAKCFMEO_02031
N0.HOG0002175	OG0001939	-	WP_005767065.1	DAKCFMEO_02030
N0.HOG0002176	OG0001940	-	WP_005767067.1	DAKCFMEO_02029
N0.HOG0002177	OG0001941	-	WP_005767071.1	DAKCFMEO_02026
N0.HOG0002178	OG0001942	-	WP_005767073.1	DAKCFMEO_02025
N0.HOG0002179	OG0001943	-	WP_005767089.1	DAKCFMEO_05188
N0.HOG0002180	OG0001944	-	WP_005767098.1	DAKCFMEO_05195
N0.HOG0002181	OG0001945	-	WP_005767110.1	DAKCFMEO_05204
N0.HOG0002182	OG0001946	-	WP_005767116.1	DAKCFMEO_05207
N0.HOG0002183	OG0001947	-	WP_005767120.1	DAKCFMEO_05210
N0.HOG0002184	OG0001948	-	WP_005767127.1	DAKCFMEO_05218
N0.HOG0002185	OG0001949	-	WP_005767282.1	DAKCFMEO_01417
N0.HOG0002186	OG0001950	-	WP_005767289.1	DAKCFMEO_01426
N0.HOG0002187	OG0001951	-	WP_005767295.1	DAKCFMEO_01428
N0.HOG0002188	OG0001952	-	WP_005767320.1	DAKCFMEO_01432
N0.HOG0002189	OG0001953	-	WP_005767349.1	DAKCFMEO_01453
N0.HOG0002190	OG0001954	-	WP_005767352.1	DAKCFMEO_01455
N0.HOG0002191	OG0001955	-	WP_005767353.1	DAKCFMEO_01456
N0.HOG0002192	OG0001956	-	WP_005767359.1	DAKCFMEO_01459
N0.HOG0002193	OG0001957	-	WP_005767364.1	DAKCFMEO_01491
N0.HOG0002194	OG0001958	-	WP_005767369.1	DAKCFMEO_01494
N0.HOG0002195	OG0001959	-	WP_005767378.1	DAKCFMEO_01501
N0.HOG0002196	OG0001960	-	WP_005767383.1	DAKCFMEO_01504
N0.HOG0002197	OG0001961	-	WP_005767387.1	DAKCFMEO_01506
N0.HOG0002198	OG0001962	-	WP_005767395.1	DAKCFMEO_01511
N0.HOG0002199	OG0001963	-	WP_005767399.1	DAKCFMEO_01513
N0.HOG0002200	OG0001964	-	WP_005767401.1	DAKCFMEO_01514
N0.HOG0002201	OG0001965	-	WP_005767416.1	DAKCFMEO_01524
N0.HOG0002202	OG0001966	-	WP_005767420.1	DAKCFMEO_01527
N0.HOG0002203	OG0001967	-	WP_005767446.1	DAKCFMEO_01547
N0.HOG0002204	OG0001968	-	WP_005767449.1	DAKCFMEO_01548
N0.HOG0002205	OG0001969	-	WP_005767500.1	DAKCFMEO_02436
N0.HOG0002206	OG0001970	-	WP_005767504.1	DAKCFMEO_04392
N0.HOG0002207	OG0001971	-	WP_005767507.1	DAKCFMEO_00258
N0.HOG0002208	OG0001972	-	WP_005767508.1	DAKCFMEO_00259
N0.HOG0002209	OG0001973	-	WP_005767529.1	DAKCFMEO_04443
N0.HOG0002210	OG0001974	-	WP_005767531.1	DAKCFMEO_04444
N0.HOG0002211	OG0001975	-	WP_005767535.1	DAKCFMEO_00053
N0.HOG0002212	OG0001976	-	WP_005767540.1	DAKCFMEO_00049
N0.HOG0002213	OG0001977	-	WP_005767545.1	DAKCFMEO_00045
N0.HOG0002214	OG0001978	-	WP_005767547.1	DAKCFMEO_00043
N0.HOG0002215	OG0001979	-	WP_005767549.1	DAKCFMEO_00042
N0.HOG0002216	OG0001980	-	WP_005767564.1	DAKCFMEO_00034
N0.HOG0002217	OG0001981	-	WP_005767567.1	DAKCFMEO_00033
N0.HOG0002218	OG0001982	-	WP_005767572.1	DAKCFMEO_00030
N0.HOG0002219	OG0001983	-	WP_005767592.1	DAKCFMEO_00020
N0.HOG0002220	OG0001984	-	WP_005767596.1	DAKCFMEO_04197
N0.HOG0002221	OG0001985	-	WP_005767600.1	DAKCFMEO_04199
N0.HOG0002222	OG0001986	-	WP_005767605.1	DAKCFMEO_04203
N0.HOG0002223	OG0001987	-	WP_005767607.1	DAKCFMEO_04204
N0.HOG0002224	OG0001988	-	WP_005767612.1	DAKCFMEO_04207
N0.HOG0002225	OG0001989	-	WP_005767614.1	DAKCFMEO_04208
N0.HOG0002226	OG0001990	-	WP_005767637.1	DAKCFMEO_04221
N0.HOG0002227	OG0001991	-	WP_005767643.1	DAKCFMEO_00019
N0.HOG0002228	OG0001992	-	WP_005767663.1	DAKCFMEO_03029
N0.HOG0002229	OG0001993	-	WP_005767670.1	DAKCFMEO_03036
N0.HOG0002230	OG0001994	-	WP_005767686.1	DAKCFMEO_02371
N0.HOG0002231	OG0001995	-	WP_005767688.1	DAKCFMEO_02374
N0.HOG0002232	OG0001996	-	WP_005767689.1	DAKCFMEO_02375
N0.HOG0002233	OG0001997	-	WP_005767690.1	DAKCFMEO_02376
N0.HOG0002234	OG0001998	-	WP_005767692.1	DAKCFMEO_02379
N0.HOG0002235	OG0001999	-	WP_005767695.1	DAKCFMEO_02381
N0.HOG0002236	OG0002000	-	WP_005767699.1	DAKCFMEO_02383
N0.HOG0002237	OG0002001	-	WP_005767701.1	DAKCFMEO_02385
N0.HOG0002238	OG0002002	-	WP_005767703.1	DAKCFMEO_02386
N0.HOG0002239	OG0002003	-	WP_005767709.1	DAKCFMEO_02388
N0.HOG0002240	OG0002004	-	WP_005767714.1	DAKCFMEO_02391
N0.HOG0002241	OG0002005	-	WP_005767716.1	DAKCFMEO_02392
N0.HOG0002242	OG0002006	-	WP_005767718.1	DAKCFMEO_02393
N0.HOG0002243	OG0002007	-	WP_005767720.1	DAKCFMEO_02394
N0.HOG0002244	OG0002008	-	WP_005767723.1	DAKCFMEO_02395
N0.HOG0002245	OG0002009	-	WP_005767727.1	DAKCFMEO_04500
N0.HOG0002246	OG0002010	-	WP_005767729.1	DAKCFMEO_04503
N0.HOG0002247	OG0002011	-	WP_005767731.1	DAKCFMEO_04504
N0.HOG0002248	OG0002012	-	WP_005767739.1	DAKCFMEO_04510
N0.HOG0002249	OG0002013	-	WP_005767754.1	DAKCFMEO_04518
N0.HOG0002250	OG0002014	-	WP_005767756.1	DAKCFMEO_04519
N0.HOG0002251	OG0002015	-	WP_005767763.1	DAKCFMEO_02405
N0.HOG0002252	OG0002016	-	WP_005767798.1	DAKCFMEO_02412
N0.HOG0002253	OG0002017	-	WP_005767805.1	DAKCFMEO_00070
N0.HOG0002254	OG0002018	-	WP_005767820.1	DAKCFMEO_02452
N0.HOG0002255	OG0002019	-	WP_005767834.1	DAKCFMEO_02456
N0.HOG0002256	OG0002020	-	WP_005767836.1	DAKCFMEO_02457
N0.HOG0002257	OG0002021	-	WP_005767839.1	DAKCFMEO_02459
N0.HOG0002258	OG0002022	-	WP_005767841.1	DAKCFMEO_02460
N0.HOG0002259	OG0002023	-	WP_005767847.1	DAKCFMEO_02464
N0.HOG0002260	OG0002024	-	WP_005767853.1	DAKCFMEO_02467
N0.HOG0002261	OG0002025	-	WP_005767873.1	DAKCFMEO_02798
N0.HOG0002262	OG0002026	-	WP_005767875.1	DAKCFMEO_02801
N0.HOG0002263	OG0002027	-	WP_005767882.1	DAKCFMEO_02805
N0.HOG0002264	OG0002028	-	WP_005767884.1	DAKCFMEO_02806
N0.HOG0002265	OG0002029	-	WP_005767887.1	DAKCFMEO_02808
N0.HOG0002266	OG0002030	-	WP_005767891.1	DAKCFMEO_02811
N0.HOG0002267	OG0002031	-	WP_005767895.1	DAKCFMEO_02813
N0.HOG0002268	OG0002032	-	WP_005768018.1	DAKCFMEO_02827
N0.HOG0002269	OG0002033	-	WP_005768022.1	DAKCFMEO_02829
N0.HOG0002270	OG0002034	-	WP_005768024.1	DAKCFMEO_02830
N0.HOG0002271	OG0002035	-	WP_005768026.1	DAKCFMEO_02831
N0.HOG0002272	OG0002036	-	WP_005768037.1	DAKCFMEO_02835
N0.HOG0002273	OG0002037	-	WP_005768044.1	DAKCFMEO_02843
N0.HOG0002274	OG0002038	-	WP_005768050.1	DAKCFMEO_02846
N0.HOG0002275	OG0002039	-	WP_005768051.1	DAKCFMEO_02847
N0.HOG0002276	OG0002040	-	WP_005768067.1	DAKCFMEO_02856
N0.HOG0002277	OG0002041	-	WP_005768068.1	DAKCFMEO_02857
N0.HOG0002278	OG0002042	-	WP_005768135.1	DAKCFMEO_04067
N0.HOG0002279	OG0002043	-	WP_005768136.1	DAKCFMEO_04798
N0.HOG0002280	OG0002044	-	WP_005768137.1	DAKCFMEO_02222
N0.HOG0002281	OG0002045	-	WP_005768138.1	DAKCFMEO_02224
N0.HOG0002282	OG0002046	-	WP_005768141.1	DAKCFMEO_02228
N0.HOG0002283	OG0002047	-	WP_005768142.1	DAKCFMEO_02229
N0.HOG0002284	OG0002048	-	WP_005768143.1	DAKCFMEO_02230
N0.HOG0002285	OG0002049	-	WP_005768144.1	DAKCFMEO_02232
N0.HOG0002286	OG0002050	-	WP_005768145.1	DAKCFMEO_02233
N0.HOG0002287	OG0002051	-	WP_005768148.1	DAKCFMEO_02235
N0.HOG0002288	OG0002052	-	WP_005768150.1	DAKCFMEO_02236
N0.HOG0002289	OG0002053	-	WP_005768154.1	DAKCFMEO_02238
N0.HOG0002290	OG0002054	-	WP_005768167.1	DAKCFMEO_01308
N0.HOG0002291	OG0002055	-	WP_005768180.1	DAKCFMEO_01303
N0.HOG0002292	OG0002056	-	WP_005768190.1	DAKCFMEO_01300
N0.HOG0002293	OG0002057	-	WP_005768197.1	DAKCFMEO_01298
N0.HOG0002294	OG0002058	-	WP_005768224.1	DAKCFMEO_01267
N0.HOG0002295	OG0002059	-	WP_005768226.1	DAKCFMEO_01265
N0.HOG0002296	OG0002060	-	WP_005768230.1	DAKCFMEO_01262
N0.HOG0002297	OG0002061	-	WP_005768286.1	DAKCFMEO_01213
N0.HOG0002298	OG0002062	-	WP_005768300.1	DAKCFMEO_01205
N0.HOG0002299	OG0002063	-	WP_005768304.1	DAKCFMEO_01203
N0.HOG0002300	OG0002064	-	WP_005768306.1	DAKCFMEO_01201
N0.HOG0002301	OG0002065	-	WP_005768307.1	DAKCFMEO_01198
N0.HOG0002302	OG0002066	-	WP_005768309.1	DAKCFMEO_01196
N0.HOG0002303	OG0002067	-	WP_005768313.1	DAKCFMEO_01551
N0.HOG0002304	OG0002068	-	WP_005768314.1	DAKCFMEO_01553
N0.HOG0002305	OG0002069	-	WP_005768318.1	DAKCFMEO_01555
N0.HOG0002306	OG0002070	-	WP_005768321.1	DAKCFMEO_01558
N0.HOG0002307	OG0002071	-	WP_005768325.1	DAKCFMEO_01559
N0.HOG0002308	OG0002072	-	WP_005768326.1	DAKCFMEO_01560
N0.HOG0002309	OG0002073	-	WP_005768334.1	DAKCFMEO_01567
N0.HOG0002310	OG0002074	-	WP_005768341.1	DAKCFMEO_01572
N0.HOG0002311	OG0002075	-	WP_005768354.1	DAKCFMEO_01581
N0.HOG0002312	OG0002076	-	WP_005768357.1	DAKCFMEO_01582
N0.HOG0002313	OG0002077	-	WP_005768363.1	DAKCFMEO_01587
N0.HOG0002314	OG0002078	-	WP_005768392.1	DAKCFMEO_01607
N0.HOG0002315	OG0002079	-	WP_005768393.1	DAKCFMEO_01608
N0.HOG0002316	OG0002080	-	WP_005768419.1	DAKCFMEO_01960
N0.HOG0002317	OG0002081	-	WP_005768422.1	DAKCFMEO_01958
N0.HOG0002318	OG0002082	-	WP_005768425.1	DAKCFMEO_01957
N0.HOG0002319	OG0002083	-	WP_005768431.1	DAKCFMEO_01948
N0.HOG0002320	OG0002084	-	WP_005768434.1	DAKCFMEO_01946
N0.HOG0002321	OG0002085	-	WP_005768435.1	DAKCFMEO_01945
N0.HOG0002322	OG0002086	-	WP_005768437.1	DAKCFMEO_02213
N0.HOG0002323	OG0002087	-	WP_005768460.1	DAKCFMEO_02193
N0.HOG0002324	OG0002088	-	WP_005768489.1	DAKCFMEO_01995
N0.HOG0002325	OG0002089	-	WP_005768491.1	DAKCFMEO_01923
N0.HOG0002326	OG0002090	-	WP_005768492.1	DAKCFMEO_01922
N0.HOG0002327	OG0002091	-	WP_005768497.1	DAKCFMEO_01919
N0.HOG0002328	OG0002092	-	WP_005768510.1	DAKCFMEO_01913
N0.HOG0002329	OG0002093	-	WP_005768511.1	DAKCFMEO_01912
N0.HOG0002330	OG0002094	-	WP_005768513.1	DAKCFMEO_01911
N0.HOG0002331	OG0002095	-	WP_005768515.1	DAKCFMEO_01908
N0.HOG0002332	OG0002096	-	WP_005768530.1	DAKCFMEO_01906
N0.HOG0002333	OG0002097	-	WP_005768580.1	DAKCFMEO_00377
N0.HOG0002334	OG0002098	-	WP_005768585.1	DAKCFMEO_00372
N0.HOG0002335	OG0002099	-	WP_005768589.1	DAKCFMEO_00369
N0.HOG0002336	OG0002100	-	WP_005768596.1	DAKCFMEO_00364
N0.HOG0002337	OG0002101	-	WP_005768608.1	DAKCFMEO_00347
N0.HOG0002338	OG0002102	-	WP_005768620.1	DAKCFMEO_00339
N0.HOG0002339	OG0002103	-	WP_005768622.1	DAKCFMEO_00338
N0.HOG0002340	OG0002104	-	WP_005768625.1	DAKCFMEO_00337
N0.HOG0002341	OG0002105	-	WP_005768657.1	DAKCFMEO_00313
N0.HOG0002342	OG0002106	-	WP_005768668.1	DAKCFMEO_00309
N0.HOG0002343	OG0002107	-	WP_005768670.1	DAKCFMEO_00308
N0.HOG0002344	OG0002108	-	WP_005768677.1	DAKCFMEO_00303
N0.HOG0002345	OG0002109	-	WP_005768681.1	DAKCFMEO_00296
N0.HOG0002346	OG0002110	-	WP_005768685.1	DAKCFMEO_00294
N0.HOG0002347	OG0002111	-	WP_005768695.1	DAKCFMEO_00289
N0.HOG0002348	OG0002112	-	WP_005768700.1	DAKCFMEO_00286
N0.HOG0002349	OG0002113	-	WP_005768735.1	DAKCFMEO_02777
N0.HOG0002350	OG0002114	-	WP_005768738.1	DAKCFMEO_02780
N0.HOG0002351	OG0002115	-	WP_005768743.1	DAKCFMEO_02785
N0.HOG0002352	OG0002116	-	WP_005768750.1	DAKCFMEO_02788
N0.HOG0002353	OG0002117	-	WP_005768752.1	DAKCFMEO_02789
N0.HOG0002354	OG0002118	-	WP_005768760.1	DAKCFMEO_02794
N0.HOG0002355	OG0002119	-	WP_005768796.1	DAKCFMEO_03397
N0.HOG0002356	OG0002120	-	WP_005768797.1	DAKCFMEO_03399
N0.HOG0002357	OG0002121	-	WP_005768799.1	DAKCFMEO_03400
N0.HOG0002358	OG0002122	-	WP_005768804.1	DAKCFMEO_03405
N0.HOG0002359	OG0002123	-	WP_005768806.1	DAKCFMEO_03408
N0.HOG0002360	OG0002124	-	WP_005768811.1	DAKCFMEO_03411
N0.HOG0002361	OG0002125	-	WP_005768815.1	DAKCFMEO_03413
N0.HOG0002362	OG0002126	-	WP_005768817.1	DAKCFMEO_03414
N0.HOG0002363	OG0002127	-	WP_005768818.1	DAKCFMEO_03415
N0.HOG0002364	OG0002128	-	WP_005768820.1	DAKCFMEO_03416
N0.HOG0002365	OG0002129	-	WP_005768822.1	DAKCFMEO_03418
N0.HOG0002366	OG0002130	-	WP_005768824.1	DAKCFMEO_03419
N0.HOG0002367	OG0002131	-	WP_005768828.1	DAKCFMEO_03421
N0.HOG0002368	OG0002132	-	WP_005768830.1	DAKCFMEO_03422
N0.HOG0002369	OG0002133	-	WP_005768832.1	DAKCFMEO_03423
N0.HOG0002370	OG0002134	-	WP_005768836.1	DAKCFMEO_03425
N0.HOG0002371	OG0002135	-	WP_005768839.1	DAKCFMEO_03427
N0.HOG0002372	OG0002136	-	WP_005768840.1	DAKCFMEO_03428
N0.HOG0002373	OG0002137	-	WP_005768843.1	DAKCFMEO_03429
N0.HOG0002374	OG0002138	-	WP_005768852.1	DAKCFMEO_03433
N0.HOG0002375	OG0002139	-	WP_005768855.1	DAKCFMEO_03434
N0.HOG0002376	OG0002140	-	WP_005768866.1	DAKCFMEO_03440
N0.HOG0002377	OG0002141	-	WP_005768868.1	DAKCFMEO_03441
N0.HOG0002378	OG0002142	-	WP_005768871.1	DAKCFMEO_03444
N0.HOG0002379	OG0002143	-	WP_005768873.1	DAKCFMEO_03446
N0.HOG0002380	OG0002144	-	WP_005768914.1	DAKCFMEO_03488
N0.HOG0002381	OG0002145	-	WP_005768916.1	DAKCFMEO_03489
N0.HOG0002382	OG0002146	-	WP_005768918.1	DAKCFMEO_03494
N0.HOG0002383	OG0002147	-	WP_005768921.1	DAKCFMEO_03499
N0.HOG0002384	OG0002148	-	WP_005768927.1	DAKCFMEO_03504
N0.HOG0002385	OG0002149	-	WP_005768935.1	DAKCFMEO_03519
N0.HOG0002386	OG0002150	-	WP_005768939.1	DAKCFMEO_03522
N0.HOG0002387	OG0002151	-	WP_005768946.1	DAKCFMEO_03535
N0.HOG0002388	OG0002152	-	WP_005768949.1	DAKCFMEO_03536
N0.HOG0002389	OG0002153	-	WP_005768957.1	DAKCFMEO_03540
N0.HOG0002390	OG0002154	-	WP_005768959.1	DAKCFMEO_03541
N0.HOG0002391	OG0002155	-	WP_005768960.1	DAKCFMEO_03542
N0.HOG0002392	OG0002156	-	WP_005768962.1	DAKCFMEO_03543
N0.HOG0002393	OG0002157	-	WP_005768991.1	DAKCFMEO_03550
N0.HOG0002394	OG0002158	-	WP_005768994.1	DAKCFMEO_03552
N0.HOG0002395	OG0002159	-	WP_005768999.1	DAKCFMEO_03556
N0.HOG0002396	OG0002160	-	WP_005769001.1	DAKCFMEO_03557
N0.HOG0002397	OG0002161	-	WP_005769004.1	DAKCFMEO_03558
N0.HOG0002398	OG0002162	-	WP_005769006.1	DAKCFMEO_03559
N0.HOG0002399	OG0002163	-	WP_005769010.1	DAKCFMEO_03562
N0.HOG0002400	OG0002164	-	WP_005769026.1	DAKCFMEO_03574
N0.HOG0002401	OG0002165	-	WP_011103245.1, WP_005769045.1	
N0.HOG0002402	OG0002166	-	WP_005769073.1	DAKCFMEO_04278
N0.HOG0002403	OG0002167	-	WP_005769084.1	DAKCFMEO_04283
N0.HOG0002404	OG0002168	-	WP_005769102.1	DAKCFMEO_04293
N0.HOG0002405	OG0002169	-	WP_005769107.1	DAKCFMEO_04296
N0.HOG0002406	OG0002170	-	WP_005769126.1	DAKCFMEO_04304
N0.HOG0002407	OG0002171	-	WP_005769128.1	DAKCFMEO_04305
N0.HOG0002408	OG0002172	-	WP_005769130.1	DAKCFMEO_04306
N0.HOG0002409	OG0002173	-	WP_005769135.1	DAKCFMEO_04309
N0.HOG0002410	OG0002174	-	WP_005769138.1	DAKCFMEO_04310
N0.HOG0002411	OG0002175	-	WP_005769148.1	DAKCFMEO_04315
N0.HOG0002412	OG0002176	-	WP_005769151.1	DAKCFMEO_04316
N0.HOG0002413	OG0002177	-	WP_005769188.1	DAKCFMEO_04334
N0.HOG0002414	OG0002178	-	WP_005769192.1	DAKCFMEO_04337
N0.HOG0002415	OG0002179	-	WP_005769193.1	DAKCFMEO_04338
N0.HOG0002416	OG0002180	-	WP_005769235.1	DAKCFMEO_00597
N0.HOG0002417	OG0002181	-	WP_005769238.1	DAKCFMEO_00596
N0.HOG0002418	OG0002182	-	WP_005769243.1	DAKCFMEO_00594
N0.HOG0002419	OG0002183	-	WP_005769256.1	DAKCFMEO_00540
N0.HOG0002420	OG0002184	-	WP_005769257.1	DAKCFMEO_00538
N0.HOG0002421	OG0002185	-	WP_005769258.1	DAKCFMEO_00536
N0.HOG0002422	OG0002186	-	WP_005769259.1	DAKCFMEO_00535
N0.HOG0002423	OG0002187	-	WP_005769261.1	DAKCFMEO_00533
N0.HOG0002424	OG0002188	-	WP_005769262.1	DAKCFMEO_00531
N0.HOG0002425	OG0002189	-	WP_005769263.1	DAKCFMEO_00530
N0.HOG0002426	OG0002190	-	WP_005769271.1	DAKCFMEO_03984
N0.HOG0002427	OG0002191	-	WP_005769277.1	DAKCFMEO_00521
N0.HOG0002428	OG0002192	-	WP_005769279.1	DAKCFMEO_00520
N0.HOG0002429	OG0002193	-	WP_005769281.1	DAKCFMEO_03119
N0.HOG0002430	OG0002194	-	WP_005769301.1, WP_005769303.1	
N0.HOG0002431	OG0002195	-	WP_005769341.1	DAKCFMEO_01784
N0.HOG0002432	OG0002196	-	WP_005769363.1	DAKCFMEO_01807
N0.HOG0002433	OG0002197	-	WP_005769371.1	DAKCFMEO_04761
N0.HOG0002434	OG0002198	-	WP_005769381.1	DAKCFMEO_04766
N0.HOG0002435	OG0002199	-	WP_005769384.1	DAKCFMEO_04768
N0.HOG0002436	OG0002200	-	WP_005769400.1	DAKCFMEO_04776
N0.HOG0002437	OG0002201	-	WP_005769407.1	DAKCFMEO_04997
N0.HOG0002438	OG0002202	-	WP_005769417.1	DAKCFMEO_05005
N0.HOG0002439	OG0002203	-	WP_005769424.1	DAKCFMEO_05010
N0.HOG0002440	OG0002204	-	WP_005769426.1	DAKCFMEO_05011
N0.HOG0002441	OG0002205	-	WP_005769432.1	DAKCFMEO_05014
N0.HOG0002442	OG0002206	-	WP_005769461.1	DAKCFMEO_02216
N0.HOG0002443	OG0002207	-	WP_005769463.1	DAKCFMEO_02215
N0.HOG0002444	OG0002208	-	WP_005769469.1	DAKCFMEO_01938
N0.HOG0002445	OG0002209	-	WP_005769473.1	DAKCFMEO_01936
N0.HOG0002446	OG0002210	-	WP_005769477.1	DAKCFMEO_01934
N0.HOG0002447	OG0002211	-	WP_005769478.1	DAKCFMEO_01932
N0.HOG0002448	OG0002212	-	WP_005769504.1	DAKCFMEO_01879
N0.HOG0002449	OG0002213	-	WP_005769514.1	DAKCFMEO_01873
N0.HOG0002450	OG0002214	-	WP_005769516.1	DAKCFMEO_01872
N0.HOG0002451	OG0002215	-	WP_005769528.1	DAKCFMEO_01865
N0.HOG0002452	OG0002216	-	WP_005769531.1	DAKCFMEO_01864
N0.HOG0002453	OG0002217	-	WP_005769534.1	DAKCFMEO_01861
N0.HOG0002454	OG0002218	-	WP_005769538.1	DAKCFMEO_01859
N0.HOG0002455	OG0002219	-	WP_005769539.1	DAKCFMEO_01858
N0.HOG0002456	OG0002220	-	WP_005769547.1	DAKCFMEO_01856
N0.HOG0002457	OG0002221	-	WP_005769553.1	DAKCFMEO_01854
N0.HOG0002458	OG0002222	-	WP_005769555.1	DAKCFMEO_01849
N0.HOG0002459	OG0002223	-	WP_005769563.1	DAKCFMEO_01844
N0.HOG0002460	OG0002224	-	WP_005769565.1	DAKCFMEO_01841
N0.HOG0002461	OG0002225	-	WP_005769567.1	DAKCFMEO_01840
N0.HOG0002462	OG0002226	-	WP_005769579.1	DAKCFMEO_01829
N0.HOG0002463	OG0002227	-	WP_005769583.1	DAKCFMEO_01827
N0.HOG0002464	OG0002228	-	WP_005769602.1	DAKCFMEO_00662
N0.HOG0002465	OG0002229	-	WP_005769608.1	DAKCFMEO_00660
N0.HOG0002466	OG0002230	-	WP_005769610.1	DAKCFMEO_00659
N0.HOG0002467	OG0002231	-	WP_005769613.1	DAKCFMEO_00657
N0.HOG0002468	OG0002232	-	WP_005769615.1	DAKCFMEO_00655
N0.HOG0002469	OG0002233	-	WP_005769616.1	DAKCFMEO_00654
N0.HOG0002470	OG0002234	-	WP_005769618.1	DAKCFMEO_00652
N0.HOG0002471	OG0002235	-	WP_005769620.1	DAKCFMEO_05241
N0.HOG0002472	OG0002236	-	WP_005769624.1	DAKCFMEO_00648
N0.HOG0002473	OG0002237	-	WP_005769626.1	DAKCFMEO_00647
N0.HOG0002474	OG0002238	-	WP_005769628.1	DAKCFMEO_00645
N0.HOG0002475	OG0002239	-	WP_005769631.1	DAKCFMEO_00642
N0.HOG0002476	OG0002240	-	WP_005769634.1	DAKCFMEO_00641
N0.HOG0002477	OG0002241	-	WP_005769636.1	DAKCFMEO_00640
N0.HOG0002478	OG0002242	-	WP_005769643.1	DAKCFMEO_00636
N0.HOG0002479	OG0002243	-	WP_005769647.1	DAKCFMEO_00634
N0.HOG0002480	OG0002244	-	WP_005769649.1	DAKCFMEO_00633
N0.HOG0002481	OG0002245	-	WP_005769651.1	DAKCFMEO_00632
N0.HOG0002482	OG0002246	-	WP_005769653.1	DAKCFMEO_00631
N0.HOG0002483	OG0002247	-	WP_005769658.1	DAKCFMEO_00628
N0.HOG0002484	OG0002248	-	WP_005769662.1	DAKCFMEO_00623
N0.HOG0002485	OG0002249	-	WP_005769669.1	DAKCFMEO_00617
N0.HOG0002486	OG0002250	-	WP_005769670.1	DAKCFMEO_00616
N0.HOG0002487	OG0002251	-	WP_005769671.1	DAKCFMEO_00615
N0.HOG0002488	OG0002252	-	WP_005769676.1	DAKCFMEO_02715
N0.HOG0002489	OG0002253	-	WP_005769679.1	DAKCFMEO_02713
N0.HOG0002490	OG0002254	-	WP_005769683.1	DAKCFMEO_02711
N0.HOG0002491	OG0002255	-	WP_005769728.1, WP_011103315.1	
N0.HOG0002492	OG0002256	-	WP_011106992.1, WP_005769758.1	
N0.HOG0002493	OG0002257	-	WP_054070003.1, WP_005769783.1	
N0.HOG0002494	OG0002258	-	WP_005769867.1	DAKCFMEO_05261
N0.HOG0002495	OG0002259	-	WP_005769869.1	DAKCFMEO_05260
N0.HOG0002496	OG0002260	-	WP_005769871.1	DAKCFMEO_05259
N0.HOG0002497	OG0002261	-	WP_005769873.1	DAKCFMEO_05258
N0.HOG0002498	OG0002262	-	WP_005769875.1	DAKCFMEO_05257
N0.HOG0002499	OG0002263	-	WP_005769877.1	DAKCFMEO_05256
N0.HOG0002500	OG0002264	-	WP_005769977.1	DAKCFMEO_01788
N0.HOG0002501	OG0002265	-	WP_005769982.1	DAKCFMEO_00253
N0.HOG0002502	OG0002266	-	WP_005769995.1	DAKCFMEO_02889
N0.HOG0002503	OG0002267	-	WP_005769998.1	DAKCFMEO_02888
N0.HOG0002504	OG0002268	-	WP_005770000.1	DAKCFMEO_02887
N0.HOG0002505	OG0002269	-	WP_005770005.1	DAKCFMEO_02885
N0.HOG0002506	OG0002270	-	WP_005770009.1	DAKCFMEO_02883
N0.HOG0002507	OG0002271	-	WP_005770011.1	DAKCFMEO_02881
N0.HOG0002508	OG0002272	-	WP_005770014.1	DAKCFMEO_00509
N0.HOG0002509	OG0002273	-	WP_005770015.1	DAKCFMEO_03003
N0.HOG0002510	OG0002274	-	WP_005770017.1	DAKCFMEO_00505
N0.HOG0002511	OG0002275	-	WP_005770019.1	DAKCFMEO_00504
N0.HOG0002512	OG0002276	-	WP_005770041.1	DAKCFMEO_03704
N0.HOG0002513	OG0002277	-	WP_005770069.1	DAKCFMEO_03684
N0.HOG0002514	OG0002278	-	WP_005770077.1	DAKCFMEO_03680
N0.HOG0002515	OG0002279	-	WP_005770079.1	DAKCFMEO_03679
N0.HOG0002516	OG0002280	-	WP_005770081.1	DAKCFMEO_03678
N0.HOG0002517	OG0002281	-	WP_005770085.1	DAKCFMEO_03676
N0.HOG0002518	OG0002282	-	WP_005770090.1	DAKCFMEO_03673
N0.HOG0002519	OG0002283	-	WP_005770099.1	DAKCFMEO_03668
N0.HOG0002520	OG0002284	-	WP_005770108.1	DAKCFMEO_03597
N0.HOG0002521	OG0002285	-	WP_005770109.1	DAKCFMEO_03596
N0.HOG0002522	OG0002286	-	WP_005770111.1	DAKCFMEO_03595
N0.HOG0002523	OG0002287	-	WP_005770114.1	DAKCFMEO_03594
N0.HOG0002524	OG0002288	-	WP_005770116.1	DAKCFMEO_03593
N0.HOG0002525	OG0002289	-	WP_005770118.1	DAKCFMEO_03592
N0.HOG0002526	OG0002290	-	WP_005770120.1	DAKCFMEO_03590
N0.HOG0002527	OG0002291	-	WP_005770129.1	DAKCFMEO_03587
N0.HOG0002528	OG0002292	-	WP_005770132.1	DAKCFMEO_03585
N0.HOG0002529	OG0002293	-	WP_005770134.1	DAKCFMEO_03582
N0.HOG0002530	OG0002294	-	WP_005770159.1	DAKCFMEO_00553
N0.HOG0002531	OG0002295	-	WP_005770161.1	DAKCFMEO_00554
N0.HOG0002532	OG0002296	-	WP_005770183.1	DAKCFMEO_00559
N0.HOG0002533	OG0002297	-	WP_005770185.1	DAKCFMEO_00561
N0.HOG0002534	OG0002298	-	WP_005770186.1	DAKCFMEO_00562
N0.HOG0002535	OG0002299	-	WP_005770187.1	DAKCFMEO_00563
N0.HOG0002536	OG0002300	-	WP_005770190.1	DAKCFMEO_00566
N0.HOG0002537	OG0002301	-	WP_005770191.1	DAKCFMEO_00567
N0.HOG0002538	OG0002302	-	WP_005770220.1	DAKCFMEO_00576
N0.HOG0002539	OG0002303	-	WP_005770225.1	DAKCFMEO_00578
N0.HOG0002540	OG0002304	-	WP_005770235.1	DAKCFMEO_00583
N0.HOG0002541	OG0002305	-	WP_005770243.1	DAKCFMEO_04789
N0.HOG0002542	OG0002306	-	WP_005770245.1	DAKCFMEO_04790
N0.HOG0002543	OG0002307	-	WP_005770293.1	DAKCFMEO_01005
N0.HOG0002544	OG0002308	-	WP_005770316.1	DAKCFMEO_00834
N0.HOG0002545	OG0002309	-	WP_005770393.1	DAKCFMEO_04171
N0.HOG0002546	OG0002310	-	WP_005770403.1	DAKCFMEO_04163
N0.HOG0002547	OG0002311	-	WP_005770416.1	DAKCFMEO_04154
N0.HOG0002548	OG0002312	-	WP_005770425.1	DAKCFMEO_04148
N0.HOG0002549	OG0002313	-	WP_005770431.1	DAKCFMEO_04141
N0.HOG0002550	OG0002314	-	WP_005770433.1	DAKCFMEO_04140
N0.HOG0002551	OG0002315	-	WP_005770435.1	DAKCFMEO_04139
N0.HOG0002552	OG0002316	-	WP_005770437.1	DAKCFMEO_04138
N0.HOG0002553	OG0002317	-	WP_005770439.1	DAKCFMEO_04134
N0.HOG0002554	OG0002318	-	WP_005770446.1	DAKCFMEO_04132
N0.HOG0002555	OG0002319	-	WP_005770450.1	DAKCFMEO_04131
N0.HOG0002556	OG0002320	-	WP_005770452.1	DAKCFMEO_04130
N0.HOG0002557	OG0002321	-	WP_005770454.1	DAKCFMEO_04129
N0.HOG0002558	OG0002322	-	WP_005770456.1	DAKCFMEO_04128
N0.HOG0002559	OG0002323	-	WP_005770458.1	DAKCFMEO_04127
N0.HOG0002560	OG0002324	-	WP_005770460.1	DAKCFMEO_04126
N0.HOG0002561	OG0002325	-	WP_005770464.1	DAKCFMEO_04183
N0.HOG0002562	OG0002326	-	WP_005770465.1	DAKCFMEO_04184
N0.HOG0002563	OG0002327	-	WP_005770467.1	DAKCFMEO_04185
N0.HOG0002564	OG0002328	-	WP_005770474.1	DAKCFMEO_04190
N0.HOG0002565	OG0002329	-	WP_005770490.1	DAKCFMEO_01644
N0.HOG0002566	OG0002330	-	WP_005770492.1	DAKCFMEO_01645
N0.HOG0002567	OG0002331	-	WP_005770496.1	DAKCFMEO_01649
N0.HOG0002568	OG0002332	-	WP_005770497.1	DAKCFMEO_01650
N0.HOG0002569	OG0002333	-	WP_005770507.1	DAKCFMEO_01659
N0.HOG0002570	OG0002334	-	WP_005770519.1	DAKCFMEO_01667
N0.HOG0002571	OG0002335	-	WP_005770545.1	DAKCFMEO_00481
N0.HOG0002572	OG0002336	-	WP_005770547.1	DAKCFMEO_00482
N0.HOG0002573	OG0002337	-	WP_005770558.1	DAKCFMEO_00489
N0.HOG0002574	OG0002338	-	WP_005770562.1	DAKCFMEO_00491
N0.HOG0002575	OG0002339	-	WP_005770566.1	DAKCFMEO_00493
N0.HOG0002576	OG0002340	-	WP_005770572.1	DAKCFMEO_00496
N0.HOG0002577	OG0002341	-	WP_005770586.1	DAKCFMEO_04270
N0.HOG0002578	OG0002342	-	WP_005770588.1	DAKCFMEO_04268
N0.HOG0002579	OG0002343	-	WP_005770594.1	DAKCFMEO_04265
N0.HOG0002580	OG0002344	-	WP_005770596.1	DAKCFMEO_04263
N0.HOG0002581	OG0002345	-	WP_005770603.1	DAKCFMEO_04258
N0.HOG0002582	OG0002346	-	WP_005770607.1	DAKCFMEO_04257
N0.HOG0002583	OG0002347	-	WP_005770613.1	DAKCFMEO_04254
N0.HOG0002584	OG0002348	-	WP_005770616.1	DAKCFMEO_04253
N0.HOG0002585	OG0002349	-	WP_005770618.1	DAKCFMEO_04252
N0.HOG0002586	OG0002350	-	WP_005770635.1	DAKCFMEO_04242
N0.HOG0002587	OG0002351	-	WP_005770639.1	DAKCFMEO_04239
N0.HOG0002588	OG0002352	-	WP_005770641.1	DAKCFMEO_04238
N0.HOG0002589	OG0002353	-	WP_005770642.1	DAKCFMEO_04237
N0.HOG0002590	OG0002354	-	WP_005770644.1	DAKCFMEO_04235
N0.HOG0002591	OG0002355	-	WP_005770645.1	DAKCFMEO_04234
N0.HOG0002592	OG0002356	-	WP_005770653.1	DAKCFMEO_04225
N0.HOG0002593	OG0002357	-	WP_005770654.1	DAKCFMEO_04196
N0.HOG0002594	OG0002358	-	WP_005770684.1	DAKCFMEO_02695
N0.HOG0002595	OG0002359	-	WP_005770686.1	DAKCFMEO_02694
N0.HOG0002596	OG0002360	-	WP_005770688.1	DAKCFMEO_02693
N0.HOG0002597	OG0002361	-	WP_005770693.1	DAKCFMEO_02691
N0.HOG0002598	OG0002362	-	WP_005770697.1	DAKCFMEO_02689
N0.HOG0002599	OG0002363	-	WP_005770721.1	DAKCFMEO_02678
N0.HOG0002600	OG0002364	-	WP_005770745.1	DAKCFMEO_00822
N0.HOG0002601	OG0002365	-	WP_005770751.1	DAKCFMEO_04351
N0.HOG0002602	OG0002366	-	WP_005770753.1	DAKCFMEO_04352
N0.HOG0002603	OG0002367	-	WP_005770757.1	DAKCFMEO_04354
N0.HOG0002604	OG0002368	-	WP_005770759.1	DAKCFMEO_04355
N0.HOG0002605	OG0002369	-	WP_005770766.1	DAKCFMEO_04360
N0.HOG0002606	OG0002370	-	WP_005770768.1	DAKCFMEO_04362
N0.HOG0002607	OG0002371	-	WP_005770770.1	DAKCFMEO_04364
N0.HOG0002608	OG0002372	-	WP_005770771.1	DAKCFMEO_04365
N0.HOG0002609	OG0002373	-	WP_005770773.1	DAKCFMEO_04366
N0.HOG0002610	OG0002374	-	WP_005770776.1	DAKCFMEO_04368
N0.HOG0002611	OG0002375	-	WP_005770780.1	DAKCFMEO_04370
N0.HOG0002612	OG0002376	-	WP_005770788.1	DAKCFMEO_04374
N0.HOG0002613	OG0002377	-	WP_005770811.1	DAKCFMEO_01412
N0.HOG0002614	OG0002378	-	WP_005770813.1	DAKCFMEO_01411
N0.HOG0002615	OG0002379	-	WP_005770815.1	DAKCFMEO_01410
N0.HOG0002616	OG0002380	-	WP_005770829.1	DAKCFMEO_00924
N0.HOG0002617	OG0002381	-	WP_005770839.1	DAKCFMEO_00929
N0.HOG0002618	OG0002382	-	WP_005770885.1	DAKCFMEO_01066
N0.HOG0002619	OG0002383	-	WP_005770888.1	DAKCFMEO_01065
N0.HOG0002620	OG0002384	-	WP_005770915.1	DAKCFMEO_01751
N0.HOG0002621	OG0002385	-	WP_005770938.1	DAKCFMEO_01750
N0.HOG0002622	OG0002386	-	WP_005770940.1	DAKCFMEO_01748
N0.HOG0002623	OG0002387	-	WP_005770944.1	DAKCFMEO_01745
N0.HOG0002624	OG0002388	-	WP_005770954.1	DAKCFMEO_01739
N0.HOG0002625	OG0002389	-	WP_005770966.1	DAKCFMEO_01734
N0.HOG0002626	OG0002390	-	WP_005771001.1	DAKCFMEO_03366
N0.HOG0002627	OG0002391	-	WP_005771002.1	DAKCFMEO_03364
N0.HOG0002628	OG0002392	-	WP_005771007.1	DAKCFMEO_03361
N0.HOG0002629	OG0002393	-	WP_005771009.1	DAKCFMEO_03357
N0.HOG0002630	OG0002394	-	WP_005771013.1	DAKCFMEO_03353
N0.HOG0002631	OG0002395	-	WP_005771017.1	DAKCFMEO_03349
N0.HOG0002632	OG0002396	-	WP_005771019.1	DAKCFMEO_03348
N0.HOG0002633	OG0002397	-	WP_005771021.1	DAKCFMEO_03347
N0.HOG0002634	OG0002398	-	WP_005771023.1	DAKCFMEO_03345
N0.HOG0002635	OG0002399	-	WP_005771027.1	DAKCFMEO_03342
N0.HOG0002636	OG0002400	-	WP_005771034.1	DAKCFMEO_03336
N0.HOG0002637	OG0002401	-	WP_005771039.1	DAKCFMEO_03332
N0.HOG0002638	OG0002402	-	WP_005771042.1	DAKCFMEO_03329
N0.HOG0002639	OG0002403	-	WP_005771075.1	DAKCFMEO_02010
N0.HOG0002640	OG0002404	-	WP_005771077.1	DAKCFMEO_02011
N0.HOG0002641	OG0002405	-	WP_005771123.1	DAKCFMEO_02043
N0.HOG0002642	OG0002406	-	WP_005771165.1	DAKCFMEO_04707
N0.HOG0002643	OG0002407	-	WP_005771167.1	DAKCFMEO_04708
N0.HOG0002644	OG0002408	-	WP_005771168.1	DAKCFMEO_04709
N0.HOG0002645	OG0002409	-	WP_005771169.1	DAKCFMEO_04710
N0.HOG0002646	OG0002410	-	WP_005771170.1	DAKCFMEO_04711
N0.HOG0002647	OG0002411	-	WP_005771172.1	DAKCFMEO_04712
N0.HOG0002648	OG0002412	-	WP_005771176.1	DAKCFMEO_04716
N0.HOG0002649	OG0002413	-	WP_005771178.1	DAKCFMEO_04717
N0.HOG0002650	OG0002414	-	WP_005771197.1	DAKCFMEO_04734
N0.HOG0002651	OG0002415	-	WP_005771200.1	DAKCFMEO_04737
N0.HOG0002652	OG0002416	-	WP_005771202.1	DAKCFMEO_04738
N0.HOG0002653	OG0002417	-	WP_005771203.1	DAKCFMEO_04739
N0.HOG0002654	OG0002418	-	WP_005771214.1	DAKCFMEO_00860
N0.HOG0002655	OG0002419	-	WP_005771221.1	DAKCFMEO_00863
N0.HOG0002656	OG0002420	-	WP_005771225.1	DAKCFMEO_00866
N0.HOG0002657	OG0002421	-	WP_005771227.1	DAKCFMEO_00867
N0.HOG0002658	OG0002422	-	WP_005771267.1	DAKCFMEO_00906
N0.HOG0002659	OG0002423	-	WP_005771273.1	DAKCFMEO_00908
N0.HOG0002660	OG0002424	-	WP_005771275.1	DAKCFMEO_00909
N0.HOG0002661	OG0002425	-	WP_005771282.1	DAKCFMEO_00896
N0.HOG0002662	OG0002426	-	WP_005771315.1	DAKCFMEO_02641
N0.HOG0002663	OG0002427	-	WP_005771329.1	DAKCFMEO_02653
N0.HOG0002664	OG0002428	-	WP_005771330.1	DAKCFMEO_02654
N0.HOG0002665	OG0002429	-	WP_005771334.1	DAKCFMEO_02656
N0.HOG0002666	OG0002430	-	WP_005771341.1	DAKCFMEO_02662
N0.HOG0002667	OG0002431	-	WP_005771350.1	DAKCFMEO_02669
N0.HOG0002668	OG0002432	-	WP_005771387.1	DAKCFMEO_03462
N0.HOG0002669	OG0002433	-	WP_005771389.1	DAKCFMEO_03459
N0.HOG0002670	OG0002434	-	WP_005771390.1	DAKCFMEO_03458
N0.HOG0002671	OG0002435	-	WP_005771392.1	DAKCFMEO_03456
N0.HOG0002672	OG0002436	-	WP_005771401.1	DAKCFMEO_03448
N0.HOG0002673	OG0002437	-	WP_005771478.1	DAKCFMEO_01755
N0.HOG0002674	OG0002438	-	WP_005771480.1	DAKCFMEO_01756
N0.HOG0002675	OG0002439	-	WP_005771481.1	DAKCFMEO_01758
N0.HOG0002676	OG0002440	-	WP_005771483.1	DAKCFMEO_01759
N0.HOG0002677	OG0002441	-	WP_005771491.1	DAKCFMEO_01761
N0.HOG0002678	OG0002442	-	WP_005771495.1	DAKCFMEO_03468
N0.HOG0002679	OG0002443	-	WP_005771500.1	DAKCFMEO_03472
N0.HOG0002680	OG0002444	-	WP_005771505.1	DAKCFMEO_03476
N0.HOG0002681	OG0002445	-	WP_005771507.1	DAKCFMEO_03478
N0.HOG0002682	OG0002446	-	WP_005771509.1	DAKCFMEO_03480
N0.HOG0002683	OG0002447	-	WP_005771571.1	DAKCFMEO_02498
N0.HOG0002684	OG0002448	-	WP_005771583.1	DAKCFMEO_02493
N0.HOG0002685	OG0002449	-	WP_005771596.1	DAKCFMEO_02487
N0.HOG0002686	OG0002450	-	WP_005771604.1	DAKCFMEO_02483
N0.HOG0002687	OG0002451	-	WP_005771640.1	DAKCFMEO_05304
N0.HOG0002688	OG0002452	-	WP_005771655.1	DAKCFMEO_04780
N0.HOG0002689	OG0002453	-	WP_005771663.1	DAKCFMEO_00550
N0.HOG0002690	OG0002454	-	WP_005771665.1	DAKCFMEO_00552
N0.HOG0002691	OG0002455	-	WP_005771689.1	DAKCFMEO_03275
N0.HOG0002692	OG0002456	-	WP_005771691.1	DAKCFMEO_03276
N0.HOG0002693	OG0002457	-	WP_005771787.1	DAKCFMEO_04993
N0.HOG0002694	OG0002458	-	WP_007247692.1, WP_005888829.1	
N0.HOG0002695	OG0002459	-	WP_042913775.1, WP_005888834.1	
N0.HOG0002696	OG0002460	-	WP_005888845.1	DAKCFMEO_02050
N0.HOG0002697	OG0002461	-	WP_074805571.1, WP_005894368.1	
N0.HOG0002698	OG0002462	-	WP_024691293.1, WP_005904445.1	
N0.HOG0002699	OG0002463	-	WP_007243678.1	DAKCFMEO_00404
N0.HOG0002700	OG0002464	-	WP_007243679.1	DAKCFMEO_00406
N0.HOG0002701	OG0002465	-	WP_007243690.1	DAKCFMEO_00441
N0.HOG0002702	OG0002466	-	WP_007243694.1	DAKCFMEO_00454
N0.HOG0002703	OG0002467	-	WP_007243700.1	DAKCFMEO_00469
N0.HOG0002704	OG0002468	-	WP_007243710.1	DAKCFMEO_01695
N0.HOG0002705	OG0002469	-	WP_007243715.1	DAKCFMEO_01705
N0.HOG0002706	OG0002470	-	WP_007243732.1	DAKCFMEO_03719
N0.HOG0002707	OG0002471	-	WP_007243735.1	DAKCFMEO_01780
N0.HOG0002708	OG0002472	-	WP_007243742.1	DAKCFMEO_01797
N0.HOG0002709	OG0002473	-	WP_007243753.1	DAKCFMEO_04769
N0.HOG0002710	OG0002474	-	WP_007243764.1	DAKCFMEO_00547
N0.HOG0002711	OG0002475	-	WP_007243783.1	DAKCFMEO_00564
N0.HOG0002712	OG0002476	-	WP_007243834.1	DAKCFMEO_04811
N0.HOG0002713	OG0002477	-	WP_007243836.1	DAKCFMEO_04817
N0.HOG0002714	OG0002478	-	WP_007243875.1	DAKCFMEO_03924
N0.HOG0002715	OG0002479	-	WP_007243881.1	DAKCFMEO_03910
N0.HOG0002716	OG0002480	-	WP_007243944.1	DAKCFMEO_03801
N0.HOG0002717	OG0002481	-	WP_007243977.1	DAKCFMEO_03748
N0.HOG0002718	OG0002482	-	WP_007243982.1	DAKCFMEO_03743
N0.HOG0002719	OG0002483	-	WP_007244012.1	DAKCFMEO_01184
N0.HOG0002720	OG0002484	-	WP_007244032.1	DAKCFMEO_02724
N0.HOG0002721	OG0002485	-	WP_007244063.1	DAKCFMEO_02758
N0.HOG0002722	OG0002486	-	WP_007244070.1	DAKCFMEO_02768
N0.HOG0002723	OG0002487	-	WP_007244073.1	DAKCFMEO_02771
N0.HOG0002724	OG0002488	-	WP_007244082.1	DAKCFMEO_02792
N0.HOG0002725	OG0002489	-	WP_007244088.1	DAKCFMEO_03375
N0.HOG0002726	OG0002490	-	WP_007244090.1	DAKCFMEO_03378
N0.HOG0002727	OG0002491	-	WP_007244096.1	DAKCFMEO_03386
N0.HOG0002728	OG0002492	-	WP_007244100.1	DAKCFMEO_03392
N0.HOG0002729	OG0002493	-	WP_007244107.1	DAKCFMEO_03401
N0.HOG0002730	OG0002494	-	WP_007244110.1	DAKCFMEO_03412
N0.HOG0002731	OG0002495	-	WP_007244127.1	DAKCFMEO_03450
N0.HOG0002732	OG0002496	-	WP_007244210.1	DAKCFMEO_02663
N0.HOG0002733	OG0002497	-	WP_007244218.1	DAKCFMEO_02648
N0.HOG0002734	OG0002498	-	WP_011103838.1, WP_007244232.1	
N0.HOG0002735	OG0002499	-	WP_007244311.1	DAKCFMEO_02634
N0.HOG0002736	OG0002500	-	WP_007244321.1	DAKCFMEO_02611
N0.HOG0002737	OG0002501	-	WP_007244324.1	DAKCFMEO_02602
N0.HOG0002738	OG0002502	-	WP_007244349.1	DAKCFMEO_02567
N0.HOG0002739	OG0002503	-	WP_007244357.1	DAKCFMEO_02555
N0.HOG0002740	OG0002504	-	WP_007244363.1	DAKCFMEO_02542
N0.HOG0002741	OG0002505	-	WP_007244364.1	DAKCFMEO_02540
N0.HOG0002742	OG0002506	-	WP_007244365.1	DAKCFMEO_02536
N0.HOG0002743	OG0002507	-	WP_007244370.1	DAKCFMEO_02527
N0.HOG0002744	OG0002508	-	WP_007244381.1	DAKCFMEO_02510
N0.HOG0002745	OG0002509	-	WP_007244383.1	DAKCFMEO_02505
N0.HOG0002746	OG0002510	-	WP_007244400.1	DAKCFMEO_02485
N0.HOG0002747	OG0002511	-	WP_007244403.1	DAKCFMEO_02482
N0.HOG0002748	OG0002512	-	WP_007244435.1	DAKCFMEO_02840
N0.HOG0002749	OG0002513	-	WP_007244442.1	DAKCFMEO_02852
N0.HOG0002750	OG0002514	-	WP_007244448.1	DAKCFMEO_02859
N0.HOG0002751	OG0002515	-	WP_007244449.1	DAKCFMEO_02861
N0.HOG0002752	OG0002516	-	WP_007244455.1	DAKCFMEO_02869
N0.HOG0002753	OG0002517	-	WP_007244499.1	DAKCFMEO_02929
N0.HOG0002754	OG0002518	-	WP_007244533.1	DAKCFMEO_05053
N0.HOG0002755	OG0002519	-	WP_007244549.1	DAKCFMEO_04959
N0.HOG0002756	OG0002520	-	WP_007244559.1	DAKCFMEO_02159
N0.HOG0002757	OG0002521	-	WP_007244563.1	DAKCFMEO_02149
N0.HOG0002758	OG0002522	-	WP_007244569.1	DAKCFMEO_04984
N0.HOG0002759	OG0002523	-	WP_007244571.1	DAKCFMEO_04980
N0.HOG0002760	OG0002524	-	WP_007244575.1	DAKCFMEO_04957
N0.HOG0002761	OG0002525	-	WP_007244577.1	DAKCFMEO_04953
N0.HOG0002762	OG0002526	-	WP_007244601.1	DAKCFMEO_04910
N0.HOG0002763	OG0002527	-	WP_007244602.1	DAKCFMEO_04909
N0.HOG0002764	OG0002528	-	WP_007244608.1	DAKCFMEO_04898
N0.HOG0002765	OG0002529	-	WP_007244624.1	DAKCFMEO_04856
N0.HOG0002766	OG0002530	-	WP_007244641.1	DAKCFMEO_03617
N0.HOG0002767	OG0002531	-	WP_007244646.1	DAKCFMEO_03627
N0.HOG0002768	OG0002532	-	WP_007244650.1	DAKCFMEO_03633
N0.HOG0002769	OG0002533	-	WP_007244655.1	DAKCFMEO_03641
N0.HOG0002770	OG0002534	-	WP_007244656.1	DAKCFMEO_03643
N0.HOG0002771	OG0002535	-	WP_007244661.1	DAKCFMEO_03652
N0.HOG0002772	OG0002536	-	WP_007244663.1	DAKCFMEO_03657
N0.HOG0002773	OG0002537	-	WP_007244669.1	DAKCFMEO_03599
N0.HOG0002774	OG0002538	-	WP_007244673.1	DAKCFMEO_03606
N0.HOG0002775	OG0002539	-	WP_007244675.1	DAKCFMEO_03608
N0.HOG0002776	OG0002540	-	WP_007244676.1	DAKCFMEO_03612
N0.HOG0002777	OG0002541	-	WP_007244755.1	DAKCFMEO_00670
N0.HOG0002778	OG0002542	-	WP_007244779.1	DAKCFMEO_00626
N0.HOG0002779	OG0002543	-	WP_007244780.1	DAKCFMEO_00624
N0.HOG0002780	OG0002544	-	WP_007244781.1	DAKCFMEO_00620
N0.HOG0002781	OG0002545	-	WP_007244826.1	DAKCFMEO_01478
N0.HOG0002782	OG0002546	-	WP_007244827.1	DAKCFMEO_01480
N0.HOG0002783	OG0002547	-	WP_007244829.1	DAKCFMEO_01483
N0.HOG0002784	OG0002548	-	WP_007244847.1	DAKCFMEO_00999
N0.HOG0002785	OG0002549	-	WP_007244879.1	DAKCFMEO_03004
N0.HOG0002786	OG0002550	-	WP_007244881.1	DAKCFMEO_03000
N0.HOG0002787	OG0002551	-	WP_007244885.1	DAKCFMEO_02996
N0.HOG0002788	OG0002552	-	WP_007244904.1	DAKCFMEO_03292
N0.HOG0002789	OG0002553	-	WP_007244945.1	DAKCFMEO_01259
N0.HOG0002790	OG0002554	-	WP_007244980.1	DAKCFMEO_01199
N0.HOG0002791	OG0002555	-	WP_007244983.1	DAKCFMEO_01195
N0.HOG0002792	OG0002556	-	WP_007244998.1	DAKCFMEO_01570
N0.HOG0002793	OG0002557	-	WP_007245012.1	DAKCFMEO_01594
N0.HOG0002794	OG0002558	-	WP_007245030.1	DAKCFMEO_02465
N0.HOG0002795	OG0002559	-	WP_007245069.1	DAKCFMEO_02404
N0.HOG0002796	OG0002560	-	WP_007245075.1	DAKCFMEO_04515
N0.HOG0002797	OG0002561	-	WP_007245137.1	DAKCFMEO_02307
N0.HOG0002798	OG0002562	-	WP_007245153.1	DAKCFMEO_04279
N0.HOG0002799	OG0002563	-	WP_007245166.1	DAKCFMEO_04295
N0.HOG0002800	OG0002564	-	WP_007245200.1	DAKCFMEO_04329
N0.HOG0002801	OG0002565	-	WP_007245213.1	DAKCFMEO_04349
N0.HOG0002802	OG0002566	-	WP_007245274.1	DAKCFMEO_04542
N0.HOG0002803	OG0002567	-	WP_007245289.1	DAKCFMEO_04563
N0.HOG0002804	OG0002568	-	WP_007245290.1	DAKCFMEO_04564
N0.HOG0002805	OG0002569	-	WP_007245315.1	DAKCFMEO_04626
N0.HOG0002806	OG0002570	-	WP_007245346.1	DAKCFMEO_04672
N0.HOG0002807	OG0002571	-	WP_007245350.1	DAKCFMEO_04676
N0.HOG0002808	OG0002572	-	WP_007245351.1	DAKCFMEO_04679
N0.HOG0002809	OG0002573	-	WP_007245353.1	DAKCFMEO_04681
N0.HOG0002810	OG0002574	-	WP_007245354.1	DAKCFMEO_04683
N0.HOG0002811	OG0002575	-	WP_007245360.1	DAKCFMEO_04693
N0.HOG0002812	OG0002576	-	WP_007245364.1	DAKCFMEO_03905
N0.HOG0002813	OG0002577	-	WP_007245369.1	DAKCFMEO_03267
N0.HOG0002814	OG0002578	-	WP_007245370.1	DAKCFMEO_03265
N0.HOG0002815	OG0002579	-	WP_007245372.1	DAKCFMEO_03259
N0.HOG0002816	OG0002580	-	WP_007245377.1	DAKCFMEO_03253
N0.HOG0002817	OG0002581	-	WP_007245391.1	DAKCFMEO_03233
N0.HOG0002818	OG0002582	-	WP_007245395.1	DAKCFMEO_03224
N0.HOG0002819	OG0002583	-	WP_007245401.1	DAKCFMEO_03214
N0.HOG0002820	OG0002584	-	WP_007245412.1	DAKCFMEO_03201
N0.HOG0002821	OG0002585	-	WP_007245414.1	DAKCFMEO_03191
N0.HOG0002822	OG0002586	-	WP_007245422.1	DAKCFMEO_03170
N0.HOG0002823	OG0002587	-	WP_007245435.1	DAKCFMEO_03143
N0.HOG0002824	OG0002588	-	WP_007245440.1	DAKCFMEO_03135
N0.HOG0002825	OG0002589	-	WP_007245442.1	DAKCFMEO_03131
N0.HOG0002826	OG0002590	-	WP_007245455.1	DAKCFMEO_03505
N0.HOG0002827	OG0002591	-	WP_007245540.1	DAKCFMEO_03692
N0.HOG0002828	OG0002592	-	WP_007245544.1	DAKCFMEO_03703
N0.HOG0002829	OG0002593	-	WP_007245578.1	DAKCFMEO_05087
N0.HOG0002830	OG0002594	-	WP_007245582.1	DAKCFMEO_05077
N0.HOG0002831	OG0002595	-	WP_007245596.1	DAKCFMEO_05104
N0.HOG0002832	OG0002596	-	WP_007245677.1	DAKCFMEO_04222
N0.HOG0002833	OG0002597	-	WP_007245694.1	DAKCFMEO_04198
N0.HOG0002834	OG0002598	-	WP_007245711.1	DAKCFMEO_00041
N0.HOG0002835	OG0002599	-	WP_007245780.1	DAKCFMEO_03034
N0.HOG0002836	OG0002600	-	WP_007245782.1	DAKCFMEO_03030
N0.HOG0002837	OG0002601	-	WP_007245794.1	DAKCFMEO_04160
N0.HOG0002838	OG0002602	-	WP_007245797.1	DAKCFMEO_04156
N0.HOG0002839	OG0002603	-	WP_007245801.1	DAKCFMEO_04149
N0.HOG0002840	OG0002604	-	WP_007245808.1	DAKCFMEO_04133
N0.HOG0002841	OG0002605	-	WP_007245818.1	DAKCFMEO_04194
N0.HOG0002842	OG0002606	-	WP_007245819.1	DAKCFMEO_04195
N0.HOG0002843	OG0002607	-	WP_011104001.1, WP_007245823.1	
N0.HOG0002844	OG0002608	-	WP_007245835.1	DAKCFMEO_04233
N0.HOG0002845	OG0002609	-	WP_007245842.1	DAKCFMEO_04247
N0.HOG0002846	OG0002610	-	WP_007245844.1	DAKCFMEO_04251
N0.HOG0002847	OG0002611	-	WP_007245851.1	DAKCFMEO_01613
N0.HOG0002848	OG0002612	-	WP_007245870.1	DAKCFMEO_01017
N0.HOG0002849	OG0002613	-	WP_007245872.1	DAKCFMEO_01014
N0.HOG0002850	OG0002614	-	WP_007245876.1	DAKCFMEO_01001
N0.HOG0002851	OG0002615	-	WP_007245931.1	DAKCFMEO_01406
N0.HOG0002852	OG0002616	-	WP_007245963.1	DAKCFMEO_01622
N0.HOG0002853	OG0002617	-	WP_007245964.1	DAKCFMEO_01621
N0.HOG0002854	OG0002618	-	WP_007245976.1	DAKCFMEO_01048
N0.HOG0002855	OG0002619	-	WP_007245978.1	DAKCFMEO_01051
N0.HOG0002856	OG0002620	-	WP_007246000.1	DAKCFMEO_01101
N0.HOG0002857	OG0002621	-	WP_007246008.1	DAKCFMEO_01113
N0.HOG0002858	OG0002622	-	WP_007246009.1	DAKCFMEO_01116
N0.HOG0002859	OG0002623	-	WP_007246012.1	DAKCFMEO_01119
N0.HOG0002860	OG0002624	-	WP_007246013.1	DAKCFMEO_01120
N0.HOG0002861	OG0002625	-	WP_007246025.1	DAKCFMEO_01546
N0.HOG0002862	OG0002626	-	WP_007246027.1	DAKCFMEO_01540
N0.HOG0002863	OG0002627	-	WP_007246028.1	DAKCFMEO_01535
N0.HOG0002864	OG0002628	-	WP_007246030.1	DAKCFMEO_01526
N0.HOG0002865	OG0002629	-	WP_007246047.1	DAKCFMEO_01493
N0.HOG0002866	OG0002630	-	WP_007246056.1	DAKCFMEO_01449
N0.HOG0002867	OG0002631	-	WP_007246060.1	DAKCFMEO_01443
N0.HOG0002868	OG0002632	-	WP_007246072.1	DAKCFMEO_01434
N0.HOG0002869	OG0002633	-	WP_007246082.1	DAKCFMEO_01429
N0.HOG0002870	OG0002634	-	WP_007246096.1	DAKCFMEO_01654
N0.HOG0002871	OG0002635	-	WP_007246097.1	DAKCFMEO_01657
N0.HOG0002872	OG0002636	-	WP_007246099.1	DAKCFMEO_01661
N0.HOG0002873	OG0002637	-	WP_007246105.1	DAKCFMEO_01668
N0.HOG0002874	OG0002638	-	WP_007246110.1	DAKCFMEO_00474
N0.HOG0002875	OG0002639	-	WP_007246111.1	DAKCFMEO_00476
N0.HOG0002876	OG0002640	-	WP_007246125.1	DAKCFMEO_00495
N0.HOG0002877	OG0002641	-	WP_007246181.1	DAKCFMEO_00276
N0.HOG0002878	OG0002642	-	WP_007246182.1	DAKCFMEO_00277
N0.HOG0002879	OG0002643	-	WP_007246191.1	DAKCFMEO_00290
N0.HOG0002880	OG0002644	-	WP_007246196.1	DAKCFMEO_00295
N0.HOG0002881	OG0002645	-	WP_007246206.1	DAKCFMEO_00316
N0.HOG0002882	OG0002646	-	WP_007246215.1	DAKCFMEO_00333
N0.HOG0002883	OG0002647	-	WP_007246223.1	DAKCFMEO_00350
N0.HOG0002884	OG0002648	-	WP_007246228.1	DAKCFMEO_00370
N0.HOG0002885	OG0002649	-	WP_007246281.1	DAKCFMEO_04079
N0.HOG0002886	OG0002650	-	WP_007246288.1	DAKCFMEO_04086
N0.HOG0002887	OG0002651	-	WP_007246306.1	DAKCFMEO_04112
N0.HOG0002888	OG0002652	-	WP_007246311.1	DAKCFMEO_04118
N0.HOG0002889	OG0002653	-	WP_007246312.1	DAKCFMEO_04119
N0.HOG0002890	OG0002654	-	WP_007246313.1	DAKCFMEO_04122
N0.HOG0002891	OG0002655	-	WP_007246354.1	DAKCFMEO_00808
N0.HOG0002892	OG0002656	-	WP_007246362.1	DAKCFMEO_00794
N0.HOG0002893	OG0002657	-	WP_007246371.1	DAKCFMEO_00774
N0.HOG0002894	OG0002658	-	WP_007246376.1	DAKCFMEO_00767
N0.HOG0002895	OG0002659	-	WP_007246378.1	DAKCFMEO_00763
N0.HOG0002896	OG0002660	-	WP_007246481.1	DAKCFMEO_03999
N0.HOG0002897	OG0002661	-	WP_007246483.1	DAKCFMEO_03995
N0.HOG0002898	OG0002662	-	WP_007246510.1	DAKCFMEO_01843
N0.HOG0002899	OG0002663	-	WP_007246513.1	DAKCFMEO_01839
N0.HOG0002900	OG0002664	-	WP_007246518.1	DAKCFMEO_01832
N0.HOG0002901	OG0002665	-	WP_007246535.1	DAKCFMEO_01914
N0.HOG0002902	OG0002666	-	WP_007246537.1	DAKCFMEO_01920
N0.HOG0002903	OG0002667	-	WP_007246575.1	DAKCFMEO_05253
N0.HOG0002904	OG0002668	-	WP_007246618.1	DAKCFMEO_00174
N0.HOG0002905	OG0002669	-	WP_007246619.1	DAKCFMEO_00172
N0.HOG0002906	OG0002670	-	WP_007246626.1	DAKCFMEO_00162
N0.HOG0002907	OG0002671	-	WP_007246633.1	DAKCFMEO_00148
N0.HOG0002908	OG0002672	-	WP_007246640.1	DAKCFMEO_00134
N0.HOG0002909	OG0002673	-	WP_007246648.1	DAKCFMEO_01320
N0.HOG0002910	OG0002674	-	WP_007246654.1	DAKCFMEO_01327
N0.HOG0002911	OG0002675	-	WP_007246655.1	DAKCFMEO_01329
N0.HOG0002912	OG0002676	-	WP_007246679.1	DAKCFMEO_01355
N0.HOG0002913	OG0002677	-	WP_007246686.1	DAKCFMEO_01366
N0.HOG0002914	OG0002678	-	WP_007246699.1	DAKCFMEO_00914
N0.HOG0002915	OG0002679	-	WP_007246762.1	DAKCFMEO_03985
N0.HOG0002916	OG0002680	-	WP_007246769.1	DAKCFMEO_00529
N0.HOG0002917	OG0002681	-	WP_007246809.1	DAKCFMEO_00220
N0.HOG0002918	OG0002682	-	WP_007246812.1	DAKCFMEO_00225
N0.HOG0002919	OG0002683	-	WP_007246818.1	DAKCFMEO_00243
N0.HOG0002920	OG0002684	-	WP_007246844.1	DAKCFMEO_05205
N0.HOG0002921	OG0002685	-	WP_007246848.1	DAKCFMEO_05208
N0.HOG0002922	OG0002686	-	WP_007246879.1	DAKCFMEO_00873
N0.HOG0002923	OG0002687	-	WP_007246884.1	DAKCFMEO_00862
N0.HOG0002924	OG0002688	-	WP_007246901.1	DAKCFMEO_00826
N0.HOG0002925	OG0002689	-	WP_007246911.1	DAKCFMEO_03848
N0.HOG0002926	OG0002690	-	WP_007246944.1	DAKCFMEO_01399
N0.HOG0002927	OG0002691	-	WP_007246946.1	DAKCFMEO_01401
N0.HOG0002928	OG0002692	-	WP_007246947.1	DAKCFMEO_01402
N0.HOG0002929	OG0002693	-	WP_007246966.1	DAKCFMEO_04705
N0.HOG0002930	OG0002694	-	WP_007246973.1	DAKCFMEO_04718
N0.HOG0002931	OG0002695	-	WP_007246984.1	DAKCFMEO_04730
N0.HOG0002932	OG0002696	-	WP_007247022.1	DAKCFMEO_00082
N0.HOG0002933	OG0002697	-	WP_007247038.1	DAKCFMEO_02192
N0.HOG0002934	OG0002698	-	WP_007247039.1	DAKCFMEO_02194
N0.HOG0002935	OG0002699	-	WP_007247040.1	DAKCFMEO_02195
N0.HOG0002936	OG0002700	-	WP_007247044.1	DAKCFMEO_02207
N0.HOG0002937	OG0002701	-	WP_007247057.1	DAKCFMEO_05009
N0.HOG0002938	OG0002702	-	WP_007247086.1	DAKCFMEO_03334
N0.HOG0002939	OG0002703	-	WP_007247126.1	DAKCFMEO_03955
N0.HOG0002940	OG0002704	-	WP_007247147.1	DAKCFMEO_03979
N0.HOG0002941	OG0002705	-	WP_007247158.1, WP_011103068.1	
N0.HOG0002942	OG0002706	-	WP_007247176.1	DAKCFMEO_01977
N0.HOG0002943	OG0002707	-	WP_007247212.1	DAKCFMEO_01927
N0.HOG0002944	OG0002708	-	WP_007247213.1	DAKCFMEO_01926
N0.HOG0002945	OG0002709	-	WP_007247215.1	DAKCFMEO_01819
N0.HOG0002946	OG0002710	-	WP_007247222.1	DAKCFMEO_01876
N0.HOG0002947	OG0002711	-	WP_007247319.1	DAKCFMEO_01954
N0.HOG0002948	OG0002712	-	WP_007247332.1	DAKCFMEO_05155
N0.HOG0002949	OG0002713	-	WP_007247340.1	DAKCFMEO_02135
N0.HOG0002950	OG0002714	-	WP_007247360.1	DAKCFMEO_02262
N0.HOG0002951	OG0002715	-	WP_007247432.1	DAKCFMEO_05174
N0.HOG0002952	OG0002716	-	WP_007247460.1	DAKCFMEO_05303
N0.HOG0002953	OG0002717	-	WP_007247479.1	DAKCFMEO_03279
N0.HOG0002954	OG0002718	-	WP_010200894.1	DAKCFMEO_01512
N0.HOG0002955	OG0002719	-	WP_010201143.1	DAKCFMEO_02797
N0.HOG0002956	OG0002720	-	WP_010201208.1	DAKCFMEO_03150
N0.HOG0002957	OG0002721	-	WP_010201647.1	DAKCFMEO_01651
N0.HOG0002958	OG0002722	-	WP_010201804.1	DAKCFMEO_01643
N0.HOG0002959	OG0002723	-	WP_010201831.1	DAKCFMEO_02970
N0.HOG0002960	OG0002724	-	WP_010202254.1	DAKCFMEO_04372
N0.HOG0002961	OG0002725	-	WP_010202721.1	DAKCFMEO_04201
N0.HOG0002962	OG0002726	-	WP_010203307.1	DAKCFMEO_03777
N0.HOG0002963	OG0002727	-	WP_010203323.1	DAKCFMEO_03772
N0.HOG0002964	OG0002728	-	WP_010203608.1	DAKCFMEO_00150
N0.HOG0002965	OG0002729	-	WP_010203924.1	DAKCFMEO_02197
N0.HOG0002966	OG0002730	-	WP_010204046.1	DAKCFMEO_03467
N0.HOG0002967	OG0002731	-	WP_010204183.1	DAKCFMEO_03020
N0.HOG0002968	OG0002732	-	WP_010204340.1	DAKCFMEO_02408
N0.HOG0002969	OG0002733	-	WP_010204398.1	DAKCFMEO_00960
N0.HOG0002970	OG0002734	-	WP_010204432.1	DAKCFMEO_04661
N0.HOG0002971	OG0002735	-	WP_010204647.1	DAKCFMEO_02692
N0.HOG0002972	OG0002736	-	WP_010204659.1	DAKCFMEO_04688
N0.HOG0002973	OG0002737	-	WP_010205374.1	DAKCFMEO_02047
N0.HOG0002974	OG0002738	-	WP_010205456.1	DAKCFMEO_02946
N0.HOG0002975	OG0002739	-	WP_010205556.1	DAKCFMEO_01349
N0.HOG0002976	OG0002740	-	WP_010205558.1	DAKCFMEO_01350
N0.HOG0002977	OG0002741	-	WP_010205561.1	DAKCFMEO_01352
N0.HOG0002978	OG0002742	-	WP_010205950.1	DAKCFMEO_05184
N0.HOG0002979	OG0002743	-	WP_010207011.1	DAKCFMEO_02916
N0.HOG0002980	OG0002744	-	WP_010207498.1	DAKCFMEO_00926
N0.HOG0002981	OG0002745	-	WP_010207549.1	DAKCFMEO_05183
N0.HOG0002982	OG0002746	-	WP_010207837.1	DAKCFMEO_00207
N0.HOG0002983	OG0002747	-	WP_010207872.1	DAKCFMEO_02551
N0.HOG0002984	OG0002748	-	WP_010207888.1	DAKCFMEO_02574
N0.HOG0002985	OG0002749	-	WP_010208311.1	DAKCFMEO_01857
N0.HOG0002986	OG0002750	-	WP_010208878.1	DAKCFMEO_04291
N0.HOG0002987	OG0002751	-	WP_010209025.1	DAKCFMEO_05242
N0.HOG0002988	OG0002752	-	WP_010209286.1	DAKCFMEO_03130
N0.HOG0002989	OG0002753	-	WP_024676281.1, WP_010209989.1	
N0.HOG0002990	OG0002754	-	WP_010210634.1	DAKCFMEO_00935
N0.HOG0002991	OG0002755	-	WP_011106977.1, WP_010215822.1	
N0.HOG0002992	OG0002756	-	WP_010216200.1	DAKCFMEO_05127
N0.HOG0002993	OG0002757	-	WP_010216538.1	DAKCFMEO_03822
N0.HOG0002994	OG0002758	-	WP_010216700.1	DAKCFMEO_04749
N0.HOG0002995	OG0002759	-	WP_010217367.1	DAKCFMEO_02854
N0.HOG0002996	OG0002760	-	WP_010218977.1	DAKCFMEO_00336
N0.HOG0002997	OG0002761	-	WP_010219162.1	DAKCFMEO_01104
N0.HOG0002998	OG0002762	-	WP_010219554.1	DAKCFMEO_00311
N0.HOG0002999	OG0002763	-	WP_010220797.1	DAKCFMEO_00933
N0.HOG0003000	OG0002764	-	WP_010428875.1	DAKCFMEO_03917
N0.HOG0003001	OG0002765	-	WP_011102932.1	DAKCFMEO_01264
N0.HOG0003002	OG0002766	-	WP_011103421.1, WP_011102936.1	
N0.HOG0003003	OG0002767	-	WP_011102951.1	DAKCFMEO_01277
N0.HOG0003004	OG0002768	-	WP_011102952.1	DAKCFMEO_01278
N0.HOG0003005	OG0002769	-	WP_011102953.1	DAKCFMEO_01279
N0.HOG0003006	OG0002770	-	WP_011102954.1	DAKCFMEO_01280
N0.HOG0003007	OG0002771	-	WP_011102955.1	DAKCFMEO_01281
N0.HOG0003008	OG0002772	-	WP_011102957.1	DAKCFMEO_01285
N0.HOG0003009	OG0002773	-	WP_011102958.1	DAKCFMEO_01286
N0.HOG0003010	OG0002774	-	WP_011102959.1	DAKCFMEO_01287
N0.HOG0003011	OG0002775	-	WP_011103655.1, WP_011102961.1	
N0.HOG0003012	OG0002776	-	WP_011102975.1	DAKCFMEO_01885
N0.HOG0003013	OG0002777	-	WP_011102978.1	DAKCFMEO_01825
N0.HOG0003014	OG0002778	-	WP_011102979.1	DAKCFMEO_01828
N0.HOG0003015	OG0002779	-	WP_011102980.1	DAKCFMEO_01833
N0.HOG0003016	OG0002780	-	WP_011102984.1	DAKCFMEO_01847
N0.HOG0003017	OG0002781	-	WP_011102991.1	DAKCFMEO_01868
N0.HOG0003018	OG0002782	-	WP_011102992.1	DAKCFMEO_01870
N0.HOG0003019	OG0002783	-	WP_011102993.1	DAKCFMEO_01871
N0.HOG0003020	OG0002784	-	WP_011102996.1	DAKCFMEO_01822
N0.HOG0003021	OG0002785	-	WP_011102997.1	DAKCFMEO_01821
N0.HOG0003022	OG0002786	-	WP_011102998.1	DAKCFMEO_01820
N0.HOG0003023	OG0002787	-	WP_011103000.1	DAKCFMEO_01925
N0.HOG0003024	OG0002788	-	WP_011103001.1	DAKCFMEO_01928
N0.HOG0003025	OG0002789	-	WP_011103002.1	DAKCFMEO_01929
N0.HOG0003026	OG0002790	-	WP_011103004.1	DAKCFMEO_01931
N0.HOG0003027	OG0002791	-	WP_011103006.1	DAKCFMEO_01935
N0.HOG0003028	OG0002792	-	WP_011103008.1	DAKCFMEO_01944
N0.HOG0003029	OG0002793	-	WP_011103010.1	DAKCFMEO_02218
N0.HOG0003030	OG0002794	-	WP_011103011.1	DAKCFMEO_02221
N0.HOG0003031	OG0002795	-	WP_011103012.1	DAKCFMEO_04464
N0.HOG0003032	OG0002796	-	WP_011103014.1	DAKCFMEO_02231
N0.HOG0003033	OG0002797	-	WP_011103015.1	DAKCFMEO_02237
N0.HOG0003034	OG0002798	-	WP_011103017.1	DAKCFMEO_01310
N0.HOG0003035	OG0002799	-	WP_011103018.1	DAKCFMEO_01309
N0.HOG0003036	OG0002800	-	WP_011103019.1, WP_046463451.1	
N0.HOG0003037	OG0002801	-	WP_011103022.1	DAKCFMEO_01306
N0.HOG0003038	OG0002802	-	WP_011103024.1	DAKCFMEO_01304
N0.HOG0003039	OG0002803	-	WP_011103025.1	DAKCFMEO_01301
N0.HOG0003040	OG0002804	-	WP_011103027.1	DAKCFMEO_01297
N0.HOG0003041	OG0002805	-	WP_011103028.1	DAKCFMEO_01295
N0.HOG0003042	OG0002806	-	WP_011103029.1	DAKCFMEO_01294
N0.HOG0003043	OG0002807	-	WP_011103037.1	DAKCFMEO_01915
N0.HOG0003044	OG0002808	-	WP_011103038.1	DAKCFMEO_01916
N0.HOG0003045	OG0002809	-	WP_011103040.1	DAKCFMEO_01918
N0.HOG0003046	OG0002810	-	WP_011103041.1	DAKCFMEO_01921
N0.HOG0003047	OG0002811	-	WP_011103042.1	DAKCFMEO_01818
N0.HOG0003048	OG0002812	-	WP_011103045.1	DAKCFMEO_02004
N0.HOG0003049	OG0002813	-	WP_011103048.1	DAKCFMEO_02008
N0.HOG0003050	OG0002814	-	WP_011103049.1	DAKCFMEO_02009
N0.HOG0003051	OG0002815	-	WP_011103050.1	DAKCFMEO_02012
N0.HOG0003052	OG0002816	-	WP_011103052.1	DAKCFMEO_02016
N0.HOG0003053	OG0002817	-	WP_011103056.1	DAKCFMEO_05181
N0.HOG0003054	OG0002818	-	WP_011103082.1, WP_011104843.1	
N0.HOG0003055	OG0002819	-	WP_011103092.1	DAKCFMEO_05157
N0.HOG0003056	OG0002820	-	WP_011103093.1	DAKCFMEO_05156
N0.HOG0003057	OG0002821	-	WP_011103094.1	DAKCFMEO_01979
N0.HOG0003058	OG0002822	-	WP_011103095.1	DAKCFMEO_01981
N0.HOG0003059	OG0002823	-	WP_011103099.1	DAKCFMEO_01817
N0.HOG0003060	OG0002824	-	WP_011103100.1	DAKCFMEO_01815
N0.HOG0003061	OG0002825	-	WP_011103101.1	DAKCFMEO_01812
N0.HOG0003062	OG0002826	-	WP_011103103.1	DAKCFMEO_02182
N0.HOG0003063	OG0002827	-	WP_011103104.1	DAKCFMEO_02183
N0.HOG0003064	OG0002828	-	WP_011103107.1	DAKCFMEO_05124
N0.HOG0003065	OG0002829	-	WP_011103109.1	DAKCFMEO_05121
N0.HOG0003066	OG0002830	-	WP_011103111.1	DAKCFMEO_05118
N0.HOG0003067	OG0002831	-	WP_011103113.1	DAKCFMEO_05117
N0.HOG0003068	OG0002832	-	WP_011103115.1	DAKCFMEO_05115
N0.HOG0003069	OG0002833	-	WP_011103118.1	DAKCFMEO_02140
N0.HOG0003070	OG0002834	-	WP_011103119.1	DAKCFMEO_02142
N0.HOG0003071	OG0002835	-	WP_011103122.1	DAKCFMEO_05275
N0.HOG0003072	OG0002836	-	WP_011103123.1	DAKCFMEO_02147
N0.HOG0003073	OG0002837	-	WP_011103125.1	DAKCFMEO_02154
N0.HOG0003074	OG0002838	-	WP_011103126.1	DAKCFMEO_02160
N0.HOG0003075	OG0002839	-	WP_011103127.1	DAKCFMEO_02169
N0.HOG0003076	OG0002840	-	WP_011103128.1	DAKCFMEO_02170
N0.HOG0003077	OG0002841	-	WP_011103131.1	DAKCFMEO_02173
N0.HOG0003078	OG0002842	-	WP_011103132.1	DAKCFMEO_02174
N0.HOG0003079	OG0002843	-	WP_011103134.1	DAKCFMEO_04976
N0.HOG0003080	OG0002844	-	WP_011103135.1	DAKCFMEO_02179
N0.HOG0003081	OG0002845	-	WP_011103137.1	DAKCFMEO_05038
N0.HOG0003082	OG0002846	-	WP_011103140.1	DAKCFMEO_05026
N0.HOG0003083	OG0002847	-	WP_011103141.1	DAKCFMEO_05055
N0.HOG0003084	OG0002848	-	WP_011103143.1	DAKCFMEO_02944
N0.HOG0003085	OG0002849	-	WP_011103144.1	DAKCFMEO_02960
N0.HOG0003086	OG0002850	-	WP_011103155.1, WP_011105490.1	
N0.HOG0003087	OG0002851	-	WP_011103158.1	DAKCFMEO_02928
N0.HOG0003088	OG0002852	-	WP_011103159.1	DAKCFMEO_02926
N0.HOG0003089	OG0002853	-	WP_011103160.1	DAKCFMEO_02922
N0.HOG0003090	OG0002854	-	WP_011103161.1	DAKCFMEO_02920
N0.HOG0003091	OG0002855	-	WP_011103171.1	DAKCFMEO_03040
N0.HOG0003092	OG0002856	-	WP_011103181.1	DAKCFMEO_02865
N0.HOG0003093	OG0002857	-	WP_011103182.1	DAKCFMEO_02864
N0.HOG0003094	OG0002858	-	WP_011103183.1	DAKCFMEO_02863
N0.HOG0003095	OG0002859	-	WP_011103184.1	DAKCFMEO_02862
N0.HOG0003096	OG0002860	-	WP_011103185.1	DAKCFMEO_02860
N0.HOG0003097	OG0002861	-	WP_011103186.1	DAKCFMEO_02858
N0.HOG0003098	OG0002862	-	WP_011103187.1	DAKCFMEO_02855
N0.HOG0003099	OG0002863	-	WP_011103191.1	DAKCFMEO_02850
N0.HOG0003100	OG0002864	-	WP_011103195.1	DAKCFMEO_02844
N0.HOG0003101	OG0002865	-	WP_011103197.1	DAKCFMEO_02838
N0.HOG0003102	OG0002866	-	WP_011103203.1	DAKCFMEO_02828
N0.HOG0003103	OG0002867	-	WP_011103204.1	DAKCFMEO_02825
N0.HOG0003104	OG0002868	-	WP_011103205.1	DAKCFMEO_02824
N0.HOG0003105	OG0002869	-	WP_011103215.1	DAKCFMEO_02812
N0.HOG0003106	OG0002870	-	WP_011103216.1	DAKCFMEO_02810
N0.HOG0003107	OG0002871	-	WP_011103217.1	DAKCFMEO_02803
N0.HOG0003108	OG0002872	-	WP_011103219.1	DAKCFMEO_03487
N0.HOG0003109	OG0002873	-	WP_011103220.1	DAKCFMEO_03500
N0.HOG0003110	OG0002874	-	WP_011103224.1	DAKCFMEO_03539
N0.HOG0003111	OG0002875	-	WP_011103225.1	DAKCFMEO_03544
N0.HOG0003112	OG0002876	-	WP_011103226.1	DAKCFMEO_00498
N0.HOG0003113	OG0002877	-	WP_011103227.1	DAKCFMEO_02057
N0.HOG0003114	OG0002878	-	WP_011103233.1	DAKCFMEO_03560
N0.HOG0003115	OG0002879	-	WP_011103234.1	DAKCFMEO_03564
N0.HOG0003116	OG0002880	-	WP_011103235.1	DAKCFMEO_03567
N0.HOG0003117	OG0002881	-	WP_011103236.1	DAKCFMEO_03568
N0.HOG0003118	OG0002882	-	WP_011103238.1	DAKCFMEO_03571
N0.HOG0003119	OG0002883	-	WP_011103239.1	DAKCFMEO_03572
N0.HOG0003120	OG0002884	-	WP_011103240.1	DAKCFMEO_03575
N0.HOG0003121	OG0002885	-	WP_011103242.1, WP_011103420.1	
N0.HOG0003122	OG0002886	-	WP_011103249.1	DAKCFMEO_03282
N0.HOG0003123	OG0002887	-	WP_011103253.1	DAKCFMEO_03584
N0.HOG0003124	OG0002888	-	WP_011103255.1	DAKCFMEO_03588
N0.HOG0003125	OG0002889	-	WP_011103256.1	DAKCFMEO_03589
N0.HOG0003126	OG0002890	-	WP_011103257.1	DAKCFMEO_03598
N0.HOG0003127	OG0002891	-	WP_011103258.1	DAKCFMEO_03665
N0.HOG0003128	OG0002892	-	WP_011103259.1	DAKCFMEO_03666
N0.HOG0003129	OG0002893	-	WP_011103261.1	DAKCFMEO_03669
N0.HOG0003130	OG0002894	-	WP_011103262.1	DAKCFMEO_03670
N0.HOG0003131	OG0002895	-	WP_011103263.1	DAKCFMEO_03671
N0.HOG0003132	OG0002896	-	WP_011103267.1	DAKCFMEO_03683
N0.HOG0003133	OG0002897	-	WP_011103269.1	DAKCFMEO_03689
N0.HOG0003134	OG0002898	-	WP_011103270.1	DAKCFMEO_03695
N0.HOG0003135	OG0002899	-	WP_011103272.1	DAKCFMEO_03701
N0.HOG0003136	OG0002900	-	WP_011103273.1	DAKCFMEO_03705
N0.HOG0003137	OG0002901	-	WP_011103275.1	DAKCFMEO_00609
N0.HOG0003138	OG0002902	-	WP_011103276.1	DAKCFMEO_00608
N0.HOG0003139	OG0002903	-	WP_011103277.1	DAKCFMEO_00607
N0.HOG0003140	OG0002904	-	WP_011103280.1	DAKCFMEO_00599
N0.HOG0003141	OG0002905	-	WP_011103282.1	DAKCFMEO_00595
N0.HOG0003142	OG0002906	-	WP_011103283.1	DAKCFMEO_00593
N0.HOG0003143	OG0002907	-	WP_011103284.1	DAKCFMEO_00592
N0.HOG0003144	OG0002908	-	WP_011103285.1	DAKCFMEO_00591
N0.HOG0003145	OG0002909	-	WP_011103287.1	DAKCFMEO_00590
N0.HOG0003146	OG0002910	-	WP_011103288.1	DAKCFMEO_00589
N0.HOG0003147	OG0002911	-	WP_011103289.1	DAKCFMEO_00587
N0.HOG0003148	OG0002912	-	WP_011103291.1	DAKCFMEO_00534
N0.HOG0003149	OG0002913	-	WP_011103292.1	DAKCFMEO_00528
N0.HOG0003150	OG0002914	-	WP_011103293.1	DAKCFMEO_00527
N0.HOG0003151	OG0002915	-	WP_011103294.1	DAKCFMEO_00526
N0.HOG0003152	OG0002916	-	WP_011103295.1	DAKCFMEO_00525
N0.HOG0003153	OG0002917	-	WP_011103299.1	DAKCFMEO_04448
N0.HOG0003154	OG0002918	-	WP_011103300.1	DAKCFMEO_04447
N0.HOG0003155	OG0002919	-	WP_011103301.1	DAKCFMEO_00522
N0.HOG0003156	OG0002920	-	WP_011103303.1	DAKCFMEO_00518
N0.HOG0003157	OG0002921	-	WP_011103304.1	DAKCFMEO_03118
N0.HOG0003158	OG0002922	-	WP_011103320.1, WP_159229451.1	
N0.HOG0003159	OG0002923	-	WP_011103337.1	DAKCFMEO_01790
N0.HOG0003160	OG0002924	-	WP_011103345.1	DAKCFMEO_02884
N0.HOG0003161	OG0002925	-	WP_011103349.1	DAKCFMEO_00503
N0.HOG0003162	OG0002926	-	WP_011103350.1	DAKCFMEO_00502
N0.HOG0003163	OG0002927	-	WP_011103353.1	DAKCFMEO_03581
N0.HOG0003164	OG0002928	-	WP_011103355.1	DAKCFMEO_00494
N0.HOG0003165	OG0002929	-	WP_011103356.1	DAKCFMEO_00492
N0.HOG0003166	OG0002930	-	WP_011103358.1	DAKCFMEO_00488
N0.HOG0003167	OG0002931	-	WP_011103359.1	DAKCFMEO_00483
N0.HOG0003168	OG0002932	-	WP_011103361.1	DAKCFMEO_00480
N0.HOG0003169	OG0002933	-	WP_011103362.1	DAKCFMEO_00479
N0.HOG0003170	OG0002934	-	WP_011103363.1	DAKCFMEO_00478
N0.HOG0003171	OG0002935	-	WP_011103365.1	DAKCFMEO_00475
N0.HOG0003172	OG0002936	-	WP_011103366.1	DAKCFMEO_00473
N0.HOG0003173	OG0002937	-	WP_011103367.1	DAKCFMEO_01673
N0.HOG0003174	OG0002938	-	WP_011103368.1	DAKCFMEO_01672
N0.HOG0003175	OG0002939	-	WP_011103369.1	DAKCFMEO_01670
N0.HOG0003176	OG0002940	-	WP_011103370.1	DAKCFMEO_01666
N0.HOG0003177	OG0002941	-	WP_011103371.1	DAKCFMEO_01664
N0.HOG0003178	OG0002942	-	WP_011103372.1	DAKCFMEO_01658
N0.HOG0003179	OG0002943	-	WP_011103373.1	DAKCFMEO_01655
N0.HOG0003180	OG0002944	-	WP_011103375.1	DAKCFMEO_01653
N0.HOG0003181	OG0002945	-	WP_011103377.1	DAKCFMEO_03483
N0.HOG0003182	OG0002946	-	WP_011103378.1	DAKCFMEO_03481
N0.HOG0003183	OG0002947	-	WP_011103380.1	DAKCFMEO_03475
N0.HOG0003184	OG0002948	-	WP_011103382.1	DAKCFMEO_03470
N0.HOG0003185	OG0002949	-	WP_011103387.1	DAKCFMEO_01753
N0.HOG0003186	OG0002950	-	WP_011103393.1	DAKCFMEO_01746
N0.HOG0003187	OG0002951	-	WP_011103395.1	DAKCFMEO_01742
N0.HOG0003188	OG0002952	-	WP_011103396.1	DAKCFMEO_01741
N0.HOG0003189	OG0002953	-	WP_011103399.1	DAKCFMEO_01736
N0.HOG0003190	OG0002954	-	WP_011103404.1	DAKCFMEO_03464
N0.HOG0003191	OG0002955	-	WP_011103405.1	DAKCFMEO_03463
N0.HOG0003192	OG0002956	-	WP_011103417.1	DAKCFMEO_03060
N0.HOG0003193	OG0002957	-	WP_011103428.1	DAKCFMEO_03445
N0.HOG0003194	OG0002958	-	WP_011103429.1	DAKCFMEO_03439
N0.HOG0003195	OG0002959	-	WP_011103430.1	DAKCFMEO_03437
N0.HOG0003196	OG0002960	-	WP_011103431.1	DAKCFMEO_03436
N0.HOG0003197	OG0002961	-	WP_011103433.1	DAKCFMEO_03431
N0.HOG0003198	OG0002962	-	WP_011103436.1	DAKCFMEO_03420
N0.HOG0003199	OG0002963	-	WP_011103440.1	DAKCFMEO_03403
N0.HOG0003200	OG0002964	-	WP_011103441.1	DAKCFMEO_03395
N0.HOG0003201	OG0002965	-	WP_011103443.1	DAKCFMEO_03393
N0.HOG0003202	OG0002966	-	WP_011103444.1	DAKCFMEO_03391
N0.HOG0003203	OG0002967	-	WP_011103445.1	DAKCFMEO_03390
N0.HOG0003204	OG0002968	-	WP_011103446.1	DAKCFMEO_03388
N0.HOG0003205	OG0002969	-	WP_011103449.1	DAKCFMEO_03384
N0.HOG0003206	OG0002970	-	WP_011103450.1	DAKCFMEO_03383
N0.HOG0003207	OG0002971	-	WP_011103454.1	DAKCFMEO_03379
N0.HOG0003208	OG0002972	-	WP_011103456.1	DAKCFMEO_03374
N0.HOG0003209	OG0002973	-	WP_011103457.1	DAKCFMEO_02793
N0.HOG0003210	OG0002974	-	WP_011103458.1	DAKCFMEO_02782
N0.HOG0003211	OG0002975	-	WP_011103459.1	DAKCFMEO_02779
N0.HOG0003212	OG0002976	-	WP_011103464.1	DAKCFMEO_02769
N0.HOG0003213	OG0002977	-	WP_011103468.1	DAKCFMEO_02761
N0.HOG0003214	OG0002978	-	WP_011103471.1	DAKCFMEO_02756
N0.HOG0003215	OG0002979	-	WP_011103475.1	DAKCFMEO_00120
N0.HOG0003216	OG0002980	-	WP_011103477.1	DAKCFMEO_02747
N0.HOG0003217	OG0002981	-	WP_011103481.1	DAKCFMEO_02739
N0.HOG0003218	OG0002982	-	WP_011103482.1	DAKCFMEO_02738
N0.HOG0003219	OG0002983	-	WP_011103483.1	DAKCFMEO_02737
N0.HOG0003220	OG0002984	-	WP_011103488.1	DAKCFMEO_02722
N0.HOG0003221	OG0002985	-	WP_011103493.1	DAKCFMEO_03307
N0.HOG0003222	OG0002986	-	WP_011103494.1	DAKCFMEO_03303
N0.HOG0003223	OG0002987	-	WP_011103496.1	DAKCFMEO_03296
N0.HOG0003224	OG0002988	-	WP_011103499.1	DAKCFMEO_02977
N0.HOG0003225	OG0002989	-	WP_011103501.1	DAKCFMEO_02990
N0.HOG0003226	OG0002990	-	WP_011103503.1	DAKCFMEO_02994
N0.HOG0003227	OG0002991	-	WP_011103508.1	DAKCFMEO_03014
N0.HOG0003228	OG0002992	-	WP_011103509.1	DAKCFMEO_03015
N0.HOG0003229	OG0002993	-	WP_011103511.1	DAKCFMEO_03016
N0.HOG0003230	OG0002994	-	WP_011103513.1	DAKCFMEO_03018
N0.HOG0003231	OG0002995	-	WP_011103515.1	DAKCFMEO_04791
N0.HOG0003232	OG0002996	-	WP_011103517.1	DAKCFMEO_02892
N0.HOG0003233	OG0002997	-	WP_011103523.1	DAKCFMEO_01772
N0.HOG0003234	OG0002998	-	WP_011103524.1	DAKCFMEO_01768
N0.HOG0003235	OG0002999	-	WP_011103525.1	DAKCFMEO_01765
N0.HOG0003236	OG0003000	-	WP_011103527.1	DAKCFMEO_01291
N0.HOG0003237	OG0003001	-	WP_011103528.1	DAKCFMEO_04465
N0.HOG0003238	OG0003002	-	WP_011103532.1	DAKCFMEO_01473
N0.HOG0003239	OG0003003	-	WP_011103537.1	DAKCFMEO_01466
N0.HOG0003240	OG0003004	-	WP_011103538.1	DAKCFMEO_01461
N0.HOG0003241	OG0003005	-	WP_011103544.1	DAKCFMEO_03322
N0.HOG0003242	OG0003006	-	WP_011103546.1	DAKCFMEO_03343
N0.HOG0003243	OG0003007	-	WP_011103549.1	DAKCFMEO_03352
N0.HOG0003244	OG0003008	-	WP_011103550.1	DAKCFMEO_03356
N0.HOG0003245	OG0003009	-	WP_011103551.1	DAKCFMEO_03358
N0.HOG0003246	OG0003010	-	WP_011103555.1, WP_011107017.1	
N0.HOG0003247	OG0003011	-	WP_011103560.1	DAKCFMEO_03280
N0.HOG0003248	OG0003012	-	WP_011103562.1	DAKCFMEO_03277
N0.HOG0003249	OG0003013	-	WP_011103564.1	DAKCFMEO_03274
N0.HOG0003250	OG0003014	-	WP_011103566.1	DAKCFMEO_03273
N0.HOG0003251	OG0003015	-	WP_011103567.1	DAKCFMEO_03268
N0.HOG0003252	OG0003016	-	WP_011103569.1	DAKCFMEO_03257
N0.HOG0003253	OG0003017	-	WP_011103574.1	DAKCFMEO_03250
N0.HOG0003254	OG0003018	-	WP_011103575.1	DAKCFMEO_03249
N0.HOG0003255	OG0003019	-	WP_011104869.1, WP_011103577.1	
N0.HOG0003256	OG0003020	-	WP_011103578.1	DAKCFMEO_03244
N0.HOG0003257	OG0003021	-	WP_011103579.1	DAKCFMEO_03242
N0.HOG0003258	OG0003022	-	WP_011103581.1	DAKCFMEO_03232
N0.HOG0003259	OG0003023	-	WP_011103582.1	DAKCFMEO_03228
N0.HOG0003260	OG0003024	-	WP_011103583.1	DAKCFMEO_03226
N0.HOG0003261	OG0003025	-	WP_011103587.1	DAKCFMEO_03208
N0.HOG0003262	OG0003026	-	WP_011103588.1	DAKCFMEO_03207
N0.HOG0003263	OG0003027	-	WP_011103589.1	DAKCFMEO_03206
N0.HOG0003264	OG0003028	-	WP_011103590.1	DAKCFMEO_03203
N0.HOG0003265	OG0003029	-	WP_011103591.1	DAKCFMEO_03202
N0.HOG0003266	OG0003030	-	WP_011103592.1	DAKCFMEO_03194
N0.HOG0003267	OG0003031	-	WP_011103593.1	DAKCFMEO_03192
N0.HOG0003268	OG0003032	-	WP_011103594.1	DAKCFMEO_03187
N0.HOG0003269	OG0003033	-	WP_011103595.1	DAKCFMEO_03186
N0.HOG0003270	OG0003034	-	WP_011103596.1	DAKCFMEO_03184
N0.HOG0003271	OG0003035	-	WP_011103598.1	DAKCFMEO_03172
N0.HOG0003272	OG0003036	-	WP_011103605.1	DAKCFMEO_00068
N0.HOG0003273	OG0003037	-	WP_011103606.1	DAKCFMEO_03321
N0.HOG0003274	OG0003038	-	WP_011103609.1	DAKCFMEO_00066
N0.HOG0003275	OG0003039	-	WP_011103610.1	DAKCFMEO_00065
N0.HOG0003276	OG0003040	-	WP_011103611.1	DAKCFMEO_00064
N0.HOG0003277	OG0003041	-	WP_011103614.1	DAKCFMEO_04445
N0.HOG0003278	OG0003042	-	WP_011103617.1	DAKCFMEO_00052
N0.HOG0003279	OG0003043	-	WP_011103623.1	DAKCFMEO_00037
N0.HOG0003280	OG0003044	-	WP_011103625.1	DAKCFMEO_00035
N0.HOG0003281	OG0003045	-	WP_011103626.1	DAKCFMEO_00032
N0.HOG0003282	OG0003046	-	WP_011103627.1	DAKCFMEO_00031
N0.HOG0003283	OG0003047	-	WP_011103628.1	DAKCFMEO_00029
N0.HOG0003284	OG0003048	-	WP_011103631.1	DAKCFMEO_00024
N0.HOG0003285	OG0003049	-	WP_011103632.1	DAKCFMEO_00023
N0.HOG0003286	OG0003050	-	WP_011103637.1	DAKCFMEO_04209
N0.HOG0003287	OG0003051	-	WP_011103640.1	DAKCFMEO_04212
N0.HOG0003288	OG0003052	-	WP_011103641.1	DAKCFMEO_04213
N0.HOG0003289	OG0003053	-	WP_011103642.1	DAKCFMEO_04214
N0.HOG0003290	OG0003054	-	WP_011103643.1	DAKCFMEO_04215
N0.HOG0003291	OG0003055	-	WP_011103644.1	DAKCFMEO_04220
N0.HOG0003292	OG0003056	-	WP_011103665.1	DAKCFMEO_02239
N0.HOG0003293	OG0003057	-	WP_011103669.1	DAKCFMEO_02249
N0.HOG0003294	OG0003058	-	WP_011103670.1	DAKCFMEO_02250
N0.HOG0003295	OG0003059	-	WP_011103671.1	DAKCFMEO_02253
N0.HOG0003296	OG0003060	-	WP_011103672.1	DAKCFMEO_02255
N0.HOG0003297	OG0003061	-	WP_011103673.1	DAKCFMEO_02259
N0.HOG0003298	OG0003062	-	WP_011103674.1	DAKCFMEO_02261
N0.HOG0003299	OG0003063	-	WP_011103676.1	DAKCFMEO_02263
N0.HOG0003300	OG0003064	-	WP_011103677.1	DAKCFMEO_02269
N0.HOG0003301	OG0003065	-	WP_011103680.1	DAKCFMEO_02279
N0.HOG0003302	OG0003066	-	WP_011103681.1	DAKCFMEO_02280
N0.HOG0003303	OG0003067	-	WP_011103682.1	DAKCFMEO_02285
N0.HOG0003304	OG0003068	-	WP_011103684.1	DAKCFMEO_02287
N0.HOG0003305	OG0003069	-	WP_011103689.1	DAKCFMEO_02297
N0.HOG0003306	OG0003070	-	WP_011103690.1	DAKCFMEO_02302
N0.HOG0003307	OG0003071	-	WP_011103691.1	DAKCFMEO_02304
N0.HOG0003308	OG0003072	-	WP_011103692.1	DAKCFMEO_02308
N0.HOG0003309	OG0003073	-	WP_011103695.1	DAKCFMEO_02321
N0.HOG0003310	OG0003074	-	WP_011103696.1	DAKCFMEO_02322
N0.HOG0003311	OG0003075	-	WP_011103697.1	DAKCFMEO_02323
N0.HOG0003312	OG0003076	-	WP_011103699.1	DAKCFMEO_02326
N0.HOG0003313	OG0003077	-	WP_011103701.1	DAKCFMEO_02335
N0.HOG0003314	OG0003078	-	WP_011103706.1	DAKCFMEO_02369
N0.HOG0003315	OG0003079	-	WP_011103707.1	DAKCFMEO_02370
N0.HOG0003316	OG0003080	-	WP_011103708.1	DAKCFMEO_02372
N0.HOG0003317	OG0003081	-	WP_011103709.1	DAKCFMEO_02378
N0.HOG0003318	OG0003082	-	WP_011103710.1	DAKCFMEO_02380
N0.HOG0003319	OG0003083	-	WP_011103711.1	DAKCFMEO_02382
N0.HOG0003320	OG0003084	-	WP_011103715.1	DAKCFMEO_04509
N0.HOG0003321	OG0003085	-	WP_011103718.1	DAKCFMEO_04513
N0.HOG0003322	OG0003086	-	WP_011103720.1	DAKCFMEO_04517
N0.HOG0003323	OG0003087	-	WP_011103722.1	DAKCFMEO_02397
N0.HOG0003324	OG0003088	-	WP_011103723.1	DAKCFMEO_02398
N0.HOG0003325	OG0003089	-	WP_011103730.1	DAKCFMEO_04825
N0.HOG0003326	OG0003090	-	WP_011103731.1	DAKCFMEO_02424
N0.HOG0003327	OG0003091	-	WP_011103732.1	DAKCFMEO_02422
N0.HOG0003328	OG0003092	-	WP_011103734.1	DAKCFMEO_00838
N0.HOG0003329	OG0003093	-	WP_011103735.1	DAKCFMEO_00837
N0.HOG0003330	OG0003094	-	WP_011103737.1	DAKCFMEO_03935
N0.HOG0003331	OG0003095	-	WP_011103740.1	DAKCFMEO_02443
N0.HOG0003332	OG0003096	-	WP_011103748.1	DAKCFMEO_02453
N0.HOG0003333	OG0003097	-	WP_011103750.1	DAKCFMEO_02455
N0.HOG0003334	OG0003098	-	WP_011103752.1	DAKCFMEO_02458
N0.HOG0003335	OG0003099	-	WP_011103753.1	DAKCFMEO_02461
N0.HOG0003336	OG0003100	-	WP_011103756.1	DAKCFMEO_02466
N0.HOG0003337	OG0003101	-	WP_011103757.1	DAKCFMEO_02468
N0.HOG0003338	OG0003102	-	WP_011103759.1	DAKCFMEO_02471
N0.HOG0003339	OG0003103	-	WP_011103761.1, WP_011104066.1	
N0.HOG0003340	OG0003104	-	WP_011103766.1	DAKCFMEO_02486
N0.HOG0003341	OG0003105	-	WP_011103771.1	DAKCFMEO_02492
N0.HOG0003342	OG0003106	-	WP_011103773.1	DAKCFMEO_02496
N0.HOG0003343	OG0003107	-	WP_011103775.1	DAKCFMEO_00997
N0.HOG0003344	OG0003108	-	WP_011103779.1	DAKCFMEO_02514
N0.HOG0003345	OG0003109	-	WP_011103781.1	DAKCFMEO_02520
N0.HOG0003346	OG0003110	-	WP_011103783.1	DAKCFMEO_02525
N0.HOG0003347	OG0003111	-	WP_011103785.1	DAKCFMEO_02533
N0.HOG0003348	OG0003112	-	WP_011103786.1	DAKCFMEO_02535
N0.HOG0003349	OG0003113	-	WP_011103790.1	DAKCFMEO_02550
N0.HOG0003350	OG0003114	-	WP_011103791.1	DAKCFMEO_02553
N0.HOG0003351	OG0003115	-	WP_011103794.1	DAKCFMEO_02562
N0.HOG0003352	OG0003116	-	WP_011103795.1	DAKCFMEO_02566
N0.HOG0003353	OG0003117	-	WP_011103796.1	DAKCFMEO_02572
N0.HOG0003354	OG0003118	-	WP_011103797.1	DAKCFMEO_02573
N0.HOG0003355	OG0003119	-	WP_011103806.1	DAKCFMEO_02584
N0.HOG0003356	OG0003120	-	WP_011103811.1	DAKCFMEO_02597
N0.HOG0003357	OG0003121	-	WP_011103812.1	DAKCFMEO_02601
N0.HOG0003358	OG0003122	-	WP_011103814.1	DAKCFMEO_02607
N0.HOG0003359	OG0003123	-	WP_011103816.1	DAKCFMEO_02610
N0.HOG0003360	OG0003124	-	WP_011103818.1	DAKCFMEO_02614
N0.HOG0003361	OG0003125	-	WP_011103819.1	DAKCFMEO_02618
N0.HOG0003362	OG0003126	-	WP_011103820.1	DAKCFMEO_02619
N0.HOG0003363	OG0003127	-	WP_011103821.1	DAKCFMEO_02623
N0.HOG0003364	OG0003128	-	WP_011103822.1	DAKCFMEO_02630
N0.HOG0003365	OG0003129	-	WP_011103824.1	DAKCFMEO_02637
N0.HOG0003366	OG0003130	-	WP_011103839.1, WP_011104841.1	
N0.HOG0003367	OG0003131	-	WP_011103840.1, WP_011104840.1	
N0.HOG0003368	OG0003132	-	WP_011104793.1, WP_011103841.1	
N0.HOG0003369	OG0003133	-	WP_011103842.1, WP_011104792.1	
N0.HOG0003370	OG0003134	-	WP_011103847.1	DAKCFMEO_02642
N0.HOG0003371	OG0003135	-	WP_011103848.1	DAKCFMEO_02645
N0.HOG0003372	OG0003136	-	WP_011103849.1	DAKCFMEO_02646
N0.HOG0003373	OG0003137	-	WP_011103850.1	DAKCFMEO_02647
N0.HOG0003374	OG0003138	-	WP_011103851.1	DAKCFMEO_02649
N0.HOG0003375	OG0003139	-	WP_011103855.1	DAKCFMEO_02667
N0.HOG0003376	OG0003140	-	WP_011103856.1	DAKCFMEO_02672
N0.HOG0003377	OG0003141	-	WP_011103861.1	DAKCFMEO_02677
N0.HOG0003378	OG0003142	-	WP_011103863.1	DAKCFMEO_02682
N0.HOG0003379	OG0003143	-	WP_011103866.1	DAKCFMEO_02690
N0.HOG0003380	OG0003144	-	WP_011103869.1	DAKCFMEO_02697
N0.HOG0003381	OG0003145	-	WP_011103875.1	DAKCFMEO_02704
N0.HOG0003382	OG0003146	-	WP_011103877.1	DAKCFMEO_02706
N0.HOG0003383	OG0003147	-	WP_011103878.1	DAKCFMEO_02708
N0.HOG0003384	OG0003148	-	WP_011103880.1	DAKCFMEO_02712
N0.HOG0003385	OG0003149	-	WP_011103884.1	DAKCFMEO_00618
N0.HOG0003386	OG0003150	-	WP_011103885.1	DAKCFMEO_00619
N0.HOG0003387	OG0003151	-	WP_011103886.1	DAKCFMEO_00621
N0.HOG0003388	OG0003152	-	WP_011103887.1	DAKCFMEO_00625
N0.HOG0003389	OG0003153	-	WP_011103889.1	DAKCFMEO_00629
N0.HOG0003390	OG0003154	-	WP_011103890.1	DAKCFMEO_00635
N0.HOG0003391	OG0003155	-	WP_011103893.1	DAKCFMEO_00661
N0.HOG0003392	OG0003156	-	WP_011103894.1	DAKCFMEO_00665
N0.HOG0003393	OG0003157	-	WP_011103900.1	DAKCFMEO_00677
N0.HOG0003394	OG0003158	-	WP_011103902.1	DAKCFMEO_00679
N0.HOG0003395	OG0003159	-	WP_011103906.1	DAKCFMEO_00682
N0.HOG0003396	OG0003160	-	WP_011103910.1	DAKCFMEO_00687
N0.HOG0003397	OG0003161	-	WP_011103912.1	DAKCFMEO_00689
N0.HOG0003398	OG0003162	-	WP_011103913.1	DAKCFMEO_00690
N0.HOG0003399	OG0003163	-	WP_011103914.1	DAKCFMEO_00691
N0.HOG0003400	OG0003164	-	WP_011103916.1	DAKCFMEO_00696
N0.HOG0003401	OG0003165	-	WP_011103917.1	DAKCFMEO_00700
N0.HOG0003402	OG0003166	-	WP_011103918.1	DAKCFMEO_00701
N0.HOG0003403	OG0003167	-	WP_011103924.1	DAKCFMEO_00709
N0.HOG0003404	OG0003168	-	WP_011103925.1	DAKCFMEO_00711
N0.HOG0003405	OG0003169	-	WP_011103929.1	DAKCFMEO_00718
N0.HOG0003406	OG0003170	-	WP_011103932.1	DAKCFMEO_00728
N0.HOG0003407	OG0003171	-	WP_011103934.1	DAKCFMEO_00732
N0.HOG0003408	OG0003172	-	WP_011103935.1	DAKCFMEO_00737
N0.HOG0003409	OG0003173	-	WP_011103938.1	DAKCFMEO_00742
N0.HOG0003410	OG0003174	-	WP_011103940.1	DAKCFMEO_00744
N0.HOG0003411	OG0003175	-	WP_011103941.1	DAKCFMEO_00747
N0.HOG0003412	OG0003176	-	WP_011103942.1	DAKCFMEO_00748
N0.HOG0003413	OG0003177	-	WP_011103955.1	DAKCFMEO_00761
N0.HOG0003414	OG0003178	-	WP_011103957.1	DAKCFMEO_00765
N0.HOG0003415	OG0003179	-	WP_011103958.1	DAKCFMEO_00766
N0.HOG0003416	OG0003180	-	WP_011103961.1	DAKCFMEO_00772
N0.HOG0003417	OG0003181	-	WP_011103962.1	DAKCFMEO_00776
N0.HOG0003418	OG0003182	-	WP_011103963.1	DAKCFMEO_00778
N0.HOG0003419	OG0003183	-	WP_011103964.1	DAKCFMEO_00780
N0.HOG0003420	OG0003184	-	WP_011103965.1	DAKCFMEO_00788
N0.HOG0003421	OG0003185	-	WP_011103966.1	DAKCFMEO_00789
N0.HOG0003422	OG0003186	-	WP_011103970.1	DAKCFMEO_00802
N0.HOG0003423	OG0003187	-	WP_011103972.1	DAKCFMEO_00816
N0.HOG0003424	OG0003188	-	WP_011103979.1	DAKCFMEO_03844
N0.HOG0003425	OG0003189	-	WP_011103980.1	DAKCFMEO_03845
N0.HOG0003426	OG0003190	-	WP_011103982.1	DAKCFMEO_03847
N0.HOG0003427	OG0003191	-	WP_011103987.1	DAKCFMEO_01004
N0.HOG0003428	OG0003192	-	WP_011103989.1	DAKCFMEO_00824
N0.HOG0003429	OG0003193	-	WP_011103990.1	DAKCFMEO_00827
N0.HOG0003430	OG0003194	-	WP_011103993.1	DAKCFMEO_00836
N0.HOG0003431	OG0003195	-	WP_011104008.1	DAKCFMEO_00859
N0.HOG0003432	OG0003196	-	WP_011104011.1	DAKCFMEO_00868
N0.HOG0003433	OG0003197	-	WP_011104012.1	DAKCFMEO_00870
N0.HOG0003434	OG0003198	-	WP_011104013.1	DAKCFMEO_00871
N0.HOG0003435	OG0003199	-	WP_011104014.1	DAKCFMEO_00872
N0.HOG0003436	OG0003200	-	WP_011104019.1, WP_046463433.1	
N0.HOG0003437	OG0003201	-	WP_011104020.1	DAKCFMEO_00900
N0.HOG0003438	OG0003202	-	WP_011104022.1	DAKCFMEO_00901
N0.HOG0003439	OG0003203	-	WP_011104023.1	DAKCFMEO_00902
N0.HOG0003440	OG0003204	-	WP_011104024.1	DAKCFMEO_00904
N0.HOG0003441	OG0003205	-	WP_011104026.1	DAKCFMEO_00907
N0.HOG0003442	OG0003206	-	WP_011104027.1	DAKCFMEO_00916
N0.HOG0003443	OG0003207	-	WP_011104029.1	DAKCFMEO_01405
N0.HOG0003444	OG0003208	-	WP_011104033.1	DAKCFMEO_01368
N0.HOG0003445	OG0003209	-	WP_011104034.1	DAKCFMEO_01365
N0.HOG0003446	OG0003210	-	WP_011104035.1	DAKCFMEO_01364
N0.HOG0003447	OG0003211	-	WP_011104036.1	DAKCFMEO_01363
N0.HOG0003448	OG0003212	-	WP_011104038.1	DAKCFMEO_04461
N0.HOG0003449	OG0003213	-	WP_011104041.1	DAKCFMEO_01353
N0.HOG0003450	OG0003214	-	WP_011104044.1	DAKCFMEO_01347
N0.HOG0003451	OG0003215	-	WP_011104045.1	DAKCFMEO_01346
N0.HOG0003452	OG0003216	-	WP_011104047.1	DAKCFMEO_01343
N0.HOG0003453	OG0003217	-	WP_011104050.1	DAKCFMEO_01336
N0.HOG0003454	OG0003218	-	WP_011104051.1	DAKCFMEO_01335
N0.HOG0003455	OG0003219	-	WP_011104052.1	DAKCFMEO_01334
N0.HOG0003456	OG0003220	-	WP_011104053.1	DAKCFMEO_01333
N0.HOG0003457	OG0003221	-	WP_011104054.1	DAKCFMEO_01332
N0.HOG0003458	OG0003222	-	WP_011104055.1	DAKCFMEO_01331
N0.HOG0003459	OG0003223	-	WP_011104057.1	DAKCFMEO_01326
N0.HOG0003460	OG0003224	-	WP_011104058.1	DAKCFMEO_01325
N0.HOG0003461	OG0003225	-	WP_011104060.1	DAKCFMEO_01323
N0.HOG0003462	OG0003226	-	WP_011104063.1	DAKCFMEO_01319
N0.HOG0003463	OG0003227	-	WP_011104064.1	DAKCFMEO_01318
N0.HOG0003464	OG0003228	-	WP_011104065.1	DAKCFMEO_01316
N0.HOG0003465	OG0003229	-	WP_011104080.1	DAKCFMEO_01403
N0.HOG0003466	OG0003230	-	WP_011104081.1	DAKCFMEO_01400
N0.HOG0003467	OG0003231	-	WP_011104082.1	DAKCFMEO_01398
N0.HOG0003468	OG0003232	-	WP_011104083.1	DAKCFMEO_01397
N0.HOG0003469	OG0003233	-	WP_011104084.1	DAKCFMEO_01396
N0.HOG0003470	OG0003234	-	WP_011104085.1	DAKCFMEO_01395
N0.HOG0003471	OG0003235	-	WP_011104086.1	DAKCFMEO_01394
N0.HOG0003472	OG0003236	-	WP_011104087.1	DAKCFMEO_01393
N0.HOG0003473	OG0003237	-	WP_011104088.1	DAKCFMEO_01392
N0.HOG0003474	OG0003238	-	WP_011104089.1	DAKCFMEO_01391
N0.HOG0003475	OG0003239	-	WP_011104090.1	DAKCFMEO_01390
N0.HOG0003476	OG0003240	-	WP_011104091.1	DAKCFMEO_01387
N0.HOG0003477	OG0003241	-	WP_011104093.1	DAKCFMEO_01379
N0.HOG0003478	OG0003242	-	WP_011104094.1	DAKCFMEO_01377
N0.HOG0003479	OG0003243	-	WP_011104098.1	DAKCFMEO_00887
N0.HOG0003480	OG0003244	-	WP_011104102.1	DAKCFMEO_00891
N0.HOG0003481	OG0003245	-	WP_011104111.1	DAKCFMEO_01034
N0.HOG0003482	OG0003246	-	WP_011104112.1	DAKCFMEO_01038
N0.HOG0003483	OG0003247	-	WP_011104113.1	DAKCFMEO_01040
N0.HOG0003484	OG0003248	-	WP_011104114.1	DAKCFMEO_01042
N0.HOG0003485	OG0003249	-	WP_011104120.1	DAKCFMEO_01044
N0.HOG0003486	OG0003250	-	WP_011104121.1	DAKCFMEO_01046
N0.HOG0003487	OG0003251	-	WP_011104122.1	DAKCFMEO_01050
N0.HOG0003488	OG0003252	-	WP_011104123.1	DAKCFMEO_01052
N0.HOG0003489	OG0003253	-	WP_011104128.1, WP_011105573.1	
N0.HOG0003490	OG0003254	-	WP_011104134.1	DAKCFMEO_01103
N0.HOG0003491	OG0003255	-	WP_011104136.1	DAKCFMEO_01110
N0.HOG0003492	OG0003256	-	WP_011104137.1	DAKCFMEO_01112
N0.HOG0003493	OG0003257	-	WP_011104140.1	DAKCFMEO_01118
N0.HOG0003494	OG0003258	-	WP_011104144.1	DAKCFMEO_01127
N0.HOG0003495	OG0003259	-	WP_011104145.1	DAKCFMEO_01128
N0.HOG0003496	OG0003260	-	WP_011104147.1	DAKCFMEO_01130
N0.HOG0003497	OG0003261	-	WP_011104148.1	DAKCFMEO_01131
N0.HOG0003498	OG0003262	-	WP_011104152.1	DAKCFMEO_01178
N0.HOG0003499	OG0003263	-	WP_011104154.1	DAKCFMEO_01180
N0.HOG0003500	OG0003264	-	WP_011104155.1	DAKCFMEO_01181
N0.HOG0003501	OG0003265	-	WP_011104156.1	DAKCFMEO_01183
N0.HOG0003502	OG0003266	-	WP_011104157.1	DAKCFMEO_01185
N0.HOG0003503	OG0003267	-	WP_011104161.1	DAKCFMEO_03715
N0.HOG0003504	OG0003268	-	WP_011104162.1	DAKCFMEO_03717
N0.HOG0003505	OG0003269	-	WP_011104163.1	DAKCFMEO_03720
N0.HOG0003506	OG0003270	-	WP_011104164.1	DAKCFMEO_03721
N0.HOG0003507	OG0003271	-	WP_011104166.1	DAKCFMEO_03724
N0.HOG0003508	OG0003272	-	WP_011104167.1	DAKCFMEO_03727
N0.HOG0003509	OG0003273	-	WP_011104169.1	DAKCFMEO_03729
N0.HOG0003510	OG0003274	-	WP_011104170.1	DAKCFMEO_03731
N0.HOG0003511	OG0003275	-	WP_011104175.1	DAKCFMEO_03738
N0.HOG0003512	OG0003276	-	WP_011104176.1	DAKCFMEO_03739
N0.HOG0003513	OG0003277	-	WP_011104178.1	DAKCFMEO_03744
N0.HOG0003514	OG0003278	-	WP_011104179.1	DAKCFMEO_03745
N0.HOG0003515	OG0003279	-	WP_011104183.1	DAKCFMEO_03752
N0.HOG0003516	OG0003280	-	WP_011104188.1	DAKCFMEO_03763
N0.HOG0003517	OG0003281	-	WP_011104189.1	DAKCFMEO_03768
N0.HOG0003518	OG0003282	-	WP_011104191.1	DAKCFMEO_03773
N0.HOG0003519	OG0003283	-	WP_011104192.1	DAKCFMEO_03774
N0.HOG0003520	OG0003284	-	WP_011104195.1	DAKCFMEO_03776
N0.HOG0003521	OG0003285	-	WP_011104197.1	DAKCFMEO_03780
N0.HOG0003522	OG0003286	-	WP_011104198.1	DAKCFMEO_03781
N0.HOG0003523	OG0003287	-	WP_011104204.1	DAKCFMEO_03787
N0.HOG0003524	OG0003288	-	WP_011104205.1	DAKCFMEO_03788
N0.HOG0003525	OG0003289	-	WP_011104206.1	DAKCFMEO_03789
N0.HOG0003526	OG0003290	-	WP_011104207.1	DAKCFMEO_03790
N0.HOG0003527	OG0003291	-	WP_011104208.1	DAKCFMEO_03804
N0.HOG0003528	OG0003292	-	WP_011104209.1	DAKCFMEO_03806
N0.HOG0003529	OG0003293	-	WP_011104210.1	DAKCFMEO_03808
N0.HOG0003530	OG0003294	-	WP_046463789.1, WP_011104236.1	
N0.HOG0003531	OG0003295	-	WP_011104238.1	DAKCFMEO_01498
N0.HOG0003532	OG0003296	-	WP_011104241.1	DAKCFMEO_04389
N0.HOG0003533	OG0003297	-	WP_011104242.1	DAKCFMEO_04388
N0.HOG0003534	OG0003298	-	WP_011104259.1	DAKCFMEO_00940
N0.HOG0003535	OG0003299	-	WP_011104261.1	DAKCFMEO_03909
N0.HOG0003536	OG0003300	-	WP_011104262.1	DAKCFMEO_03911
N0.HOG0003537	OG0003301	-	WP_011104263.1	DAKCFMEO_03912
N0.HOG0003538	OG0003302	-	WP_011104264.1	DAKCFMEO_03921
N0.HOG0003539	OG0003303	-	WP_011104265.1	DAKCFMEO_03922
N0.HOG0003540	OG0003304	-	WP_011104268.1	DAKCFMEO_03932
N0.HOG0003541	OG0003305	-	WP_011104279.1	DAKCFMEO_00327
N0.HOG0003542	OG0003306	-	WP_011104280.1	DAKCFMEO_01804
N0.HOG0003543	OG0003307	-	WP_011104284.1	DAKCFMEO_03940
N0.HOG0003544	OG0003308	-	WP_011104287.1	DAKCFMEO_03947
N0.HOG0003545	OG0003309	-	WP_011104288.1	DAKCFMEO_03948
N0.HOG0003546	OG0003310	-	WP_011104290.1	DAKCFMEO_03949
N0.HOG0003547	OG0003311	-	WP_011104294.1	DAKCFMEO_03958
N0.HOG0003548	OG0003312	-	WP_011104300.1	DAKCFMEO_03969
N0.HOG0003549	OG0003313	-	WP_011104304.1	DAKCFMEO_03974
N0.HOG0003550	OG0003314	-	WP_011104305.1	DAKCFMEO_03975
N0.HOG0003551	OG0003315	-	WP_011104308.1	DAKCFMEO_03978
N0.HOG0003552	OG0003316	-	WP_011104311.1	DAKCFMEO_00604
N0.HOG0003553	OG0003317	-	WP_011104312.1	DAKCFMEO_00605
N0.HOG0003554	OG0003318	-	WP_011104314.1	DAKCFMEO_03992
N0.HOG0003555	OG0003319	-	WP_011104317.1	DAKCFMEO_03997
N0.HOG0003556	OG0003320	-	WP_011104318.1	DAKCFMEO_03998
N0.HOG0003557	OG0003321	-	WP_011104319.1	DAKCFMEO_04000
N0.HOG0003558	OG0003322	-	WP_011104320.1	DAKCFMEO_04001
N0.HOG0003559	OG0003323	-	WP_011104322.1	DAKCFMEO_04003
N0.HOG0003560	OG0003324	-	WP_011104323.1	DAKCFMEO_04004
N0.HOG0003561	OG0003325	-	WP_011104324.1	DAKCFMEO_04005
N0.HOG0003562	OG0003326	-	WP_011104325.1	DAKCFMEO_04007
N0.HOG0003563	OG0003327	-	WP_011104327.1	DAKCFMEO_02053
N0.HOG0003564	OG0003328	-	WP_011104333.1	DAKCFMEO_03902
N0.HOG0003565	OG0003329	-	WP_011104336.1	DAKCFMEO_04026
N0.HOG0003566	OG0003330	-	WP_011104341.1	DAKCFMEO_04036
N0.HOG0003567	OG0003331	-	WP_011104342.1	DAKCFMEO_04037
N0.HOG0003568	OG0003332	-	WP_011104343.1	DAKCFMEO_04038
N0.HOG0003569	OG0003333	-	WP_011104344.1	DAKCFMEO_04041
N0.HOG0003570	OG0003334	-	WP_011104349.1	DAKCFMEO_04011
N0.HOG0003571	OG0003335	-	WP_011104350.1	DAKCFMEO_04012
N0.HOG0003572	OG0003336	-	WP_011104365.1	DAKCFMEO_04794
N0.HOG0003573	OG0003337	-	WP_011104368.1	DAKCFMEO_03107
N0.HOG0003574	OG0003338	-	WP_011104371.1	DAKCFMEO_04062
N0.HOG0003575	OG0003339	-	WP_011104374.1	DAKCFMEO_04016
N0.HOG0003576	OG0003340	-	WP_011104391.1	DAKCFMEO_04088
N0.HOG0003577	OG0003341	-	WP_011104393.1	DAKCFMEO_04097
N0.HOG0003578	OG0003342	-	WP_011104394.1	DAKCFMEO_04100
N0.HOG0003579	OG0003343	-	WP_011104396.1	DAKCFMEO_04106
N0.HOG0003580	OG0003344	-	WP_011104397.1	DAKCFMEO_04107
N0.HOG0003581	OG0003345	-	WP_011104399.1	DAKCFMEO_04113
N0.HOG0003582	OG0003346	-	WP_011104402.1	DAKCFMEO_04123
N0.HOG0003583	OG0003347	-	WP_011104404.1	DAKCFMEO_01614
N0.HOG0003584	OG0003348	-	WP_011104405.1	DAKCFMEO_01615
N0.HOG0003585	OG0003349	-	WP_011104406.1	DAKCFMEO_01618
N0.HOG0003586	OG0003350	-	WP_011104407.1	DAKCFMEO_01620
N0.HOG0003587	OG0003351	-	WP_011104408.1	DAKCFMEO_01031
N0.HOG0003588	OG0003352	-	WP_011104410.1	DAKCFMEO_01026
N0.HOG0003589	OG0003353	-	WP_011104412.1	DAKCFMEO_01021
N0.HOG0003590	OG0003354	-	WP_011104413.1	DAKCFMEO_01020
N0.HOG0003591	OG0003355	-	WP_011104417.1	DAKCFMEO_01009
N0.HOG0003592	OG0003356	-	WP_011104420.1	DAKCFMEO_00261
N0.HOG0003593	OG0003357	-	WP_011104421.1	DAKCFMEO_00263
N0.HOG0003594	OG0003358	-	WP_011104422.1	DAKCFMEO_00264
N0.HOG0003595	OG0003359	-	WP_011104423.1	DAKCFMEO_00265
N0.HOG0003596	OG0003360	-	WP_011104424.1	DAKCFMEO_00266
N0.HOG0003597	OG0003361	-	WP_011104427.1	DAKCFMEO_00996
N0.HOG0003598	OG0003362	-	WP_011104434.1	DAKCFMEO_03840
N0.HOG0003599	OG0003363	-	WP_011104447.1	DAKCFMEO_00974
N0.HOG0003600	OG0003364	-	WP_011104448.1	DAKCFMEO_00964
N0.HOG0003601	OG0003365	-	WP_011104449.1	DAKCFMEO_00268
N0.HOG0003602	OG0003366	-	WP_011104453.1	DAKCFMEO_00945
N0.HOG0003603	OG0003367	-	WP_011104455.1	DAKCFMEO_00943
N0.HOG0003604	OG0003368	-	WP_011104456.1	DAKCFMEO_00942
N0.HOG0003605	OG0003369	-	WP_011104458.1	DAKCFMEO_00934
N0.HOG0003606	OG0003370	-	WP_011104459.1	DAKCFMEO_00931
N0.HOG0003607	OG0003371	-	WP_011104460.1	DAKCFMEO_00930
N0.HOG0003608	OG0003372	-	WP_011104461.1	DAKCFMEO_00923
N0.HOG0003609	OG0003373	-	WP_011104464.1	DAKCFMEO_00921
N0.HOG0003610	OG0003374	-	WP_011104465.1	DAKCFMEO_00920
N0.HOG0003611	OG0003375	-	WP_011104467.1	DAKCFMEO_01414
N0.HOG0003612	OG0003376	-	WP_011104468.1	DAKCFMEO_01415
N0.HOG0003613	OG0003377	-	WP_011104472.1	DAKCFMEO_01419
N0.HOG0003614	OG0003378	-	WP_011104473.1	DAKCFMEO_01423
N0.HOG0003615	OG0003379	-	WP_011104474.1	DAKCFMEO_01424
N0.HOG0003616	OG0003380	-	WP_011104483.1	DAKCFMEO_04403
N0.HOG0003617	OG0003381	-	WP_011104489.1	DAKCFMEO_01439
N0.HOG0003618	OG0003382	-	WP_011104490.1	DAKCFMEO_01441
N0.HOG0003619	OG0003383	-	WP_011104492.1	DAKCFMEO_01445
N0.HOG0003620	OG0003384	-	WP_011104493.1	DAKCFMEO_01447
N0.HOG0003621	OG0003385	-	WP_011104495.1	DAKCFMEO_01457
N0.HOG0003622	OG0003386	-	WP_011104496.1	DAKCFMEO_01458
N0.HOG0003623	OG0003387	-	WP_011104498.1	DAKCFMEO_01490
N0.HOG0003624	OG0003388	-	WP_011104501.1	DAKCFMEO_00512
N0.HOG0003625	OG0003389	-	WP_011104502.1	DAKCFMEO_01502
N0.HOG0003626	OG0003390	-	WP_011104503.1	DAKCFMEO_01503
N0.HOG0003627	OG0003391	-	WP_011104504.1	DAKCFMEO_01505
N0.HOG0003628	OG0003392	-	WP_011104505.1	DAKCFMEO_01508
N0.HOG0003629	OG0003393	-	WP_011104507.1	DAKCFMEO_01510
N0.HOG0003630	OG0003394	-	WP_011104508.1	DAKCFMEO_01516
N0.HOG0003631	OG0003395	-	WP_011104510.1	DAKCFMEO_01521
N0.HOG0003632	OG0003396	-	WP_011104511.1	DAKCFMEO_01523
N0.HOG0003633	OG0003397	-	WP_011104512.1	DAKCFMEO_01528
N0.HOG0003634	OG0003398	-	WP_011104513.1	DAKCFMEO_01529
N0.HOG0003635	OG0003399	-	WP_011104514.1	DAKCFMEO_01534
N0.HOG0003636	OG0003400	-	WP_011104515.1	DAKCFMEO_01542
N0.HOG0003637	OG0003401	-	WP_011104516.1	DAKCFMEO_01543
N0.HOG0003638	OG0003402	-	WP_011104517.1	DAKCFMEO_01544
N0.HOG0003639	OG0003403	-	WP_011104518.1	DAKCFMEO_01545
N0.HOG0003640	OG0003404	-	WP_011104542.1, WP_011106985.1	
N0.HOG0003641	OG0003405	-	WP_011104554.1	DAKCFMEO_04755
N0.HOG0003642	OG0003406	-	WP_011104555.1	DAKCFMEO_04754
N0.HOG0003643	OG0003407	-	WP_011104557.1	DAKCFMEO_04751
N0.HOG0003644	OG0003408	-	WP_011104559.1	DAKCFMEO_04748
N0.HOG0003645	OG0003409	-	WP_011104560.1	DAKCFMEO_04747
N0.HOG0003646	OG0003410	-	WP_011104561.1	DAKCFMEO_04744
N0.HOG0003647	OG0003411	-	WP_011104562.1	DAKCFMEO_04743
N0.HOG0003648	OG0003412	-	WP_011104563.1	DAKCFMEO_04741
N0.HOG0003649	OG0003413	-	WP_011104564.1	DAKCFMEO_04740
N0.HOG0003650	OG0003414	-	WP_011104565.1	DAKCFMEO_04731
N0.HOG0003651	OG0003415	-	WP_011104566.1	DAKCFMEO_04728
N0.HOG0003652	OG0003416	-	WP_011104567.1	DAKCFMEO_04727
N0.HOG0003653	OG0003417	-	WP_011104571.1	DAKCFMEO_04723
N0.HOG0003654	OG0003418	-	WP_011104572.1	DAKCFMEO_04721
N0.HOG0003655	OG0003419	-	WP_011104573.1	DAKCFMEO_04720
N0.HOG0003656	OG0003420	-	WP_011104574.1	DAKCFMEO_04719
N0.HOG0003657	OG0003421	-	WP_011104575.1	DAKCFMEO_04715
N0.HOG0003658	OG0003422	-	WP_011104576.1	DAKCFMEO_04714
N0.HOG0003659	OG0003423	-	WP_011104587.1	DAKCFMEO_04697
N0.HOG0003660	OG0003424	-	WP_011104589.1	DAKCFMEO_04692
N0.HOG0003661	OG0003425	-	WP_011104590.1	DAKCFMEO_04686
N0.HOG0003662	OG0003426	-	WP_011104591.1	DAKCFMEO_04684
N0.HOG0003663	OG0003427	-	WP_011104593.1	DAKCFMEO_04678
N0.HOG0003664	OG0003428	-	WP_011104595.1	DAKCFMEO_04675
N0.HOG0003665	OG0003429	-	WP_011104596.1	DAKCFMEO_04674
N0.HOG0003666	OG0003430	-	WP_011104597.1	DAKCFMEO_04671
N0.HOG0003667	OG0003431	-	WP_011104598.1	DAKCFMEO_04670
N0.HOG0003668	OG0003432	-	WP_011104600.1	DAKCFMEO_04660
N0.HOG0003669	OG0003433	-	WP_011104601.1	DAKCFMEO_04659
N0.HOG0003670	OG0003434	-	WP_011104602.1	DAKCFMEO_04658
N0.HOG0003671	OG0003435	-	WP_011104603.1	DAKCFMEO_04655
N0.HOG0003672	OG0003436	-	WP_011104606.1	DAKCFMEO_04638
N0.HOG0003673	OG0003437	-	WP_011104608.1	DAKCFMEO_04632
N0.HOG0003674	OG0003438	-	WP_011104610.1	DAKCFMEO_04628
N0.HOG0003675	OG0003439	-	WP_011104612.1	DAKCFMEO_04618
N0.HOG0003676	OG0003440	-	WP_011104619.1	DAKCFMEO_04602
N0.HOG0003677	OG0003441	-	WP_011104620.1	DAKCFMEO_04594
N0.HOG0003678	OG0003442	-	WP_011104622.1	DAKCFMEO_04592
N0.HOG0003679	OG0003443	-	WP_011104623.1	DAKCFMEO_04578
N0.HOG0003680	OG0003444	-	WP_011104624.1	DAKCFMEO_04567
N0.HOG0003681	OG0003445	-	WP_011104625.1	DAKCFMEO_04565
N0.HOG0003682	OG0003446	-	WP_011104633.1	DAKCFMEO_04558
N0.HOG0003683	OG0003447	-	WP_011104635.1	DAKCFMEO_04555
N0.HOG0003684	OG0003448	-	WP_011104636.1	DAKCFMEO_04554
N0.HOG0003685	OG0003449	-	WP_011104638.1	DAKCFMEO_04551
N0.HOG0003686	OG0003450	-	WP_011104639.1	DAKCFMEO_04549
N0.HOG0003687	OG0003451	-	WP_011104640.1	DAKCFMEO_04543
N0.HOG0003688	OG0003452	-	WP_011104642.1	DAKCFMEO_04539
N0.HOG0003689	OG0003453	-	WP_011104643.1	DAKCFMEO_04537
N0.HOG0003690	OG0003454	-	WP_011104644.1	DAKCFMEO_04536
N0.HOG0003691	OG0003455	-	WP_011104646.1	DAKCFMEO_04535
N0.HOG0003692	OG0003456	-	WP_011104647.1	DAKCFMEO_04533
N0.HOG0003693	OG0003457	-	WP_011104649.1	DAKCFMEO_04531
N0.HOG0003694	OG0003458	-	WP_159229468.1, WP_011104650.1	
N0.HOG0003695	OG0003459	-	WP_011104651.1	DAKCFMEO_04529
N0.HOG0003696	OG0003460	-	WP_011104652.1	DAKCFMEO_04528
N0.HOG0003697	OG0003461	-	WP_011104653.1	DAKCFMEO_04527
N0.HOG0003698	OG0003462	-	WP_011104654.1	DAKCFMEO_04525
N0.HOG0003699	OG0003463	-	WP_011104655.1	DAKCFMEO_04522
N0.HOG0003700	OG0003464	-	WP_011104657.1	DAKCFMEO_04520
N0.HOG0003701	OG0003465	-	WP_011104658.1	DAKCFMEO_04498
N0.HOG0003702	OG0003466	-	WP_011104660.1	DAKCFMEO_04495
N0.HOG0003703	OG0003467	-	WP_011104661.1	DAKCFMEO_04494
N0.HOG0003704	OG0003468	-	WP_011104663.1	DAKCFMEO_04490
N0.HOG0003705	OG0003469	-	WP_011104667.1	DAKCFMEO_04483
N0.HOG0003706	OG0003470	-	WP_011104668.1	DAKCFMEO_04482
N0.HOG0003707	OG0003471	-	WP_011104672.1	DAKCFMEO_03466
N0.HOG0003708	OG0003472	-	WP_011104675.1	DAKCFMEO_04399
N0.HOG0003709	OG0003473	-	WP_011104683.1	DAKCFMEO_04375
N0.HOG0003710	OG0003474	-	WP_011104687.1	DAKCFMEO_04369
N0.HOG0003711	OG0003475	-	WP_011104690.1	DAKCFMEO_04363
N0.HOG0003712	OG0003476	-	WP_011104695.1	DAKCFMEO_03455
N0.HOG0003713	OG0003477	-	WP_011104696.1	DAKCFMEO_04344
N0.HOG0003714	OG0003478	-	WP_011104697.1	DAKCFMEO_04340
N0.HOG0003715	OG0003479	-	WP_011104700.1	DAKCFMEO_04332
N0.HOG0003716	OG0003480	-	WP_011104701.1	DAKCFMEO_04330
N0.HOG0003717	OG0003481	-	WP_011104702.1	DAKCFMEO_04328
N0.HOG0003718	OG0003482	-	WP_011104704.1, WP_011105176.1	
N0.HOG0003719	OG0003483	-	WP_011104706.1	DAKCFMEO_04322
N0.HOG0003720	OG0003484	-	WP_011104707.1	DAKCFMEO_04320
N0.HOG0003721	OG0003485	-	WP_011104708.1	DAKCFMEO_04317
N0.HOG0003722	OG0003486	-	WP_011104709.1	DAKCFMEO_04314
N0.HOG0003723	OG0003487	-	WP_011104710.1	DAKCFMEO_04313
N0.HOG0003724	OG0003488	-	WP_011104711.1	DAKCFMEO_04312
N0.HOG0003725	OG0003489	-	WP_011104717.1	DAKCFMEO_04302
N0.HOG0003726	OG0003490	-	WP_011104720.1	DAKCFMEO_04300
N0.HOG0003727	OG0003491	-	WP_011104723.1	DAKCFMEO_04297
N0.HOG0003728	OG0003492	-	WP_011104725.1	DAKCFMEO_04292
N0.HOG0003729	OG0003493	-	WP_011104727.1	DAKCFMEO_04288
N0.HOG0003730	OG0003494	-	WP_011104731.1	DAKCFMEO_04285
N0.HOG0003731	OG0003495	-	WP_011104732.1	DAKCFMEO_04282
N0.HOG0003732	OG0003496	-	WP_011104733.1	DAKCFMEO_04281
N0.HOG0003733	OG0003497	-	WP_011104734.1	DAKCFMEO_04280
N0.HOG0003734	OG0003498	-	WP_011104736.1	DAKCFMEO_04267
N0.HOG0003735	OG0003499	-	WP_011104737.1	DAKCFMEO_04266
N0.HOG0003736	OG0003500	-	WP_011104738.1	DAKCFMEO_04261
N0.HOG0003737	OG0003501	-	WP_011104739.1	DAKCFMEO_04260
N0.HOG0003738	OG0003502	-	WP_011104740.1	DAKCFMEO_04259
N0.HOG0003739	OG0003503	-	WP_011104741.1	DAKCFMEO_04488
N0.HOG0003740	OG0003504	-	WP_011104742.1	DAKCFMEO_04256
N0.HOG0003741	OG0003505	-	WP_011104745.1	DAKCFMEO_04244
N0.HOG0003742	OG0003506	-	WP_011104746.1	DAKCFMEO_04243
N0.HOG0003743	OG0003507	-	WP_011104749.1	DAKCFMEO_04232
N0.HOG0003744	OG0003508	-	WP_011104750.1	DAKCFMEO_00351
N0.HOG0003745	OG0003509	-	WP_011104754.1	DAKCFMEO_04229
N0.HOG0003746	OG0003510	-	WP_011104755.1	DAKCFMEO_04228
N0.HOG0003747	OG0003511	-	WP_011104757.1	DAKCFMEO_04226
N0.HOG0003748	OG0003512	-	WP_011104763.1	DAKCFMEO_04193
N0.HOG0003749	OG0003513	-	WP_011104764.1	DAKCFMEO_04189
N0.HOG0003750	OG0003514	-	WP_011104766.1	DAKCFMEO_04187
N0.HOG0003751	OG0003515	-	WP_011104774.1	DAKCFMEO_04146
N0.HOG0003752	OG0003516	-	WP_011104777.1	DAKCFMEO_04152
N0.HOG0003753	OG0003517	-	WP_011104778.1	DAKCFMEO_04155
N0.HOG0003754	OG0003518	-	WP_011104780.1	DAKCFMEO_04158
N0.HOG0003755	OG0003519	-	WP_011104782.1	DAKCFMEO_04161
N0.HOG0003756	OG0003520	-	WP_011104783.1	DAKCFMEO_04164
N0.HOG0003757	OG0003521	-	WP_011104784.1	DAKCFMEO_04166
N0.HOG0003758	OG0003522	-	WP_011104801.1	DAKCFMEO_03033
N0.HOG0003759	OG0003523	-	WP_011104802.1	DAKCFMEO_03035
N0.HOG0003760	OG0003524	-	WP_011104803.1	DAKCFMEO_03037
N0.HOG0003761	OG0003525	-	WP_011104809.1	DAKCFMEO_03122
N0.HOG0003762	OG0003526	-	WP_011104810.1	DAKCFMEO_03123
N0.HOG0003763	OG0003527	-	WP_011104811.1	DAKCFMEO_03125
N0.HOG0003764	OG0003528	-	WP_011104812.1	DAKCFMEO_03132
N0.HOG0003765	OG0003529	-	WP_011104813.1	DAKCFMEO_03133
N0.HOG0003766	OG0003530	-	WP_011104814.1	DAKCFMEO_03134
N0.HOG0003767	OG0003531	-	WP_011104815.1	DAKCFMEO_03139
N0.HOG0003768	OG0003532	-	WP_011104816.1	DAKCFMEO_03141
N0.HOG0003769	OG0003533	-	WP_011104817.1	DAKCFMEO_03142
N0.HOG0003770	OG0003534	-	WP_011104818.1	DAKCFMEO_03144
N0.HOG0003771	OG0003535	-	WP_011104819.1	DAKCFMEO_03147
N0.HOG0003772	OG0003536	-	WP_011104820.1	DAKCFMEO_03148
N0.HOG0003773	OG0003537	-	WP_011104834.1	DAKCFMEO_03151
N0.HOG0003774	OG0003538	-	WP_011104848.1, WP_046463830.1	
N0.HOG0003775	OG0003539	-	WP_011104855.1	DAKCFMEO_03166
N0.HOG0003776	OG0003540	-	WP_011104861.1	DAKCFMEO_04477
N0.HOG0003777	OG0003541	-	WP_011104866.1	DAKCFMEO_04468
N0.HOG0003778	OG0003542	-	WP_011104870.1	DAKCFMEO_00083
N0.HOG0003779	OG0003543	-	WP_011104871.1	DAKCFMEO_00084
N0.HOG0003780	OG0003544	-	WP_011104872.1, WP_011105461.1	
N0.HOG0003781	OG0003545	-	WP_011104877.1	DAKCFMEO_00090
N0.HOG0003782	OG0003546	-	WP_011104881.1	DAKCFMEO_00107
N0.HOG0003783	OG0003547	-	WP_011104884.1	DAKCFMEO_00132
N0.HOG0003784	OG0003548	-	WP_011104885.1	DAKCFMEO_00133
N0.HOG0003785	OG0003549	-	WP_011104892.1	DAKCFMEO_00163
N0.HOG0003786	OG0003550	-	WP_011104894.1	DAKCFMEO_00170
N0.HOG0003787	OG0003551	-	WP_011104897.1	DAKCFMEO_00178
N0.HOG0003788	OG0003552	-	WP_011104899.1	DAKCFMEO_00186
N0.HOG0003789	OG0003553	-	WP_011104901.1	DAKCFMEO_00188
N0.HOG0003790	OG0003554	-	WP_011104905.1	DAKCFMEO_00194
N0.HOG0003791	OG0003555	-	WP_011104908.1	DAKCFMEO_00201
N0.HOG0003792	OG0003556	-	WP_011104910.1	DAKCFMEO_00211
N0.HOG0003793	OG0003557	-	WP_011104911.1	DAKCFMEO_00218
N0.HOG0003794	OG0003558	-	WP_011104912.1	DAKCFMEO_00221
N0.HOG0003795	OG0003559	-	WP_011104913.1	DAKCFMEO_00228
N0.HOG0003796	OG0003560	-	WP_011104914.1	DAKCFMEO_00232
N0.HOG0003797	OG0003561	-	WP_011104915.1	DAKCFMEO_00236
N0.HOG0003798	OG0003562	-	WP_011104916.1	DAKCFMEO_00240
N0.HOG0003799	OG0003563	-	WP_011104917.1	DAKCFMEO_00246
N0.HOG0003800	OG0003564	-	WP_011104919.1	DAKCFMEO_00248
N0.HOG0003801	OG0003565	-	WP_011104926.1	DAKCFMEO_03892
N0.HOG0003802	OG0003566	-	WP_011104935.1, WP_011104930.1	
N0.HOG0003803	OG0003567	-	WP_011104931.1	DAKCFMEO_02428
N0.HOG0003804	OG0003568	-	WP_011104942.1	DAKCFMEO_00270
N0.HOG0003805	OG0003569	-	WP_011104944.1	DAKCFMEO_00271
N0.HOG0003806	OG0003570	-	WP_011104949.1	DAKCFMEO_00279
N0.HOG0003807	OG0003571	-	WP_011104950.1	DAKCFMEO_00280
N0.HOG0003808	OG0003572	-	WP_011104953.1	DAKCFMEO_00288
N0.HOG0003809	OG0003573	-	WP_011104954.1	DAKCFMEO_00306
N0.HOG0003810	OG0003574	-	WP_011104956.1	DAKCFMEO_00310
N0.HOG0003811	OG0003575	-	WP_011104968.1	DAKCFMEO_00312
N0.HOG0003812	OG0003576	-	WP_011104972.1	DAKCFMEO_00321
N0.HOG0003813	OG0003577	-	WP_011104976.1	DAKCFMEO_00334
N0.HOG0003814	OG0003578	-	WP_011104977.1	DAKCFMEO_00335
N0.HOG0003815	OG0003579	-	WP_011104981.1	DAKCFMEO_00344
N0.HOG0003816	OG0003580	-	WP_011104983.1	DAKCFMEO_00346
N0.HOG0003817	OG0003581	-	WP_011104985.1	DAKCFMEO_00349
N0.HOG0003818	OG0003582	-	WP_011104986.1	DAKCFMEO_00355
N0.HOG0003819	OG0003583	-	WP_011104987.1	DAKCFMEO_00356
N0.HOG0003820	OG0003584	-	WP_011104988.1	DAKCFMEO_00357
N0.HOG0003821	OG0003585	-	WP_011104989.1	DAKCFMEO_00365
N0.HOG0003822	OG0003586	-	WP_011104991.1	DAKCFMEO_00374
N0.HOG0003823	OG0003587	-	WP_011104994.1, WP_046463428.1	
N0.HOG0003824	OG0003588	-	WP_011104997.1	DAKCFMEO_00381
N0.HOG0003825	OG0003589	-	WP_011104998.1	DAKCFMEO_00383
N0.HOG0003826	OG0003590	-	WP_011104999.1	DAKCFMEO_00385
N0.HOG0003827	OG0003591	-	WP_011105001.1	DAKCFMEO_00387
N0.HOG0003828	OG0003592	-	WP_011105003.1	DAKCFMEO_00394
N0.HOG0003829	OG0003593	-	WP_011105004.1	DAKCFMEO_00400
N0.HOG0003830	OG0003594	-	WP_011105006.1	DAKCFMEO_03473
N0.HOG0003831	OG0003595	-	WP_011105008.1	DAKCFMEO_00436
N0.HOG0003832	OG0003596	-	WP_011105010.1	DAKCFMEO_00450
N0.HOG0003833	OG0003597	-	WP_011105011.1	DAKCFMEO_00452
N0.HOG0003834	OG0003598	-	WP_011105012.1	DAKCFMEO_00453
N0.HOG0003835	OG0003599	-	WP_011105013.1	DAKCFMEO_00456
N0.HOG0003836	OG0003600	-	WP_011105014.1	DAKCFMEO_00458
N0.HOG0003837	OG0003601	-	WP_011105015.1	DAKCFMEO_00460
N0.HOG0003838	OG0003602	-	WP_011105016.1	DAKCFMEO_00466
N0.HOG0003839	OG0003603	-	WP_011105017.1	DAKCFMEO_00467
N0.HOG0003840	OG0003604	-	WP_011105018.1	DAKCFMEO_00468
N0.HOG0003841	OG0003605	-	WP_011105019.1	DAKCFMEO_00471
N0.HOG0003842	OG0003606	-	WP_011105022.1	DAKCFMEO_01689
N0.HOG0003843	OG0003607	-	WP_011105023.1	DAKCFMEO_01690
N0.HOG0003844	OG0003608	-	WP_011105024.1	DAKCFMEO_01698
N0.HOG0003845	OG0003609	-	WP_011105025.1	DAKCFMEO_01700
N0.HOG0003846	OG0003610	-	WP_011105026.1	DAKCFMEO_01702
N0.HOG0003847	OG0003611	-	WP_011105028.1	DAKCFMEO_01703
N0.HOG0003848	OG0003612	-	WP_011105036.1	DAKCFMEO_00842
N0.HOG0003849	OG0003613	-	WP_011105037.1	DAKCFMEO_00841
N0.HOG0003850	OG0003614	-	WP_011105040.1	DAKCFMEO_03045
N0.HOG0003851	OG0003615	-	WP_011105043.1	DAKCFMEO_01781
N0.HOG0003852	OG0003616	-	WP_011105044.1	DAKCFMEO_01782
N0.HOG0003853	OG0003617	-	WP_011105045.1	DAKCFMEO_01783
N0.HOG0003854	OG0003618	-	WP_011105046.1	DAKCFMEO_01785
N0.HOG0003855	OG0003619	-	WP_011105049.1	DAKCFMEO_01795
N0.HOG0003856	OG0003620	-	WP_011105051.1	DAKCFMEO_01802
N0.HOG0003857	OG0003621	-	WP_011105052.1	DAKCFMEO_01806
N0.HOG0003858	OG0003622	-	WP_011105055.1	DAKCFMEO_04760
N0.HOG0003859	OG0003623	-	WP_011105060.1	DAKCFMEO_04770
N0.HOG0003860	OG0003624	-	WP_011105066.1, WP_046463716.1	
N0.HOG0003861	OG0003625	-	WP_011105067.1	DAKCFMEO_04781
N0.HOG0003862	OG0003626	-	WP_011105068.1	DAKCFMEO_04782
N0.HOG0003863	OG0003627	-	WP_011105075.1	DAKCFMEO_00555
N0.HOG0003864	OG0003628	-	WP_011105092.1	DAKCFMEO_00556
N0.HOG0003865	OG0003629	-	WP_011105095.1	DAKCFMEO_00558
N0.HOG0003866	OG0003630	-	WP_011105096.1	DAKCFMEO_00560
N0.HOG0003867	OG0003631	-	WP_011105097.1	DAKCFMEO_00565
N0.HOG0003868	OG0003632	-	WP_011105098.1	DAKCFMEO_00569
N0.HOG0003869	OG0003633	-	WP_011105099.1	DAKCFMEO_00570
N0.HOG0003870	OG0003634	-	WP_011105101.1	DAKCFMEO_00571
N0.HOG0003871	OG0003635	-	WP_011105104.1	DAKCFMEO_00574
N0.HOG0003872	OG0003636	-	WP_011105105.1	DAKCFMEO_00575
N0.HOG0003873	OG0003637	-	WP_011105107.1	DAKCFMEO_00580
N0.HOG0003874	OG0003638	-	WP_011105109.1	DAKCFMEO_00582
N0.HOG0003875	OG0003639	-	WP_011105110.1	DAKCFMEO_04783
N0.HOG0003876	OG0003640	-	WP_011105112.1	DAKCFMEO_04787
N0.HOG0003877	OG0003641	-	WP_011105169.1	DAKCFMEO_02049
N0.HOG0003878	OG0003642	-	WP_011105170.1	DAKCFMEO_03757
N0.HOG0003879	OG0003643	-	WP_011105173.1	DAKCFMEO_04323
N0.HOG0003880	OG0003644	-	WP_011105175.1	DAKCFMEO_02890
N0.HOG0003881	OG0003645	-	WP_011105180.1	DAKCFMEO_00071
N0.HOG0003882	OG0003646	-	WP_011105183.1	DAKCFMEO_04807
N0.HOG0003883	OG0003647	-	WP_011105185.1	DAKCFMEO_04816
N0.HOG0003884	OG0003648	-	WP_011105186.1	DAKCFMEO_04818
N0.HOG0003885	OG0003649	-	WP_011105187.1	DAKCFMEO_04819
N0.HOG0003886	OG0003650	-	WP_011105188.1	DAKCFMEO_04820
N0.HOG0003887	OG0003651	-	WP_011105190.1	DAKCFMEO_04821
N0.HOG0003888	OG0003652	-	WP_011105191.1	DAKCFMEO_04823
N0.HOG0003889	OG0003653	-	WP_011105192.1	DAKCFMEO_04824
N0.HOG0003890	OG0003654	-	WP_011105195.1	DAKCFMEO_03601
N0.HOG0003891	OG0003655	-	WP_011105196.1	DAKCFMEO_03664
N0.HOG0003892	OG0003656	-	WP_011105198.1	DAKCFMEO_03659
N0.HOG0003893	OG0003657	-	WP_011105200.1	DAKCFMEO_03658
N0.HOG0003894	OG0003658	-	WP_011105201.1	DAKCFMEO_03656
N0.HOG0003895	OG0003659	-	WP_011105203.1	DAKCFMEO_03651
N0.HOG0003896	OG0003660	-	WP_011105204.1	DAKCFMEO_03649
N0.HOG0003897	OG0003661	-	WP_011105206.1	DAKCFMEO_03639
N0.HOG0003898	OG0003662	-	WP_011105207.1	DAKCFMEO_03637
N0.HOG0003899	OG0003663	-	WP_011105208.1	DAKCFMEO_03632
N0.HOG0003900	OG0003664	-	WP_011105209.1	DAKCFMEO_03629
N0.HOG0003901	OG0003665	-	WP_011105210.1	DAKCFMEO_03628
N0.HOG0003902	OG0003666	-	WP_011105212.1	DAKCFMEO_03625
N0.HOG0003903	OG0003667	-	WP_011105215.1	DAKCFMEO_03622
N0.HOG0003904	OG0003668	-	WP_011105216.1	DAKCFMEO_03619
N0.HOG0003905	OG0003669	-	WP_011105219.1	DAKCFMEO_04831
N0.HOG0003906	OG0003670	-	WP_011105220.1	DAKCFMEO_04833
N0.HOG0003907	OG0003671	-	WP_011105221.1	DAKCFMEO_04838
N0.HOG0003908	OG0003672	-	WP_011105222.1	DAKCFMEO_04839
N0.HOG0003909	OG0003673	-	WP_011105224.1	DAKCFMEO_04846
N0.HOG0003910	OG0003674	-	WP_011105225.1	DAKCFMEO_04847
N0.HOG0003911	OG0003675	-	WP_011105226.1	DAKCFMEO_04848
N0.HOG0003912	OG0003676	-	WP_011105228.1	DAKCFMEO_04853
N0.HOG0003913	OG0003677	-	WP_011105229.1	DAKCFMEO_04859
N0.HOG0003914	OG0003678	-	WP_011105232.1	DAKCFMEO_04873
N0.HOG0003915	OG0003679	-	WP_011105233.1	DAKCFMEO_04874
N0.HOG0003916	OG0003680	-	WP_011105234.1	DAKCFMEO_04875
N0.HOG0003917	OG0003681	-	WP_011105236.1	DAKCFMEO_04883
N0.HOG0003918	OG0003682	-	WP_011105237.1	DAKCFMEO_04886
N0.HOG0003919	OG0003683	-	WP_011105238.1	DAKCFMEO_04890
N0.HOG0003920	OG0003684	-	WP_011105239.1	DAKCFMEO_04893
N0.HOG0003921	OG0003685	-	WP_011105241.1	DAKCFMEO_04897
N0.HOG0003922	OG0003686	-	WP_011105242.1	DAKCFMEO_04904
N0.HOG0003923	OG0003687	-	WP_011105243.1	DAKCFMEO_04906
N0.HOG0003924	OG0003688	-	WP_011105244.1	DAKCFMEO_04907
N0.HOG0003925	OG0003689	-	WP_011105246.1	DAKCFMEO_04912
N0.HOG0003926	OG0003690	-	WP_011105248.1	DAKCFMEO_04915
N0.HOG0003927	OG0003691	-	WP_011105254.1	DAKCFMEO_04927
N0.HOG0003928	OG0003692	-	WP_011105255.1	DAKCFMEO_04928
N0.HOG0003929	OG0003693	-	WP_011105257.1	DAKCFMEO_04933
N0.HOG0003930	OG0003694	-	WP_011105259.1	DAKCFMEO_04939
N0.HOG0003931	OG0003695	-	WP_011105261.1	DAKCFMEO_04941
N0.HOG0003932	OG0003696	-	WP_011105263.1	DAKCFMEO_04944
N0.HOG0003933	OG0003697	-	WP_011105266.1	DAKCFMEO_04948
N0.HOG0003934	OG0003698	-	WP_011105267.1	DAKCFMEO_04952
N0.HOG0003935	OG0003699	-	WP_011105268.1	DAKCFMEO_04954
N0.HOG0003936	OG0003700	-	WP_011105271.1	DAKCFMEO_04988
N0.HOG0003937	OG0003701	-	WP_011105272.1	DAKCFMEO_04991
N0.HOG0003938	OG0003702	-	WP_011105279.1	DAKCFMEO_04995
N0.HOG0003939	OG0003703	-	WP_011105280.1	DAKCFMEO_04998
N0.HOG0003940	OG0003704	-	WP_011105281.1	DAKCFMEO_05000
N0.HOG0003941	OG0003705	-	WP_011105285.1	DAKCFMEO_05013
N0.HOG0003942	OG0003706	-	WP_011105287.1	DAKCFMEO_05020
N0.HOG0003943	OG0003707	-	WP_011105288.1	DAKCFMEO_05021
N0.HOG0003944	OG0003708	-	WP_011105291.1	DAKCFMEO_05050
N0.HOG0003945	OG0003709	-	WP_011105293.1	DAKCFMEO_02138
N0.HOG0003946	OG0003710	-	WP_011105295.1	DAKCFMEO_02134
N0.HOG0003947	OG0003711	-	WP_011105300.1	DAKCFMEO_02125
N0.HOG0003948	OG0003712	-	WP_011105301.1	DAKCFMEO_02123
N0.HOG0003949	OG0003713	-	WP_011105302.1	DAKCFMEO_02120
N0.HOG0003950	OG0003714	-	WP_011105304.1	DAKCFMEO_02117
N0.HOG0003951	OG0003715	-	WP_011105305.1	DAKCFMEO_02115
N0.HOG0003952	OG0003716	-	WP_011105311.1	DAKCFMEO_01728
N0.HOG0003953	OG0003717	-	WP_011105319.1	DAKCFMEO_02110
N0.HOG0003954	OG0003718	-	WP_011105323.1	DAKCFMEO_04640
N0.HOG0003955	OG0003719	-	WP_011105326.1	DAKCFMEO_05101
N0.HOG0003956	OG0003720	-	WP_011105328.1	DAKCFMEO_05102
N0.HOG0003957	OG0003721	-	WP_011105329.1	DAKCFMEO_05109
N0.HOG0003958	OG0003722	-	WP_011105330.1	DAKCFMEO_05110
N0.HOG0003959	OG0003723	-	WP_011105332.1	DAKCFMEO_05060
N0.HOG0003960	OG0003724	-	WP_011105333.1	DAKCFMEO_05061
N0.HOG0003961	OG0003725	-	WP_011105336.1	DAKCFMEO_05069
N0.HOG0003962	OG0003726	-	WP_011105337.1	DAKCFMEO_05072
N0.HOG0003963	OG0003727	-	WP_011105338.1	DAKCFMEO_05076
N0.HOG0003964	OG0003728	-	WP_011105339.1	DAKCFMEO_05078
N0.HOG0003965	OG0003729	-	WP_011105340.1	DAKCFMEO_05079
N0.HOG0003966	OG0003730	-	WP_011105341.1	DAKCFMEO_05083
N0.HOG0003967	OG0003731	-	WP_011105344.1	DAKCFMEO_05088
N0.HOG0003968	OG0003732	-	WP_011105345.1	DAKCFMEO_05092
N0.HOG0003969	OG0003733	-	WP_011105347.1	DAKCFMEO_05097
N0.HOG0003970	OG0003734	-	WP_011105349.1	DAKCFMEO_02104
N0.HOG0003971	OG0003735	-	WP_011105353.1	DAKCFMEO_05137
N0.HOG0003972	OG0003736	-	WP_011105355.1	DAKCFMEO_05140
N0.HOG0003973	OG0003737	-	WP_011105360.1	DAKCFMEO_05148
N0.HOG0003974	OG0003738	-	WP_011105365.1, WP_011105475.1	
N0.HOG0003975	OG0003739	-	WP_011105369.1, WP_011105373.1	
N0.HOG0003976	OG0003740	-	WP_011105374.1, WP_011105370.1	
N0.HOG0003977	OG0003741	-	WP_011105376.1	DAKCFMEO_05153
N0.HOG0003978	OG0003742	-	WP_011105378.1	DAKCFMEO_01976
N0.HOG0003979	OG0003743	-	WP_011105379.1	DAKCFMEO_01975
N0.HOG0003980	OG0003744	-	WP_011105380.1	DAKCFMEO_01974
N0.HOG0003981	OG0003745	-	WP_011105381.1	DAKCFMEO_01970
N0.HOG0003982	OG0003746	-	WP_011105382.1	DAKCFMEO_01969
N0.HOG0003983	OG0003747	-	WP_011105384.1	DAKCFMEO_01965
N0.HOG0003984	OG0003748	-	WP_011105385.1	DAKCFMEO_01964
N0.HOG0003985	OG0003749	-	WP_011105390.1	DAKCFMEO_01947
N0.HOG0003986	OG0003750	-	WP_011105392.1	DAKCFMEO_02211
N0.HOG0003987	OG0003751	-	WP_011105393.1	DAKCFMEO_02210
N0.HOG0003988	OG0003752	-	WP_011105394.1	DAKCFMEO_02200
N0.HOG0003989	OG0003753	-	WP_011105395.1	DAKCFMEO_02198
N0.HOG0003990	OG0003754	-	WP_011105396.1	DAKCFMEO_02196
N0.HOG0003991	OG0003755	-	WP_011105399.1	DAKCFMEO_02089
N0.HOG0003992	OG0003756	-	WP_011105401.1	DAKCFMEO_02087
N0.HOG0003993	OG0003757	-	WP_011105402.1	DAKCFMEO_02086
N0.HOG0003994	OG0003758	-	WP_011105403.1	DAKCFMEO_02085
N0.HOG0003995	OG0003759	-	WP_011105404.1	DAKCFMEO_02084
N0.HOG0003996	OG0003760	-	WP_011105406.1	DAKCFMEO_05166
N0.HOG0003997	OG0003761	-	WP_011105407.1	DAKCFMEO_05171
N0.HOG0003998	OG0003762	-	WP_011105408.1	DAKCFMEO_05172
N0.HOG0003999	OG0003763	-	WP_011105411.1	DAKCFMEO_05176
N0.HOG0004000	OG0003764	-	WP_011105412.1	DAKCFMEO_05178
N0.HOG0004001	OG0003765	-	WP_011105414.1	DAKCFMEO_02028
N0.HOG0004002	OG0003766	-	WP_011105418.1	DAKCFMEO_02021
N0.HOG0004003	OG0003767	-	WP_011105420.1	DAKCFMEO_05187
N0.HOG0004004	OG0003768	-	WP_011105421.1	DAKCFMEO_05193
N0.HOG0004005	OG0003769	-	WP_011105422.1	DAKCFMEO_05194
N0.HOG0004006	OG0003770	-	WP_011105423.1	DAKCFMEO_05196
N0.HOG0004007	OG0003771	-	WP_011105424.1	DAKCFMEO_05197
N0.HOG0004008	OG0003772	-	WP_011105425.1	DAKCFMEO_05198
N0.HOG0004009	OG0003773	-	WP_011105426.1	DAKCFMEO_05202
N0.HOG0004010	OG0003774	-	WP_011105427.1	DAKCFMEO_05203
N0.HOG0004011	OG0003775	-	WP_011105432.1	DAKCFMEO_05215
N0.HOG0004012	OG0003776	-	WP_011105433.1	DAKCFMEO_05217
N0.HOG0004013	OG0003777	-	WP_011105437.1	DAKCFMEO_05223
N0.HOG0004014	OG0003778	-	WP_011105441.1	DAKCFMEO_05226
N0.HOG0004015	OG0003779	-	WP_011105442.1	DAKCFMEO_05228
N0.HOG0004016	OG0003780	-	WP_011105443.1	DAKCFMEO_05229
N0.HOG0004017	OG0003781	-	WP_011105444.1	DAKCFMEO_05231
N0.HOG0004018	OG0003782	-	WP_011105445.1	DAKCFMEO_05234
N0.HOG0004019	OG0003783	-	WP_011105453.1	DAKCFMEO_04431
N0.HOG0004020	OG0003784	-	WP_011105455.1	DAKCFMEO_04433
N0.HOG0004021	OG0003785	-	WP_011105462.1	DAKCFMEO_05240
N0.HOG0004022	OG0003786	-	WP_011105463.1	DAKCFMEO_05246
N0.HOG0004023	OG0003787	-	WP_011105465.1	DAKCFMEO_05248
N0.HOG0004024	OG0003788	-	WP_011105466.1	DAKCFMEO_05249
N0.HOG0004025	OG0003789	-	WP_011105468.1	DAKCFMEO_05255
N0.HOG0004026	OG0003790	-	WP_011105483.1	DAKCFMEO_01630
N0.HOG0004027	OG0003791	-	WP_011105503.1	DAKCFMEO_04793
N0.HOG0004028	OG0003792	-	WP_011105504.1	DAKCFMEO_05298
N0.HOG0004029	OG0003793	-	WP_011105507.1	DAKCFMEO_05302
N0.HOG0004030	OG0003794	-	WP_011105509.1	DAKCFMEO_05305
N0.HOG0004031	OG0003795	-	WP_011105510.1	DAKCFMEO_05306
N0.HOG0004032	OG0003796	-	WP_011105511.1	DAKCFMEO_01612
N0.HOG0004033	OG0003797	-	WP_011105512.1	DAKCFMEO_01611
N0.HOG0004034	OG0003798	-	WP_011105513.1	DAKCFMEO_01610
N0.HOG0004035	OG0003799	-	WP_011105514.1	DAKCFMEO_01606
N0.HOG0004036	OG0003800	-	WP_011105515.1	DAKCFMEO_01603
N0.HOG0004037	OG0003801	-	WP_011105516.1	DAKCFMEO_01601
N0.HOG0004038	OG0003802	-	WP_011105519.1	DAKCFMEO_01597
N0.HOG0004039	OG0003803	-	WP_011105520.1	DAKCFMEO_01595
N0.HOG0004040	OG0003804	-	WP_011105527.1	DAKCFMEO_01578
N0.HOG0004041	OG0003805	-	WP_011105529.1	DAKCFMEO_01575
N0.HOG0004042	OG0003806	-	WP_011105534.1	DAKCFMEO_01569
N0.HOG0004043	OG0003807	-	WP_011105536.1	DAKCFMEO_01565
N0.HOG0004044	OG0003808	-	WP_011105537.1	DAKCFMEO_01564
N0.HOG0004045	OG0003809	-	WP_011105538.1	DAKCFMEO_01563
N0.HOG0004046	OG0003810	-	WP_011105540.1	DAKCFMEO_01561
N0.HOG0004047	OG0003811	-	WP_011105543.1	DAKCFMEO_01194
N0.HOG0004048	OG0003812	-	WP_011105544.1	DAKCFMEO_01197
N0.HOG0004049	OG0003813	-	WP_011105547.1	DAKCFMEO_01204
N0.HOG0004050	OG0003814	-	WP_011105548.1	DAKCFMEO_01206
N0.HOG0004051	OG0003815	-	WP_011105549.1	DAKCFMEO_01207
N0.HOG0004052	OG0003816	-	WP_011105550.1	DAKCFMEO_01208
N0.HOG0004053	OG0003817	-	WP_011105551.1	DAKCFMEO_01209
N0.HOG0004054	OG0003818	-	WP_011105552.1	DAKCFMEO_01210
N0.HOG0004055	OG0003819	-	WP_011105553.1	DAKCFMEO_01211
N0.HOG0004056	OG0003820	-	WP_011105554.1	DAKCFMEO_01212
N0.HOG0004057	OG0003821	-	WP_011105555.1	DAKCFMEO_01215
N0.HOG0004058	OG0003822	-	WP_011105558.1	DAKCFMEO_01218
N0.HOG0004059	OG0003823	-	WP_011105559.1	DAKCFMEO_01219
N0.HOG0004060	OG0003824	-	WP_011105560.1	DAKCFMEO_01221
N0.HOG0004061	OG0003825	-	WP_011105565.1	DAKCFMEO_01231
N0.HOG0004062	OG0003826	-	WP_011105566.1	DAKCFMEO_01232
N0.HOG0004063	OG0003827	-	WP_011105568.1	DAKCFMEO_01234
N0.HOG0004064	OG0003828	-	WP_011105569.1	DAKCFMEO_01235
N0.HOG0004065	OG0003829	-	WP_011105570.1	DAKCFMEO_01236
N0.HOG0004066	OG0003830	-	WP_011105589.1	DAKCFMEO_01243
N0.HOG0004067	OG0003831	-	WP_011105590.1	DAKCFMEO_01245
N0.HOG0004068	OG0003832	-	WP_011105591.1	DAKCFMEO_01248
N0.HOG0004069	OG0003833	-	WP_011105592.1	DAKCFMEO_01250
N0.HOG0004070	OG0003834	-	WP_011105593.1	DAKCFMEO_01254
N0.HOG0004071	OG0003835	-	WP_011105594.1	DAKCFMEO_01258
N0.HOG0004072	OG0003836	-	WP_011105595.1	DAKCFMEO_01260
N0.HOG0004073	OG0003837	-	WP_011106959.1	DAKCFMEO_03052
N0.HOG0004074	OG0003838	-	WP_011107012.1, WP_011106971.1	
N0.HOG0004075	OG0003839	-	WP_011107022.1, WP_011106975.1	
N0.HOG0004076	OG0003840	-	WP_011106976.1, WP_011107023.1	
N0.HOG0004077	OG0003841	-	WP_011107025.1, WP_011106978.1	
N0.HOG0004078	OG0003842	-	WP_011106982.1, WP_011107026.1	
N0.HOG0004079	OG0003843	-	WP_011106991.1, WP_046463645.1	
N0.HOG0004080	OG0003844	-	WP_011107036.1, WP_011106993.1	
N0.HOG0004081	OG0003845	-	WP_011106995.1, WP_011107038.1	
N0.HOG0004082	OG0003846	-	WP_011106998.1, WP_011107039.1	
N0.HOG0004083	OG0003847	-	WP_011106999.1, WP_011107040.1	
N0.HOG0004084	OG0003848	-	WP_011107042.1, WP_011107000.1	
N0.HOG0004085	OG0003849	-	WP_011107028.1, WP_046463759.1	
N0.HOG0004086	OG0003850	-	WP_017682472.1	DAKCFMEO_02507
N0.HOG0004087	OG0003851	-	WP_017682720.1	DAKCFMEO_00402
N0.HOG0004088	OG0003852	-	WP_017684227.1	DAKCFMEO_01663
N0.HOG0004089	OG0003853	-	WP_017709633.1	DAKCFMEO_00749
N0.HOG0004090	OG0003854	-	WP_020306396.1	DAKCFMEO_02290
N0.HOG0004091	OG0003855	-	WP_024419631.1	DAKCFMEO_01684
N0.HOG0004092	OG0003856	-	WP_024656430.1	DAKCFMEO_05154
N0.HOG0004093	OG0003857	-	WP_024657440.1	DAKCFMEO_03236
N0.HOG0004094	OG0003858	-	WP_024658065.1	DAKCFMEO_01599
N0.HOG0004095	OG0003859	-	WP_024666025.1	DAKCFMEO_02032
N0.HOG0004096	OG0003860	-	WP_024666072.1	DAKCFMEO_03749
N0.HOG0004097	OG0003861	-	WP_024666082.1	DAKCFMEO_03775
N0.HOG0004098	OG0003862	-	WP_024666223.1	DAKCFMEO_00549
N0.HOG0004099	OG0003863	-	WP_024666240.1	DAKCFMEO_03957
N0.HOG0004100	OG0003864	-	WP_024666348.1	DAKCFMEO_01440
N0.HOG0004101	OG0003865	-	WP_024666650.1	DAKCFMEO_01029
N0.HOG0004102	OG0003866	-	WP_024666974.1	DAKCFMEO_00699
N0.HOG0004103	OG0003867	-	WP_024667101.1	DAKCFMEO_02899
N0.HOG0004104	OG0003868	-	WP_024667176.1	DAKCFMEO_02849
N0.HOG0004105	OG0003869	-	WP_024667238.1	DAKCFMEO_03586
N0.HOG0004106	OG0003870	-	WP_024667376.1	DAKCFMEO_00040
N0.HOG0004107	OG0003871	-	WP_024667446.1	DAKCFMEO_02635
N0.HOG0004108	OG0003872	-	WP_024667462.1	DAKCFMEO_02594
N0.HOG0004109	OG0003873	-	WP_024667547.1	DAKCFMEO_01600
N0.HOG0004110	OG0003874	-	WP_024691294.1, WP_024667710.1	
N0.HOG0004111	OG0003875	-	WP_024667847.1	DAKCFMEO_05045
N0.HOG0004112	OG0003876	-	WP_024667894.1	DAKCFMEO_04387
N0.HOG0004113	OG0003877	-	WP_024667998.1	DAKCFMEO_02491
N0.HOG0004114	OG0003878	-	WP_024668184.1	DAKCFMEO_03283
N0.HOG0004115	OG0003879	-	WP_024668366.1	DAKCFMEO_00490
N0.HOG0004116	OG0003880	-	WP_032606863.1	DAKCFMEO_02497
N0.HOG0004117	OG0003881	-	WP_032606961.1	DAKCFMEO_03474
N0.HOG0004118	OG0003882	-	WP_032608868.1	DAKCFMEO_02500
N0.HOG0004119	OG0003883	-	WP_032621684.1	DAKCFMEO_03308
N0.HOG0004120	OG0003884	-	WP_032621927.1	DAKCFMEO_03553
N0.HOG0004121	OG0003885	-	WP_032622185.1	DAKCFMEO_00275
N0.HOG0004122	OG0003886	-	WP_032622187.1	DAKCFMEO_00230
N0.HOG0004123	OG0003887	-	WP_032622221.1	DAKCFMEO_04607
N0.HOG0004124	OG0003888	-	WP_032639333.1	DAKCFMEO_00673
N0.HOG0004125	OG0003889	-	WP_032640254.1	DAKCFMEO_03013
N0.HOG0004126	OG0003890	-	WP_032710461.1	DAKCFMEO_00152
N0.HOG0004127	OG0003891	-	WP_032710497.1	DAKCFMEO_04577
N0.HOG0004128	OG0003892	-	WP_032710557.1, WP_046464041.1	
N0.HOG0004129	OG0003893	-	WP_032710559.1	DAKCFMEO_04090
N0.HOG0004130	OG0003894	-	WP_032710582.1	DAKCFMEO_01676
N0.HOG0004131	OG0003895	-	WP_032710620.1	DAKCFMEO_02596
N0.HOG0004132	OG0003896	-	WP_046463667.1, WP_032710803.1	
N0.HOG0004133	OG0003897	-	WP_032710978.1	DAKCFMEO_00925
N0.HOG0004134	OG0003898	-	WP_032710981.1	DAKCFMEO_01754
N0.HOG0004135	OG0003899	-	WP_044389725.1	DAKCFMEO_03760
N0.HOG0004136	OG0003900	-	WP_044389757.1	DAKCFMEO_03723
N0.HOG0004137	OG0003901	-	WP_044389985.1	DAKCFMEO_04034
N0.HOG0004138	OG0003902	-	WP_044390087.1	DAKCFMEO_02524
N0.HOG0004139	OG0003903	-	WP_044390137.1	DAKCFMEO_02696
N0.HOG0004140	OG0003904	-	WP_044390144.1	DAKCFMEO_02705
N0.HOG0004141	OG0003905	-	WP_044390159.1	DAKCFMEO_02608
N0.HOG0004142	OG0003906	-	WP_044390357.1	DAKCFMEO_04725
N0.HOG0004143	OG0003907	-	WP_044390490.1	DAKCFMEO_05058
N0.HOG0004144	OG0003908	-	WP_044390572.1	DAKCFMEO_02414
N0.HOG0004145	OG0003909	-	WP_044390643.1	DAKCFMEO_00164
N0.HOG0004146	OG0003910	-	WP_044390753.1	DAKCFMEO_03182
N0.HOG0004147	OG0003911	-	WP_044390979.1	DAKCFMEO_02968
N0.HOG0004148	OG0003912	-	WP_044391022.1	DAKCFMEO_04172
N0.HOG0004149	OG0003913	-	WP_044391804.1	DAKCFMEO_03623
N0.HOG0004150	OG0003914	-	WP_044392483.1	DAKCFMEO_04159
N0.HOG0004151	OG0003915	-	WP_044392586.1	DAKCFMEO_02038
N0.HOG0004152	OG0003916	-	WP_044392641.1	DAKCFMEO_01884
N0.HOG0004153	OG0003917	-	WP_044392676.1	DAKCFMEO_01883
N0.HOG0004154	OG0003918	-	WP_044392708.1	DAKCFMEO_01518
N0.HOG0004155	OG0003919	-	WP_044392753.1	DAKCFMEO_04321
N0.HOG0004156	OG0003920	-	WP_044392973.1	DAKCFMEO_01609
N0.HOG0004157	OG0003921	-	WP_044393109.1	DAKCFMEO_04762
N0.HOG0004158	OG0003922	-	WP_044393213.1	DAKCFMEO_01322
N0.HOG0004159	OG0003923	-	WP_044393593.1	DAKCFMEO_05164
N0.HOG0004160	OG0003924	-	WP_044393613.1	DAKCFMEO_04469
N0.HOG0004161	OG0003925	-	WP_044393666.1	DAKCFMEO_02273
N0.HOG0004162	OG0003926	-	WP_044393841.1	DAKCFMEO_04336
N0.HOG0004163	OG0003927	-	WP_046463279.1	DAKCFMEO_00499
N0.HOG0004164	OG0003928	-	WP_046463288.1	DAKCFMEO_04486
N0.HOG0004165	OG0003929	-	WP_046463289.1	DAKCFMEO_04492
N0.HOG0004166	OG0003930	-	WP_046463290.1	DAKCFMEO_04521
N0.HOG0004167	OG0003931	-	WP_046463295.1	DAKCFMEO_02725
N0.HOG0004168	OG0003932	-	WP_046463296.1	DAKCFMEO_03298
N0.HOG0004169	OG0003933	-	WP_046463297.1	DAKCFMEO_02730
N0.HOG0004170	OG0003934	-	WP_046463305.1	DAKCFMEO_02433
N0.HOG0004171	OG0003935	-	WP_046463307.1	DAKCFMEO_04378
N0.HOG0004172	OG0003936	-	WP_046463311.1	DAKCFMEO_02709
N0.HOG0004173	OG0003937	-	WP_046463313.1	DAKCFMEO_01619
N0.HOG0004174	OG0003938	-	WP_046463314.1	DAKCFMEO_01028
N0.HOG0004175	OG0003939	-	WP_046463315.1	DAKCFMEO_01024
N0.HOG0004176	OG0003940	-	WP_046463316.1	DAKCFMEO_00962
N0.HOG0004177	OG0003941	-	WP_046463326.1	DAKCFMEO_01418
N0.HOG0004178	OG0003942	-	WP_046463327.1	DAKCFMEO_01425
N0.HOG0004179	OG0003943	-	WP_046463328.1	DAKCFMEO_01930
N0.HOG0004180	OG0003944	-	WP_046463329.1	DAKCFMEO_01937
N0.HOG0004181	OG0003945	-	WP_046463335.1	DAKCFMEO_04307
N0.HOG0004182	OG0003946	-	WP_046463336.1	DAKCFMEO_04301
N0.HOG0004183	OG0003947	-	WP_046463337.1	DAKCFMEO_04299
N0.HOG0004184	OG0003948	-	WP_046463338.1	DAKCFMEO_04289
N0.HOG0004185	OG0003949	-	WP_046463346.1	DAKCFMEO_04788
N0.HOG0004186	OG0003950	-	WP_046463347.1	DAKCFMEO_04786
N0.HOG0004187	OG0003951	-	WP_046463348.1	DAKCFMEO_00579
N0.HOG0004188	OG0003952	-	WP_046463589.1, WP_046463351.1	
N0.HOG0004189	OG0003953	-	WP_046463381.1	DAKCFMEO_03696
N0.HOG0004190	OG0003954	-	WP_046463383.1	DAKCFMEO_03667
N0.HOG0004191	OG0003955	-	WP_046463386.1	DAKCFMEO_03674
N0.HOG0004192	OG0003956	-	WP_046463392.1	DAKCFMEO_01798
N0.HOG0004193	OG0003957	-	WP_046463393.1	DAKCFMEO_01796
N0.HOG0004194	OG0003958	-	WP_046463394.1	DAKCFMEO_00840
N0.HOG0004195	OG0003959	-	WP_046463395.1	DAKCFMEO_04772
N0.HOG0004196	OG0003960	-	WP_046463396.1	DAKCFMEO_01786
N0.HOG0004197	OG0003961	-	WP_046463402.1	DAKCFMEO_02757
N0.HOG0004198	OG0003962	-	WP_046463403.1	DAKCFMEO_02772
N0.HOG0004199	OG0003963	-	WP_046463409.1	DAKCFMEO_03976
N0.HOG0004200	OG0003964	-	WP_046463410.1	DAKCFMEO_03990
N0.HOG0004201	OG0003965	-	WP_046463411.1	DAKCFMEO_04002
N0.HOG0004202	OG0003966	-	WP_046463415.1	DAKCFMEO_00190
N0.HOG0004203	OG0003967	-	WP_046463422.1	DAKCFMEO_00345
N0.HOG0004204	OG0003968	-	WP_046463424.1, WP_046463425.1	
N0.HOG0004205	OG0003969	-	WP_046463429.1	DAKCFMEO_00136
N0.HOG0004206	OG0003970	-	WP_046463430.1	DAKCFMEO_00130
N0.HOG0004207	OG0003971	-	WP_046463431.1	DAKCFMEO_00093
N0.HOG0004208	OG0003972	-	WP_046463435.1	DAKCFMEO_00695
N0.HOG0004209	OG0003973	-	WP_046463439.1	DAKCFMEO_00741
N0.HOG0004210	OG0003974	-	WP_046463447.1	DAKCFMEO_03121
N0.HOG0004211	OG0003975	-	WP_046463454.1	DAKCFMEO_02582
N0.HOG0004212	OG0003976	-	WP_046463458.1	DAKCFMEO_04186
N0.HOG0004213	OG0003977	-	WP_046463461.1	DAKCFMEO_04168
N0.HOG0004214	OG0003978	-	WP_046463479.1	DAKCFMEO_03952
N0.HOG0004215	OG0003979	-	WP_046463480.1	DAKCFMEO_03936
N0.HOG0004216	OG0003980	-	WP_046463492.1	DAKCFMEO_04604
N0.HOG0004217	OG0003981	-	WP_046463498.1	DAKCFMEO_01162
N0.HOG0004218	OG0003982	-	WP_046463499.1	DAKCFMEO_01179
N0.HOG0004219	OG0003983	-	WP_046463502.1	DAKCFMEO_03732
N0.HOG0004220	OG0003984	-	WP_046463503.1	DAKCFMEO_03756
N0.HOG0004221	OG0003985	-	WP_046463504.1	DAKCFMEO_03769
N0.HOG0004222	OG0003986	-	WP_046463506.1	DAKCFMEO_03779
N0.HOG0004223	OG0003987	-	WP_046463508.1	DAKCFMEO_03728
N0.HOG0004224	OG0003988	-	WP_046463516.1	DAKCFMEO_03971
N0.HOG0004225	OG0003989	-	WP_046463517.1	DAKCFMEO_03970
N0.HOG0004226	OG0003990	-	WP_046463519.1	DAKCFMEO_03963
N0.HOG0004227	OG0003991	-	WP_046463531.1	DAKCFMEO_03785
N0.HOG0004228	OG0003992	-	WP_046463551.1	DAKCFMEO_03653
N0.HOG0004229	OG0003993	-	WP_046463552.1	DAKCFMEO_03663
N0.HOG0004230	OG0003994	-	WP_046463553.1	DAKCFMEO_04439
N0.HOG0004231	OG0003995	-	WP_046463556.1	DAKCFMEO_04417
N0.HOG0004232	OG0003996	-	WP_046463559.1	DAKCFMEO_00667
N0.HOG0004233	OG0003997	-	WP_046463563.1	DAKCFMEO_04706
N0.HOG0004234	OG0003998	-	WP_046463565.1	DAKCFMEO_04750
N0.HOG0004235	OG0003999	-	WP_046463567.1	DAKCFMEO_00639
N0.HOG0004236	OG0004000	-	WP_046463568.1	DAKCFMEO_00477
N0.HOG0004237	OG0004001	-	WP_046463987.1, WP_046463578.1	
N0.HOG0004238	OG0004002	-	WP_046463591.1	DAKCFMEO_03983
N0.HOG0004239	OG0004003	-	WP_046463594.1	DAKCFMEO_01324
N0.HOG0004240	OG0004004	-	WP_046463596.1	DAKCFMEO_03751
N0.HOG0004241	OG0004005	-	WP_046463602.1	DAKCFMEO_05116
N0.HOG0004242	OG0004006	-	WP_046463633.1	DAKCFMEO_01305
N0.HOG0004243	OG0004007	-	WP_046463655.1	DAKCFMEO_04913
N0.HOG0004244	OG0004008	-	WP_046463668.1	DAKCFMEO_00314
N0.HOG0004245	OG0004009	-	WP_080946545.1, WP_046463671.1	
N0.HOG0004246	OG0004010	-	WP_046463673.1	DAKCFMEO_00307
N0.HOG0004247	OG0004011	-	WP_046463676.1	DAKCFMEO_00273
N0.HOG0004248	OG0004012	-	WP_046463701.1	DAKCFMEO_01846
N0.HOG0004249	OG0004013	-	WP_046463702.1	DAKCFMEO_01848
N0.HOG0004250	OG0004014	-	WP_046463718.1	DAKCFMEO_05206
N0.HOG0004251	OG0004015	-	WP_046463732.1	DAKCFMEO_04541
N0.HOG0004252	OG0004016	-	WP_046463733.1	DAKCFMEO_04550
N0.HOG0004253	OG0004017	-	WP_046463773.1	DAKCFMEO_04084
N0.HOG0004254	OG0004018	-	WP_046463775.1	DAKCFMEO_04114
N0.HOG0004255	OG0004019	-	WP_046463778.1, WP_161797800.1	
N0.HOG0004256	OG0004020	-	WP_046463793.1	DAKCFMEO_04942
N0.HOG0004257	OG0004021	-	WP_046463799.1	DAKCFMEO_00254
N0.HOG0004258	OG0004022	-	WP_046463817.1	DAKCFMEO_02081
N0.HOG0004259	OG0004023	-	WP_046463820.1	DAKCFMEO_03323
N0.HOG0004260	OG0004024	-	WP_046463935.1, WP_046463842.1	
N0.HOG0004261	OG0004025	-	WP_046463872.1	DAKCFMEO_02119
N0.HOG0004262	OG0004026	-	WP_046463876.1	DAKCFMEO_05065
N0.HOG0004263	OG0004027	-	WP_046463880.1	DAKCFMEO_05150
N0.HOG0004264	OG0004028	-	WP_046463890.1	DAKCFMEO_02172
N0.HOG0004265	OG0004029	-	WP_046463891.1	DAKCFMEO_02171
N0.HOG0004266	OG0004030	-	WP_046463894.1	DAKCFMEO_05019
N0.HOG0004267	OG0004031	-	WP_046463895.1	DAKCFMEO_04994
N0.HOG0004268	OG0004032	-	WP_046463903.1	DAKCFMEO_00949
N0.HOG0004269	OG0004033	-	WP_046463906.1	DAKCFMEO_01413
N0.HOG0004270	OG0004034	-	WP_046463915.1	DAKCFMEO_02444
N0.HOG0004271	OG0004035	-	WP_046463917.1	DAKCFMEO_00839
N0.HOG0004272	OG0004036	-	WP_046463918.1	DAKCFMEO_02423
N0.HOG0004273	OG0004037	-	WP_046463922.1	DAKCFMEO_02339
N0.HOG0004274	OG0004038	-	WP_046463924.1	DAKCFMEO_02240
N0.HOG0004275	OG0004039	-	WP_046463925.1	DAKCFMEO_00001
N0.HOG0004276	OG0004040	-	WP_046463928.1	DAKCFMEO_04224
N0.HOG0004277	OG0004041	-	WP_046463929.1	DAKCFMEO_04211
N0.HOG0004278	OG0004042	-	WP_046463930.1	DAKCFMEO_00025
N0.HOG0004279	OG0004043	-	WP_046463932.1	DAKCFMEO_00063
N0.HOG0004280	OG0004044	-	WP_046463952.1	DAKCFMEO_02833
N0.HOG0004281	OG0004045	-	WP_046463953.1	DAKCFMEO_02837
N0.HOG0004282	OG0004046	-	WP_046463955.1	DAKCFMEO_02841
N0.HOG0004283	OG0004047	-	WP_046463957.1	DAKCFMEO_02853
N0.HOG0004284	OG0004048	-	WP_046463963.1	DAKCFMEO_02851
N0.HOG0004285	OG0004049	-	WP_164923180.1, WP_046463967.1	
N0.HOG0004286	OG0004050	-	WP_046464003.1	DAKCFMEO_00771
N0.HOG0004287	OG0004051	-	WP_046464006.1	DAKCFMEO_00823
N0.HOG0004288	OG0004052	-	WP_046464008.1	DAKCFMEO_02575
N0.HOG0004289	OG0004053	-	WP_046464012.1	DAKCFMEO_01625
N0.HOG0004290	OG0004054	-	WP_046464026.1	DAKCFMEO_01589
N0.HOG0004291	OG0004055	-	WP_046464027.1	DAKCFMEO_01583
N0.HOG0004292	OG0004056	-	WP_046464039.1	DAKCFMEO_02680
N0.HOG0004293	OG0004057	-	WP_046464043.1	DAKCFMEO_02664
N0.HOG0004294	OG0004058	-	WP_052507194.1	DAKCFMEO_01887
N0.HOG0004295	OG0004059	-	WP_052746254.1	DAKCFMEO_01891
N0.HOG0004296	OG0004060	-	WP_052746260.1, WP_159229481.1	
N0.HOG0004297	OG0004061	-	WP_057443127.1	DAKCFMEO_03746
N0.HOG0004298	OG0004062	-	WP_057443174.1	DAKCFMEO_04246
N0.HOG0004299	OG0004063	-	WP_057443183.1	DAKCFMEO_02908
N0.HOG0004300	OG0004064	-	WP_057443202.1	DAKCFMEO_05247
N0.HOG0004301	OG0004065	-	WP_057443217.1	DAKCFMEO_03085
N0.HOG0004302	OG0004066	-	WP_057443274.1	DAKCFMEO_02591
N0.HOG0004303	OG0004067	-	WP_057443298.1	DAKCFMEO_02093
N0.HOG0004304	OG0004068	-	WP_074842212.1	DAKCFMEO_00462
N0.HOG0004305	OG0004069	-	WP_074843309.1	DAKCFMEO_02003
N0.HOG0004306	OG0004070	-	WP_074845927.1	DAKCFMEO_01743
N0.HOG0004307	OG0004071	-	WP_080546580.1	DAKCFMEO_03278
N0.HOG0004308	OG0004072	-	WP_080898547.1	DAKCFMEO_03784
N0.HOG0004309	OG0004073	-	WP_080898792.1	DAKCFMEO_00807
N0.HOG0004310	OG0004074	-	WP_080946553.1, WP_080946575.1	
N0.HOG0004311	OG0004075	-	WP_080946567.1	DAKCFMEO_03959
N0.HOG0004312	OG0004076	-	WP_080946587.1	DAKCFMEO_04916
N0.HOG0004313	OG0004077	-	WP_080946637.1	DAKCFMEO_01901
N0.HOG0004314	OG0004078	-	WP_081011124.1	DAKCFMEO_02108
N0.HOG0004315	OG0004079	-	WP_086000462.1	DAKCFMEO_03432
N0.HOG0004316	OG0004080	-	WP_096059895.1	DAKCFMEO_03238
N0.HOG0004317	OG0004081	-	WP_149032149.1	DAKCFMEO_04593
N0.HOG0004318	OG0004082	-	WP_164923176.1, WP_149032214.1	
N0.HOG0004319	OG0004083	-	WP_159229444.1, WP_165442254.1	
N0.HOG0004320	OG0004084	-	WP_161458274.1	DAKCFMEO_03602
N0.HOG0004321	OG0004085	-	WP_161633151.1	DAKCFMEO_04271
N0.HOG0004322	OG0004086	-	WP_161797764.1	DAKCFMEO_02217
N0.HOG0004323	OG0004087	-	WP_162273801.1, WP_161797769.1	
N0.HOG0004324	OG0004088	-	WP_161797770.1	DAKCFMEO_03255
N0.HOG0004325	OG0004089	-	WP_161797771.1	DAKCFMEO_00418
N0.HOG0004326	OG0004090	-	WP_161797773.1	DAKCFMEO_00688
N0.HOG0004327	OG0004091	-	WP_161797774.1	DAKCFMEO_00723
N0.HOG0004328	OG0004092	-	WP_161797778.1	DAKCFMEO_04176
N0.HOG0004329	OG0004093	-	WP_161797783.1	DAKCFMEO_02434
N0.HOG0004330	OG0004094	-	WP_161797784.1	DAKCFMEO_04803
N0.HOG0004331	OG0004095	-	WP_161797787.1, WP_161797813.1	
N0.HOG0004332	OG0004096	-	WP_161797789.1	DAKCFMEO_01354
N0.HOG0004333	OG0004097	-	WP_161797790.1	DAKCFMEO_03435
N0.HOG0004334	OG0004098	-	WP_161797805.1	DAKCFMEO_05037
N0.HOG0004335	OG0004099	-	WP_161797807.1	DAKCFMEO_03362
N0.HOG0004336	OG0004100	-	WP_161797808.1	DAKCFMEO_04516
N0.HOG0004337	OG0004101	-	WP_161797811.1	DAKCFMEO_02303
N0.HOG0004338	OG0004102	-	WP_161797812.1	DAKCFMEO_02286
N0.HOG0004339	OG0004103	-	WP_161797814.1	DAKCFMEO_00026
N0.HOG0004340	OG0004104	-	WP_161797817.1	DAKCFMEO_01888
N0.HOG0004341	OG0004105	-	WP_161797820.1	DAKCFMEO_02576
N0.HOG0004342	OG0004106	-	WP_161797821.1	DAKCFMEO_02191
N0.HOG0004343	OG0004107	-	WP_162491766.1	DAKCFMEO_03363
N0.HOG0004344	OG0004108	-	WP_162491836.1	DAKCFMEO_04467
N0.HOG0004345	OG0004109	-	WP_162839066.1	DAKCFMEO_00397
N0.HOG0004346	OG0004110	-	WP_162839068.1	DAKCFMEO_00890
N0.HOG0004347	OG0004111	-		DAKCFMEO_00354, DAKCFMEO_00353
N0.HOG0004348	OG0004112	-		DAKCFMEO_00973, DAKCFMEO_00697
N0.HOG0004349	OG0004113	-		DAKCFMEO_05288, DAKCFMEO_01136
N0.HOG0004350	OG0004114	-		DAKCFMEO_01890, DAKCFMEO_01274
N0.HOG0004351	OG0004115	-		DAKCFMEO_01275, DAKCFMEO_01889
N0.HOG0004352	OG0004116	-		DAKCFMEO_01314, DAKCFMEO_02475
N0.HOG0004353	OG0004117	-		DAKCFMEO_01711, DAKCFMEO_01710
N0.HOG0004354	OG0004118	-		DAKCFMEO_01729, DAKCFMEO_02898
N0.HOG0004355	OG0004119	-		DAKCFMEO_02248, DAKCFMEO_01803
N0.HOG0004356	OG0004120	-		DAKCFMEO_04729, DAKCFMEO_02598
N0.HOG0004357	OG0004121	-		DAKCFMEO_03484, DAKCFMEO_05273
N0.HOG0004358	OG0004122	-		DAKCFMEO_05245, DAKCFMEO_03675
N0.HOG0004359	OG0004123	-		DAKCFMEO_03832, DAKCFMEO_03829
N0.HOG0004360	OG0004124	-		DAKCFMEO_04428, DAKCFMEO_04421
N0.HOG0004361	OG0004125	-		DAKCFMEO_04597, DAKCFMEO_04596
